date,open,high,low,close,adj_close,volume,ticker,adj_factor
2018-01-02,8300.0,8400.0,8150.0,8200.0,4977.8427734375,24661300,ASII.JK,0.6070539967606707
2018-01-03,8250.0,8250.0,8000.0,8050.0,4886.78369140625,40976100,ASII.JK,0.607053874708851
2018-01-04,8075.0,8225.0,8050.0,8225.0,4993.01904296875,30604400,ASII.JK,0.607053986987082
2018-01-05,8150.0,8300.0,8125.0,8300.0,5038.54833984375,18885300,ASII.JK,0.6070540168486446
2018-01-08,8300.0,8325.0,8200.0,8300.0,5038.54833984375,17178400,ASII.JK,0.6070540168486446
2018-01-09,8300.0,8300.0,8150.0,8175.0,4962.66552734375,23323800,ASII.JK,0.6070538871368502
2018-01-10,8275.0,8300.0,8175.0,8275.0,5023.37255859375,29616100,ASII.JK,0.6070540856306647
2018-01-11,8275.0,8275.0,8125.0,8250.0,5008.1953125,19294700,ASII.JK,0.6070539772727273
2018-01-12,8200.0,8250.0,8175.0,8175.0,4962.66552734375,15456000,ASII.JK,0.6070538871368502
2018-01-15,8175.0,8200.0,8125.0,8175.0,4962.66552734375,12912900,ASII.JK,0.6070538871368502
2018-01-16,8200.0,8250.0,8125.0,8225.0,4993.01904296875,25472200,ASII.JK,0.607053986987082
2018-01-17,8150.0,8300.0,8125.0,8200.0,4977.8427734375,44342900,ASII.JK,0.6070539967606707
2018-01-18,8275.0,8300.0,8200.0,8300.0,5038.54833984375,41790200,ASII.JK,0.6070540168486446
2018-01-19,8300.0,8350.0,8250.0,8350.0,5068.90087890625,28789700,ASII.JK,0.6070539974738024
2018-01-22,8350.0,8350.0,8200.0,8250.0,5008.1953125,40680600,ASII.JK,0.6070539772727273
2018-01-23,8300.0,8525.0,8250.0,8525.0,5175.13623046875,39074200,ASII.JK,0.6070541032807918
2018-01-24,8525.0,8750.0,8450.0,8725.0,5296.54638671875,36840200,ASII.JK,0.6070540271310888
2018-01-25,8675.0,8750.0,8625.0,8725.0,5296.54638671875,27585500,ASII.JK,0.6070540271310888
2018-01-26,8725.0,8725.0,8500.0,8625.0,5235.8408203125,24505100,ASII.JK,0.6070540081521739
2018-01-29,8650.0,8675.0,8500.0,8650.0,5251.017578125,17150200,ASII.JK,0.6070540552745665
2018-01-30,8650.0,8650.0,8400.0,8425.0,5114.42919921875,23643200,ASII.JK,0.6070539108864985
2018-01-31,8400.0,8700.0,8375.0,8500.0,5159.95947265625,29112000,ASII.JK,0.6070540556066176
2018-02-01,8525.0,8750.0,8525.0,8575.0,5205.48779296875,31700800,ASII.JK,0.6070539700255102
2018-02-02,8700.0,8750.0,8625.0,8700.0,5281.3701171875,24482800,ASII.JK,0.6070540364583333
2018-02-05,8500.0,8650.0,8450.0,8525.0,5175.13623046875,23045600,ASII.JK,0.6070541032807918
2018-02-06,8350.0,8475.0,8350.0,8425.0,5114.42919921875,33410900,ASII.JK,0.6070539108864985
2018-02-07,8500.0,8600.0,8375.0,8450.0,5129.6064453125,31215400,ASII.JK,0.6070540171967456
2018-02-08,8500.0,8525.0,8350.0,8375.0,5084.07763671875,28406900,ASII.JK,0.6070540461753732
2018-02-09,8250.0,8350.0,8175.0,8200.0,4977.8427734375,64748600,ASII.JK,0.6070539967606707
2018-02-12,8300.0,8300.0,8200.0,8200.0,4977.8427734375,20368800,ASII.JK,0.6070539967606707
2018-02-13,8200.0,8300.0,8200.0,8275.0,5023.37255859375,30608200,ASII.JK,0.6070540856306647
2018-02-14,8275.0,8375.0,8275.0,8375.0,5084.07763671875,24033700,ASII.JK,0.6070540461753732
2018-02-15,8425.0,8425.0,8275.0,8275.0,5023.37255859375,14832000,ASII.JK,0.6070540856306647
2018-02-19,8350.0,8425.0,8300.0,8425.0,5114.42919921875,22998500,ASII.JK,0.6070539108864985
2018-02-20,8350.0,8375.0,8250.0,8300.0,5038.54833984375,17276200,ASII.JK,0.6070540168486446
2018-02-21,8325.0,8350.0,8125.0,8175.0,4962.66552734375,43896000,ASII.JK,0.6070538871368502
2018-02-22,8200.0,8225.0,8000.0,8000.0,4856.4326171875,33253700,ASII.JK,0.6070540771484375
2018-02-23,8125.0,8250.0,8100.0,8200.0,4977.8427734375,29457600,ASII.JK,0.6070539967606707
2018-02-26,8200.0,8225.0,8050.0,8100.0,4917.1376953125,23816800,ASII.JK,0.6070540364583333
2018-02-27,8100.0,8200.0,8075.0,8200.0,4977.8427734375,23718200,ASII.JK,0.6070539967606707
2018-02-28,8175.0,8175.0,8075.0,8075.0,4901.9619140625,45102600,ASII.JK,0.607054107004644
2018-03-01,8100.0,8175.0,8075.0,8075.0,4901.9619140625,25963100,ASII.JK,0.607054107004644
2018-03-02,8075.0,8150.0,8025.0,8150.0,4947.490234375,15833800,ASII.JK,0.60705401648773
2018-03-05,8175.0,8175.0,8075.0,8150.0,4947.490234375,19421500,ASII.JK,0.60705401648773
2018-03-06,8200.0,8200.0,8025.0,8050.0,4886.78369140625,29864500,ASII.JK,0.607053874708851
2018-03-07,8000.0,8025.0,7775.0,7825.0,4750.19775390625,56371600,ASII.JK,0.6070540260583067
2018-03-08,7925.0,7925.0,7775.0,7850.0,4765.37353515625,45172700,ASII.JK,0.6070539535230892
2018-03-09,7900.0,7900.0,7750.0,7775.0,4719.84521484375,26855700,ASII.JK,0.6070540469252411
2018-03-12,7850.0,7875.0,7775.0,7800.0,4735.02099609375,34352400,ASII.JK,0.6070539738581731
2018-03-13,7775.0,7775.0,7675.0,7700.0,4674.31591796875,29718200,ASII.JK,0.6070540153206169
2018-03-14,7650.0,7725.0,7575.0,7575.0,4598.4345703125,25878500,ASII.JK,0.6070540686881188
2018-03-15,7525.0,7575.0,7425.0,7450.0,4522.5517578125,38893700,ASII.JK,0.6070539272231543
2018-03-16,7450.0,7525.0,7350.0,7450.0,4522.5517578125,93558800,ASII.JK,0.6070539272231543
2018-03-19,7450.0,7475.0,7250.0,7275.0,4416.31787109375,44260000,ASII.JK,0.6070540028994845
2018-03-20,7225.0,7350.0,7200.0,7300.0,4431.494140625,53047800,ASII.JK,0.6070539918664384
2018-03-21,7350.0,7350.0,7275.0,7300.0,4431.494140625,41451100,ASII.JK,0.6070539918664384
2018-03-22,7350.0,7450.0,7325.0,7350.0,4461.8466796875,40302400,ASII.JK,0.6070539700255102
2018-03-23,7050.0,7275.0,7050.0,7275.0,4416.31787109375,38206300,ASII.JK,0.6070540028994845
2018-03-26,7275.0,7275.0,7175.0,7225.0,4385.96435546875,22640900,ASII.JK,0.6070538900302768
2018-03-27,7300.0,7375.0,7250.0,7300.0,4431.494140625,24060300,ASII.JK,0.6070539918664384
2018-03-28,7225.0,7250.0,7075.0,7100.0,4310.08251953125,32341200,ASII.JK,0.6070538759903169
2018-03-29,7175.0,7325.0,7050.0,7300.0,4431.494140625,40859700,ASII.JK,0.6070539918664384
2018-04-02,7350.0,7600.0,7300.0,7550.0,4583.2578125,30899400,ASII.JK,0.6070540149006622
2018-04-03,7500.0,7750.0,7450.0,7675.0,4659.13916015625,30007800,ASII.JK,0.607053962235342
2018-04-04,7675.0,7675.0,7475.0,7575.0,4598.4345703125,22563400,ASII.JK,0.6070540686881188
2018-04-05,7625.0,7650.0,7475.0,7600.0,4613.6103515625,16561500,ASII.JK,0.6070539936266447
2018-04-06,7600.0,7600.0,7525.0,7525.0,4568.08154296875,8268700,ASII.JK,0.6070540256436877
2018-04-09,7550.0,7750.0,7550.0,7750.0,4704.66845703125,17097200,ASII.JK,0.6070539944556451
2018-04-10,7700.0,7850.0,7675.0,7825.0,4750.19775390625,27654600,ASII.JK,0.6070540260583067
2018-04-11,7875.0,7975.0,7850.0,7950.0,4826.07958984375,34716800,ASII.JK,0.6070540364583333
2018-04-12,7850.0,7925.0,7700.0,7725.0,4689.49267578125,26558600,ASII.JK,0.6070540680622978
2018-04-13,7750.0,7825.0,7525.0,7525.0,4568.08154296875,17816300,ASII.JK,0.6070540256436877
2018-04-18,7625.0,7625.0,7475.0,7525.0,4568.08154296875,23356500,ASII.JK,0.6070540256436877
2018-04-23,7600.0,7600.0,7475.0,7475.0,4537.72802734375,12648900,ASII.JK,0.607053916701505
2018-04-24,7400.0,7475.0,7300.0,7325.0,4446.67138671875,33995200,ASII.JK,0.6070541142278157
2018-04-30,7275.0,7300.0,7150.0,7150.0,4340.435546875,20489400,ASII.JK,0.6070539226398601
2018-05-02,7200.0,7375.0,7150.0,7375.0,4477.02294921875,28029500,ASII.JK,0.6070539592161017
2018-05-03,7375.0,7400.0,7275.0,7275.0,4416.31787109375,38116700,ASII.JK,0.6070540028994845
2018-05-04,7200.0,7300.0,7125.0,7250.0,4481.21826171875,20155100,ASII.JK,0.6180990705818965
2018-05-07,7300.0,7300.0,7050.0,7075.0,4373.05078125,24167400,ASII.JK,0.6180990503533569
2018-05-08,7075.0,7100.0,6825.0,6950.0,4295.78955078125,45877500,ASII.JK,0.6180992159397481
2018-05-09,6800.0,7125.0,6800.0,7100.0,4388.50341796875,51249600,ASII.JK,0.6180990729533451
2018-05-11,7150.0,7200.0,7050.0,7050.0,4357.5986328125,21370800,ASII.JK,0.6180990968528369
2018-05-14,6950.0,7100.0,6950.0,7025.0,4342.14599609375,28081600,ASII.JK,0.6180990741770462
2018-05-15,7025.0,7100.0,6925.0,6925.0,4280.3359375,30656400,ASII.JK,0.6180990523465704
2018-05-16,6900.0,6925.0,6650.0,6900.0,4264.88427734375,39298500,ASII.JK,0.618099170629529
2018-05-17,6900.0,6925.0,6725.0,6725.0,4156.71630859375,31996300,ASII.JK,0.6180990793447956
2018-05-18,6800.0,6800.0,6525.0,6525.0,4033.096435546875,32946300,ASII.JK,0.6180990705818965
2018-05-21,6600.0,6675.0,6525.0,6525.0,4033.096435546875,19666000,ASII.JK,0.6180990705818965
2018-05-22,6575.0,7000.0,6550.0,6950.0,4295.78955078125,52564600,ASII.JK,0.6180992159397481
2018-05-23,7000.0,7225.0,6950.0,7000.0,4326.693359375,46432300,ASII.JK,0.6180990513392857
2018-05-24,7150.0,7300.0,7125.0,7225.0,4465.76513671875,31517700,ASII.JK,0.6180989808607267
2018-05-25,7275.0,7275.0,7050.0,7250.0,4481.21826171875,23149300,ASII.JK,0.6180990705818965
2018-05-28,7100.0,7300.0,7100.0,7175.0,4434.861328125,20768800,ASII.JK,0.6180991398083624
2018-05-30,7125.0,7200.0,6950.0,7000.0,4326.693359375,38264900,ASII.JK,0.6180990513392857
2018-05-31,7075.0,7150.0,6850.0,6900.0,4264.88427734375,99330400,ASII.JK,0.618099170629529
2018-06-04,7050.0,7100.0,6975.0,7000.0,4326.693359375,29071700,ASII.JK,0.6180990513392857
2018-06-05,6950.0,7050.0,6950.0,7000.0,4326.693359375,32973400,ASII.JK,0.6180990513392857
2018-06-06,7000.0,7025.0,6950.0,6975.0,4311.240234375,27978000,ASII.JK,0.6180989583333333
2018-06-07,7000.0,7025.0,6950.0,6975.0,4311.240234375,34005400,ASII.JK,0.6180989583333333
2018-06-08,6875.0,6975.0,6875.0,6900.0,4264.88427734375,82723800,ASII.JK,0.618099170629529
2018-06-20,6850.0,6950.0,6625.0,6950.0,4295.78955078125,94750500,ASII.JK,0.6180992159397481
2018-06-21,7100.0,7100.0,6675.0,6675.0,4125.810546875,40710000,ASII.JK,0.6180989583333333
2018-06-22,6675.0,6675.0,6575.0,6600.0,4079.4541015625,30220100,ASII.JK,0.6180991062973484
2018-06-25,6700.0,6725.0,6575.0,6600.0,4079.4541015625,35216300,ASII.JK,0.6180991062973484
2018-06-26,6550.0,6800.0,6550.0,6700.0,4141.26416015625,21592800,ASII.JK,0.6180991283815298
2018-06-27,6725.0,6750.0,6425.0,6425.0,3971.28662109375,26041600,ASII.JK,0.6180990849951362
2018-06-28,6425.0,6475.0,6275.0,6350.0,3924.92919921875,47122000,ASII.JK,0.6180990864911418
2018-06-29,6400.0,6600.0,6375.0,6600.0,4079.4541015625,44077400,ASII.JK,0.6180991062973484
2018-07-02,6650.0,6650.0,6250.0,6250.0,3863.11962890625,30044400,ASII.JK,0.618099140625
2018-07-03,6250.0,6400.0,6100.0,6100.0,3770.404052734375,31918600,ASII.JK,0.6180990250384222
2018-07-04,6175.0,6425.0,6125.0,6250.0,3863.11962890625,26706500,ASII.JK,0.618099140625
2018-07-05,6200.0,6375.0,6200.0,6300.0,3894.0244140625,10071000,ASII.JK,0.618099113343254
2018-07-06,6375.0,6375.0,6250.0,6300.0,3894.0244140625,12516100,ASII.JK,0.618099113343254
2018-07-09,6350.0,6400.0,6250.0,6325.0,3909.476806640625,17337000,ASII.JK,0.6180990998641305
2018-07-10,6450.0,6550.0,6350.0,6350.0,3924.92919921875,36086900,ASII.JK,0.6180990864911418
2018-07-11,6300.0,6625.0,6275.0,6625.0,4094.90625,29415100,ASII.JK,0.6180990566037736
2018-07-12,6575.0,6700.0,6550.0,6675.0,4125.810546875,22465500,ASII.JK,0.6180989583333333
2018-07-13,6750.0,6825.0,6650.0,6800.0,4203.07373046875,27647800,ASII.JK,0.6180990780101103
2018-07-16,6700.0,6725.0,6550.0,6700.0,4141.26416015625,16831500,ASII.JK,0.6180991283815298
2018-07-17,6550.0,6675.0,6500.0,6625.0,4094.90625,15901500,ASII.JK,0.6180990566037736
2018-07-18,6700.0,6750.0,6575.0,6650.0,4110.3583984375,19002100,ASII.JK,0.6180990072838346
2018-07-19,6650.0,6750.0,6650.0,6700.0,4141.26416015625,27562100,ASII.JK,0.6180991283815298
2018-07-20,6700.0,6750.0,6575.0,6675.0,4125.810546875,22005400,ASII.JK,0.6180989583333333
2018-07-23,6750.0,6750.0,6675.0,6675.0,4125.810546875,13735600,ASII.JK,0.6180989583333333
2018-07-24,6625.0,6750.0,6625.0,6650.0,4110.3583984375,8932500,ASII.JK,0.6180990072838346
2018-07-25,6725.0,6900.0,6650.0,6875.0,4249.43115234375,15946900,ASII.JK,0.6180990767045454
2018-07-26,6925.0,6950.0,6650.0,6675.0,4125.810546875,20823800,ASII.JK,0.6180989583333333
2018-07-27,6700.0,7000.0,6700.0,6975.0,4311.240234375,31156700,ASII.JK,0.6180989583333333
2018-07-30,7000.0,7100.0,6900.0,7100.0,4388.50341796875,21379900,ASII.JK,0.6180990729533451
2018-07-31,7050.0,7150.0,6975.0,7150.0,4419.408203125,25841400,ASII.JK,0.6180990493881119
2018-08-01,7150.0,7475.0,7150.0,7475.0,4620.2900390625,53935800,ASII.JK,0.6180990018812709
2018-08-02,7500.0,7500.0,7300.0,7300.0,4512.12353515625,19141400,ASII.JK,0.6180991144049658
2018-08-03,7275.0,7300.0,7050.0,7125.0,4403.95556640625,24035700,ASII.JK,0.6180990268640351
2018-08-06,7250.0,7475.0,7200.0,7425.0,4589.3857421875,37077600,ASII.JK,0.6180990898569023
2018-08-07,7475.0,7475.0,7325.0,7375.0,4558.47998046875,23222200,ASII.JK,0.6180989804025424
2018-08-08,7400.0,7450.0,7325.0,7425.0,4589.3857421875,16794100,ASII.JK,0.6180990898569023
2018-08-09,7300.0,7525.0,7300.0,7500.0,4635.7431640625,17331500,ASII.JK,0.6180990885416666
2018-08-10,7450.0,7475.0,7325.0,7400.0,4573.93359375,16288400,ASII.JK,0.6180991342905405
2018-08-13,7275.0,7275.0,7075.0,7100.0,4388.50341796875,25732900,ASII.JK,0.6180990729533451
2018-08-14,7075.0,7225.0,6825.0,6825.0,4218.5263671875,34274000,ASII.JK,0.6180991014194139
2018-08-15,6900.0,7050.0,6600.0,6975.0,4311.240234375,44615000,ASII.JK,0.6180989583333333
2018-08-16,6975.0,7250.0,6850.0,7100.0,4388.50341796875,21705200,ASII.JK,0.6180990729533451
2018-08-20,7250.0,7400.0,7150.0,7400.0,4573.93359375,44690500,ASII.JK,0.6180991342905405
2018-08-21,7400.0,7475.0,7325.0,7475.0,4620.2900390625,20659500,ASII.JK,0.6180990018812709
2018-08-23,7475.0,7525.0,7300.0,7425.0,4589.3857421875,30246600,ASII.JK,0.6180990898569023
2018-08-24,7375.0,7450.0,7275.0,7375.0,4558.47998046875,15617800,ASII.JK,0.6180989804025424
2018-08-27,7375.0,7600.0,7350.0,7575.0,4682.10107421875,32820400,ASII.JK,0.6180991517120462
2018-08-28,7575.0,7600.0,7350.0,7350.0,4543.02783203125,17798200,ASII.JK,0.6180990247661564
2018-08-29,7450.0,7550.0,7375.0,7475.0,4620.2900390625,26083000,ASII.JK,0.6180990018812709
2018-08-30,7500.0,7500.0,7350.0,7475.0,4620.2900390625,15151400,ASII.JK,0.6180990018812709
2018-08-31,7400.0,7400.0,7200.0,7250.0,4481.21826171875,40829300,ASII.JK,0.6180990705818965
2018-09-03,7275.0,7275.0,7075.0,7100.0,4388.50341796875,25016000,ASII.JK,0.6180990729533451
2018-09-04,7100.0,7100.0,7000.0,7075.0,4373.05078125,30739500,ASII.JK,0.6180990503533569
2018-09-05,6900.0,6950.0,6725.0,6775.0,4187.62109375,52098900,ASII.JK,0.6180990544280442
2018-09-06,6675.0,6875.0,6600.0,6800.0,4203.07373046875,60188600,ASII.JK,0.6180990780101103
2018-09-07,6900.0,7175.0,6825.0,7175.0,4434.861328125,42928600,ASII.JK,0.6180991398083624
2018-09-10,7125.0,7175.0,6975.0,7175.0,4434.861328125,21884300,ASII.JK,0.6180991398083624
2018-09-12,7175.0,7275.0,7125.0,7125.0,4403.95556640625,27126400,ASII.JK,0.6180990268640351
2018-09-13,7275.0,7275.0,7000.0,7075.0,4373.05078125,22644700,ASII.JK,0.6180990503533569
2018-09-14,7075.0,7225.0,7050.0,7225.0,4465.76513671875,17697900,ASII.JK,0.6180989808607267
2018-09-17,7125.0,7125.0,6950.0,6950.0,4295.78955078125,15380700,ASII.JK,0.6180992159397481
2018-09-18,6925.0,7125.0,6875.0,7025.0,4342.14599609375,31839500,ASII.JK,0.6180990741770462
2018-09-19,7100.0,7400.0,7100.0,7400.0,4573.93359375,28048600,ASII.JK,0.6180991342905405
2018-09-20,7400.0,7575.0,7325.0,7500.0,4635.7431640625,37420600,ASII.JK,0.6180990885416666
2018-09-21,7475.0,7475.0,7225.0,7250.0,4481.21826171875,48533000,ASII.JK,0.6180990705818965
2018-09-24,7200.0,7225.0,7075.0,7125.0,4403.95556640625,24764900,ASII.JK,0.6180990268640351
2018-09-25,7100.0,7200.0,7075.0,7200.0,4450.3125,14404300,ASII.JK,0.6180989583333333
2018-09-26,7200.0,7425.0,7200.0,7350.0,4543.02783203125,25803300,ASII.JK,0.6180990247661564
2018-09-27,7225.0,7375.0,7200.0,7375.0,4558.47998046875,29349300,ASII.JK,0.6180989804025424
2018-09-28,7275.0,7450.0,7275.0,7350.0,4543.02783203125,31995300,ASII.JK,0.6180990247661564
2018-10-01,7225.0,7475.0,7225.0,7325.0,4527.57568359375,14131300,ASII.JK,0.6180990694325939
2018-10-02,7450.0,7450.0,7125.0,7200.0,4450.3125,19915100,ASII.JK,0.6180989583333333
2018-10-03,7250.0,7275.0,7175.0,7200.0,4450.3125,16575900,ASII.JK,0.6180989583333333
2018-10-04,7125.0,7150.0,7025.0,7075.0,4373.05078125,19705600,ASII.JK,0.6180990503533569
2018-10-05,6975.0,7050.0,6900.0,6950.0,4332.5302734375,25996300,ASII.JK,0.6233856508543165
2018-10-08,6900.0,6975.0,6850.0,6850.0,4270.19287109375,19133100,ASII.JK,0.6233858205976277
2018-10-09,6975.0,7025.0,6850.0,7025.0,4379.28466796875,17361000,ASII.JK,0.6233857178603203
2018-10-10,7000.0,7050.0,6900.0,6950.0,4332.5302734375,17102700,ASII.JK,0.6233856508543165
2018-10-11,6800.0,6825.0,6700.0,6725.0,4192.26904296875,40456500,ASII.JK,0.6233857312964683
2018-10-12,6775.0,6925.0,6775.0,6850.0,4270.19287109375,28756200,ASII.JK,0.6233858205976277
2018-10-15,6850.0,6925.0,6825.0,6850.0,4270.19287109375,18822300,ASII.JK,0.6233858205976277
2018-10-16,6900.0,6975.0,6825.0,6975.0,4348.1162109375,18553300,ASII.JK,0.6233858366935484
2018-10-17,7075.0,7100.0,6975.0,7025.0,4379.28466796875,23333900,ASII.JK,0.6233857178603203
2018-10-18,7025.0,7025.0,6950.0,7025.0,4379.28466796875,12591900,ASII.JK,0.6233857178603203
2018-10-19,7000.0,7350.0,6975.0,7300.0,4550.7158203125,48440500,ASII.JK,0.6233857288099315
2018-10-22,7275.0,7300.0,7200.0,7275.0,4535.13134765625,22418400,ASII.JK,0.6233857522551547
2018-10-23,7200.0,7375.0,7125.0,7350.0,4581.88525390625,38954800,ASII.JK,0.6233857488307823
2018-10-24,7350.0,7450.0,7300.0,7300.0,4550.7158203125,36406600,ASII.JK,0.6233857288099315
2018-10-25,7100.0,7375.0,7100.0,7375.0,4597.46923828125,26522600,ASII.JK,0.6233856594279661
2018-10-26,7375.0,7425.0,7275.0,7425.0,4628.638671875,22297400,ASII.JK,0.6233856797138048
2018-10-29,7475.0,7625.0,7450.0,7500.0,4675.39306640625,50786300,ASII.JK,0.6233857421875
2018-10-30,7500.0,7750.0,7450.0,7700.0,4800.06982421875,39056900,ASII.JK,0.6233856914569805
2018-10-31,7725.0,7900.0,7700.0,7900.0,4924.74658203125,46586400,ASII.JK,0.6233856432950949
2018-11-01,7925.0,8050.0,7900.0,8050.0,5018.25537109375,59367100,ASII.JK,0.6233857603843168
2018-11-02,8150.0,8200.0,8050.0,8175.0,5096.17822265625,58720200,ASII.JK,0.623385715309633
2018-11-05,8150.0,8250.0,8050.0,8250.0,5142.931640625,32945600,ASII.JK,0.6233856534090909
2018-11-06,8250.0,8250.0,7975.0,8100.0,5049.4248046875,40294600,ASII.JK,0.6233857783564815
2018-11-07,8125.0,8325.0,8050.0,8225.0,5127.34814453125,44005500,ASII.JK,0.6233857926481763
2018-11-08,8300.0,8425.0,8150.0,8200.0,5111.76220703125,48031900,ASII.JK,0.623385635003811
2018-11-09,8200.0,8250.0,8100.0,8175.0,5096.17822265625,26391600,ASII.JK,0.623385715309633
2018-11-12,8050.0,8125.0,7875.0,7875.0,4909.16259765625,27601900,ASII.JK,0.6233857266865079
2018-11-13,7850.0,8100.0,7825.0,8000.0,4987.08544921875,40483500,ASII.JK,0.6233856811523437
2018-11-14,8200.0,8300.0,8100.0,8175.0,5096.17822265625,35668500,ASII.JK,0.623385715309633
2018-11-15,8325.0,8525.0,8275.0,8525.0,5314.36376953125,59979400,ASII.JK,0.6233857794171555
2018-11-16,8500.0,8575.0,8400.0,8550.0,5329.947265625,45617600,ASII.JK,0.6233856451023392
2018-11-19,8550.0,8550.0,8400.0,8500.0,5298.77880859375,26364000,ASII.JK,0.6233857421875
2018-11-21,8300.0,8575.0,8275.0,8450.0,5267.60888671875,27715700,ASII.JK,0.6233856670673077
2018-11-22,8250.0,8475.0,8250.0,8450.0,5267.60888671875,21296200,ASII.JK,0.6233856670673077
2018-11-23,8400.0,8425.0,8300.0,8400.0,5236.43994140625,7150800,ASII.JK,0.6233857073102679
2018-11-26,8375.0,8425.0,8325.0,8325.0,5189.68603515625,18712300,ASII.JK,0.6233857099286787
2018-11-27,8225.0,8450.0,8225.0,8400.0,5236.43994140625,21522600,ASII.JK,0.6233857073102679
2018-11-28,8400.0,8400.0,8175.0,8400.0,5236.43994140625,40728200,ASII.JK,0.6233857073102679
2018-11-29,8450.0,8575.0,8400.0,8475.0,5283.19482421875,46667000,ASII.JK,0.6233858199668142
2018-11-30,8575.0,8625.0,8375.0,8550.0,5329.947265625,69165200,ASII.JK,0.6233856451023392
2018-12-03,8700.0,8775.0,8525.0,8600.0,5361.11767578125,44652600,ASII.JK,0.6233857762536337
2018-12-04,8600.0,8600.0,8425.0,8525.0,5314.36376953125,50127600,ASII.JK,0.6233857794171555
2018-12-05,8400.0,8475.0,8250.0,8325.0,5189.68603515625,28909900,ASII.JK,0.6233857099286787
2018-12-06,8200.0,8250.0,8050.0,8100.0,5049.4248046875,55894200,ASII.JK,0.6233857783564815
2018-12-07,8100.0,8275.0,8075.0,8225.0,5127.34814453125,58677800,ASII.JK,0.6233857926481763
2018-12-10,8075.0,8175.0,8050.0,8150.0,5080.59326171875,23912000,ASII.JK,0.6233856762845092
2018-12-11,8150.0,8250.0,8150.0,8150.0,5080.59326171875,34673200,ASII.JK,0.6233856762845092
2018-12-12,8275.0,8275.0,8200.0,8250.0,5142.931640625,23533500,ASII.JK,0.6233856534090909
2018-12-13,8300.0,8625.0,8275.0,8450.0,5267.60888671875,57420600,ASII.JK,0.6233856670673077
2018-12-14,8500.0,8500.0,8400.0,8450.0,5267.60888671875,36739100,ASII.JK,0.6233856670673077
2018-12-17,8450.0,8450.0,8250.0,8300.0,5174.1015625,37179000,ASII.JK,0.6233857304216868
2018-12-18,8200.0,8375.0,8200.0,8375.0,5220.85498046875,27136700,ASII.JK,0.6233856693097015
2018-12-19,8350.0,8450.0,8325.0,8425.0,5252.02490234375,29886700,ASII.JK,0.6233857450853115
2018-12-20,8325.0,8525.0,8325.0,8475.0,5283.19482421875,24652800,ASII.JK,0.6233858199668142
2018-12-21,8450.0,8450.0,8300.0,8425.0,5252.02490234375,31157200,ASII.JK,0.6233857450853115
2018-12-26,8250.0,8300.0,8125.0,8125.0,5065.0087890625,19355100,ASII.JK,0.6233856971153846
2018-12-27,8300.0,8325.0,8175.0,8225.0,5127.34814453125,25748300,ASII.JK,0.6233857926481763
2018-12-28,8275.0,8400.0,8225.0,8225.0,5127.34814453125,24480400,ASII.JK,0.6233857926481763
2019-01-02,8200.0,8275.0,8125.0,8200.0,5111.76220703125,14014100,ASII.JK,0.623385635003811
2019-01-03,8100.0,8400.0,8100.0,8375.0,5220.85498046875,25148400,ASII.JK,0.6233856693097015
2019-01-04,8400.0,8450.0,8200.0,8350.0,5205.2705078125,32475900,ASII.JK,0.6233856895583832
2019-01-07,8450.0,8475.0,8150.0,8150.0,5080.59326171875,32649700,ASII.JK,0.6233856762845092
2019-01-08,8150.0,8225.0,8125.0,8175.0,5096.17822265625,29130800,ASII.JK,0.623385715309633
2019-01-09,8225.0,8275.0,8150.0,8200.0,5111.76220703125,42977800,ASII.JK,0.623385635003811
2019-01-10,8175.0,8200.0,7950.0,8200.0,5111.76220703125,76803900,ASII.JK,0.623385635003811
2019-01-11,8300.0,8300.0,8225.0,8300.0,5174.1015625,32212200,ASII.JK,0.6233857304216868
2019-01-14,8225.0,8225.0,8050.0,8150.0,5080.59326171875,40449800,ASII.JK,0.6233856762845092
2019-01-15,8150.0,8150.0,8050.0,8150.0,5080.59326171875,56524700,ASII.JK,0.6233856762845092
2019-01-16,8175.0,8250.0,8125.0,8250.0,5142.931640625,33593600,ASII.JK,0.6233856534090909
2019-01-17,8250.0,8325.0,8200.0,8275.0,5158.5166015625,38888100,ASII.JK,0.623385692031722
2019-01-18,8300.0,8475.0,8275.0,8475.0,5283.19482421875,45180500,ASII.JK,0.6233858199668142
2019-01-21,8475.0,8550.0,8300.0,8325.0,5189.68603515625,39949600,ASII.JK,0.6233857099286787
2019-01-22,8375.0,8375.0,8150.0,8200.0,5111.76220703125,33129500,ASII.JK,0.623385635003811
2019-01-23,8200.0,8275.0,8175.0,8175.0,5096.17822265625,26554900,ASII.JK,0.623385715309633
2019-01-24,8225.0,8450.0,8225.0,8425.0,5252.02490234375,56764700,ASII.JK,0.6233857450853115
2019-01-25,8475.0,8475.0,8275.0,8425.0,5252.02490234375,27967500,ASII.JK,0.6233857450853115
2019-01-28,8450.0,8450.0,8275.0,8375.0,5220.85498046875,25672700,ASII.JK,0.6233856693097015
2019-01-29,8375.0,8400.0,8275.0,8375.0,5220.85498046875,34675500,ASII.JK,0.6233856693097015
2019-01-30,8275.0,8375.0,8225.0,8350.0,5205.2705078125,40835000,ASII.JK,0.6233856895583832
2019-01-31,8375.0,8450.0,8325.0,8450.0,5267.60888671875,49304900,ASII.JK,0.6233856670673077
2019-02-01,8475.0,8500.0,8350.0,8450.0,5267.60888671875,23915300,ASII.JK,0.6233856670673077
2019-02-04,8450.0,8475.0,8175.0,8200.0,5111.76220703125,27634200,ASII.JK,0.623385635003811
2019-02-06,8275.0,8350.0,8225.0,8225.0,5127.34814453125,28617900,ASII.JK,0.6233857926481763
2019-02-07,8225.0,8275.0,8150.0,8200.0,5111.76220703125,27500100,ASII.JK,0.623385635003811
2019-02-08,8150.0,8225.0,8100.0,8150.0,5080.59326171875,36834100,ASII.JK,0.6233856762845092
2019-02-11,8125.0,8150.0,8000.0,8000.0,4987.08544921875,34439900,ASII.JK,0.6233856811523437
2019-02-12,8000.0,8000.0,7650.0,7650.0,4768.90087890625,84655500,ASII.JK,0.6233857358047385
2019-02-13,7700.0,7775.0,7550.0,7675.0,4784.48583984375,60065900,ASII.JK,0.6233857771783388
2019-02-14,7775.0,7775.0,7550.0,7600.0,4737.7314453125,37462300,ASII.JK,0.6233857164884868
2019-02-15,7650.0,7650.0,7525.0,7600.0,4737.7314453125,51353000,ASII.JK,0.6233857164884868
2019-02-18,7725.0,7925.0,7700.0,7875.0,4909.16259765625,39041200,ASII.JK,0.6233857266865079
2019-02-19,7800.0,7875.0,7725.0,7775.0,4846.82470703125,24292900,ASII.JK,0.623385814409164
2019-02-20,7850.0,7875.0,7625.0,7775.0,4846.82470703125,46538800,ASII.JK,0.623385814409164
2019-02-21,7700.0,7725.0,7650.0,7700.0,4800.06982421875,41248700,ASII.JK,0.6233856914569805
2019-02-22,7650.0,7700.0,7575.0,7625.0,4753.31640625,32076500,ASII.JK,0.6233857581967213
2019-02-25,7625.0,7800.0,7575.0,7650.0,4768.90087890625,34983600,ASII.JK,0.6233857358047385
2019-02-26,7625.0,7675.0,7600.0,7600.0,4737.7314453125,29923400,ASII.JK,0.6233857164884868
2019-02-27,7650.0,7650.0,7525.0,7600.0,4737.7314453125,38903200,ASII.JK,0.6233857164884868
2019-02-28,7550.0,7550.0,7150.0,7150.0,4457.2080078125,119005400,ASII.JK,0.6233857353583916
2019-03-01,7250.0,7400.0,7225.0,7225.0,4503.9619140625,56265500,ASII.JK,0.623385732050173
2019-03-04,7200.0,7275.0,7150.0,7150.0,4457.2080078125,31484700,ASII.JK,0.6233857353583916
2019-03-05,7125.0,7375.0,7025.0,7300.0,4550.7158203125,60708500,ASII.JK,0.6233857288099315
2019-03-06,7400.0,7400.0,7275.0,7325.0,4566.30029296875,35643300,ASII.JK,0.623385705524744
2019-03-08,7200.0,7225.0,7150.0,7150.0,4457.2080078125,86989800,ASII.JK,0.6233857353583916
2019-03-11,7300.0,7300.0,7175.0,7225.0,4503.9619140625,33829300,ASII.JK,0.623385732050173
2019-03-12,7250.0,7350.0,7175.0,7175.0,4472.79248046875,36724200,ASII.JK,0.6233857115635888
2019-03-13,7100.0,7150.0,7100.0,7125.0,4441.623046875,35882400,ASII.JK,0.6233856907894737
2019-03-14,7125.0,7250.0,7125.0,7200.0,4488.37744140625,29057900,ASII.JK,0.6233857557508681
2019-03-15,7200.0,7375.0,7200.0,7325.0,4566.30029296875,39356200,ASII.JK,0.623385705524744
2019-03-18,7300.0,7375.0,7275.0,7325.0,4566.30029296875,32558100,ASII.JK,0.623385705524744
2019-03-19,7300.0,7325.0,7225.0,7275.0,4535.13134765625,40585700,ASII.JK,0.6233857522551547
2019-03-20,7300.0,7350.0,7225.0,7275.0,4535.13134765625,30377700,ASII.JK,0.6233857522551547
2019-03-21,7300.0,7325.0,7225.0,7250.0,4519.54638671875,31066900,ASII.JK,0.6233857085129311
2019-03-22,7275.0,7300.0,7225.0,7225.0,4503.9619140625,13387300,ASII.JK,0.623385732050173
2019-03-25,7175.0,7175.0,7000.0,7050.0,4394.86962890625,51758500,ASII.JK,0.6233857629654256
2019-03-26,7100.0,7175.0,7075.0,7100.0,4426.03857421875,23711700,ASII.JK,0.6233857146786972
2019-03-27,7175.0,7200.0,7100.0,7175.0,4472.79248046875,12546100,ASII.JK,0.6233857115635888
2019-03-28,7150.0,7150.0,7050.0,7100.0,4426.03857421875,17584700,ASII.JK,0.6233857146786972
2019-03-29,7100.0,7300.0,7100.0,7300.0,4550.7158203125,30122900,ASII.JK,0.6233857288099315
2019-04-01,7375.0,7400.0,7275.0,7350.0,4581.88525390625,13152600,ASII.JK,0.6233857488307823
2019-04-02,7325.0,7450.0,7300.0,7425.0,4628.638671875,28647700,ASII.JK,0.6233856797138048
2019-04-04,7500.0,7625.0,7500.0,7550.0,4706.56298828125,38598100,ASII.JK,0.6233858262624172
2019-04-05,7575.0,7650.0,7500.0,7650.0,4768.90087890625,21303800,ASII.JK,0.6233857358047385
2019-04-08,7600.0,7625.0,7375.0,7525.0,4690.97705078125,23973800,ASII.JK,0.6233856545888704
2019-04-09,7475.0,7700.0,7475.0,7675.0,4784.48583984375,31230600,ASII.JK,0.6233857771783388
2019-04-10,7725.0,7725.0,7625.0,7650.0,4768.90087890625,18506200,ASII.JK,0.6233857358047385
2019-04-11,7675.0,7675.0,7475.0,7525.0,4690.97705078125,17082800,ASII.JK,0.6233856545888704
2019-04-12,7450.0,7575.0,7450.0,7525.0,4690.97705078125,12332300,ASII.JK,0.6233856545888704
2019-04-15,7575.0,7625.0,7475.0,7600.0,4737.7314453125,30002000,ASII.JK,0.6233857164884868
2019-04-16,7550.0,7800.0,7550.0,7750.0,4831.2392578125,37600500,ASII.JK,0.6233857106854839
2019-04-18,7925.0,8025.0,7775.0,7850.0,4893.578125,88459900,ASII.JK,0.6233857484076433
2019-04-22,7850.0,7850.0,7500.0,7525.0,4690.97705078125,33999600,ASII.JK,0.6233856545888704
2019-04-23,7625.0,7675.0,7550.0,7650.0,4768.90087890625,30486900,ASII.JK,0.6233857358047385
2019-04-24,7625.0,7675.0,7600.0,7650.0,4768.90087890625,22044600,ASII.JK,0.6233857358047385
2019-04-25,7550.0,7600.0,7400.0,7550.0,4706.56298828125,34998300,ASII.JK,0.6233858262624172
2019-04-26,7475.0,7650.0,7475.0,7650.0,4768.90087890625,31531100,ASII.JK,0.6233857358047385
2019-04-29,7525.0,7700.0,7500.0,7600.0,4737.7314453125,33169300,ASII.JK,0.6233857164884868
2019-04-30,7650.0,7675.0,7575.0,7625.0,4753.31640625,29569700,ASII.JK,0.6233857581967213
2019-05-02,7600.0,7675.0,7450.0,7475.0,4659.80810546875,37010600,ASII.JK,0.6233856997282609
2019-05-03,7475.0,7500.0,7400.0,7425.0,4628.638671875,30801100,ASII.JK,0.6233856797138048
2019-05-06,7350.0,7450.0,7300.0,7425.0,4628.638671875,22291100,ASII.JK,0.6233856797138048
2019-05-07,7400.0,7550.0,7375.0,7525.0,4790.41796875,22700800,ASII.JK,0.6366003945182724
2019-05-08,7450.0,7475.0,7375.0,7400.0,4710.84326171875,22454500,ASII.JK,0.6366004407728041
2019-05-09,7325.0,7350.0,7125.0,7150.0,4551.693359375,42585100,ASII.JK,0.6366004698426574
2019-05-10,7200.0,7225.0,7075.0,7175.0,4567.60791015625,37086400,ASII.JK,0.6366004055966898
2019-05-13,7100.0,7150.0,6975.0,7025.0,4472.1181640625,26992400,ASII.JK,0.6366004504003558
2019-05-14,6900.0,7050.0,6825.0,7000.0,4456.203125,47782200,ASII.JK,0.6366004464285714
2019-05-15,7075.0,7075.0,6875.0,6950.0,4424.37255859375,30786000,ASII.JK,0.6366003681429856
2019-05-16,6900.0,6950.0,6725.0,6775.0,4312.9677734375,47245500,ASII.JK,0.6366004093634686
2019-05-17,6900.0,6925.0,6700.0,6700.0,4265.22265625,25102800,ASII.JK,0.6366003964552239
2019-05-20,6650.0,6925.0,6625.0,6900.0,4392.54296875,28865800,ASII.JK,0.6366004302536232
2019-05-21,6925.0,7050.0,6925.0,7000.0,4456.203125,35020100,ASII.JK,0.6366004464285714
2019-05-22,7000.0,7025.0,6850.0,7000.0,4456.203125,22967500,ASII.JK,0.6366004464285714
2019-05-23,7000.0,7125.0,6975.0,7100.0,4519.86328125,26460200,ASII.JK,0.6366004621478873
2019-05-24,7125.0,7200.0,7050.0,7175.0,4567.60791015625,22372000,ASII.JK,0.6366004055966898
2019-05-27,7175.0,7225.0,7100.0,7125.0,4535.77783203125,20859100,ASII.JK,0.6366003974780702
2019-05-28,7200.0,7200.0,7050.0,7075.0,4503.947265625,77066000,ASII.JK,0.6366003202296819
2019-05-29,7075.0,7275.0,7050.0,7200.0,4583.5234375,28805600,ASII.JK,0.6366004774305556
2019-05-31,7250.0,7450.0,7175.0,7450.0,4742.67333984375,46478800,ASII.JK,0.6366004483011745
2019-06-10,7575.0,7700.0,7550.0,7675.0,4885.90869140625,50332200,ASII.JK,0.6366004809649837
2019-06-11,7525.0,7675.0,7450.0,7625.0,4854.07861328125,37387000,ASII.JK,0.6366004738729508
2019-06-12,7500.0,7575.0,7450.0,7500.0,4774.50341796875,27570300,ASII.JK,0.6366004557291667
2019-06-13,7450.0,7525.0,7375.0,7500.0,4774.50341796875,33860400,ASII.JK,0.6366004557291667
2019-06-14,7500.0,7575.0,7400.0,7425.0,4726.7578125,28282900,ASII.JK,0.6366003787878788
2019-06-17,7425.0,7450.0,7375.0,7375.0,4694.927734375,11239700,ASII.JK,0.6366003707627118
2019-06-18,7425.0,7500.0,7400.0,7500.0,4774.50341796875,17393200,ASII.JK,0.6366004557291667
2019-06-20,7575.0,7625.0,7500.0,7600.0,4838.16357421875,26961500,ASII.JK,0.6366004702919408
2019-06-21,7625.0,7625.0,7350.0,7450.0,4742.67333984375,72597200,ASII.JK,0.6366004483011745
2019-06-24,7375.0,7450.0,7300.0,7350.0,4679.013671875,23779400,ASII.JK,0.6366004995748299
2019-06-25,7275.0,7400.0,7275.0,7350.0,4679.013671875,23606900,ASII.JK,0.6366004995748299
2019-06-26,7375.0,7375.0,7225.0,7250.0,4615.35302734375,20215500,ASII.JK,0.6366004175646551
2019-06-27,7250.0,7425.0,7250.0,7375.0,4694.927734375,24916300,ASII.JK,0.6366003707627118
2019-06-28,7400.0,7475.0,7350.0,7450.0,4742.67333984375,22286100,ASII.JK,0.6366004483011745
2019-07-01,7475.0,7500.0,7300.0,7375.0,4694.927734375,28466100,ASII.JK,0.6366003707627118
2019-07-02,7400.0,7400.0,7250.0,7300.0,4647.18310546875,30466600,ASII.JK,0.636600425406678
2019-07-03,7275.0,7350.0,7225.0,7275.0,4631.2685546875,30525700,ASII.JK,0.6366004886168385
2019-07-04,7300.0,7300.0,7200.0,7250.0,4615.35302734375,25196500,ASII.JK,0.6366004175646551
2019-07-05,7200.0,7250.0,7150.0,7150.0,4551.693359375,17084700,ASII.JK,0.6366004698426574
2019-07-08,7225.0,7325.0,7175.0,7300.0,4647.18310546875,20878100,ASII.JK,0.636600425406678
2019-07-09,7325.0,7325.0,7225.0,7275.0,4631.2685546875,21689700,ASII.JK,0.6366004886168385
2019-07-10,7325.0,7450.0,7300.0,7450.0,4742.67333984375,39466400,ASII.JK,0.6366004483011745
2019-07-11,7475.0,7525.0,7425.0,7525.0,4790.41796875,33821300,ASII.JK,0.6366003945182724
2019-07-12,7500.0,7500.0,7400.0,7450.0,4742.67333984375,31711400,ASII.JK,0.6366004483011745
2019-07-15,7500.0,7500.0,7400.0,7425.0,4726.7578125,26628700,ASII.JK,0.6366003787878788
2019-07-16,7450.0,7475.0,7400.0,7450.0,4742.67333984375,18188000,ASII.JK,0.6366004483011745
2019-07-17,7400.0,7400.0,7100.0,7100.0,4519.86328125,56668400,ASII.JK,0.6366004621478873
2019-07-18,7100.0,7200.0,7075.0,7150.0,4551.693359375,22334900,ASII.JK,0.6366004698426574
2019-07-19,7175.0,7200.0,7075.0,7100.0,4519.86328125,28008400,ASII.JK,0.6366004621478873
2019-07-22,7100.0,7150.0,7050.0,7100.0,4519.86328125,18040600,ASII.JK,0.6366004621478873
2019-07-23,7150.0,7200.0,7125.0,7150.0,4551.693359375,25156100,ASII.JK,0.6366004698426574
2019-07-24,7225.0,7250.0,7175.0,7175.0,4567.60791015625,25597700,ASII.JK,0.6366004055966898
2019-07-25,7225.0,7300.0,7175.0,7300.0,4647.18310546875,35643500,ASII.JK,0.636600425406678
2019-07-26,7175.0,7175.0,7075.0,7075.0,4503.947265625,26627900,ASII.JK,0.6366003202296819
2019-07-29,7075.0,7175.0,7050.0,7175.0,4567.60791015625,18841000,ASII.JK,0.6366004055966898
2019-07-30,7175.0,7275.0,7175.0,7275.0,4631.2685546875,30765800,ASII.JK,0.6366004886168385
2019-07-31,7150.0,7200.0,7000.0,7000.0,4456.203125,61515300,ASII.JK,0.6366004464285714
2019-08-01,7000.0,7075.0,6975.0,7025.0,4472.1181640625,37270900,ASII.JK,0.6366004504003558
2019-08-02,6950.0,7100.0,6950.0,7075.0,4503.947265625,40942800,ASII.JK,0.6366003202296819
2019-08-05,6975.0,7025.0,6900.0,6925.0,4408.45849609375,44819000,ASII.JK,0.636600504851083
2019-08-06,6800.0,6900.0,6750.0,6750.0,4297.05419921875,55429900,ASII.JK,0.6366006221064815
2019-08-07,6750.0,6850.0,6725.0,6725.0,4281.13818359375,31631500,ASII.JK,0.6366004733968401
2019-08-08,6750.0,6950.0,6750.0,6900.0,4392.54296875,31521500,ASII.JK,0.6366004302536232
2019-08-09,6900.0,6950.0,6775.0,6775.0,4312.9677734375,22712900,ASII.JK,0.6366004093634686
2019-08-12,6850.0,6850.0,6725.0,6750.0,4297.05419921875,17186100,ASII.JK,0.6366006221064815
2019-08-13,6750.0,6750.0,6600.0,6675.0,4249.30810546875,34123600,ASII.JK,0.636600465238764
2019-08-14,6725.0,6750.0,6600.0,6675.0,4249.30810546875,36012100,ASII.JK,0.636600465238764
2019-08-15,6600.0,6625.0,6500.0,6525.0,4153.81787109375,36960700,ASII.JK,0.6366004400143678
2019-08-16,6575.0,6600.0,6500.0,6500.0,4137.90380859375,24416100,ASII.JK,0.6366005859375
2019-08-19,6600.0,6600.0,6425.0,6425.0,4090.15673828125,31718800,ASII.JK,0.6366002705496109
2019-08-20,6475.0,6500.0,6375.0,6425.0,4090.15673828125,29465900,ASII.JK,0.6366002705496109
2019-08-21,6425.0,6500.0,6350.0,6350.0,4042.4130859375,21306900,ASII.JK,0.6366004859744094
2019-08-22,6375.0,6400.0,6250.0,6325.0,4026.49755859375,53070300,ASII.JK,0.636600404520751
2019-08-23,6350.0,6575.0,6275.0,6575.0,4185.64697265625,35340800,ASII.JK,0.6366003000237642
2019-08-26,6475.0,6650.0,6425.0,6575.0,4185.64697265625,24275700,ASII.JK,0.6366003000237642
2019-08-27,6625.0,6625.0,6500.0,6525.0,4153.81787109375,79684000,ASII.JK,0.6366004400143678
2019-08-28,6525.0,6575.0,6425.0,6450.0,4106.0732421875,28499000,ASII.JK,0.6366005026647287
2019-08-29,6475.0,6500.0,6425.0,6425.0,4090.15673828125,18028100,ASII.JK,0.6366002705496109
2019-08-30,6500.0,6750.0,6475.0,6675.0,4249.30810546875,53158400,ASII.JK,0.636600465238764
2019-09-02,6725.0,6725.0,6550.0,6550.0,4169.7333984375,18009100,ASII.JK,0.6366005188454198
2019-09-03,6600.0,6600.0,6400.0,6475.0,4121.98828125,26812500,ASII.JK,0.6366005067567567
2019-09-04,6475.0,6500.0,6375.0,6500.0,4137.90380859375,25562700,ASII.JK,0.6366005859375
2019-09-05,6575.0,6700.0,6525.0,6700.0,4265.22265625,26551900,ASII.JK,0.6366003964552239
2019-09-06,6725.0,6750.0,6650.0,6750.0,4297.05419921875,21425300,ASII.JK,0.6366006221064815
2019-09-09,6750.0,6750.0,6625.0,6650.0,4233.392578125,21619600,ASII.JK,0.6366003876879699
2019-09-10,6675.0,6725.0,6600.0,6675.0,4249.30810546875,20241600,ASII.JK,0.636600465238764
2019-09-11,6700.0,6925.0,6675.0,6925.0,4408.45849609375,29449700,ASII.JK,0.636600504851083
2019-09-12,6900.0,6925.0,6750.0,6750.0,4297.05419921875,18842400,ASII.JK,0.6366006221064815
2019-09-13,6850.0,6875.0,6725.0,6750.0,4297.05419921875,13398000,ASII.JK,0.6366006221064815
2019-09-16,6750.0,6775.0,6575.0,6700.0,4265.22265625,25529200,ASII.JK,0.6366003964552239
2019-09-17,6700.0,6725.0,6475.0,6475.0,4121.98828125,27745300,ASII.JK,0.6366005067567567
2019-09-18,6525.0,6700.0,6500.0,6700.0,4265.22265625,24627700,ASII.JK,0.6366003964552239
2019-09-19,6725.0,6725.0,6575.0,6600.0,4201.56396484375,13478800,ASII.JK,0.6366006007339016
2019-09-20,6575.0,6600.0,6525.0,6575.0,4185.64697265625,45888900,ASII.JK,0.6366003000237642
2019-09-23,6575.0,6625.0,6550.0,6625.0,4217.4775390625,14044900,ASII.JK,0.636600383254717
2019-09-24,6575.0,6625.0,6450.0,6475.0,4121.98828125,29738600,ASII.JK,0.6366005067567567
2019-09-25,6400.0,6500.0,6400.0,6500.0,4137.90380859375,17781500,ASII.JK,0.6366005859375
2019-09-26,6575.0,6700.0,6525.0,6700.0,4265.22265625,37979500,ASII.JK,0.6366003964552239
2019-09-27,6700.0,6700.0,6600.0,6650.0,4233.392578125,9831000,ASII.JK,0.6366003876879699
2019-09-30,6650.0,6675.0,6575.0,6600.0,4201.56396484375,21089600,ASII.JK,0.6366006007339016
2019-10-01,6550.0,6625.0,6550.0,6550.0,4169.7333984375,7452500,ASII.JK,0.6366005188454198
2019-10-02,6500.0,6550.0,6450.0,6450.0,4106.0732421875,11128500,ASII.JK,0.6366005026647287
2019-10-03,6400.0,6500.0,6300.0,6475.0,4121.98828125,20769800,ASII.JK,0.6366005067567567
2019-10-04,6550.0,6550.0,6400.0,6425.0,4090.15673828125,10680600,ASII.JK,0.6366002705496109
2019-10-07,6400.0,6450.0,6300.0,6325.0,4062.539306640625,13250100,ASII.JK,0.6422987046072134
2019-10-08,6325.0,6400.0,6275.0,6350.0,4078.59619140625,25385900,ASII.JK,0.6422986128198819
2019-10-09,6300.0,6350.0,6250.0,6275.0,4030.424560546875,15376200,ASII.JK,0.642298734748506
2019-10-10,6275.0,6350.0,6250.0,6275.0,4030.424560546875,12172600,ASII.JK,0.642298734748506
2019-10-11,6275.0,6475.0,6275.0,6475.0,4158.8837890625,16181100,ASII.JK,0.6422986546814672
2019-10-14,6550.0,6600.0,6375.0,6425.0,4126.76904296875,21236100,ASII.JK,0.6422986837305448
2019-10-15,6400.0,6425.0,6350.0,6400.0,4110.7109375,20590600,ASII.JK,0.642298583984375
2019-10-16,6400.0,6425.0,6300.0,6375.0,4094.653564453125,32586000,ASII.JK,0.6422985983455882
2019-10-17,6350.0,6625.0,6325.0,6625.0,4255.228515625,49979500,ASII.JK,0.6422986438679246
2019-10-18,6650.0,6750.0,6550.0,6700.0,4303.4013671875,38012800,ASII.JK,0.6422987115205224
2019-10-21,6700.0,6750.0,6600.0,6725.0,4319.45849609375,12245000,ASII.JK,0.6422986611291821
2019-10-22,6750.0,6750.0,6550.0,6750.0,4335.51611328125,32099000,ASII.JK,0.642298683449074
2019-10-23,6700.0,6775.0,6650.0,6750.0,4335.51611328125,28015600,ASII.JK,0.642298683449074
2019-10-24,6800.0,6975.0,6750.0,6950.0,4463.97607421875,44294700,ASII.JK,0.642298715714928
2019-10-25,6950.0,6975.0,6775.0,6800.0,4367.63134765625,25245600,ASII.JK,0.6422987275965073
2019-10-28,6800.0,6900.0,6775.0,6900.0,4431.8603515625,12206400,ASII.JK,0.6422986016757246
2019-10-29,6875.0,6975.0,6875.0,6975.0,4480.033203125,32681600,ASII.JK,0.6422986671146953
2019-10-30,7000.0,7000.0,6875.0,6950.0,4463.97607421875,22319800,ASII.JK,0.642298715714928
2019-10-31,6950.0,6975.0,6825.0,6950.0,4463.97607421875,26502100,ASII.JK,0.642298715714928
2019-11-01,6975.0,6975.0,6725.0,6800.0,4367.63134765625,17213000,ASII.JK,0.6422987275965073
2019-11-04,6800.0,6825.0,6700.0,6700.0,4303.4013671875,19339100,ASII.JK,0.6422987115205224
2019-11-05,6775.0,6950.0,6750.0,6900.0,4431.8603515625,42041800,ASII.JK,0.6422986016757246
2019-11-06,6975.0,6975.0,6825.0,6850.0,4399.74560546875,29565500,ASII.JK,0.642298628535584
2019-11-07,6925.0,6925.0,6650.0,6725.0,4319.45849609375,29891900,ASII.JK,0.6422986611291821
2019-11-08,6700.0,6700.0,6550.0,6625.0,4255.228515625,34878600,ASII.JK,0.6422986438679246
2019-11-11,6650.0,6650.0,6550.0,6650.0,4271.28564453125,19373700,ASII.JK,0.642298593162594
2019-11-12,6650.0,6800.0,6550.0,6775.0,4351.5732421875,29633100,ASII.JK,0.6422986335332104
2019-11-13,6775.0,6775.0,6675.0,6725.0,4319.45849609375,20566300,ASII.JK,0.6422986611291821
2019-11-14,6675.0,6700.0,6550.0,6575.0,4223.11376953125,18695900,ASII.JK,0.6422986721720533
2019-11-15,6650.0,6650.0,6475.0,6525.0,4190.99951171875,30343300,ASII.JK,0.6422987757423372
2019-11-18,6525.0,6600.0,6525.0,6600.0,4239.1708984375,27729100,ASII.JK,0.6422986209753788
2019-11-19,6650.0,6700.0,6575.0,6650.0,4271.28564453125,18139800,ASII.JK,0.642298593162594
2019-11-20,6600.0,6675.0,6550.0,6625.0,4255.228515625,24083000,ASII.JK,0.6422986438679246
2019-11-21,6550.0,6650.0,6525.0,6600.0,4239.1708984375,19675100,ASII.JK,0.6422986209753788
2019-11-22,6600.0,6650.0,6575.0,6625.0,4255.228515625,23600000,ASII.JK,0.6422986438679246
2019-11-25,6600.0,6600.0,6475.0,6500.0,4174.94091796875,24848800,ASII.JK,0.6422986027644231
2019-11-26,6575.0,6575.0,6350.0,6350.0,4078.59619140625,79166300,ASII.JK,0.6422986128198819
2019-11-27,6400.0,6475.0,6350.0,6425.0,4126.76904296875,37566700,ASII.JK,0.6422986837305448
2019-11-28,6425.0,6425.0,6350.0,6400.0,4110.7109375,17353400,ASII.JK,0.642298583984375
2019-11-29,6400.0,6575.0,6375.0,6500.0,4174.94091796875,33440400,ASII.JK,0.6422986027644231
2019-12-02,6500.0,6650.0,6500.0,6650.0,4271.28564453125,22114700,ASII.JK,0.642298593162594
2019-12-03,6650.0,6675.0,6525.0,6525.0,4190.99951171875,15510600,ASII.JK,0.6422987757423372
2019-12-04,6500.0,6575.0,6475.0,6550.0,4207.0556640625,16154100,ASII.JK,0.6422985746660306
2019-12-05,6600.0,6700.0,6550.0,6700.0,4303.4013671875,26468200,ASII.JK,0.6422987115205224
2019-12-06,6675.0,6775.0,6625.0,6775.0,4351.5732421875,27395100,ASII.JK,0.6422986335332104
2019-12-09,6775.0,6775.0,6625.0,6675.0,4287.34326171875,16336900,ASII.JK,0.6422986159878277
2019-12-10,6625.0,6750.0,6625.0,6650.0,4271.28564453125,19229100,ASII.JK,0.642298593162594
2019-12-11,6675.0,6675.0,6550.0,6550.0,4207.0556640625,22787600,ASII.JK,0.6422985746660306
2019-12-12,6575.0,6600.0,6550.0,6550.0,4207.0556640625,16626700,ASII.JK,0.6422985746660306
2019-12-13,6700.0,6900.0,6700.0,6850.0,4399.74560546875,66943600,ASII.JK,0.642298628535584
2019-12-16,6900.0,7025.0,6875.0,6975.0,4480.033203125,43517600,ASII.JK,0.6422986671146953
2019-12-17,6975.0,7000.0,6875.0,6950.0,4463.97607421875,29835500,ASII.JK,0.642298715714928
2019-12-18,6875.0,6925.0,6750.0,6900.0,4431.8603515625,31614900,ASII.JK,0.6422986016757246
2019-12-19,6875.0,6900.0,6775.0,6850.0,4399.74560546875,17259400,ASII.JK,0.642298628535584
2019-12-20,6850.0,6925.0,6750.0,6925.0,4447.91796875,38886700,ASII.JK,0.6422986236462094
2019-12-23,7000.0,7000.0,6775.0,6900.0,4431.8603515625,23654800,ASII.JK,0.6422986016757246
2019-12-26,6800.0,6950.0,6800.0,6875.0,4415.802734375,18685200,ASII.JK,0.6422985795454546
2019-12-27,6925.0,6925.0,6850.0,6925.0,4447.91796875,13714400,ASII.JK,0.6422986236462094
2019-12-30,6925.0,6950.0,6850.0,6925.0,4447.91796875,25494000,ASII.JK,0.6422986236462094
2020-01-02,6925.0,6925.0,6775.0,6875.0,4415.802734375,15008600,ASII.JK,0.6422985795454546
2020-01-03,6925.0,6950.0,6825.0,6950.0,4463.97607421875,19068800,ASII.JK,0.642298715714928
2020-01-06,6900.0,6900.0,6750.0,6750.0,4335.51611328125,22261900,ASII.JK,0.642298683449074
2020-01-07,6800.0,6825.0,6675.0,6775.0,4351.5732421875,27963000,ASII.JK,0.6422986335332104
2020-01-08,6700.0,6825.0,6700.0,6775.0,4351.5732421875,15150400,ASII.JK,0.6422986335332104
2020-01-09,6800.0,6875.0,6750.0,6875.0,4415.802734375,19691200,ASII.JK,0.6422985795454546
2020-01-10,6900.0,6925.0,6825.0,6825.0,4383.6884765625,17687600,ASII.JK,0.6422986778846154
2020-01-13,6850.0,6925.0,6825.0,6925.0,4447.91796875,29585200,ASII.JK,0.6422986236462094
2020-01-14,6975.0,7175.0,6925.0,7175.0,4608.4931640625,41214400,ASII.JK,0.6422986988240418
2020-01-15,7150.0,7250.0,7025.0,7200.0,4624.55029296875,38535100,ASII.JK,0.6422986518012153
2020-01-16,7125.0,7200.0,7075.0,7125.0,4576.37841796875,38504400,ASII.JK,0.6422987253289474
2020-01-17,7075.0,7150.0,7000.0,7075.0,4544.26318359375,26714800,ASII.JK,0.642298683193463
2020-01-20,7100.0,7125.0,6975.0,7000.0,4496.09130859375,22389100,ASII.JK,0.6422987583705357
2020-01-21,7025.0,7025.0,6925.0,7025.0,4512.14892578125,12520300,ASII.JK,0.6422987794706406
2020-01-22,7025.0,7075.0,6975.0,7000.0,4496.09130859375,20100300,ASII.JK,0.6422987583705357
2020-01-23,7050.0,7100.0,7000.0,7050.0,4528.2060546875,18020200,ASII.JK,0.6422987311613475
2020-01-24,7000.0,7050.0,6975.0,6975.0,4480.033203125,13710000,ASII.JK,0.6422986671146953
2020-01-27,6975.0,6975.0,6700.0,6725.0,4319.45849609375,17470800,ASII.JK,0.6422986611291821
2020-01-28,6675.0,6825.0,6650.0,6825.0,4383.6884765625,23466100,ASII.JK,0.6422986778846154
2020-01-29,6850.0,6850.0,6750.0,6825.0,4383.6884765625,12646100,ASII.JK,0.6422986778846154
2020-01-30,6775.0,6800.0,6625.0,6625.0,4255.228515625,25324800,ASII.JK,0.6422986438679246
2020-01-31,6650.0,6675.0,6350.0,6350.0,4078.59619140625,66460400,ASII.JK,0.6422986128198819
2020-02-03,6275.0,6425.0,6250.0,6275.0,4030.424560546875,34538400,ASII.JK,0.642298734748506
2020-02-04,6350.0,6450.0,6300.0,6400.0,4110.7109375,46272800,ASII.JK,0.642298583984375
2020-02-05,6450.0,6500.0,6300.0,6400.0,4110.7109375,32227100,ASII.JK,0.642298583984375
2020-02-06,6500.0,6525.0,6425.0,6500.0,4174.94091796875,26015800,ASII.JK,0.6422986027644231
2020-02-07,6550.0,6550.0,6400.0,6400.0,4110.7109375,13918700,ASII.JK,0.642298583984375
2020-02-10,6400.0,6400.0,6175.0,6200.0,3982.25146484375,45366900,ASII.JK,0.6422986233618951
2020-02-11,6300.0,6300.0,6050.0,6100.0,3918.021728515625,54325000,ASII.JK,0.6422986440189549
2020-02-12,6075.0,6100.0,5925.0,5975.0,3837.735107421875,51100700,ASII.JK,0.642298762748431
2020-02-13,5975.0,6025.0,5925.0,5950.0,3821.677490234375,33021700,ASII.JK,0.6422987378545169
2020-02-14,5975.0,6100.0,5925.0,6100.0,3918.021728515625,60901000,ASII.JK,0.6422986440189549
2020-02-17,6150.0,6175.0,6050.0,6100.0,3918.021728515625,16567600,ASII.JK,0.6422986440189549
2020-02-18,6050.0,6200.0,6050.0,6100.0,3918.021728515625,27960300,ASII.JK,0.6422986440189549
2020-02-19,6175.0,6250.0,6150.0,6250.0,4014.366943359375,35186100,ASII.JK,0.6422987109375
2020-02-20,6275.0,6275.0,6125.0,6275.0,4030.424560546875,37995400,ASII.JK,0.642298734748506
2020-02-21,6275.0,6300.0,6150.0,6200.0,3982.25146484375,33804700,ASII.JK,0.6422986233618951
2020-02-24,6050.0,6150.0,6025.0,6100.0,3918.021728515625,34190600,ASII.JK,0.6422986440189549
2020-02-25,6000.0,6275.0,5975.0,6225.0,3998.31005859375,40723200,ASII.JK,0.6422988045933735
2020-02-26,6100.0,6150.0,6050.0,6050.0,3885.9072265625,34453700,ASII.JK,0.6422987151342975
2020-02-27,6100.0,6100.0,5950.0,5950.0,3821.677490234375,44801100,ASII.JK,0.6422987378545169
2020-02-28,5850.0,5850.0,5525.0,5525.0,3548.70068359375,100693900,ASII.JK,0.6422987662613122
2020-03-02,5700.0,5850.0,5625.0,5700.0,3661.102783203125,63765800,ASII.JK,0.6422987338952851
2020-03-03,5850.0,5975.0,5775.0,5900.0,3789.562255859375,53817300,ASII.JK,0.6422986874337924
2020-03-04,5900.0,6025.0,5875.0,5975.0,3837.735107421875,43566600,ASII.JK,0.642298762748431
2020-03-05,6025.0,6050.0,5875.0,6050.0,3885.9072265625,40537300,ASII.JK,0.6422987151342975
2020-03-06,5950.0,5950.0,5675.0,5675.0,3645.044677734375,31282500,ASII.JK,0.6422986216272026
2020-03-09,5500.0,5500.0,5025.0,5025.0,3227.550537109375,87904100,ASII.JK,0.6422986143501244
2020-03-10,5100.0,5325.0,5100.0,5150.0,3307.837646484375,86444600,ASII.JK,0.6422985721328883
2020-03-11,5150.0,5175.0,5050.0,5125.0,3291.7802734375,45134700,ASII.JK,0.6422985899390244
2020-03-12,5000.0,5025.0,4820.0,4910.0,3153.6865234375,64824200,ASII.JK,0.642298680944501
2020-03-16,4770.0,4770.0,4530.0,4590.0,2948.151123046875,55655900,ASII.JK,0.6422987196180555
2020-03-17,4590.0,4600.0,4270.0,4270.0,2742.615478515625,67166600,ASII.JK,0.6422987069123244
2020-03-18,4290.0,4350.0,3980.0,4150.0,2665.5390625,61972000,ASII.JK,0.6422985692771085
2020-03-19,4020.0,4020.0,3860.0,3860.0,2479.27294921875,27066700,ASII.JK,0.6422986915074482
2020-03-20,3890.0,3900.0,3590.0,3780.0,2427.888916015625,141147800,ASII.JK,0.6422986550305886
2020-03-23,3780.0,3780.0,3520.0,3520.0,2260.8916015625,40318500,ASII.JK,0.6422987504438921
2020-03-24,3570.0,3610.0,3280.0,3280.0,2106.739990234375,89502100,ASII.JK,0.6422987775104801
2020-03-26,3220.0,3680.0,3220.0,3620.0,2325.12158203125,180290700,ASII.JK,0.6422987795666436
2020-03-27,3650.0,4360.0,3650.0,4080.0,2620.5791015625,150312000,ASII.JK,0.6422987994025735
2020-03-30,4080.0,4080.0,3800.0,3800.0,2440.734619140625,45490800,ASII.JK,0.642298583984375
2020-03-31,3880.0,3980.0,3740.0,3900.0,2504.964599609375,62534800,ASII.JK,0.6422986152844551
2020-04-01,3880.0,4090.0,3650.0,3770.0,2421.466064453125,78042900,ASII.JK,0.6422986908363727
2020-04-02,3670.0,3930.0,3580.0,3930.0,2524.23388671875,39717300,ASII.JK,0.6422986989106234
2020-04-03,3990.0,4050.0,3860.0,3900.0,2504.964599609375,42577100,ASII.JK,0.6422986152844551
2020-04-06,3920.0,4040.0,3880.0,4030.0,2588.4638671875,71205800,ASII.JK,0.6422987263492556
2020-04-07,4060.0,4250.0,3960.0,4060.0,2607.732666015625,79018000,ASII.JK,0.642298686210745
2020-04-08,4000.0,4030.0,3810.0,3850.0,2472.849609375,55980400,ASII.JK,0.6422985998376624
2020-04-09,3870.0,4120.0,3870.0,4090.0,2627.00146484375,53526100,ASII.JK,0.6422986466610636
2020-04-13,4090.0,4150.0,3920.0,3960.0,2543.502685546875,27520900,ASII.JK,0.6422986579663825
2020-04-14,3960.0,4030.0,3920.0,3960.0,2543.502685546875,64571400,ASII.JK,0.6422986579663825
2020-04-15,4000.0,4000.0,3800.0,3820.0,2453.580810546875,86149800,ASII.JK,0.6422986415044175
2020-04-16,3780.0,3780.0,3620.0,3620.0,2325.12158203125,61494300,ASII.JK,0.6422987795666436
2020-04-17,3680.0,3840.0,3680.0,3800.0,2440.734619140625,78593000,ASII.JK,0.642298583984375
2020-04-20,3800.0,3830.0,3710.0,3720.0,2389.35107421875,50406600,ASII.JK,0.6422986758652554
2020-04-21,3710.0,3740.0,3610.0,3640.0,2337.96728515625,36590700,ASII.JK,0.6422987047132555
2020-04-22,3600.0,3660.0,3450.0,3640.0,2337.96728515625,76750500,ASII.JK,0.6422987047132555
2020-04-23,3700.0,3790.0,3650.0,3760.0,2415.04296875,85068700,ASII.JK,0.6422986619015958
2020-04-24,3760.0,3760.0,3610.0,3630.0,2331.544189453125,49597000,ASII.JK,0.6422986747804752
2020-04-27,3670.0,3760.0,3570.0,3710.0,2382.927978515625,45682200,ASII.JK,0.6422986465001684
2020-04-28,3750.0,3790.0,3630.0,3740.0,2402.197021484375,53532700,ASII.JK,0.6422986688460895
2020-04-29,3770.0,3780.0,3650.0,3690.0,2370.08203125,40557200,ASII.JK,0.6422986534552846
2020-04-30,3750.0,3860.0,3720.0,3850.0,2472.849609375,92257000,ASII.JK,0.6422985998376624
2020-05-04,3750.0,3750.0,3610.0,3610.0,2318.697998046875,71301800,ASII.JK,0.6422986144174169
2020-05-05,3630.0,3660.0,3580.0,3610.0,2318.697998046875,54983300,ASII.JK,0.6422986144174169
2020-05-06,3610.0,3680.0,3580.0,3640.0,2337.96728515625,70425000,ASII.JK,0.6422987047132555
2020-05-08,3690.0,3740.0,3600.0,3740.0,2402.197021484375,63346500,ASII.JK,0.6422986688460895
2020-05-11,3760.0,3920.0,3750.0,3920.0,2517.810791015625,79511800,ASII.JK,0.6422986711774553
2020-05-12,3920.0,3920.0,3780.0,3820.0,2453.580810546875,58347900,ASII.JK,0.6422986415044175
2020-05-13,3820.0,3820.0,3710.0,3730.0,2395.7744140625,44974600,ASII.JK,0.6422987705261394
2020-05-14,3700.0,3710.0,3530.0,3570.0,2293.00634765625,80570900,ASII.JK,0.642298696822479
2020-05-15,3590.0,3720.0,3560.0,3710.0,2382.927978515625,65284900,ASII.JK,0.6422986465001684
2020-05-18,3720.0,3950.0,3710.0,3910.0,2511.3876953125,88368200,ASII.JK,0.6422986433024297
2020-05-19,4000.0,4040.0,3940.0,3950.0,2537.079833984375,77238800,ASII.JK,0.642298692147943
2020-05-20,3950.0,3980.0,3870.0,3970.0,2549.926025390625,38965700,ASII.JK,0.6422987469497796
2020-05-26,3970.0,4360.0,3970.0,4330.0,2781.1533203125,116041900,ASII.JK,0.6422986882938799
2020-05-27,4350.0,4390.0,4220.0,4350.0,2793.9990234375,68841200,ASII.JK,0.6422986260775863
2020-05-28,4370.0,4580.0,4350.0,4540.0,2916.036376953125,86825700,ASII.JK,0.6422987614434196
2020-05-29,4520.0,4770.0,4470.0,4770.0,3063.764404296875,164786500,ASII.JK,0.6422986172530136
2020-06-02,4760.0,4950.0,4630.0,4730.0,3038.07275390625,72425900,ASII.JK,0.6422986794727801
2020-06-03,4750.0,4950.0,4680.0,4890.0,3140.840576171875,76654100,ASII.JK,0.6422986863337168
2020-06-04,4950.0,4960.0,4740.0,4760.0,3057.341552734375,82711000,ASII.JK,0.6422986455324318
2020-06-05,4780.0,5025.0,4670.0,5000.0,3211.4931640625,63578800,ASII.JK,0.6422986328125
2020-06-08,5250.0,5250.0,4990.0,5025.0,3227.550537109375,53808200,ASII.JK,0.6422986143501244
2020-06-09,5100.0,5125.0,4980.0,5000.0,3211.4931640625,43049500,ASII.JK,0.6422986328125
2020-06-10,5025.0,5025.0,4650.0,4850.0,3115.148681640625,39812900,ASII.JK,0.6422986972454897
2020-06-11,4840.0,4840.0,4660.0,4700.0,3018.8037109375,53920100,ASII.JK,0.6422986619015958
2020-06-12,4590.0,4820.0,4400.0,4790.0,3076.611083984375,45837700,ASII.JK,0.6422987649236691
2020-06-15,4800.0,4850.0,4700.0,4740.0,3044.495849609375,42880500,ASII.JK,0.6422987024492353
2020-06-16,4800.0,5000.0,4800.0,4970.0,3192.224365234375,38736700,ASII.JK,0.6422986650370975
2020-06-17,4990.0,5000.0,4910.0,4970.0,3192.224365234375,24744500,ASII.JK,0.6422986650370975
2020-06-18,4970.0,4970.0,4800.0,4800.0,3083.033447265625,40331900,ASII.JK,0.6422986348470052
2020-06-19,4830.0,4910.0,4800.0,4890.0,3140.840576171875,62874800,ASII.JK,0.6422986863337168
2020-06-22,4930.0,4940.0,4850.0,4890.0,3140.840576171875,25097200,ASII.JK,0.6422986863337168
2020-06-23,4890.0,4940.0,4850.0,4900.0,3147.263671875,29490500,ASII.JK,0.6422987085459184
2020-06-24,4920.0,5050.0,4900.0,5000.0,3211.4931640625,55421700,ASII.JK,0.6422986328125
2020-06-25,4840.0,4920.0,4800.0,4900.0,3249.291748046875,34952700,ASII.JK,0.6631207649075255
2020-06-26,4950.0,4950.0,4900.0,4900.0,3249.291748046875,24019200,ASII.JK,0.6631207649075255
2020-06-29,4900.0,4900.0,4750.0,4800.0,3182.9794921875,29368700,ASII.JK,0.6631207275390625
2020-06-30,4840.0,4880.0,4800.0,4800.0,3182.9794921875,25197000,ASII.JK,0.6631207275390625
2020-07-01,4800.0,4860.0,4770.0,4810.0,3189.6103515625,22586000,ASII.JK,0.663120655210499
2020-07-02,4830.0,4890.0,4810.0,4870.0,3229.39794921875,26575000,ASII.JK,0.6631207287923512
2020-07-03,4880.0,4910.0,4840.0,4850.0,3216.135498046875,20400200,ASII.JK,0.6631207212467783
2020-07-06,4860.0,4900.0,4840.0,4840.0,3209.504150390625,17783800,ASII.JK,0.663120692229468
2020-07-07,4900.0,4910.0,4800.0,4830.0,3202.87353515625,46178600,ASII.JK,0.6631208147321429
2020-07-08,4840.0,4930.0,4770.0,4910.0,3255.9228515625,45246000,ASII.JK,0.6631207436990835
2020-07-09,4930.0,5000.0,4880.0,4900.0,3249.291748046875,33377800,ASII.JK,0.6631207649075255
2020-07-10,4880.0,4920.0,4830.0,4830.0,3202.87353515625,23181700,ASII.JK,0.6631208147321429
2020-07-13,4850.0,4910.0,4850.0,4900.0,3249.291748046875,22481400,ASII.JK,0.6631207649075255
2020-07-14,4900.0,4950.0,4880.0,4950.0,3282.447509765625,22418400,ASII.JK,0.6631207090435606
2020-07-15,4990.0,5200.0,4970.0,5150.0,3415.071044921875,64249400,ASII.JK,0.663120591246966
2020-07-16,5150.0,5350.0,5150.0,5250.0,3481.383056640625,72113500,ASII.JK,0.6631205822172619
2020-07-17,5300.0,5300.0,5200.0,5200.0,3448.227294921875,46235300,ASII.JK,0.6631206336388221
2020-07-20,5200.0,5225.0,5025.0,5100.0,3381.915771484375,24829000,ASII.JK,0.6631207395067402
2020-07-21,5100.0,5450.0,5100.0,5375.0,3564.27392578125,51878900,ASII.JK,0.663120730377907
2020-07-22,5375.0,5400.0,5200.0,5300.0,3514.539794921875,29493500,ASII.JK,0.6631207160229953
2020-07-23,5300.0,5325.0,5125.0,5175.0,3431.64990234375,27787400,ASII.JK,0.663120754076087
2020-07-24,5175.0,5175.0,5000.0,5050.0,3348.759765625,32338100,ASII.JK,0.6631207456683168
2020-07-27,5075.0,5150.0,5025.0,5125.0,3398.493408203125,17645200,ASII.JK,0.6631206650152439
2020-07-28,5175.0,5225.0,5100.0,5175.0,3431.64990234375,30210400,ASII.JK,0.663120754076087
2020-07-29,5175.0,5225.0,5050.0,5075.0,3365.33740234375,32010100,ASII.JK,0.6631206704125616
2020-07-30,5025.0,5225.0,5000.0,5150.0,3415.071044921875,32720500,ASII.JK,0.663120591246966
2020-08-03,5100.0,5150.0,4860.0,4880.0,3236.028564453125,66053200,ASII.JK,0.6631206074699026
2020-08-04,4900.0,4960.0,4900.0,4960.0,3289.078125,32307000,ASII.JK,0.6631205897177419
2020-08-05,4970.0,5100.0,4950.0,5050.0,3348.759765625,22883900,ASII.JK,0.6631207456683168
2020-08-06,5075.0,5225.0,5050.0,5225.0,3464.8056640625,45906700,ASII.JK,0.6631207012559809
2020-08-07,5225.0,5300.0,5100.0,5275.0,3497.9619140625,35036700,ASII.JK,0.6631207420023697
2020-08-10,5275.0,5275.0,5125.0,5125.0,3398.493408203125,30588200,ASII.JK,0.6631206650152439
2020-08-11,5175.0,5250.0,5150.0,5225.0,3464.8056640625,19877700,ASII.JK,0.6631207012559809
2020-08-12,5225.0,5400.0,5175.0,5400.0,3580.85107421875,31304300,ASII.JK,0.6631205692997685
2020-08-13,5450.0,5550.0,5375.0,5400.0,3580.85107421875,36344700,ASII.JK,0.6631205692997685
2020-08-14,5400.0,5450.0,5350.0,5375.0,3564.27392578125,15337700,ASII.JK,0.663120730377907
2020-08-18,5325.0,5450.0,5300.0,5375.0,3564.27392578125,34974800,ASII.JK,0.663120730377907
2020-08-19,5425.0,5425.0,5250.0,5300.0,3514.539794921875,24870200,ASII.JK,0.6631207160229953
2020-08-24,5300.0,5350.0,5250.0,5300.0,3514.539794921875,20000900,ASII.JK,0.6631207160229953
2020-08-25,5325.0,5375.0,5300.0,5300.0,3514.539794921875,27807900,ASII.JK,0.6631207160229953
2020-08-26,5400.0,5400.0,5275.0,5350.0,3547.6953125,29957700,ASII.JK,0.6631206191588785
2020-08-27,5375.0,5400.0,5250.0,5300.0,3514.539794921875,27491500,ASII.JK,0.6631207160229953
2020-08-28,5300.0,5325.0,5275.0,5325.0,3531.11767578125,20347900,ASII.JK,0.6631206902875587
2020-08-31,5325.0,5350.0,5100.0,5100.0,3381.915771484375,42240600,ASII.JK,0.6631207395067402
2020-09-01,5175.0,5250.0,5100.0,5250.0,3481.383056640625,20881000,ASII.JK,0.6631205822172619
2020-09-02,5300.0,5350.0,5200.0,5300.0,3514.539794921875,19074500,ASII.JK,0.6631207160229953
2020-09-03,5350.0,5350.0,5125.0,5175.0,3431.64990234375,38323300,ASII.JK,0.663120754076087
2020-09-04,5100.0,5150.0,5025.0,5050.0,3348.759765625,47966200,ASII.JK,0.6631207456683168
2020-09-07,5050.0,5075.0,4950.0,5025.0,3332.181396484375,37120700,ASII.JK,0.6631206759172885
2020-09-08,5025.0,5125.0,5025.0,5125.0,3398.493408203125,22790200,ASII.JK,0.6631206650152439
2020-09-09,5025.0,5025.0,4900.0,4900.0,3249.291748046875,62626200,ASII.JK,0.6631207649075255
2020-09-10,4560.0,4610.0,4560.0,4560.0,3023.830078125,142910700,ASII.JK,0.6631206311677632
2020-09-11,4350.0,4700.0,4310.0,4630.0,3070.2490234375,76725700,ASII.JK,0.6631207394033477
2020-09-14,4780.0,4830.0,4700.0,4790.0,3176.347900390625,57904800,ASII.JK,0.6631206472631785
2020-09-15,4850.0,4870.0,4770.0,4820.0,3196.241943359375,35809700,ASII.JK,0.6631207351367998
2020-09-16,4850.0,4860.0,4780.0,4780.0,3169.716552734375,21529200,ASII.JK,0.6631206177268567
2020-09-17,4770.0,4880.0,4770.0,4860.0,3222.76611328125,26234600,ASII.JK,0.6631205994405864
2020-09-18,4840.0,4870.0,4760.0,4780.0,3169.716552734375,46011300,ASII.JK,0.6631206177268567
2020-09-21,4790.0,4800.0,4620.0,4670.0,3096.773681640625,23388100,ASII.JK,0.6631207027067719
2020-09-22,4600.0,4740.0,4590.0,4670.0,3096.773681640625,22893300,ASII.JK,0.6631207027067719
2020-09-23,4680.0,4730.0,4590.0,4630.0,3070.2490234375,15696100,ASII.JK,0.6631207394033477
2020-09-24,4620.0,4650.0,4560.0,4600.0,3050.355224609375,24393300,ASII.JK,0.663120701002038
2020-09-25,4610.0,4920.0,4610.0,4860.0,3222.76611328125,40064600,ASII.JK,0.6631205994405864
2020-09-28,4870.0,4910.0,4740.0,4740.0,3143.192626953125,28967600,ASII.JK,0.663120807374077
2020-09-29,4760.0,4800.0,4560.0,4570.0,3030.46142578125,31707100,ASII.JK,0.6631206620965536
2020-09-30,4560.0,4570.0,4450.0,4460.0,2957.518310546875,40490200,ASII.JK,0.6631206974320347
2020-10-01,4490.0,4640.0,4490.0,4610.0,3056.986572265625,32822900,ASII.JK,0.6631207315109816
2020-10-02,4630.0,4640.0,4520.0,4590.0,3043.723876953125,33355000,ASII.JK,0.663120670360158
2020-10-05,4600.0,4630.0,4540.0,4560.0,3023.830078125,20624400,ASII.JK,0.6631206311677632
2020-10-06,4650.0,4660.0,4600.0,4620.0,3063.617431640625,23682500,ASII.JK,0.6631206561992695
2020-10-07,4590.0,4630.0,4560.0,4630.0,3088.297607421875,21814000,ASII.JK,0.6670189216893898
2020-10-08,4640.0,4770.0,4630.0,4750.0,3168.339599609375,32946600,ASII.JK,0.6670188630756579
2020-10-09,4720.0,4760.0,4700.0,4740.0,3161.669677734375,19525000,ASII.JK,0.6670189193532436
2020-10-12,4790.0,4810.0,4700.0,4700.0,3134.989013671875,23749400,ASII.JK,0.6670189390791224
2020-10-13,4700.0,4750.0,4650.0,4740.0,3161.669677734375,25032100,ASII.JK,0.6670189193532436
2020-10-14,4710.0,4860.0,4710.0,4820.0,3215.03125,50174100,ASII.JK,0.6670189315352697
2020-10-15,4820.0,4820.0,4740.0,4740.0,3161.669677734375,29382300,ASII.JK,0.6670189193532436
2020-10-16,4740.0,4930.0,4700.0,4930.0,3288.40283203125,37775400,ASII.JK,0.6670188300266228
2020-10-19,4930.0,5075.0,4880.0,5000.0,3335.094482421875,38057900,ASII.JK,0.667018896484375
2020-10-20,4990.0,5175.0,4960.0,5175.0,3451.82275390625,68915600,ASII.JK,0.6670188896437198
2020-10-21,5200.0,5250.0,5175.0,5250.0,3501.848388671875,52567200,ASII.JK,0.6670187406994048
2020-10-22,5200.0,5275.0,5200.0,5250.0,3501.848388671875,75883000,ASII.JK,0.6670187406994048
2020-10-23,5300.0,5400.0,5250.0,5400.0,3601.9013671875,46040700,ASII.JK,0.6670187717013889
2020-10-26,5400.0,5450.0,5300.0,5400.0,3601.9013671875,33055000,ASII.JK,0.6670187717013889
2020-10-27,5300.0,5500.0,5300.0,5425.0,3618.5771484375,45393900,ASII.JK,0.6670188292050692
2020-11-02,5325.0,5425.0,5275.0,5400.0,3601.9013671875,48772200,ASII.JK,0.6670187717013889
2020-11-03,5450.0,5500.0,5425.0,5500.0,3668.603515625,44789800,ASII.JK,0.6670188210227272
2020-11-04,5475.0,5500.0,5350.0,5400.0,3601.9013671875,22433700,ASII.JK,0.6670187717013889
2020-11-05,5500.0,5550.0,5425.0,5500.0,3668.603515625,25384200,ASII.JK,0.6670188210227272
2020-11-06,5525.0,5875.0,5525.0,5825.0,3885.385498046875,62036900,ASII.JK,0.6670189696217811
2020-11-09,5800.0,5850.0,5600.0,5600.0,3735.305908203125,53921900,ASII.JK,0.6670189121791295
2020-11-10,5775.0,5850.0,5700.0,5750.0,3835.35791015625,60062700,ASII.JK,0.6670187669836957
2020-11-11,5850.0,6025.0,5850.0,6000.0,4002.113037109375,56581600,ASII.JK,0.6670188395182292
2020-11-12,5875.0,6025.0,5775.0,6000.0,4002.113037109375,67819100,ASII.JK,0.6670188395182292
2020-11-13,5900.0,5925.0,5850.0,5900.0,3935.411376953125,24090900,ASII.JK,0.6670188774496822
2020-11-16,5925.0,6000.0,5900.0,5925.0,3952.086669921875,62526400,ASII.JK,0.6670188472441984
2020-11-17,5950.0,5975.0,5800.0,5800.0,3868.709716796875,28012800,ASII.JK,0.6670189166891164
2020-11-18,5825.0,5875.0,5750.0,5775.0,3852.033935546875,25384700,ASII.JK,0.6670188632981602
2020-11-19,5750.0,5775.0,5725.0,5725.0,3818.682373046875,35427800,ASII.JK,0.6670187551173581
2020-11-20,5725.0,5825.0,5700.0,5725.0,3818.682373046875,33703300,ASII.JK,0.6670187551173581
2020-11-23,5725.0,5850.0,5725.0,5800.0,3868.709716796875,40933800,ASII.JK,0.6670189166891164
2020-11-24,5875.0,5875.0,5800.0,5800.0,3868.709716796875,33117500,ASII.JK,0.6670189166891164
2020-11-25,5825.0,5875.0,5550.0,5550.0,3701.954345703125,117614100,ASII.JK,0.66701880102759
2020-11-26,5525.0,5675.0,5500.0,5650.0,3768.656982421875,89572000,ASII.JK,0.6670189349419248
2020-11-27,5650.0,5700.0,5525.0,5550.0,3701.954345703125,98376500,ASII.JK,0.66701880102759
2020-11-30,5550.0,5575.0,5200.0,5300.0,3535.199951171875,311402400,ASII.JK,0.6670188587116745
2020-12-01,5425.0,5550.0,5400.0,5550.0,3701.954345703125,119445500,ASII.JK,0.66701880102759
2020-12-02,5600.0,5750.0,5575.0,5725.0,3818.682373046875,94220300,ASII.JK,0.6670187551173581
2020-12-03,5725.0,5750.0,5600.0,5625.0,3751.981201171875,54407800,ASII.JK,0.6670188802083333
2020-12-04,5625.0,5725.0,5550.0,5700.0,3802.007568359375,52405500,ASII.JK,0.6670188716419956
2020-12-07,5800.0,5900.0,5725.0,5850.0,3902.060791015625,92859500,ASII.JK,0.6670189386351496
2020-12-08,5850.0,5875.0,5675.0,5700.0,3802.007568359375,77339200,ASII.JK,0.6670188716419956
2020-12-10,5800.0,5875.0,5750.0,5825.0,3885.385498046875,92988900,ASII.JK,0.6670189696217811
2020-12-11,5825.0,5875.0,5650.0,5675.0,3785.332275390625,53669200,ASII.JK,0.6670189031525331
2020-12-14,5725.0,5750.0,5650.0,5675.0,3785.332275390625,43821600,ASII.JK,0.6670189031525331
2020-12-15,5675.0,5975.0,5650.0,5950.0,3968.762451171875,128853200,ASII.JK,0.6670188993566176
2020-12-16,6000.0,6200.0,6000.0,6125.0,4085.490966796875,98362500,ASII.JK,0.6670189333545918
2020-12-17,6125.0,6200.0,6050.0,6200.0,4135.517578125,76361900,ASII.JK,0.6670189642137097
2020-12-18,6250.0,6275.0,6175.0,6200.0,4135.517578125,81878000,ASII.JK,0.6670189642137097
2020-12-21,6200.0,6225.0,6100.0,6150.0,4102.16650390625,54800500,ASII.JK,0.6670189437245935
2020-12-22,6100.0,6250.0,5950.0,6075.0,4052.14013671875,94394100,ASII.JK,0.6670189525462963
2020-12-23,6025.0,6100.0,5825.0,6000.0,4002.113037109375,73880100,ASII.JK,0.6670188395182292
2020-12-28,6175.0,6175.0,5950.0,6075.0,4052.14013671875,32572200,ASII.JK,0.6670189525462963
2020-12-29,6100.0,6175.0,6000.0,6050.0,4035.463623046875,40341500,ASII.JK,0.667018780668905
2020-12-30,6100.0,6125.0,6025.0,6025.0,4018.7890625,39615400,ASII.JK,0.6670189315352697
2021-01-04,6100.0,6250.0,6025.0,6225.0,4152.19189453125,34840200,ASII.JK,0.6670187782379519
2021-01-05,6225.0,6250.0,6150.0,6175.0,4118.84130859375,27318400,ASII.JK,0.6670188353997976
2021-01-06,6175.0,6225.0,5950.0,6150.0,4102.16650390625,42778200,ASII.JK,0.6670189437245935
2021-01-07,6175.0,6200.0,6075.0,6075.0,4052.14013671875,33536400,ASII.JK,0.6670189525462963
2021-01-08,6150.0,6475.0,6100.0,6425.0,4285.595703125,88590400,ASII.JK,0.6670187864785992
2021-01-11,6500.0,6600.0,6475.0,6525.0,4352.29833984375,57622400,ASII.JK,0.667018902658046
2021-01-12,6425.0,6650.0,6400.0,6525.0,4352.29833984375,38226200,ASII.JK,0.667018902658046
2021-01-13,6600.0,6800.0,6500.0,6775.0,4519.05322265625,56171600,ASII.JK,0.667018925853321
2021-01-14,6850.0,6925.0,6775.0,6775.0,4519.05322265625,48209800,ASII.JK,0.667018925853321
2021-01-15,6800.0,6850.0,6525.0,6575.0,4385.6484375,45722300,ASII.JK,0.6670187737642586
2021-01-18,6575.0,6700.0,6525.0,6675.0,4452.3505859375,48444700,ASII.JK,0.6670188143726592
2021-01-19,6775.0,6775.0,6575.0,6675.0,4452.3505859375,37236400,ASII.JK,0.6670188143726592
2021-01-20,6625.0,6775.0,6625.0,6675.0,4452.3505859375,27403000,ASII.JK,0.6670188143726592
2021-01-21,6800.0,6800.0,6725.0,6800.0,4535.7275390625,32219700,ASII.JK,0.6670187557444853
2021-01-22,6825.0,6850.0,6600.0,6700.0,4469.02685546875,34960500,ASII.JK,0.6670189336520522
2021-01-25,6650.0,6650.0,6325.0,6475.0,4318.947265625,73391700,ASII.JK,0.6670188827220077
2021-01-26,6475.0,6575.0,6300.0,6350.0,4235.5703125,39158300,ASII.JK,0.6670189468503936
2021-01-27,6350.0,6350.0,6150.0,6275.0,4185.54296875,56444100,ASII.JK,0.6670187998007968
2021-01-28,6150.0,6450.0,6150.0,6275.0,4185.54296875,54596400,ASII.JK,0.6670187998007968
2021-01-29,6300.0,6375.0,5950.0,6100.0,4068.81494140625,71886200,ASII.JK,0.6670188428534836
2021-02-01,5850.0,6075.0,5750.0,6025.0,4018.7890625,57416200,ASII.JK,0.6670189315352697
2021-02-02,6150.0,6150.0,5875.0,5975.0,3985.438232421875,42421400,ASII.JK,0.6670189510329498
2021-02-03,6075.0,6275.0,5950.0,6150.0,4102.16650390625,76420800,ASII.JK,0.6670189437245935
2021-02-04,6225.0,6225.0,6125.0,6200.0,4135.517578125,29508100,ASII.JK,0.6670189642137097
2021-02-05,6250.0,6250.0,6050.0,6100.0,4068.81494140625,34366600,ASII.JK,0.6670188428534836
2021-02-08,6200.0,6200.0,6075.0,6100.0,4068.81494140625,28817400,ASII.JK,0.6670188428534836
2021-02-09,6100.0,6200.0,5825.0,5825.0,3885.385498046875,113795000,ASII.JK,0.6670189696217811
2021-02-10,5850.0,5975.0,5825.0,5900.0,3935.411376953125,43492200,ASII.JK,0.6670188774496822
2021-02-11,5875.0,5950.0,5825.0,5850.0,3902.060791015625,37890700,ASII.JK,0.6670189386351496
2021-02-15,6100.0,6250.0,5950.0,5950.0,3968.762451171875,178642200,ASII.JK,0.6670188993566176
2021-02-16,5975.0,6000.0,5900.0,5925.0,3952.086669921875,35796600,ASII.JK,0.6670188472441984
2021-02-17,5900.0,5925.0,5750.0,5800.0,3868.709716796875,56517500,ASII.JK,0.6670189166891164
2021-02-18,5750.0,5875.0,5725.0,5725.0,3818.682373046875,56765900,ASII.JK,0.6670187551173581
2021-02-19,5725.0,5850.0,5725.0,5775.0,3852.033935546875,42627800,ASII.JK,0.6670188632981602
2021-02-22,5825.0,5850.0,5700.0,5700.0,3802.007568359375,55230300,ASII.JK,0.6670188716419956
2021-02-23,5700.0,5825.0,5700.0,5725.0,3818.682373046875,60745000,ASII.JK,0.6670187551173581
2021-02-24,5775.0,5850.0,5600.0,5625.0,3751.981201171875,73050200,ASII.JK,0.6670188802083333
2021-02-25,5700.0,5700.0,5475.0,5575.0,3718.630615234375,123672200,ASII.JK,0.6670189444366592
2021-02-26,5450.0,5525.0,5350.0,5400.0,3601.9013671875,146271500,ASII.JK,0.6670187717013889
2021-03-01,5500.0,5600.0,5450.0,5600.0,3735.305908203125,118418900,ASII.JK,0.6670189121791295
2021-03-02,5650.0,5675.0,5550.0,5575.0,3718.630615234375,87061500,ASII.JK,0.6670189444366592
2021-03-03,5625.0,5700.0,5525.0,5675.0,3785.332275390625,49030200,ASII.JK,0.6670189031525331
2021-03-04,5675.0,5700.0,5525.0,5575.0,3718.630615234375,70766800,ASII.JK,0.6670189444366592
2021-03-05,5525.0,5575.0,5475.0,5500.0,3668.603515625,48034400,ASII.JK,0.6670188210227272
2021-03-08,5550.0,5625.0,5475.0,5550.0,3701.954345703125,55652900,ASII.JK,0.66701880102759
2021-03-09,5550.0,5650.0,5400.0,5525.0,3685.279541015625,66908800,ASII.JK,0.6670189214507919
2021-03-10,5500.0,5525.0,5400.0,5425.0,3618.5771484375,66154200,ASII.JK,0.6670188292050692
2021-03-12,5550.0,5575.0,5450.0,5475.0,3651.928466796875,87065000,ASII.JK,0.6670188980450913
2021-03-15,5525.0,5625.0,5500.0,5525.0,3685.279541015625,48489500,ASII.JK,0.6670189214507919
2021-03-16,5600.0,5725.0,5550.0,5550.0,3701.954345703125,64804400,ASII.JK,0.66701880102759
2021-03-17,5625.0,5650.0,5550.0,5575.0,3718.630615234375,61881600,ASII.JK,0.6670189444366592
2021-03-18,5675.0,5800.0,5625.0,5725.0,3818.682373046875,90338700,ASII.JK,0.6670187551173581
2021-03-19,5725.0,5775.0,5625.0,5775.0,3852.033935546875,80429800,ASII.JK,0.6670188632981602
2021-03-22,5750.0,5775.0,5550.0,5575.0,3718.630615234375,57320300,ASII.JK,0.6670189444366592
2021-03-23,5550.0,5675.0,5550.0,5575.0,3718.630615234375,46973100,ASII.JK,0.6670189444366592
2021-03-24,5575.0,5600.0,5450.0,5450.0,3635.2529296875,40065300,ASII.JK,0.6670188861811926
2021-03-25,5450.0,5525.0,5400.0,5450.0,3635.2529296875,49497900,ASII.JK,0.6670188861811926
2021-03-26,5525.0,5600.0,5475.0,5600.0,3735.305908203125,24880300,ASII.JK,0.6670189121791295
2021-03-29,5600.0,5650.0,5525.0,5525.0,3685.279541015625,25164100,ASII.JK,0.6670189214507919
2021-03-30,5475.0,5550.0,5400.0,5400.0,3601.9013671875,55842300,ASII.JK,0.6670187717013889
2021-03-31,5450.0,5450.0,5225.0,5275.0,3518.524658203125,89835200,ASII.JK,0.6670188925503554
2021-04-01,5350.0,5400.0,5325.0,5350.0,3568.550537109375,33323600,ASII.JK,0.6670187919830608
2021-04-05,5425.0,5450.0,5350.0,5350.0,3568.550537109375,29142200,ASII.JK,0.6670187919830608
2021-04-06,5375.0,5400.0,5300.0,5350.0,3568.550537109375,26040800,ASII.JK,0.6670187919830608
2021-04-07,5300.0,5350.0,5275.0,5325.0,3551.87548828125,33361900,ASII.JK,0.6670188710387324
2021-04-08,5375.0,5375.0,5300.0,5300.0,3535.199951171875,43680100,ASII.JK,0.6670188587116745
2021-04-09,5300.0,5400.0,5275.0,5275.0,3518.524658203125,59348800,ASII.JK,0.6670188925503554
2021-04-12,5250.0,5275.0,5050.0,5075.0,3385.12060546875,68211200,ASII.JK,0.6670188385160098
2021-04-13,5025.0,5175.0,5025.0,5075.0,3385.12060546875,53505400,ASII.JK,0.6670188385160098
2021-04-14,5150.0,5275.0,5100.0,5250.0,3501.848388671875,39277800,ASII.JK,0.6670187406994048
2021-04-15,5250.0,5275.0,5175.0,5250.0,3501.848388671875,34533700,ASII.JK,0.6670187406994048
2021-04-16,5300.0,5325.0,5200.0,5250.0,3501.848388671875,38151200,ASII.JK,0.6670187406994048
2021-04-19,5225.0,5250.0,5200.0,5200.0,3468.497802734375,30832600,ASII.JK,0.6670188082181491
2021-04-20,5150.0,5300.0,5150.0,5300.0,3535.199951171875,46601200,ASII.JK,0.6670188587116745
2021-04-21,5225.0,5275.0,5200.0,5225.0,3485.173583984375,47261000,ASII.JK,0.6670188677482057
2021-04-22,5225.0,5500.0,5225.0,5450.0,3635.2529296875,86785100,ASII.JK,0.6670188861811926
2021-04-23,5500.0,5650.0,5475.0,5625.0,3751.981201171875,95175600,ASII.JK,0.6670188802083333
2021-04-26,5625.0,5675.0,5600.0,5625.0,3751.981201171875,65428000,ASII.JK,0.6670188802083333
2021-04-27,5625.0,5650.0,5475.0,5525.0,3685.279541015625,41552600,ASII.JK,0.6670189214507919
2021-04-28,5400.0,5575.0,5325.0,5350.0,3568.550537109375,72011700,ASII.JK,0.6670187919830608
2021-04-29,5350.0,5475.0,5350.0,5425.0,3618.5771484375,43203100,ASII.JK,0.6670188292050692
2021-04-30,5450.0,5550.0,5375.0,5500.0,3668.603515625,56668600,ASII.JK,0.6670188210227272
2021-05-03,5450.0,5500.0,5400.0,5425.0,3676.736572265625,29451000,ASII.JK,0.6777394603254608
2021-05-04,5500.0,5575.0,5425.0,5500.0,3727.56689453125,39860400,ASII.JK,0.6777394353693181
2021-05-05,5525.0,5600.0,5475.0,5525.0,3744.5107421875,27270000,ASII.JK,0.6777395008484163
2021-05-06,5600.0,5600.0,5400.0,5425.0,3676.736572265625,34361400,ASII.JK,0.6777394603254608
2021-05-07,5450.0,5475.0,5275.0,5325.0,3608.962646484375,30771700,ASII.JK,0.6777394641285212
2021-05-10,5350.0,5425.0,5350.0,5375.0,3642.849853515625,25429700,ASII.JK,0.6777395076308139
2021-05-11,5400.0,5425.0,5175.0,5225.0,3541.188720703125,49162600,ASII.JK,0.6777394680771531
2021-05-17,5300.0,5325.0,5125.0,5175.0,3507.302001953125,47623100,ASII.JK,0.677739517285628
2021-05-18,5150.0,5200.0,5100.0,5150.0,3490.357666015625,45784300,ASII.JK,0.6777393526243932
2021-05-19,5100.0,5125.0,5025.0,5050.0,3422.58447265625,47008800,ASII.JK,0.6777394995358911
2021-05-20,5050.0,5200.0,5025.0,5175.0,3507.302001953125,49746900,ASII.JK,0.677739517285628
2021-05-21,5175.0,5225.0,5050.0,5050.0,3422.58447265625,43416900,ASII.JK,0.6777394995358911
2021-05-24,5100.0,5150.0,5025.0,5100.0,3456.4716796875,33540000,ASII.JK,0.6777395450367647
2021-05-25,5100.0,5150.0,5050.0,5075.0,3439.527587890625,45393500,ASII.JK,0.6777394261853448
2021-05-27,5100.0,5225.0,5075.0,5150.0,3490.357666015625,99709500,ASII.JK,0.6777393526243932
2021-05-28,5175.0,5225.0,5125.0,5150.0,3490.357666015625,24346700,ASII.JK,0.6777393526243932
2021-05-31,5175.0,5300.0,5150.0,5250.0,3558.131591796875,41498000,ASII.JK,0.6777393508184524
2021-06-02,5350.0,5350.0,5275.0,5325.0,3608.962646484375,43217400,ASII.JK,0.6777394641285212
2021-06-03,5350.0,5350.0,5275.0,5350.0,3625.906005859375,49012700,ASII.JK,0.6777394403475467
2021-06-04,5325.0,5350.0,5200.0,5225.0,3541.188720703125,35211100,ASII.JK,0.6777394680771531
2021-06-07,5225.0,5300.0,5200.0,5250.0,3558.131591796875,31693200,ASII.JK,0.6777393508184524
2021-06-08,5300.0,5325.0,5200.0,5275.0,3575.075927734375,35402300,ASII.JK,0.6777395123667062
2021-06-09,5275.0,5350.0,5225.0,5325.0,3608.962646484375,24331300,ASII.JK,0.6777394641285212
2021-06-10,5400.0,5425.0,5325.0,5400.0,3659.792724609375,42924200,ASII.JK,0.6777393934461805
2021-06-11,5400.0,5425.0,5250.0,5275.0,3575.075927734375,44421700,ASII.JK,0.6777395123667062
2021-06-14,5350.0,5350.0,5150.0,5175.0,3507.302001953125,40699500,ASII.JK,0.677739517285628
2021-06-15,5175.0,5200.0,5125.0,5150.0,3490.357666015625,35915800,ASII.JK,0.6777393526243932
2021-06-16,5200.0,5200.0,5125.0,5150.0,3490.357666015625,29144900,ASII.JK,0.6777393526243932
2021-06-17,5125.0,5150.0,5075.0,5100.0,3456.4716796875,38074600,ASII.JK,0.6777395450367647
2021-06-18,5075.0,5125.0,4900.0,5000.0,3388.697265625,112157600,ASII.JK,0.677739453125
2021-06-21,4920.0,4970.0,4760.0,4920.0,3334.478515625,48183300,ASII.JK,0.6777395356961382
2021-06-22,4920.0,5025.0,4900.0,4920.0,3334.478515625,47156200,ASII.JK,0.6777395356961382
2021-06-23,4980.0,5025.0,4920.0,4930.0,3341.255615234375,46351900,ASII.JK,0.6777394757067697
2021-06-24,4930.0,4980.0,4910.0,4940.0,3348.032958984375,24665200,ASII.JK,0.6777394653814525
2021-06-25,4940.0,4980.0,4910.0,4920.0,3334.478515625,33125300,ASII.JK,0.6777395356961382
2021-06-28,4920.0,4930.0,4710.0,4710.0,3192.153564453125,53083400,ASII.JK,0.6777396102872877
2021-06-29,4730.0,4920.0,4710.0,4840.0,3280.25927734375,70425700,ASII.JK,0.6777395201123451
2021-06-30,4830.0,5000.0,4820.0,4940.0,3348.032958984375,34641700,ASII.JK,0.6777394653814525
2021-07-01,4990.0,5100.0,4950.0,5025.0,3405.640869140625,42856900,ASII.JK,0.6777394764458955
2021-07-02,5025.0,5075.0,4980.0,5000.0,3388.697265625,22436900,ASII.JK,0.677739453125
2021-07-05,5050.0,5075.0,4920.0,4940.0,3348.032958984375,27554100,ASII.JK,0.6777394653814525
2021-07-06,4970.0,4970.0,4890.0,4900.0,3320.923828125,31280100,ASII.JK,0.677739556760204
2021-07-07,4900.0,4990.0,4860.0,4900.0,3320.923828125,35907800,ASII.JK,0.677739556760204
2021-07-08,4930.0,4960.0,4850.0,4880.0,3307.3681640625,40566600,ASII.JK,0.6777393778816598
2021-07-09,4880.0,4920.0,4870.0,4910.0,3327.70068359375,21088500,ASII.JK,0.6777394467604378
2021-07-12,4910.0,4950.0,4880.0,4920.0,3334.478515625,26816600,ASII.JK,0.6777395356961382
2021-07-13,4950.0,4960.0,4850.0,4900.0,3320.923828125,28998600,ASII.JK,0.677739556760204
2021-07-14,4920.0,4920.0,4730.0,4730.0,3205.707763671875,43408700,ASII.JK,0.6777394849200581
2021-07-15,4730.0,4840.0,4640.0,4810.0,3259.926513671875,50750700,ASII.JK,0.6777393999317828
2021-07-16,4840.0,4910.0,4820.0,4880.0,3307.3681640625,32544000,ASII.JK,0.6777393778816598
2021-07-19,4850.0,4870.0,4780.0,4780.0,3239.594482421875,25106100,ASII.JK,0.6777394314690115
2021-07-21,4780.0,4930.0,4780.0,4870.0,3300.59130859375,41716000,ASII.JK,0.6777394884176078
2021-07-22,4930.0,5025.0,4900.0,4980.0,3375.14306640625,36287300,ASII.JK,0.6777395715675201
2021-07-23,5000.0,5000.0,4910.0,4950.0,3354.810791015625,26847700,ASII.JK,0.6777395537405303
2021-07-26,4950.0,4970.0,4770.0,4770.0,3232.817626953125,43373400,ASII.JK,0.6777395444346174
2021-07-27,4770.0,4830.0,4730.0,4760.0,3226.03955078125,42635500,ASII.JK,0.6777394014246324
2021-07-28,4780.0,4790.0,4710.0,4710.0,3192.153564453125,24083000,ASII.JK,0.6777396102872877
2021-07-29,4720.0,4740.0,4650.0,4650.0,3151.48876953125,50238500,ASII.JK,0.6777395203293011
2021-07-30,4710.0,4840.0,4670.0,4720.0,3198.93017578125,65379500,ASII.JK,0.6777394440214513
2021-08-02,4730.0,4820.0,4730.0,4820.0,3266.704345703125,39192600,ASII.JK,0.677739490809777
2021-08-03,4840.0,4970.0,4830.0,4940.0,3348.032958984375,46414100,ASII.JK,0.6777394653814525
2021-08-04,4970.0,4970.0,4870.0,4900.0,3320.923828125,25646900,ASII.JK,0.677739556760204
2021-08-05,4900.0,4930.0,4860.0,4890.0,3314.145751953125,31304900,ASII.JK,0.6777394175773261
2021-08-06,4940.0,4980.0,4880.0,4940.0,3348.032958984375,45454600,ASII.JK,0.6777394653814525
2021-08-09,4940.0,4950.0,4830.0,4860.0,3293.8134765625,31858700,ASII.JK,0.6777393984696503
2021-08-10,4900.0,4930.0,4840.0,4910.0,3327.70068359375,41920300,ASII.JK,0.6777394467604378
2021-08-12,4940.0,4960.0,4880.0,4940.0,3348.032958984375,22191700,ASII.JK,0.6777394653814525
2021-08-13,4960.0,5075.0,4960.0,5025.0,3405.640869140625,62673300,ASII.JK,0.6777394764458955
2021-08-16,5050.0,5075.0,4990.0,5075.0,3439.527587890625,46949700,ASII.JK,0.6777394261853448
2021-08-18,5100.0,5300.0,5075.0,5225.0,3541.188720703125,102560600,ASII.JK,0.6777394680771531
2021-08-19,5225.0,5275.0,5075.0,5150.0,3490.357666015625,53594900,ASII.JK,0.6777393526243932
2021-08-20,5150.0,5150.0,5000.0,5100.0,3456.4716796875,32878200,ASII.JK,0.6777395450367647
2021-08-23,5100.0,5150.0,5050.0,5100.0,3456.4716796875,30921500,ASII.JK,0.6777395450367647
2021-08-24,5175.0,5175.0,5050.0,5075.0,3439.527587890625,32783500,ASII.JK,0.6777394261853448
2021-08-25,5150.0,5200.0,5075.0,5150.0,3490.357666015625,26870400,ASII.JK,0.6777393526243932
2021-08-26,5200.0,5200.0,5050.0,5100.0,3456.4716796875,28757400,ASII.JK,0.6777395450367647
2021-08-27,5100.0,5100.0,5050.0,5050.0,3422.58447265625,26966100,ASII.JK,0.6777394995358911
2021-08-30,5100.0,5275.0,5100.0,5275.0,3575.075927734375,51914600,ASII.JK,0.6777395123667062
2021-08-31,5275.0,5300.0,5200.0,5225.0,3541.188720703125,45649200,ASII.JK,0.6777394680771531
2021-09-01,5225.0,5275.0,5100.0,5175.0,3507.302001953125,26732500,ASII.JK,0.677739517285628
2021-09-02,5200.0,5250.0,5175.0,5250.0,3558.131591796875,17335000,ASII.JK,0.6777393508184524
2021-09-03,5250.0,5350.0,5200.0,5350.0,3625.906005859375,28004500,ASII.JK,0.6777394403475467
2021-09-06,5375.0,5450.0,5325.0,5425.0,3676.736572265625,28315200,ASII.JK,0.6777394603254608
2021-09-07,5425.0,5450.0,5300.0,5350.0,3625.906005859375,23685800,ASII.JK,0.6777394403475467
2021-09-08,5375.0,5375.0,5250.0,5250.0,3558.131591796875,44076000,ASII.JK,0.6777393508184524
2021-09-09,5250.0,5450.0,5250.0,5450.0,3693.68017578125,49118000,ASII.JK,0.6777394817947248
2021-09-10,5450.0,5475.0,5375.0,5425.0,3676.736572265625,31997100,ASII.JK,0.6777394603254608
2021-09-13,5425.0,5500.0,5350.0,5450.0,3693.68017578125,29796400,ASII.JK,0.6777394817947248
2021-09-14,5500.0,5550.0,5450.0,5525.0,3744.5107421875,34356900,ASII.JK,0.6777395008484163
2021-09-15,5525.0,5550.0,5375.0,5400.0,3659.792724609375,61522300,ASII.JK,0.6777393934461805
2021-09-16,5425.0,5475.0,5350.0,5375.0,3642.849853515625,27187700,ASII.JK,0.6777395076308139
2021-09-17,5375.0,5425.0,5275.0,5425.0,3676.736572265625,44004000,ASII.JK,0.6777394603254608
2021-09-20,5425.0,5425.0,5225.0,5300.0,3592.01904296875,46896100,ASII.JK,0.6777394420695755
2021-09-21,5275.0,5275.0,5150.0,5225.0,3541.188720703125,23656300,ASII.JK,0.6777394680771531
2021-09-22,5225.0,5350.0,5200.0,5275.0,3575.075927734375,21750800,ASII.JK,0.6777395123667062
2021-09-23,5275.0,5325.0,5150.0,5150.0,3490.357666015625,27178400,ASII.JK,0.6777393526243932
2021-09-24,5150.0,5225.0,5125.0,5150.0,3490.357666015625,29394300,ASII.JK,0.6777393526243932
2021-09-27,5150.0,5225.0,5125.0,5175.0,3507.302001953125,25252300,ASII.JK,0.677739517285628
2021-09-28,5175.0,5200.0,5075.0,5075.0,3439.527587890625,35640900,ASII.JK,0.6777394261853448
2021-09-29,5075.0,5350.0,5050.0,5325.0,3608.962646484375,42995900,ASII.JK,0.6777394641285212
2021-09-30,5375.0,5500.0,5300.0,5500.0,3727.56689453125,44723000,ASII.JK,0.6777394353693181
2021-10-01,5450.0,5500.0,5400.0,5450.0,3693.68017578125,27484100,ASII.JK,0.6777394817947248
2021-10-04,5500.0,5625.0,5475.0,5575.0,3778.39794921875,52074900,ASII.JK,0.6777395424607623
2021-10-05,5575.0,5650.0,5500.0,5550.0,3761.453857421875,27128000,ASII.JK,0.6777394337697072
2021-10-06,5600.0,6100.0,5575.0,5975.0,4049.493408203125,168237500,ASII.JK,0.677739482544456
2021-10-07,5975.0,6000.0,5700.0,5700.0,3863.11474609375,97516000,ASII.JK,0.6777394291392543
2021-10-08,5700.0,5975.0,5625.0,5900.0,4030.482666015625,91094200,ASII.JK,0.6831326552568856
2021-10-11,5925.0,5950.0,5775.0,5775.0,3945.091064453125,38994500,ASII.JK,0.683132651853355
2021-10-12,5800.0,5950.0,5775.0,5875.0,4013.404296875,68823100,ASII.JK,0.6831326462765958
2021-10-13,5950.0,6300.0,5925.0,6275.0,4286.6572265625,143652900,ASII.JK,0.683132625747012
2021-10-14,6300.0,6450.0,6125.0,6225.0,4252.50048828125,104502800,ASII.JK,0.683132608559237
2021-10-15,6275.0,6300.0,6125.0,6250.0,4269.5791015625,82896700,ASII.JK,0.68313265625
2021-10-18,6275.0,6350.0,6200.0,6225.0,4252.50048828125,61419000,ASII.JK,0.683132608559237
2021-10-19,6275.0,6375.0,6200.0,6350.0,4337.892578125,52117000,ASII.JK,0.6831326894685039
2021-10-21,6350.0,6350.0,6125.0,6150.0,4201.265625,132905200,ASII.JK,0.6831326219512195
2021-10-22,6150.0,6225.0,6125.0,6175.0,4218.3447265625,26886400,ASII.JK,0.6831327492408907
2021-10-25,6200.0,6225.0,6025.0,6050.0,4132.95263671875,51872000,ASII.JK,0.6831326672262397
2021-10-26,6050.0,6175.0,6050.0,6150.0,4201.265625,25950500,ASII.JK,0.6831326219512195
2021-10-27,6100.0,6125.0,6000.0,6000.0,4098.7958984375,40588700,ASII.JK,0.6831326497395833
2021-10-28,6000.0,6175.0,5950.0,6000.0,4098.7958984375,50046900,ASII.JK,0.6831326497395833
2021-10-29,6225.0,6250.0,6025.0,6025.0,4115.8740234375,82397400,ASII.JK,0.6831326179979254
2021-11-01,6050.0,6150.0,6025.0,6025.0,4115.8740234375,37254100,ASII.JK,0.6831326179979254
2021-11-02,6025.0,6100.0,5900.0,5900.0,4030.482666015625,25293400,ASII.JK,0.6831326552568856
2021-11-03,5900.0,6025.0,5825.0,5975.0,4081.7177734375,90495000,ASII.JK,0.6831326817468619
2021-11-04,6075.0,6075.0,5950.0,5975.0,4081.7177734375,41774200,ASII.JK,0.6831326817468619
2021-11-05,5900.0,5975.0,5850.0,5925.0,4047.561279296875,80775400,ASII.JK,0.6831327053665612
2021-11-08,5925.0,6000.0,5900.0,5925.0,4047.561279296875,23177300,ASII.JK,0.6831327053665612
2021-11-09,5900.0,5950.0,5850.0,5850.0,3996.325439453125,41112200,ASII.JK,0.6831325537526709
2021-11-10,5925.0,6250.0,5875.0,6175.0,4218.3447265625,104312600,ASII.JK,0.6831327492408907
2021-11-11,6200.0,6250.0,6150.0,6175.0,4218.3447265625,51111700,ASII.JK,0.6831327492408907
2021-11-12,6200.0,6225.0,6075.0,6150.0,4201.265625,26920800,ASII.JK,0.6831326219512195
2021-11-15,6150.0,6175.0,6050.0,6125.0,4184.1875,22148900,ASII.JK,0.6831326530612245
2021-11-16,6125.0,6250.0,6100.0,6175.0,4218.3447265625,42681000,ASII.JK,0.6831327492408907
2021-11-17,6225.0,6250.0,6175.0,6250.0,4269.5791015625,49120900,ASII.JK,0.68313265625
2021-11-18,6250.0,6250.0,6175.0,6200.0,4235.42236328125,29629900,ASII.JK,0.6831326392389113
2021-11-19,6225.0,6250.0,6200.0,6225.0,4252.50048828125,37505200,ASII.JK,0.683132608559237
2021-11-22,6250.0,6375.0,6125.0,6200.0,4235.42236328125,62612600,ASII.JK,0.6831326392389113
2021-11-23,6250.0,6300.0,6175.0,6250.0,4269.5791015625,31557400,ASII.JK,0.68313265625
2021-11-24,6275.0,6275.0,6200.0,6225.0,4252.50048828125,25645300,ASII.JK,0.683132608559237
2021-11-25,6250.0,6300.0,6175.0,6225.0,4252.50048828125,32763500,ASII.JK,0.683132608559237
2021-11-26,6200.0,6225.0,5875.0,5900.0,4030.482666015625,93634100,ASII.JK,0.6831326552568856
2021-11-29,5900.0,6000.0,5750.0,5975.0,4081.7177734375,87367400,ASII.JK,0.6831326817468619
2021-11-30,5950.0,5975.0,5750.0,5775.0,3945.091064453125,97592700,ASII.JK,0.683132651853355
2021-12-01,5825.0,5850.0,5625.0,5650.0,3859.699462890625,102412800,ASII.JK,0.6831326482992257
2021-12-02,5650.0,5875.0,5600.0,5850.0,3996.325439453125,48422300,ASII.JK,0.6831325537526709
2021-12-03,5900.0,5925.0,5725.0,5750.0,3928.012451171875,31882900,ASII.JK,0.6831326002038044
2021-12-06,5750.0,5800.0,5650.0,5650.0,3859.699462890625,53112400,ASII.JK,0.6831326482992257
2021-12-07,5700.0,5925.0,5700.0,5925.0,4047.561279296875,39679500,ASII.JK,0.6831327053665612
2021-12-08,5925.0,5950.0,5775.0,5800.0,3962.1689453125,44189500,ASII.JK,0.6831325767780172
2021-12-09,5900.0,6000.0,5800.0,6000.0,4098.7958984375,35386900,ASII.JK,0.6831326497395833
2021-12-10,5950.0,5950.0,5800.0,5925.0,4047.561279296875,55629400,ASII.JK,0.6831327053665612
2021-12-13,5925.0,5975.0,5875.0,5900.0,4030.482666015625,30655800,ASII.JK,0.6831326552568856
2021-12-14,5925.0,5925.0,5850.0,5875.0,4013.404296875,17233700,ASII.JK,0.6831326462765958
2021-12-15,5900.0,6050.0,5875.0,6000.0,4098.7958984375,51113700,ASII.JK,0.6831326497395833
2021-12-16,6025.0,6050.0,5800.0,5800.0,3962.1689453125,56929600,ASII.JK,0.6831325767780172
2021-12-17,5800.0,5825.0,5725.0,5800.0,3962.1689453125,55854900,ASII.JK,0.6831325767780172
2021-12-20,5750.0,5775.0,5675.0,5675.0,3876.777587890625,26290000,ASII.JK,0.6831326146062775
2021-12-21,5675.0,5750.0,5650.0,5650.0,3859.699462890625,29127800,ASII.JK,0.6831326482992257
2021-12-22,5700.0,5775.0,5625.0,5625.0,3842.620849609375,33727100,ASII.JK,0.6831325954861112
2021-12-23,5650.0,5750.0,5625.0,5725.0,3910.93408203125,21744100,ASII.JK,0.6831325907478166
2021-12-24,5725.0,5750.0,5650.0,5675.0,3876.777587890625,16203800,ASII.JK,0.6831326146062775
2021-12-27,5725.0,5750.0,5650.0,5675.0,3876.777587890625,20426700,ASII.JK,0.6831326146062775
2021-12-28,5675.0,5750.0,5650.0,5725.0,3910.93408203125,21833300,ASII.JK,0.6831325907478166
2021-12-29,5750.0,5775.0,5675.0,5750.0,3928.012451171875,14260000,ASII.JK,0.6831326002038044
2021-12-30,5775.0,5775.0,5700.0,5700.0,3893.855712890625,17144000,ASII.JK,0.6831325812088815
2022-01-03,5675.0,5750.0,5625.0,5725.0,3910.93408203125,27052300,ASII.JK,0.6831325907478166
2022-01-04,5750.0,5875.0,5725.0,5775.0,3945.091064453125,29770700,ASII.JK,0.683132651853355
2022-01-05,5725.0,5775.0,5550.0,5575.0,3808.464599609375,50423900,ASII.JK,0.6831326636070628
2022-01-06,5600.0,5675.0,5575.0,5675.0,3876.777587890625,32155800,ASII.JK,0.6831326146062775
2022-01-07,5725.0,5750.0,5650.0,5700.0,3893.855712890625,25014800,ASII.JK,0.6831325812088815
2022-01-10,5675.0,5725.0,5650.0,5650.0,3859.699462890625,15379400,ASII.JK,0.6831326482992257
2022-01-11,5700.0,5700.0,5650.0,5700.0,3893.855712890625,21800300,ASII.JK,0.6831325812088815
2022-01-12,5725.0,5725.0,5650.0,5725.0,3910.93408203125,21283700,ASII.JK,0.6831325907478166
2022-01-13,5725.0,5775.0,5675.0,5775.0,3945.091064453125,18618100,ASII.JK,0.683132651853355
2022-01-14,5775.0,5800.0,5700.0,5725.0,3910.93408203125,17719100,ASII.JK,0.6831325907478166
2022-01-17,5775.0,5775.0,5650.0,5675.0,3876.777587890625,15859100,ASII.JK,0.6831326146062775
2022-01-18,5675.0,5725.0,5575.0,5650.0,3859.699462890625,28165300,ASII.JK,0.6831326482992257
2022-01-19,5650.0,5675.0,5575.0,5600.0,3825.542724609375,38051800,ASII.JK,0.6831326293945312
2022-01-20,5600.0,5625.0,5500.0,5525.0,3774.30810546875,46564600,ASII.JK,0.6831326887726245
2022-01-21,5525.0,5625.0,5500.0,5600.0,3825.542724609375,40709600,ASII.JK,0.6831326293945312
2022-01-24,5600.0,5625.0,5525.0,5525.0,3774.30810546875,27127800,ASII.JK,0.6831326887726245
2022-01-25,5500.0,5500.0,5375.0,5450.0,3723.072509765625,56709200,ASII.JK,0.6831325705991973
2022-01-26,5500.0,5500.0,5425.0,5450.0,3723.072509765625,27985700,ASII.JK,0.6831325705991973
2022-01-27,5425.0,5525.0,5400.0,5475.0,3740.151611328125,34574800,ASII.JK,0.6831327143978311
2022-01-28,5475.0,5525.0,5450.0,5475.0,3740.151611328125,27378500,ASII.JK,0.6831327143978311
2022-01-31,5475.0,5550.0,5450.0,5475.0,3740.151611328125,32006300,ASII.JK,0.6831327143978311
2022-02-02,5500.0,5525.0,5425.0,5500.0,3757.229248046875,33450400,ASII.JK,0.6831325905539772
2022-02-03,5500.0,5550.0,5450.0,5500.0,3757.229248046875,38565600,ASII.JK,0.6831325905539772
2022-02-04,5525.0,5525.0,5475.0,5500.0,3757.229248046875,16052500,ASII.JK,0.6831325905539772
2022-02-07,5500.0,5525.0,5450.0,5475.0,3740.151611328125,46685400,ASII.JK,0.6831327143978311
2022-02-08,5525.0,5700.0,5500.0,5550.0,3791.386474609375,95691000,ASII.JK,0.6831326981278153
2022-02-09,5550.0,5650.0,5475.0,5550.0,3791.386474609375,80244900,ASII.JK,0.6831326981278153
2022-02-10,5575.0,5625.0,5450.0,5450.0,3723.072509765625,93265400,ASII.JK,0.6831325705991973
2022-02-11,5450.0,5475.0,5400.0,5450.0,3723.072509765625,36376700,ASII.JK,0.6831325705991973
2022-02-14,5400.0,5425.0,5250.0,5300.0,3620.6025390625,74307400,ASII.JK,0.6831325545400944
2022-02-15,5300.0,5525.0,5300.0,5500.0,3757.229248046875,77964800,ASII.JK,0.6831325905539772
2022-02-16,5550.0,5600.0,5475.0,5475.0,3740.151611328125,46730000,ASII.JK,0.6831327143978311
2022-02-17,5500.0,5525.0,5425.0,5475.0,3740.151611328125,47572000,ASII.JK,0.6831327143978311
2022-02-18,5450.0,5625.0,5425.0,5600.0,3825.542724609375,53981400,ASII.JK,0.6831326293945312
2022-02-21,5625.0,5650.0,5550.0,5575.0,3808.464599609375,27509200,ASII.JK,0.6831326636070628
2022-02-22,5525.0,5575.0,5450.0,5575.0,3808.464599609375,49233600,ASII.JK,0.6831326636070628
2022-02-23,5575.0,5650.0,5525.0,5650.0,3859.699462890625,44299100,ASII.JK,0.6831326482992257
2022-02-24,5625.0,5775.0,5525.0,5700.0,3893.855712890625,76492000,ASII.JK,0.6831325812088815
2022-02-25,5700.0,5800.0,5650.0,5800.0,3962.1689453125,97598000,ASII.JK,0.6831325767780172
2022-03-01,5800.0,5950.0,5700.0,5700.0,3893.855712890625,101227600,ASII.JK,0.6831325812088815
2022-03-02,5650.0,5700.0,5500.0,5525.0,3774.30810546875,80565600,ASII.JK,0.6831326887726245
2022-03-04,5575.0,5675.0,5525.0,5625.0,3842.620849609375,50348400,ASII.JK,0.6831325954861112
2022-03-07,5600.0,5825.0,5550.0,5800.0,3962.1689453125,59978000,ASII.JK,0.6831325767780172
2022-03-08,6000.0,6550.0,5975.0,6250.0,4269.5791015625,256655000,ASII.JK,0.68313265625
2022-03-09,6500.0,6500.0,6225.0,6300.0,4303.73583984375,107853200,ASII.JK,0.6831326729910714
2022-03-10,6300.0,6300.0,6150.0,6250.0,4269.5791015625,56584100,ASII.JK,0.68313265625
2022-03-11,6175.0,6300.0,6125.0,6275.0,4286.6572265625,32940500,ASII.JK,0.683132625747012
2022-03-14,6350.0,6425.0,6300.0,6375.0,4354.970703125,61811900,ASII.JK,0.6831326593137255
2022-03-15,6425.0,6450.0,6275.0,6300.0,4303.73583984375,57193600,ASII.JK,0.6831326729910714
2022-03-16,6325.0,6400.0,6300.0,6400.0,4372.048828125,55776300,ASII.JK,0.6831326293945312
2022-03-17,6400.0,6475.0,6350.0,6425.0,4389.126953125,53844700,ASII.JK,0.6831325997081712
2022-03-18,6450.0,6450.0,6325.0,6400.0,4372.048828125,69493500,ASII.JK,0.6831326293945312
2022-03-21,6450.0,6600.0,6450.0,6600.0,4508.67578125,72452300,ASII.JK,0.6831326941287879
2022-03-22,6600.0,6600.0,6500.0,6575.0,4491.59716796875,39260600,ASII.JK,0.6831326491207225
2022-03-23,6575.0,6575.0,6450.0,6475.0,4423.2841796875,27348900,ASII.JK,0.6831326918436293
2022-03-24,6425.0,6575.0,6425.0,6575.0,4491.59716796875,37635100,ASII.JK,0.6831326491207225
2022-03-25,6550.0,6575.0,6375.0,6400.0,4372.048828125,42984300,ASII.JK,0.6831326293945312
2022-03-28,6400.0,6775.0,6400.0,6700.0,4576.9892578125,68545500,ASII.JK,0.6831327250466418
2022-03-29,6600.0,6700.0,6550.0,6550.0,4474.51806640625,24901500,ASII.JK,0.6831325292223283
2022-03-30,6550.0,6650.0,6500.0,6650.0,4542.83203125,34320500,ASII.JK,0.6831326362781955
2022-03-31,6675.0,6675.0,6575.0,6575.0,4491.59716796875,41346500,ASII.JK,0.6831326491207225
2022-04-01,6775.0,6775.0,6625.0,6700.0,4576.9892578125,35365600,ASII.JK,0.6831327250466418
2022-04-04,6775.0,6825.0,6675.0,6825.0,4662.38037109375,29374100,ASII.JK,0.6831326551053114
2022-04-05,6825.0,6900.0,6725.0,6900.0,4713.61474609375,28581200,ASII.JK,0.683132571897645
2022-04-06,6825.0,7000.0,6800.0,7000.0,4781.92822265625,48854700,ASII.JK,0.6831326032366072
2022-04-07,6950.0,7000.0,6850.0,6900.0,4713.61474609375,41492600,ASII.JK,0.683132571897645
2022-04-08,7000.0,7075.0,6900.0,7000.0,4781.92822265625,55006300,ASII.JK,0.6831326032366072
2022-04-11,6975.0,7000.0,6750.0,6850.0,4679.458984375,51481700,ASII.JK,0.6831326984489051
2022-04-12,6875.0,6950.0,6825.0,6950.0,4747.771484375,41879800,ASII.JK,0.6831325876798561
2022-04-13,6950.0,7000.0,6875.0,6975.0,4764.85009765625,52818100,ASII.JK,0.6831326304883513
2022-04-14,6975.0,7050.0,6875.0,6875.0,4696.53662109375,23891600,ASII.JK,0.6831325994318181
2022-04-18,6900.0,7050.0,6900.0,7000.0,4781.92822265625,32962100,ASII.JK,0.6831326032366072
2022-04-19,7050.0,7050.0,6800.0,6900.0,4713.61474609375,29237600,ASII.JK,0.683132571897645
2022-04-20,6900.0,6975.0,6825.0,6900.0,4713.61474609375,39881900,ASII.JK,0.683132571897645
2022-04-21,6925.0,7100.0,6900.0,7000.0,4781.92822265625,51438900,ASII.JK,0.6831326032366072
2022-04-22,6975.0,7100.0,6875.0,7050.0,4816.0849609375,39795300,ASII.JK,0.683132618572695
2022-04-25,7050.0,7150.0,6875.0,7075.0,4833.1630859375,52305700,ASII.JK,0.6831325916519435
2022-04-26,7100.0,7200.0,7000.0,7200.0,4918.5546875,39223700,ASII.JK,0.6831325954861112
2022-04-27,7175.0,7200.0,7050.0,7125.0,4867.3203125,34988500,ASII.JK,0.6831326754385965
2022-04-28,7250.0,7700.0,7225.0,7575.0,5174.7294921875,118152200,ASII.JK,0.6831326062293729
2022-05-09,7425.0,7425.0,7050.0,7050.0,4942.66943359375,81089600,ASII.JK,0.7010878629210993
2022-05-10,6650.0,7000.0,6625.0,7000.0,4907.615234375,118477400,ASII.JK,0.701087890625
2022-05-11,7025.0,7225.0,6900.0,6900.0,4837.505859375,71287600,ASII.JK,0.7010878057065217
2022-05-12,6900.0,7025.0,6725.0,6850.0,4802.4521484375,45587500,ASII.JK,0.7010879048813868
2022-05-13,6900.0,7225.0,6850.0,7125.0,4995.2509765625,73260300,ASII.JK,0.7010878563596491
2022-05-17,7250.0,7300.0,7000.0,7000.0,4907.615234375,40279200,ASII.JK,0.701087890625
2022-05-18,6975.0,7200.0,6925.0,7100.0,4977.7236328125,44859900,ASII.JK,0.7010878356073944
2022-05-19,6925.0,7125.0,6850.0,7000.0,4907.615234375,27558300,ASII.JK,0.701087890625
2022-05-20,7050.0,7200.0,7050.0,7125.0,4995.2509765625,37674800,ASII.JK,0.7010878563596491
2022-05-23,7125.0,7175.0,6825.0,6950.0,4872.560546875,46368600,ASII.JK,0.7010878484712231
2022-05-24,7025.0,7200.0,7025.0,7150.0,5012.77880859375,52177200,ASII.JK,0.7010879452578671
2022-05-25,7100.0,7175.0,7050.0,7100.0,4977.7236328125,51200500,ASII.JK,0.7010878356073944
2022-05-27,7200.0,7300.0,7150.0,7225.0,5065.35986328125,34766600,ASII.JK,0.701087870350346
2022-05-30,7275.0,7275.0,7125.0,7250.0,5082.88720703125,37147800,ASII.JK,0.701087890625
2022-05-31,7250.0,7475.0,7250.0,7350.0,5152.99560546875,90800300,ASII.JK,0.7010878374787415
2022-06-02,7300.0,7500.0,7250.0,7325.0,5135.46923828125,72733400,ASII.JK,0.7010879506186006
2022-06-03,7350.0,7475.0,7300.0,7300.0,5117.94140625,43947400,ASII.JK,0.701087863869863
2022-06-06,7200.0,7250.0,7075.0,7225.0,5065.35986328125,53388400,ASII.JK,0.701087870350346
2022-06-07,7300.0,7400.0,7200.0,7200.0,5047.8330078125,54814500,ASII.JK,0.7010879177517361
2022-06-08,7150.0,7350.0,7150.0,7175.0,5030.30615234375,33478600,ASII.JK,0.7010879654834494
2022-06-09,7150.0,7350.0,7150.0,7200.0,5047.8330078125,37787500,ASII.JK,0.7010879177517361
2022-06-10,7100.0,7175.0,6925.0,6925.0,4855.033203125,57621000,ASII.JK,0.701087827166065
2022-06-13,6900.0,7100.0,6725.0,7025.0,4925.142578125,59781700,ASII.JK,0.7010879114768683
2022-06-14,6875.0,7000.0,6875.0,6975.0,4890.087890625,38001800,ASII.JK,0.7010878696236559
2022-06-15,6975.0,6975.0,6700.0,6700.0,4697.2890625,50804600,ASII.JK,0.7010879197761194
2022-06-16,6850.0,6950.0,6750.0,6850.0,4802.4521484375,74982600,ASII.JK,0.7010879048813868
2022-06-17,6675.0,6950.0,6675.0,6950.0,4872.560546875,63931400,ASII.JK,0.7010878484712231
2022-06-20,6950.0,6975.0,6750.0,6925.0,4855.033203125,44263700,ASII.JK,0.701087827166065
2022-06-21,6900.0,6975.0,6850.0,6850.0,4802.4521484375,31247000,ASII.JK,0.7010879048813868
2022-06-22,6850.0,6925.0,6775.0,6800.0,4767.3974609375,35536800,ASII.JK,0.7010878619025736
2022-06-23,6850.0,6875.0,6750.0,6875.0,4819.978515625,30137200,ASII.JK,0.7010877840909091
2022-06-24,6900.0,6900.0,6650.0,6675.0,4679.76220703125,42386000,ASII.JK,0.701087971090824
2022-06-27,6700.0,6750.0,6550.0,6650.0,4662.23486328125,48277300,ASII.JK,0.7010879493656015
2022-06-28,6650.0,6700.0,6600.0,6700.0,4697.2890625,36838200,ASII.JK,0.7010879197761194
2022-06-29,6625.0,6700.0,6500.0,6500.0,4557.0712890625,46682700,ASII.JK,0.701087890625
2022-06-30,6525.0,6650.0,6500.0,6625.0,4644.70751953125,52839200,ASII.JK,0.7010879274764151
2022-07-01,6675.0,6675.0,6500.0,6525.0,4574.59814453125,52387100,ASII.JK,0.7010878382423371
2022-07-04,6500.0,6575.0,6300.0,6500.0,4557.0712890625,43087400,ASII.JK,0.701087890625
2022-07-05,6500.0,6525.0,6325.0,6325.0,4434.380859375,39700000,ASII.JK,0.7010878829051383
2022-07-06,6300.0,6400.0,6050.0,6075.0,4259.109375,67773900,ASII.JK,0.7010879629629629
2022-07-07,6025.0,6125.0,5900.0,5950.0,4171.47265625,62871600,ASII.JK,0.7010878413865547
2022-07-08,6025.0,6075.0,5950.0,5975.0,4189.0,78131700,ASII.JK,0.7010878661087866
2022-07-11,5975.0,6075.0,5925.0,6050.0,4241.58203125,49946600,ASII.JK,0.7010879390495868
2022-07-12,6050.0,6150.0,6050.0,6100.0,4276.63623046875,22900800,ASII.JK,0.7010879066342213
2022-07-13,6100.0,6100.0,5825.0,5825.0,4083.837158203125,56747900,ASII.JK,0.701087924155043
2022-07-14,5825.0,6100.0,5825.0,6100.0,4276.63623046875,59847700,ASII.JK,0.7010879066342213
2022-07-15,6000.0,6075.0,5925.0,5950.0,4171.47265625,32403800,ASII.JK,0.7010878413865547
2022-07-18,5975.0,6025.0,5950.0,6025.0,4224.0546875,27618400,ASII.JK,0.7010879149377593
2022-07-19,6025.0,6150.0,6025.0,6075.0,4259.109375,50725600,ASII.JK,0.7010879629629629
2022-07-20,6175.0,6275.0,6100.0,6275.0,4399.32666015625,70493600,ASII.JK,0.7010879139691235
2022-07-21,6200.0,6250.0,6050.0,6175.0,4329.21826171875,55415500,ASII.JK,0.7010879776062753
2022-07-22,6175.0,6175.0,6050.0,6075.0,4259.109375,37583800,ASII.JK,0.7010879629629629
2022-07-25,6050.0,6150.0,6050.0,6075.0,4259.109375,24674200,ASII.JK,0.7010879629629629
2022-07-26,6100.0,6125.0,6075.0,6100.0,4276.63623046875,21937400,ASII.JK,0.7010879066342213
2022-07-27,6125.0,6125.0,6000.0,6100.0,4276.63623046875,35066000,ASII.JK,0.7010879066342213
2022-07-28,6125.0,6150.0,6025.0,6050.0,4241.58203125,51909300,ASII.JK,0.7010879390495868
2022-07-29,6150.0,6425.0,6125.0,6325.0,4434.380859375,150285200,ASII.JK,0.7010878829051383
2022-08-01,6425.0,6550.0,6350.0,6475.0,4539.54443359375,55511700,ASII.JK,0.7010879434121622
2022-08-02,6475.0,6475.0,6275.0,6475.0,4539.54443359375,53235100,ASII.JK,0.7010879434121622
2022-08-03,6450.0,6600.0,6375.0,6600.0,4627.18017578125,40666300,ASII.JK,0.7010879054214015
2022-08-04,6700.0,6700.0,6450.0,6600.0,4627.18017578125,66966300,ASII.JK,0.7010879054214015
2022-08-05,6600.0,6650.0,6475.0,6625.0,4644.70751953125,46702100,ASII.JK,0.7010879274764151
2022-08-08,6625.0,6700.0,6525.0,6700.0,4697.2890625,32971000,ASII.JK,0.7010879197761194
2022-08-09,6725.0,6825.0,6700.0,6750.0,4732.3427734375,61001700,ASII.JK,0.701087818287037
2022-08-10,6775.0,6850.0,6600.0,6850.0,4802.4521484375,37086500,ASII.JK,0.7010879048813868
2022-08-11,6975.0,7000.0,6900.0,6950.0,4872.560546875,42007400,ASII.JK,0.7010878484712231
2022-08-12,6950.0,7000.0,6850.0,6950.0,4872.560546875,58469000,ASII.JK,0.7010878484712231
2022-08-15,6925.0,6950.0,6800.0,6875.0,4819.978515625,35283300,ASII.JK,0.7010877840909091
2022-08-16,6875.0,7050.0,6875.0,6975.0,4890.087890625,61907800,ASII.JK,0.7010878696236559
2022-08-18,6975.0,7000.0,6850.0,6975.0,4890.087890625,25190000,ASII.JK,0.7010878696236559
2022-08-19,6975.0,7000.0,6900.0,6975.0,4890.087890625,32914500,ASII.JK,0.7010878696236559
2022-08-22,6875.0,6925.0,6800.0,6925.0,4855.033203125,48266600,ASII.JK,0.701087827166065
2022-08-23,6900.0,7025.0,6850.0,6975.0,4890.087890625,56381000,ASII.JK,0.7010878696236559
2022-08-24,6925.0,7050.0,6900.0,7050.0,4942.66943359375,30605000,ASII.JK,0.7010878629210993
2022-08-25,7050.0,7050.0,6950.0,6975.0,4890.087890625,22793800,ASII.JK,0.7010878696236559
2022-08-26,6975.0,7025.0,6850.0,6875.0,4819.978515625,31120500,ASII.JK,0.7010877840909091
2022-08-29,6800.0,6900.0,6750.0,6825.0,4784.9248046875,29722100,ASII.JK,0.701087883470696
2022-08-30,6850.0,7025.0,6850.0,6900.0,4837.505859375,45566100,ASII.JK,0.7010878057065217
2022-08-31,6875.0,6975.0,6775.0,6975.0,4890.087890625,55714900,ASII.JK,0.7010878696236559
2022-09-01,6975.0,7025.0,6900.0,6925.0,4855.033203125,36691900,ASII.JK,0.701087827166065
2022-09-02,6950.0,7000.0,6875.0,6925.0,4855.033203125,26077700,ASII.JK,0.701087827166065
2022-09-05,6900.0,6925.0,6850.0,6875.0,4819.978515625,24953800,ASII.JK,0.7010877840909091
2022-09-06,6875.0,6950.0,6850.0,6900.0,4837.505859375,18626800,ASII.JK,0.7010878057065217
2022-09-07,6800.0,6875.0,6625.0,6650.0,4662.23486328125,77218400,ASII.JK,0.7010879493656015
2022-09-08,6650.0,6750.0,6625.0,6650.0,4662.23486328125,39405200,ASII.JK,0.7010879493656015
2022-09-09,6675.0,6775.0,6625.0,6775.0,4749.86962890625,31904200,ASII.JK,0.7010877681042436
2022-09-12,6775.0,6975.0,6725.0,6975.0,4890.087890625,51563200,ASII.JK,0.7010878696236559
2022-09-13,7025.0,7225.0,6950.0,7200.0,5047.8330078125,70555900,ASII.JK,0.7010879177517361
2022-09-14,7100.0,7300.0,7050.0,7150.0,5012.77880859375,56832100,ASII.JK,0.7010879452578671
2022-09-15,7125.0,7225.0,7050.0,7050.0,4942.66943359375,63346200,ASII.JK,0.7010878629210993
2022-09-16,7000.0,7050.0,6900.0,6900.0,4837.505859375,65885100,ASII.JK,0.7010878057065217
2022-09-19,6950.0,7225.0,6925.0,7125.0,4995.2509765625,52232700,ASII.JK,0.7010878563596491
2022-09-20,7150.0,7250.0,7100.0,7175.0,5030.30615234375,47337700,ASII.JK,0.7010879654834494
2022-09-21,7125.0,7200.0,7100.0,7150.0,5012.77880859375,26007500,ASII.JK,0.7010879452578671
2022-09-22,7025.0,7225.0,7000.0,7175.0,5030.30615234375,26295200,ASII.JK,0.7010879654834494
2022-09-23,7100.0,7175.0,7050.0,7150.0,5012.77880859375,22258800,ASII.JK,0.7010879452578671
2022-09-26,7000.0,7025.0,6850.0,6975.0,4890.087890625,61422800,ASII.JK,0.7010878696236559
2022-09-27,7000.0,7050.0,6950.0,6950.0,4872.560546875,42809400,ASII.JK,0.7010878484712231
2022-09-28,6950.0,7000.0,6800.0,6800.0,4767.3974609375,50825400,ASII.JK,0.7010878619025736
2022-09-29,6850.0,6900.0,6700.0,6775.0,4749.86962890625,36653400,ASII.JK,0.7010877681042436
2022-09-30,6700.0,6750.0,6600.0,6625.0,4644.70751953125,71017400,ASII.JK,0.7010879274764151
2022-10-03,6650.0,6700.0,6600.0,6625.0,4644.70751953125,27280600,ASII.JK,0.7010879274764151
2022-10-04,6725.0,6800.0,6700.0,6725.0,4714.8154296875,33322400,ASII.JK,0.7010877962360594
2022-10-05,6800.0,6825.0,6675.0,6675.0,4679.76220703125,31019300,ASII.JK,0.701087971090824
2022-10-06,6675.0,6750.0,6600.0,6600.0,4627.18017578125,37002600,ASII.JK,0.7010879054214015
2022-10-07,6550.0,6575.0,6450.0,6475.0,4539.54443359375,54850200,ASII.JK,0.7010879434121622
2022-10-10,6425.0,6525.0,6375.0,6500.0,4557.0712890625,34319700,ASII.JK,0.701087890625
2022-10-11,6400.0,6575.0,6400.0,6525.0,4574.59814453125,35320000,ASII.JK,0.7010878382423371
2022-10-12,6450.0,6475.0,6350.0,6350.0,4512.77001953125,72794100,ASII.JK,0.7106724440206693
2022-10-13,6375.0,6400.0,6275.0,6350.0,4512.77001953125,44281200,ASII.JK,0.7106724440206693
2022-10-14,6500.0,6500.0,6350.0,6350.0,4512.77001953125,45496900,ASII.JK,0.7106724440206693
2022-10-17,6325.0,6525.0,6200.0,6425.0,4566.06982421875,50710300,ASII.JK,0.7106723461819067
2022-10-18,6450.0,6500.0,6350.0,6350.0,4512.77001953125,42600400,ASII.JK,0.7106724440206693
2022-10-19,6425.0,6525.0,6400.0,6525.0,4637.1376953125,25542800,ASII.JK,0.7106724437260536
2022-10-20,6500.0,6525.0,6400.0,6425.0,4566.06982421875,32226200,ASII.JK,0.7106723461819067
2022-10-21,6475.0,6675.0,6450.0,6575.0,4672.671875,52148500,ASII.JK,0.7106725285171103
2022-10-24,6575.0,6700.0,6575.0,6650.0,4725.9716796875,37202900,ASII.JK,0.7106724330357143
2022-10-25,6700.0,6700.0,6600.0,6700.0,4761.5048828125,37836000,ASII.JK,0.7106723705690299
2022-10-26,6700.0,6700.0,6575.0,6575.0,4672.671875,36289700,ASII.JK,0.7106725285171103
2022-10-27,6575.0,6675.0,6525.0,6650.0,4725.9716796875,30429800,ASII.JK,0.7106724330357143
2022-10-28,6650.0,6650.0,6500.0,6550.0,4654.904296875,28492900,ASII.JK,0.7106724117366412
2022-10-31,6550.0,6650.0,6550.0,6650.0,4725.9716796875,45774000,ASII.JK,0.7106724330357143
2022-11-01,6650.0,6675.0,6475.0,6575.0,4672.671875,59240700,ASII.JK,0.7106725285171103
2022-11-02,6525.0,6550.0,6375.0,6425.0,4566.06982421875,59695600,ASII.JK,0.7106723461819067
2022-11-03,6375.0,6425.0,6350.0,6375.0,4530.53662109375,29905800,ASII.JK,0.7106724111519608
2022-11-04,6350.0,6425.0,6350.0,6425.0,4566.06982421875,60465200,ASII.JK,0.7106723461819067
2022-11-07,6425.0,6500.0,6425.0,6500.0,4619.37158203125,41824000,ASII.JK,0.7106725510817308
2022-11-08,6500.0,6525.0,6450.0,6525.0,4637.1376953125,35241500,ASII.JK,0.7106724437260536
2022-11-09,6525.0,6550.0,6475.0,6550.0,4654.904296875,45144800,ASII.JK,0.7106724117366412
2022-11-10,6550.0,6550.0,6450.0,6525.0,4637.1376953125,33770400,ASII.JK,0.7106724437260536
2022-11-11,6600.0,6625.0,6450.0,6450.0,4583.8369140625,50938200,ASII.JK,0.7106723897771318
2022-11-14,6450.0,6475.0,6300.0,6300.0,4477.236328125,46011200,ASII.JK,0.7106724330357143
2022-11-15,6300.0,6350.0,6200.0,6225.0,4423.93603515625,65536000,ASII.JK,0.7106724554467871
2022-11-16,6175.0,6200.0,6100.0,6175.0,4388.40185546875,60298900,ASII.JK,0.7106723652580972
2022-11-17,6200.0,6300.0,6050.0,6300.0,4477.236328125,35165100,ASII.JK,0.7106724330357143
2022-11-18,6275.0,6300.0,6200.0,6225.0,4423.93603515625,29302300,ASII.JK,0.7106724554467871
2022-11-21,6275.0,6350.0,6250.0,6325.0,4495.0029296875,19074900,ASII.JK,0.7106723999505928
2022-11-22,6325.0,6350.0,6225.0,6225.0,4423.93603515625,33102700,ASII.JK,0.7106724554467871
2022-11-23,6275.0,6300.0,6200.0,6200.0,4406.16943359375,30863200,ASII.JK,0.7106724892893145
2022-11-24,6200.0,6275.0,6200.0,6200.0,4406.16943359375,21534300,ASII.JK,0.7106724892893145
2022-11-25,6175.0,6200.0,6125.0,6175.0,4388.40185546875,40948100,ASII.JK,0.7106723652580972
2022-11-28,6175.0,6275.0,6150.0,6225.0,4423.93603515625,37901700,ASII.JK,0.7106724554467871
2022-11-29,6125.0,6150.0,6025.0,6050.0,4299.568359375,121505900,ASII.JK,0.7106724560950414
2022-11-30,6050.0,6200.0,6025.0,6050.0,4299.568359375,191276100,ASII.JK,0.7106724560950414
2022-12-01,6100.0,6200.0,6100.0,6175.0,4388.40185546875,88307900,ASII.JK,0.7106723652580972
2022-12-02,6175.0,6175.0,6050.0,6125.0,4352.86865234375,51843800,ASII.JK,0.7106724330357143
2022-12-05,6075.0,6100.0,6000.0,6025.0,4281.80126953125,64357800,ASII.JK,0.7106724098807053
2022-12-06,6000.0,6025.0,5800.0,5875.0,4175.20068359375,69873000,ASII.JK,0.7106724567819149
2022-12-07,5800.0,5900.0,5700.0,5725.0,4068.599609375,116677600,ASII.JK,0.7106724208515284
2022-12-08,5650.0,5800.0,5550.0,5675.0,4033.066162109375,161238600,ASII.JK,0.7106724514730176
2022-12-09,5700.0,5750.0,5650.0,5675.0,4033.066162109375,55355700,ASII.JK,0.7106724514730176
2022-12-12,5675.0,5725.0,5625.0,5675.0,4033.066162109375,92687900,ASII.JK,0.7106724514730176
2022-12-13,5700.0,5900.0,5675.0,5825.0,4139.66748046875,113893000,ASII.JK,0.7106725288358369
2022-12-14,5925.0,5950.0,5775.0,5825.0,4139.66748046875,78775300,ASII.JK,0.7106725288358369
2022-12-15,5825.0,5850.0,5750.0,5800.0,4121.89990234375,61581800,ASII.JK,0.710672396955819
2022-12-16,5775.0,5800.0,5700.0,5775.0,4104.1337890625,95271600,ASII.JK,0.7106725175865801
2022-12-19,5850.0,5850.0,5650.0,5700.0,4050.832763671875,57531200,ASII.JK,0.7106724146792763
2022-12-20,5675.0,5750.0,5675.0,5700.0,4050.832763671875,25876100,ASII.JK,0.7106724146792763
2022-12-21,5700.0,5725.0,5650.0,5700.0,4050.832763671875,34940600,ASII.JK,0.7106724146792763
2022-12-22,5700.0,5775.0,5675.0,5775.0,4104.1337890625,32103400,ASII.JK,0.7106725175865801
2022-12-23,5750.0,5775.0,5650.0,5675.0,4033.066162109375,31969000,ASII.JK,0.7106724514730176
2022-12-26,5675.0,5725.0,5625.0,5650.0,4015.299560546875,13540500,ASII.JK,0.7106724885923672
2022-12-27,5700.0,5750.0,5650.0,5675.0,4033.066162109375,13680300,ASII.JK,0.7106724514730176
2022-12-28,5725.0,5725.0,5575.0,5625.0,3997.532470703125,29919100,ASII.JK,0.7106724392361111
2022-12-29,5600.0,5675.0,5550.0,5650.0,4015.299560546875,32241500,ASII.JK,0.7106724885923672
2022-12-30,5675.0,5750.0,5650.0,5700.0,4050.832763671875,36384500,ASII.JK,0.7106724146792763
2023-01-02,5725.0,5725.0,5625.0,5700.0,4050.832763671875,12068800,ASII.JK,0.7106724146792763
2023-01-03,5675.0,5700.0,5625.0,5650.0,4015.299560546875,22854400,ASII.JK,0.7106724885923672
2023-01-04,5650.0,5700.0,5625.0,5675.0,4033.066162109375,32578900,ASII.JK,0.7106724514730176
2023-01-05,5650.0,5700.0,5375.0,5375.0,3819.8642578125,106047000,ASII.JK,0.7106724200581396
2023-01-06,5400.0,5525.0,5350.0,5450.0,3873.16455078125,59754600,ASII.JK,0.7106723946387614
2023-01-09,5500.0,5500.0,5275.0,5350.0,3802.097412109375,63437700,ASII.JK,0.7106724134783878
2023-01-10,5375.0,5375.0,5275.0,5325.0,3784.33056640625,62964600,ASII.JK,0.7106724068368545
2023-01-11,5325.0,5350.0,5200.0,5225.0,3713.263427734375,45514800,ASII.JK,0.710672426360646
2023-01-12,5200.0,5375.0,5200.0,5350.0,3802.097412109375,61374300,ASII.JK,0.7106724134783878
2023-01-13,5375.0,5500.0,5300.0,5450.0,3873.16455078125,52039800,ASII.JK,0.7106723946387614
2023-01-16,5525.0,5600.0,5475.0,5600.0,3979.76513671875,48458700,ASII.JK,0.710672345842634
2023-01-17,5600.0,5650.0,5500.0,5550.0,3944.2314453125,66999600,ASII.JK,0.7106723324887387
2023-01-18,5550.0,5650.0,5550.0,5650.0,4015.299560546875,28120700,ASII.JK,0.7106724885923672
2023-01-19,5650.0,5875.0,5650.0,5850.0,4157.43408203125,95543300,ASII.JK,0.7106724926549145
2023-01-20,5875.0,5900.0,5775.0,5900.0,4192.966796875,54173000,ASII.JK,0.7106723384533898
2023-01-24,5900.0,5950.0,5850.0,5925.0,4210.734375,26217800,ASII.JK,0.7106724683544304
2023-01-25,5900.0,5950.0,5850.0,5950.0,4228.5009765625,18115800,ASII.JK,0.7106724330357143
2023-01-26,5925.0,5950.0,5850.0,5900.0,4192.966796875,40168400,ASII.JK,0.7106723384533898
2023-01-27,5925.0,5950.0,5875.0,5875.0,4175.20068359375,31869800,ASII.JK,0.7106724567819149
2023-01-30,5875.0,5900.0,5775.0,5875.0,4175.20068359375,34817500,ASII.JK,0.7106724567819149
2023-01-31,5925.0,6025.0,5900.0,6000.0,4264.0341796875,89064100,ASII.JK,0.71067236328125
2023-02-01,6000.0,6000.0,5925.0,6000.0,4264.0341796875,35355300,ASII.JK,0.71067236328125
2023-02-02,5950.0,5975.0,5875.0,5925.0,4210.734375,30039900,ASII.JK,0.7106724683544304
2023-02-03,5975.0,5975.0,5875.0,5875.0,4175.20068359375,24629700,ASII.JK,0.7106724567819149
2023-02-06,5875.0,5900.0,5825.0,5850.0,4157.43408203125,31033700,ASII.JK,0.7106724926549145
2023-02-07,5825.0,5925.0,5825.0,5875.0,4175.20068359375,29536700,ASII.JK,0.7106724567819149
2023-02-08,5875.0,5900.0,5775.0,5800.0,4121.89990234375,27235100,ASII.JK,0.710672396955819
2023-02-09,5825.0,5850.0,5675.0,5675.0,4033.066162109375,48263600,ASII.JK,0.7106724514730176
2023-02-10,5600.0,5700.0,5550.0,5700.0,4050.832763671875,71158200,ASII.JK,0.7106724146792763
2023-02-13,5700.0,5750.0,5675.0,5725.0,4068.599609375,22154800,ASII.JK,0.7106724208515284
2023-02-14,5750.0,5800.0,5700.0,5725.0,4068.599609375,31292000,ASII.JK,0.7106724208515284
2023-02-15,5725.0,5725.0,5575.0,5675.0,4033.066162109375,38862100,ASII.JK,0.7106724514730176
2023-02-16,5700.0,5700.0,5625.0,5700.0,4050.832763671875,19014100,ASII.JK,0.7106724146792763
2023-02-17,5700.0,5725.0,5625.0,5675.0,4033.066162109375,31273200,ASII.JK,0.7106724514730176
2023-02-20,5675.0,5700.0,5575.0,5600.0,3979.76513671875,29576500,ASII.JK,0.710672345842634
2023-02-21,5600.0,5650.0,5550.0,5575.0,3961.99853515625,26985200,ASII.JK,0.7106723829876682
2023-02-22,5550.0,5650.0,5550.0,5625.0,3997.532470703125,24822300,ASII.JK,0.7106724392361111
2023-02-23,5650.0,5700.0,5575.0,5650.0,4015.299560546875,33406700,ASII.JK,0.7106724885923672
2023-02-24,5675.0,5800.0,5650.0,5750.0,4086.36669921875,30869400,ASII.JK,0.7106724694293478
2023-02-27,5725.0,5800.0,5700.0,5800.0,4121.89990234375,28650400,ASII.JK,0.710672396955819
2023-02-28,6200.0,6275.0,6100.0,6100.0,4335.10205078125,154669700,ASII.JK,0.7106724673411885
2023-03-01,6100.0,6175.0,6050.0,6150.0,4370.634765625,49851200,ASII.JK,0.7106723196138212
2023-03-02,6150.0,6175.0,6075.0,6150.0,4370.634765625,26943600,ASII.JK,0.7106723196138212
2023-03-03,6150.0,6150.0,6025.0,6050.0,4299.568359375,32818500,ASII.JK,0.7106724560950414
2023-03-06,6100.0,6125.0,6050.0,6075.0,4317.3349609375,22141000,ASII.JK,0.710672421553498
2023-03-07,6050.0,6075.0,5900.0,5950.0,4228.5009765625,41630000,ASII.JK,0.7106724330357143
2023-03-08,5900.0,5975.0,5875.0,5925.0,4210.734375,40374900,ASII.JK,0.7106724683544304
2023-03-09,5975.0,6050.0,5950.0,6025.0,4281.80126953125,23104400,ASII.JK,0.7106724098807053
2023-03-10,5975.0,6000.0,5900.0,5975.0,4246.267578125,33330500,ASII.JK,0.7106723980125523
2023-03-13,5900.0,5975.0,5850.0,5925.0,4210.734375,28402600,ASII.JK,0.7106724683544304
2023-03-14,5900.0,5925.0,5750.0,5775.0,4104.1337890625,56988600,ASII.JK,0.7106725175865801
2023-03-15,5850.0,5875.0,5775.0,5775.0,4104.1337890625,40170800,ASII.JK,0.7106725175865801
2023-03-16,5775.0,5875.0,5675.0,5850.0,4157.43408203125,33947700,ASII.JK,0.7106724926549145
2023-03-17,5875.0,5925.0,5850.0,5850.0,4157.43408203125,74811900,ASII.JK,0.7106724926549145
2023-03-20,5850.0,5900.0,5800.0,5875.0,4175.20068359375,22146000,ASII.JK,0.7106724567819149
2023-03-21,5850.0,5975.0,5850.0,5875.0,4175.20068359375,40671600,ASII.JK,0.7106724567819149
2023-03-24,5925.0,6000.0,5900.0,5950.0,4228.5009765625,60721800,ASII.JK,0.7106724330357143
2023-03-27,5950.0,5975.0,5875.0,5875.0,4175.20068359375,32493100,ASII.JK,0.7106724567819149
2023-03-28,5900.0,5925.0,5850.0,5850.0,4157.43408203125,42944400,ASII.JK,0.7106724926549145
2023-03-29,5850.0,6050.0,5850.0,5950.0,4228.5009765625,81945000,ASII.JK,0.7106724330357143
2023-03-30,5975.0,5975.0,5900.0,5900.0,4192.966796875,40174400,ASII.JK,0.7106723384533898
2023-03-31,5950.0,6025.0,5925.0,6000.0,4264.0341796875,40364100,ASII.JK,0.71067236328125
2023-04-03,6050.0,6100.0,5975.0,6000.0,4264.0341796875,44636200,ASII.JK,0.71067236328125
2023-04-04,6025.0,6050.0,5950.0,6025.0,4281.80126953125,35612700,ASII.JK,0.7106724098807053
2023-04-05,6025.0,6050.0,5975.0,6000.0,4264.0341796875,27556300,ASII.JK,0.71067236328125
2023-04-06,6000.0,6000.0,5925.0,5925.0,4210.734375,32964500,ASII.JK,0.7106724683544304
2023-04-10,5950.0,5975.0,5875.0,5975.0,4246.267578125,40039500,ASII.JK,0.7106723980125523
2023-04-11,5950.0,6100.0,5925.0,6075.0,4317.3349609375,37545800,ASII.JK,0.710672421553498
2023-04-12,6150.0,6300.0,6125.0,6250.0,4441.7021484375,126817700,ASII.JK,0.71067234375
2023-04-13,6225.0,6275.0,6175.0,6250.0,4441.7021484375,35138600,ASII.JK,0.71067234375
2023-04-14,6275.0,6300.0,6200.0,6200.0,4406.16943359375,45556300,ASII.JK,0.7106724892893145
2023-04-17,6200.0,6275.0,6200.0,6225.0,4423.93603515625,33965200,ASII.JK,0.7106724554467871
2023-04-18,6275.0,6475.0,6275.0,6425.0,4566.06982421875,101792500,ASII.JK,0.7106723461819067
2023-04-26,6625.0,6700.0,6500.0,6700.0,4761.5048828125,182919200,ASII.JK,0.7106723705690299
2023-04-27,6675.0,6725.0,6625.0,6700.0,4761.5048828125,45762900,ASII.JK,0.7106723705690299
2023-04-28,6700.0,6750.0,6675.0,6750.0,4797.0390625,64976400,ASII.JK,0.7106724537037037
2023-05-02,6775.0,6775.0,6600.0,6675.0,4743.73828125,62972600,ASII.JK,0.7106724016853933
2023-05-03,6700.0,6725.0,6550.0,6625.0,4708.205078125,106341300,ASII.JK,0.7106724646226416
2023-05-04,6600.0,6625.0,6550.0,6600.0,4690.4384765625,132167800,ASII.JK,0.7106724964488637
2023-05-05,6150.0,6150.0,6150.0,6150.0,4769.5419921875,82270600,ASII.JK,0.7755352832825203
2023-05-08,6150.0,6175.0,6050.0,6125.0,4750.154296875,95087500,ASII.JK,0.7755353954081633
2023-05-09,6125.0,6325.0,6075.0,6325.0,4905.26123046875,96938100,ASII.JK,0.7755353724061265
2023-05-10,6350.0,6425.0,6300.0,6325.0,4905.26123046875,52404700,ASII.JK,0.7755353724061265
2023-05-11,6350.0,6350.0,6175.0,6250.0,4847.095703125,39596900,ASII.JK,0.7755353125
2023-05-12,6225.0,6275.0,6175.0,6225.0,4827.7080078125,67576500,ASII.JK,0.775535422941767
2023-05-15,6275.0,6350.0,6175.0,6350.0,4924.6494140625,42039400,ASII.JK,0.7755353407972441
2023-05-16,6350.0,6400.0,6250.0,6275.0,4866.48388671875,19445400,ASII.JK,0.7755352807519921
2023-05-17,6350.0,6350.0,6275.0,6325.0,4905.26123046875,29480000,ASII.JK,0.7755353724061265
2023-05-19,6400.0,6550.0,6350.0,6475.0,5021.59130859375,75548600,ASII.JK,0.775535337234556
2023-05-22,6525.0,6650.0,6425.0,6600.0,5118.53369140625,63793800,ASII.JK,0.7755354077888258
2023-05-23,6600.0,6650.0,6550.0,6600.0,5118.53369140625,49261900,ASII.JK,0.7755354077888258
2023-05-24,6575.0,6675.0,6500.0,6675.0,5176.69873046875,54136600,ASII.JK,0.775535390332397
2023-05-25,6700.0,6700.0,6525.0,6600.0,5118.53369140625,43564900,ASII.JK,0.7755354077888258
2023-05-26,6600.0,6600.0,6525.0,6600.0,5118.53369140625,25356200,ASII.JK,0.7755354077888258
2023-05-29,6625.0,6625.0,6475.0,6600.0,5118.53369140625,27939400,ASII.JK,0.7755354077888258
2023-05-30,6575.0,6600.0,6500.0,6500.0,5040.98046875,23340800,ASII.JK,0.7755354567307692
2023-05-31,6500.0,6600.0,6450.0,6450.0,5002.203125,154796300,ASII.JK,0.7755353682170543
2023-06-05,6525.0,7000.0,6500.0,6825.0,5293.02880859375,200252000,ASII.JK,0.7755353565705129
2023-06-06,6800.0,6925.0,6750.0,6800.0,5273.64111328125,65282100,ASII.JK,0.775535457835478
2023-06-07,6800.0,6850.0,6675.0,6800.0,5273.64111328125,81991400,ASII.JK,0.775535457835478
2023-06-08,6725.0,6775.0,6700.0,6775.0,5254.251953125,32704900,ASII.JK,0.7755353436346863
2023-06-09,6750.0,6800.0,6700.0,6800.0,5273.64111328125,24893400,ASII.JK,0.775535457835478
2023-06-12,6800.0,6800.0,6675.0,6775.0,5254.251953125,37558000,ASII.JK,0.7755353436346863
2023-06-13,6775.0,6825.0,6750.0,6750.0,5234.86376953125,23911800,ASII.JK,0.7755353732638889
2023-06-14,6750.0,6900.0,6750.0,6900.0,5351.1943359375,34146100,ASII.JK,0.7755354110054348
2023-06-15,6900.0,6900.0,6825.0,6875.0,5331.80517578125,16414000,ASII.JK,0.7755352982954545
2023-06-16,6850.0,6875.0,6775.0,6850.0,5312.4169921875,63892800,ASII.JK,0.7755353273266423
2023-06-19,6800.0,6875.0,6775.0,6875.0,5331.80517578125,12514200,ASII.JK,0.7755352982954545
2023-06-20,6825.0,6850.0,6775.0,6800.0,5273.64111328125,24394300,ASII.JK,0.775535457835478
2023-06-21,6775.0,6975.0,6750.0,6925.0,5370.58251953125,37629300,ASII.JK,0.775535381881769
2023-06-22,6875.0,6900.0,6775.0,6775.0,5254.251953125,51199300,ASII.JK,0.7755353436346863
2023-06-23,6775.0,6825.0,6700.0,6775.0,5254.251953125,32156800,ASII.JK,0.7755353436346863
2023-06-26,6800.0,6900.0,6775.0,6800.0,5273.64111328125,31726400,ASII.JK,0.775535457835478
2023-06-27,6800.0,6850.0,6775.0,6775.0,5254.251953125,36422700,ASII.JK,0.7755353436346863
2023-07-03,6775.0,6825.0,6750.0,6825.0,5293.02880859375,37348600,ASII.JK,0.7755353565705129
2023-07-04,6825.0,6825.0,6700.0,6775.0,5254.251953125,20047800,ASII.JK,0.7755353436346863
2023-07-05,6775.0,6775.0,6700.0,6775.0,5254.251953125,34751800,ASII.JK,0.7755353436346863
2023-07-06,6775.0,6800.0,6750.0,6800.0,5273.64111328125,35473800,ASII.JK,0.775535457835478
2023-07-07,6775.0,6825.0,6750.0,6825.0,5293.02880859375,28755500,ASII.JK,0.7755353565705129
2023-07-10,6825.0,6825.0,6775.0,6775.0,5254.251953125,15301300,ASII.JK,0.7755353436346863
2023-07-11,6775.0,6800.0,6750.0,6800.0,5273.64111328125,32949200,ASII.JK,0.775535457835478
2023-07-12,6775.0,6825.0,6750.0,6775.0,5254.251953125,29210200,ASII.JK,0.7755353436346863
2023-07-13,6775.0,6825.0,6750.0,6800.0,5273.64111328125,31298400,ASII.JK,0.775535457835478
2023-07-14,6775.0,6825.0,6700.0,6750.0,5234.86376953125,56060600,ASII.JK,0.7755353732638889
2023-07-17,6750.0,6775.0,6675.0,6675.0,5176.69873046875,41698600,ASII.JK,0.775535390332397
2023-07-18,6675.0,6700.0,6475.0,6575.0,5099.1455078125,68904700,ASII.JK,0.7755354384505704
2023-07-20,6575.0,6575.0,6450.0,6525.0,5060.3681640625,64069100,ASII.JK,0.7755353508141762
2023-07-21,6500.0,6525.0,6375.0,6450.0,5002.203125,64037700,ASII.JK,0.7755353682170543
2023-07-24,6400.0,6600.0,6400.0,6550.0,5079.7568359375,40830500,ASII.JK,0.7755353947996183
2023-07-25,6600.0,6625.0,6500.0,6500.0,5040.98046875,23958900,ASII.JK,0.7755354567307692
2023-07-26,6575.0,6625.0,6500.0,6600.0,5118.53369140625,38599800,ASII.JK,0.7755354077888258
2023-07-27,6600.0,6600.0,6500.0,6525.0,5060.3681640625,27816700,ASII.JK,0.7755353508141762
2023-07-28,6500.0,6625.0,6475.0,6625.0,5137.92236328125,28288300,ASII.JK,0.7755354510613207
2023-07-31,6750.0,6950.0,6725.0,6850.0,5312.4169921875,87828900,ASII.JK,0.7755353273266423
2023-08-01,6875.0,6900.0,6800.0,6875.0,5331.80517578125,29425300,ASII.JK,0.7755352982954545
2023-08-02,6825.0,6850.0,6775.0,6850.0,5312.4169921875,29463700,ASII.JK,0.7755353273266423
2023-08-03,6800.0,6900.0,6775.0,6825.0,5293.02880859375,29272000,ASII.JK,0.7755353565705129
2023-08-04,6825.0,6850.0,6750.0,6800.0,5273.64111328125,16646300,ASII.JK,0.775535457835478
2023-08-07,6825.0,6900.0,6750.0,6875.0,5331.80517578125,32608000,ASII.JK,0.7755352982954545
2023-08-08,6850.0,6900.0,6825.0,6850.0,5312.4169921875,16515100,ASII.JK,0.7755353273266423
2023-08-09,6850.0,6875.0,6825.0,6875.0,5331.80517578125,13781700,ASII.JK,0.7755352982954545
2023-08-10,6850.0,6875.0,6750.0,6750.0,5234.86376953125,32076700,ASII.JK,0.7755353732638889
2023-08-11,6750.0,6775.0,6650.0,6750.0,5234.86376953125,42320900,ASII.JK,0.7755353732638889
2023-08-14,6700.0,6800.0,6700.0,6800.0,5273.64111328125,27616200,ASII.JK,0.775535457835478
2023-08-15,6725.0,6775.0,6675.0,6725.0,5215.4755859375,32385400,ASII.JK,0.7755354031133829
2023-08-16,6675.0,6750.0,6650.0,6750.0,5234.86376953125,24913200,ASII.JK,0.7755353732638889
2023-08-18,6675.0,6700.0,6500.0,6525.0,5060.3681640625,69001300,ASII.JK,0.7755353508141762
2023-08-21,6525.0,6550.0,6425.0,6475.0,5021.59130859375,34702500,ASII.JK,0.775535337234556
2023-08-22,6450.0,6600.0,6450.0,6550.0,5079.7568359375,37704700,ASII.JK,0.7755353947996183
2023-08-23,6550.0,6600.0,6525.0,6550.0,5079.7568359375,27624900,ASII.JK,0.7755353947996183
2023-08-24,6550.0,6600.0,6475.0,6475.0,5021.59130859375,33278500,ASII.JK,0.775535337234556
2023-08-25,6475.0,6500.0,6400.0,6450.0,5002.203125,35673300,ASII.JK,0.7755353682170543
2023-08-28,6500.0,6500.0,6400.0,6425.0,4982.81396484375,14871100,ASII.JK,0.775535247446498
2023-08-29,6450.0,6450.0,6375.0,6400.0,4963.42578125,29937800,ASII.JK,0.7755352783203125
2023-08-30,6450.0,6525.0,6400.0,6450.0,5002.203125,41993300,ASII.JK,0.7755353682170543
2023-08-31,6450.0,6475.0,6400.0,6450.0,5002.203125,44502000,ASII.JK,0.7755353682170543
2023-09-01,6475.0,6575.0,6475.0,6550.0,5079.7568359375,26069500,ASII.JK,0.7755353947996183
2023-09-04,6575.0,6600.0,6525.0,6600.0,5118.53369140625,17384000,ASII.JK,0.7755354077888258
2023-09-05,6600.0,6650.0,6550.0,6600.0,5118.53369140625,23070700,ASII.JK,0.7755354077888258
2023-09-06,6575.0,6625.0,6525.0,6525.0,5060.3681640625,18421300,ASII.JK,0.7755353508141762
2023-09-07,6475.0,6500.0,6350.0,6400.0,4963.42578125,49921600,ASII.JK,0.7755352783203125
2023-09-08,6450.0,6450.0,6350.0,6400.0,4963.42578125,32416900,ASII.JK,0.7755352783203125
2023-09-11,6400.0,6425.0,6300.0,6375.0,4944.0380859375,33422100,ASII.JK,0.7755353860294117
2023-09-12,6375.0,6375.0,6300.0,6300.0,4885.87255859375,30225600,ASII.JK,0.7755353267609127
2023-09-13,6325.0,6325.0,6225.0,6300.0,4885.87255859375,40040900,ASII.JK,0.7755353267609127
2023-09-14,6325.0,6375.0,6250.0,6325.0,4905.26123046875,40259300,ASII.JK,0.7755353724061265
2023-09-15,6250.0,6325.0,6200.0,6300.0,4885.87255859375,132198700,ASII.JK,0.7755353267609127
2023-09-18,6275.0,6325.0,6250.0,6300.0,4885.87255859375,35517300,ASII.JK,0.7755353267609127
2023-09-19,6300.0,6375.0,6275.0,6350.0,4924.6494140625,31439200,ASII.JK,0.7755353407972441
2023-09-20,6350.0,6400.0,6300.0,6300.0,4885.87255859375,39764900,ASII.JK,0.7755353267609127
2023-09-21,6300.0,6325.0,6200.0,6200.0,4808.3193359375,46231100,ASII.JK,0.7755353767641129
2023-09-22,6200.0,6275.0,6175.0,6200.0,4808.3193359375,30610900,ASII.JK,0.7755353767641129
2023-09-25,6225.0,6275.0,6200.0,6250.0,4847.095703125,32700500,ASII.JK,0.7755353125
2023-09-26,6225.0,6300.0,6200.0,6200.0,4808.3193359375,43217400,ASII.JK,0.7755353767641129
2023-09-27,6200.0,6250.0,6125.0,6150.0,4769.5419921875,31688400,ASII.JK,0.7755352832825203
2023-09-29,6250.0,6275.0,6200.0,6225.0,4827.7080078125,20902300,ASII.JK,0.775535422941767
2023-10-02,6275.0,6350.0,6250.0,6275.0,4866.48388671875,23884400,ASII.JK,0.7755352807519921
2023-10-03,6275.0,6275.0,6200.0,6200.0,4808.3193359375,25350100,ASII.JK,0.7755353767641129
2023-10-04,6175.0,6200.0,6050.0,6075.0,4711.376953125,55496200,ASII.JK,0.7755353009259259
2023-10-05,6125.0,6175.0,6025.0,6025.0,4672.6005859375,55924900,ASII.JK,0.7755353669605809
2023-10-06,6050.0,6150.0,6050.0,6075.0,4711.376953125,18104300,ASII.JK,0.7755353009259259
2023-10-09,6150.0,6225.0,6100.0,6125.0,4750.154296875,43718300,ASII.JK,0.7755353954081633
2023-10-10,6175.0,6175.0,6050.0,6050.0,4691.98876953125,36797700,ASII.JK,0.7755353338068182
2023-10-11,6075.0,6125.0,6050.0,6050.0,4691.98876953125,45959600,ASII.JK,0.7755353338068182
2023-10-12,6000.0,6025.0,5950.0,5950.0,4690.41259765625,71954600,ASII.JK,0.7883046382615546
2023-10-13,6000.0,6025.0,5950.0,5975.0,4710.11962890625,32794800,ASII.JK,0.7883045404027197
2023-10-16,5925.0,5975.0,5825.0,5850.0,4611.58203125,52414600,ASII.JK,0.7883046207264958
2023-10-17,5875.0,5925.0,5850.0,5850.0,4611.58203125,40295600,ASII.JK,0.7883046207264958
2023-10-18,5850.0,6000.0,5825.0,5825.0,4591.87451171875,53751300,ASII.JK,0.7883046372049356
2023-10-19,5825.0,5850.0,5700.0,5725.0,4513.0439453125,60258300,ASII.JK,0.788304619268559
2023-10-20,5675.0,5750.0,5650.0,5700.0,4493.3359375,56606100,ASII.JK,0.7883045504385965
2023-10-23,5725.0,5750.0,5600.0,5600.0,4414.50537109375,57516800,ASII.JK,0.7883045305524553
2023-10-24,5600.0,5850.0,5600.0,5800.0,4572.16650390625,57283100,ASII.JK,0.7883045696390086
2023-10-25,5825.0,5925.0,5775.0,5775.0,4552.45947265625,51542400,ASII.JK,0.7883046705898269
2023-10-26,5775.0,5800.0,5675.0,5725.0,4513.0439453125,18969800,ASII.JK,0.788304619268559
2023-10-27,5750.0,5775.0,5725.0,5725.0,4513.0439453125,35328800,ASII.JK,0.788304619268559
2023-10-30,5750.0,5825.0,5675.0,5800.0,4572.16650390625,17820800,ASII.JK,0.7883045696390086
2023-10-31,5850.0,5900.0,5775.0,5775.0,4552.45947265625,46118000,ASII.JK,0.7883046705898269
2023-11-01,5900.0,6000.0,5800.0,5800.0,4572.16650390625,91836500,ASII.JK,0.7883045696390086
2023-11-02,5850.0,5900.0,5800.0,5800.0,4572.16650390625,46166200,ASII.JK,0.7883045696390086
2023-11-03,5850.0,5925.0,5825.0,5900.0,4650.99658203125,43395900,ASII.JK,0.7883045054290254
2023-11-06,5925.0,5950.0,5900.0,5925.0,4670.705078125,29757300,ASII.JK,0.788304654535865
2023-11-07,5925.0,5950.0,5775.0,5825.0,4591.87451171875,30298200,ASII.JK,0.7883046372049356
2023-11-08,5800.0,5825.0,5675.0,5725.0,4513.0439453125,38367700,ASII.JK,0.788304619268559
2023-11-09,5775.0,5825.0,5725.0,5750.0,4532.751953125,20420100,ASII.JK,0.7883046875
2023-11-10,5725.0,5775.0,5725.0,5775.0,4552.45947265625,15229800,ASII.JK,0.7883046705898269
2023-11-13,5825.0,5825.0,5650.0,5650.0,4453.92138671875,24673700,ASII.JK,0.7883046702157079
2023-11-14,5675.0,5725.0,5650.0,5675.0,4473.62890625,12066000,ASII.JK,0.7883046530837005
2023-11-15,5750.0,5850.0,5700.0,5750.0,4532.751953125,34814300,ASII.JK,0.7883046875
2023-11-16,5750.0,5825.0,5725.0,5825.0,4591.87451171875,17422800,ASII.JK,0.7883046372049356
2023-11-17,5800.0,5825.0,5700.0,5700.0,4493.3359375,27116700,ASII.JK,0.7883045504385965
2023-11-20,5725.0,5850.0,5700.0,5800.0,4572.16650390625,22940000,ASII.JK,0.7883045696390086
2023-11-21,5800.0,5850.0,5750.0,5775.0,4552.45947265625,17153300,ASII.JK,0.7883046705898269
2023-11-22,5775.0,5775.0,5650.0,5675.0,4473.62890625,36329500,ASII.JK,0.7883046530837005
2023-11-23,5675.0,5725.0,5675.0,5700.0,4493.3359375,43425400,ASII.JK,0.7883045504385965
2023-11-24,5700.0,5750.0,5700.0,5725.0,4513.0439453125,9347300,ASII.JK,0.788304619268559
2023-11-27,5725.0,5750.0,5600.0,5625.0,4434.21337890625,63360900,ASII.JK,0.7883046006944444
2023-11-28,5675.0,5675.0,5550.0,5550.0,4375.08984375,86907600,ASII.JK,0.7883044763513514
2023-11-29,5600.0,5650.0,5525.0,5525.0,4355.3828125,75070800,ASII.JK,0.7883045814479638
2023-11-30,5575.0,5575.0,5400.0,5400.0,4256.84521484375,161684600,ASII.JK,0.7883046694155093
2023-12-01,5450.0,5750.0,5450.0,5750.0,4532.751953125,145374400,ASII.JK,0.7883046875
2023-12-04,5750.0,5825.0,5725.0,5750.0,4532.751953125,57590700,ASII.JK,0.7883046875
2023-12-05,5775.0,5800.0,5675.0,5725.0,4513.0439453125,25787200,ASII.JK,0.788304619268559
2023-12-06,5700.0,5825.0,5700.0,5725.0,4513.0439453125,41363700,ASII.JK,0.788304619268559
2023-12-07,5750.0,5750.0,5600.0,5675.0,4473.62890625,40599000,ASII.JK,0.7883046530837005
2023-12-08,5675.0,5700.0,5625.0,5675.0,4473.62890625,26972000,ASII.JK,0.7883046530837005
2023-12-11,5650.0,5675.0,5525.0,5600.0,4414.50537109375,39510200,ASII.JK,0.7883045305524553
2023-12-12,5675.0,5675.0,5550.0,5575.0,4394.7978515625,19272900,ASII.JK,0.7883045473654708
2023-12-13,5550.0,5600.0,5525.0,5525.0,4355.3828125,31196600,ASII.JK,0.7883045814479638
2023-12-14,5600.0,5650.0,5575.0,5625.0,4434.21337890625,65510200,ASII.JK,0.7883046006944444
2023-12-15,5625.0,5700.0,5600.0,5650.0,4453.92138671875,93580400,ASII.JK,0.7883046702157079
2023-12-18,5650.0,5650.0,5550.0,5600.0,4414.50537109375,39134200,ASII.JK,0.7883045305524553
2023-12-19,5625.0,5650.0,5600.0,5625.0,4434.21337890625,33668300,ASII.JK,0.7883046006944444
2023-12-20,5650.0,5700.0,5625.0,5625.0,4434.21337890625,27178500,ASII.JK,0.7883046006944444
2023-12-21,5600.0,5600.0,5475.0,5550.0,4375.08984375,114749900,ASII.JK,0.7883044763513514
2023-12-22,5550.0,5600.0,5500.0,5550.0,4375.08984375,38055800,ASII.JK,0.7883044763513514
2023-12-27,5550.0,5575.0,5500.0,5550.0,4375.08984375,34332400,ASII.JK,0.7883044763513514
2023-12-28,5575.0,5600.0,5550.0,5600.0,4414.50537109375,31643200,ASII.JK,0.7883045305524553
2023-12-29,5600.0,5675.0,5575.0,5650.0,4453.92138671875,36245000,ASII.JK,0.7883046702157079
2024-01-02,5625.0,5700.0,5575.0,5700.0,4493.3359375,36479600,ASII.JK,0.7883045504385965
2024-01-03,5700.0,5700.0,5600.0,5600.0,4414.50537109375,37187300,ASII.JK,0.7883045305524553
2024-01-04,5600.0,5750.0,5600.0,5700.0,4493.3359375,52008000,ASII.JK,0.7883045504385965
2024-01-05,5725.0,5750.0,5625.0,5625.0,4434.21337890625,39167600,ASII.JK,0.7883046006944444
2024-01-08,5625.0,5675.0,5550.0,5575.0,4394.7978515625,39614600,ASII.JK,0.7883045473654708
2024-01-09,5600.0,5600.0,5525.0,5575.0,4394.7978515625,36777600,ASII.JK,0.7883045473654708
2024-01-10,5500.0,5575.0,5450.0,5525.0,4355.3828125,75423900,ASII.JK,0.7883045814479638
2024-01-11,5550.0,5625.0,5525.0,5550.0,4375.08984375,39941000,ASII.JK,0.7883044763513514
2024-01-12,5550.0,5625.0,5550.0,5600.0,4414.50537109375,28821000,ASII.JK,0.7883045305524553
2024-01-15,5600.0,5600.0,5500.0,5525.0,4355.3828125,79502600,ASII.JK,0.7883045814479638
2024-01-16,5525.0,5525.0,5475.0,5500.0,4335.67529296875,44840900,ASII.JK,0.7883045987215909
2024-01-17,5500.0,5525.0,5350.0,5400.0,4256.84521484375,114587100,ASII.JK,0.7883046694155093
2024-01-18,5400.0,5400.0,5325.0,5375.0,4237.13720703125,71517600,ASII.JK,0.7883045966569767
2024-01-19,5375.0,5400.0,5300.0,5350.0,4217.4296875,52865000,ASII.JK,0.7883046144859813
2024-01-22,5350.0,5425.0,5225.0,5225.0,4118.8916015625,169967200,ASII.JK,0.7883046127392345
2024-01-23,5150.0,5200.0,5075.0,5125.0,4040.06103515625,176612600,ASII.JK,0.7883045922256098
2024-01-24,5150.0,5175.0,4980.0,5075.0,4000.645751953125,246293300,ASII.JK,0.7883045816656404
2024-01-25,5075.0,5150.0,5025.0,5050.0,3980.93798828125,81025300,ASII.JK,0.788304552134901
2024-01-26,5050.0,5075.0,4990.0,5075.0,4000.645751953125,71861600,ASII.JK,0.7883045816656404
2024-01-29,5075.0,5075.0,4910.0,4930.0,3886.341552734375,132819200,ASII.JK,0.7883045745911511
2024-01-30,4920.0,5175.0,4900.0,5100.0,4020.353515625,165689300,ASII.JK,0.7883046109068628
2024-01-31,5125.0,5150.0,5050.0,5125.0,4040.06103515625,79343600,ASII.JK,0.7883045922256098
2024-02-01,5100.0,5175.0,5075.0,5125.0,4040.06103515625,55358600,ASII.JK,0.7883045922256098
2024-02-02,5150.0,5325.0,5125.0,5325.0,4197.7216796875,104840200,ASII.JK,0.788304540786385
2024-02-05,5325.0,5350.0,5150.0,5175.0,4079.475830078125,88826000,ASII.JK,0.788304508227657
2024-02-06,5175.0,5275.0,5150.0,5250.0,4138.599609375,46257400,ASII.JK,0.7883046875
2024-02-07,5250.0,5325.0,5250.0,5325.0,4197.7216796875,68376900,ASII.JK,0.788304540786385
2024-02-12,5300.0,5350.0,5225.0,5300.0,4178.01416015625,80552600,ASII.JK,0.7883045585200472
2024-02-13,5300.0,5300.0,5150.0,5200.0,4099.18359375,63689100,ASII.JK,0.7883045372596154
2024-02-15,5325.0,5325.0,5075.0,5125.0,4040.06103515625,124120800,ASII.JK,0.7883045922256098
2024-02-16,5125.0,5200.0,5100.0,5200.0,4099.18359375,75502700,ASII.JK,0.7883045372596154
2024-02-19,5200.0,5250.0,5075.0,5125.0,4040.06103515625,89709800,ASII.JK,0.7883045922256098
2024-02-20,5125.0,5250.0,5125.0,5200.0,4099.18359375,41623800,ASII.JK,0.7883045372596154
2024-02-21,5200.0,5300.0,5175.0,5250.0,4138.599609375,68374800,ASII.JK,0.7883046875
2024-02-22,5275.0,5300.0,5275.0,5275.0,4158.306640625,41938600,ASII.JK,0.788304576421801
2024-02-23,5250.0,5275.0,5100.0,5125.0,4040.06103515625,81214600,ASII.JK,0.7883045922256098
2024-02-26,5150.0,5200.0,5075.0,5125.0,4040.06103515625,50291500,ASII.JK,0.7883045922256098
2024-02-27,5125.0,5175.0,5050.0,5175.0,4079.475830078125,46555200,ASII.JK,0.788304508227657
2024-02-28,5325.0,5425.0,5200.0,5225.0,4118.8916015625,216020000,ASII.JK,0.7883046127392345
2024-02-29,5250.0,5300.0,5200.0,5225.0,4118.8916015625,85412900,ASII.JK,0.7883046127392345
2024-03-01,5225.0,5275.0,5150.0,5225.0,4118.8916015625,64835200,ASII.JK,0.7883046127392345
2024-03-04,5250.0,5275.0,5175.0,5200.0,4099.18359375,57118400,ASII.JK,0.7883045372596154
2024-03-05,5225.0,5225.0,5100.0,5100.0,4020.353515625,53172900,ASII.JK,0.7883046109068628
2024-03-06,5125.0,5200.0,5100.0,5175.0,4079.475830078125,29210000,ASII.JK,0.788304508227657
2024-03-07,5175.0,5200.0,5100.0,5125.0,4040.06103515625,55244400,ASII.JK,0.7883045922256098
2024-03-08,5150.0,5175.0,5125.0,5150.0,4059.768798828125,39983000,ASII.JK,0.7883046211316748
2024-03-13,5150.0,5200.0,5125.0,5150.0,4059.768798828125,63672300,ASII.JK,0.7883046211316748
2024-03-14,5175.0,5300.0,5150.0,5275.0,4158.306640625,79465800,ASII.JK,0.788304576421801
2024-03-15,5300.0,5300.0,5175.0,5175.0,4079.475830078125,164222200,ASII.JK,0.788304508227657
2024-03-18,5200.0,5250.0,5150.0,5150.0,4059.768798828125,50943600,ASII.JK,0.7883046211316748
2024-03-19,5150.0,5250.0,5150.0,5225.0,4118.8916015625,48398600,ASII.JK,0.7883046127392345
2024-03-20,5225.0,5275.0,5225.0,5275.0,4158.306640625,56191300,ASII.JK,0.788304576421801
2024-03-21,5300.0,5400.0,5275.0,5350.0,4217.4296875,67351800,ASII.JK,0.7883046144859813
2024-03-22,5375.0,5375.0,5325.0,5375.0,4237.13720703125,46341000,ASII.JK,0.7883045966569767
2024-03-25,5425.0,5425.0,5325.0,5350.0,4217.4296875,39759600,ASII.JK,0.7883046144859813
2024-03-26,5375.0,5375.0,5250.0,5300.0,4178.01416015625,57175300,ASII.JK,0.7883045585200472
2024-03-27,5300.0,5325.0,5250.0,5275.0,4158.306640625,47174800,ASII.JK,0.788304576421801
2024-03-28,5275.0,5275.0,5100.0,5150.0,4059.768798828125,107123600,ASII.JK,0.7883046211316748
2024-04-01,5175.0,5225.0,5150.0,5200.0,4099.18359375,42828200,ASII.JK,0.7883045372596154
2024-04-02,5225.0,5275.0,5175.0,5275.0,4158.306640625,41029100,ASII.JK,0.788304576421801
2024-04-03,5275.0,5275.0,5200.0,5250.0,4138.599609375,39260600,ASII.JK,0.7883046875
2024-04-04,5250.0,5250.0,5150.0,5175.0,4079.475830078125,48395600,ASII.JK,0.788304508227657
2024-04-05,5150.0,5325.0,5150.0,5275.0,4158.306640625,59190300,ASII.JK,0.788304576421801
2024-04-16,5175.0,5225.0,5100.0,5100.0,4020.353515625,137258300,ASII.JK,0.7883046109068628
2024-04-17,5150.0,5175.0,5100.0,5125.0,4040.06103515625,47211000,ASII.JK,0.7883045922256098
2024-04-18,5150.0,5150.0,5050.0,5100.0,4020.353515625,81583700,ASII.JK,0.7883046109068628
2024-04-19,5050.0,5075.0,4870.0,4900.0,3862.69287109375,185008500,ASII.JK,0.788304667570153
2024-04-22,4940.0,4990.0,4940.0,4950.0,3902.10791015625,57689200,ASII.JK,0.788304628314394
2024-04-23,4990.0,5075.0,4990.0,5025.0,3961.230712890625,49438000,ASII.JK,0.7883046194807214
2024-04-24,5000.0,5050.0,4910.0,4910.0,3870.57568359375,65796800,ASII.JK,0.7883046198765274
2024-04-25,4910.0,4980.0,4910.0,4950.0,3902.10791015625,52139300,ASII.JK,0.788304628314394
2024-04-26,4980.0,4980.0,4880.0,4880.0,3846.92626953125,70877700,ASII.JK,0.7883045634285348
2024-04-29,4920.0,5050.0,4900.0,5025.0,3961.230712890625,68303100,ASII.JK,0.7883046194807214
2024-04-30,5050.0,5225.0,4980.0,5150.0,4059.768798828125,142632100,ASII.JK,0.7883046211316748
2024-05-02,5225.0,5275.0,5175.0,5175.0,4079.475830078125,100889100,ASII.JK,0.788304508227657
2024-05-03,5225.0,5250.0,5200.0,5225.0,4118.8916015625,44094400,ASII.JK,0.7883046127392345
2024-05-06,5250.0,5250.0,5075.0,5100.0,4020.353515625,70400000,ASII.JK,0.7883046109068628
2024-05-07,5100.0,5125.0,5025.0,5050.0,3980.93798828125,58780600,ASII.JK,0.788304552134901
2024-05-08,5075.0,5150.0,5000.0,5125.0,4040.06103515625,86738900,ASII.JK,0.7883045922256098
2024-05-13,5150.0,5175.0,5075.0,5075.0,4000.645751953125,143316000,ASII.JK,0.7883045816656404
2024-05-14,4680.0,4690.0,4580.0,4580.0,3937.034423828125,264535600,ASII.JK,0.8596145030192412
2024-05-15,4570.0,4620.0,4530.0,4530.0,3894.053466796875,109962400,ASII.JK,0.8596144518315397
2024-05-16,4590.0,4720.0,4540.0,4710.0,4048.784423828125,149039700,ASII.JK,0.8596145273520436
2024-05-17,4710.0,4810.0,4690.0,4800.0,4126.14990234375,101492400,ASII.JK,0.8596145629882812
2024-05-20,4800.0,4830.0,4730.0,4740.0,4074.572509765625,58021800,ASII.JK,0.8596144535370517
2024-05-21,4750.0,4770.0,4700.0,4700.0,4040.18798828125,57558000,ASII.JK,0.8596144655917554
2024-05-22,4720.0,4730.0,4700.0,4710.0,4048.784423828125,25932300,ASII.JK,0.8596145273520436
2024-05-27,4700.0,4720.0,4550.0,4550.0,3911.245849609375,86050000,ASII.JK,0.8596144724416209
2024-05-28,4560.0,4600.0,4510.0,4510.0,3876.861572265625,42542400,ASII.JK,0.8596145393050166
2024-05-29,4800.0,4800.0,4370.0,4460.0,3833.880615234375,148814900,ASII.JK,0.8596144877207119
2024-05-30,4450.0,4450.0,4310.0,4320.0,3713.534423828125,112636300,ASII.JK,0.8596144499602141
2024-05-31,4340.0,4370.0,4290.0,4290.0,3687.746337890625,144592700,ASII.JK,0.8596145309768357
2024-06-03,4330.0,4530.0,4330.0,4500.0,3868.264892578125,77444200,ASII.JK,0.8596144205729167
2024-06-04,4510.0,4630.0,4480.0,4580.0,3937.034423828125,92676800,ASII.JK,0.8596145030192412
2024-06-05,4560.0,4640.0,4550.0,4600.0,3954.226318359375,65856400,ASII.JK,0.8596144170346467
2024-06-06,4620.0,4620.0,4530.0,4560.0,3919.842041015625,43632400,ASII.JK,0.8596144826788651
2024-06-07,4550.0,4570.0,4530.0,4560.0,3919.842041015625,34027900,ASII.JK,0.8596144826788651
2024-06-10,4560.0,4560.0,4500.0,4510.0,3876.861572265625,19932200,ASII.JK,0.8596145393050166
2024-06-11,4500.0,4500.0,4350.0,4350.0,3739.322998046875,71234400,ASII.JK,0.8596144823096264
2024-06-12,4350.0,4410.0,4290.0,4360.0,3747.919189453125,65665400,ASII.JK,0.859614492993836
2024-06-13,4410.0,4480.0,4400.0,4460.0,3833.880615234375,55824400,ASII.JK,0.8596144877207119
2024-06-14,4480.0,4530.0,4410.0,4420.0,3799.49560546875,57967500,ASII.JK,0.8596143903775453
2024-06-19,4450.0,4510.0,4420.0,4450.0,3825.284423828125,48727600,ASII.JK,0.8596144772647472
2024-06-20,4440.0,4470.0,4360.0,4450.0,3825.284423828125,35160300,ASII.JK,0.8596144772647472
2024-06-21,4450.0,4530.0,4410.0,4490.0,3859.669189453125,98313200,ASII.JK,0.8596145188091593
2024-06-24,4480.0,4500.0,4410.0,4430.0,3808.092041015625,36677200,ASII.JK,0.859614456211202
2024-06-25,4440.0,4440.0,4360.0,4400.0,3782.303466796875,50385000,ASII.JK,0.8596144242720171
2024-06-26,4400.0,4450.0,4370.0,4420.0,3799.49560546875,38397100,ASII.JK,0.8596143903775453
2024-06-27,4430.0,4440.0,4400.0,4430.0,3808.092041015625,21784700,ASII.JK,0.859614456211202
2024-06-28,4430.0,4560.0,4430.0,4460.0,3833.880615234375,127293900,ASII.JK,0.8596144877207119
2024-07-01,4490.0,4620.0,4490.0,4620.0,3971.4189453125,141627300,ASII.JK,0.8596144903273809
2024-07-02,4610.0,4620.0,4510.0,4530.0,3894.053466796875,72229800,ASII.JK,0.8596144518315397
2024-07-03,4550.0,4580.0,4520.0,4570.0,3928.437744140625,30743200,ASII.JK,0.859614386026395
2024-07-04,4580.0,4610.0,4550.0,4550.0,3911.245849609375,44755400,ASII.JK,0.8596144724416209
2024-07-05,4570.0,4610.0,4540.0,4580.0,3937.034423828125,53196500,ASII.JK,0.8596145030192412
2024-07-08,4600.0,4640.0,4560.0,4640.0,3988.611083984375,69535000,ASII.JK,0.8596144577552532
2024-07-09,4620.0,4620.0,4540.0,4560.0,3919.842041015625,84784500,ASII.JK,0.8596144826788651
2024-07-10,4570.0,4580.0,4520.0,4540.0,3902.650146484375,44563900,ASII.JK,0.8596145697102148
2024-07-11,4550.0,4600.0,4500.0,4510.0,3876.861572265625,71140800,ASII.JK,0.8596145393050166
2024-07-12,4510.0,4570.0,4500.0,4540.0,3902.650146484375,54299700,ASII.JK,0.8596145697102148
2024-07-15,4540.0,4550.0,4460.0,4470.0,3842.476318359375,53234000,ASII.JK,0.8596143888947148
2024-07-16,4480.0,4490.0,4380.0,4380.0,3765.111572265625,83814800,ASII.JK,0.8596145142158961
2024-07-17,4420.0,4470.0,4400.0,4460.0,3833.880615234375,49379700,ASII.JK,0.8596144877207119
2024-07-18,4470.0,4540.0,4460.0,4540.0,3902.650146484375,54184300,ASII.JK,0.8596145697102148
2024-07-19,4520.0,4540.0,4480.0,4530.0,3894.053466796875,40785800,ASII.JK,0.8596144518315397
2024-07-22,4530.0,4540.0,4480.0,4520.0,3885.457275390625,33128600,ASII.JK,0.8596144414581028
2024-07-23,4510.0,4530.0,4450.0,4450.0,3825.284423828125,46427300,ASII.JK,0.8596144772647472
2024-07-24,4470.0,4560.0,4460.0,4530.0,3894.053466796875,50741700,ASII.JK,0.8596144518315397
2024-07-25,4530.0,4530.0,4450.0,4490.0,3859.669189453125,40364400,ASII.JK,0.8596145188091593
2024-07-26,4500.0,4620.0,4500.0,4610.0,3962.822998046875,92236800,ASII.JK,0.8596145331988883
2024-07-29,4620.0,4630.0,4580.0,4610.0,3962.822998046875,42232800,ASII.JK,0.8596145331988883
2024-07-30,4610.0,4610.0,4520.0,4540.0,3902.650146484375,40995800,ASII.JK,0.8596145697102148
2024-07-31,4620.0,4730.0,4590.0,4720.0,4057.38037109375,170406600,ASII.JK,0.8596144854012182
2024-08-01,4700.0,4740.0,4660.0,4740.0,4074.572509765625,50775700,ASII.JK,0.8596144535370517
2024-08-02,4710.0,4740.0,4670.0,4690.0,4031.591552734375,47509800,ASII.JK,0.859614403568097
2024-08-05,4640.0,4650.0,4520.0,4560.0,3919.842041015625,93952300,ASII.JK,0.8596144826788651
2024-08-06,4600.0,4620.0,4540.0,4610.0,3962.822998046875,56748800,ASII.JK,0.8596145331988883
2024-08-07,4600.0,4630.0,4560.0,4630.0,3980.014892578125,72464900,ASII.JK,0.8596144476410638
2024-08-08,4620.0,4750.0,4600.0,4740.0,4074.572509765625,116387300,ASII.JK,0.8596144535370517
2024-08-09,4760.0,4790.0,4730.0,4760.0,4091.76513671875,44489500,ASII.JK,0.8596145245207458
2024-08-12,4760.0,4780.0,4720.0,4760.0,4091.76513671875,34027600,ASII.JK,0.8596145245207458
2024-08-13,4800.0,4800.0,4740.0,4760.0,4091.76513671875,43904800,ASII.JK,0.8596145245207458
2024-08-14,4800.0,4930.0,4770.0,4890.0,4203.5146484375,91874600,ASII.JK,0.8596144475332311
2024-08-15,4890.0,4920.0,4840.0,4890.0,4203.5146484375,46694800,ASII.JK,0.8596144475332311
2024-08-16,4900.0,4990.0,4900.0,4970.0,4272.28369140625,65502100,ASII.JK,0.8596144248302314
2024-08-19,4970.0,5050.0,4940.0,5025.0,4319.56298828125,54296700,ASII.JK,0.8596145250310945
2024-08-20,5050.0,5150.0,5025.0,5125.0,4405.52392578125,94493800,ASII.JK,0.8596144245426829
2024-08-21,5150.0,5225.0,5075.0,5075.0,4362.54345703125,94502800,ASII.JK,0.8596144742918719
2024-08-22,5025.0,5050.0,4990.0,5000.0,4298.07275390625,63177200,ASII.JK,0.85961455078125
2024-08-23,5050.0,5175.0,5050.0,5100.0,4384.0341796875,52275100,ASII.JK,0.8596145450367647
2024-08-26,5125.0,5200.0,5125.0,5150.0,4427.0146484375,30540900,ASII.JK,0.859614494842233
2024-08-27,5150.0,5175.0,5075.0,5150.0,4427.0146484375,30475700,ASII.JK,0.859614494842233
2024-08-28,5150.0,5150.0,5000.0,5025.0,4319.56298828125,64090900,ASII.JK,0.8596145250310945
2024-08-29,5050.0,5075.0,5000.0,5075.0,4362.54345703125,42502100,ASII.JK,0.8596144742918719
2024-08-30,5075.0,5125.0,5025.0,5100.0,4384.0341796875,74429400,ASII.JK,0.8596145450367647
2024-09-02,5100.0,5225.0,5100.0,5200.0,4469.99560546875,84858600,ASII.JK,0.8596145395132212
2024-09-03,5225.0,5225.0,5125.0,5125.0,4405.52392578125,34864300,ASII.JK,0.8596144245426829
2024-09-04,5050.0,5100.0,5025.0,5050.0,4341.05322265625,45331200,ASII.JK,0.8596144995358911
2024-09-05,5075.0,5125.0,5050.0,5075.0,4362.54345703125,34711100,ASII.JK,0.8596144742918719
2024-09-06,5050.0,5125.0,5050.0,5050.0,4341.05322265625,32014300,ASII.JK,0.8596144995358911
2024-09-09,5050.0,5100.0,5000.0,5025.0,4319.56298828125,55466500,ASII.JK,0.8596145250310945
2024-09-10,5075.0,5100.0,5000.0,5025.0,4319.56298828125,58871700,ASII.JK,0.8596145250310945
2024-09-11,5025.0,5050.0,5000.0,5025.0,4319.56298828125,27381100,ASII.JK,0.8596145250310945
2024-09-12,5025.0,5075.0,5025.0,5025.0,4319.56298828125,24718300,ASII.JK,0.8596145250310945
2024-09-13,5025.0,5075.0,5025.0,5075.0,4362.54345703125,24921900,ASII.JK,0.8596144742918719
2024-09-17,5075.0,5100.0,5025.0,5075.0,4362.54345703125,35574000,ASII.JK,0.8596144742918719
2024-09-18,5100.0,5275.0,5075.0,5250.0,4512.97607421875,123540100,ASII.JK,0.8596144903273809
2024-09-19,5275.0,5275.0,5200.0,5275.0,4534.46630859375,57254000,ASII.JK,0.8596144660841232
2024-09-20,5275.0,5275.0,5200.0,5225.0,4491.48583984375,47509500,ASII.JK,0.8596145148026316
2024-09-23,5250.0,5275.0,5225.0,5225.0,4491.48583984375,23362800,ASII.JK,0.8596145148026316
2024-09-24,5250.0,5275.0,5225.0,5275.0,4534.46630859375,43482600,ASII.JK,0.8596144660841232
2024-09-25,5300.0,5300.0,5150.0,5225.0,4491.48583984375,63437200,ASII.JK,0.8596145148026316
2024-09-26,5250.0,5275.0,5175.0,5250.0,4512.97607421875,56030300,ASII.JK,0.8596144903273809
2024-09-27,5275.0,5275.0,5050.0,5100.0,4384.0341796875,57476200,ASII.JK,0.8596145450367647
2024-09-30,5100.0,5100.0,5000.0,5050.0,4341.05322265625,66737800,ASII.JK,0.8596144995358911
2024-10-01,5100.0,5175.0,5075.0,5175.0,4448.5048828125,39024000,ASII.JK,0.8596144701086956
2024-10-02,5150.0,5150.0,5050.0,5150.0,4427.0146484375,39888600,ASII.JK,0.859614494842233
2024-10-03,5175.0,5250.0,5100.0,5250.0,4512.97607421875,56763900,ASII.JK,0.8596144903273809
2024-10-04,5250.0,5250.0,5100.0,5150.0,4427.0146484375,35939300,ASII.JK,0.859614494842233
2024-10-07,5150.0,5175.0,5075.0,5100.0,4384.0341796875,27889100,ASII.JK,0.8596145450367647
2024-10-08,5100.0,5225.0,5075.0,5225.0,4491.48583984375,42347600,ASII.JK,0.8596145148026316
2024-10-09,5225.0,5225.0,5075.0,5075.0,4362.54345703125,33544900,ASII.JK,0.8596144742918719
2024-10-10,5100.0,5125.0,5075.0,5125.0,4405.52392578125,27734400,ASII.JK,0.8596144245426829
2024-10-11,5125.0,5150.0,5075.0,5075.0,4362.54345703125,39320000,ASII.JK,0.8596144742918719
2024-10-14,5025.0,5025.0,4920.0,4930.0,4321.3466796875,71369100,ASII.JK,0.8765409086587221
2024-10-15,4930.0,4970.0,4900.0,4930.0,4321.3466796875,61263600,ASII.JK,0.8765409086587221
2024-10-16,4950.0,4960.0,4900.0,4960.0,4347.64208984375,80530100,ASII.JK,0.8765407439201108
2024-10-17,4950.0,4970.0,4930.0,4950.0,4338.876953125,54164800,ASII.JK,0.8765407986111111
2024-10-18,4960.0,4960.0,4920.0,4920.0,4312.58056640625,39805400,ASII.JK,0.8765407655297256
2024-10-21,4950.0,5100.0,4930.0,5100.0,4470.3583984375,88954300,ASII.JK,0.8765408624387255
2024-10-22,5125.0,5275.0,5100.0,5275.0,4623.75244140625,132222000,ASII.JK,0.8765407471860189
2024-10-23,5275.0,5300.0,5175.0,5300.0,4645.666015625,64519100,ASII.JK,0.8765407576650943
2024-10-24,5300.0,5300.0,5200.0,5275.0,4623.75244140625,50777100,ASII.JK,0.8765407471860189
2024-10-25,5275.0,5275.0,5200.0,5225.0,4579.92578125,27247500,ASII.JK,0.8765408193779904
2024-10-28,5250.0,5250.0,5125.0,5250.0,4601.83935546875,40165900,ASII.JK,0.8765408296130952
2024-10-29,5250.0,5250.0,5125.0,5125.0,4492.271484375,45247600,ASII.JK,0.8765407774390244
2024-10-30,5125.0,5200.0,5050.0,5200.0,4558.01220703125,33200300,ASII.JK,0.8765408090444712
2024-10-31,5300.0,5300.0,5100.0,5100.0,4470.3583984375,77263000,ASII.JK,0.8765408624387255
2024-11-01,5125.0,5175.0,5050.0,5075.0,4448.4443359375,54219100,ASII.JK,0.8765407558497537
2024-11-04,5075.0,5125.0,4980.0,5125.0,4492.271484375,52362100,ASII.JK,0.8765407774390244
2024-11-05,5125.0,5200.0,5075.0,5175.0,4536.0986328125,31165800,ASII.JK,0.8765407986111111
2024-11-06,5175.0,5175.0,5025.0,5050.0,4426.53125,32975900,ASII.JK,0.8765408415841585
2024-11-07,5050.0,5075.0,5000.0,5000.0,4382.7041015625,46053500,ASII.JK,0.8765408203125
2024-11-08,5050.0,5075.0,4950.0,4960.0,4347.64208984375,32828900,ASII.JK,0.8765407439201108
2024-11-11,4960.0,4990.0,4850.0,4970.0,4356.40771484375,49885000,ASII.JK,0.8765407876949195
2024-11-12,5000.0,5000.0,4930.0,4970.0,4356.40771484375,43239600,ASII.JK,0.8765407876949195
2024-11-13,5000.0,5025.0,4950.0,5025.0,4404.61767578125,24479600,ASII.JK,0.8765408310012438
2024-11-14,5025.0,5025.0,4930.0,4950.0,4338.876953125,38255700,ASII.JK,0.8765407986111111
2024-11-15,4940.0,4960.0,4920.0,4940.0,4330.111328125,14867600,ASII.JK,0.8765407546811741
2024-11-18,4950.0,4970.0,4910.0,4930.0,4321.3466796875,17408700,ASII.JK,0.8765409086587221
2024-11-19,4930.0,4970.0,4900.0,4970.0,4356.40771484375,36816800,ASII.JK,0.8765407876949195
2024-11-20,4970.0,5025.0,4950.0,5000.0,4382.7041015625,18634300,ASII.JK,0.8765408203125
2024-11-21,4990.0,4990.0,4890.0,4890.0,4286.2841796875,27662900,ASII.JK,0.8765407320424335
2024-11-22,4900.0,4960.0,4860.0,4910.0,4303.81494140625,21241800,ASII.JK,0.8765407212640021
2024-11-25,4950.0,5175.0,4940.0,5175.0,4536.0986328125,84518400,ASII.JK,0.8765407986111111
2024-11-26,5150.0,5200.0,5100.0,5150.0,4514.18505859375,45059300,ASII.JK,0.8765407880764563
2024-11-28,5200.0,5225.0,5125.0,5125.0,4492.271484375,30554200,ASII.JK,0.8765407774390244
2024-11-29,5125.0,5125.0,5025.0,5100.0,4470.3583984375,48756800,ASII.JK,0.8765408624387255
2024-12-02,5100.0,5150.0,4900.0,4940.0,4330.111328125,47373200,ASII.JK,0.8765407546811741
2024-12-03,4980.0,5125.0,4970.0,5125.0,4492.271484375,46752800,ASII.JK,0.8765407774390244
2024-12-04,5100.0,5225.0,5075.0,5225.0,4579.92578125,51733400,ASII.JK,0.8765408193779904
2024-12-05,5225.0,5225.0,5125.0,5200.0,4558.01220703125,21948400,ASII.JK,0.8765408090444712
2024-12-06,5150.0,5175.0,5050.0,5150.0,4514.18505859375,36599600,ASII.JK,0.8765407880764563
2024-12-09,5150.0,5225.0,5100.0,5225.0,4579.92578125,37208600,ASII.JK,0.8765408193779904
2024-12-10,5200.0,5225.0,5150.0,5225.0,4579.92578125,41536400,ASII.JK,0.8765408193779904
2024-12-11,5175.0,5250.0,5175.0,5250.0,4601.83935546875,41090000,ASII.JK,0.8765408296130952
2024-12-12,5150.0,5225.0,5050.0,5100.0,4470.3583984375,37254100,ASII.JK,0.8765408624387255
2024-12-13,5100.0,5150.0,5050.0,5125.0,4492.271484375,27732300,ASII.JK,0.8765407774390244
2024-12-16,5075.0,5150.0,5000.0,5125.0,4492.271484375,35937800,ASII.JK,0.8765407774390244
2024-12-17,5100.0,5150.0,4950.0,4980.0,4365.17333984375,48682400,ASII.JK,0.8765408312939257
2024-12-18,4980.0,5050.0,4960.0,5000.0,4382.7041015625,27412000,ASII.JK,0.8765408203125
2024-12-19,4950.0,4950.0,4860.0,4880.0,4277.51904296875,39151900,ASII.JK,0.8765407874935963
2024-12-20,4880.0,4900.0,4850.0,4870.0,4268.75390625,44851200,ASII.JK,0.8765408431724846
2024-12-23,4900.0,4950.0,4870.0,4950.0,4338.876953125,29678900,ASII.JK,0.8765407986111111
2024-12-24,4940.0,4980.0,4880.0,4880.0,4277.51904296875,22600500,ASII.JK,0.8765407874935963
2024-12-27,4890.0,4940.0,4880.0,4930.0,4321.3466796875,14456700,ASII.JK,0.8765409086587221
2024-12-30,4930.0,4940.0,4880.0,4900.0,4295.05029296875,23926400,ASII.JK,0.8765408761160715
2025-01-02,4910.0,4970.0,4900.0,4950.0,4338.876953125,17924000,ASII.JK,0.8765407986111111
2025-01-03,4950.0,4970.0,4920.0,4950.0,4338.876953125,12711800,ASII.JK,0.8765407986111111
2025-01-06,4950.0,5000.0,4860.0,4860.0,4259.98779296875,18412500,ASII.JK,0.8765406981417181
2025-01-07,4860.0,4920.0,4850.0,4920.0,4312.58056640625,20452200,ASII.JK,0.8765407655297256
2025-01-08,4880.0,4910.0,4810.0,4810.0,4216.1611328125,23739400,ASII.JK,0.8765407760524948
2025-01-09,4830.0,4950.0,4830.0,4930.0,4321.3466796875,23802600,ASII.JK,0.8765409086587221
2025-01-10,4940.0,4960.0,4860.0,4900.0,4295.05029296875,31951800,ASII.JK,0.8765408761160715
2025-01-13,4910.0,4920.0,4720.0,4750.0,4163.568359375,46247300,ASII.JK,0.8765407072368421
2025-01-14,4770.0,4850.0,4750.0,4750.0,4163.568359375,28096700,ASII.JK,0.8765407072368421
2025-01-15,4790.0,4940.0,4780.0,4940.0,4330.111328125,27497200,ASII.JK,0.8765407546811741
2025-01-16,5025.0,5025.0,4880.0,4880.0,4277.51904296875,30520200,ASII.JK,0.8765407874935963
2025-01-17,4860.0,4970.0,4840.0,4940.0,4330.111328125,23691900,ASII.JK,0.8765407546811741
2025-01-20,4940.0,4960.0,4900.0,4910.0,4303.81494140625,11873200,ASII.JK,0.8765407212640021
2025-01-21,4930.0,4970.0,4900.0,4910.0,4303.81494140625,21762200,ASII.JK,0.8765407212640021
2025-01-22,4920.0,4980.0,4880.0,4960.0,4347.64208984375,33116700,ASII.JK,0.8765407439201108
2025-01-23,4960.0,4980.0,4900.0,4900.0,4295.05029296875,17049700,ASII.JK,0.8765408761160715
2025-01-24,4900.0,4960.0,4870.0,4870.0,4268.75390625,19663900,ASII.JK,0.8765408431724846
2025-01-30,4870.0,4870.0,4780.0,4780.0,4189.86474609375,28147100,ASII.JK,0.8765407418606171
2025-01-31,4790.0,4840.0,4790.0,4800.0,4207.39599609375,27064100,ASII.JK,0.8765408325195313
2025-02-03,4800.0,4800.0,4740.0,4760.0,4172.33447265625,33116100,ASII.JK,0.8765408556000526
2025-02-04,4770.0,4840.0,4760.0,4800.0,4207.39599609375,20631500,ASII.JK,0.8765408325195313
2025-02-05,4850.0,4850.0,4730.0,4740.0,4154.80322265625,20436200,ASII.JK,0.8765407642734705
2025-02-06,4740.0,4740.0,4520.0,4550.0,3988.260498046875,61645400,ASII.JK,0.876540768801511
2025-02-07,4610.0,4670.0,4530.0,4650.0,4075.91455078125,33223300,ASII.JK,0.876540763608871
2025-02-10,4610.0,4650.0,4520.0,4570.0,4005.791015625,40230000,ASII.JK,0.8765407036378556
2025-02-11,4590.0,4650.0,4570.0,4610.0,4040.853271484375,32956400,ASII.JK,0.8765408398013829
2025-02-12,4680.0,4680.0,4620.0,4640.0,4067.149169921875,30762900,ASII.JK,0.8765407693797145
2025-02-13,4640.0,4670.0,4580.0,4660.0,4084.68017578125,21320200,ASII.JK,0.8765408102534872
2025-02-14,4660.0,4730.0,4640.0,4680.0,4102.2109375,31409000,ASII.JK,0.8765407986111111
2025-02-17,4680.0,4780.0,4670.0,4740.0,4154.80322265625,30270200,ASII.JK,0.8765407642734705
2025-02-18,4740.0,4840.0,4740.0,4800.0,4207.39599609375,31828200,ASII.JK,0.8765408325195313
2025-02-19,4820.0,4840.0,4610.0,4700.0,4119.74169921875,47951400,ASII.JK,0.8765407870678191
2025-02-20,4700.0,4740.0,4650.0,4720.0,4137.2724609375,23653800,ASII.JK,0.8765407756223517
2025-02-21,4740.0,4800.0,4600.0,4750.0,4163.568359375,31937400,ASII.JK,0.8765407072368421
2025-02-24,4750.0,4770.0,4660.0,4700.0,4119.74169921875,22303600,ASII.JK,0.8765407870678191
2025-02-25,4710.0,4750.0,4550.0,4560.0,3997.026123046875,42728600,ASII.JK,0.876540816457648
2025-02-26,4560.0,4600.0,4520.0,4580.0,4014.556884765625,19351300,ASII.JK,0.8765408045339793
2025-02-27,4550.0,4590.0,4480.0,4590.0,4023.322021484375,37731000,ASII.JK,0.8765407454214325
2025-02-28,4650.0,4650.0,4370.0,4530.0,3970.729736328125,70620000,ASII.JK,0.8765407806463852
2025-03-03,4530.0,4720.0,4500.0,4680.0,4102.2109375,65345600,ASII.JK,0.8765407986111111
2025-03-04,4680.0,4700.0,4590.0,4690.0,4110.97607421875,40873900,ASII.JK,0.8765407407715885
2025-03-05,4700.0,4900.0,4690.0,4900.0,4295.05029296875,86703900,ASII.JK,0.8765408761160715
2025-03-06,4900.0,4960.0,4860.0,4900.0,4295.05029296875,51276300,ASII.JK,0.8765408761160715
2025-03-07,4900.0,4970.0,4790.0,4930.0,4321.3466796875,59830500,ASII.JK,0.8765409086587221
2025-03-10,4900.0,4900.0,4750.0,4770.0,4181.099609375,53139600,ASII.JK,0.8765407986111111
2025-03-11,4720.0,4800.0,4700.0,4800.0,4207.39599609375,35571600,ASII.JK,0.8765408325195313
2025-03-12,4760.0,4830.0,4740.0,4810.0,4216.1611328125,29264500,ASII.JK,0.8765407760524948
2025-03-13,4790.0,4810.0,4680.0,4730.0,4146.0380859375,41066600,ASII.JK,0.8765408215512684
2025-03-14,4730.0,4730.0,4610.0,4620.0,4049.618408203125,35967600,ASII.JK,0.8765407809963474
2025-03-17,4660.0,4670.0,4610.0,4620.0,4049.618408203125,23856300,ASII.JK,0.8765407809963474
2025-03-18,4630.0,4650.0,4460.0,4650.0,4075.91455078125,66583100,ASII.JK,0.876540763608871
2025-03-19,4650.0,4700.0,4610.0,4690.0,4110.97607421875,37556400,ASII.JK,0.8765407407715885
2025-03-20,4690.0,4750.0,4640.0,4710.0,4128.50732421875,23310500,ASII.JK,0.8765408331674629
2025-03-21,4720.0,4840.0,4630.0,4840.0,4242.45703125,57730500,ASII.JK,0.8765407089359504
2025-03-24,4780.0,4780.0,4540.0,4690.0,4110.97607421875,29695400,ASII.JK,0.8765407407715885
2025-03-25,4700.0,4700.0,4610.0,4650.0,4075.91455078125,26320300,ASII.JK,0.876540763608871
2025-03-26,4660.0,4840.0,4660.0,4800.0,4207.39599609375,30508200,ASII.JK,0.8765408325195313
2025-03-27,4800.0,4920.0,4790.0,4920.0,4312.58056640625,44551200,ASII.JK,0.8765407655297256
2025-04-08,4800.0,4800.0,4450.0,4480.0,3926.90283203125,94752400,ASII.JK,0.8765408107212611
2025-04-09,4480.0,4660.0,4470.0,4620.0,4049.618408203125,46086300,ASII.JK,0.8765407809963474
2025-04-10,4750.0,4840.0,4690.0,4710.0,4128.50732421875,43115600,ASII.JK,0.8765408331674629
2025-04-11,4660.0,4740.0,4620.0,4710.0,4128.50732421875,31446100,ASII.JK,0.8765408331674629
2025-04-14,4740.0,4930.0,4710.0,4930.0,4321.3466796875,39843200,ASII.JK,0.8765409086587221
2025-04-15,4930.0,4950.0,4800.0,4870.0,4268.75390625,56488100,ASII.JK,0.8765408431724846
2025-04-16,4850.0,4860.0,4690.0,4780.0,4189.86474609375,44479500,ASII.JK,0.8765407418606171
2025-04-17,4770.0,4770.0,4710.0,4750.0,4163.568359375,28099700,ASII.JK,0.8765407072368421
2025-04-21,4750.0,4810.0,4740.0,4790.0,4198.63037109375,14313200,ASII.JK,0.8765407872847077
2025-04-22,4750.0,4780.0,4720.0,4740.0,4154.80322265625,29906300,ASII.JK,0.8765407642734705
2025-04-23,4770.0,4840.0,4770.0,4820.0,4224.9267578125,38609800,ASII.JK,0.8765408211229253
2025-04-24,4830.0,4840.0,4770.0,4770.0,4181.099609375,42307000,ASII.JK,0.8765407986111111
2025-04-25,4790.0,4910.0,4790.0,4860.0,4259.98779296875,45465200,ASII.JK,0.8765406981417181
2025-04-28,4880.0,4930.0,4870.0,4890.0,4286.2841796875,22380800,ASII.JK,0.8765407320424335
2025-04-29,4910.0,4910.0,4800.0,4800.0,4207.39599609375,46881000,ASII.JK,0.8765408325195313
2025-04-30,4800.0,4840.0,4780.0,4800.0,4207.39599609375,46038900,ASII.JK,0.8765408325195313
2025-05-02,4810.0,4860.0,4760.0,4790.0,4198.63037109375,61301400,ASII.JK,0.8765407872847077
2025-05-05,4800.0,4810.0,4770.0,4780.0,4189.86474609375,30747900,ASII.JK,0.8765407418606171
2025-05-06,4780.0,4800.0,4750.0,4750.0,4163.568359375,53222000,ASII.JK,0.8765407072368421
2025-05-07,4780.0,4840.0,4770.0,4830.0,4233.69189453125,47790800,ASII.JK,0.8765407649133022
2025-05-08,4860.0,4930.0,4780.0,4780.0,4189.86474609375,92459500,ASII.JK,0.8765407418606171
2025-05-09,4790.0,4830.0,4780.0,4780.0,4189.86474609375,38964000,ASII.JK,0.8765407418606171
2025-05-14,4860.0,4880.0,4800.0,4810.0,4216.1611328125,92389200,ASII.JK,0.8765407760524948
2025-05-15,4820.0,4850.0,4810.0,4820.0,4224.9267578125,69701600,ASII.JK,0.8765408211229253
2025-05-16,4840.0,4880.0,4810.0,4880.0,4277.51904296875,64271600,ASII.JK,0.8765407874935963
2025-05-19,4890.0,4960.0,4880.0,4940.0,4330.111328125,97782400,ASII.JK,0.8765407546811741
2025-05-20,4960.0,4960.0,4860.0,4860.0,4259.98779296875,127610600,ASII.JK,0.8765406981417181
2025-05-21,4600.0,4690.0,4570.0,4670.0,4370.41845703125,115335300,ASII.JK,0.9358497766662206
2025-05-22,4680.0,4710.0,4630.0,4630.0,4332.984375,52032700,ASII.JK,0.9358497570194384
2025-05-23,4770.0,4780.0,4730.0,4740.0,4435.927734375,42300400,ASII.JK,0.9358497329905063
2025-05-26,4770.0,4780.0,4690.0,4730.0,4426.5693359375,40971400,ASII.JK,0.9358497538979915
2025-05-27,4710.0,4730.0,4660.0,4700.0,4398.49365234375,38680100,ASII.JK,0.9358497132646276
2025-05-28,4710.0,4850.0,4660.0,4850.0,4538.87158203125,188036300,ASII.JK,0.9358498107280928
2025-06-02,4780.0,4800.0,4730.0,4780.0,4473.36181640625,115876200,ASII.JK,0.9358497523862448
2025-06-03,4750.0,4760.0,4650.0,4700.0,4398.49365234375,51574100,ASII.JK,0.9358497132646276
2025-06-04,4760.0,4760.0,4610.0,4610.0,4314.267578125,55901000,ASII.JK,0.9358498000271149
2025-06-05,4640.0,4670.0,4610.0,4610.0,4314.267578125,38381400,ASII.JK,0.9358498000271149
2025-06-10,4670.0,4670.0,4600.0,4600.0,4304.90869140625,60469600,ASII.JK,0.9358497155230978
2025-06-11,4610.0,4630.0,4580.0,4610.0,4314.267578125,50550100,ASII.JK,0.9358498000271149
2025-06-12,4610.0,4620.0,4560.0,4560.0,4267.47509765625,54629900,ASII.JK,0.9358498021175987
2025-06-13,4580.0,4600.0,4560.0,4570.0,4276.8330078125,38510500,ASII.JK,0.9358496734819475
2025-06-16,4570.0,4630.0,4560.0,4610.0,4314.267578125,29939400,ASII.JK,0.9358498000271149
2025-06-17,4640.0,4640.0,4590.0,4600.0,4304.90869140625,29978400,ASII.JK,0.9358497155230978
2025-06-18,4610.0,4620.0,4590.0,4590.0,4295.55029296875,19386900,ASII.JK,0.9358497370302288
2025-06-19,4590.0,4600.0,4500.0,4530.0,4239.3994140625,30832700,ASII.JK,0.9358497602786976
2025-06-20,4530.0,4530.0,4480.0,4490.0,4201.9658203125,50116600,ASII.JK,0.9358498486219377
2025-06-23,4470.0,4470.0,4400.0,4430.0,4145.814453125,28820000,ASII.JK,0.9358497636851015
2025-06-24,4470.0,4500.0,4430.0,4470.0,4183.248046875,37523200,ASII.JK,0.9358496749161074
2025-06-25,4530.0,4530.0,4420.0,4470.0,4183.248046875,33217200,ASII.JK,0.9358496749161074
2025-06-26,4440.0,4450.0,4410.0,4450.0,4164.53125,26909800,ASII.JK,0.9358497191011236
2025-06-30,4470.0,4520.0,4450.0,4500.0,4211.32373046875,41865200,ASII.JK,0.9358497178819445
2025-07-01,4490.0,4510.0,4440.0,4450.0,4164.53125,27410600,ASII.JK,0.9358497191011236
2025-07-02,4450.0,4550.0,4440.0,4540.0,4248.75830078125,34231600,ASII.JK,0.9358498459870594
2025-07-03,4540.0,4590.0,4530.0,4570.0,4276.8330078125,24120100,ASII.JK,0.9358496734819475
2025-07-04,4600.0,4650.0,4570.0,4620.0,4323.6259765625,25298100,ASII.JK,0.9358497784767316
2025-07-07,4620.0,4680.0,4590.0,4680.0,4379.77685546875,20181800,ASII.JK,0.9358497554420406
2025-07-08,4670.0,4670.0,4620.0,4660.0,4361.06005859375,21173700,ASII.JK,0.9358497979814914
2025-07-09,4680.0,4720.0,4670.0,4720.0,4417.2109375,32577400,ASII.JK,0.9358497748940678
2025-07-10,4720.0,4730.0,4680.0,4680.0,4379.77685546875,21464100,ASII.JK,0.9358497554420406
2025-07-11,4720.0,4720.0,4680.0,4710.0,4407.8525390625,19382400,ASII.JK,0.9358497959792994
2025-07-14,4710.0,4750.0,4650.0,4700.0,4398.49365234375,32985800,ASII.JK,0.9358497132646276
2025-07-15,4700.0,4700.0,4630.0,4700.0,4398.49365234375,25045900,ASII.JK,0.9358497132646276
2025-07-16,4700.0,4810.0,4690.0,4750.0,4445.2861328125,53394000,ASII.JK,0.9358497121710526
2025-07-17,4750.0,4820.0,4730.0,4790.0,4482.72021484375,37859000,ASII.JK,0.9358497317001566
2025-07-18,4810.0,4840.0,4750.0,4750.0,4445.2861328125,23680400,ASII.JK,0.9358497121710526
2025-07-21,4810.0,4810.0,4720.0,4760.0,4454.64501953125,17018900,ASII.JK,0.9358497940191701
2025-07-22,4760.0,4760.0,4680.0,4690.0,4389.13525390625,47232600,ASII.JK,0.9358497343083688
2025-07-23,4740.0,4950.0,4720.0,4950.0,4632.45654296875,94669900,ASII.JK,0.9358498066603536
2025-07-24,4990.0,5075.0,4980.0,5050.0,4726.04150390625,72459700,ASII.JK,0.9358498027537129
2025-07-25,5000.0,5050.0,4950.0,5000.0,4679.2490234375,28079000,ASII.JK,0.9358498046875
2025-07-28,5025.0,5100.0,4990.0,5100.0,4772.833984375,59414600,ASII.JK,0.9358498008578431
2025-07-29,5100.0,5125.0,5025.0,5100.0,4772.833984375,36861000,ASII.JK,0.9358498008578431
2025-07-30,5100.0,5150.0,5075.0,5150.0,4819.62646484375,53075600,ASII.JK,0.9358497989987864
2025-07-31,5150.0,5175.0,5100.0,5100.0,4772.833984375,44048400,ASII.JK,0.9358498008578431
2025-08-01,5125.0,5150.0,4960.0,5000.0,4679.2490234375,33392000,ASII.JK,0.9358498046875
2025-08-04,5000.0,5050.0,4940.0,5025.0,4702.64501953125,21561700,ASII.JK,0.935849755130597
2025-08-05,5050.0,5050.0,4990.0,5025.0,4702.64501953125,20210600,ASII.JK,0.935849755130597
2025-08-06,5025.0,5025.0,4900.0,4900.0,4585.6640625,24786300,ASII.JK,0.9358498086734693
2025-08-07,4920.0,5025.0,4920.0,4960.0,4641.814453125,25930000,ASII.JK,0.9358496881300403
2025-08-08,4950.0,4990.0,4920.0,4920.0,4604.380859375,20639400,ASII.JK,0.9358497681656504
2025-08-11,4920.0,4930.0,4870.0,4900.0,4585.6640625,21955000,ASII.JK,0.9358498086734693
2025-08-12,4900.0,5025.0,4890.0,4990.0,4669.89013671875,22725500,ASII.JK,0.9358497267973447
2025-08-13,5100.0,5250.0,5025.0,5175.0,4843.0224609375,103458500,ASII.JK,0.9358497509057971
2025-08-14,5125.0,5150.0,5075.0,5100.0,4772.833984375,31796500,ASII.JK,0.9358498008578431
2025-08-15,5100.0,5125.0,5025.0,5025.0,4702.64501953125,16434700,ASII.JK,0.935849755130597
2025-08-19,5275.0,5575.0,5200.0,5525.0,5170.56982421875,260942000,ASII.JK,0.9358497419400452
2025-08-20,5525.0,5550.0,5450.0,5525.0,5170.56982421875,74517000,ASII.JK,0.9358497419400452
2025-08-21,5525.0,5650.0,5500.0,5625.0,5264.1552734375,76746200,ASII.JK,0.9358498263888889
2025-08-22,5650.0,5775.0,5600.0,5700.0,5334.34375,73126900,ASII.JK,0.9358497807017544
2025-08-25,5750.0,5775.0,5675.0,5750.0,5381.13623046875,60737900,ASII.JK,0.9358497792119566
2025-08-26,5725.0,5725.0,5475.0,5625.0,5264.1552734375,79136200,ASII.JK,0.9358498263888889
2025-08-27,5650.0,5725.0,5500.0,5500.0,5147.17333984375,33172600,ASII.JK,0.9358496981534091
2025-08-28,5525.0,5650.0,5525.0,5575.0,5217.3623046875,18032900,ASII.JK,0.935849740751121
2025-08-29,5450.0,5625.0,5425.0,5500.0,5147.17333984375,62869000,ASII.JK,0.9358496981534091
2025-09-01,5200.0,5500.0,5200.0,5450.0,5100.380859375,67904000,ASII.JK,0.9358496989678899
2025-09-02,5500.0,5550.0,5400.0,5475.0,5123.77734375,21623300,ASII.JK,0.9358497431506849
2025-09-03,5525.0,5650.0,5450.0,5500.0,5147.17333984375,45471600,ASII.JK,0.9358496981534091
2025-09-04,5500.0,5500.0,5400.0,5500.0,5147.17333984375,26987400,ASII.JK,0.9358496981534091
2025-09-08,5600.0,5600.0,5350.0,5425.0,5076.98486328125,57081800,ASII.JK,0.9358497443836405
2025-09-09,5400.0,5600.0,5350.0,5525.0,5170.56982421875,49240100,ASII.JK,0.9358497419400452
2025-09-10,5525.0,5525.0,5400.0,5475.0,5123.77734375,22964700,ASII.JK,0.9358497431506849
2025-09-11,5475.0,5600.0,5450.0,5550.0,5193.9658203125,28151500,ASII.JK,0.9358496973536036
2025-09-12,5625.0,5700.0,5600.0,5675.0,5310.94775390625,30653500,ASII.JK,0.9358498244768723
2025-09-15,5675.0,5700.0,5600.0,5625.0,5264.1552734375,26368000,ASII.JK,0.9358498263888889
2025-09-16,5650.0,5675.0,5600.0,5650.0,5287.55126953125,15987900,ASII.JK,0.9358497822179204
2025-09-17,5650.0,5700.0,5600.0,5700.0,5334.34375,23879700,ASII.JK,0.9358497807017544
2025-09-18,5700.0,5725.0,5550.0,5575.0,5217.3623046875,27261300,ASII.JK,0.935849740751121
2025-09-19,5575.0,5750.0,5575.0,5725.0,5357.740234375,52162200,ASII.JK,0.9358498225982532
2025-09-22,5725.0,5725.0,5625.0,5700.0,5334.34375,35106300,ASII.JK,0.9358497807017544
2025-09-23,5675.0,5950.0,5650.0,5900.0,5521.513671875,41044200,ASII.JK,0.9358497748940678
2025-09-24,5950.0,5950.0,5850.0,5900.0,5521.513671875,61167600,ASII.JK,0.9358497748940678
2025-09-25,5900.0,5900.0,5750.0,5775.0,5404.53271484375,35805100,ASII.JK,0.9358498207521645
2025-09-26,5875.0,6000.0,5775.0,5875.0,5498.11767578125,42677800,ASII.JK,0.9358498171542553
2025-09-29,5875.0,5900.0,5750.0,5775.0,5404.53271484375,20892700,ASII.JK,0.9358498207521645
2025-09-30,5750.0,5825.0,5700.0,5775.0,5404.53271484375,41266900,ASII.JK,0.9358498207521645
2025-10-01,5825.0,5850.0,5650.0,5675.0,5310.94775390625,26508200,ASII.JK,0.9358498244768723
2025-10-02,5750.0,5750.0,5625.0,5700.0,5334.34375,29346300,ASII.JK,0.9358497807017544
2025-10-03,5750.0,5850.0,5750.0,5825.0,5451.3251953125,27951100,ASII.JK,0.9358498189377682
2025-10-06,5900.0,5925.0,5800.0,5825.0,5451.3251953125,21809400,ASII.JK,0.9358498189377682
2025-10-07,5925.0,6050.0,5725.0,5750.0,5381.13623046875,43328700,ASII.JK,0.9358497792119566
2025-10-08,5825.0,5875.0,5650.0,5725.0,5357.740234375,30080700,ASII.JK,0.9358498225982532
2025-10-09,5775.0,5925.0,5750.0,5925.0,5544.90966796875,27699300,ASII.JK,0.9358497329905063
2025-10-10,5925.0,5950.0,5850.0,5900.0,5521.513671875,27133800,ASII.JK,0.9358497748940678
2025-10-13,5850.0,5925.0,5775.0,5800.0,5427.9287109375,29034500,ASII.JK,0.9358497777478448
2025-10-14,5800.0,6025.0,5800.0,5825.0,5545.0166015625,53096200,ASII.JK,0.9519341805257511
2025-10-15,5950.0,5950.0,5750.0,5775.0,5497.419921875,96604500,ASII.JK,0.9519341856060606
2025-10-16,5850.0,5850.0,5750.0,5750.0,5473.62158203125,15044500,ASII.JK,0.9519341881793478
2025-10-17,5725.0,5800.0,5575.0,5625.0,5354.6298828125,31793700,ASII.JK,0.9519342013888888
2025-10-20,5625.0,5925.0,5625.0,5925.0,5640.2099609375,29959700,ASII.JK,0.9519341706223629
2025-10-21,6000.0,6050.0,5900.0,6000.0,5711.60498046875,46181700,ASII.JK,0.9519341634114583
2025-10-22,6050.0,6300.0,6000.0,6175.0,5878.193359375,98615300,ASII.JK,0.9519341472672065
2025-10-23,6075.0,6400.0,6075.0,6325.0,6020.9833984375,60009000,ASII.JK,0.9519341341403162
2025-10-24,6375.0,6675.0,6350.0,6575.0,6258.96728515625,93344500,ASII.JK,0.9519341878564639
2025-10-27,6600.0,6725.0,6375.0,6600.0,6282.765625,64262300,ASII.JK,0.9519341856060606
2025-10-28,6600.0,6600.0,6275.0,6325.0,6020.9833984375,37953500,ASII.JK,0.9519341341403162
2025-10-29,6250.0,6500.0,6225.0,6475.0,6163.7734375,39818900,ASII.JK,0.9519341216216216
2025-10-30,6425.0,6450.0,6250.0,6275.0,5973.38671875,28976800,ASII.JK,0.9519341384462151
2025-10-31,6250.0,6300.0,6125.0,6150.0,5854.39501953125,64790000,ASII.JK,0.9519341495172764
2025-11-03,6150.0,6450.0,6150.0,6350.0,6044.78173828125,59085000,ASII.JK,0.9519341320127953
2025-11-04,6300.0,6375.0,6250.0,6300.0,5997.18505859375,62249200,ASII.JK,0.9519341362847222
2025-11-05,6250.0,6325.0,6175.0,6250.0,5949.58837890625,43439100,ASII.JK,0.951934140625
2025-11-06,6300.0,6350.0,6200.0,6325.0,6020.9833984375,48979900,ASII.JK,0.9519341341403162
2025-11-07,6325.0,6450.0,6300.0,6425.0,6116.1767578125,42960800,ASII.JK,0.951934125729572
2025-11-10,6500.0,6500.0,6400.0,6425.0,6116.1767578125,45533400,ASII.JK,0.951934125729572
2025-11-11,6550.0,6600.0,6450.0,6525.0,6211.37060546875,43529600,ASII.JK,0.9519341924090038
2025-11-12,6550.0,6575.0,6400.0,6450.0,6139.97509765625,37083400,ASII.JK,0.9519341236676356
2025-11-13,6425.0,6425.0,6350.0,6375.0,6068.580078125,21200000,ASII.JK,0.9519341299019608
2025-11-14,6375.0,6450.0,6325.0,6400.0,6092.37841796875,23431700,ASII.JK,0.9519341278076172
2025-11-17,6400.0,6500.0,6375.0,6450.0,6139.97509765625,40681500,ASII.JK,0.9519341236676356
2025-11-18,6475.0,6550.0,6400.0,6425.0,6116.1767578125,27510900,ASII.JK,0.951934125729572
2025-11-19,6425.0,6475.0,6275.0,6400.0,6092.37841796875,45476700,ASII.JK,0.9519341278076172
2025-11-20,6450.0,6500.0,6375.0,6425.0,6116.1767578125,30547700,ASII.JK,0.951934125729572
2025-11-21,6400.0,6425.0,6325.0,6425.0,6116.1767578125,43653200,ASII.JK,0.951934125729572
2025-11-24,6500.0,6525.0,6425.0,6475.0,6163.7734375,71721700,ASII.JK,0.9519341216216216
2025-11-25,6425.0,6475.0,6375.0,6450.0,6139.97509765625,20954400,ASII.JK,0.9519341236676356
2025-11-26,6500.0,6600.0,6425.0,6600.0,6282.765625,29331000,ASII.JK,0.9519341856060606
2025-11-27,6600.0,6600.0,6450.0,6575.0,6258.96728515625,23737100,ASII.JK,0.9519341878564639
2025-11-28,6600.0,6600.0,6500.0,6550.0,6235.1689453125,38378700,ASII.JK,0.9519341901240458
2025-12-01,6375.0,6500.0,6325.0,6375.0,6068.580078125,38669000,ASII.JK,0.9519341299019608
2025-12-02,6575.0,6625.0,6500.0,6625.0,6306.56396484375,53567600,ASII.JK,0.9519341833726415
2025-12-03,6600.0,6650.0,6550.0,6600.0,6282.765625,24386200,ASII.JK,0.9519341856060606
2025-12-04,6575.0,6725.0,6550.0,6725.0,6401.75732421875,38510600,ASII.JK,0.9519341746050186
2025-12-05,6725.0,6900.0,6700.0,6700.0,6377.958984375,67707300,ASII.JK,0.951934176772388
2025-12-08,6825.0,6825.0,6625.0,6725.0,6401.75732421875,38776000,ASII.JK,0.9519341746050186
2025-12-09,6775.0,6775.0,6450.0,6600.0,6282.765625,38482800,ASII.JK,0.9519341856060606
2025-12-10,6700.0,6725.0,6550.0,6625.0,6306.56396484375,34524000,ASII.JK,0.9519341833726415
2025-12-11,6650.0,6675.0,6350.0,6450.0,6139.97509765625,42116700,ASII.JK,0.9519341236676356
2025-12-12,6550.0,6600.0,6425.0,6600.0,6282.765625,28841900,ASII.JK,0.9519341856060606
2025-12-15,6725.0,6725.0,6525.0,6600.0,6282.765625,38096700,ASII.JK,0.9519341856060606
2025-12-16,6575.0,6600.0,6500.0,6600.0,6282.765625,34723600,ASII.JK,0.9519341856060606
2025-12-17,6550.0,6600.0,6500.0,6600.0,6282.765625,32681400,ASII.JK,0.9519341856060606
2025-12-18,6600.0,6600.0,6475.0,6500.0,6187.572265625,20454400,ASII.JK,0.9519341947115385
2025-12-19,6575.0,6575.0,6425.0,6525.0,6211.37060546875,61201100,ASII.JK,0.9519341924090038
2025-12-22,6450.0,6600.0,6450.0,6575.0,6258.96728515625,30755900,ASII.JK,0.9519341878564639
2025-12-23,6500.0,6575.0,6450.0,6500.0,6187.572265625,13756700,ASII.JK,0.9519341947115385
2025-12-24,6450.0,6675.0,6450.0,6625.0,6306.56396484375,20273000,ASII.JK,0.9519341833726415
2025-12-29,6625.0,6725.0,6600.0,6675.0,6354.16064453125,20982300,ASII.JK,0.9519341789559925
2025-12-30,6675.0,6725.0,6600.0,6700.0,6377.958984375,23486000,ASII.JK,0.951934176772388
2026-01-02,6600.0,6800.0,6600.0,6800.0,6473.15234375,19569100,ASII.JK,0.9519341681985294
2026-01-05,6775.0,6875.0,6675.0,6875.0,6544.54736328125,30633400,ASII.JK,0.9519341619318182
2026-01-06,6875.0,6900.0,6700.0,6900.0,6568.345703125,33964700,ASII.JK,0.9519341598731884
2026-01-07,6800.0,7075.0,6800.0,7025.0,6687.33740234375,55249800,ASII.JK,0.951934149799822
2026-01-08,7025.0,7100.0,6975.0,7000.0,6663.5390625,30845500,ASII.JK,0.9519341517857143
2026-01-09,7000.0,7100.0,6825.0,6875.0,6544.54736328125,29171000,ASII.JK,0.9519341619318182
2026-01-12,6925.0,7000.0,6900.0,7000.0,6663.5390625,24915100,ASII.JK,0.9519341517857143
2026-01-13,7075.0,7300.0,7025.0,7300.0,6949.119140625,65659900,ASII.JK,0.9519341288527398
2026-01-14,7200.0,7225.0,7025.0,7125.0,6782.53076171875,40658400,ASII.JK,0.951934141995614
2026-01-15,7200.0,7200.0,7000.0,7050.0,6711.1357421875,26410300,ASII.JK,0.9519341478280142
2026-01-19,7200.0,7475.0,7175.0,7400.0,7044.31298828125,51590900,ASII.JK,0.9519341876055744
2026-01-20,7350.0,7375.0,7225.0,7275.0,6925.32080078125,21167100,ASII.JK,0.9519341306915807
2026-01-21,6300.0,6800.0,6300.0,6600.0,6282.765625,269454100,ASII.JK,0.9519341856060606
2026-01-22,6700.0,6850.0,6625.0,6775.0,6449.35400390625,70220500,ASII.JK,0.9519341703182657
2026-01-23,6800.0,6900.0,6650.0,6825.0,6496.95068359375,52227800,ASII.JK,0.9519341660943224
2026-01-26,6850.0,6875.0,6700.0,6875.0,6544.54736328125,55468700,ASII.JK,0.9519341619318182
2026-01-27,6775.0,6800.0,6225.0,6300.0,5997.18505859375,145465800,ASII.JK,0.9519341362847222
2026-01-28,6200.0,6475.0,5775.0,6175.0,5878.193359375,200262500,ASII.JK,0.9519341472672065
2026-01-29,6200.0,6475.0,5725.0,6475.0,6163.7734375,136295200,ASII.JK,0.9519341216216216
2026-01-30,6525.0,6550.0,6300.0,6350.0,6044.78173828125,101087200,ASII.JK,0.9519341320127953
2026-02-02,6350.0,6400.0,6175.0,6275.0,5973.38671875,71571500,ASII.JK,0.9519341384462151
2026-02-03,6375.0,6800.0,6325.0,6800.0,6473.15234375,63526500,ASII.JK,0.9519341681985294
2026-02-04,6800.0,6825.0,6625.0,6675.0,6354.16064453125,58211100,ASII.JK,0.9519341789559925
2026-02-05,6725.0,7000.0,6725.0,6950.0,6615.9423828125,72792600,ASII.JK,0.9519341558003597
2026-02-06,6800.0,6800.0,6575.0,6700.0,6377.958984375,49547300,ASII.JK,0.951934176772388
2026-02-09,6750.0,6750.0,6525.0,6650.0,6330.3623046875,34797900,ASII.JK,0.951934181156015
2026-02-10,6700.0,6850.0,6650.0,6850.0,6520.7490234375,45371100,ASII.JK,0.9519341640054745
2026-02-11,6800.0,6825.0,6700.0,6750.0,6425.5556640625,41050100,ASII.JK,0.9519341724537037
2026-02-12,6775.0,6900.0,6750.0,6775.0,6449.35400390625,26536900,ASII.JK,0.9519341703182657
2026-02-13,6775.0,6775.0,6575.0,6650.0,6330.3623046875,31212900,ASII.JK,0.951934181156015
2026-02-18,6750.0,6750.0,6650.0,6700.0,6377.958984375,25858200,ASII.JK,0.951934176772388
2026-02-19,6700.0,6775.0,6550.0,6600.0,6282.765625,46704000,ASII.JK,0.9519341856060606
2026-02-20,6600.0,6650.0,6550.0,6550.0,6235.1689453125,28160900,ASII.JK,0.9519341901240458
2026-02-23,6625.0,6650.0,6550.0,6625.0,6306.56396484375,38075400,ASII.JK,0.9519341833726415
2026-02-24,6650.0,6725.0,6550.0,6550.0,6235.1689453125,51297100,ASII.JK,0.9519341901240458
2026-02-25,6600.0,6675.0,6575.0,6650.0,6330.3623046875,45214100,ASII.JK,0.951934181156015
2026-02-26,6700.0,6725.0,6575.0,6725.0,6401.75732421875,30901600,ASII.JK,0.9519341746050186
2026-02-27,6725.0,6750.0,6575.0,6675.0,6354.16064453125,68396400,ASII.JK,0.9519341789559925
2026-03-02,6600.0,6625.0,6275.0,6300.0,5997.18505859375,60477400,ASII.JK,0.9519341362847222
2026-03-03,6400.0,6425.0,6250.0,6275.0,5973.38671875,31573300,ASII.JK,0.9519341384462151
2026-03-04,6275.0,6325.0,6000.0,6150.0,5854.39501953125,49747800,ASII.JK,0.9519341495172764
2026-03-05,6300.0,6350.0,6200.0,6325.0,6020.9833984375,38471400,ASII.JK,0.9519341341403162
2026-03-06,6300.0,6300.0,6050.0,6125.0,5830.5966796875,38071100,ASII.JK,0.9519341517857143
2026-03-09,5900.0,5900.0,5800.0,5850.0,5568.81494140625,46625500,ASII.JK,0.9519341780181624
2026-03-10,5900.0,6150.0,5900.0,6000.0,5711.60498046875,33964900,ASII.JK,0.9519341634114583
2026-03-11,6000.0,6050.0,5875.0,5950.0,5664.00830078125,18403300,ASII.JK,0.9519341681985294
2026-03-12,5975.0,6050.0,5900.0,5950.0,5664.00830078125,20628100,ASII.JK,0.9519341681985294
2026-03-13,5900.0,5950.0,5775.0,5825.0,5545.0166015625,27856000,ASII.JK,0.9519341805257511
2026-03-16,5875.0,5900.0,5675.0,5850.0,5568.81494140625,37696400,ASII.JK,0.9519341780181624
2026-03-17,5925.0,5925.0,5750.0,5800.0,5521.21826171875,89895700,ASII.JK,0.9519341830549569
2026-03-25,6300.0,6600.0,6100.0,6600.0,6282.765625,134276600,ASII.JK,0.9519341856060606
2026-03-26,6575.0,6575.0,6225.0,6250.0,5949.58837890625,45012000,ASII.JK,0.951934140625
2026-03-27,6200.0,6225.0,6050.0,6125.0,5830.5966796875,32993200,ASII.JK,0.9519341517857143
2026-03-30,6100.0,6400.0,6000.0,6350.0,6044.78173828125,48246100,ASII.JK,0.9519341320127953
2026-03-31,6350.0,6350.0,6175.0,6250.0,5949.58837890625,31516100,ASII.JK,0.951934140625
2026-04-01,6275.0,6350.0,6125.0,6250.0,5949.58837890625,37708800,ASII.JK,0.951934140625
2026-04-02,6150.0,6300.0,6025.0,6075.0,5783.0,37842500,ASII.JK,0.9519341563786008
2026-04-06,6075.0,6125.0,6025.0,6100.0,5806.79833984375,15705000,ASII.JK,0.951934154072746
2026-04-07,6075.0,6075.0,5875.0,5900.0,5616.41162109375,22912400,ASII.JK,0.9519341730667373
2026-04-08,6050.0,6250.0,6025.0,6200.0,5901.99169921875,28419500,ASII.JK,0.9519341450352823
2026-04-09,6150.0,6175.0,6050.0,6175.0,5878.193359375,25785600,ASII.JK,0.9519341472672065
2026-04-10,6225.0,6350.0,6200.0,6300.0,5997.18505859375,37451300,ASII.JK,0.9519341362847222
2026-04-13,6275.0,6275.0,6150.0,6175.0,5878.193359375,35616700,ASII.JK,0.9519341472672065
2026-04-14,6250.0,6275.0,6100.0,6150.0,5854.39501953125,35499900,ASII.JK,0.9519341495172764
2026-04-15,6250.0,6400.0,6225.0,6300.0,5997.18505859375,54204700,ASII.JK,0.9519341362847222
2026-04-16,6350.0,6375.0,6175.0,6200.0,5901.99169921875,28237100,ASII.JK,0.9519341450352823
2026-04-17,6275.0,6475.0,6250.0,6375.0,6068.580078125,25291100,ASII.JK,0.9519341299019608
2026-04-20,6375.0,6450.0,6275.0,6350.0,6044.78173828125,18307400,ASII.JK,0.9519341320127953
2026-04-21,6450.0,6450.0,6300.0,6325.0,6020.9833984375,25696400,ASII.JK,0.9519341341403162
2026-04-22,6425.0,6625.0,6375.0,6600.0,6282.765625,42250100,ASII.JK,0.9519341856060606
2026-04-23,6600.0,6625.0,6325.0,6325.0,6020.9833984375,31725300,ASII.JK,0.9519341341403162
2026-04-24,6400.0,6475.0,6275.0,6325.0,6020.9833984375,27751700,ASII.JK,0.9519341341403162
2026-04-27,6375.0,6375.0,6125.0,6125.0,5830.5966796875,19496400,ASII.JK,0.9519341517857143
2026-04-28,6150.0,6200.0,6025.0,6025.0,5735.4033203125,36965000,ASII.JK,0.9519341610477179
2026-04-29,6125.0,6250.0,6025.0,6050.0,5759.20166015625,26325800,ASII.JK,0.9519341587035124
2026-04-30,6075.0,6075.0,5975.0,5975.0,5687.806640625,47690300,ASII.JK,0.951934165794979
2026-05-04,6050.0,6125.0,6025.0,6075.0,5783.0,33999000,ASII.JK,0.9519341563786008
2026-05-05,5825.0,5950.0,5725.0,5875.0,5875.0,38038400,ASII.JK,1.0
2026-05-06,5950.0,5975.0,5750.0,5750.0,5750.0,27273500,ASII.JK,1.0
2026-05-07,5800.0,5900.0,5775.0,5850.0,5850.0,37017100,ASII.JK,1.0
2026-05-08,5875.0,6000.0,5800.0,5825.0,5825.0,36425000,ASII.JK,1.0
2026-05-11,5925.0,6050.0,5825.0,6050.0,6050.0,26376000,ASII.JK,1.0
2026-05-12,6050.0,6100.0,5850.0,5850.0,5850.0,25658100,ASII.JK,1.0
2026-05-13,5850.0,5900.0,5750.0,5750.0,5750.0,32026500,ASII.JK,1.0
2026-05-18,5825.0,6000.0,5775.0,6000.0,6000.0,54305300,ASII.JK,1.0
2026-05-19,6000.0,6050.0,5925.0,5950.0,5950.0,34901400,ASII.JK,1.0
2026-05-20,5950.0,6100.0,5900.0,5975.0,5975.0,37175000,ASII.JK,1.0
2026-05-21,6000.0,6025.0,5600.0,5600.0,5600.0,57790800,ASII.JK,1.0
2026-05-22,5625.0,5650.0,5300.0,5400.0,5400.0,65064200,ASII.JK,1.0
2026-05-25,5425.0,5625.0,5325.0,5600.0,5600.0,92115700,ASII.JK,1.0
2026-05-26,5575.0,5600.0,5125.0,5125.0,5125.0,82648100,ASII.JK,1.0
2026-05-29,4800.0,5200.0,4800.0,5000.0,5000.0,481573900,ASII.JK,1.0
2026-06-02,5000.0,5050.0,4840.0,4900.0,4900.0,156532600,ASII.JK,1.0
2026-06-03,4900.0,4920.0,4670.0,4840.0,4840.0,101108500,ASII.JK,1.0
2026-06-04,4810.0,4840.0,4570.0,4630.0,4630.0,160423900,ASII.JK,1.0
2026-06-05,4600.0,4620.0,4530.0,4570.0,4570.0,64364700,ASII.JK,1.0
2026-06-08,4550.0,4550.0,4350.0,4360.0,4360.0,85460100,ASII.JK,1.0
2026-06-09,4360.0,4680.0,4360.0,4670.0,4670.0,84193600,ASII.JK,1.0
2026-06-10,4650.0,4750.0,4530.0,4700.0,4700.0,91880000,ASII.JK,1.0
2026-06-11,4700.0,4950.0,4680.0,4700.0,4700.0,85205900,ASII.JK,1.0
2026-06-12,4760.0,4810.0,4720.0,4740.0,4740.0,66162000,ASII.JK,1.0
2026-06-15,4900.0,4980.0,4880.0,4890.0,4890.0,89864300,ASII.JK,1.0
2026-06-17,4880.0,4910.0,4790.0,4800.0,4800.0,72821600,ASII.JK,1.0
2026-06-18,4800.0,4830.0,4710.0,4770.0,4770.0,60565200,ASII.JK,1.0
2026-06-19,4770.0,4830.0,4750.0,4810.0,4810.0,229098200,ASII.JK,1.0
2026-06-22,4880.0,4880.0,4710.0,4730.0,4730.0,46627400,ASII.JK,1.0
2026-06-23,4730.0,4780.0,4650.0,4680.0,4680.0,57376700,ASII.JK,1.0
2026-06-24,4830.0,4830.0,4630.0,4640.0,4640.0,53683100,ASII.JK,1.0
2026-06-25,4640.0,4950.0,4640.0,4920.0,4920.0,88497000,ASII.JK,1.0
2026-06-26,4920.0,4930.0,4710.0,4760.0,4760.0,64841400,ASII.JK,1.0
2026-06-29,4770.0,4770.0,4680.0,4710.0,4710.0,25237300,ASII.JK,1.0
2026-06-30,4710.0,4720.0,4470.0,4520.0,4520.0,81706000,ASII.JK,1.0
2026-07-01,4530.0,4650.0,4500.0,4600.0,4600.0,30899300,ASII.JK,1.0
2026-07-02,4620.0,4680.0,4580.0,4580.0,4580.0,52263400,ASII.JK,1.0
2026-07-03,4600.0,4830.0,4600.0,4810.0,4810.0,24908400,ASII.JK,1.0
2026-07-06,4810.0,4810.0,4690.0,4780.0,4780.0,31139400,ASII.JK,1.0
2026-07-07,4790.0,4980.0,4780.0,4930.0,4930.0,44556600,ASII.JK,1.0
2026-07-08,4930.0,4980.0,4870.0,4890.0,4890.0,44811600,ASII.JK,1.0
2026-07-09,4900.0,4900.0,4760.0,4880.0,4880.0,43391100,ASII.JK,1.0
2026-07-10,4850.0,4870.0,4770.0,4810.0,4810.0,24557100,ASII.JK,1.0
2026-07-13,4810.0,4860.0,4730.0,4850.0,4850.0,43780800,ASII.JK,1.0
2026-07-14,4850.0,4910.0,4810.0,4880.0,4880.0,50811200,ASII.JK,1.0
2026-07-15,4880.0,4930.0,4850.0,4850.0,4850.0,37729500,ASII.JK,1.0
2026-07-16,4850.0,5150.0,4840.0,5100.0,5100.0,72624500,ASII.JK,1.0
2026-07-17,5125.0,5200.0,5025.0,5100.0,5100.0,65960600,ASII.JK,1.0
2026-07-20,5125.0,5250.0,5050.0,5050.0,5050.0,67793400,ASII.JK,1.0
2026-07-21,5100.0,5150.0,5050.0,5100.0,5100.0,40894600,ASII.JK,1.0
2026-07-22,5150.0,5300.0,5100.0,5150.0,5150.0,93334100,ASII.JK,1.0
2026-07-23,5150.0,5175.0,5000.0,5000.0,5000.0,66257200,ASII.JK,1.0
2026-07-24,4980.0,4980.0,4900.0,4980.0,4980.0,73314000,ASII.JK,1.0
2026-07-27,4950.0,4950.0,4900.0,4910.0,4910.0,21049300,ASII.JK,1.0
2026-07-28,4920.0,5025.0,4920.0,4970.0,4970.0,34388400,ASII.JK,1.0
2026-07-29,5000.0,5025.0,4950.0,4960.0,4960.0,23808100,ASII.JK,1.0
2026-07-30,4920.0,4950.0,4870.0,4950.0,4950.0,33910100,ASII.JK,1.0
2026-07-31,5000.0,5175.0,5000.0,5100.0,5100.0,46139800,ASII.JK,1.0
2026-08-03,5275.0,5275.0,5000.0,5050.0,5050.0,30943600,ASII.JK,1.0
2026-08-04,5050.0,5125.0,5000.0,5125.0,5125.0,39489500,ASII.JK,1.0
2026-08-05,5150.0,5175.0,5000.0,5025.0,5025.0,49014700,ASII.JK,1.0
2026-08-06,5050.0,5125.0,5025.0,5100.0,5100.0,53209500,ASII.JK,1.0
2026-08-07,5050.0,5175.0,5025.0,5100.0,5100.0,34507300,ASII.JK,1.0
2026-08-10,5100.0,5100.0,4960.0,5000.0,5000.0,70515600,ASII.JK,1.0
2026-08-11,5000.0,5025.0,4860.0,4870.0,4870.0,49228200,ASII.JK,1.0
2026-08-12,4870.0,4920.0,4810.0,4860.0,4860.0,62946100,ASII.JK,1.0
2026-08-13,4880.0,4890.0,4780.0,4800.0,4800.0,48407300,ASII.JK,1.0
2026-08-14,4800.0,4820.0,4760.0,4780.0,4780.0,31883200,ASII.JK,1.0
2026-08-18,4800.0,4820.0,4760.0,4790.0,4790.0,59420100,ASII.JK,1.0
2026-08-19,4790.0,4800.0,4720.0,4730.0,4730.0,44815500,ASII.JK,1.0
2026-08-20,4750.0,4790.0,4730.0,4790.0,4790.0,40700200,ASII.JK,1.0
2026-08-21,4840.0,4850.0,4780.0,4780.0,4780.0,48756800,ASII.JK,1.0
2026-08-24,4800.0,4800.0,4730.0,4790.0,4790.0,35455200,ASII.JK,1.0
2026-08-26,4800.0,4810.0,4740.0,4780.0,4780.0,47671400,ASII.JK,1.0
2026-08-27,4780.0,4810.0,4740.0,4790.0,4790.0,37802400,ASII.JK,1.0
2026-08-28,4790.0,4860.0,4760.0,4800.0,4800.0,53631000,ASII.JK,1.0
2026-08-31,4800.0,4830.0,4770.0,4800.0,4800.0,79688700,ASII.JK,1.0
2026-09-01,4800.0,4930.0,4790.0,4920.0,4920.0,72626100,ASII.JK,1.0
