date,open,high,low,close,adj_close,volume,ticker,adj_factor
2018-01-02,4380.0,4505.0,4365.0,4380.0,3530.62939453125,82303500,BBCA.JK,0.8060797704409246
2018-01-03,4385.0,4390.0,4265.0,4380.0,3530.62939453125,68214000,BBCA.JK,0.8060797704409246
2018-01-04,4380.0,4445.0,4380.0,4445.0,3583.024169921875,76567000,BBCA.JK,0.8060796782726378
2018-01-05,4460.0,4480.0,4435.0,4450.0,3587.054931640625,65268000,BBCA.JK,0.8060797599192415
2018-01-08,4450.0,4515.0,4445.0,4470.0,3603.176513671875,57928000,BBCA.JK,0.8060797569735738
2018-01-09,4500.0,4510.0,4490.0,4505.0,3631.389404296875,61213000,BBCA.JK,0.8060797789782187
2018-01-10,4505.0,4545.0,4465.0,4490.0,3619.297607421875,47292000,BBCA.JK,0.8060796453055401
2018-01-11,4490.0,4540.0,4460.0,4540.0,3659.602783203125,57569000,BBCA.JK,0.8060799081945209
2018-01-12,4540.0,4545.0,4465.0,4485.0,3615.267333984375,66590500,BBCA.JK,0.8060796731291806
2018-01-15,4490.0,4500.0,4460.0,4495.0,3623.32861328125,41875000,BBCA.JK,0.8060797804852614
2018-01-16,4490.0,4535.0,4490.0,4520.0,3643.47998046875,50055000,BBCA.JK,0.8060796416966262
2018-01-17,4540.0,4540.0,4430.0,4430.0,3570.932861328125,183003000,BBCA.JK,0.8060796526700057
2018-01-18,4450.0,4520.0,4450.0,4515.0,3639.4501953125,84980500,BBCA.JK,0.8060797774778516
2018-01-19,4525.0,4530.0,4480.0,4490.0,3619.297607421875,50450500,BBCA.JK,0.8060796453055401
2018-01-22,4510.0,4515.0,4485.0,4495.0,3623.32861328125,81367500,BBCA.JK,0.8060797804852614
2018-01-23,4530.0,4540.0,4505.0,4530.0,3651.541015625,68752000,BBCA.JK,0.8060796943984547
2018-01-24,4525.0,4525.0,4500.0,4515.0,3639.4501953125,94254500,BBCA.JK,0.8060797774778516
2018-01-25,4510.0,4530.0,4490.0,4515.0,3639.4501953125,53653500,BBCA.JK,0.8060797774778516
2018-01-26,4525.0,4570.0,4505.0,4540.0,3659.602783203125,58121000,BBCA.JK,0.8060799081945209
2018-01-29,4560.0,4565.0,4510.0,4560.0,3675.7236328125,114814500,BBCA.JK,0.8060797440378289
2018-01-30,4540.0,4690.0,4530.0,4560.0,3675.7236328125,114055000,BBCA.JK,0.8060797440378289
2018-01-31,4560.0,4580.0,4540.0,4545.0,3663.63232421875,106803000,BBCA.JK,0.806079719300055
2018-02-01,4570.0,4685.0,4570.0,4675.0,3768.421875,138208000,BBCA.JK,0.8060795454545454
2018-02-02,4725.0,4940.0,4720.0,4795.0,3865.15234375,98474000,BBCA.JK,0.806079738008342
2018-02-05,4750.0,4805.0,4700.0,4760.0,3836.940185546875,49501500,BBCA.JK,0.806079870913209
2018-02-06,4690.0,4735.0,4660.0,4705.0,3792.60546875,117589500,BBCA.JK,0.8060798020722636
2018-02-07,4730.0,4795.0,4695.0,4700.0,3788.574462890625,121947000,BBCA.JK,0.8060796729554521
2018-02-08,4710.0,4760.0,4700.0,4740.0,3820.817138671875,68461000,BBCA.JK,0.8060795651206487
2018-02-09,4680.0,4745.0,4670.0,4715.0,3800.66552734375,71076500,BBCA.JK,0.8060796452478791
2018-02-12,4760.0,4760.0,4700.0,4700.0,3788.574462890625,38409500,BBCA.JK,0.8060796729554521
2018-02-13,4760.0,4785.0,4750.0,4760.0,3836.940185546875,59406000,BBCA.JK,0.806079870913209
2018-02-14,4745.0,4775.0,4710.0,4740.0,3820.817138671875,75553000,BBCA.JK,0.8060795651206487
2018-02-15,4780.0,4785.0,4690.0,4690.0,3780.51416015625,52958500,BBCA.JK,0.8060797782849147
2018-02-19,4735.0,4850.0,4730.0,4850.0,3909.48681640625,50185500,BBCA.JK,0.8060797559600515
2018-02-20,4820.0,4840.0,4775.0,4805.0,3873.213134765625,34830000,BBCA.JK,0.806079736683793
2018-02-21,4790.0,4835.0,4745.0,4805.0,3873.213134765625,62499000,BBCA.JK,0.806079736683793
2018-02-22,4820.0,4835.0,4750.0,4780.0,3853.060546875,47217000,BBCA.JK,0.8060796123169456
2018-02-23,4805.0,4895.0,4790.0,4850.0,3909.48681640625,82233000,BBCA.JK,0.8060797559600515
2018-02-26,4830.0,4845.0,4700.0,4705.0,3792.60546875,85227500,BBCA.JK,0.8060798020722636
2018-02-27,4745.0,4755.0,4660.0,4710.0,3796.6357421875,87429500,BBCA.JK,0.8060797754113588
2018-02-28,4680.0,4690.0,4615.0,4635.0,3736.1796875,132869000,BBCA.JK,0.8060797599784251
2018-03-01,4620.0,4645.0,4620.0,4635.0,3736.1796875,125474500,BBCA.JK,0.8060797599784251
2018-03-02,4615.0,4625.0,4550.0,4575.0,3687.814208984375,151511000,BBCA.JK,0.8060796085211749
2018-03-05,4630.0,4660.0,4575.0,4575.0,3687.814208984375,87744000,BBCA.JK,0.8060796085211749
2018-03-06,4635.0,4640.0,4545.0,4555.0,3671.693115234375,75907000,BBCA.JK,0.8060797179438803
2018-03-07,4620.0,4630.0,4505.0,4520.0,3643.47998046875,106152000,BBCA.JK,0.8060796416966262
2018-03-08,4600.0,4680.0,4550.0,4660.0,3756.330810546875,102994500,BBCA.JK,0.8060795730787286
2018-03-09,4660.0,4660.0,4595.0,4660.0,3756.330810546875,66797000,BBCA.JK,0.8060795730787286
2018-03-12,4680.0,4730.0,4670.0,4725.0,3808.7265625,111180500,BBCA.JK,0.8060796957671957
2018-03-13,4720.0,4740.0,4655.0,4690.0,3780.51416015625,80643000,BBCA.JK,0.8060797782849147
2018-03-14,4695.0,4720.0,4645.0,4680.0,3772.453857421875,54505500,BBCA.JK,0.8060798840645033
2018-03-15,4680.0,4685.0,4650.0,4675.0,3768.421875,60774500,BBCA.JK,0.8060795454545454
2018-03-16,4730.0,4735.0,4600.0,4670.0,3764.39208984375,193122000,BBCA.JK,0.8060796766260707
2018-03-19,4660.0,4675.0,4640.0,4670.0,3764.39208984375,74200000,BBCA.JK,0.8060796766260707
2018-03-20,4655.0,4660.0,4600.0,4655.0,3752.30029296875,89683500,BBCA.JK,0.8060795473617078
2018-03-21,4670.0,4705.0,4655.0,4675.0,3768.421875,67617500,BBCA.JK,0.8060795454545454
2018-03-22,4695.0,4700.0,4670.0,4690.0,3780.51416015625,60791500,BBCA.JK,0.8060797782849147
2018-03-23,4600.0,4760.0,4600.0,4760.0,3836.940185546875,62978000,BBCA.JK,0.806079870913209
2018-03-26,4680.0,4690.0,4640.0,4655.0,3752.30029296875,100407000,BBCA.JK,0.8060795473617078
2018-03-27,4730.0,4755.0,4685.0,4690.0,3780.51416015625,66088000,BBCA.JK,0.8060797782849147
2018-03-28,4690.0,4690.0,4630.0,4665.0,3760.36181640625,36212500,BBCA.JK,0.8060797034096999
2018-03-29,4630.0,4665.0,4565.0,4660.0,3756.330810546875,77650500,BBCA.JK,0.8060795730787286
2018-04-02,4690.0,4695.0,4620.0,4680.0,3772.453857421875,37162500,BBCA.JK,0.8060798840645033
2018-04-03,4675.0,4700.0,4665.0,4680.0,3772.453857421875,56261000,BBCA.JK,0.8060798840645033
2018-04-04,4700.0,4700.0,4605.0,4660.0,3756.330810546875,49877000,BBCA.JK,0.8060795730787286
2018-04-05,4700.0,4700.0,4610.0,4610.0,3716.02734375,22521500,BBCA.JK,0.806079684110629
2018-04-06,4625.0,4625.0,4520.0,4545.0,3663.63232421875,47941500,BBCA.JK,0.806079719300055
2018-04-09,4570.0,4580.0,4515.0,4555.0,3671.693115234375,51013000,BBCA.JK,0.8060797179438803
2018-04-10,4575.0,4690.0,4560.0,4660.0,3756.330810546875,79533500,BBCA.JK,0.8060795730787286
2018-04-11,4700.0,4730.0,4660.0,4665.0,3760.36181640625,41891500,BBCA.JK,0.8060797034096999
2018-04-12,4665.0,4665.0,4610.0,4630.0,3732.14892578125,45957000,BBCA.JK,0.8060796815942225
2018-04-13,4620.0,4630.0,4580.0,4580.0,3719.9658203125,70179500,BBCA.JK,0.8122196114219432
2018-04-18,4565.0,4595.0,4545.0,4595.0,3732.148681640625,43716000,BBCA.JK,0.8122195172232046
2018-04-23,4640.0,4640.0,4585.0,4600.0,3736.2099609375,46236000,BBCA.JK,0.8122195567255435
2018-04-24,4620.0,4625.0,4575.0,4585.0,3724.02685546875,72223500,BBCA.JK,0.8122195977031079
2018-04-30,4300.0,4480.0,4290.0,4420.0,3590.0107421875,90414000,BBCA.JK,0.8122196249292987
2018-05-02,4420.0,4580.0,4420.0,4580.0,3719.9658203125,82346000,BBCA.JK,0.8122196114219432
2018-05-03,4560.0,4575.0,4460.0,4460.0,3622.49951171875,138704500,BBCA.JK,0.8122196214616031
2018-05-04,4460.0,4465.0,4400.0,4405.0,3577.82763671875,74133500,BBCA.JK,0.8122196678135641
2018-05-07,4410.0,4460.0,4360.0,4460.0,3622.49951171875,49054500,BBCA.JK,0.8122196214616031
2018-05-08,4400.0,4405.0,4340.0,4405.0,3577.82763671875,70739000,BBCA.JK,0.8122196678135641
2018-05-09,4305.0,4580.0,4305.0,4580.0,3719.9658203125,72094000,BBCA.JK,0.8122196114219432
2018-05-11,4550.0,4610.0,4510.0,4550.0,3695.599609375,80000500,BBCA.JK,0.8122196943681319
2018-05-14,4490.0,4595.0,4465.0,4595.0,3732.148681640625,57370500,BBCA.JK,0.8122195172232046
2018-05-15,4535.0,4540.0,4400.0,4440.0,3606.2548828125,130583000,BBCA.JK,0.8122195682010135
2018-05-16,4380.0,4480.0,4380.0,4475.0,3634.68310546875,87185000,BBCA.JK,0.812219688372905
2018-05-17,4440.0,4455.0,4400.0,4400.0,3573.766357421875,84030500,BBCA.JK,0.8122196266867898
2018-05-18,4400.0,4405.0,4340.0,4340.0,3525.033203125,88681000,BBCA.JK,0.8122196320564516
2018-05-21,4310.0,4345.0,4295.0,4330.0,3516.91162109375,82237000,BBCA.JK,0.8122197739246536
2018-05-22,4390.0,4420.0,4340.0,4400.0,3573.766357421875,62761000,BBCA.JK,0.8122196266867898
2018-05-23,4420.0,4470.0,4400.0,4400.0,3573.766357421875,79515500,BBCA.JK,0.8122196266867898
2018-05-24,4460.0,4525.0,4455.0,4490.0,3646.865966796875,77697000,BBCA.JK,0.8122195917142261
2018-05-25,4485.0,4535.0,4475.0,4510.0,3663.1103515625,63913500,BBCA.JK,0.8122195901468958
2018-05-28,4500.0,4600.0,4480.0,4570.0,3711.843505859375,64104500,BBCA.JK,0.8122195855272155
2018-05-30,4570.0,4595.0,4490.0,4540.0,3687.4775390625,109761500,BBCA.JK,0.8122197222604626
2018-05-31,4575.0,4590.0,4490.0,4540.0,3687.4775390625,178023000,BBCA.JK,0.8122197222604626
2018-06-04,4590.0,4595.0,4560.0,4585.0,3724.02685546875,89585000,BBCA.JK,0.8122195977031079
2018-06-05,4560.0,4585.0,4480.0,4545.0,3691.538330078125,77233000,BBCA.JK,0.8122196545826458
2018-06-06,4545.0,4630.0,4525.0,4605.0,3740.271240234375,57913500,BBCA.JK,0.8122195961421009
2018-06-07,4630.0,4630.0,4580.0,4595.0,3732.148681640625,40681500,BBCA.JK,0.8122195172232046
2018-06-08,4570.0,4600.0,4420.0,4450.0,3614.37744140625,170845000,BBCA.JK,0.8122196497542135
2018-06-20,4400.0,4405.0,4230.0,4300.0,3492.54443359375,253439000,BBCA.JK,0.8122196357194768
2018-06-21,4325.0,4390.0,4230.0,4230.0,3435.68896484375,90593500,BBCA.JK,0.8122196134382388
2018-06-22,4280.0,4385.0,4220.0,4385.0,3561.58251953125,96509500,BBCA.JK,0.8122195027437287
2018-06-25,4385.0,4495.0,4365.0,4440.0,3606.2548828125,62513000,BBCA.JK,0.8122195682010135
2018-06-26,4420.0,4460.0,4275.0,4275.0,3472.23876953125,54763500,BBCA.JK,0.8122195952119883
2018-06-27,4280.0,4340.0,4270.0,4270.0,3468.177734375,67309500,BBCA.JK,0.8122196099238876
2018-06-28,4275.0,4275.0,4185.0,4190.0,3403.19970703125,118098500,BBCA.JK,0.8122195004847852
2018-06-29,4190.0,4295.0,4165.0,4295.0,3488.483154296875,119188000,BBCA.JK,0.8122195935499127
2018-07-02,4330.0,4330.0,4285.0,4290.0,3484.42236328125,59441500,BBCA.JK,0.8122196651005245
2018-07-03,4320.0,4325.0,4120.0,4120.0,3346.3447265625,73038000,BBCA.JK,0.8122195938258495
2018-07-04,4195.0,4280.0,4140.0,4245.0,3447.872314453125,61994500,BBCA.JK,0.8122196264907244
2018-07-05,4210.0,4260.0,4200.0,4245.0,3447.872314453125,34144000,BBCA.JK,0.8122196264907244
2018-07-06,4195.0,4210.0,4185.0,4185.0,3399.139404296875,37609000,BBCA.JK,0.8122196903935185
2018-07-09,4240.0,4400.0,4215.0,4380.0,3557.522216796875,80049500,BBCA.JK,0.8122196842001997
2018-07-10,4370.0,4400.0,4280.0,4380.0,3557.522216796875,116639500,BBCA.JK,0.8122196842001997
2018-07-11,4300.0,4490.0,4300.0,4465.0,3626.560791015625,95570000,BBCA.JK,0.8122196620415734
2018-07-12,4440.0,4580.0,4435.0,4565.0,3707.782470703125,79008000,BBCA.JK,0.812219599277793
2018-07-13,4600.0,4615.0,4560.0,4605.0,3740.271240234375,73936000,BBCA.JK,0.8122195961421009
2018-07-16,4610.0,4625.0,4580.0,4625.0,3756.516357421875,71571000,BBCA.JK,0.8122197529560811
2018-07-17,4585.0,4600.0,4505.0,4545.0,3691.538330078125,30322000,BBCA.JK,0.8122196545826458
2018-07-18,4590.0,4640.0,4590.0,4640.0,3768.698974609375,80090500,BBCA.JK,0.8122196065968481
2018-07-19,4620.0,4640.0,4610.0,4640.0,3768.698974609375,76925500,BBCA.JK,0.8122196065968481
2018-07-20,4630.0,4630.0,4585.0,4620.0,3752.45458984375,57104000,BBCA.JK,0.8122196081912879
2018-07-23,4640.0,4700.0,4620.0,4670.0,3793.0654296875,70157500,BBCA.JK,0.8122195780915418
2018-07-24,4700.0,4705.0,4660.0,4705.0,3821.493408203125,88291000,BBCA.JK,0.8122196404257439
2018-07-25,4705.0,4715.0,4685.0,4715.0,3829.615234375,50131500,BBCA.JK,0.8122195619034994
2018-07-26,4645.0,4725.0,4645.0,4665.0,3789.004638671875,54317500,BBCA.JK,0.8122196438739282
2018-07-27,4660.0,4670.0,4625.0,4645.0,3772.760498046875,46642500,BBCA.JK,0.8122196981801668
2018-07-30,4680.0,4680.0,4600.0,4655.0,3780.8818359375,40096500,BBCA.JK,0.8122195136278195
2018-07-31,4640.0,4660.0,4530.0,4655.0,3780.8818359375,66803000,BBCA.JK,0.8122195136278195
2018-08-01,4680.0,4695.0,4650.0,4695.0,3813.370849609375,56594000,BBCA.JK,0.812219563282082
2018-08-02,4720.0,4780.0,4690.0,4690.0,3809.310302734375,79333000,BBCA.JK,0.8122196807535981
2018-08-03,4690.0,4730.0,4670.0,4690.0,3809.310302734375,41404000,BBCA.JK,0.8122196807535981
2018-08-06,4680.0,4760.0,4680.0,4760.0,3866.166015625,63000500,BBCA.JK,0.8122197511817227
2018-08-07,4740.0,4775.0,4740.0,4760.0,3866.166015625,114379000,BBCA.JK,0.8122197511817227
2018-08-08,4780.0,4790.0,4710.0,4785.0,3886.470703125,64702500,BBCA.JK,0.8122195826802507
2018-08-09,4800.0,4820.0,4780.0,4820.0,3914.8994140625,65947500,BBCA.JK,0.8122197954486514
2018-08-10,4800.0,4815.0,4740.0,4775.0,3878.34912109375,80348000,BBCA.JK,0.812219711223822
2018-08-13,4705.0,4710.0,4610.0,4665.0,3789.004638671875,80184000,BBCA.JK,0.8122196438739282
2018-08-14,4690.0,4780.0,4605.0,4700.0,3817.43212890625,85527500,BBCA.JK,0.8122196018949468
2018-08-15,4720.0,4720.0,4660.0,4690.0,3809.310302734375,57330500,BBCA.JK,0.8122196807535981
2018-08-16,4690.0,4695.0,4640.0,4675.0,3797.1259765625,52903500,BBCA.JK,0.8122194602272728
2018-08-20,4700.0,4780.0,4685.0,4780.0,3882.40966796875,96832000,BBCA.JK,0.8122195958093619
2018-08-21,4770.0,4795.0,4770.0,4775.0,3878.34912109375,67938000,BBCA.JK,0.812219711223822
2018-08-23,4760.0,4930.0,4755.0,4915.0,3992.0595703125,145868000,BBCA.JK,0.8122196480798576
2018-08-24,4920.0,5095.0,4915.0,5015.0,4073.281494140625,103975000,BBCA.JK,0.8122196399083998
2018-08-27,5020.0,5070.0,4935.0,4955.0,4024.54931640625,91285000,BBCA.JK,0.8122198418579717
2018-08-28,5020.0,5020.0,4910.0,4995.0,4057.037353515625,63353500,BBCA.JK,0.8122196903935185
2018-08-29,4900.0,4960.0,4895.0,4960.0,4028.609375,87695500,BBCA.JK,0.8122196320564516
2018-08-30,4995.0,5030.0,4985.0,5015.0,4073.281494140625,96273500,BBCA.JK,0.8122196399083998
2018-08-31,5000.0,5010.0,4960.0,4960.0,4028.609375,111563000,BBCA.JK,0.8122196320564516
2018-09-03,5010.0,5015.0,4920.0,4955.0,4024.54931640625,38489500,BBCA.JK,0.8122198418579717
2018-09-04,4965.0,4980.0,4900.0,4950.0,4020.487548828125,42271500,BBCA.JK,0.8122197068339646
2018-09-05,4900.0,4900.0,4730.0,4800.0,3898.654052734375,95608500,BBCA.JK,0.8122195943196615
2018-09-06,4805.0,5040.0,4720.0,4940.0,4012.364501953125,95265000,BBCA.JK,0.8122195348083249
2018-09-07,4965.0,4970.0,4875.0,4970.0,4036.73193359375,72551500,BBCA.JK,0.8122197049484406
2018-09-10,4920.0,4950.0,4830.0,4950.0,4020.487548828125,66696500,BBCA.JK,0.8122197068339646
2018-09-12,4950.0,4965.0,4765.0,4780.0,3882.40966796875,87900500,BBCA.JK,0.8122195958093619
2018-09-13,4840.0,4875.0,4780.0,4800.0,3898.654052734375,94051000,BBCA.JK,0.8122195943196615
2018-09-14,4780.0,4840.0,4740.0,4795.0,3894.593017578125,72473500,BBCA.JK,0.8122196074198383
2018-09-17,4750.0,4795.0,4750.0,4785.0,3886.470703125,39478000,BBCA.JK,0.8122195826802507
2018-09-18,4740.0,4850.0,4740.0,4800.0,3898.654052734375,75119500,BBCA.JK,0.8122195943196615
2018-09-19,4815.0,4845.0,4765.0,4800.0,3898.654052734375,111558500,BBCA.JK,0.8122195943196615
2018-09-20,4840.0,4845.0,4780.0,4790.0,3890.53271484375,60786000,BBCA.JK,0.81221977345381
2018-09-21,4780.0,4830.0,4740.0,4740.0,3849.920654296875,152052000,BBCA.JK,0.8122195473200158
2018-09-24,4780.0,4815.0,4760.0,4785.0,3886.470703125,59902000,BBCA.JK,0.8122195826802507
2018-09-25,4800.0,4800.0,4765.0,4785.0,3886.470703125,42771000,BBCA.JK,0.8122195826802507
2018-09-26,4760.0,4860.0,4760.0,4840.0,3931.142822265625,71715500,BBCA.JK,0.8122195913771952
2018-09-27,4780.0,4825.0,4770.0,4800.0,3898.654052734375,71001000,BBCA.JK,0.8122195943196615
2018-09-28,4780.0,4830.0,4780.0,4830.0,3923.021240234375,96975000,BBCA.JK,0.8122197184750258
2018-10-01,4800.0,4840.0,4790.0,4790.0,3890.53271484375,36388000,BBCA.JK,0.81221977345381
2018-10-02,4815.0,4840.0,4750.0,4790.0,3890.53271484375,50639500,BBCA.JK,0.81221977345381
2018-10-03,4750.0,4795.0,4745.0,4785.0,3886.470703125,33524500,BBCA.JK,0.8122195826802507
2018-10-04,4785.0,4785.0,4700.0,4720.0,3833.677001953125,67869500,BBCA.JK,0.8122197038036282
2018-10-05,4710.0,4710.0,4595.0,4610.0,3744.33251953125,98249500,BBCA.JK,0.8122196354731562
2018-10-08,4615.0,4790.0,4615.0,4690.0,3809.310302734375,57250000,BBCA.JK,0.8122196807535981
2018-10-09,4700.0,4750.0,4680.0,4750.0,3858.043212890625,36940000,BBCA.JK,0.8122196237664474
2018-10-10,4780.0,4825.0,4650.0,4675.0,3797.1259765625,59394500,BBCA.JK,0.8122194602272728
2018-10-11,4600.0,4660.0,4495.0,4545.0,3691.538330078125,102336000,BBCA.JK,0.8122196545826458
2018-10-12,4600.0,4695.0,4600.0,4650.0,3776.8212890625,82574500,BBCA.JK,0.8122196320564516
2018-10-15,4700.0,4770.0,4695.0,4770.0,3874.287109375,65950000,BBCA.JK,0.8122195197851153
2018-10-16,4770.0,4820.0,4700.0,4820.0,3914.8994140625,47449000,BBCA.JK,0.8122197954486514
2018-10-17,4830.0,4835.0,4755.0,4805.0,3902.71533203125,38359000,BBCA.JK,0.8122196320564516
2018-10-18,4760.0,4775.0,4720.0,4720.0,3833.677001953125,29360500,BBCA.JK,0.8122197038036282
2018-10-19,4660.0,4730.0,4645.0,4675.0,3797.1259765625,45219500,BBCA.JK,0.8122194602272728
2018-10-22,4675.0,4720.0,4630.0,4630.0,3760.57666015625,63484000,BBCA.JK,0.8122195810272678
2018-10-23,4680.0,4685.0,4575.0,4590.0,3728.088134765625,62162500,BBCA.JK,0.8122196372038398
2018-10-24,4600.0,4630.0,4530.0,4530.0,3679.354736328125,59493500,BBCA.JK,0.812219588593405
2018-10-25,4435.0,4635.0,4435.0,4580.0,3719.9658203125,87732500,BBCA.JK,0.8122196114219432
2018-10-26,4620.0,4720.0,4600.0,4720.0,3833.677001953125,83994000,BBCA.JK,0.8122197038036282
2018-10-29,4660.0,4710.0,4625.0,4625.0,3756.516357421875,34553000,BBCA.JK,0.8122197529560811
2018-10-30,4625.0,4730.0,4620.0,4700.0,3817.43212890625,68882500,BBCA.JK,0.8122196018949468
2018-10-31,4750.0,4775.0,4700.0,4730.0,3841.798583984375,128908500,BBCA.JK,0.8122195737810518
2018-11-01,4770.0,4810.0,4745.0,4760.0,3866.166015625,117906500,BBCA.JK,0.8122197511817227
2018-11-02,4800.0,4835.0,4760.0,4800.0,3898.654052734375,114054500,BBCA.JK,0.8122195943196615
2018-11-05,4800.0,4850.0,4790.0,4835.0,3927.080810546875,76754500,BBCA.JK,0.8122194023881851
2018-11-06,4860.0,4945.0,4850.0,4880.0,3963.631103515625,94410500,BBCA.JK,0.812219488425333
2018-11-07,4920.0,4920.0,4780.0,4820.0,3914.8994140625,83875500,BBCA.JK,0.8122197954486514
2018-11-08,4880.0,4900.0,4780.0,4800.0,3898.654052734375,99739000,BBCA.JK,0.8122195943196615
2018-11-09,4800.0,4810.0,4785.0,4800.0,3898.654052734375,62938500,BBCA.JK,0.8122195943196615
2018-11-12,4830.0,4835.0,4740.0,4740.0,3849.920654296875,65125000,BBCA.JK,0.8122195473200158
2018-11-13,4740.0,4820.0,4670.0,4815.0,3910.8369140625,61231500,BBCA.JK,0.8122195044781931
2018-11-14,4815.0,4850.0,4780.0,4810.0,3906.777099609375,68511500,BBCA.JK,0.8122197712285603
2018-11-15,4855.0,4870.0,4790.0,4835.0,3927.080810546875,87085500,BBCA.JK,0.8122194023881851
2018-11-16,4870.0,4980.0,4860.0,4965.0,4032.670654296875,134145500,BBCA.JK,0.8122196685391491
2018-11-19,5000.0,5080.0,4980.0,5020.0,4077.343017578125,103822500,BBCA.JK,0.8122197246171564
2018-11-21,5000.0,5010.0,4955.0,4960.0,4028.609375,107889000,BBCA.JK,0.8122196320564516
2018-11-22,4940.0,5040.0,4940.0,5020.0,4077.343017578125,87270000,BBCA.JK,0.8122197246171564
2018-11-23,5060.0,5090.0,4975.0,5020.0,4077.343017578125,57460000,BBCA.JK,0.8122197246171564
2018-11-26,4960.0,5080.0,4960.0,5045.0,4097.64794921875,64336500,BBCA.JK,0.8122196133238355
2018-11-27,5040.0,5100.0,5000.0,5100.0,4142.31982421875,73989000,BBCA.JK,0.8122195733762255
2018-11-28,5125.0,5125.0,5080.0,5090.0,4134.1982421875,90687500,BBCA.JK,0.8122196939464637
2018-11-29,5100.0,5240.0,5100.0,5240.0,4256.03173828125,113847500,BBCA.JK,0.812219797381918
2018-11-30,5240.0,5240.0,5155.0,5210.0,4231.66357421875,178034500,BBCA.JK,0.8122194960112764
2018-12-03,5215.0,5395.0,5100.0,5160.0,4204.7734375,100923000,BBCA.JK,0.8148785731589148
2018-12-04,5160.0,5295.0,5155.0,5240.0,4269.96484375,119232500,BBCA.JK,0.8148787869751909
2018-12-05,5120.0,5230.0,5115.0,5230.0,4261.81494140625,74994000,BBCA.JK,0.8148785738826482
2018-12-06,5170.0,5260.0,5120.0,5260.0,4286.2607421875,75450000,BBCA.JK,0.8148784680964829
2018-12-07,5190.0,5210.0,5160.0,5190.0,4229.21875,71070000,BBCA.JK,0.8148783718689788
2018-12-10,5120.0,5205.0,5120.0,5180.0,4221.07080078125,81221000,BBCA.JK,0.8148785329693533
2018-12-11,5130.0,5200.0,5125.0,5160.0,4204.7734375,93017000,BBCA.JK,0.8148785731589148
2018-12-12,5190.0,5190.0,5130.0,5165.0,4208.84716796875,121623000,BBCA.JK,0.8148784449116651
2018-12-13,5200.0,5205.0,5145.0,5165.0,4208.84716796875,84280500,BBCA.JK,0.8148784449116651
2018-12-14,5160.0,5180.0,5140.0,5165.0,4208.84716796875,184435000,BBCA.JK,0.8148784449116651
2018-12-17,5185.0,5200.0,5150.0,5165.0,4208.84716796875,101438500,BBCA.JK,0.8148784449116651
2018-12-18,5100.0,5115.0,4980.0,5065.0,4127.3603515625,132039000,BBCA.JK,0.8148786478899309
2018-12-19,5040.0,5230.0,5040.0,5230.0,4261.81494140625,102220500,BBCA.JK,0.8148785738826482
2018-12-20,5120.0,5170.0,5070.0,5115.0,4168.10302734375,94455000,BBCA.JK,0.8148784022177419
2018-12-21,5040.0,5175.0,5040.0,5170.0,4212.92138671875,89979500,BBCA.JK,0.8148784113575919
2018-12-26,5170.0,5225.0,5140.0,5225.0,4257.740234375,66511500,BBCA.JK,0.8148785137559809
2018-12-27,5240.0,5255.0,5180.0,5195.0,4233.2939453125,50265500,BBCA.JK,0.8148785265279115
2018-12-28,5195.0,5240.0,5180.0,5200.0,4237.36865234375,54467500,BBCA.JK,0.8148785869891827
2019-01-02,5200.0,5245.0,5200.0,5240.0,4269.96484375,35956000,BBCA.JK,0.8148787869751909
2019-01-03,5200.0,5220.0,5115.0,5180.0,4221.07080078125,72358000,BBCA.JK,0.8148785329693533
2019-01-04,5175.0,5205.0,5125.0,5205.0,4241.44287109375,51465000,BBCA.JK,0.8148785535242555
2019-01-07,5265.0,5325.0,5245.0,5245.0,4274.03759765625,73438000,BBCA.JK,0.8148784742909915
2019-01-08,5230.0,5320.0,5205.0,5240.0,4269.96484375,66247500,BBCA.JK,0.8148787869751909
2019-01-09,5300.0,5320.0,5225.0,5255.0,4282.1875,84871000,BBCA.JK,0.8148786869647955
2019-01-10,5300.0,5300.0,5190.0,5255.0,4282.1875,114314500,BBCA.JK,0.8148786869647955
2019-01-11,5280.0,5300.0,5235.0,5250.0,4278.11181640625,84826500,BBCA.JK,0.8148784412202381
2019-01-14,5220.0,5235.0,5150.0,5200.0,4237.36865234375,87547500,BBCA.JK,0.8148785869891827
2019-01-15,5230.0,5260.0,5190.0,5260.0,4286.2607421875,87763000,BBCA.JK,0.8148784680964829
2019-01-16,5260.0,5285.0,5245.0,5285.0,4306.6328125,94972500,BBCA.JK,0.8148784886471144
2019-01-17,5290.0,5330.0,5285.0,5330.0,4343.3017578125,91654000,BBCA.JK,0.8148783785764541
2019-01-18,5340.0,5425.0,5315.0,5425.0,4420.7158203125,100873500,BBCA.JK,0.8148784922235023
2019-01-21,5425.0,5600.0,5390.0,5545.0,4518.501953125,87118000,BBCA.JK,0.8148786209422904
2019-01-22,5600.0,5620.0,5450.0,5600.0,4563.31884765625,91907000,BBCA.JK,0.8148783656529018
2019-01-23,5600.0,5600.0,5475.0,5500.0,4481.83203125,98512500,BBCA.JK,0.8148785511363636
2019-01-24,5430.0,5485.0,5355.0,5460.0,4449.23681640625,106781000,BBCA.JK,0.8148785378033425
2019-01-25,5400.0,5520.0,5400.0,5500.0,4481.83203125,68944000,BBCA.JK,0.8148785511363636
2019-01-28,5515.0,5515.0,5475.0,5495.0,4477.75732421875,69704000,BBCA.JK,0.8148784939433577
2019-01-29,5445.0,5550.0,5440.0,5540.0,4514.4267578125,77679000,BBCA.JK,0.8148784761394404
2019-01-30,5560.0,5560.0,5495.0,5520.0,4498.12939453125,76285000,BBCA.JK,0.814878513502038
2019-01-31,5520.0,5640.0,5520.0,5635.0,4591.84033203125,135904500,BBCA.JK,0.8148784972548803
2019-02-01,5680.0,5750.0,5560.0,5635.0,4591.84033203125,57719500,BBCA.JK,0.8148784972548803
2019-02-04,5635.0,5635.0,5500.0,5500.0,4481.83203125,113846500,BBCA.JK,0.8148785511363636
2019-02-06,5500.0,5540.0,5495.0,5535.0,4510.3525390625,121996500,BBCA.JK,0.8148785075090335
2019-02-07,5535.0,5535.0,5505.0,5530.0,4506.27880859375,63697500,BBCA.JK,0.8148786272321429
2019-02-08,5530.0,5535.0,5500.0,5520.0,4498.12939453125,65268500,BBCA.JK,0.814878513502038
2019-02-11,5520.0,5530.0,5460.0,5495.0,4477.75732421875,37639000,BBCA.JK,0.8148784939433577
2019-02-12,5530.0,5530.0,5450.0,5460.0,4449.23681640625,95883500,BBCA.JK,0.8148785378033425
2019-02-13,5460.0,5490.0,5410.0,5420.0,4416.6416015625,103115500,BBCA.JK,0.814878524273524
2019-02-14,5405.0,5405.0,5380.0,5380.0,4384.0478515625,108738500,BBCA.JK,0.8148787828183085
2019-02-15,5360.0,5410.0,5335.0,5360.0,4367.7490234375,81340000,BBCA.JK,0.8148785491487873
2019-02-18,5410.0,5500.0,5410.0,5480.0,4465.53369140625,62991000,BBCA.JK,0.8148784108405566
2019-02-19,5420.0,5480.0,5380.0,5380.0,4384.0478515625,64469000,BBCA.JK,0.8148787828183085
2019-02-20,5450.0,5595.0,5440.0,5500.0,4481.83203125,89583000,BBCA.JK,0.8148785511363636
2019-02-21,5540.0,5560.0,5470.0,5505.0,4485.9072265625,54561500,BBCA.JK,0.8148786969232515
2019-02-22,5475.0,5525.0,5460.0,5490.0,4473.68310546875,48271500,BBCA.JK,0.8148785255862933
2019-02-25,5490.0,5500.0,5455.0,5490.0,4473.68310546875,47887000,BBCA.JK,0.8148785255862933
2019-02-26,5500.0,5555.0,5495.0,5555.0,4526.64990234375,98446000,BBCA.JK,0.8148784702689019
2019-02-27,5565.0,5570.0,5545.0,5565.0,4534.79833984375,78519500,BBCA.JK,0.8148784078784815
2019-02-28,5570.0,5580.0,5510.0,5515.0,4494.0546875,99366000,BBCA.JK,0.8148784564823209
2019-03-01,5565.0,5600.0,5535.0,5540.0,4514.4267578125,72589500,BBCA.JK,0.8148784761394404
2019-03-04,5520.0,5540.0,5515.0,5535.0,4510.3525390625,63910500,BBCA.JK,0.8148785075090335
2019-03-05,5500.0,5505.0,5440.0,5495.0,4477.75732421875,46499500,BBCA.JK,0.8148784939433577
2019-03-06,5555.0,5555.0,5490.0,5490.0,4473.68310546875,37777000,BBCA.JK,0.8148785255862933
2019-03-08,5545.0,5570.0,5440.0,5440.0,4432.93896484375,61126000,BBCA.JK,0.8148784861845129
2019-03-11,5530.0,5530.0,5460.0,5505.0,4485.9072265625,32469000,BBCA.JK,0.8148786969232515
2019-03-12,5540.0,5540.0,5450.0,5500.0,4481.83203125,40178500,BBCA.JK,0.8148785511363636
2019-03-13,5450.0,5505.0,5450.0,5500.0,4481.83203125,17722000,BBCA.JK,0.8148785511363636
2019-03-14,5450.0,5495.0,5450.0,5480.0,4465.53369140625,41096000,BBCA.JK,0.8148784108405566
2019-03-15,5520.0,5545.0,5485.0,5540.0,4514.4267578125,41759500,BBCA.JK,0.8148784761394404
2019-03-18,5555.0,5560.0,5535.0,5550.0,4522.57568359375,42791000,BBCA.JK,0.8148785015484235
2019-03-19,5540.0,5545.0,5485.0,5490.0,4473.68310546875,51527000,BBCA.JK,0.8148785255862933
2019-03-20,5540.0,5555.0,5465.0,5470.0,4457.38525390625,42388500,BBCA.JK,0.8148784742058958
2019-03-21,5490.0,5520.0,5465.0,5475.0,4461.4599609375,39866000,BBCA.JK,0.8148785316780822
2019-03-22,5465.0,5500.0,5465.0,5485.0,4469.609375,29601000,BBCA.JK,0.814878646308113
2019-03-25,5440.0,5500.0,5440.0,5455.0,4445.16259765625,23054500,BBCA.JK,0.814878569689505
2019-03-26,5480.0,5510.0,5455.0,5470.0,4457.38525390625,19895500,BBCA.JK,0.8148784742058958
2019-03-27,5510.0,5510.0,5460.0,5485.0,4469.609375,17804500,BBCA.JK,0.814878646308113
2019-03-28,5460.0,5485.0,5425.0,5470.0,4457.38525390625,32187500,BBCA.JK,0.8148784742058958
2019-03-29,5515.0,5530.0,5460.0,5510.0,4489.97998046875,36234000,BBCA.JK,0.8148783993591198
2019-04-01,5550.0,5550.0,5480.0,5500.0,4481.83203125,21786000,BBCA.JK,0.8148785511363636
2019-04-02,5530.0,5570.0,5480.0,5500.0,4481.83203125,36853000,BBCA.JK,0.8148785511363636
2019-04-04,5540.0,5560.0,5490.0,5540.0,4514.4267578125,48112000,BBCA.JK,0.8148784761394404
2019-04-05,5560.0,5560.0,5525.0,5530.0,4506.27880859375,21913500,BBCA.JK,0.8148786272321429
2019-04-08,5505.0,5540.0,5450.0,5480.0,4465.53369140625,39910000,BBCA.JK,0.8148784108405566
2019-04-09,5535.0,5550.0,5515.0,5535.0,4510.3525390625,29447000,BBCA.JK,0.8148785075090335
2019-04-10,5550.0,5555.0,5515.0,5525.0,4502.20361328125,19508500,BBCA.JK,0.8148784820418552
2019-04-11,5560.0,5560.0,5480.0,5480.0,4465.53369140625,25356000,BBCA.JK,0.8148784108405566
2019-04-12,5460.0,5510.0,5460.0,5500.0,4481.83203125,18577000,BBCA.JK,0.8148785511363636
2019-04-15,5560.0,5570.0,5490.0,5505.0,4485.9072265625,68152000,BBCA.JK,0.8148786969232515
2019-04-16,5495.0,5505.0,5475.0,5495.0,4477.75732421875,71017000,BBCA.JK,0.8148784939433577
2019-04-18,5600.0,5805.0,5580.0,5625.0,4583.69189453125,129332500,BBCA.JK,0.8148785590277777
2019-04-22,5625.0,5680.0,5585.0,5625.0,4583.69189453125,62837500,BBCA.JK,0.8148785590277777
2019-04-23,5680.0,5710.0,5595.0,5630.0,4587.76611328125,48654000,BBCA.JK,0.8148785281138987
2019-04-24,5640.0,5640.0,5600.0,5630.0,4629.70458984375,46975000,BBCA.JK,0.8223276358514654
2019-04-25,5535.0,5620.0,5525.0,5595.0,4600.92333984375,61482500,BBCA.JK,0.8223276746816354
2019-04-26,5585.0,5645.0,5570.0,5620.0,4621.48095703125,66204500,BBCA.JK,0.8223275724254894
2019-04-29,5610.0,5695.0,5595.0,5685.0,4674.93212890625,65480500,BBCA.JK,0.8223275512587951
2019-04-30,5670.0,5760.0,5670.0,5750.0,4728.3837890625,107607500,BBCA.JK,0.8223276154891305
2019-05-02,5800.0,5810.0,5675.0,5685.0,4674.93212890625,80879500,BBCA.JK,0.8223275512587951
2019-05-03,5680.0,5750.0,5615.0,5675.0,4666.708984375,58244500,BBCA.JK,0.822327574339207
2019-05-06,5600.0,5660.0,5595.0,5620.0,4621.48095703125,36649500,BBCA.JK,0.8223275724254894
2019-05-07,5675.0,5710.0,5650.0,5660.0,4654.37451171875,59177000,BBCA.JK,0.822327652247129
2019-05-08,5600.0,5700.0,5595.0,5700.0,4687.267578125,59062000,BBCA.JK,0.8223276452850877
2019-05-09,5700.0,5700.0,5625.0,5630.0,4629.70458984375,126636500,BBCA.JK,0.8223276358514654
2019-05-10,5610.0,5680.0,5600.0,5610.0,4613.2587890625,76130500,BBCA.JK,0.8223277698863637
2019-05-13,5680.0,5695.0,5600.0,5610.0,4613.2587890625,63720500,BBCA.JK,0.8223277698863637
2019-05-14,5560.0,5630.0,5495.0,5495.0,4518.6904296875,114800500,BBCA.JK,0.8223276487147406
2019-05-15,5555.0,5555.0,5445.0,5460.0,4489.9091796875,72065000,BBCA.JK,0.8223276885874542
2019-05-16,5460.0,5480.0,5280.0,5280.0,4341.890625,87939000,BBCA.JK,0.8223277698863637
2019-05-17,5280.0,5310.0,5180.0,5180.0,4259.6572265625,74207000,BBCA.JK,0.8223276499155405
2019-05-20,5180.0,5390.0,5140.0,5380.0,4424.1240234375,54764500,BBCA.JK,0.8223278853973048
2019-05-21,5470.0,5495.0,5400.0,5460.0,4489.9091796875,97371000,BBCA.JK,0.8223276885874542
2019-05-22,5530.0,5530.0,5400.0,5460.0,4489.9091796875,38519000,BBCA.JK,0.8223276885874542
2019-05-23,5440.0,5605.0,5340.0,5605.0,4609.14599609375,54926000,BBCA.JK,0.8223275639774754
2019-05-24,5610.0,5630.0,5605.0,5610.0,4613.2587890625,37402000,BBCA.JK,0.8223277698863637
2019-05-27,5535.0,5700.0,5530.0,5685.0,4674.93212890625,68564000,BBCA.JK,0.8223275512587951
2019-05-28,5655.0,5770.0,5655.0,5735.0,4716.04931640625,209923000,BBCA.JK,0.8223276924858326
2019-05-29,5800.0,5895.0,5730.0,5740.0,4720.16064453125,133044500,BBCA.JK,0.8223276384200784
2019-05-31,5740.0,5870.0,5735.0,5820.0,4785.947265625,96875000,BBCA.JK,0.822327708870275
2019-06-10,6000.0,6190.0,5810.0,5880.0,4835.28662109375,179238000,BBCA.JK,0.822327656648597
2019-06-11,5900.0,5960.0,5845.0,5910.0,4859.9560546875,72901000,BBCA.JK,0.8223275896256346
2019-06-12,5840.0,5900.0,5820.0,5845.0,4806.50537109375,69255500,BBCA.JK,0.8223276939424722
2019-06-13,5885.0,5885.0,5790.0,5805.0,4773.61279296875,78802500,BBCA.JK,0.8223277851798019
2019-06-14,5845.0,5845.0,5790.0,5800.0,4769.49951171875,57220500,BBCA.JK,0.8223275020204741
2019-06-17,5810.0,5840.0,5790.0,5795.0,4765.388671875,83624000,BBCA.JK,0.8223276396678171
2019-06-18,5795.0,5900.0,5795.0,5900.0,4851.73388671875,78788000,BBCA.JK,0.8223277774099577
2019-06-19,5900.0,5960.0,5890.0,5940.0,4884.62646484375,66944500,BBCA.JK,0.822327687684133
2019-06-20,5900.0,5940.0,5805.0,5910.0,4859.9560546875,59504500,BBCA.JK,0.8223275896256346
2019-06-21,5910.0,5935.0,5840.0,5880.0,4835.28662109375,144149000,BBCA.JK,0.822327656648597
2019-06-24,5895.0,5900.0,5865.0,5875.0,4831.17529296875,30084000,BBCA.JK,0.8223277094414894
2019-06-25,5930.0,5960.0,5875.0,5910.0,4859.9560546875,40561500,BBCA.JK,0.8223275896256346
2019-06-26,5940.0,5940.0,5860.0,5865.0,4822.95166015625,59334500,BBCA.JK,0.8223276487904945
2019-06-27,5850.0,5935.0,5805.0,5935.0,4880.5146484375,77525000,BBCA.JK,0.8223276576979781
2019-06-28,5980.0,5995.0,5960.0,5995.0,4929.85498046875,80919000,BBCA.JK,0.8223277698863637
2019-07-01,5995.0,6025.0,5965.0,5990.0,4925.7421875,56612500,BBCA.JK,0.82232757721202
2019-07-02,5990.0,6000.0,5950.0,6000.0,4933.9658203125,48563500,BBCA.JK,0.82232763671875
2019-07-03,5950.0,6000.0,5940.0,6000.0,4933.9658203125,43640000,BBCA.JK,0.82232763671875
2019-07-04,6000.0,6010.0,5965.0,5990.0,4925.7421875,28224500,BBCA.JK,0.82232757721202
2019-07-05,6020.0,6020.0,5970.0,5970.0,4909.2958984375,32722500,BBCA.JK,0.8223276211788108
2019-07-08,5935.0,5960.0,5865.0,5880.0,4835.28662109375,38361000,BBCA.JK,0.822327656648597
2019-07-09,5870.0,6000.0,5870.0,6000.0,4933.9658203125,47740500,BBCA.JK,0.82232763671875
2019-07-10,6000.0,6040.0,5995.0,6000.0,4933.9658203125,52183500,BBCA.JK,0.82232763671875
2019-07-11,6020.0,6025.0,5980.0,6025.0,4954.5244140625,34279500,BBCA.JK,0.8223277035788382
2019-07-12,6000.0,6030.0,5995.0,6010.0,4942.18994140625,29838000,BBCA.JK,0.8223277772722546
2019-07-15,6060.0,6115.0,6035.0,6105.0,5020.310546875,61453500,BBCA.JK,0.822327689905815
2019-07-16,6080.0,6105.0,6070.0,6085.0,5003.86376953125,38075000,BBCA.JK,0.8223276531686524
2019-07-17,6080.0,6150.0,6045.0,6150.0,5057.314453125,45487000,BBCA.JK,0.8223275533536586
2019-07-18,6100.0,6170.0,6055.0,6145.0,5053.20263671875,43625500,BBCA.JK,0.8223275242829536
2019-07-19,6195.0,6210.0,6150.0,6200.0,5098.4306640625,43973500,BBCA.JK,0.8223275264616936
2019-07-22,6260.0,6290.0,6200.0,6290.0,5172.43994140625,37314500,BBCA.JK,0.8223274946591812
2019-07-23,6240.0,6290.0,6205.0,6235.0,5127.212890625,39129500,BBCA.JK,0.8223276488572574
2019-07-24,6260.0,6265.0,6165.0,6250.0,5139.5478515625,51343500,BBCA.JK,0.82232765625
2019-07-25,6270.0,6275.0,6200.0,6250.0,5139.5478515625,53477500,BBCA.JK,0.82232765625
2019-07-26,6250.0,6250.0,6190.0,6195.0,5094.3203125,51797500,BBCA.JK,0.8223277340597256
2019-07-29,6220.0,6230.0,6160.0,6190.0,5090.20849609375,68509500,BBCA.JK,0.8223277053463247
2019-07-30,6205.0,6250.0,6190.0,6220.0,5114.8779296875,38225500,BBCA.JK,0.8223276414288585
2019-07-31,6190.0,6240.0,6180.0,6190.0,5090.20849609375,64129000,BBCA.JK,0.8223277053463247
2019-08-01,6190.0,6270.0,6185.0,6210.0,5106.65478515625,78228000,BBCA.JK,0.8223276626660628
2019-08-02,6160.0,6205.0,6160.0,6165.0,5069.64990234375,62989500,BBCA.JK,0.8223276402828467
2019-08-05,6215.0,6215.0,6000.0,6000.0,4933.9658203125,90924000,BBCA.JK,0.82232763671875
2019-08-06,5880.0,5955.0,5765.0,5880.0,4835.28662109375,183296000,BBCA.JK,0.822327656648597
2019-08-07,5975.0,6050.0,5905.0,6010.0,4942.18994140625,92102000,BBCA.JK,0.8223277772722546
2019-08-08,6010.0,6080.0,5980.0,6005.0,4938.0771484375,58295500,BBCA.JK,0.8223275850853455
2019-08-09,6055.0,6120.0,6055.0,6065.0,4987.4169921875,48118500,BBCA.JK,0.8223276161892004
2019-08-12,6070.0,6080.0,6000.0,6040.0,4966.857421875,52705000,BBCA.JK,0.822327387727649
2019-08-13,6000.0,6040.0,6000.0,6015.0,4946.30126953125,84406000,BBCA.JK,0.8223277256078554
2019-08-14,6040.0,6060.0,5980.0,6010.0,4942.18994140625,81942000,BBCA.JK,0.8223277772722546
2019-08-15,5920.0,6000.0,5860.0,6000.0,4933.9658203125,52561500,BBCA.JK,0.82232763671875
2019-08-16,6040.0,6040.0,5960.0,5960.0,4901.072265625,49821500,BBCA.JK,0.8223275613464766
2019-08-19,6030.0,6030.0,5965.0,6015.0,4946.30126953125,30619000,BBCA.JK,0.8223277256078554
2019-08-20,6035.0,6035.0,5985.0,5985.0,4921.630859375,58393500,BBCA.JK,0.822327628968254
2019-08-21,6000.0,6005.0,5975.0,5975.0,4913.4072265625,55927500,BBCA.JK,0.8223275692991632
2019-08-22,5925.0,6000.0,5920.0,6000.0,4933.9658203125,65888000,BBCA.JK,0.82232763671875
2019-08-23,5920.0,5995.0,5905.0,5995.0,4929.85498046875,33083500,BBCA.JK,0.8223277698863637
2019-08-26,5940.0,6000.0,5860.0,5990.0,4925.7421875,41388500,BBCA.JK,0.82232757721202
2019-08-27,6040.0,6040.0,5950.0,6005.0,4938.0771484375,123780000,BBCA.JK,0.8223275850853455
2019-08-28,6000.0,6020.0,5985.0,5995.0,4929.85498046875,55688000,BBCA.JK,0.8223277698863637
2019-08-29,5990.0,6025.0,5985.0,6005.0,4938.0771484375,51525500,BBCA.JK,0.8223275850853455
2019-08-30,6080.0,6100.0,6005.0,6100.0,5016.19873046875,73650000,BBCA.JK,0.822327660732582
2019-09-02,6100.0,6100.0,6000.0,6000.0,4933.9658203125,42429000,BBCA.JK,0.82232763671875
2019-09-03,6000.0,6055.0,6000.0,6055.0,4979.19384765625,42743500,BBCA.JK,0.8223276379283649
2019-09-04,6060.0,6060.0,6005.0,6020.0,4950.412109375,41979000,BBCA.JK,0.8223275929194352
2019-09-05,6085.0,6085.0,6015.0,6040.0,4966.857421875,53650500,BBCA.JK,0.822327387727649
2019-09-06,6060.0,6060.0,6025.0,6025.0,4954.5244140625,54349000,BBCA.JK,0.8223277035788382
2019-09-09,6050.0,6055.0,5980.0,6035.0,4962.74755859375,25912000,BBCA.JK,0.8223276816228252
2019-09-10,6020.0,6055.0,5985.0,6055.0,4979.19384765625,40291000,BBCA.JK,0.8223276379283649
2019-09-11,6050.0,6100.0,6010.0,6100.0,5016.19873046875,45243500,BBCA.JK,0.822327660732582
2019-09-12,6100.0,6105.0,6010.0,6020.0,4950.412109375,40034000,BBCA.JK,0.8223275929194352
2019-09-13,6080.0,6090.0,6010.0,6030.0,4958.63623046875,28419500,BBCA.JK,0.8223277330793947
2019-09-16,6000.0,6015.0,5985.0,6005.0,4938.0771484375,77289000,BBCA.JK,0.8223275850853455
2019-09-17,5990.0,6035.0,5985.0,6030.0,4958.63623046875,92037500,BBCA.JK,0.8223277330793947
2019-09-18,5990.0,6040.0,5990.0,6040.0,4966.857421875,28667000,BBCA.JK,0.822327387727649
2019-09-19,6015.0,6045.0,6000.0,6030.0,4958.63623046875,61988500,BBCA.JK,0.8223277330793947
2019-09-20,6050.0,6050.0,5990.0,5990.0,4925.7421875,133433000,BBCA.JK,0.82232757721202
2019-09-23,6030.0,6030.0,6000.0,6025.0,4954.5244140625,47231500,BBCA.JK,0.8223277035788382
2019-09-24,5980.0,6000.0,5940.0,5945.0,4888.73779296875,79718500,BBCA.JK,0.8223276354867536
2019-09-25,5900.0,5935.0,5780.0,5935.0,4880.5146484375,88620000,BBCA.JK,0.8223276576979781
2019-09-26,6000.0,6060.0,5970.0,6060.0,4983.30517578125,109859000,BBCA.JK,0.8223275867625826
2019-09-27,6005.0,6075.0,6000.0,6070.0,4991.5283203125,48010000,BBCA.JK,0.8223275651256178
2019-09-30,6070.0,6070.0,6005.0,6070.0,4991.5283203125,73391000,BBCA.JK,0.8223275651256178
2019-10-01,6010.0,6065.0,6010.0,6040.0,4966.857421875,40057000,BBCA.JK,0.822327387727649
2019-10-02,6010.0,6070.0,6010.0,6050.0,4975.0830078125,52376500,BBCA.JK,0.8223277698863637
2019-10-03,6010.0,6045.0,5950.0,6040.0,4966.857421875,50269000,BBCA.JK,0.822327387727649
2019-10-04,5980.0,6065.0,5980.0,6045.0,4970.97021484375,56890500,BBCA.JK,0.8223275789650538
2019-10-07,6070.0,6080.0,6050.0,6070.0,4991.5283203125,56705500,BBCA.JK,0.8223275651256178
2019-10-08,6080.0,6100.0,6015.0,6100.0,5016.19873046875,46997500,BBCA.JK,0.822327660732582
2019-10-09,6100.0,6100.0,6050.0,6070.0,4991.5283203125,41496500,BBCA.JK,0.8223275651256178
2019-10-10,6020.0,6110.0,6020.0,6110.0,5024.42236328125,65806500,BBCA.JK,0.8223277190313012
2019-10-11,6080.0,6155.0,6080.0,6125.0,5036.75634765625,40863500,BBCA.JK,0.8223275669642857
2019-10-14,6130.0,6200.0,6130.0,6200.0,5098.4306640625,37514500,BBCA.JK,0.8223275264616936
2019-10-15,6190.0,6190.0,6145.0,6175.0,5077.87353515625,40935000,BBCA.JK,0.8223276980010121
2019-10-16,6200.0,6215.0,6175.0,6215.0,5110.765625,65776500,BBCA.JK,0.8223275341914722
2019-10-17,6185.0,6210.0,6105.0,6115.0,5028.53369140625,45666500,BBCA.JK,0.8223276682594031
2019-10-18,6160.0,6170.0,6140.0,6160.0,5065.53857421875,41008500,BBCA.JK,0.8223276906199269
2019-10-21,6200.0,6255.0,6185.0,6220.0,5114.8779296875,59971500,BBCA.JK,0.8223276414288585
2019-10-22,6270.0,6300.0,6225.0,6300.0,5180.66455078125,67259500,BBCA.JK,0.8223277064732143
2019-10-23,6300.0,6305.0,6260.0,6275.0,5160.1064453125,62219000,BBCA.JK,0.8223277203685259
2019-10-24,6290.0,6320.0,6270.0,6300.0,5180.66455078125,73101000,BBCA.JK,0.8223277064732143
2019-10-25,6320.0,6325.0,6175.0,6200.0,5098.4306640625,61929500,BBCA.JK,0.8223275264616936
2019-10-28,6200.0,6250.0,6200.0,6205.0,5102.54345703125,43249500,BBCA.JK,0.8223277126561241
2019-10-29,6205.0,6240.0,6150.0,6220.0,5114.8779296875,79861500,BBCA.JK,0.8223276414288585
2019-10-30,6280.0,6285.0,6200.0,6265.0,5151.8818359375,60738000,BBCA.JK,0.8223275077314446
2019-10-31,6270.0,6300.0,6250.0,6290.0,5172.43994140625,58420500,BBCA.JK,0.8223274946591812
2019-11-01,6300.0,6325.0,6275.0,6325.0,5201.22265625,42080500,BBCA.JK,0.8223276926877471
2019-11-04,6350.0,6380.0,6260.0,6275.0,5160.1064453125,43794500,BBCA.JK,0.8223277203685259
2019-11-05,6350.0,6360.0,6270.0,6360.0,5230.00341796875,66161500,BBCA.JK,0.8223275814416273
2019-11-06,6380.0,6380.0,6295.0,6295.0,5176.552734375,63393000,BBCA.JK,0.8223276782168387
2019-11-07,6335.0,6335.0,6250.0,6285.0,5168.3291015625,61972000,BBCA.JK,0.8223276215692125
2019-11-08,6315.0,6315.0,6250.0,6280.0,5164.2177734375,90040500,BBCA.JK,0.8223276709295382
2019-11-11,6335.0,6340.0,6265.0,6295.0,5176.552734375,70207000,BBCA.JK,0.8223276782168387
2019-11-12,6220.0,6280.0,6220.0,6265.0,5151.8818359375,47635500,BBCA.JK,0.8223275077314446
2019-11-13,6265.0,6285.0,6265.0,6280.0,5164.2177734375,40083500,BBCA.JK,0.8223276709295382
2019-11-14,6265.0,6280.0,6210.0,6270.0,5155.9951171875,37862000,BBCA.JK,0.8223277698863637
2019-11-15,6280.0,6290.0,6255.0,6275.0,5160.1064453125,47138000,BBCA.JK,0.8223277203685259
2019-11-18,6245.0,6285.0,6210.0,6280.0,5164.2177734375,65599000,BBCA.JK,0.8223276709295382
2019-11-19,6330.0,6350.0,6300.0,6315.0,5192.9990234375,60115000,BBCA.JK,0.8223276363321457
2019-11-20,6255.0,6350.0,6255.0,6350.0,5221.77978515625,43229500,BBCA.JK,0.8223275252214567
2019-11-21,6350.0,6350.0,6300.0,6300.0,5180.66455078125,57523500,BBCA.JK,0.8223277064732143
2019-11-22,6280.0,6310.0,6270.0,6305.0,5184.775390625,56035000,BBCA.JK,0.8223275797977796
2019-11-25,6330.0,6335.0,6275.0,6275.0,5160.1064453125,55133500,BBCA.JK,0.8223277203685259
2019-11-26,6330.0,6330.0,6270.0,6285.0,5168.3291015625,192783500,BBCA.JK,0.8223276215692125
2019-11-27,6270.0,6300.0,6240.0,6300.0,5180.66455078125,58833500,BBCA.JK,0.8223277064732143
2019-11-28,6295.0,6295.0,6245.0,6250.0,5139.5478515625,44248000,BBCA.JK,0.82232765625
2019-11-29,6230.0,6295.0,6225.0,6280.0,5164.2177734375,52954500,BBCA.JK,0.8223276709295382
2019-12-02,6280.0,6425.0,6270.0,6425.0,5283.455078125,49909000,BBCA.JK,0.8223276386186771
2019-12-03,6420.0,6420.0,6345.0,6375.0,5242.33837890625,42823000,BBCA.JK,0.8223275888480392
2019-12-04,6360.0,6400.0,6355.0,6365.0,5234.11572265625,37552000,BBCA.JK,0.8223276861989395
2019-12-05,6360.0,6385.0,6330.0,6340.0,5213.5576171875,54168000,BBCA.JK,0.8223276998718454
2019-12-06,6340.0,6395.0,6320.0,6395.0,5275.4267578125,69920500,BBCA.JK,0.8249299073983581
2019-12-09,6370.0,6395.0,6360.0,6395.0,5275.4267578125,51667500,BBCA.JK,0.8249299073983581
2019-12-10,6395.0,6400.0,6360.0,6365.0,5250.6787109375,57654000,BBCA.JK,0.8249298838864886
2019-12-11,6365.0,6385.0,6350.0,6380.0,5263.05322265625,48469000,BBCA.JK,0.824929972203174
2019-12-12,6400.0,6405.0,6340.0,6340.0,5230.05517578125,79198500,BBCA.JK,0.8249298384513013
2019-12-13,6395.0,6420.0,6350.0,6360.0,5246.5537109375,70822500,BBCA.JK,0.8249298287637579
2019-12-16,6340.0,6395.0,6340.0,6360.0,5246.5537109375,78684000,BBCA.JK,0.8249298287637579
2019-12-17,6395.0,6500.0,6365.0,6500.0,5362.0439453125,102914500,BBCA.JK,0.8249298377403846
2019-12-18,6500.0,6800.0,6440.0,6755.0,5572.40185546875,181804000,BBCA.JK,0.8249299563980385
2019-12-19,6700.0,6720.0,6590.0,6600.0,5444.53759765625,74171000,BBCA.JK,0.8249299390388257
2019-12-20,6680.0,6740.0,6610.0,6660.0,5494.033203125,99453000,BBCA.JK,0.8249299103791291
2019-12-23,6680.0,6730.0,6650.0,6660.0,5494.033203125,46558500,BBCA.JK,0.8249299103791291
2019-12-26,6660.0,6725.0,6660.0,6680.0,5510.53271484375,38188500,BBCA.JK,0.8249300471322979
2019-12-27,6670.0,6700.0,6670.0,6695.0,5522.90673828125,29945000,BBCA.JK,0.8249300579957057
2019-12-30,6680.0,6720.0,6670.0,6685.0,5514.65673828125,61168000,BBCA.JK,0.8249299533704189
2020-01-02,6695.0,6780.0,6680.0,6690.0,5518.78173828125,49445000,BBCA.JK,0.8249300057221599
2020-01-03,6750.0,6800.0,6725.0,6800.0,5609.52392578125,47755500,BBCA.JK,0.824929989085478
2020-01-06,6720.0,6750.0,6690.0,6735.0,5555.9033203125,27300000,BBCA.JK,0.8249299658964365
2020-01-07,6735.0,6770.0,6730.0,6740.0,5560.02734375,45022500,BBCA.JK,0.8249298729599407
2020-01-08,6670.0,6745.0,6670.0,6680.0,5510.53271484375,53692500,BBCA.JK,0.8249300471322979
2020-01-09,6740.0,6755.0,6730.0,6740.0,5560.02734375,40363500,BBCA.JK,0.8249298729599407
2020-01-10,6765.0,6825.0,6710.0,6725.0,5547.65380859375,73362000,BBCA.JK,0.8249299343633829
2020-01-13,6740.0,6760.0,6735.0,6745.0,5564.1533203125,67855000,BBCA.JK,0.824930069727576
2020-01-14,6745.0,6885.0,6740.0,6870.0,5667.26904296875,93582000,BBCA.JK,0.824929991698508
2020-01-15,6870.0,7060.0,6800.0,6835.0,5638.396484375,75623500,BBCA.JK,0.8249299903986832
2020-01-16,6805.0,6890.0,6795.0,6850.0,5650.77001953125,88931500,BBCA.JK,0.8249299298585766
2020-01-17,6840.0,6890.0,6800.0,6875.0,5671.3935546875,38249500,BBCA.JK,0.8249299715909091
2020-01-20,6950.0,6975.0,6830.0,6835.0,5638.396484375,93554500,BBCA.JK,0.8249299903986832
2020-01-21,6885.0,6895.0,6825.0,6830.0,5634.27197265625,103984500,BBCA.JK,0.8249300106378111
2020-01-22,6855.0,6895.0,6835.0,6840.0,5642.52099609375,94311500,BBCA.JK,0.8249299701891447
2020-01-23,6885.0,6895.0,6830.0,6840.0,5642.52099609375,87728000,BBCA.JK,0.8249299701891447
2020-01-24,6820.0,6880.0,6810.0,6810.0,5617.7724609375,69653500,BBCA.JK,0.8249298767896476
2020-01-27,6865.0,6940.0,6815.0,6840.0,5642.52099609375,39679000,BBCA.JK,0.8249299701891447
2020-01-28,6835.0,6845.0,6755.0,6790.0,5601.2734375,82615000,BBCA.JK,0.8249298140648011
2020-01-29,6800.0,6845.0,6770.0,6785.0,5597.1494140625,43821000,BBCA.JK,0.8249299062730288
2020-01-30,6845.0,6845.0,6730.0,6740.0,5560.02734375,71990000,BBCA.JK,0.8249298729599407
2020-01-31,6800.0,6805.0,6480.0,6480.0,5345.5458984375,163136500,BBCA.JK,0.8249299225983796
2020-02-03,6480.0,6585.0,6370.0,6440.0,5312.54931640625,149797000,BBCA.JK,0.8249300180755047
2020-02-04,6570.0,6620.0,6520.0,6600.0,5444.53759765625,113316500,BBCA.JK,0.8249299390388257
2020-02-05,6780.0,6780.0,6650.0,6730.0,5551.77783203125,123002500,BBCA.JK,0.8249298413122214
2020-02-06,6740.0,6780.0,6680.0,6740.0,5560.02734375,154693500,BBCA.JK,0.8249298729599407
2020-02-07,6710.0,6780.0,6705.0,6760.0,5576.52685546875,82609000,BBCA.JK,0.8249300082054364
2020-02-10,6760.0,6785.0,6630.0,6785.0,5597.1494140625,66578500,BBCA.JK,0.8249299062730288
2020-02-11,6785.0,6785.0,6745.0,6780.0,5593.02490234375,77526500,BBCA.JK,0.8249299265993731
2020-02-12,6800.0,6800.0,6760.0,6800.0,5609.52392578125,69971500,BBCA.JK,0.824929989085478
2020-02-13,6820.0,6820.0,6740.0,6790.0,5601.2734375,49737000,BBCA.JK,0.8249298140648011
2020-02-14,6780.0,6795.0,6675.0,6680.0,5510.53271484375,147028500,BBCA.JK,0.8249300471322979
2020-02-17,6680.0,6750.0,6680.0,6720.0,5543.529296875,115319000,BBCA.JK,0.8249299548921131
2020-02-18,6685.0,6720.0,6670.0,6695.0,5522.90673828125,98436500,BBCA.JK,0.8249300579957057
2020-02-19,6665.0,6760.0,6665.0,6695.0,5522.90673828125,74594000,BBCA.JK,0.8249300579957057
2020-02-20,6690.0,6695.0,6565.0,6595.0,5440.4130859375,136724500,BBCA.JK,0.8249299599601971
2020-02-21,6600.0,6660.0,6595.0,6615.0,5456.912109375,98261000,BBCA.JK,0.8249300240929706
2020-02-24,6565.0,6600.0,6510.0,6525.0,5382.66845703125,84910000,BBCA.JK,0.8249300317289272
2020-02-25,6550.0,6560.0,6510.0,6530.0,5386.79248046875,86446500,BBCA.JK,0.8249299357532542
2020-02-26,6500.0,6535.0,6420.0,6420.0,5296.05029296875,92824500,BBCA.JK,0.8249299521758178
2020-02-27,6470.0,6475.0,6200.0,6290.0,5188.81005859375,129254500,BBCA.JK,0.8249300570101351
2020-02-28,6200.0,6290.0,6035.0,6290.0,5188.81005859375,169946500,BBCA.JK,0.8249300570101351
2020-03-02,6290.0,6290.0,6035.0,6080.0,5015.57373046875,144871500,BBCA.JK,0.8249298898797286
2020-03-03,6200.0,6350.0,6200.0,6320.0,5213.5576171875,114663500,BBCA.JK,0.8249300027195411
2020-03-04,6315.0,6500.0,6260.0,6440.0,5312.54931640625,83025000,BBCA.JK,0.8249300180755047
2020-03-05,6540.0,6540.0,6340.0,6435.0,5308.42431640625,77583000,BBCA.JK,0.8249299636994949
2020-03-06,6350.0,6350.0,6200.0,6200.0,5114.56591796875,77835500,BBCA.JK,0.8249299867691532
2020-03-09,6000.0,6040.0,5785.0,5785.0,4772.2197265625,140889500,BBCA.JK,0.8249299440903198
2020-03-10,5840.0,6010.0,5840.0,5925.0,4887.7109375,133667000,BBCA.JK,0.8249301160337553
2020-03-11,5950.0,5980.0,5790.0,5850.0,4825.84033203125,93204500,BBCA.JK,0.8249299712873932
2020-03-12,5600.0,5640.0,5460.0,5560.0,4586.60986328125,129845500,BBCA.JK,0.8249298315254047
2020-03-17,5495.0,5505.0,5120.0,5120.0,4223.6416015625,212200000,BBCA.JK,0.8249300003051758
2020-03-18,5120.0,5380.0,4765.0,5000.0,4124.64990234375,180053500,BBCA.JK,0.82492998046875
2020-03-19,4995.0,4995.0,4650.0,4650.0,3835.924560546875,264419000,BBCA.JK,0.8249300130208334
2020-03-20,4600.0,5385.0,4325.0,4735.0,3906.04345703125,335132000,BBCA.JK,0.8249299803656283
2020-03-23,4760.0,5000.0,4405.0,4430.0,3654.439208984375,217843500,BBCA.JK,0.8249298440145316
2020-03-24,4450.0,4995.0,4450.0,4500.0,3712.184814453125,253971000,BBCA.JK,0.8249299587673611
2020-03-26,4650.0,5395.0,4650.0,5280.0,4355.63037109375,331633000,BBCA.JK,0.8249299945253314
2020-03-27,5360.0,5895.0,5355.0,5510.0,4545.36328125,269683000,BBCA.JK,0.824929815108893
2020-03-30,5480.0,5555.0,5155.0,5495.0,4532.990234375,159964500,BBCA.JK,0.8249299789581438
2020-03-31,5660.0,5710.0,5485.0,5525.0,4557.73779296875,182638500,BBCA.JK,0.8249299172794118
2020-04-01,5560.0,5750.0,5425.0,5480.0,4520.61572265625,152831500,BBCA.JK,0.8249298763971259
2020-04-02,5470.0,5470.0,5360.0,5410.0,4462.8720703125,136623500,BBCA.JK,0.8249301423867837
2020-04-03,5460.0,5530.0,5365.0,5495.0,4532.990234375,110506000,BBCA.JK,0.8249299789581438
2020-04-06,5520.0,5740.0,5495.0,5735.0,4730.97265625,78184000,BBCA.JK,0.8249298441586748
2020-04-07,5735.0,6100.0,5580.0,5655.0,4664.97900390625,149153500,BBCA.JK,0.8249299741655615
2020-04-08,5655.0,5660.0,5480.0,5635.0,4648.48046875,106111500,BBCA.JK,0.824929985581189
2020-04-09,5600.0,5695.0,5500.0,5595.0,4615.48291015625,89997000,BBCA.JK,0.8249299213862824
2020-04-13,5540.0,5615.0,5480.0,5500.0,4537.115234375,58043000,BBCA.JK,0.8249300426136363
2020-04-14,5505.0,5590.0,5445.0,5515.0,4549.48828125,95796000,BBCA.JK,0.8249298787398005
2020-04-15,5515.0,5630.0,5445.0,5485.0,4524.7412109375,95342000,BBCA.JK,0.8249300293413856
2020-04-16,5485.0,5520.0,5185.0,5240.0,4322.6328125,176990500,BBCA.JK,0.8249299260496183
2020-04-17,5300.0,5445.0,5280.0,5425.0,4475.24560546875,160935500,BBCA.JK,0.8249300655241936
2020-04-20,5430.0,5500.0,5330.0,5355.0,4417.49951171875,90744000,BBCA.JK,0.8249298808064892
2020-04-21,5355.0,5355.0,5160.0,5160.0,4330.224609375,73431000,BBCA.JK,0.8391908157703488
2020-04-22,5160.0,5235.0,5045.0,5145.0,4317.6357421875,107263500,BBCA.JK,0.8391906204446065
2020-04-23,5180.0,5245.0,5120.0,5120.0,4296.65625,105419500,BBCA.JK,0.839190673828125
2020-04-24,5120.0,5140.0,4920.0,4920.0,4128.818359375,131149500,BBCA.JK,0.8391907234502033
2020-04-27,4940.0,5020.0,4855.0,4960.0,4162.38525390625,151103500,BBCA.JK,0.8391905753843246
2020-04-28,4960.0,4975.0,4805.0,4830.0,4053.290771484375,180488000,BBCA.JK,0.8391906359180901
2020-04-29,4825.0,4850.0,4800.0,4850.0,4070.07568359375,121161000,BBCA.JK,0.8391908625966494
2020-04-30,4880.0,5250.0,4880.0,5170.0,4338.61572265625,174081000,BBCA.JK,0.8391906620224855
2020-05-04,5150.0,5300.0,5000.0,5220.0,4380.57568359375,114497500,BBCA.JK,0.839190743983477
2020-05-05,5220.0,5340.0,5200.0,5285.0,4435.12255859375,118643500,BBCA.JK,0.8391906449562441
2020-05-06,5315.0,5370.0,5300.0,5355.0,4493.86572265625,86395500,BBCA.JK,0.8391906111402895
2020-05-08,5345.0,5400.0,5150.0,5245.0,4401.55517578125,123028000,BBCA.JK,0.8391906912833651
2020-05-11,5245.0,5325.0,5245.0,5295.0,4443.51513671875,40615500,BBCA.JK,0.8391907718071294
2020-05-12,5340.0,5340.0,5030.0,5220.0,4380.57568359375,118660000,BBCA.JK,0.839190743983477
2020-05-13,5160.0,5170.0,5085.0,5110.0,4288.263671875,94973000,BBCA.JK,0.8391905424412915
2020-05-14,5070.0,5110.0,4905.0,4920.0,4128.818359375,131268000,BBCA.JK,0.8391907234502033
2020-05-15,4920.0,4995.0,4680.0,4785.0,4015.52783203125,205790000,BBCA.JK,0.8391907694945141
2020-05-18,4800.0,4845.0,4750.0,4765.0,3998.74365234375,139997500,BBCA.JK,0.8391906930417103
2020-05-19,4840.0,4960.0,4680.0,4680.0,3927.412841796875,128504500,BBCA.JK,0.8391907781617254
2020-05-20,4720.0,4800.0,4690.0,4765.0,3998.74365234375,119158000,BBCA.JK,0.8391906930417103
2020-05-26,4775.0,5000.0,4775.0,4970.0,4170.77734375,176076500,BBCA.JK,0.8391906124245473
2020-05-27,4970.0,5000.0,4855.0,4965.0,4166.5810546875,151753500,BBCA.JK,0.8391905447507553
2020-05-28,5000.0,5320.0,5000.0,5295.0,4443.51513671875,229233000,BBCA.JK,0.8391907718071294
2020-05-29,5295.0,5295.0,5190.0,5190.0,4355.39990234375,399414000,BBCA.JK,0.8391907326288536
2020-06-02,5260.0,5500.0,5240.0,5360.0,4498.06201171875,181369500,BBCA.JK,0.839190673828125
2020-06-03,5410.0,5780.0,5400.0,5780.0,4850.521484375,279673500,BBCA.JK,0.8391905682309688
2020-06-04,5780.0,5990.0,5600.0,5790.0,4858.9140625,236158500,BBCA.JK,0.8391906843696028
2020-06-05,5790.0,5855.0,5585.0,5725.0,4804.36669921875,88157500,BBCA.JK,0.839190689819869
2020-06-08,5755.0,5925.0,5755.0,5900.0,4951.22607421875,173557500,BBCA.JK,0.8391908600370763
2020-06-09,5940.0,5995.0,5795.0,5805.0,4871.50244140625,100110000,BBCA.JK,0.8391907737133937
2020-06-10,5800.0,5865.0,5595.0,5800.0,4867.30517578125,115382500,BBCA.JK,0.8391905475484914
2020-06-11,5750.0,5810.0,5605.0,5680.0,4766.60205078125,85187500,BBCA.JK,0.8391905018981074
2020-06-12,5680.0,5680.0,5480.0,5670.0,4758.2109375,96044000,BBCA.JK,0.8391906415343915
2020-06-15,5680.0,5710.0,5500.0,5500.0,4615.54736328125,100844500,BBCA.JK,0.8391904296875
2020-06-16,5580.0,5795.0,5580.0,5760.0,4833.7392578125,91518500,BBCA.JK,0.8391908433702256
2020-06-17,5800.0,5800.0,5680.0,5720.0,4800.1708984375,79800000,BBCA.JK,0.8391907165100524
2020-06-18,5720.0,5740.0,5585.0,5585.0,4686.88134765625,68032000,BBCA.JK,0.8391909306457028
2020-06-19,5600.0,5650.0,5545.0,5575.0,4678.48828125,110071000,BBCA.JK,0.8391907230941704
2020-06-22,5595.0,5660.0,5530.0,5540.0,4649.1171875,51590500,BBCA.JK,0.839190828068592
2020-06-23,5570.0,5660.0,5520.0,5620.0,4716.251953125,69954000,BBCA.JK,0.8391907389902136
2020-06-24,5650.0,5760.0,5640.0,5705.0,4787.58349609375,57333000,BBCA.JK,0.8391907968613058
2020-06-25,5700.0,5745.0,5640.0,5725.0,4804.36669921875,51415000,BBCA.JK,0.839190689819869
2020-06-26,5720.0,5760.0,5640.0,5645.0,4737.2314453125,57467500,BBCA.JK,0.8391906900465014
2020-06-29,5640.0,5695.0,5585.0,5675.0,4762.40673828125,48796500,BBCA.JK,0.8391906146751101
2020-06-30,5700.0,5740.0,5660.0,5695.0,4779.19091796875,74474000,BBCA.JK,0.8391906791867867
2020-07-01,5700.0,5800.0,5675.0,5800.0,4867.30517578125,63959000,BBCA.JK,0.8391905475484914
2020-07-02,5775.0,5870.0,5760.0,5870.0,4926.0498046875,75585500,BBCA.JK,0.8391907674084327
2020-07-03,5870.0,5905.0,5840.0,5870.0,4926.0498046875,52219000,BBCA.JK,0.8391907674084327
2020-07-06,5860.0,5935.0,5850.0,5935.0,4980.5966796875,67800000,BBCA.JK,0.8391906789700927
2020-07-07,5940.0,5995.0,5900.0,5990.0,5026.75244140625,74168000,BBCA.JK,0.8391907247756678
2020-07-08,5990.0,6265.0,5980.0,6200.0,5202.98193359375,106444500,BBCA.JK,0.8391906344506048
2020-07-09,6210.0,6240.0,6030.0,6100.0,5119.0634765625,93543500,BBCA.JK,0.8391907338627049
2020-07-10,6100.0,6240.0,6080.0,6200.0,5202.98193359375,67224000,BBCA.JK,0.8391906344506048
2020-07-13,6230.0,6240.0,6140.0,6175.0,5182.001953125,86006000,BBCA.JK,0.8391905996963562
2020-07-14,6175.0,6200.0,6110.0,6200.0,5202.98193359375,45616500,BBCA.JK,0.8391906344506048
2020-07-15,6200.0,6240.0,6150.0,6150.0,5161.0234375,61468000,BBCA.JK,0.8391908028455285
2020-07-16,6150.0,6200.0,6140.0,6180.0,5186.1982421875,66520500,BBCA.JK,0.8391906540756473
2020-07-17,6135.0,6180.0,6040.0,6120.0,5135.84765625,73348000,BBCA.JK,0.839190793504902
2020-07-20,6120.0,6160.0,6060.0,6140.0,5152.630859375,59794500,BBCA.JK,0.8391906937092833
2020-07-21,6100.0,6235.0,6100.0,6200.0,5202.98193359375,84159500,BBCA.JK,0.8391906344506048
2020-07-22,6210.0,6250.0,6130.0,6180.0,5186.1982421875,44725500,BBCA.JK,0.8391906540756473
2020-07-23,6180.0,6215.0,6140.0,6200.0,5202.98193359375,84026500,BBCA.JK,0.8391906344506048
2020-07-24,6200.0,6200.0,6100.0,6100.0,5119.0634765625,58366500,BBCA.JK,0.8391907338627049
2020-07-27,6100.0,6140.0,6000.0,6100.0,5119.0634765625,41972500,BBCA.JK,0.8391907338627049
2020-07-28,6120.0,6200.0,6060.0,6185.0,5190.39404296875,65279000,BBCA.JK,0.8391906294209782
2020-07-29,6185.0,6185.0,6100.0,6135.0,5148.43408203125,50262500,BBCA.JK,0.8391905594182967
2020-07-30,6135.0,6240.0,6055.0,6240.0,5236.55029296875,80533500,BBCA.JK,0.8391907520783253
2020-08-03,6220.0,6235.0,5825.0,6130.0,5144.2392578125,137079000,BBCA.JK,0.8391907435256933
2020-08-04,6155.0,6220.0,6130.0,6210.0,5211.3740234375,79357000,BBCA.JK,0.8391906639995974
2020-08-05,6200.0,6220.0,6100.0,6205.0,5207.17822265625,49393000,BBCA.JK,0.8391906885827961
2020-08-06,6215.0,6295.0,6185.0,6260.0,5253.33447265625,55258500,BBCA.JK,0.8391908103284744
2020-08-07,6265.0,6285.0,6160.0,6180.0,5186.1982421875,43621000,BBCA.JK,0.8391906540756473
2020-08-10,6180.0,6200.0,6105.0,6120.0,5135.84765625,37774500,BBCA.JK,0.839190793504902
2020-08-11,6140.0,6200.0,6130.0,6175.0,5182.001953125,38795500,BBCA.JK,0.8391905996963562
2020-08-12,6175.0,6260.0,6160.0,6260.0,5253.33447265625,35612000,BBCA.JK,0.8391908103284744
2020-08-13,6260.0,6300.0,6180.0,6300.0,5286.9013671875,48581000,BBCA.JK,0.8391906932043651
2020-08-14,6300.0,6405.0,6240.0,6405.0,5375.01708984375,57316000,BBCA.JK,0.8391908024736534
2020-08-18,6405.0,6425.0,6300.0,6360.0,5337.25341796875,81563500,BBCA.JK,0.8391907889887972
2020-08-19,6360.0,6410.0,6310.0,6330.0,5312.0771484375,58793500,BBCA.JK,0.8391907027547393
2020-08-24,6340.0,6380.0,6280.0,6315.0,5299.48974609375,66882500,BBCA.JK,0.8391907753117577
2020-08-25,6320.0,6380.0,6305.0,6365.0,5341.44873046875,49211000,BBCA.JK,0.839190688211901
2020-08-26,6385.0,6390.0,6305.0,6340.0,5320.4697265625,42983000,BBCA.JK,0.8391908086060725
2020-08-27,6365.0,6600.0,6340.0,6600.0,5538.65869140625,68326000,BBCA.JK,0.8391907108191288
2020-08-28,6560.0,6600.0,6425.0,6495.0,5450.54296875,52292500,BBCA.JK,0.8391906033487297
2020-08-31,6500.0,6540.0,6275.0,6275.0,5265.921875,97032000,BBCA.JK,0.8391907370517928
2020-09-01,6280.0,6520.0,6240.0,6520.0,5471.52294921875,67446000,BBCA.JK,0.8391906363832439
2020-09-02,6520.0,6560.0,6365.0,6435.0,5400.1923828125,66065000,BBCA.JK,0.839190735479798
2020-09-03,6465.0,6500.0,6300.0,6500.0,5454.73974609375,68208500,BBCA.JK,0.8391907301682693
2020-09-04,6450.0,6450.0,6265.0,6380.0,5354.03662109375,80613500,BBCA.JK,0.8391906929614028
2020-09-07,6335.0,6360.0,6200.0,6285.0,5274.31298828125,64249500,BBCA.JK,0.8391906107050517
2020-09-08,6285.0,6360.0,6285.0,6335.0,5316.27294921875,39649000,BBCA.JK,0.8391906786454223
2020-09-09,6300.0,6320.0,6210.0,6245.0,5240.74609375,49285000,BBCA.JK,0.8391907275820657
2020-09-10,6220.0,6220.0,5810.0,5810.0,4875.6982421875,175735000,BBCA.JK,0.8391907473644579
2020-09-11,5800.0,5975.0,5620.0,5905.0,4955.421875,403032500,BBCA.JK,0.83919083403895
2020-09-14,6000.0,6115.0,5985.0,6050.0,5077.10400390625,138115000,BBCA.JK,0.839190744447314
2020-09-15,6040.0,6100.0,5860.0,5860.0,4917.6572265625,170087000,BBCA.JK,0.8391906529970137
2020-09-16,5860.0,5870.0,5745.0,5750.0,4825.34716796875,158565500,BBCA.JK,0.8391908118206521
2020-09-17,5750.0,5855.0,5665.0,5755.0,4829.5419921875,138796000,BBCA.JK,0.8391906154973936
2020-09-18,5700.0,5735.0,5570.0,5630.0,4724.64306640625,316912000,BBCA.JK,0.8391905979407194
2020-09-21,5640.0,5735.0,5595.0,5605.0,4703.6640625,112443000,BBCA.JK,0.839190733719893
2020-09-22,5520.0,5565.0,5430.0,5450.0,4573.58935546875,163442500,BBCA.JK,0.8391907074254588
2020-09-23,5450.0,5585.0,5425.0,5505.0,4619.74462890625,100517000,BBCA.JK,0.839190668284514
2020-09-24,5430.0,5535.0,5390.0,5445.0,4569.39306640625,88618500,BBCA.JK,0.8391906458046373
2020-09-25,5480.0,5625.0,5460.0,5610.0,4707.8603515625,100705000,BBCA.JK,0.839190793504902
2020-09-28,5650.0,5695.0,5500.0,5515.0,4628.13671875,93522000,BBCA.JK,0.8391907014959202
2020-09-29,5575.0,5635.0,5460.0,5505.0,4619.74462890625,117778500,BBCA.JK,0.839190668284514
2020-09-30,5565.0,5565.0,5420.0,5420.0,4548.4140625,107377000,BBCA.JK,0.8391907864391144
2020-10-01,5485.0,5570.0,5480.0,5570.0,4674.29150390625,56893000,BBCA.JK,0.8391905752075853
2020-10-02,5560.0,5565.0,5440.0,5505.0,4619.74462890625,66848000,BBCA.JK,0.839190668284514
2020-10-05,5515.0,5560.0,5460.0,5520.0,4632.33251953125,58291000,BBCA.JK,0.839190673828125
2020-10-06,5630.0,5715.0,5600.0,5700.0,4783.38720703125,141955500,BBCA.JK,0.8391907380756579
2020-10-07,5600.0,5755.0,5580.0,5755.0,4829.5419921875,89937500,BBCA.JK,0.8391906154973936
2020-10-08,5790.0,5800.0,5710.0,5780.0,4850.521484375,77384500,BBCA.JK,0.8391905682309688
2020-10-09,5750.0,5775.0,5720.0,5775.0,4846.326171875,54250500,BBCA.JK,0.8391906791125541
2020-10-12,5840.0,5875.0,5830.0,5855.0,4913.4609375,82918500,BBCA.JK,0.8391905956447481
2020-10-13,5840.0,5860.0,5770.0,5855.0,4913.4609375,48250500,BBCA.JK,0.8391905956447481
2020-10-14,5840.0,5900.0,5810.0,5900.0,4951.22607421875,83117500,BBCA.JK,0.8391908600370763
2020-10-15,5875.0,5880.0,5760.0,5785.0,4854.71875,82067000,BBCA.JK,0.8391907951598963
2020-10-16,5785.0,5790.0,5730.0,5760.0,4833.7392578125,89051500,BBCA.JK,0.8391908433702256
2020-10-19,5750.0,5900.0,5710.0,5900.0,4951.22607421875,56871500,BBCA.JK,0.8391908600370763
2020-10-20,5880.0,5880.0,5785.0,5805.0,4871.50244140625,74995500,BBCA.JK,0.8391907737133937
2020-10-21,5860.0,5865.0,5730.0,5780.0,4850.521484375,77944000,BBCA.JK,0.8391905682309688
2020-10-22,5740.0,5800.0,5705.0,5800.0,4867.30517578125,96872500,BBCA.JK,0.8391905475484914
2020-10-23,5840.0,5840.0,5750.0,5770.0,4842.13037109375,66328000,BBCA.JK,0.839190705562175
2020-10-26,5725.0,5835.0,5725.0,5815.0,4879.89404296875,70452500,BBCA.JK,0.839190721060834
2020-10-27,5815.0,5830.0,5755.0,5790.0,4858.9140625,89482000,BBCA.JK,0.8391906843696028
2020-11-02,5760.0,5825.0,5720.0,5820.0,4884.0888671875,151006500,BBCA.JK,0.8391905270081615
2020-11-03,5840.0,5895.0,5835.0,5890.0,4942.8330078125,78152000,BBCA.JK,0.8391906634656197
2020-11-04,5900.0,5940.0,5785.0,5820.0,4884.0888671875,78626000,BBCA.JK,0.8391905270081615
2020-11-05,5900.0,6180.0,5900.0,6150.0,5161.0234375,161090000,BBCA.JK,0.8391908028455285
2020-11-06,6160.0,6300.0,6060.0,6300.0,5286.9013671875,137303500,BBCA.JK,0.8391906932043651
2020-11-09,6300.0,6400.0,6215.0,6285.0,5274.31298828125,82739500,BBCA.JK,0.8391906107050517
2020-11-10,6395.0,6600.0,6380.0,6480.0,5437.95654296875,191073500,BBCA.JK,0.8391908245322145
2020-11-11,6540.0,6565.0,6480.0,6540.0,5488.30810546875,131383500,BBCA.JK,0.8391908418147935
2020-11-12,6410.0,6495.0,6405.0,6420.0,5387.60400390625,83082500,BBCA.JK,0.8391906548140576
2020-11-13,6420.0,6450.0,6320.0,6390.0,5362.42724609375,82374500,BBCA.JK,0.8391904923464397
2020-11-16,6485.0,6485.0,6385.0,6480.0,5437.95654296875,54905000,BBCA.JK,0.8391908245322145
2020-11-17,6500.0,6565.0,6490.0,6550.0,5496.69970703125,119784000,BBCA.JK,0.8391907949666031
2020-11-18,6550.0,6575.0,6540.0,6570.0,5513.482421875,99789000,BBCA.JK,0.8391906273782344
2020-11-19,6520.0,6640.0,6515.0,6615.0,5551.24658203125,147346500,BBCA.JK,0.8391907153486394
2020-11-20,6640.0,6650.0,6550.0,6600.0,5538.65869140625,68468500,BBCA.JK,0.8391907108191288
2020-11-23,6600.0,6610.0,6550.0,6600.0,5538.65869140625,75265500,BBCA.JK,0.8391907108191288
2020-11-24,6600.0,6600.0,6545.0,6565.0,5509.2861328125,72349500,BBCA.JK,0.8391905762090632
2020-11-25,6580.0,6585.0,6380.0,6410.0,5379.21240234375,170140500,BBCA.JK,0.8391907023937207
2020-11-26,6350.0,6490.0,6300.0,6480.0,5437.95654296875,64339000,BBCA.JK,0.8391908245322145
2020-11-27,6480.0,6490.0,6380.0,6385.0,5358.232421875,87361500,BBCA.JK,0.8391906690485513
2020-11-30,6385.0,6400.0,6135.0,6205.0,5207.17822265625,393091500,BBCA.JK,0.8391906885827961
2020-12-01,6220.0,6435.0,6220.0,6395.0,5366.62548828125,114563500,BBCA.JK,0.8391908503958171
2020-12-02,6460.0,6485.0,6340.0,6450.0,5412.7802734375,93897500,BBCA.JK,0.8391907400678295
2020-12-03,6500.0,6525.0,6425.0,6460.0,5421.17236328125,98210000,BBCA.JK,0.839190768309791
2020-12-04,6460.0,6465.0,6360.0,6390.0,5362.42724609375,64995500,BBCA.JK,0.8391904923464397
2020-12-07,6500.0,6580.0,6480.0,6520.0,5471.52294921875,96636000,BBCA.JK,0.8391906363832439
2020-12-08,6520.0,6520.0,6425.0,6490.0,5462.84619140625,70561500,BBCA.JK,0.8417328492151387
2020-12-10,6590.0,6600.0,6540.0,6575.0,5534.39306640625,151420500,BBCA.JK,0.8417327857652092
2020-12-11,6600.0,6780.0,6595.0,6735.0,5669.0693359375,214160000,BBCA.JK,0.8417326408221975
2020-12-14,6800.0,6830.0,6795.0,6820.0,5740.61767578125,179785500,BBCA.JK,0.8417327970353738
2020-12-15,6830.0,6900.0,6605.0,6790.0,5715.36572265625,164024500,BBCA.JK,0.8417328015694036
2020-12-16,6860.0,6950.0,6840.0,6950.0,5850.04248046875,138674000,BBCA.JK,0.8417327310026979
2020-12-17,6965.0,7000.0,6820.0,6935.0,5837.4169921875,91920000,BBCA.JK,0.8417328034877434
2020-12-18,6935.0,6935.0,6755.0,6800.0,5723.78271484375,147238500,BBCA.JK,0.8417327521829044
2020-12-21,6890.0,6890.0,6800.0,6830.0,5749.03466796875,93692500,BBCA.JK,0.8417327478724378
2020-12-22,6740.0,6820.0,6710.0,6715.0,5652.236328125,61790500,BBCA.JK,0.8417328857967238
2020-12-23,6905.0,6905.0,6620.0,6725.0,5660.65283203125,76948000,BBCA.JK,0.8417327631273234
2020-12-28,6790.0,6820.0,6660.0,6780.0,5706.94775390625,60234000,BBCA.JK,0.8417327070658186
2020-12-29,6775.0,6810.0,6740.0,6765.0,5694.322265625,34212500,BBCA.JK,0.8417327813192904
2020-12-30,6800.0,6800.0,6700.0,6770.0,5698.5302734375,52675500,BBCA.JK,0.8417326844073116
2021-01-04,6800.0,6855.0,6720.0,6835.0,5753.2431640625,47937000,BBCA.JK,0.8417327233449159
2021-01-05,6860.0,7090.0,6850.0,7090.0,5967.884765625,104831000,BBCA.JK,0.8417326890867419
2021-01-06,7050.0,7075.0,6880.0,6945.0,5845.83447265625,89753500,BBCA.JK,0.8417328254364651
2021-01-07,7000.0,7050.0,6910.0,6965.0,5862.66845703125,71360000,BBCA.JK,0.8417327289348528
2021-01-08,7035.0,7080.0,6975.0,7050.0,5934.21630859375,75033500,BBCA.JK,0.84173280972961
2021-01-11,7150.0,7360.0,7145.0,7345.0,6182.52734375,169034500,BBCA.JK,0.8417327901633764
2021-01-12,7345.0,7380.0,7160.0,7160.0,6026.8076171875,95235000,BBCA.JK,0.8417329074284218
2021-01-13,7245.0,7275.0,7070.0,7120.0,5993.1376953125,76581500,BBCA.JK,0.8417328223753511
2021-01-14,7050.0,7090.0,6995.0,7020.0,5908.96484375,89319500,BBCA.JK,0.8417328837250713
2021-01-15,7095.0,7100.0,6840.0,6955.0,5854.25146484375,89853500,BBCA.JK,0.8417327771162832
2021-01-18,6955.0,7125.0,6845.0,7120.0,5993.1376953125,86343000,BBCA.JK,0.8417328223753511
2021-01-19,7120.0,7120.0,7005.0,7095.0,5972.09375,73777000,BBCA.JK,0.8417327343199437
2021-01-20,7165.0,7295.0,7070.0,7095.0,5972.09375,107216000,BBCA.JK,0.8417327343199437
2021-01-21,7280.0,7300.0,7060.0,7075.0,5955.25927734375,66428000,BBCA.JK,0.8417327600485865
2021-01-22,7075.0,7160.0,7075.0,7080.0,5959.46826171875,80829000,BBCA.JK,0.841732805327507
2021-01-25,7200.0,7200.0,7000.0,7035.0,5921.58984375,76836500,BBCA.JK,0.8417327425373134
2021-01-26,6955.0,7000.0,6820.0,6820.0,5740.61767578125,98658000,BBCA.JK,0.8417327970353738
2021-01-27,6820.0,6930.0,6705.0,6790.0,5715.36572265625,97920000,BBCA.JK,0.8417328015694036
2021-01-28,6790.0,6925.0,6790.0,6900.0,5807.95654296875,104627000,BBCA.JK,0.8417328323143116
2021-01-29,6900.0,7000.0,6760.0,6760.0,5690.11376953125,132762500,BBCA.JK,0.8417328061436761
2021-02-01,6760.0,6920.0,6595.0,6820.0,5740.61767578125,113129000,BBCA.JK,0.8417327970353738
2021-02-02,6965.0,6980.0,6800.0,6800.0,5723.78271484375,86741000,BBCA.JK,0.8417327521829044
2021-02-03,7000.0,7000.0,6825.0,6825.0,5744.826171875,67291000,BBCA.JK,0.8417327724358974
2021-02-04,6920.0,7000.0,6835.0,6855.0,5770.078125,80950500,BBCA.JK,0.8417327680525164
2021-02-05,6870.0,6950.0,6855.0,6915.0,5820.58251953125,51602000,BBCA.JK,0.8417328300117498
2021-02-08,7050.0,7055.0,6880.0,6920.0,5824.791015625,45604000,BBCA.JK,0.841732805726156
2021-02-09,7000.0,7030.0,6955.0,6980.0,5875.294921875,75574000,BBCA.JK,0.8417327968302293
2021-02-10,7050.0,7050.0,6900.0,6920.0,5824.791015625,44984500,BBCA.JK,0.841732805726156
2021-02-11,6985.0,6985.0,6840.0,6880.0,5791.12158203125,36926000,BBCA.JK,0.8417327880859375
2021-02-15,6830.0,6890.0,6720.0,6800.0,5723.78271484375,83922000,BBCA.JK,0.8417327521829044
2021-02-16,6880.0,6945.0,6830.0,6940.0,5841.62548828125,47221000,BBCA.JK,0.8417327792912463
2021-02-17,6890.0,6960.0,6850.0,6900.0,5807.95654296875,66011500,BBCA.JK,0.8417328323143116
2021-02-18,6850.0,6900.0,6735.0,6735.0,5669.0693359375,91204000,BBCA.JK,0.8417326408221975
2021-02-19,6780.0,6850.0,6760.0,6825.0,5744.826171875,70487500,BBCA.JK,0.8417327724358974
2021-02-22,6900.0,6940.0,6790.0,6790.0,5715.36572265625,68913000,BBCA.JK,0.8417328015694036
2021-02-23,6820.0,6845.0,6775.0,6825.0,5744.826171875,58360000,BBCA.JK,0.8417327724358974
2021-02-24,6825.0,6835.0,6725.0,6725.0,5660.65283203125,71869000,BBCA.JK,0.8417327631273234
2021-02-25,6740.0,6770.0,6680.0,6705.0,5643.81787109375,78688000,BBCA.JK,0.8417327175382178
2021-02-26,6705.0,6810.0,6645.0,6710.0,5648.0263671875,173631500,BBCA.JK,0.8417326925763785
2021-03-01,6830.0,7045.0,6800.0,7045.0,5930.00732421875,205539000,BBCA.JK,0.8417327642610007
2021-03-02,7120.0,7160.0,7000.0,7015.0,5904.7568359375,81446500,BBCA.JK,0.8417329773253742
2021-03-03,7065.0,7085.0,7000.0,7000.0,5892.1298828125,84470000,BBCA.JK,0.8417328404017858
2021-03-04,6905.0,7000.0,6720.0,6720.0,5656.4443359375,120802500,BBCA.JK,0.8417327880859375
2021-03-05,6720.0,6925.0,6720.0,6800.0,5723.78271484375,111871500,BBCA.JK,0.8417327521829044
2021-03-08,6950.0,6950.0,6720.0,6720.0,5656.4443359375,90883000,BBCA.JK,0.8417327880859375
2021-03-09,6700.0,6715.0,6600.0,6605.0,5559.6455078125,135582000,BBCA.JK,0.8417328550813777
2021-03-10,6720.0,6720.0,6620.0,6705.0,5643.81787109375,50302000,BBCA.JK,0.8417327175382178
2021-03-12,6875.0,6880.0,6715.0,6765.0,5694.322265625,74328000,BBCA.JK,0.8417327813192904
2021-03-15,6815.0,6820.0,6665.0,6665.0,5610.14892578125,57416000,BBCA.JK,0.8417327720602026
2021-03-16,6710.0,6710.0,6620.0,6625.0,5576.4794921875,70755500,BBCA.JK,0.8417327535377358
2021-03-17,6650.0,6665.0,6605.0,6610.0,5563.85400390625,71474500,BBCA.JK,0.8417328296378593
2021-03-18,6620.0,6720.0,6610.0,6705.0,5643.81787109375,70067500,BBCA.JK,0.8417327175382178
2021-03-19,6770.0,6770.0,6625.0,6760.0,5690.11376953125,125853000,BBCA.JK,0.8417328061436761
2021-03-22,6640.0,6680.0,6610.0,6620.0,5572.271484375,67523500,BBCA.JK,0.8417328526246224
2021-03-23,6720.0,6720.0,6555.0,6565.0,5525.97509765625,127762500,BBCA.JK,0.8417326881426124
2021-03-24,6515.0,6550.0,6420.0,6440.0,5420.759765625,152050000,BBCA.JK,0.8417328828610249
2021-03-25,6400.0,6440.0,6330.0,6370.0,5361.83740234375,119101500,BBCA.JK,0.8417327162235086
2021-03-26,6370.0,6445.0,6300.0,6415.0,5399.71630859375,134467500,BBCA.JK,0.8417328618228761
2021-03-29,6410.0,6515.0,6360.0,6360.0,5353.4208984375,113370500,BBCA.JK,0.8417328456662736
2021-03-30,6370.0,6455.0,6370.0,6395.0,5382.88134765625,83115500,BBCA.JK,0.8417328143324864
2021-03-31,6390.0,6395.0,6145.0,6215.0,5231.369140625,223390500,BBCA.JK,0.8417327659895414
2021-04-01,6215.0,6270.0,6155.0,6225.0,5239.7861328125,112286000,BBCA.JK,0.8417327120983936
2021-04-05,6250.0,6290.0,6155.0,6155.0,5180.86572265625,73311500,BBCA.JK,0.8417328550213241
2021-04-06,6135.0,6170.0,6080.0,6165.0,5189.2822265625,80215000,BBCA.JK,0.8417327212591241
2021-04-07,6155.0,6275.0,6135.0,6250.0,5260.830078125,107908000,BBCA.JK,0.8417328125
2021-04-08,6200.0,6215.0,6125.0,6135.0,5236.4189453125,123697500,BBCA.JK,0.8535320204258354
2021-04-09,6315.0,6320.0,6145.0,6200.0,5291.8984375,116961000,BBCA.JK,0.8535320060483871
2021-04-12,6295.0,6295.0,6060.0,6065.0,5176.67138671875,110411500,BBCA.JK,0.8535319681316983
2021-04-13,6050.0,6060.0,5980.0,6000.0,5121.19189453125,119211500,BBCA.JK,0.853531982421875
2021-04-14,6105.0,6305.0,6060.0,6305.0,5381.51904296875,135519500,BBCA.JK,0.8535319655779143
2021-04-15,6305.0,6310.0,6180.0,6280.0,5360.1806640625,102686500,BBCA.JK,0.8535319528761943
2021-04-16,6370.0,6370.0,6215.0,6275.0,5355.91357421875,79293500,BBCA.JK,0.8535320437001992
2021-04-19,6275.0,6280.0,6230.0,6270.0,5351.6455078125,47095000,BBCA.JK,0.8535319789174641
2021-04-20,6200.0,6250.0,6185.0,6235.0,5321.77197265625,72721000,BBCA.JK,0.8535319924067762
2021-04-21,6200.0,6225.0,6165.0,6165.0,5262.0244140625,68397000,BBCA.JK,0.8535319406427413
2021-04-22,6200.0,6275.0,6180.0,6215.0,5304.70166015625,63758000,BBCA.JK,0.8535320450774336
2021-04-23,6280.0,6395.0,6225.0,6390.0,5454.06884765625,108498500,BBCA.JK,0.8535319010416667
2021-04-26,6395.0,6400.0,6280.0,6285.0,5364.4482421875,108742000,BBCA.JK,0.8535319398866349
2021-04-27,6370.0,6435.0,6355.0,6405.0,5466.87255859375,132650000,BBCA.JK,0.8535320153932474
2021-04-28,6400.0,6405.0,6315.0,6320.0,5394.32177734375,87660000,BBCA.JK,0.8535319267948972
2021-04-29,6460.0,6460.0,6360.0,6410.0,5471.14013671875,57355000,BBCA.JK,0.8535320026082294
2021-04-30,6450.0,6450.0,6380.0,6405.0,5466.87255859375,65829500,BBCA.JK,0.8535320153932474
2021-05-03,6480.0,6480.0,6345.0,6390.0,5454.06884765625,42065500,BBCA.JK,0.8535319010416667
2021-05-04,6350.0,6430.0,6340.0,6400.0,5462.60498046875,50123500,BBCA.JK,0.8535320281982421
2021-05-05,6420.0,6430.0,6400.0,6425.0,5483.9423828125,51685000,BBCA.JK,0.8535318883754864
2021-05-06,6400.0,6450.0,6400.0,6425.0,5483.9423828125,38115500,BBCA.JK,0.8535318883754864
2021-05-07,6460.0,6460.0,6385.0,6400.0,5462.60498046875,48864000,BBCA.JK,0.8535320281982421
2021-05-10,6400.0,6420.0,6395.0,6420.0,5479.6748046875,68180500,BBCA.JK,0.8535319010416667
2021-05-11,6400.0,6480.0,6305.0,6480.0,5530.8876953125,70680000,BBCA.JK,0.8535320517457562
2021-05-17,6500.0,6500.0,6375.0,6500.0,5547.95751953125,129058500,BBCA.JK,0.8535319260817308
2021-05-18,6400.0,6455.0,6365.0,6390.0,5454.06884765625,73563000,BBCA.JK,0.8535319010416667
2021-05-19,6380.0,6400.0,6335.0,6345.0,5415.66064453125,64912500,BBCA.JK,0.8535320164745863
2021-05-20,6390.0,6435.0,6350.0,6380.0,5445.5341796875,64950000,BBCA.JK,0.853532003085815
2021-05-21,6450.0,6450.0,6260.0,6360.0,5428.4638671875,92620000,BBCA.JK,0.8535320545892295
2021-05-24,6355.0,6380.0,6290.0,6325.0,5398.58984375,59210000,BBCA.JK,0.8535319911067194
2021-05-25,6300.0,6440.0,6300.0,6355.0,5424.19580078125,87470000,BBCA.JK,0.85353199068155
2021-05-27,6440.0,6480.0,6270.0,6270.0,5351.6455078125,537971500,BBCA.JK,0.8535319789174641
2021-05-28,6330.0,6370.0,6330.0,6340.0,5411.3935546875,102108500,BBCA.JK,0.8535321064175867
2021-05-31,6360.0,6390.0,6325.0,6375.0,5441.26611328125,101442000,BBCA.JK,0.8535319393382353
2021-06-02,6500.0,6515.0,6420.0,6465.0,5518.0849609375,141732500,BBCA.JK,0.8535320898588554
2021-06-03,6495.0,6600.0,6430.0,6600.0,5633.3115234375,133810500,BBCA.JK,0.8535320490056818
2021-06-04,6620.0,6620.0,6500.0,6580.0,5616.240234375,62108500,BBCA.JK,0.853531950512918
2021-06-07,6560.0,6570.0,6430.0,6530.0,5573.56298828125,62576000,BBCA.JK,0.8535318511916156
2021-06-08,6575.0,6575.0,6430.0,6430.0,5488.2109375,64348000,BBCA.JK,0.8535320276049767
2021-06-09,6360.0,6535.0,6360.0,6530.0,5573.56298828125,77198000,BBCA.JK,0.8535318511916156
2021-06-10,6555.0,6620.0,6490.0,6620.0,5650.38232421875,73262500,BBCA.JK,0.8535320731448263
2021-06-11,6570.0,6580.0,6460.0,6470.0,5522.35205078125,72780500,BBCA.JK,0.8535320016663447
2021-06-14,6520.0,6520.0,6400.0,6410.0,5471.14013671875,61478500,BBCA.JK,0.8535320026082294
2021-06-15,6445.0,6470.0,6405.0,6470.0,5522.35205078125,87799000,BBCA.JK,0.8535320016663447
2021-06-16,6420.0,6435.0,6360.0,6385.0,5449.80224609375,48984000,BBCA.JK,0.8535320667335552
2021-06-17,6390.0,6390.0,6275.0,6330.0,5402.85791015625,68448500,BBCA.JK,0.8535320553169431
2021-06-18,6300.0,6345.0,6280.0,6325.0,5398.58984375,118043000,BBCA.JK,0.8535319911067194
2021-06-21,6300.0,6300.0,6210.0,6250.0,5334.5751953125,60823500,BBCA.JK,0.85353203125
2021-06-22,6250.0,6390.0,6240.0,6340.0,5411.3935546875,65824000,BBCA.JK,0.8535321064175867
2021-06-23,6295.0,6340.0,6230.0,6230.0,5317.50390625,52451000,BBCA.JK,0.8535319271669342
2021-06-24,6310.0,6310.0,6200.0,6210.0,5300.43359375,56010000,BBCA.JK,0.8535319796698873
2021-06-25,6230.0,6260.0,6190.0,6190.0,5283.36328125,68939500,BBCA.JK,0.8535320325121163
2021-06-28,6100.0,6150.0,6055.0,6055.0,5168.13720703125,84420500,BBCA.JK,0.8535321564048307
2021-06-29,6050.0,6090.0,6040.0,6045.0,5159.60107421875,53704000,BBCA.JK,0.8535320222032672
2021-06-30,6000.0,6070.0,6000.0,6025.0,5142.52978515625,65795000,BBCA.JK,0.8535319145487552
2021-07-01,6060.0,6075.0,6000.0,6025.0,5142.52978515625,58153000,BBCA.JK,0.8535319145487552
2021-07-02,6070.0,6140.0,6040.0,6100.0,5206.54541015625,67392500,BBCA.JK,0.8535320344518442
2021-07-05,6100.0,6130.0,6070.0,6110.0,5215.0810546875,39710500,BBCA.JK,0.8535320875102291
2021-07-06,6110.0,6110.0,6055.0,6055.0,5168.13720703125,34279500,BBCA.JK,0.8535321564048307
2021-07-07,6180.0,6180.0,6030.0,6065.0,5176.67138671875,35595000,BBCA.JK,0.8535319681316983
2021-07-08,6000.0,6040.0,5980.0,6015.0,5133.99560546875,47297000,BBCA.JK,0.8535321039848296
2021-07-09,6010.0,6020.0,5990.0,6020.0,5138.26220703125,40707500,BBCA.JK,0.8535319280782807
2021-07-12,6070.0,6180.0,6020.0,6170.0,5266.2919921875,65981500,BBCA.JK,0.8535319274209886
2021-07-13,6170.0,6175.0,6015.0,6045.0,5159.60107421875,65946500,BBCA.JK,0.8535320222032672
2021-07-14,6020.0,6030.0,5980.0,5990.0,5112.65673828125,59321000,BBCA.JK,0.853532009729758
2021-07-15,6000.0,6115.0,5995.0,6115.0,5219.34814453125,49724000,BBCA.JK,0.8535319941997138
2021-07-16,6170.0,6170.0,6055.0,6110.0,5215.0810546875,47998500,BBCA.JK,0.8535320875102291
2021-07-19,6110.0,6110.0,6005.0,6005.0,5125.4599609375,47119000,BBCA.JK,0.853532050114488
2021-07-21,6050.0,6120.0,6010.0,6010.0,5129.72705078125,55009500,BBCA.JK,0.8535319552048669
2021-07-22,6115.0,6155.0,6050.0,6155.0,5253.48974609375,60792000,BBCA.JK,0.853532046481519
2021-07-23,6180.0,6190.0,6025.0,6035.0,5151.064453125,79938000,BBCA.JK,0.8535318066487159
2021-07-26,6040.0,6060.0,6005.0,6005.0,5125.4599609375,48171500,BBCA.JK,0.853532050114488
2021-07-27,6005.0,6060.0,6000.0,6005.0,5125.4599609375,53107500,BBCA.JK,0.853532050114488
2021-07-28,6005.0,6010.0,5970.0,5980.0,5104.12109375,74133000,BBCA.JK,0.8535319554765887
2021-07-29,6055.0,6085.0,5980.0,6040.0,5155.333984375,84605000,BBCA.JK,0.8535321166183775
2021-07-30,6040.0,6100.0,5960.0,5970.0,5095.58544921875,105685000,BBCA.JK,0.8535319010416667
2021-08-02,6060.0,6065.0,5905.0,5960.0,5087.05078125,119981500,BBCA.JK,0.8535320102768457
2021-08-03,6025.0,6180.0,5985.0,6145.0,5244.95361328125,110071500,BBCA.JK,0.8535319142849878
2021-08-04,6145.0,6150.0,6060.0,6120.0,5223.6162109375,41112000,BBCA.JK,0.8535320606107026
2021-08-05,6170.0,6310.0,6140.0,6300.0,5377.25146484375,93768000,BBCA.JK,0.853531978546627
2021-08-06,6360.0,6360.0,6135.0,6160.0,5257.75732421875,67285000,BBCA.JK,0.8535320331523945
2021-08-09,6135.0,6200.0,6105.0,6200.0,5291.8984375,52858500,BBCA.JK,0.8535320060483871
2021-08-10,6250.0,6300.0,6115.0,6300.0,5377.25146484375,60446000,BBCA.JK,0.853531978546627
2021-08-12,6120.0,6320.0,6120.0,6300.0,5377.25146484375,118325500,BBCA.JK,0.853531978546627
2021-08-13,6350.0,6435.0,6325.0,6410.0,5471.14013671875,86929000,BBCA.JK,0.8535320026082294
2021-08-16,6420.0,6420.0,6305.0,6420.0,5479.6748046875,69282000,BBCA.JK,0.8535319010416667
2021-08-18,6520.0,6760.0,6460.0,6600.0,5633.3115234375,186354500,BBCA.JK,0.8535320490056818
2021-08-19,6600.0,6600.0,6530.0,6600.0,5633.3115234375,100926000,BBCA.JK,0.8535320490056818
2021-08-20,6600.0,6600.0,6510.0,6600.0,5633.3115234375,120163500,BBCA.JK,0.8535320490056818
2021-08-23,6515.0,6590.0,6515.0,6590.0,5624.77587890625,68253000,BBCA.JK,0.8535319998340288
2021-08-24,6570.0,6600.0,6500.0,6600.0,5633.3115234375,59561500,BBCA.JK,0.8535320490056818
2021-08-25,6600.0,6605.0,6585.0,6600.0,5633.3115234375,80751500,BBCA.JK,0.8535320490056818
2021-08-26,6560.0,6580.0,6470.0,6560.0,5599.16943359375,74337000,BBCA.JK,0.8535319258527058
2021-08-27,6490.0,6530.0,6490.0,6510.0,5556.49365234375,71572500,BBCA.JK,0.8535320510512673
2021-08-30,6530.0,6580.0,6520.0,6565.0,5603.43701171875,74564500,BBCA.JK,0.853531913437738
2021-08-31,6520.0,6570.0,6515.0,6550.0,5590.63427734375,115373500,BBCA.JK,0.8535319507395038
2021-09-01,6550.0,6600.0,6535.0,6565.0,5603.43701171875,67362500,BBCA.JK,0.853531913437738
2021-09-02,6525.0,6575.0,6455.0,6540.0,5582.099609375,53257000,BBCA.JK,0.8535320503631498
2021-09-03,6560.0,6600.0,6515.0,6600.0,5633.3115234375,35764500,BBCA.JK,0.8535320490056818
2021-09-06,6600.0,6605.0,6550.0,6575.0,5611.97265625,36780000,BBCA.JK,0.8535319629277567
2021-09-07,6595.0,6605.0,6570.0,6570.0,5607.705078125,53902000,BBCA.JK,0.8535319753614916
2021-09-08,6550.0,6595.0,6420.0,6440.0,5496.74609375,77888000,BBCA.JK,0.8535320021350932
2021-09-09,6410.0,6570.0,6410.0,6570.0,5607.705078125,110074000,BBCA.JK,0.8535319753614916
2021-09-10,6495.0,6565.0,6495.0,6520.0,5565.02880859375,41483500,BBCA.JK,0.8535320258579371
2021-09-13,6560.0,6560.0,6525.0,6555.0,5594.90234375,29929000,BBCA.JK,0.8535320127765065
2021-09-14,6590.0,6595.0,6495.0,6545.0,5586.36669921875,51990500,BBCA.JK,0.8535319632114209
2021-09-15,6545.0,6550.0,6485.0,6495.0,5543.6904296875,44514000,BBCA.JK,0.853532013808699
2021-09-16,6580.0,6580.0,6480.0,6500.0,5547.95751953125,58672500,BBCA.JK,0.8535319260817308
2021-09-17,6490.0,6535.0,6480.0,6520.0,5565.02880859375,117540000,BBCA.JK,0.8535320258579371
2021-09-20,6570.0,6590.0,6510.0,6585.0,5620.50830078125,73157500,BBCA.JK,0.8535320122674639
2021-09-21,6510.0,6535.0,6470.0,6490.0,5539.42333984375,57115500,BBCA.JK,0.8535321016708397
2021-09-22,6500.0,6580.0,6500.0,6555.0,5594.90234375,68722000,BBCA.JK,0.8535320127765065
2021-09-23,6555.0,6590.0,6545.0,6580.0,5616.240234375,60998500,BBCA.JK,0.853531950512918
2021-09-24,6500.0,6585.0,6500.0,6585.0,5620.50830078125,60539500,BBCA.JK,0.8535320122674639
2021-09-27,6585.0,6595.0,6555.0,6580.0,5616.240234375,55052500,BBCA.JK,0.853531950512918
2021-09-28,6540.0,6560.0,6500.0,6520.0,5565.02880859375,80186000,BBCA.JK,0.8535320258579371
2021-09-29,6520.0,6580.0,6515.0,6580.0,5616.240234375,74079000,BBCA.JK,0.853531950512918
2021-09-30,6600.0,7000.0,6595.0,7000.0,5974.724609375,156848000,BBCA.JK,0.8535320870535714
2021-10-01,6900.0,6900.0,6710.0,6760.0,5769.87646484375,103954500,BBCA.JK,0.8535320214265902
2021-10-04,6740.0,6960.0,6740.0,6960.0,5940.5830078125,74719000,BBCA.JK,0.8535320413523707
2021-10-05,6910.0,6945.0,6860.0,6945.0,5927.77978515625,54986500,BBCA.JK,0.8535320065019798
2021-10-06,6980.0,7180.0,6970.0,7180.0,6128.35986328125,174312000,BBCA.JK,0.8535320143845752
2021-10-07,7175.0,7175.0,7080.0,7160.0,6111.2900390625,107263500,BBCA.JK,0.8535321283606844
2021-10-08,7200.0,7300.0,7175.0,7290.0,6222.248046875,94643500,BBCA.JK,0.853531968021262
2021-10-11,7240.0,7290.0,7230.0,7255.0,6192.37548828125,47201000,BBCA.JK,0.8535321141669538
2021-10-12,7255.0,7320.0,7245.0,7320.0,6247.8544921875,91067000,BBCA.JK,0.8535320344518442
2021-10-13,7400.0,8250.0,7400.0,7525.0,6422.82763671875,210893300,BBCA.JK,0.8535319118563123
2021-10-14,7600.0,7900.0,7600.0,7750.0,6614.873046875,138811900,BBCA.JK,0.8535320060483871
2021-10-15,7800.0,7875.0,7450.0,7650.0,6529.52001953125,142378200,BBCA.JK,0.8535320286968954
2021-10-18,7650.0,7675.0,7475.0,7525.0,6422.82763671875,116644300,BBCA.JK,0.8535319118563123
2021-10-19,7475.0,7525.0,7350.0,7500.0,6401.49072265625,134601200,BBCA.JK,0.8535320963541667
2021-10-21,7500.0,7550.0,7350.0,7400.0,6316.13671875,106120100,BBCA.JK,0.8535319890202703
2021-10-22,7450.0,7550.0,7425.0,7525.0,6422.82763671875,96730700,BBCA.JK,0.8535319118563123
2021-10-25,7400.0,7525.0,7400.0,7525.0,6422.82763671875,60329800,BBCA.JK,0.8535319118563123
2021-10-26,7600.0,7600.0,7500.0,7525.0,6422.82763671875,70103000,BBCA.JK,0.8535319118563123
2021-10-27,7575.0,7575.0,7425.0,7450.0,6358.81396484375,57067000,BBCA.JK,0.853532075817953
2021-10-28,7350.0,7425.0,7350.0,7375.0,6294.798828125,75271900,BBCA.JK,0.8535320444915254
2021-10-29,7450.0,7475.0,7375.0,7475.0,6380.1513671875,60639200,BBCA.JK,0.8535319554765887
2021-11-01,7550.0,7550.0,7400.0,7400.0,6316.13671875,38593400,BBCA.JK,0.8535319890202703
2021-11-02,7375.0,7425.0,7250.0,7300.0,6230.78369140625,90535400,BBCA.JK,0.8535320125214041
2021-11-03,7300.0,7400.0,7250.0,7350.0,6273.46044921875,61621500,BBCA.JK,0.8535320339073129
2021-11-04,7425.0,7475.0,7375.0,7375.0,6294.798828125,61081400,BBCA.JK,0.8535320444915254
2021-11-05,7475.0,7475.0,7375.0,7450.0,6358.81396484375,43120400,BBCA.JK,0.853532075817953
2021-11-08,7500.0,7600.0,7450.0,7575.0,6465.5048828125,85441700,BBCA.JK,0.8535319977310231
2021-11-09,7600.0,7675.0,7575.0,7675.0,6550.85791015625,101785800,BBCA.JK,0.853531975264658
2021-11-10,7675.0,7675.0,7575.0,7650.0,6529.52001953125,47503900,BBCA.JK,0.8535320286968954
2021-11-11,7700.0,7750.0,7600.0,7675.0,6550.85791015625,55790000,BBCA.JK,0.853531975264658
2021-11-12,7750.0,7750.0,7525.0,7525.0,6422.82763671875,52590100,BBCA.JK,0.8535319118563123
2021-11-15,7625.0,7625.0,7500.0,7500.0,6401.49072265625,67344200,BBCA.JK,0.8535320963541667
2021-11-16,7400.0,7475.0,7325.0,7475.0,6380.1513671875,98616900,BBCA.JK,0.8535319554765887
2021-11-17,7500.0,7575.0,7425.0,7575.0,6487.201171875,61968100,BBCA.JK,0.8563961943069307
2021-11-18,7425.0,7500.0,7400.0,7400.0,6337.33154296875,78839600,BBCA.JK,0.8563961544552365
2021-11-19,7425.0,7450.0,7375.0,7425.0,6358.7421875,68203700,BBCA.JK,0.8563962542087542
2021-11-22,7425.0,7525.0,7400.0,7475.0,6401.56103515625,66328300,BBCA.JK,0.856396125104515
2021-11-23,7400.0,7500.0,7400.0,7475.0,6401.56103515625,43477500,BBCA.JK,0.856396125104515
2021-11-24,7575.0,7575.0,7425.0,7475.0,6401.56103515625,35181400,BBCA.JK,0.856396125104515
2021-11-25,7450.0,7525.0,7425.0,7425.0,6358.7421875,40216100,BBCA.JK,0.8563962542087542
2021-11-26,7400.0,7450.0,7250.0,7275.0,6230.2822265625,113288400,BBCA.JK,0.8563961823453609
2021-11-29,7275.0,7425.0,7175.0,7400.0,6337.33154296875,87907900,BBCA.JK,0.8563961544552365
2021-11-30,7325.0,7425.0,7275.0,7275.0,6230.2822265625,144923700,BBCA.JK,0.8563961823453609
2021-12-01,7275.0,7450.0,7275.0,7300.0,6251.6923828125,76538100,BBCA.JK,0.8563962168236301
2021-12-02,7375.0,7500.0,7300.0,7500.0,6422.9716796875,66831000,BBCA.JK,0.8563962239583334
2021-12-03,7525.0,7525.0,7350.0,7375.0,6315.921875,63283700,BBCA.JK,0.8563961864406779
2021-12-06,7450.0,7475.0,7350.0,7350.0,6294.51220703125,56944100,BBCA.JK,0.8563962186437075
2021-12-07,7450.0,7475.0,7350.0,7350.0,6294.51220703125,51258200,BBCA.JK,0.8563962186437075
2021-12-08,7450.0,7475.0,7400.0,7425.0,6358.7421875,74775000,BBCA.JK,0.8563962542087542
2021-12-09,7400.0,7450.0,7350.0,7350.0,6294.51220703125,54886400,BBCA.JK,0.8563962186437075
2021-12-10,7325.0,7375.0,7275.0,7375.0,6315.921875,91092400,BBCA.JK,0.8563961864406779
2021-12-13,7375.0,7400.0,7300.0,7300.0,6251.6923828125,59977100,BBCA.JK,0.8563962168236301
2021-12-14,7300.0,7375.0,7275.0,7300.0,6251.6923828125,49763600,BBCA.JK,0.8563962168236301
2021-12-15,7300.0,7375.0,7275.0,7300.0,6251.6923828125,52477600,BBCA.JK,0.8563962168236301
2021-12-16,7375.0,7400.0,7275.0,7275.0,6230.2822265625,95171400,BBCA.JK,0.8563961823453609
2021-12-17,7325.0,7500.0,7300.0,7500.0,6422.9716796875,107096800,BBCA.JK,0.8563962239583334
2021-12-20,7350.0,7400.0,7325.0,7375.0,6315.921875,74753000,BBCA.JK,0.8563961864406779
2021-12-21,7325.0,7400.0,7325.0,7375.0,6315.921875,52386100,BBCA.JK,0.8563961864406779
2021-12-22,7425.0,7425.0,7325.0,7325.0,6273.10205078125,33232000,BBCA.JK,0.8563961844069966
2021-12-23,7325.0,7350.0,7300.0,7300.0,6251.6923828125,37136400,BBCA.JK,0.8563962168236301
2021-12-24,7300.0,7350.0,7300.0,7300.0,6251.6923828125,30802100,BBCA.JK,0.8563962168236301
2021-12-27,7300.0,7350.0,7300.0,7350.0,6294.51220703125,20722100,BBCA.JK,0.8563962186437075
2021-12-28,7375.0,7400.0,7325.0,7350.0,6294.51220703125,39343800,BBCA.JK,0.8563962186437075
2021-12-29,7350.0,7375.0,7300.0,7300.0,6251.6923828125,42079500,BBCA.JK,0.8563962168236301
2021-12-30,7350.0,7350.0,7300.0,7300.0,6251.6923828125,49954700,BBCA.JK,0.8563962168236301
2022-01-03,7325.0,7400.0,7300.0,7325.0,6273.10205078125,54287400,BBCA.JK,0.8563961844069966
2022-01-04,7325.0,7450.0,7325.0,7400.0,6337.33154296875,70624000,BBCA.JK,0.8563961544552365
2022-01-05,7450.0,7525.0,7375.0,7450.0,6380.15185546875,76164900,BBCA.JK,0.8563962222105704
2022-01-06,7500.0,7525.0,7425.0,7475.0,6401.56103515625,63657100,BBCA.JK,0.856396125104515
2022-01-07,7550.0,7700.0,7500.0,7650.0,6551.4306640625,143433300,BBCA.JK,0.8563961652369281
2022-01-10,7575.0,7650.0,7550.0,7600.0,6508.61083984375,45351900,BBCA.JK,0.8563961631373356
2022-01-11,7650.0,7700.0,7625.0,7700.0,6594.25048828125,110334600,BBCA.JK,0.8563961673092533
2022-01-12,7700.0,7700.0,7650.0,7700.0,6594.25048828125,62606000,BBCA.JK,0.8563961673092533
2022-01-13,7700.0,7750.0,7650.0,7700.0,6594.25048828125,50025200,BBCA.JK,0.8563961673092533
2022-01-14,7700.0,7850.0,7650.0,7850.0,6722.71044921875,65898700,BBCA.JK,0.8563962355692675
2022-01-17,7900.0,7900.0,7700.0,7750.0,6637.07080078125,63902600,BBCA.JK,0.856396232358871
2022-01-18,7775.0,7775.0,7550.0,7675.0,6572.8408203125,71476300,BBCA.JK,0.8563961980863192
2022-01-19,7650.0,7725.0,7575.0,7675.0,6572.8408203125,60389700,BBCA.JK,0.8563961980863192
2022-01-20,7725.0,7775.0,7625.0,7775.0,6658.48046875,59925500,BBCA.JK,0.8563962017684887
2022-01-21,7775.0,7950.0,7700.0,7950.0,6808.34912109375,63370500,BBCA.JK,0.8563961158608491
2022-01-24,7825.0,7850.0,7775.0,7800.0,6679.89013671875,40278300,BBCA.JK,0.8563961713741988
2022-01-25,7675.0,7775.0,7625.0,7775.0,6658.48046875,106796900,BBCA.JK,0.8563962017684887
2022-01-26,7700.0,7750.0,7650.0,7700.0,6594.25048828125,53350200,BBCA.JK,0.8563961673092533
2022-01-27,7625.0,7800.0,7625.0,7800.0,6679.89013671875,71945100,BBCA.JK,0.8563961713741988
2022-01-28,7800.0,7825.0,7700.0,7775.0,6658.48046875,70595000,BBCA.JK,0.8563962017684887
2022-01-31,7775.0,7775.0,7625.0,7625.0,6530.02099609375,68122000,BBCA.JK,0.8563961962090164
2022-02-02,7775.0,7800.0,7675.0,7800.0,6679.89013671875,65308100,BBCA.JK,0.8563961713741988
2022-02-03,7800.0,7825.0,7700.0,7725.0,6615.66064453125,35100600,BBCA.JK,0.8563961999393204
2022-02-04,7750.0,7800.0,7700.0,7725.0,6615.66064453125,39324700,BBCA.JK,0.8563961999393204
2022-02-07,7775.0,7800.0,7700.0,7800.0,6679.89013671875,56813200,BBCA.JK,0.8563961713741988
2022-02-08,7750.0,7850.0,7725.0,7725.0,6615.66064453125,61883100,BBCA.JK,0.8563961999393204
2022-02-09,7850.0,7950.0,7800.0,7950.0,6808.34912109375,108922200,BBCA.JK,0.8563961158608491
2022-02-10,7950.0,7950.0,7750.0,7750.0,6637.07080078125,93277000,BBCA.JK,0.856396232358871
2022-02-11,7675.0,7825.0,7650.0,7825.0,6701.2998046875,71968800,BBCA.JK,0.8563961411741214
2022-02-14,7750.0,7775.0,7700.0,7700.0,6594.25048828125,57710700,BBCA.JK,0.8563961673092533
2022-02-15,7750.0,7875.0,7725.0,7875.0,6744.11962890625,55617000,BBCA.JK,0.8563961433531746
2022-02-16,7850.0,7975.0,7825.0,7975.0,6829.75927734375,77055100,BBCA.JK,0.8563961476293104
2022-02-17,7850.0,7925.0,7800.0,7900.0,6765.52978515625,48704600,BBCA.JK,0.8563961753362341
2022-02-18,7950.0,7950.0,7850.0,7925.0,6786.93994140625,56813400,BBCA.JK,0.8563962071175079
2022-02-21,7925.0,7975.0,7900.0,7950.0,6808.34912109375,43821700,BBCA.JK,0.8563961158608491
2022-02-22,7900.0,7950.0,7850.0,7900.0,6765.52978515625,80095500,BBCA.JK,0.8563961753362341
2022-02-23,7900.0,8100.0,7875.0,8050.0,6893.9892578125,99240300,BBCA.JK,0.8563961810947205
2022-02-24,8125.0,8150.0,7925.0,8000.0,6851.16943359375,124947700,BBCA.JK,0.8563961791992187
2022-02-25,7950.0,8175.0,7925.0,8050.0,6893.9892578125,135899900,BBCA.JK,0.8563961810947205
2022-03-01,8000.0,8175.0,8000.0,8050.0,6893.9892578125,136616800,BBCA.JK,0.8563961810947205
2022-03-02,8225.0,8225.0,7975.0,7975.0,6829.75927734375,100301000,BBCA.JK,0.8563961476293104
2022-03-04,7975.0,8025.0,7900.0,7900.0,6765.52978515625,132983400,BBCA.JK,0.8563961753362341
2022-03-07,7800.0,7850.0,7700.0,7700.0,6594.25048828125,130990900,BBCA.JK,0.8563961673092533
2022-03-08,7700.0,7850.0,7650.0,7650.0,6551.4306640625,119256500,BBCA.JK,0.8563961652369281
2022-03-09,7700.0,7950.0,7650.0,7850.0,6722.71044921875,132814500,BBCA.JK,0.8563962355692675
2022-03-10,7925.0,7975.0,7800.0,7925.0,6786.93994140625,86484000,BBCA.JK,0.8563962071175079
2022-03-11,7725.0,7950.0,7725.0,7950.0,6808.34912109375,61053900,BBCA.JK,0.8563961158608491
2022-03-14,8050.0,8100.0,7950.0,8075.0,6915.400390625,78432100,BBCA.JK,0.8563963332043344
2022-03-15,8150.0,8200.0,8075.0,8150.0,6979.62939453125,111214500,BBCA.JK,0.8563962447277608
2022-03-16,8275.0,8275.0,8075.0,8200.0,7022.44921875,149761300,BBCA.JK,0.8563962461890244
2022-03-17,8300.0,8300.0,8000.0,8000.0,6851.16943359375,132439400,BBCA.JK,0.8563961791992187
2022-03-18,8000.0,8100.0,7900.0,7900.0,6765.52978515625,143981700,BBCA.JK,0.8563961753362341
2022-03-21,7800.0,7950.0,7800.0,7900.0,6765.52978515625,85485500,BBCA.JK,0.8563961753362341
2022-03-22,7900.0,7950.0,7875.0,7925.0,6786.93994140625,60010900,BBCA.JK,0.8563962071175079
2022-03-23,7925.0,7950.0,7825.0,7900.0,6765.52978515625,82208000,BBCA.JK,0.8563961753362341
2022-03-24,7850.0,7950.0,7800.0,7925.0,6786.93994140625,95245100,BBCA.JK,0.8563962071175079
2022-03-25,7900.0,7950.0,7900.0,7950.0,6808.34912109375,85101200,BBCA.JK,0.8563961158608491
2022-03-28,7825.0,7900.0,7800.0,7900.0,6869.21630859375,83911500,BBCA.JK,0.8695210517207278
2022-03-29,7875.0,7900.0,7825.0,7850.0,6825.740234375,62180600,BBCA.JK,0.8695210489649682
2022-03-30,7900.0,7900.0,7825.0,7875.0,6847.47802734375,71430600,BBCA.JK,0.8695210193452381
2022-03-31,7925.0,8000.0,7875.0,7975.0,6934.4296875,112691900,BBCA.JK,0.8695209639498432
2022-04-01,8075.0,8075.0,7850.0,7925.0,6890.9541015625,105575400,BBCA.JK,0.8695210222791798
2022-04-04,7925.0,7925.0,7825.0,7900.0,6869.21630859375,57321200,BBCA.JK,0.8695210517207278
2022-04-05,7900.0,7900.0,7850.0,7900.0,6869.21630859375,48528300,BBCA.JK,0.8695210517207278
2022-04-06,7825.0,7850.0,7750.0,7750.0,6738.78857421875,119263000,BBCA.JK,0.8695211063508065
2022-04-07,7725.0,7825.0,7700.0,7750.0,6738.78857421875,68619400,BBCA.JK,0.8695211063508065
2022-04-08,7800.0,7875.0,7775.0,7850.0,6825.740234375,69791600,BBCA.JK,0.8695210489649682
2022-04-11,7825.0,7875.0,7725.0,7725.0,6717.05029296875,62776200,BBCA.JK,0.8695210735234628
2022-04-12,7725.0,7800.0,7700.0,7800.0,6782.263671875,73471300,BBCA.JK,0.869520983573718
2022-04-13,7800.0,7850.0,7750.0,7800.0,6782.263671875,57622100,BBCA.JK,0.869520983573718
2022-04-14,7800.0,7800.0,7700.0,7700.0,6695.31201171875,93342900,BBCA.JK,0.8695210404829545
2022-04-18,7700.0,7725.0,7625.0,7700.0,6695.31201171875,68464700,BBCA.JK,0.8695210404829545
2022-04-19,7700.0,7700.0,7625.0,7625.0,6630.09765625,98632000,BBCA.JK,0.8695210040983606
2022-04-20,7725.0,7725.0,7625.0,7650.0,6651.8359375,124388800,BBCA.JK,0.8695210375816993
2022-04-21,7800.0,7925.0,7750.0,7925.0,6890.9541015625,129323400,BBCA.JK,0.8695210222791798
2022-04-22,7850.0,7925.0,7800.0,7875.0,6847.47802734375,85956100,BBCA.JK,0.8695210193452381
2022-04-25,7875.0,8000.0,7825.0,8000.0,6956.16845703125,91279600,BBCA.JK,0.8695210571289063
2022-04-26,7925.0,8125.0,7925.0,8125.0,7064.85791015625,128360900,BBCA.JK,0.8695209735576923
2022-04-27,8075.0,8200.0,8075.0,8200.0,7130.0732421875,89463100,BBCA.JK,0.8695211270960366
2022-04-28,8250.0,8250.0,8075.0,8125.0,7064.85791015625,133730600,BBCA.JK,0.8695209735576923
2022-05-09,7875.0,7900.0,7600.0,7600.0,6608.35986328125,456796600,BBCA.JK,0.8695210346422697
2022-05-10,7250.0,7600.0,7250.0,7525.0,6543.1455078125,268445700,BBCA.JK,0.8695209977159468
2022-05-11,7525.0,7700.0,7450.0,7650.0,6651.8359375,156535200,BBCA.JK,0.8695210375816993
2022-05-12,7525.0,7550.0,7275.0,7275.0,6325.76513671875,240529600,BBCA.JK,0.869520980992268
2022-05-13,7250.0,7475.0,7250.0,7325.0,6369.2412109375,212968600,BBCA.JK,0.8695209844283276
2022-05-17,7275.0,7475.0,7275.0,7400.0,6434.455078125,159657600,BBCA.JK,0.8695209565033784
2022-05-18,7500.0,7575.0,7375.0,7575.0,6586.6220703125,153514300,BBCA.JK,0.8695210653877887
2022-05-19,7400.0,7475.0,7375.0,7450.0,6477.931640625,140908900,BBCA.JK,0.8695210255872483
2022-05-20,7425.0,7475.0,7400.0,7400.0,6434.455078125,86520200,BBCA.JK,0.8695209565033784
2022-05-23,7450.0,7475.0,7350.0,7375.0,6412.7177734375,71603500,BBCA.JK,0.8695210540254237
2022-05-24,7325.0,7475.0,7325.0,7350.0,6390.97998046875,108710800,BBCA.JK,0.8695210857780612
2022-05-25,7400.0,7450.0,7350.0,7375.0,6412.7177734375,76747400,BBCA.JK,0.8695210540254237
2022-05-27,7525.0,7575.0,7475.0,7575.0,6586.6220703125,84336900,BBCA.JK,0.8695210653877887
2022-05-30,7575.0,7600.0,7475.0,7575.0,6586.6220703125,105411400,BBCA.JK,0.8695210653877887
2022-05-31,7600.0,7750.0,7525.0,7750.0,6738.78857421875,286292700,BBCA.JK,0.8695211063508065
2022-06-02,7625.0,7675.0,7525.0,7575.0,6586.6220703125,149226300,BBCA.JK,0.8695210653877887
2022-06-03,7600.0,7675.0,7575.0,7600.0,6608.35986328125,80563100,BBCA.JK,0.8695210346422697
2022-06-06,7550.0,7575.0,7425.0,7450.0,6477.931640625,81140300,BBCA.JK,0.8695210255872483
2022-06-07,7300.0,7475.0,7300.0,7375.0,6412.7177734375,129242500,BBCA.JK,0.8695210540254237
2022-06-08,7500.0,7600.0,7425.0,7600.0,6608.35986328125,108910500,BBCA.JK,0.8695210346422697
2022-06-09,7500.0,7575.0,7500.0,7500.0,6521.408203125,107828300,BBCA.JK,0.86952109375
2022-06-10,7400.0,7450.0,7350.0,7350.0,6390.97998046875,111768600,BBCA.JK,0.8695210857780612
2022-06-13,7300.0,7400.0,7275.0,7350.0,6390.97998046875,85539500,BBCA.JK,0.8695210857780612
2022-06-14,7300.0,7400.0,7250.0,7400.0,6434.455078125,80865100,BBCA.JK,0.8695209565033784
2022-06-15,7300.0,7375.0,7300.0,7325.0,6369.2412109375,130367100,BBCA.JK,0.8695209844283276
2022-06-16,7400.0,7600.0,7375.0,7575.0,6586.6220703125,132666300,BBCA.JK,0.8695210653877887
2022-06-17,7425.0,7550.0,7425.0,7500.0,6521.408203125,117839400,BBCA.JK,0.86952109375
2022-06-20,7600.0,7650.0,7500.0,7625.0,6630.09765625,88138700,BBCA.JK,0.8695210040983606
2022-06-21,7600.0,7650.0,7550.0,7650.0,6651.8359375,44295700,BBCA.JK,0.8695210375816993
2022-06-22,7625.0,7650.0,7500.0,7500.0,6521.408203125,53041800,BBCA.JK,0.86952109375
2022-06-23,7450.0,7575.0,7450.0,7525.0,6543.1455078125,60443000,BBCA.JK,0.8695209977159468
2022-06-24,7600.0,7600.0,7475.0,7475.0,6499.669921875,57956600,BBCA.JK,0.8695210597826087
2022-06-27,7475.0,7500.0,7350.0,7350.0,6390.97998046875,76354100,BBCA.JK,0.8695210857780612
2022-06-28,7300.0,7400.0,7300.0,7300.0,6347.50390625,146078100,BBCA.JK,0.8695210830479452
2022-06-29,7325.0,7400.0,7275.0,7275.0,6325.76513671875,98517800,BBCA.JK,0.869520980992268
2022-06-30,7300.0,7400.0,7250.0,7250.0,6304.02734375,101343900,BBCA.JK,0.8695210129310345
2022-07-01,7300.0,7325.0,7250.0,7250.0,6304.02734375,68738800,BBCA.JK,0.8695210129310345
2022-07-04,7250.0,7275.0,7000.0,7050.0,6130.12353515625,102238600,BBCA.JK,0.8695210688164894
2022-07-05,7100.0,7325.0,7100.0,7250.0,6304.02734375,69172900,BBCA.JK,0.8695210129310345
2022-07-06,7300.0,7325.0,7175.0,7300.0,6347.50390625,66801100,BBCA.JK,0.8695210830479452
2022-07-07,7225.0,7250.0,7100.0,7100.0,6173.599609375,86126800,BBCA.JK,0.8695210717429578
2022-07-08,7125.0,7175.0,7075.0,7150.0,6217.076171875,64312400,BBCA.JK,0.8695211429195804
2022-07-11,7200.0,7200.0,7125.0,7125.0,6195.3369140625,36830800,BBCA.JK,0.8695209703947369
2022-07-12,7175.0,7250.0,7150.0,7175.0,6238.814453125,34269000,BBCA.JK,0.8695211781358885
2022-07-13,7100.0,7125.0,7000.0,7000.0,6086.64794921875,71988200,BBCA.JK,0.8695211356026785
2022-07-14,7025.0,7100.0,7000.0,7025.0,6108.384765625,83316300,BBCA.JK,0.8695209630782919
2022-07-15,7100.0,7100.0,7000.0,7000.0,6086.64794921875,57419900,BBCA.JK,0.8695211356026785
2022-07-18,7025.0,7150.0,7025.0,7150.0,6217.076171875,60077700,BBCA.JK,0.8695211429195804
2022-07-19,7100.0,7175.0,7100.0,7175.0,6238.814453125,59641000,BBCA.JK,0.8695211781358885
2022-07-20,7200.0,7400.0,7175.0,7400.0,6434.455078125,105792900,BBCA.JK,0.8695209565033784
2022-07-21,7400.0,7400.0,7250.0,7400.0,6434.455078125,64337100,BBCA.JK,0.8695209565033784
2022-07-22,7400.0,7400.0,7300.0,7325.0,6369.2412109375,38956500,BBCA.JK,0.8695209844283276
2022-07-25,7350.0,7375.0,7300.0,7300.0,6347.50390625,31247600,BBCA.JK,0.8695210830479452
2022-07-26,7250.0,7375.0,7250.0,7300.0,6347.50390625,44379900,BBCA.JK,0.8695210830479452
2022-07-27,7325.0,7350.0,7275.0,7325.0,6369.2412109375,58465500,BBCA.JK,0.8695209844283276
2022-07-28,7375.0,7450.0,7325.0,7350.0,6390.97998046875,86909700,BBCA.JK,0.8695210857780612
2022-07-29,7400.0,7475.0,7350.0,7350.0,6390.97998046875,131553000,BBCA.JK,0.8695210857780612
2022-08-01,7350.0,7500.0,7350.0,7500.0,6521.408203125,104841600,BBCA.JK,0.86952109375
2022-08-02,7600.0,7625.0,7500.0,7600.0,6608.35986328125,106466900,BBCA.JK,0.8695210346422697
2022-08-03,7625.0,7625.0,7575.0,7625.0,6630.09765625,60170600,BBCA.JK,0.8695210040983606
2022-08-04,7675.0,7800.0,7650.0,7800.0,6782.263671875,164221000,BBCA.JK,0.869520983573718
2022-08-05,7825.0,7875.0,7725.0,7875.0,6847.47802734375,118734200,BBCA.JK,0.8695210193452381
2022-08-08,7875.0,7925.0,7750.0,7875.0,6847.47802734375,84328900,BBCA.JK,0.8695210193452381
2022-08-09,7875.0,7975.0,7875.0,7900.0,6869.21630859375,92875800,BBCA.JK,0.8695210517207278
2022-08-10,7800.0,7900.0,7725.0,7900.0,6869.21630859375,104376300,BBCA.JK,0.8695210517207278
2022-08-11,7850.0,7950.0,7825.0,7950.0,6912.69140625,73204700,BBCA.JK,0.8695209316037736
2022-08-12,7925.0,7975.0,7850.0,7925.0,6890.9541015625,59381200,BBCA.JK,0.8695210222791798
2022-08-15,7950.0,7975.0,7900.0,7950.0,6912.69140625,81411000,BBCA.JK,0.8695209316037736
2022-08-16,7950.0,7975.0,7850.0,7975.0,6934.4296875,83556700,BBCA.JK,0.8695209639498432
2022-08-18,7900.0,8025.0,7875.0,8000.0,6956.16845703125,86136900,BBCA.JK,0.8695210571289063
2022-08-19,8050.0,8050.0,7900.0,7900.0,6869.21630859375,58194900,BBCA.JK,0.8695210517207278
2022-08-22,7850.0,8000.0,7825.0,8000.0,6956.16845703125,97293300,BBCA.JK,0.8695210571289063
2022-08-23,8000.0,8000.0,7900.0,7900.0,6869.21630859375,71671800,BBCA.JK,0.8695210517207278
2022-08-24,7950.0,8025.0,7900.0,7950.0,6912.69140625,108892400,BBCA.JK,0.8695209316037736
2022-08-25,8000.0,8100.0,7900.0,8075.0,7021.3828125,99503500,BBCA.JK,0.8695210913312693
2022-08-26,8025.0,8125.0,8000.0,8000.0,6956.16845703125,80472400,BBCA.JK,0.8695210571289063
2022-08-29,8000.0,8150.0,7950.0,8150.0,7086.5966796875,57762100,BBCA.JK,0.8695210649923313
2022-08-30,8100.0,8275.0,8075.0,8175.0,7108.33447265625,124467000,BBCA.JK,0.8695210364105505
2022-08-31,8075.0,8225.0,8050.0,8200.0,7130.0732421875,137659900,BBCA.JK,0.8695211270960366
2022-09-01,8150.0,8250.0,8125.0,8150.0,7086.5966796875,74960800,BBCA.JK,0.8695210649923313
2022-09-02,8150.0,8225.0,8150.0,8225.0,7151.8115234375,71430600,BBCA.JK,0.8695211578647416
2022-09-05,8225.0,8300.0,8200.0,8275.0,7195.28662109375,62906000,BBCA.JK,0.8695210418240181
2022-09-06,8300.0,8350.0,8250.0,8275.0,7195.28662109375,67079900,BBCA.JK,0.8695210418240181
2022-09-07,8250.0,8375.0,8250.0,8375.0,7282.23828125,117931700,BBCA.JK,0.8695209888059702
2022-09-08,8400.0,8500.0,8350.0,8350.0,7260.5009765625,132777400,BBCA.JK,0.8695210750374252
2022-09-09,8500.0,8500.0,8275.0,8375.0,7282.23828125,91234600,BBCA.JK,0.8695209888059702
2022-09-12,8325.0,8425.0,8325.0,8375.0,7282.23828125,52395300,BBCA.JK,0.8695209888059702
2022-09-13,8375.0,8575.0,8375.0,8525.0,7412.6669921875,124485200,BBCA.JK,0.8695210548020528
2022-09-14,8375.0,8650.0,8375.0,8500.0,7390.927734375,116642400,BBCA.JK,0.8695209099264706
2022-09-15,8500.0,8875.0,8500.0,8750.0,7608.31005859375,190404800,BBCA.JK,0.8695211495535714
2022-09-16,8700.0,8725.0,8450.0,8450.0,7347.45263671875,363127600,BBCA.JK,0.8695210220968935
2022-09-19,8475.0,8750.0,8450.0,8650.0,7521.35693359375,102530600,BBCA.JK,0.8695210327854046
2022-09-20,8550.0,8650.0,8550.0,8550.0,7434.404296875,89238400,BBCA.JK,0.8695209703947369
2022-09-21,8525.0,8600.0,8425.0,8475.0,7369.18994140625,90933700,BBCA.JK,0.8695209370390855
2022-09-22,8375.0,8525.0,8375.0,8475.0,7369.18994140625,61908500,BBCA.JK,0.8695209370390855
2022-09-23,8375.0,8475.0,8375.0,8375.0,7282.23828125,60567600,BBCA.JK,0.8695209888059702
2022-09-26,8200.0,8500.0,8200.0,8425.0,7325.71484375,106228200,BBCA.JK,0.869521049703264
2022-09-27,8375.0,8450.0,8300.0,8300.0,7217.02392578125,89567100,BBCA.JK,0.8695209549134036
2022-09-28,8250.0,8425.0,8250.0,8325.0,7238.7626953125,89153400,BBCA.JK,0.869521044481982
2022-09-29,8325.0,8450.0,8325.0,8375.0,7282.23828125,62643700,BBCA.JK,0.8695209888059702
2022-09-30,8375.0,8575.0,8275.0,8550.0,7434.404296875,176524800,BBCA.JK,0.8695209703947369
2022-10-03,8450.0,8525.0,8450.0,8500.0,7390.927734375,115079600,BBCA.JK,0.8695209099264706
2022-10-04,8525.0,8625.0,8525.0,8550.0,7434.404296875,80524500,BBCA.JK,0.8695209703947369
2022-10-05,8525.0,8550.0,8425.0,8450.0,7347.45263671875,63788000,BBCA.JK,0.8695210220968935
2022-10-06,8475.0,8500.0,8425.0,8425.0,7325.71484375,43967400,BBCA.JK,0.869521049703264
2022-10-07,8325.0,8375.0,8200.0,8200.0,7130.0732421875,112043400,BBCA.JK,0.8695211270960366
2022-10-10,8150.0,8375.0,8125.0,8300.0,7217.02392578125,80238200,BBCA.JK,0.8695209549134036
2022-10-11,8200.0,8300.0,8150.0,8250.0,7173.548828125,64060000,BBCA.JK,0.8695210700757576
2022-10-12,8200.0,8325.0,8175.0,8325.0,7238.7626953125,47569700,BBCA.JK,0.869521044481982
2022-10-13,8275.0,8375.0,8275.0,8275.0,7195.28662109375,62282800,BBCA.JK,0.8695210418240181
2022-10-14,8300.0,8350.0,8250.0,8250.0,7173.548828125,70642900,BBCA.JK,0.8695210700757576
2022-10-17,8250.0,8300.0,8175.0,8250.0,7173.548828125,56387500,BBCA.JK,0.8695210700757576
2022-10-18,8275.0,8475.0,8250.0,8300.0,7217.02392578125,85665300,BBCA.JK,0.8695209549134036
2022-10-19,8250.0,8350.0,8225.0,8275.0,7195.28662109375,66753500,BBCA.JK,0.8695210418240181
2022-10-20,8250.0,8500.0,8250.0,8500.0,7390.927734375,91812300,BBCA.JK,0.8695209099264706
2022-10-21,8450.0,8725.0,8450.0,8650.0,7521.35693359375,122777800,BBCA.JK,0.8695210327854046
2022-10-24,8750.0,8900.0,8725.0,8900.0,7738.73681640625,89416500,BBCA.JK,0.8695209906074438
2022-10-25,8825.0,8875.0,8700.0,8700.0,7564.833984375,84696300,BBCA.JK,0.8695211476293103
2022-10-26,8625.0,8650.0,8550.0,8550.0,7434.404296875,98962100,BBCA.JK,0.8695209703947369
2022-10-27,8550.0,8700.0,8550.0,8700.0,7564.833984375,77003400,BBCA.JK,0.8695211476293103
2022-10-28,8650.0,8750.0,8650.0,8750.0,7608.31005859375,84980600,BBCA.JK,0.8695211495535714
2022-10-31,8850.0,8850.0,8775.0,8800.0,7651.78466796875,138922800,BBCA.JK,0.8695209849964488
2022-11-01,9000.0,9000.0,8725.0,8800.0,7651.78466796875,118118400,BBCA.JK,0.8695209849964488
2022-11-02,8800.0,8825.0,8725.0,8750.0,7608.31005859375,68323600,BBCA.JK,0.8695211495535714
2022-11-03,8700.0,8825.0,8700.0,8800.0,7651.78466796875,81856300,BBCA.JK,0.8695209849964488
2022-11-04,8775.0,8800.0,8675.0,8775.0,7630.046875,84458300,BBCA.JK,0.8695210113960113
2022-11-07,8725.0,8850.0,8675.0,8850.0,7695.26123046875,94794000,BBCA.JK,0.8695210429908192
2022-11-08,8850.0,8875.0,8725.0,8750.0,7608.31005859375,42525500,BBCA.JK,0.8695211495535714
2022-11-09,8675.0,8875.0,8675.0,8875.0,7716.99951171875,96599500,BBCA.JK,0.8695210717429578
2022-11-10,8725.0,8800.0,8725.0,8800.0,7651.78466796875,89463000,BBCA.JK,0.8695209849964488
2022-11-11,8900.0,8925.0,8825.0,8850.0,7695.26123046875,59597900,BBCA.JK,0.8695210429908192
2022-11-14,8875.0,8900.0,8750.0,8750.0,7608.31005859375,49208200,BBCA.JK,0.8695211495535714
2022-11-15,8775.0,8850.0,8750.0,8800.0,7651.78466796875,59092900,BBCA.JK,0.8695209849964488
2022-11-16,8625.0,8675.0,8550.0,8600.0,7477.88134765625,143424800,BBCA.JK,0.8695210869367732
2022-11-17,8625.0,8825.0,8600.0,8725.0,7586.5712890625,72679800,BBCA.JK,0.8695210646489971
2022-11-18,8725.0,8900.0,8725.0,8825.0,7673.52294921875,83556900,BBCA.JK,0.8695210140757791
2022-11-21,8875.0,8900.0,8725.0,8725.0,7586.5712890625,35901000,BBCA.JK,0.8695210646489971
2022-11-22,8900.0,8950.0,8850.0,8900.0,7738.73681640625,84684200,BBCA.JK,0.8695209906074438
2022-11-23,8900.0,8975.0,8875.0,8875.0,7716.99951171875,84642100,BBCA.JK,0.8695210717429578
2022-11-24,8975.0,9000.0,8950.0,9000.0,7825.68994140625,53520800,BBCA.JK,0.8695211046006944
2022-11-25,9000.0,9000.0,8900.0,8975.0,7803.9501953125,75048300,BBCA.JK,0.869520913126741
2022-11-28,9050.0,9100.0,8975.0,9025.0,7847.42724609375,96209700,BBCA.JK,0.8695210244979225
2022-11-29,8975.0,9075.0,8925.0,8975.0,7803.9501953125,91562100,BBCA.JK,0.869520913126741
2022-11-30,8875.0,9400.0,8850.0,9300.0,8086.54638671875,644359600,BBCA.JK,0.8695211168514785
2022-12-01,9275.0,9350.0,9000.0,9000.0,7825.68994140625,155775400,BBCA.JK,0.8695211046006944
2022-12-02,8900.0,8975.0,8900.0,8900.0,7768.94921875,130982100,BBCA.JK,0.8729156425561798
2022-12-05,8800.0,8900.0,8775.0,8775.0,7659.83544921875,114656300,BBCA.JK,0.8729157207086895
2022-12-06,8725.0,8750.0,8575.0,8675.0,7572.5439453125,180553800,BBCA.JK,0.8729157285662824
2022-12-07,8500.0,8575.0,8450.0,8450.0,7376.13818359375,229308700,BBCA.JK,0.8729157613720414
2022-12-08,8375.0,8575.0,8350.0,8500.0,7419.7841796875,172590100,BBCA.JK,0.8729157858455883
2022-12-09,8500.0,8600.0,8450.0,8575.0,7485.2529296875,90851300,BBCA.JK,0.8729157935495627
2022-12-12,8525.0,8700.0,8475.0,8700.0,7594.3671875,102851800,BBCA.JK,0.8729157686781609
2022-12-13,8625.0,8700.0,8550.0,8700.0,7594.3671875,104580200,BBCA.JK,0.8729157686781609
2022-12-14,8600.0,8700.0,8525.0,8625.0,7528.8974609375,118164300,BBCA.JK,0.8729156476449276
2022-12-15,8575.0,8600.0,8500.0,8500.0,7419.7841796875,113255700,BBCA.JK,0.8729157858455883
2022-12-16,8425.0,8650.0,8400.0,8600.0,7507.07568359375,181516700,BBCA.JK,0.8729157771620639
2022-12-19,8650.0,8700.0,8600.0,8650.0,7550.72021484375,67482900,BBCA.JK,0.8729156317738439
2022-12-20,8550.0,8650.0,8550.0,8575.0,7485.2529296875,41243700,BBCA.JK,0.8729157935495627
2022-12-21,8600.0,8700.0,8575.0,8675.0,7572.5439453125,33617700,BBCA.JK,0.8729157285662824
2022-12-22,8650.0,8675.0,8575.0,8575.0,7485.2529296875,59591500,BBCA.JK,0.8729157935495627
2022-12-23,8525.0,8575.0,8500.0,8500.0,7419.7841796875,47393000,BBCA.JK,0.8729157858455883
2022-12-26,8500.0,8625.0,8500.0,8575.0,7485.2529296875,20495900,BBCA.JK,0.8729157935495627
2022-12-27,8600.0,8650.0,8575.0,8600.0,7507.07568359375,27193800,BBCA.JK,0.8729157771620639
2022-12-28,8650.0,8650.0,8550.0,8650.0,7550.72021484375,40420200,BBCA.JK,0.8729156317738439
2022-12-29,8525.0,8600.0,8500.0,8575.0,7485.2529296875,47020900,BBCA.JK,0.8729157935495627
2022-12-30,8575.0,8650.0,8550.0,8550.0,7463.42919921875,44681400,BBCA.JK,0.8729156958150585
2023-01-02,8575.0,8600.0,8500.0,8550.0,7463.42919921875,10653900,BBCA.JK,0.8729156958150585
2023-01-03,8550.0,8600.0,8525.0,8550.0,7463.42919921875,27399100,BBCA.JK,0.8729156958150585
2023-01-04,8525.0,8575.0,8350.0,8350.0,7288.84619140625,90918800,BBCA.JK,0.8729157115456587
2023-01-05,8350.0,8375.0,8150.0,8250.0,7201.5546875,128838500,BBCA.JK,0.8729157196969697
2023-01-06,8100.0,8325.0,8100.0,8300.0,7245.2001953125,69286600,BBCA.JK,0.8729156861822289
2023-01-09,8325.0,8450.0,8325.0,8450.0,7376.13818359375,86916900,BBCA.JK,0.8729157613720414
2023-01-10,8400.0,8425.0,8150.0,8175.0,7136.0859375,101759100,BBCA.JK,0.8729157110091743
2023-01-11,8050.0,8150.0,8000.0,8125.0,7092.43994140625,96069100,BBCA.JK,0.8729156850961538
2023-01-12,8150.0,8275.0,8125.0,8175.0,7136.0859375,103804600,BBCA.JK,0.8729157110091743
2023-01-13,8150.0,8175.0,8025.0,8050.0,7026.97119140625,119748200,BBCA.JK,0.872915675951087
2023-01-16,8050.0,8200.0,8050.0,8150.0,7114.263671875,105710700,BBCA.JK,0.8729157879601227
2023-01-17,8175.0,8375.0,8150.0,8325.0,7267.02294921875,88695900,BBCA.JK,0.8729156695758258
2023-01-18,8200.0,8325.0,8175.0,8300.0,7245.2001953125,96814600,BBCA.JK,0.8729156861822289
2023-01-19,8350.0,8350.0,8250.0,8325.0,7267.02294921875,66391800,BBCA.JK,0.8729156695758258
2023-01-20,8275.0,8325.0,8250.0,8300.0,7245.2001953125,96859500,BBCA.JK,0.8729156861822289
2023-01-24,8300.0,8350.0,8225.0,8225.0,7179.73193359375,42474500,BBCA.JK,0.8729157366071428
2023-01-25,8300.0,8300.0,8200.0,8200.0,7157.9091796875,66124500,BBCA.JK,0.8729157536204268
2023-01-26,8225.0,8475.0,8225.0,8475.0,7397.96044921875,77582300,BBCA.JK,0.8729156872234514
2023-01-27,8700.0,8850.0,8550.0,8700.0,7594.3671875,196804700,BBCA.JK,0.8729157686781609
2023-01-30,8725.0,8775.0,8575.0,8700.0,7594.3671875,68544300,BBCA.JK,0.8729157686781609
2023-01-31,8625.0,8675.0,8475.0,8475.0,7397.96044921875,200589000,BBCA.JK,0.8729156872234514
2023-02-01,8575.0,8575.0,8450.0,8500.0,7419.7841796875,77396200,BBCA.JK,0.8729157858455883
2023-02-02,8425.0,8525.0,8400.0,8450.0,7376.13818359375,99109500,BBCA.JK,0.8729157613720414
2023-02-03,8550.0,8700.0,8500.0,8700.0,7594.3671875,71716700,BBCA.JK,0.8729157686781609
2023-02-06,8750.0,8750.0,8650.0,8725.0,7616.189453125,117757700,BBCA.JK,0.8729156966332379
2023-02-07,8775.0,8850.0,8750.0,8850.0,7725.3046875,116014700,BBCA.JK,0.872915783898305
2023-02-08,8825.0,8850.0,8800.0,8825.0,7703.48193359375,54495500,BBCA.JK,0.8729157998406516
2023-02-09,8825.0,8900.0,8800.0,8900.0,7768.94921875,72381700,BBCA.JK,0.8729156425561798
2023-02-10,8875.0,8900.0,8700.0,8825.0,7703.48193359375,62060900,BBCA.JK,0.8729157998406516
2023-02-13,8875.0,8900.0,8775.0,8875.0,7747.126953125,63775000,BBCA.JK,0.8729157130281691
2023-02-14,8850.0,8950.0,8825.0,8950.0,7812.59521484375,81678200,BBCA.JK,0.8729156664629888
2023-02-15,8875.0,8900.0,8750.0,8875.0,7747.126953125,38037000,BBCA.JK,0.8729157130281691
2023-02-16,8825.0,8850.0,8700.0,8700.0,7594.3671875,66040400,BBCA.JK,0.8729157686781609
2023-02-17,8775.0,8850.0,8725.0,8725.0,7616.189453125,43588900,BBCA.JK,0.8729156966332379
2023-02-20,8725.0,8825.0,8700.0,8750.0,7638.0126953125,40077000,BBCA.JK,0.8729157366071428
2023-02-21,8775.0,8800.0,8700.0,8700.0,7594.3671875,25390500,BBCA.JK,0.8729157686781609
2023-02-22,8700.0,8750.0,8625.0,8675.0,7572.5439453125,38671900,BBCA.JK,0.8729157285662824
2023-02-23,8625.0,8750.0,8625.0,8725.0,7616.189453125,53412300,BBCA.JK,0.8729156966332379
2023-02-24,8775.0,8850.0,8675.0,8675.0,7572.5439453125,44123400,BBCA.JK,0.8729157285662824
2023-02-27,8675.0,8775.0,8650.0,8775.0,7659.83544921875,59983900,BBCA.JK,0.8729157207086895
2023-02-28,8775.0,8775.0,8675.0,8750.0,7638.0126953125,106349400,BBCA.JK,0.8729157366071428
2023-03-01,8725.0,8750.0,8600.0,8600.0,7507.07568359375,67034700,BBCA.JK,0.8729157771620639
2023-03-02,8600.0,8700.0,8600.0,8625.0,7528.8974609375,56672000,BBCA.JK,0.8729156476449276
2023-03-03,8650.0,8675.0,8475.0,8475.0,7397.96044921875,95376900,BBCA.JK,0.8729156872234514
2023-03-06,8550.0,8550.0,8400.0,8400.0,7332.4921875,92652000,BBCA.JK,0.8729157366071428
2023-03-07,8350.0,8475.0,8350.0,8425.0,7354.31494140625,106115600,BBCA.JK,0.8729157200482196
2023-03-08,8400.0,8575.0,8400.0,8575.0,7485.2529296875,79350900,BBCA.JK,0.8729157935495627
2023-03-09,8650.0,8650.0,8550.0,8575.0,7485.2529296875,54201400,BBCA.JK,0.8729157935495627
2023-03-10,8500.0,8550.0,8450.0,8450.0,7376.13818359375,59580100,BBCA.JK,0.8729157613720414
2023-03-13,8450.0,8625.0,8450.0,8550.0,7463.42919921875,82077700,BBCA.JK,0.8729156958150585
2023-03-14,8425.0,8475.0,8325.0,8325.0,7267.02294921875,90495300,BBCA.JK,0.8729156695758258
2023-03-15,8450.0,8475.0,8325.0,8325.0,7267.02294921875,86747400,BBCA.JK,0.8729156695758258
2023-03-16,8300.0,8350.0,8250.0,8300.0,7245.2001953125,105894000,BBCA.JK,0.8729156861822289
2023-03-17,8375.0,8450.0,8325.0,8375.0,7310.6689453125,198558600,BBCA.JK,0.8729156949626866
2023-03-20,8400.0,8475.0,8375.0,8400.0,7332.4921875,37277900,BBCA.JK,0.8729157366071428
2023-03-21,8400.0,8500.0,8375.0,8500.0,7419.7841796875,91617400,BBCA.JK,0.8729157858455883
2023-03-24,8700.0,8825.0,8625.0,8825.0,7703.48193359375,145603600,BBCA.JK,0.8729157998406516
2023-03-27,8825.0,8825.0,8700.0,8700.0,7594.3671875,110692800,BBCA.JK,0.8729157686781609
2023-03-28,8800.0,8800.0,8675.0,8675.0,7572.5439453125,98296600,BBCA.JK,0.8729157285662824
2023-03-29,8675.0,8800.0,8625.0,8800.0,7835.20068359375,101068200,BBCA.JK,0.8903637140447443
2023-03-30,8900.0,8900.0,8800.0,8825.0,7857.46044921875,118912100,BBCA.JK,0.890363790279745
2023-03-31,8825.0,8850.0,8725.0,8750.0,7790.68359375,97146900,BBCA.JK,0.8903638392857143
2023-04-03,8825.0,8825.0,8750.0,8800.0,7835.20068359375,60288900,BBCA.JK,0.8903637140447443
2023-04-04,8825.0,8825.0,8650.0,8775.0,7812.94189453125,60975800,BBCA.JK,0.8903637486645299
2023-04-05,8775.0,8800.0,8725.0,8725.0,7768.423828125,36922100,BBCA.JK,0.8903637625358166
2023-04-06,8700.0,8775.0,8700.0,8750.0,7790.68359375,45489400,BBCA.JK,0.8903638392857143
2023-04-10,8725.0,8800.0,8700.0,8800.0,7835.20068359375,32996000,BBCA.JK,0.8903637140447443
2023-04-11,8825.0,8825.0,8750.0,8825.0,7857.46044921875,44554300,BBCA.JK,0.890363790279745
2023-04-12,8900.0,8900.0,8825.0,8900.0,7924.23681640625,91903600,BBCA.JK,0.8903636872366573
2023-04-13,8950.0,8950.0,8875.0,8925.0,7946.49609375,51726500,BBCA.JK,0.8903637079831933
2023-04-14,9000.0,9000.0,8950.0,9000.0,8013.2734375,110354200,BBCA.JK,0.8903637152777778
2023-04-17,9025.0,9050.0,8900.0,9025.0,8035.53369140625,83946900,BBCA.JK,0.8903638439231302
2023-04-18,9050.0,9175.0,9025.0,9125.0,8124.5693359375,91178700,BBCA.JK,0.8903637628424658
2023-04-26,9125.0,9200.0,9000.0,9200.0,8191.34619140625,186928200,BBCA.JK,0.8903637164572011
2023-04-27,9100.0,9175.0,9075.0,9150.0,8146.8291015625,54842400,BBCA.JK,0.8903638362363387
2023-04-28,9100.0,9125.0,9050.0,9050.0,8057.7919921875,145775300,BBCA.JK,0.8903637560428177
2023-05-02,9100.0,9100.0,8900.0,9050.0,8057.7919921875,83645900,BBCA.JK,0.8903637560428177
2023-05-03,9050.0,9050.0,8875.0,8925.0,7946.49609375,83728800,BBCA.JK,0.8903637079831933
2023-05-04,8925.0,9025.0,8875.0,9000.0,8013.2734375,67565000,BBCA.JK,0.8903637152777778
2023-05-05,9000.0,9050.0,8950.0,9000.0,8013.2734375,64815100,BBCA.JK,0.8903637152777778
2023-05-08,9000.0,9075.0,8950.0,9000.0,8013.2734375,84754500,BBCA.JK,0.8903637152777778
2023-05-09,8950.0,8975.0,8900.0,8925.0,7946.49609375,40929600,BBCA.JK,0.8903637079831933
2023-05-10,8925.0,8950.0,8900.0,8925.0,7946.49609375,45322600,BBCA.JK,0.8903637079831933
2023-05-11,8900.0,8900.0,8800.0,8825.0,7857.46044921875,81993900,BBCA.JK,0.890363790279745
2023-05-12,8750.0,8875.0,8725.0,8800.0,7835.20068359375,96525600,BBCA.JK,0.8903637140447443
2023-05-15,8875.0,8875.0,8725.0,8775.0,7812.94189453125,64830300,BBCA.JK,0.8903637486645299
2023-05-16,8800.0,8825.0,8700.0,8700.0,7746.1650390625,49497000,BBCA.JK,0.8903637975933908
2023-05-17,8775.0,8850.0,8750.0,8775.0,7812.94189453125,69996100,BBCA.JK,0.8903637486645299
2023-05-19,8900.0,9000.0,8825.0,9000.0,8013.2734375,123592500,BBCA.JK,0.8903637152777778
2023-05-22,9000.0,9075.0,8925.0,9000.0,8013.2734375,91000000,BBCA.JK,0.8903637152777778
2023-05-23,9050.0,9150.0,9025.0,9125.0,8124.5693359375,102980500,BBCA.JK,0.8903637628424658
2023-05-24,9200.0,9200.0,9025.0,9025.0,8035.53369140625,77392900,BBCA.JK,0.8903638439231302
2023-05-25,9100.0,9150.0,9050.0,9050.0,8057.7919921875,76325700,BBCA.JK,0.8903637560428177
2023-05-26,9175.0,9200.0,9100.0,9150.0,8146.8291015625,55675900,BBCA.JK,0.8903638362363387
2023-05-29,9250.0,9250.0,9075.0,9150.0,8146.8291015625,79148200,BBCA.JK,0.8903638362363387
2023-05-30,9200.0,9325.0,9150.0,9250.0,8235.8642578125,97189500,BBCA.JK,0.8903637035472973
2023-05-31,9300.0,9325.0,9050.0,9050.0,8057.7919921875,722827900,BBCA.JK,0.8903637560428177
2023-06-05,9150.0,9325.0,9100.0,9200.0,8191.34619140625,163535600,BBCA.JK,0.8903637164572011
2023-06-06,9050.0,9200.0,9050.0,9150.0,8146.8291015625,74872200,BBCA.JK,0.8903638362363387
2023-06-07,9125.0,9175.0,9075.0,9100.0,8102.31005859375,87492200,BBCA.JK,0.8903637427026099
2023-06-08,9075.0,9125.0,9075.0,9125.0,8124.5693359375,53188400,BBCA.JK,0.8903637628424658
2023-06-09,9175.0,9175.0,9100.0,9100.0,8102.31005859375,44632400,BBCA.JK,0.8903637427026099
2023-06-12,9150.0,9150.0,9100.0,9150.0,8146.8291015625,38082300,BBCA.JK,0.8903638362363387
2023-06-13,9175.0,9175.0,9100.0,9150.0,8146.8291015625,45552600,BBCA.JK,0.8903638362363387
2023-06-14,9100.0,9125.0,9050.0,9075.0,8080.05126953125,72223700,BBCA.JK,0.890363776256887
2023-06-15,9100.0,9100.0,9050.0,9050.0,8057.7919921875,59073000,BBCA.JK,0.8903637560428177
2023-06-16,9100.0,9100.0,8975.0,9050.0,8057.7919921875,112769400,BBCA.JK,0.8903637560428177
2023-06-19,9000.0,9050.0,9000.0,9000.0,8013.2734375,32330600,BBCA.JK,0.8903637152777778
2023-06-20,9025.0,9050.0,8950.0,9050.0,8057.7919921875,54990100,BBCA.JK,0.8903637560428177
2023-06-21,9050.0,9125.0,9000.0,9125.0,8124.5693359375,42676300,BBCA.JK,0.8903637628424658
2023-06-22,9125.0,9150.0,9050.0,9050.0,8057.7919921875,48291100,BBCA.JK,0.8903637560428177
2023-06-23,9025.0,9150.0,9025.0,9050.0,8057.7919921875,47813500,BBCA.JK,0.8903637560428177
2023-06-26,9025.0,9125.0,9025.0,9075.0,8080.05126953125,36389900,BBCA.JK,0.890363776256887
2023-06-27,9050.0,9150.0,9050.0,9150.0,8146.8291015625,36225100,BBCA.JK,0.8903638362363387
2023-07-03,9025.0,9075.0,9025.0,9075.0,8080.05126953125,108855900,BBCA.JK,0.890363776256887
2023-07-04,9150.0,9150.0,9050.0,9050.0,8057.7919921875,35049300,BBCA.JK,0.8903637560428177
2023-07-05,9050.0,9075.0,9025.0,9050.0,8057.7919921875,44609200,BBCA.JK,0.8903637560428177
2023-07-06,9050.0,9100.0,9025.0,9075.0,8080.05126953125,52532400,BBCA.JK,0.890363776256887
2023-07-07,9025.0,9100.0,9025.0,9025.0,8035.53369140625,37641300,BBCA.JK,0.8903638439231302
2023-07-10,9100.0,9100.0,9050.0,9050.0,8057.7919921875,28981500,BBCA.JK,0.8903637560428177
2023-07-11,9100.0,9100.0,9025.0,9025.0,8035.53369140625,43703500,BBCA.JK,0.8903638439231302
2023-07-12,9075.0,9175.0,9050.0,9175.0,8169.08837890625,61566500,BBCA.JK,0.8903638560115804
2023-07-13,9200.0,9225.0,9125.0,9125.0,8124.5693359375,65230900,BBCA.JK,0.8903637628424658
2023-07-14,9175.0,9200.0,9125.0,9200.0,8191.34619140625,55554500,BBCA.JK,0.8903637164572011
2023-07-17,9200.0,9250.0,9175.0,9175.0,8169.08837890625,62550100,BBCA.JK,0.8903638560115804
2023-07-18,9200.0,9250.0,9100.0,9150.0,8146.8291015625,52924600,BBCA.JK,0.8903638362363387
2023-07-20,9200.0,9225.0,9125.0,9150.0,8146.8291015625,83476600,BBCA.JK,0.8903638362363387
2023-07-21,9150.0,9175.0,9125.0,9150.0,8146.8291015625,42667800,BBCA.JK,0.8903638362363387
2023-07-24,9200.0,9200.0,9100.0,9100.0,8102.31005859375,62061200,BBCA.JK,0.8903637427026099
2023-07-25,9175.0,9300.0,9150.0,9150.0,8146.8291015625,122802700,BBCA.JK,0.8903638362363387
2023-07-26,9175.0,9350.0,9125.0,9350.0,8324.9013671875,113868700,BBCA.JK,0.8903637825868984
2023-07-27,9400.0,9400.0,9225.0,9225.0,8213.60546875,77848400,BBCA.JK,0.8903637364498646
2023-07-28,9200.0,9225.0,9125.0,9125.0,8124.5693359375,74510200,BBCA.JK,0.8903637628424658
2023-07-31,9175.0,9200.0,9100.0,9125.0,8124.5693359375,80868000,BBCA.JK,0.8903637628424658
2023-08-01,9175.0,9175.0,9100.0,9125.0,8124.5693359375,49756400,BBCA.JK,0.8903637628424658
2023-08-02,9125.0,9200.0,9125.0,9200.0,8191.34619140625,60629900,BBCA.JK,0.8903637164572011
2023-08-03,9150.0,9300.0,9150.0,9250.0,8235.8642578125,64596100,BBCA.JK,0.8903637035472973
2023-08-04,9250.0,9275.0,9125.0,9150.0,8146.8291015625,52675900,BBCA.JK,0.8903638362363387
2023-08-07,9150.0,9275.0,9150.0,9275.0,8258.125,55589300,BBCA.JK,0.8903638814016173
2023-08-08,9275.0,9300.0,9200.0,9200.0,8191.34619140625,43373400,BBCA.JK,0.8903637164572011
2023-08-09,9275.0,9400.0,9250.0,9400.0,8369.41796875,77056800,BBCA.JK,0.8903636136968085
2023-08-10,9400.0,9425.0,9350.0,9400.0,8369.41796875,76738100,BBCA.JK,0.8903636136968085
2023-08-11,9425.0,9450.0,9375.0,9400.0,8369.41796875,68898600,BBCA.JK,0.8903636136968085
2023-08-14,9325.0,9350.0,9225.0,9350.0,8324.9013671875,75495400,BBCA.JK,0.8903637825868984
2023-08-15,9325.0,9375.0,9300.0,9300.0,8280.3828125,59303700,BBCA.JK,0.8903637432795699
2023-08-16,9275.0,9325.0,9250.0,9300.0,8280.3828125,53440000,BBCA.JK,0.8903637432795699
2023-08-18,9250.0,9350.0,9250.0,9250.0,8235.8642578125,79328900,BBCA.JK,0.8903637035472973
2023-08-21,9225.0,9250.0,9175.0,9175.0,8169.08837890625,73573000,BBCA.JK,0.8903638560115804
2023-08-22,9150.0,9325.0,9150.0,9300.0,8280.3828125,65664600,BBCA.JK,0.8903637432795699
2023-08-23,9300.0,9325.0,9275.0,9300.0,8280.3828125,63749800,BBCA.JK,0.8903637432795699
2023-08-24,9250.0,9325.0,9200.0,9200.0,8191.34619140625,53725900,BBCA.JK,0.8903637164572011
2023-08-25,9200.0,9275.0,9175.0,9275.0,8258.125,50379000,BBCA.JK,0.8903638814016173
2023-08-28,9250.0,9250.0,9200.0,9200.0,8191.34619140625,44423100,BBCA.JK,0.8903637164572011
2023-08-29,9275.0,9300.0,9200.0,9250.0,8235.8642578125,45428500,BBCA.JK,0.8903637035472973
2023-08-30,9300.0,9300.0,9200.0,9200.0,8191.34619140625,56227000,BBCA.JK,0.8903637164572011
2023-08-31,9200.0,9225.0,9100.0,9175.0,8169.08837890625,136107200,BBCA.JK,0.8903638560115804
2023-09-01,9200.0,9275.0,9175.0,9225.0,8213.60546875,42152700,BBCA.JK,0.8903637364498646
2023-09-04,9225.0,9275.0,9175.0,9225.0,8213.60546875,40610600,BBCA.JK,0.8903637364498646
2023-09-05,9250.0,9250.0,9200.0,9225.0,8213.60546875,42007200,BBCA.JK,0.8903637364498646
2023-09-06,9200.0,9250.0,9150.0,9150.0,8146.8291015625,49318400,BBCA.JK,0.8903638362363387
2023-09-07,9125.0,9175.0,9100.0,9175.0,8169.08837890625,61405200,BBCA.JK,0.8903638560115804
2023-09-08,9100.0,9150.0,9050.0,9125.0,8124.5693359375,80732300,BBCA.JK,0.8903637628424658
2023-09-11,9075.0,9125.0,9075.0,9125.0,8124.5693359375,53155900,BBCA.JK,0.8903637628424658
2023-09-12,9100.0,9125.0,9075.0,9100.0,8102.31005859375,66479000,BBCA.JK,0.8903637427026099
2023-09-13,9050.0,9075.0,9000.0,9075.0,8080.05126953125,69490200,BBCA.JK,0.890363776256887
2023-09-14,9000.0,9125.0,9000.0,9100.0,8102.31005859375,112757900,BBCA.JK,0.8903637427026099
2023-09-15,9050.0,9100.0,9000.0,9000.0,8013.2734375,121005300,BBCA.JK,0.8903637152777778
2023-09-18,9050.0,9075.0,9000.0,9000.0,8013.2734375,34272200,BBCA.JK,0.8903637152777778
2023-09-19,9000.0,9075.0,8975.0,9075.0,8080.05126953125,33325800,BBCA.JK,0.890363776256887
2023-09-20,9125.0,9175.0,9075.0,9150.0,8146.8291015625,54305500,BBCA.JK,0.8903638362363387
2023-09-21,9125.0,9150.0,9075.0,9125.0,8124.5693359375,40607000,BBCA.JK,0.8903637628424658
2023-09-22,9125.0,9150.0,9075.0,9075.0,8080.05126953125,42445300,BBCA.JK,0.890363776256887
2023-09-25,9075.0,9075.0,9000.0,9000.0,8013.2734375,56132200,BBCA.JK,0.8903637152777778
2023-09-26,9000.0,9025.0,8950.0,8950.0,7968.75537109375,73544700,BBCA.JK,0.8903637286138268
2023-09-27,8900.0,9000.0,8875.0,8875.0,7901.97802734375,84345000,BBCA.JK,0.8903637213908451
2023-09-29,8825.0,8900.0,8825.0,8825.0,7857.46044921875,118960000,BBCA.JK,0.890363790279745
2023-10-02,8900.0,9100.0,8875.0,9075.0,8080.05126953125,93663000,BBCA.JK,0.890363776256887
2023-10-03,9075.0,9200.0,9025.0,9200.0,8191.34619140625,98380200,BBCA.JK,0.8903637164572011
2023-10-04,9200.0,9250.0,9125.0,9200.0,8191.34619140625,112582800,BBCA.JK,0.8903637164572011
2023-10-05,9200.0,9200.0,9075.0,9075.0,8080.05126953125,72855700,BBCA.JK,0.890363776256887
2023-10-06,9100.0,9100.0,9025.0,9025.0,8035.53369140625,53344400,BBCA.JK,0.8903638439231302
2023-10-09,9025.0,9125.0,9025.0,9050.0,8057.7919921875,43774500,BBCA.JK,0.8903637560428177
2023-10-10,9000.0,9000.0,8925.0,8925.0,7946.49609375,71966100,BBCA.JK,0.8903637079831933
2023-10-11,8925.0,9025.0,8925.0,8925.0,7946.49609375,84305800,BBCA.JK,0.8903637079831933
2023-10-12,9000.0,9100.0,9000.0,9050.0,8057.7919921875,71064500,BBCA.JK,0.8903637560428177
2023-10-13,9100.0,9125.0,9025.0,9075.0,8080.05126953125,62941800,BBCA.JK,0.890363776256887
2023-10-16,9125.0,9125.0,9050.0,9100.0,8102.31005859375,29429200,BBCA.JK,0.8903637427026099
2023-10-17,9050.0,9075.0,8950.0,8950.0,7968.75537109375,59606000,BBCA.JK,0.8903637286138268
2023-10-18,8925.0,8950.0,8850.0,8850.0,7879.71923828125,50919200,BBCA.JK,0.8903637557379943
2023-10-19,8825.0,8850.0,8750.0,8750.0,7790.68359375,89509700,BBCA.JK,0.8903638392857143
2023-10-20,8725.0,9025.0,8725.0,8975.0,7991.0146484375,64554500,BBCA.JK,0.8903637491295264
2023-10-23,8875.0,8925.0,8850.0,8850.0,7879.71923828125,50633500,BBCA.JK,0.8903637557379943
2023-10-24,8775.0,8875.0,8775.0,8775.0,7812.94189453125,76963200,BBCA.JK,0.8903637486645299
2023-10-25,8825.0,8925.0,8825.0,8875.0,7901.97802734375,54748400,BBCA.JK,0.8903637213908451
2023-10-26,8925.0,8950.0,8725.0,8725.0,7768.423828125,63199400,BBCA.JK,0.8903637625358166
2023-10-27,8725.0,8800.0,8700.0,8700.0,7746.1650390625,52450700,BBCA.JK,0.8903637975933908
2023-10-30,8700.0,8850.0,8700.0,8850.0,7879.71923828125,51958200,BBCA.JK,0.8903637557379943
2023-10-31,8800.0,8825.0,8725.0,8750.0,7790.68359375,64907600,BBCA.JK,0.8903638392857143
2023-11-01,8750.0,8775.0,8600.0,8600.0,7657.12841796875,67027600,BBCA.JK,0.89036376953125
2023-11-02,8725.0,8900.0,8725.0,8850.0,7879.71923828125,56050900,BBCA.JK,0.8903637557379943
2023-11-03,8925.0,8950.0,8850.0,8900.0,7924.23681640625,60414100,BBCA.JK,0.8903636872366573
2023-11-06,8975.0,9050.0,8950.0,9050.0,8057.7919921875,84994200,BBCA.JK,0.8903637560428177
2023-11-07,9000.0,9025.0,8900.0,8975.0,7991.0146484375,60648200,BBCA.JK,0.8903637491295264
2023-11-08,8950.0,9000.0,8900.0,9000.0,8013.2734375,31829300,BBCA.JK,0.8903637152777778
2023-11-09,8900.0,9050.0,8900.0,9000.0,8013.2734375,46076800,BBCA.JK,0.8903637152777778
2023-11-10,8950.0,9000.0,8825.0,8825.0,7857.46044921875,50754600,BBCA.JK,0.890363790279745
2023-11-13,8875.0,8925.0,8850.0,8875.0,7901.97802734375,20827700,BBCA.JK,0.8903637213908451
2023-11-14,8900.0,8950.0,8875.0,8925.0,7946.49609375,37195700,BBCA.JK,0.8903637079831933
2023-11-15,8975.0,9050.0,8950.0,9050.0,8057.7919921875,84977900,BBCA.JK,0.8903637560428177
2023-11-16,9050.0,9075.0,8950.0,9075.0,8080.05126953125,48714300,BBCA.JK,0.890363776256887
2023-11-17,9025.0,9075.0,8975.0,9075.0,8080.05126953125,57050500,BBCA.JK,0.890363776256887
2023-11-20,8975.0,9025.0,8875.0,8875.0,7901.97802734375,49216000,BBCA.JK,0.8903637213908451
2023-11-21,8825.0,8900.0,8775.0,8775.0,7812.94189453125,107614800,BBCA.JK,0.8903637486645299
2023-11-22,8775.0,8875.0,8775.0,8875.0,7901.97802734375,40364800,BBCA.JK,0.8903637213908451
2023-11-23,8850.0,8975.0,8850.0,8925.0,7946.49609375,55542100,BBCA.JK,0.8903637079831933
2023-11-24,8925.0,8975.0,8900.0,8925.0,7946.49609375,43631900,BBCA.JK,0.8903637079831933
2023-11-27,8900.0,8950.0,8875.0,8875.0,7901.97802734375,35679000,BBCA.JK,0.8903637213908451
2023-11-28,8875.0,8950.0,8850.0,8875.0,7901.97802734375,69070600,BBCA.JK,0.8903637213908451
2023-11-29,8900.0,8950.0,8900.0,8900.0,7924.23681640625,54715600,BBCA.JK,0.8903636872366573
2023-11-30,8925.0,8975.0,8900.0,8975.0,7991.0146484375,205312100,BBCA.JK,0.8903637491295264
2023-12-01,8925.0,8975.0,8900.0,8950.0,7968.75537109375,80566400,BBCA.JK,0.8903637286138268
2023-12-04,8950.0,9025.0,8925.0,8925.0,7984.41064453125,54747400,BBCA.JK,0.8946118369222689
2023-12-05,8950.0,8950.0,8825.0,8900.0,7962.04541015625,94363900,BBCA.JK,0.8946118438377809
2023-12-06,8850.0,8950.0,8800.0,8800.0,7872.58447265625,81852800,BBCA.JK,0.8946118718927557
2023-12-07,8750.0,8825.0,8725.0,8825.0,7894.9501953125,91322500,BBCA.JK,0.8946119201487253
2023-12-08,8800.0,8850.0,8750.0,8750.0,7827.8544921875,43891600,BBCA.JK,0.8946119419642857
2023-12-11,8675.0,8775.0,8675.0,8750.0,7827.8544921875,78642800,BBCA.JK,0.8946119419642857
2023-12-12,8700.0,8750.0,8700.0,8700.0,7783.12353515625,87589300,BBCA.JK,0.8946119005926724
2023-12-13,8700.0,8750.0,8675.0,8675.0,7760.75830078125,51560500,BBCA.JK,0.8946119078710375
2023-12-14,8775.0,9050.0,8750.0,9050.0,8096.2373046875,115332800,BBCA.JK,0.894611856871547
2023-12-15,9125.0,9225.0,9075.0,9225.0,8252.794921875,275013500,BBCA.JK,0.8946119156504065
2023-12-18,9200.0,9225.0,9150.0,9200.0,8230.4287109375,111712200,BBCA.JK,0.89461181640625
2023-12-19,9125.0,9250.0,9125.0,9250.0,8275.16015625,65174500,BBCA.JK,0.8946119087837838
2023-12-20,9250.0,9300.0,9225.0,9300.0,8319.890625,72938100,BBCA.JK,0.8946118951612904
2023-12-21,9300.0,9325.0,9250.0,9325.0,8342.2548828125,88116700,BBCA.JK,0.8946117836796247
2023-12-22,9275.0,9350.0,9275.0,9325.0,8342.2548828125,64449600,BBCA.JK,0.8946117836796247
2023-12-27,9375.0,9400.0,9325.0,9375.0,8386.986328125,64464700,BBCA.JK,0.894611875
2023-12-28,9325.0,9425.0,9325.0,9400.0,8409.3505859375,70184600,BBCA.JK,0.8946117644614362
2023-12-29,9425.0,9450.0,9350.0,9400.0,8409.3505859375,79903400,BBCA.JK,0.8946117644614362
2024-01-02,9400.0,9425.0,9350.0,9425.0,8431.7177734375,30545200,BBCA.JK,0.8946119653514589
2024-01-03,9425.0,9425.0,9325.0,9350.0,8364.62109375,34603300,BBCA.JK,0.894611881684492
2024-01-04,9400.0,9475.0,9375.0,9475.0,8476.4482421875,56501800,BBCA.JK,0.8946119516820581
2024-01-05,9500.0,9600.0,9475.0,9575.0,8565.9091796875,85290100,BBCA.JK,0.8946119247715405
2024-01-08,9600.0,9625.0,9475.0,9575.0,8565.9091796875,50896000,BBCA.JK,0.8946119247715405
2024-01-09,9600.0,9625.0,9575.0,9625.0,8610.6396484375,59848600,BBCA.JK,0.8946119115259741
2024-01-10,9650.0,9650.0,9550.0,9550.0,8543.544921875,52774900,BBCA.JK,0.8946120337041885
2024-01-11,9625.0,9650.0,9575.0,9575.0,8565.9091796875,39381500,BBCA.JK,0.8946119247715405
2024-01-12,9650.0,9700.0,9600.0,9700.0,8677.7353515625,68253400,BBCA.JK,0.8946118919136598
2024-01-15,9750.0,9750.0,9650.0,9725.0,8700.1005859375,88399500,BBCA.JK,0.8946118854434447
2024-01-16,9700.0,9750.0,9675.0,9700.0,8677.7353515625,44869200,BBCA.JK,0.8946118919136598
2024-01-17,9750.0,9750.0,9650.0,9750.0,8722.4658203125,107706100,BBCA.JK,0.8946118790064103
2024-01-18,9675.0,9750.0,9625.0,9675.0,8655.37109375,71048900,BBCA.JK,0.8946119993540051
2024-01-19,9775.0,9775.0,9600.0,9625.0,8610.6396484375,63176500,BBCA.JK,0.8946119115259741
2024-01-22,9600.0,9650.0,9525.0,9625.0,8610.6396484375,52868300,BBCA.JK,0.8946119115259741
2024-01-23,9450.0,9600.0,9450.0,9600.0,8588.2734375,92348600,BBCA.JK,0.89461181640625
2024-01-24,9600.0,9600.0,9475.0,9525.0,8521.1787109375,84906000,BBCA.JK,0.894611938156168
2024-01-25,9450.0,9575.0,9450.0,9500.0,8498.8125,63212700,BBCA.JK,0.8946118421052631
2024-01-26,9400.0,9450.0,9300.0,9350.0,8364.62109375,78977300,BBCA.JK,0.894611881684492
2024-01-29,9400.0,9550.0,9375.0,9550.0,8543.544921875,73452800,BBCA.JK,0.8946120337041885
2024-01-30,9500.0,9650.0,9475.0,9650.0,8633.0048828125,73136400,BBCA.JK,0.8946119049546633
2024-01-31,9700.0,9700.0,9550.0,9550.0,8543.544921875,102581200,BBCA.JK,0.8946120337041885
2024-02-01,9650.0,9725.0,9575.0,9700.0,8677.7353515625,104208700,BBCA.JK,0.8946118919136598
2024-02-02,9775.0,9800.0,9625.0,9700.0,8677.7353515625,99324000,BBCA.JK,0.8946118919136598
2024-02-05,9675.0,9675.0,9525.0,9575.0,8565.9091796875,57983300,BBCA.JK,0.8946119247715405
2024-02-06,9750.0,9750.0,9625.0,9625.0,8610.6396484375,87651000,BBCA.JK,0.8946119115259741
2024-02-07,9700.0,9725.0,9650.0,9700.0,8677.7353515625,92953500,BBCA.JK,0.8946118919136598
2024-02-12,9750.0,9800.0,9700.0,9800.0,8767.197265625,87949400,BBCA.JK,0.8946119658801021
2024-02-13,9750.0,9800.0,9700.0,9725.0,8700.1005859375,66072400,BBCA.JK,0.8946118854434447
2024-02-15,9950.0,9975.0,9850.0,9850.0,8811.9267578125,164748900,BBCA.JK,0.8946118535850254
2024-02-16,9975.0,10000.0,9875.0,9950.0,8901.3876953125,142277200,BBCA.JK,0.8946118286746231
2024-02-19,9900.0,9975.0,9825.0,9875.0,8834.29296875,53341300,BBCA.JK,0.8946119462025316
2024-02-20,9850.0,10025.0,9850.0,10025.0,8968.484375,63997700,BBCA.JK,0.8946119077306733
2024-02-21,9950.0,10000.0,9850.0,9975.0,8923.7529296875,75371600,BBCA.JK,0.8946118225250627
2024-02-22,9975.0,9975.0,9875.0,9875.0,8834.29296875,66913000,BBCA.JK,0.8946119462025316
2024-02-23,9900.0,9925.0,9800.0,9825.0,8789.5615234375,55192300,BBCA.JK,0.8946118598918575
2024-02-26,9750.0,9875.0,9725.0,9800.0,8767.197265625,41356000,BBCA.JK,0.8946119658801021
2024-02-27,9750.0,9900.0,9750.0,9875.0,8834.29296875,43735800,BBCA.JK,0.8946119462025316
2024-02-28,9975.0,10000.0,9900.0,10000.0,8946.1201171875,54043100,BBCA.JK,0.89461201171875
2024-02-29,10000.0,10000.0,9850.0,9875.0,8834.29296875,126671200,BBCA.JK,0.8946119462025316
2024-03-01,9900.0,9925.0,9800.0,9825.0,8789.5615234375,51520600,BBCA.JK,0.8946118598918575
2024-03-04,9800.0,9825.0,9750.0,9750.0,8722.4658203125,43822900,BBCA.JK,0.8946118790064103
2024-03-05,9900.0,9900.0,9775.0,9800.0,8767.197265625,61952900,BBCA.JK,0.8946119658801021
2024-03-06,9900.0,10000.0,9775.0,9950.0,8901.3876953125,70242200,BBCA.JK,0.8946118286746231
2024-03-07,10050.0,10175.0,10000.0,10125.0,9057.9462890625,118369300,BBCA.JK,0.8946119791666667
2024-03-08,10250.0,10300.0,10125.0,10150.0,9080.3125,100947200,BBCA.JK,0.8946120689655173
2024-03-13,10400.0,10400.0,10000.0,10000.0,8946.1201171875,141622600,BBCA.JK,0.89461201171875
2024-03-14,10050.0,10325.0,10025.0,10325.0,9236.8671875,110681100,BBCA.JK,0.8946118341404359
2024-03-15,10200.0,10300.0,10050.0,10150.0,9080.3125,154176800,BBCA.JK,0.8946120689655173
2024-03-18,10175.0,10275.0,10150.0,10150.0,9080.3125,62444100,BBCA.JK,0.8946120689655173
2024-03-19,10150.0,10250.0,10150.0,10175.0,9102.6748046875,55004800,BBCA.JK,0.8946117744164619
2024-03-20,10100.0,10150.0,10075.0,10125.0,9057.9462890625,66269700,BBCA.JK,0.8946119791666667
2024-03-21,10175.0,10225.0,10050.0,10125.0,9057.9462890625,90279400,BBCA.JK,0.8946119791666667
2024-03-22,10000.0,10125.0,9950.0,10100.0,9035.5810546875,91968200,BBCA.JK,0.8946119856126238
2024-03-25,10075.0,10075.0,9925.0,10075.0,9220.9140625,66971000,BBCA.JK,0.9152272022332506
2024-03-26,10050.0,10050.0,9950.0,10050.0,9198.0322265625,65742700,BBCA.JK,0.9152270872201492
2024-03-27,10025.0,10075.0,10000.0,10075.0,9220.9140625,39514100,BBCA.JK,0.9152272022332506
2024-03-28,10025.0,10100.0,9975.0,10075.0,9220.9140625,79229700,BBCA.JK,0.9152272022332506
2024-04-01,10075.0,10100.0,9825.0,9850.0,9014.9873046875,79248700,BBCA.JK,0.9152271375317259
2024-04-02,9925.0,9950.0,9800.0,9900.0,9060.7490234375,76763100,BBCA.JK,0.915227174084596
2024-04-03,9750.0,9800.0,9525.0,9525.0,8717.5390625,177418400,BBCA.JK,0.9152271981627297
2024-04-04,9575.0,9850.0,9575.0,9850.0,9014.9873046875,75993500,BBCA.JK,0.9152271375317259
2024-04-05,9950.0,9950.0,9825.0,9825.0,8992.107421875,70428600,BBCA.JK,0.9152272185114504
2024-04-16,9350.0,9575.0,9250.0,9475.0,8671.77734375,283265900,BBCA.JK,0.9152271602902374
2024-04-17,9550.0,9675.0,9525.0,9525.0,8717.5390625,95620700,BBCA.JK,0.9152271981627297
2024-04-18,9525.0,9575.0,9450.0,9475.0,8671.77734375,127134000,BBCA.JK,0.9152271602902374
2024-04-19,9350.0,9500.0,9300.0,9475.0,8671.77734375,147784300,BBCA.JK,0.9152271602902374
2024-04-22,9400.0,9425.0,9350.0,9350.0,8557.373046875,128908000,BBCA.JK,0.9152270638368984
2024-04-23,9400.0,9775.0,9400.0,9725.0,8900.583984375,178833000,BBCA.JK,0.9152271449228792
2024-04-24,9825.0,9950.0,9750.0,9950.0,9106.5107421875,132832700,BBCA.JK,0.9152272102701005
2024-04-25,10000.0,10000.0,9700.0,9775.0,8946.345703125,104874100,BBCA.JK,0.9152271819053709
2024-04-26,9700.0,9825.0,9625.0,9625.0,8809.0615234375,100932900,BBCA.JK,0.9152271712662338
2024-04-29,9525.0,9850.0,9525.0,9800.0,8969.2275390625,90063500,BBCA.JK,0.9152272999043367
2024-04-30,10050.0,10050.0,9800.0,9800.0,8969.2275390625,109623000,BBCA.JK,0.9152272999043367
2024-05-02,9900.0,9900.0,9500.0,9550.0,8740.4189453125,97079400,BBCA.JK,0.9152271146924084
2024-05-03,9750.0,9850.0,9675.0,9850.0,9014.9873046875,81200400,BBCA.JK,0.9152271375317259
2024-05-06,9850.0,9875.0,9775.0,9800.0,8969.2275390625,53076200,BBCA.JK,0.9152272999043367
2024-05-07,9700.0,9750.0,9625.0,9700.0,8877.7041015625,66746800,BBCA.JK,0.9152272269652062
2024-05-08,9600.0,9700.0,9375.0,9375.0,8580.25390625,112808900,BBCA.JK,0.9152270833333334
2024-05-13,9200.0,9525.0,9200.0,9525.0,8717.5390625,145469900,BBCA.JK,0.9152271981627297
2024-05-14,9625.0,9675.0,9525.0,9550.0,8740.4189453125,95363500,BBCA.JK,0.9152271146924084
2024-05-15,9500.0,9600.0,9425.0,9500.0,8694.658203125,54741900,BBCA.JK,0.9152271792763158
2024-05-16,9575.0,9675.0,9525.0,9600.0,8786.181640625,61126000,BBCA.JK,0.9152272542317709
2024-05-17,9600.0,9850.0,9575.0,9750.0,8923.46484375,99848500,BBCA.JK,0.9152271634615384
2024-05-20,9700.0,9800.0,9475.0,9475.0,8671.77734375,87890100,BBCA.JK,0.9152271602902374
2024-05-21,9450.0,9575.0,9375.0,9375.0,8580.25390625,75311400,BBCA.JK,0.9152270833333334
2024-05-22,9475.0,9575.0,9325.0,9425.0,8626.017578125,121712700,BBCA.JK,0.9152273292440318
2024-05-27,9300.0,9375.0,9275.0,9300.0,8511.61328125,128578500,BBCA.JK,0.9152272345430108
2024-05-28,9300.0,9400.0,9300.0,9300.0,8511.61328125,73945700,BBCA.JK,0.9152272345430108
2024-05-29,9275.0,9325.0,9150.0,9150.0,8374.330078125,117351600,BBCA.JK,0.915227330942623
2024-05-30,9000.0,9250.0,8775.0,9000.0,8237.0439453125,207115100,BBCA.JK,0.9152271050347223
2024-05-31,9100.0,9250.0,9025.0,9250.0,8465.8515625,756431600,BBCA.JK,0.9152271959459459
2024-06-03,9350.0,9350.0,9225.0,9275.0,8488.732421875,72197700,BBCA.JK,0.915227215296496
2024-06-04,9525.0,9525.0,9350.0,9350.0,8557.373046875,75353100,BBCA.JK,0.9152270638368984
2024-06-05,9500.0,9500.0,9300.0,9450.0,8648.896484375,82087300,BBCA.JK,0.9152271412037037
2024-06-06,9525.0,9525.0,9450.0,9475.0,8671.77734375,44991300,BBCA.JK,0.9152271602902374
2024-06-07,9500.0,9500.0,9325.0,9325.0,8534.4931640625,51599800,BBCA.JK,0.915227148961126
2024-06-10,9500.0,9525.0,9450.0,9525.0,8717.5390625,45584700,BBCA.JK,0.9152271981627297
2024-06-11,9550.0,9550.0,9300.0,9300.0,8511.61328125,68690900,BBCA.JK,0.9152272345430108
2024-06-12,9300.0,9325.0,9250.0,9250.0,8465.8515625,49785700,BBCA.JK,0.9152271959459459
2024-06-13,9475.0,9475.0,9200.0,9200.0,8420.0888671875,84652200,BBCA.JK,0.91522705078125
2024-06-14,9200.0,9250.0,9100.0,9200.0,8420.0888671875,52986300,BBCA.JK,0.91522705078125
2024-06-19,9250.0,9250.0,9050.0,9050.0,8282.806640625,100051000,BBCA.JK,0.9152272531077348
2024-06-20,9150.0,9425.0,9100.0,9425.0,8626.017578125,81474800,BBCA.JK,0.9152273292440318
2024-06-21,9475.0,9675.0,9400.0,9600.0,8786.181640625,166841200,BBCA.JK,0.9152272542317709
2024-06-24,9600.0,9750.0,9575.0,9600.0,8786.181640625,79592300,BBCA.JK,0.9152272542317709
2024-06-25,9600.0,9600.0,9450.0,9600.0,8786.181640625,80029000,BBCA.JK,0.9152272542317709
2024-06-26,9525.0,9650.0,9450.0,9500.0,8694.658203125,77913200,BBCA.JK,0.9152271792763158
2024-06-27,9575.0,9750.0,9550.0,9750.0,8923.46484375,89150700,BBCA.JK,0.9152271634615384
2024-06-28,9800.0,9975.0,9775.0,9925.0,9083.62890625,166172300,BBCA.JK,0.9152270938287154
2024-07-01,9850.0,9900.0,9825.0,9875.0,9037.869140625,68634600,BBCA.JK,0.9152272547468354
2024-07-02,10000.0,10000.0,9850.0,9900.0,9060.7490234375,78848500,BBCA.JK,0.915227174084596
2024-07-03,9975.0,10000.0,9925.0,10000.0,9152.2724609375,55860200,BBCA.JK,0.91522724609375
2024-07-04,9975.0,10000.0,9825.0,9825.0,8992.107421875,67054000,BBCA.JK,0.9152272185114504
2024-07-05,9925.0,9975.0,9875.0,9950.0,9106.5107421875,36946900,BBCA.JK,0.9152272102701005
2024-07-08,10000.0,10050.0,9950.0,10050.0,9198.0322265625,72903600,BBCA.JK,0.9152270872201492
2024-07-09,10100.0,10150.0,10075.0,10075.0,9220.9140625,61853200,BBCA.JK,0.9152272022332506
2024-07-10,10175.0,10225.0,10050.0,10100.0,9243.794921875,62325900,BBCA.JK,0.9152272199876238
2024-07-11,10000.0,10125.0,10000.0,10075.0,9220.9140625,55908400,BBCA.JK,0.9152272022332506
2024-07-12,10050.0,10100.0,10025.0,10075.0,9220.9140625,62646500,BBCA.JK,0.9152272022332506
2024-07-15,10050.0,10075.0,9950.0,10050.0,9198.0322265625,36682600,BBCA.JK,0.9152270872201492
2024-07-16,9975.0,10025.0,9950.0,9950.0,9106.5107421875,37192700,BBCA.JK,0.9152272102701005
2024-07-17,9900.0,9950.0,9800.0,9800.0,8969.2275390625,90666000,BBCA.JK,0.9152272999043367
2024-07-18,9800.0,10100.0,9800.0,10100.0,9243.794921875,65383200,BBCA.JK,0.9152272199876238
2024-07-19,10050.0,10125.0,9975.0,10125.0,9266.6748046875,53880300,BBCA.JK,0.9152271412037037
2024-07-22,10125.0,10150.0,10100.0,10100.0,9243.794921875,31285300,BBCA.JK,0.9152272199876238
2024-07-23,10200.0,10200.0,10125.0,10175.0,9312.4365234375,39321100,BBCA.JK,0.9152271767506143
2024-07-24,10125.0,10175.0,10075.0,10075.0,9220.9140625,24658000,BBCA.JK,0.9152272022332506
2024-07-25,10225.0,10300.0,10200.0,10300.0,9426.83984375,98088100,BBCA.JK,0.9152271692961165
2024-07-26,10375.0,10400.0,10300.0,10325.0,9449.7197265625,75565800,BBCA.JK,0.9152270921610169
2024-07-29,10400.0,10425.0,10175.0,10250.0,9381.078125,69092500,BBCA.JK,0.9152271341463415
2024-07-30,10300.0,10300.0,10175.0,10175.0,9312.4365234375,32122900,BBCA.JK,0.9152271767506143
2024-07-31,10350.0,10350.0,10225.0,10275.0,9403.9609375,82519900,BBCA.JK,0.9152273418491484
2024-08-01,10200.0,10375.0,10200.0,10375.0,9495.4814453125,61176200,BBCA.JK,0.9152271272590361
2024-08-02,10275.0,10350.0,10200.0,10200.0,9335.3173828125,55699900,BBCA.JK,0.9152271943933824
2024-08-05,10000.0,10150.0,9875.0,9875.0,9037.869140625,126328300,BBCA.JK,0.9152272547468354
2024-08-06,10075.0,10075.0,9950.0,10000.0,9152.2724609375,78473900,BBCA.JK,0.91522724609375
2024-08-07,10000.0,10100.0,10000.0,10100.0,9243.794921875,52327400,BBCA.JK,0.9152272199876238
2024-08-08,10150.0,10225.0,10075.0,10225.0,9358.197265625,54162100,BBCA.JK,0.9152271164425427
2024-08-09,10225.0,10250.0,10100.0,10150.0,9289.556640625,47062400,BBCA.JK,0.9152272552339902
2024-08-12,10100.0,10200.0,10075.0,10200.0,9335.3173828125,40364100,BBCA.JK,0.9152271943933824
2024-08-13,10250.0,10300.0,10175.0,10300.0,9426.83984375,55207100,BBCA.JK,0.9152271692961165
2024-08-14,10300.0,10300.0,10200.0,10200.0,9335.3173828125,47999100,BBCA.JK,0.9152271943933824
2024-08-15,10200.0,10300.0,10175.0,10225.0,9358.197265625,33396600,BBCA.JK,0.9152271164425427
2024-08-16,10300.0,10325.0,10250.0,10325.0,9449.7197265625,40731400,BBCA.JK,0.9152270921610169
2024-08-19,10325.0,10425.0,10275.0,10375.0,9495.4814453125,51054400,BBCA.JK,0.9152271272590361
2024-08-20,10325.0,10450.0,10300.0,10425.0,9541.2431640625,60304400,BBCA.JK,0.9152271620203837
2024-08-21,10500.0,10500.0,10425.0,10425.0,9541.2431640625,84848800,BBCA.JK,0.9152271620203837
2024-08-22,10350.0,10400.0,10225.0,10325.0,9449.7197265625,56611600,BBCA.JK,0.9152270921610169
2024-08-23,10325.0,10375.0,10300.0,10325.0,9449.7197265625,46651600,BBCA.JK,0.9152270921610169
2024-08-26,10275.0,10375.0,10250.0,10325.0,9449.7197265625,35145600,BBCA.JK,0.9152270921610169
2024-08-27,10275.0,10300.0,10175.0,10200.0,9335.3173828125,60448400,BBCA.JK,0.9152271943933824
2024-08-28,10300.0,10350.0,10250.0,10350.0,9472.6015625,38489900,BBCA.JK,0.9152272041062802
2024-08-29,10500.0,10500.0,10225.0,10225.0,9358.197265625,53004700,BBCA.JK,0.9152271164425427
2024-08-30,10325.0,10325.0,10200.0,10325.0,9449.7197265625,158403700,BBCA.JK,0.9152270921610169
2024-09-02,10375.0,10375.0,10200.0,10275.0,9403.9609375,72008600,BBCA.JK,0.9152273418491484
2024-09-03,10325.0,10325.0,10150.0,10175.0,9312.4365234375,50950200,BBCA.JK,0.9152271767506143
2024-09-04,10150.0,10300.0,10125.0,10300.0,9426.83984375,44817000,BBCA.JK,0.9152271692961165
2024-09-05,10350.0,10350.0,10250.0,10250.0,9381.078125,39332900,BBCA.JK,0.9152271341463415
2024-09-06,10225.0,10300.0,10225.0,10300.0,9426.83984375,31541800,BBCA.JK,0.9152271692961165
2024-09-09,10300.0,10350.0,10200.0,10275.0,9403.9609375,36185100,BBCA.JK,0.9152273418491484
2024-09-10,10350.0,10350.0,10275.0,10350.0,9472.6015625,55093100,BBCA.JK,0.9152272041062802
2024-09-11,10425.0,10425.0,10350.0,10425.0,9541.2431640625,64621300,BBCA.JK,0.9152271620203837
2024-09-12,10450.0,10500.0,10375.0,10475.0,9587.0048828125,70759100,BBCA.JK,0.9152271964498807
2024-09-13,10400.0,10425.0,10325.0,10425.0,9541.2431640625,70057100,BBCA.JK,0.9152271620203837
2024-09-17,10450.0,10500.0,10350.0,10500.0,9609.884765625,89745000,BBCA.JK,0.9152271205357143
2024-09-18,10500.0,10625.0,10450.0,10625.0,9724.2890625,65420200,BBCA.JK,0.915227205882353
2024-09-19,10700.0,10900.0,10650.0,10900.0,9975.9755859375,140886600,BBCA.JK,0.9152271179759174
2024-09-20,10900.0,10900.0,10775.0,10775.0,9861.572265625,142194600,BBCA.JK,0.9152271244199536
2024-09-23,10725.0,10950.0,10725.0,10950.0,10021.7373046875,72553800,BBCA.JK,0.9152271511130137
2024-09-24,10775.0,10950.0,10775.0,10800.0,9884.4541015625,105191100,BBCA.JK,0.9152272316261574
2024-09-25,10675.0,10850.0,10525.0,10850.0,9930.21484375,158369100,BBCA.JK,0.9152271745391705
2024-09-26,10875.0,10875.0,10675.0,10700.0,9792.9306640625,84960100,BBCA.JK,0.9152271648656543
2024-09-27,10500.0,10750.0,10400.0,10650.0,9747.169921875,93027400,BBCA.JK,0.9152272227112676
2024-09-30,10475.0,10550.0,10325.0,10325.0,9449.7197265625,144692100,BBCA.JK,0.9152270921610169
2024-10-01,10400.0,10550.0,10375.0,10550.0,9655.6474609375,59797700,BBCA.JK,0.9152272474822275
2024-10-02,10325.0,10550.0,10325.0,10500.0,9609.884765625,86746200,BBCA.JK,0.9152271205357143
2024-10-03,10450.0,10525.0,10400.0,10450.0,9564.1240234375,60887000,BBCA.JK,0.9152271792763158
2024-10-04,10400.0,10475.0,10350.0,10475.0,9587.0048828125,58500400,BBCA.JK,0.9152271964498807
2024-10-07,10350.0,10375.0,10250.0,10300.0,9426.83984375,91867900,BBCA.JK,0.9152271692961165
2024-10-08,10200.0,10500.0,10150.0,10400.0,9518.36328125,99622900,BBCA.JK,0.9152272385817307
2024-10-09,10400.0,10525.0,10400.0,10425.0,9541.2431640625,56835200,BBCA.JK,0.9152271620203837
2024-10-10,10425.0,10500.0,10400.0,10500.0,9609.884765625,51080000,BBCA.JK,0.9152271205357143
2024-10-11,10575.0,10575.0,10375.0,10375.0,9495.4814453125,44632100,BBCA.JK,0.9152271272590361
2024-10-14,10375.0,10500.0,10375.0,10500.0,9609.884765625,31738600,BBCA.JK,0.9152271205357143
2024-10-15,10550.0,10625.0,10450.0,10625.0,9724.2890625,66635200,BBCA.JK,0.915227205882353
2024-10-16,10700.0,10725.0,10475.0,10475.0,9587.0048828125,63255900,BBCA.JK,0.9152271964498807
2024-10-17,10550.0,10800.0,10500.0,10725.0,9815.8115234375,66993300,BBCA.JK,0.9152271816724942
2024-10-18,10875.0,10875.0,10725.0,10750.0,9838.69140625,56299600,BBCA.JK,0.9152271075581395
2024-10-21,10850.0,10850.0,10675.0,10675.0,9770.05078125,36472500,BBCA.JK,0.9152272394613583
2024-10-22,10475.0,10600.0,10475.0,10500.0,9609.884765625,94799500,BBCA.JK,0.9152271205357143
2024-10-23,10475.0,10650.0,10475.0,10650.0,9747.169921875,48903000,BBCA.JK,0.9152272227112676
2024-10-24,10725.0,10850.0,10700.0,10700.0,9792.9306640625,85341200,BBCA.JK,0.9152271648656543
2024-10-25,10650.0,10750.0,10625.0,10750.0,9838.69140625,34847500,BBCA.JK,0.9152271075581395
2024-10-28,10825.0,10825.0,10600.0,10600.0,9701.4072265625,39061500,BBCA.JK,0.9152270968455188
2024-10-29,10525.0,10575.0,10500.0,10500.0,9609.884765625,49680100,BBCA.JK,0.9152271205357143
2024-10-30,10275.0,10400.0,10275.0,10350.0,9472.6015625,114484100,BBCA.JK,0.9152272041062802
2024-10-31,10325.0,10475.0,10250.0,10250.0,9381.078125,97553400,BBCA.JK,0.9152271341463415
2024-11-01,10275.0,10425.0,10275.0,10425.0,9541.2431640625,47710000,BBCA.JK,0.9152271620203837
2024-11-04,10425.0,10500.0,10300.0,10375.0,9495.4814453125,49275700,BBCA.JK,0.9152271272590361
2024-11-05,10300.0,10575.0,10300.0,10500.0,9609.884765625,50296500,BBCA.JK,0.9152271205357143
2024-11-06,10475.0,10500.0,10375.0,10450.0,9564.1240234375,50324900,BBCA.JK,0.9152271792763158
2024-11-07,10325.0,10450.0,10175.0,10175.0,9312.4365234375,131579100,BBCA.JK,0.9152271767506143
2024-11-08,10200.0,10225.0,10050.0,10075.0,9220.9140625,92166100,BBCA.JK,0.9152272022332506
2024-11-11,9800.0,10050.0,9800.0,10050.0,9198.0322265625,128707600,BBCA.JK,0.9152270872201492
2024-11-12,10100.0,10225.0,10000.0,10150.0,9289.556640625,80378500,BBCA.JK,0.9152272552339902
2024-11-13,10225.0,10250.0,10150.0,10150.0,9289.556640625,62933100,BBCA.JK,0.9152272552339902
2024-11-14,10125.0,10175.0,10050.0,10100.0,9243.794921875,56381400,BBCA.JK,0.9152272199876238
2024-11-15,10050.0,10275.0,10050.0,10175.0,9312.4365234375,63598200,BBCA.JK,0.9152271767506143
2024-11-18,10075.0,10125.0,10000.0,10000.0,9152.2724609375,65716200,BBCA.JK,0.91522724609375
2024-11-19,9900.0,10025.0,9900.0,9925.0,9083.62890625,85295300,BBCA.JK,0.9152270938287154
2024-11-20,10025.0,10150.0,10000.0,10075.0,9220.9140625,58584400,BBCA.JK,0.9152272022332506
2024-11-21,10000.0,10000.0,9850.0,9850.0,9059.9501953125,93181200,BBCA.JK,0.919791898001269
2024-11-22,9925.0,9950.0,9850.0,9850.0,9059.9501953125,58396100,BBCA.JK,0.919791898001269
2024-11-25,9950.0,10200.0,9900.0,10175.0,9358.8828125,165369400,BBCA.JK,0.9197919226044226
2024-11-26,10250.0,10250.0,10000.0,10000.0,9197.919921875,62310100,BBCA.JK,0.9197919921875
2024-11-28,9975.0,10075.0,9925.0,10000.0,9197.919921875,57443500,BBCA.JK,0.9197919921875
2024-11-29,10000.0,10100.0,9950.0,10000.0,9197.919921875,76886000,BBCA.JK,0.9197919921875
2024-12-02,10000.0,10050.0,9750.0,9750.0,8967.970703125,87879600,BBCA.JK,0.9197918669871795
2024-12-03,10025.0,10225.0,9900.0,10200.0,9381.8779296875,126087100,BBCA.JK,0.9197919538909314
2024-12-04,10175.0,10250.0,10050.0,10200.0,9381.8779296875,97876300,BBCA.JK,0.9197919538909314
2024-12-05,10250.0,10350.0,10225.0,10250.0,9427.8671875,96904400,BBCA.JK,0.9197919207317073
2024-12-06,10100.0,10175.0,10050.0,10075.0,9266.904296875,68247200,BBCA.JK,0.919791989764268
2024-12-09,10025.0,10350.0,10000.0,10350.0,9519.8466796875,64458400,BBCA.JK,0.9197919497282608
2024-12-10,10325.0,10350.0,10275.0,10350.0,9519.8466796875,61230400,BBCA.JK,0.9197919497282608
2024-12-11,10225.0,10425.0,10225.0,10425.0,9588.8310546875,37934300,BBCA.JK,0.9197919476918465
2024-12-12,10300.0,10375.0,10175.0,10175.0,9358.8828125,44780100,BBCA.JK,0.9197919226044226
2024-12-13,10125.0,10225.0,10025.0,10050.0,9243.908203125,75126400,BBCA.JK,0.9197918610074627
2024-12-16,10000.0,10125.0,10000.0,10100.0,9289.8984375,57746100,BBCA.JK,0.9197919245049505
2024-12-17,9950.0,10050.0,9900.0,9900.0,9105.9404296875,99845900,BBCA.JK,0.919791962594697
2024-12-18,9900.0,10025.0,9800.0,9800.0,9013.9619140625,84868500,BBCA.JK,0.9197920320471938
2024-12-19,9700.0,9775.0,9550.0,9675.0,8898.9873046875,104254100,BBCA.JK,0.9197919694767441
2024-12-20,9650.0,9750.0,9625.0,9650.0,8875.9912109375,91576900,BBCA.JK,0.9197918353303108
2024-12-23,9700.0,9850.0,9700.0,9775.0,8990.9658203125,43292100,BBCA.JK,0.9197918997762148
2024-12-24,9850.0,9900.0,9750.0,9750.0,8967.970703125,32415700,BBCA.JK,0.9197918669871795
2024-12-27,9800.0,9825.0,9725.0,9800.0,9013.9619140625,24016700,BBCA.JK,0.9197920320471938
2024-12-30,9800.0,9825.0,9675.0,9675.0,8898.9873046875,56350100,BBCA.JK,0.9197919694767441
2025-01-02,9650.0,9900.0,9650.0,9900.0,9105.9404296875,38124800,BBCA.JK,0.919791962594697
2025-01-03,9850.0,9925.0,9825.0,9850.0,9059.9501953125,41916000,BBCA.JK,0.919791898001269
2025-01-06,9850.0,9875.0,9650.0,9675.0,8898.9873046875,41593900,BBCA.JK,0.9197919694767441
2025-01-07,9675.0,9725.0,9525.0,9525.0,8761.0185546875,71318600,BBCA.JK,0.9197919742454068
2025-01-08,9675.0,9775.0,9575.0,9675.0,8898.9873046875,55943100,BBCA.JK,0.9197919694767441
2025-01-09,9750.0,9875.0,9725.0,9850.0,9059.9501953125,42733800,BBCA.JK,0.919791898001269
2025-01-10,9800.0,9925.0,9725.0,9725.0,8944.9765625,72531300,BBCA.JK,0.9197919344473008
2025-01-13,9625.0,9725.0,9625.0,9675.0,8898.9873046875,88270100,BBCA.JK,0.9197919694767441
2025-01-14,9600.0,9725.0,9525.0,9525.0,8761.0185546875,70942600,BBCA.JK,0.9197919742454068
2025-01-15,9575.0,9800.0,9550.0,9800.0,9013.9619140625,77098000,BBCA.JK,0.9197920320471938
2025-01-16,9850.0,9925.0,9750.0,9750.0,8967.970703125,76979000,BBCA.JK,0.9197918669871795
2025-01-17,9750.0,9900.0,9650.0,9900.0,9105.9404296875,71033100,BBCA.JK,0.919791962594697
2025-01-20,9850.0,9875.0,9625.0,9625.0,8852.9970703125,112111200,BBCA.JK,0.9197919034090909
2025-01-21,9600.0,9675.0,9550.0,9575.0,8807.0078125,124547900,BBCA.JK,0.9197919386422977
2025-01-22,9650.0,9675.0,9575.0,9600.0,8830.0029296875,90154800,BBCA.JK,0.9197919718424479
2025-01-23,9600.0,9750.0,9600.0,9600.0,8830.0029296875,120515400,BBCA.JK,0.9197919718424479
2025-01-24,9625.0,9650.0,9350.0,9350.0,8600.0537109375,152057000,BBCA.JK,0.9197918407419786
2025-01-30,9150.0,9275.0,9150.0,9150.0,8416.09765625,154645800,BBCA.JK,0.919792093579235
2025-01-31,9250.0,9500.0,9225.0,9450.0,8692.033203125,112982800,BBCA.JK,0.9197918733465609
2025-02-03,9400.0,9400.0,9225.0,9350.0,8600.0537109375,90439900,BBCA.JK,0.9197918407419786
2025-02-04,9350.0,9400.0,9175.0,9175.0,8439.0908203125,94607700,BBCA.JK,0.919791915020436
2025-02-05,9100.0,9175.0,9100.0,9125.0,8393.1015625,98229900,BBCA.JK,0.9197919520547945
2025-02-06,9075.0,9100.0,8850.0,8950.0,8232.138671875,171477800,BBCA.JK,0.919792030377095
2025-02-07,8950.0,9350.0,8825.0,9350.0,8600.0537109375,131162200,BBCA.JK,0.9197918407419786
2025-02-10,9025.0,9250.0,9025.0,9150.0,8416.09765625,76209100,BBCA.JK,0.919792093579235
2025-02-11,9025.0,9100.0,9000.0,9075.0,8347.111328125,71188300,BBCA.JK,0.9197918818870523
2025-02-12,8950.0,9150.0,8950.0,9150.0,8416.09765625,121172600,BBCA.JK,0.919792093579235
2025-02-13,9100.0,9150.0,9000.0,9000.0,8278.126953125,90439700,BBCA.JK,0.9197918836805555
2025-02-14,9000.0,9075.0,8950.0,8975.0,8255.1318359375,116274500,BBCA.JK,0.9197918480153203
2025-02-17,8975.0,9325.0,8975.0,9325.0,8577.0595703125,89096400,BBCA.JK,0.9197919110254692
2025-02-18,9325.0,9575.0,9250.0,9300.0,8554.0654296875,107318300,BBCA.JK,0.919791981686828
2025-02-19,9225.0,9250.0,8950.0,8950.0,8232.138671875,154438200,BBCA.JK,0.919792030377095
2025-02-20,8975.0,9025.0,8950.0,9000.0,8278.126953125,119260800,BBCA.JK,0.9197918836805555
2025-02-21,8950.0,9000.0,8925.0,9000.0,8278.126953125,106054700,BBCA.JK,0.9197918836805555
2025-02-24,8925.0,8975.0,8875.0,8925.0,8209.142578125,108530300,BBCA.JK,0.9197918855042017
2025-02-25,8900.0,9000.0,8825.0,8825.0,8117.1640625,101592700,BBCA.JK,0.9197919617563739
2025-02-26,8800.0,8900.0,8725.0,8775.0,8071.173828125,117843500,BBCA.JK,0.9197918892450142
2025-02-27,8800.0,8800.0,8500.0,8525.0,7841.2255859375,199991600,BBCA.JK,0.9197918575879765
2025-02-28,8525.0,8675.0,8425.0,8425.0,7749.24658203125,293095000,BBCA.JK,0.9197918791728487
2025-03-03,8600.0,8900.0,8550.0,8800.0,8094.1689453125,192944300,BBCA.JK,0.9197919256036932
2025-03-04,8900.0,8925.0,8675.0,8850.0,8140.158203125,125418500,BBCA.JK,0.919791887358757
2025-03-05,8825.0,9175.0,8825.0,9000.0,8278.126953125,155207900,BBCA.JK,0.9197918836805555
2025-03-06,9200.0,9200.0,8975.0,8975.0,8255.1318359375,96270100,BBCA.JK,0.9197918480153203
2025-03-07,9000.0,9000.0,8925.0,8925.0,8209.142578125,82295300,BBCA.JK,0.9197918855042017
2025-03-10,8750.0,8975.0,8725.0,8925.0,8209.142578125,97652100,BBCA.JK,0.9197918855042017
2025-03-11,8950.0,9050.0,8875.0,8925.0,8209.142578125,109295600,BBCA.JK,0.9197918855042017
2025-03-12,9025.0,9125.0,8975.0,9125.0,8393.1015625,87968900,BBCA.JK,0.9197919520547945
2025-03-13,9150.0,9175.0,8975.0,8975.0,8255.1318359375,83030700,BBCA.JK,0.9197918480153203
2025-03-14,8800.0,8925.0,8750.0,8750.0,8048.1796875,111397800,BBCA.JK,0.9197919642857143
2025-03-17,8750.0,8775.0,8550.0,8600.0,7910.21142578125,151365700,BBCA.JK,0.9197920262536338
2025-03-18,8500.0,8550.0,8075.0,8300.0,7634.27294921875,417305700,BBCA.JK,0.9197919215926205
2025-03-19,8300.0,8400.0,8225.0,8325.0,7657.267578125,214108200,BBCA.JK,0.9197919012762763
2025-03-20,8450.0,8475.0,8350.0,8375.0,7703.25732421875,152917300,BBCA.JK,0.9197919193097015
2025-03-21,8275.0,8275.0,7900.0,7900.0,7489.9365234375,377916400,BBCA.JK,0.9480932308148734
2025-03-24,7825.0,8100.0,7625.0,7950.0,7537.3408203125,331836800,BBCA.JK,0.9480931849449685
2025-03-25,8075.0,8150.0,8000.0,8050.0,7632.150390625,136341700,BBCA.JK,0.9480932162267081
2025-03-26,8300.0,8650.0,8275.0,8525.0,8082.494140625,283104600,BBCA.JK,0.9480931543255132
2025-03-27,8425.0,8575.0,8375.0,8500.0,8058.7919921875,122943900,BBCA.JK,0.9480931755514705
2025-04-08,7400.0,8000.0,7275.0,7775.0,7371.4248046875,533073600,BBCA.JK,0.9480932224678457
2025-04-09,7700.0,7950.0,7675.0,7925.0,7513.638671875,136753900,BBCA.JK,0.948093207807571
2025-04-10,8500.0,8650.0,8175.0,8225.0,7798.06689453125,144148600,BBCA.JK,0.9480932394566869
2025-04-11,8200.0,8325.0,8050.0,8275.0,7845.47119140625,82603000,BBCA.JK,0.9480931953361027
2025-04-14,8250.0,8400.0,8250.0,8400.0,7963.98291015625,83319300,BBCA.JK,0.9480932035900298
2025-04-15,8575.0,8600.0,8450.0,8575.0,8129.8994140625,83431800,BBCA.JK,0.9480932261297376
2025-04-16,8500.0,8550.0,8425.0,8475.0,8035.08935546875,76874900,BBCA.JK,0.948093139288348
2025-04-17,8450.0,8500.0,8350.0,8500.0,8058.7919921875,83540600,BBCA.JK,0.9480931755514705
2025-04-21,8500.0,8500.0,8300.0,8300.0,7869.17333984375,40683800,BBCA.JK,0.9480931734751507
2025-04-22,8325.0,8500.0,8325.0,8500.0,8058.7919921875,56537100,BBCA.JK,0.9480931755514705
2025-04-23,8550.0,8725.0,8550.0,8725.0,8272.11328125,92329600,BBCA.JK,0.9480932127507163
2025-04-24,8850.0,8850.0,8475.0,8475.0,8035.08935546875,143675300,BBCA.JK,0.948093139288348
2025-04-25,8650.0,8650.0,8575.0,8600.0,8153.6015625,58297000,BBCA.JK,0.9480932049418604
2025-04-28,8750.0,8775.0,8650.0,8775.0,8319.517578125,73235400,BBCA.JK,0.9480931712962963
2025-04-29,8800.0,8825.0,8700.0,8725.0,8272.11328125,60315700,BBCA.JK,0.9480932127507163
2025-04-30,8800.0,8925.0,8675.0,8825.0,8366.9228515625,164597500,BBCA.JK,0.9480932409702549
2025-05-02,9000.0,9000.0,8850.0,8975.0,8509.1357421875,92219000,BBCA.JK,0.9480931189066852
2025-05-05,9000.0,9050.0,8975.0,8975.0,8509.1357421875,86385600,BBCA.JK,0.9480931189066852
2025-05-06,9050.0,9050.0,8975.0,9025.0,8556.541015625,48860500,BBCA.JK,0.9480931873268698
2025-05-07,9075.0,9100.0,9000.0,9075.0,8603.9453125,77382000,BBCA.JK,0.9480931473829202
2025-05-08,9075.0,9200.0,8925.0,8975.0,8509.1357421875,99614500,BBCA.JK,0.9480931189066852
2025-05-09,9050.0,9050.0,8975.0,9000.0,8532.837890625,47167500,BBCA.JK,0.9480930989583334
2025-05-14,9250.0,9300.0,9150.0,9275.0,8793.5634765625,149002900,BBCA.JK,0.9480930972035041
2025-05-15,9275.0,9400.0,9250.0,9275.0,8793.5634765625,101401300,BBCA.JK,0.9480930972035041
2025-05-16,9300.0,9325.0,9225.0,9300.0,8817.265625,63007500,BBCA.JK,0.9480930779569893
2025-05-19,9275.0,9500.0,9250.0,9500.0,9006.8857421875,111597200,BBCA.JK,0.9480932360197368
2025-05-20,9500.0,9675.0,9475.0,9475.0,8983.18359375,160614800,BBCA.JK,0.9480932552770448
2025-05-21,9700.0,9725.0,9550.0,9700.0,9196.50390625,169739200,BBCA.JK,0.9480931862113402
2025-05-22,9800.0,9800.0,9650.0,9650.0,9149.0986328125,103113000,BBCA.JK,0.9480931225712436
2025-05-23,9675.0,9700.0,9625.0,9675.0,9172.80078125,48521800,BBCA.JK,0.948093104005168
2025-05-26,9600.0,9650.0,9500.0,9625.0,9125.3974609375,56625300,BBCA.JK,0.9480932426948052
2025-05-27,9550.0,9600.0,9450.0,9450.0,8959.48046875,93212000,BBCA.JK,0.9480931712962963
2025-05-28,9450.0,9550.0,9400.0,9400.0,8912.076171875,236950800,BBCA.JK,0.9480932097739362
2025-06-02,9025.0,9175.0,9025.0,9100.0,8627.6484375,264428700,BBCA.JK,0.9480932348901099
2025-06-03,9050.0,9125.0,8950.0,9050.0,8580.2431640625,128318100,BBCA.JK,0.9480931672997237
2025-06-04,9100.0,9125.0,8950.0,8975.0,8509.1357421875,93357200,BBCA.JK,0.9480931189066852
2025-06-05,9000.0,9050.0,8900.0,8925.0,8461.73046875,95529000,BBCA.JK,0.948093049719888
2025-06-10,8975.0,9100.0,8950.0,9100.0,8627.6484375,80406400,BBCA.JK,0.9480932348901099
2025-06-11,9100.0,9125.0,9050.0,9050.0,8580.2431640625,56632600,BBCA.JK,0.9480931672997237
2025-06-12,9000.0,9125.0,9000.0,9125.0,8651.3505859375,41337300,BBCA.JK,0.9480932148972603
2025-06-13,9100.0,9125.0,8975.0,9025.0,8556.541015625,83318000,BBCA.JK,0.9480931873268698
2025-06-16,8925.0,9000.0,8900.0,8925.0,8461.73046875,57825000,BBCA.JK,0.948093049719888
2025-06-17,8975.0,9100.0,8975.0,9075.0,8603.9453125,54927900,BBCA.JK,0.9480931473829202
2025-06-18,8950.0,9025.0,8900.0,8900.0,8438.029296875,86270200,BBCA.JK,0.9480931794241573
2025-06-19,8900.0,8925.0,8750.0,8775.0,8319.517578125,78879500,BBCA.JK,0.9480931712962963
2025-06-20,8700.0,8875.0,8625.0,8700.0,8248.4111328125,445915100,BBCA.JK,0.9480932336566092
2025-06-23,8575.0,8700.0,8500.0,8625.0,8177.30419921875,87324500,BBCA.JK,0.9480932404891305
2025-06-24,8725.0,8850.0,8700.0,8775.0,8319.517578125,110158900,BBCA.JK,0.9480931712962963
2025-06-25,8725.0,8775.0,8475.0,8600.0,8153.6015625,117561000,BBCA.JK,0.9480932049418604
2025-06-26,8525.0,8650.0,8525.0,8650.0,8201.005859375,117281700,BBCA.JK,0.948093162933526
2025-06-30,8575.0,8825.0,8550.0,8675.0,8224.7080078125,185441800,BBCA.JK,0.948093142110951
2025-07-01,8750.0,8775.0,8600.0,8700.0,8248.4111328125,82364500,BBCA.JK,0.9480932336566092
2025-07-02,8575.0,8675.0,8575.0,8675.0,8224.7080078125,68545100,BBCA.JK,0.948093142110951
2025-07-03,8700.0,8750.0,8600.0,8600.0,8153.6015625,50370800,BBCA.JK,0.9480932049418604
2025-07-04,8650.0,8700.0,8550.0,8650.0,8201.005859375,43593300,BBCA.JK,0.948093162933526
2025-07-07,8625.0,8650.0,8550.0,8625.0,8177.30419921875,49936900,BBCA.JK,0.9480932404891305
2025-07-08,8550.0,8600.0,8425.0,8500.0,8058.7919921875,215611000,BBCA.JK,0.9480931755514705
2025-07-09,8500.0,8550.0,8450.0,8500.0,8058.7919921875,94459300,BBCA.JK,0.9480931755514705
2025-07-10,8525.0,8650.0,8500.0,8600.0,8153.6015625,111769400,BBCA.JK,0.9480932049418604
2025-07-11,8575.0,8675.0,8575.0,8625.0,8177.30419921875,135986500,BBCA.JK,0.9480932404891305
2025-07-14,8650.0,8675.0,8450.0,8525.0,8082.494140625,125196000,BBCA.JK,0.9480931543255132
2025-07-15,8600.0,8600.0,8475.0,8550.0,8106.19677734375,77219300,BBCA.JK,0.9480931903326023
2025-07-16,8550.0,8600.0,8500.0,8525.0,8082.494140625,97475300,BBCA.JK,0.9480931543255132
2025-07-17,8500.0,8550.0,8500.0,8525.0,8082.494140625,86016400,BBCA.JK,0.9480931543255132
2025-07-18,8550.0,8575.0,8425.0,8425.0,7987.685546875,80432200,BBCA.JK,0.9480932399851631
2025-07-21,8450.0,8500.0,8375.0,8450.0,8011.38720703125,95383500,BBCA.JK,0.9480931605954142
2025-07-22,8450.0,8475.0,8400.0,8400.0,7963.98291015625,77981700,BBCA.JK,0.9480932035900298
2025-07-23,8450.0,8500.0,8400.0,8425.0,7987.685546875,70969500,BBCA.JK,0.9480932399851631
2025-07-24,8475.0,8550.0,8450.0,8500.0,8058.7919921875,138256800,BBCA.JK,0.9480931755514705
2025-07-25,8500.0,8525.0,8450.0,8450.0,8011.38720703125,58682800,BBCA.JK,0.9480931605954142
2025-07-28,8625.0,8625.0,8475.0,8500.0,8058.7919921875,99484300,BBCA.JK,0.9480931755514705
2025-07-29,8500.0,8500.0,8375.0,8400.0,7963.98291015625,104240300,BBCA.JK,0.9480932035900298
2025-07-30,8475.0,8475.0,8325.0,8375.0,7940.2802734375,98098100,BBCA.JK,0.9480931669776119
2025-07-31,8350.0,8375.0,8250.0,8275.0,7845.47119140625,206006300,BBCA.JK,0.9480931953361027
2025-08-01,8400.0,8425.0,8300.0,8300.0,7869.17333984375,86196100,BBCA.JK,0.9480931734751507
2025-08-04,8325.0,8350.0,8275.0,8275.0,7845.47119140625,49054500,BBCA.JK,0.9480931953361027
2025-08-05,8350.0,8450.0,8325.0,8425.0,7987.685546875,69475900,BBCA.JK,0.9480932399851631
2025-08-06,8425.0,8425.0,8300.0,8300.0,7869.17333984375,56325400,BBCA.JK,0.9480931734751507
2025-08-07,8325.0,8350.0,8300.0,8300.0,7869.17333984375,43621300,BBCA.JK,0.9480931734751507
2025-08-08,8325.0,8400.0,8300.0,8300.0,7869.17333984375,68378700,BBCA.JK,0.9480931734751507
2025-08-11,8500.0,8550.0,8425.0,8550.0,8106.19677734375,128561300,BBCA.JK,0.9480931903326023
2025-08-12,8625.0,8875.0,8575.0,8850.0,8390.625,171015700,BBCA.JK,0.948093220338983
2025-08-13,8975.0,8975.0,8725.0,8925.0,8461.73046875,129083900,BBCA.JK,0.948093049719888
2025-08-14,8925.0,8950.0,8750.0,8775.0,8319.517578125,122930900,BBCA.JK,0.9480931712962963
2025-08-15,8825.0,8850.0,8700.0,8700.0,8248.4111328125,68754200,BBCA.JK,0.9480932336566092
2025-08-19,8600.0,8600.0,8450.0,8500.0,8058.7919921875,128591700,BBCA.JK,0.9480931755514705
2025-08-20,8375.0,8600.0,8350.0,8525.0,8082.494140625,202260200,BBCA.JK,0.9480931543255132
2025-08-21,8550.0,8575.0,8500.0,8550.0,8106.19677734375,69470200,BBCA.JK,0.9480931903326023
2025-08-22,8575.0,8575.0,8450.0,8450.0,8011.38720703125,66394100,BBCA.JK,0.9480931605954142
2025-08-25,8525.0,8550.0,8475.0,8475.0,8035.08935546875,64052700,BBCA.JK,0.948093139288348
2025-08-26,8450.0,8475.0,8250.0,8250.0,7821.76904296875,326794200,BBCA.JK,0.9480932173295454
2025-08-27,8250.0,8350.0,8200.0,8300.0,7869.17333984375,111915700,BBCA.JK,0.9480931734751507
2025-08-28,8350.0,8375.0,8275.0,8325.0,7892.87548828125,81281400,BBCA.JK,0.9480931517454955
2025-08-29,8250.0,8275.0,8075.0,8075.0,7655.85302734375,236499300,BBCA.JK,0.9480932541602167
2025-09-01,7650.0,8050.0,7600.0,8000.0,7584.74560546875,421127500,BBCA.JK,0.9480932006835937
2025-09-02,8000.0,8175.0,8000.0,8000.0,7584.74560546875,155531500,BBCA.JK,0.9480932006835937
2025-09-03,7900.0,8000.0,7900.0,7975.0,7561.04296875,212372700,BBCA.JK,0.9480931622257053
2025-09-04,7975.0,8000.0,7925.0,8000.0,7584.74560546875,103534800,BBCA.JK,0.9480932006835937
2025-09-08,8025.0,8025.0,7700.0,7700.0,7300.31787109375,321191900,BBCA.JK,0.9480932300121753
2025-09-09,7625.0,7725.0,7475.0,7525.0,7134.4013671875,595368700,BBCA.JK,0.9480932049418604
2025-09-10,7550.0,7800.0,7550.0,7800.0,7395.126953125,246849600,BBCA.JK,0.9480931991185897
2025-09-11,7900.0,7975.0,7850.0,7850.0,7442.53173828125,235173400,BBCA.JK,0.9480932150676752
2025-09-12,7975.0,7975.0,7850.0,7925.0,7513.638671875,156084700,BBCA.JK,0.948093207807571
2025-09-15,8000.0,8100.0,7975.0,8025.0,7608.44775390625,142567700,BBCA.JK,0.9480931780568536
2025-09-16,8050.0,8075.0,7900.0,7925.0,7513.638671875,129312900,BBCA.JK,0.948093207807571
2025-09-17,7850.0,7900.0,7800.0,7850.0,7442.53173828125,183725900,BBCA.JK,0.9480932150676752
2025-09-18,7850.0,7900.0,7650.0,7700.0,7300.31787109375,275378700,BBCA.JK,0.9480932300121753
2025-09-19,7650.0,7825.0,7650.0,7800.0,7395.126953125,149025300,BBCA.JK,0.9480931991185897
2025-09-22,7800.0,7825.0,7725.0,7725.0,7324.01953125,92588800,BBCA.JK,0.9480931432038835
2025-09-23,7750.0,7900.0,7750.0,7875.0,7466.23388671875,102606200,BBCA.JK,0.9480931919642858
2025-09-24,7950.0,7950.0,7725.0,7775.0,7371.4248046875,150428400,BBCA.JK,0.9480932224678457
2025-09-25,7725.0,7775.0,7700.0,7700.0,7300.31787109375,147986600,BBCA.JK,0.9480932300121753
2025-09-26,7575.0,7700.0,7575.0,7625.0,7229.2109375,121657700,BBCA.JK,0.948093237704918
2025-09-29,7750.0,7800.0,7700.0,7775.0,7371.4248046875,116454700,BBCA.JK,0.9480932224678457
2025-09-30,7700.0,7775.0,7625.0,7625.0,7229.2109375,170666700,BBCA.JK,0.948093237704918
2025-10-01,7600.0,7675.0,7500.0,7500.0,7110.69873046875,202433400,BBCA.JK,0.9480931640625
2025-10-02,7500.0,7600.0,7500.0,7500.0,7110.69873046875,126952400,BBCA.JK,0.9480931640625
2025-10-03,7525.0,7550.0,7500.0,7525.0,7134.4013671875,76787500,BBCA.JK,0.9480932049418604
2025-10-06,7500.0,7550.0,7450.0,7500.0,7110.69873046875,104032400,BBCA.JK,0.9480931640625
2025-10-07,7550.0,7600.0,7500.0,7575.0,7181.8056640625,74282600,BBCA.JK,0.9480931569719472
2025-10-08,7500.0,7525.0,7375.0,7375.0,6992.18701171875,168080800,BBCA.JK,0.948093154131356
2025-10-09,7375.0,7700.0,7300.0,7550.0,7158.103515625,293567400,BBCA.JK,0.9480931808774834
2025-10-10,7450.0,7450.0,7350.0,7400.0,7015.8896484375,107426000,BBCA.JK,0.9480931957347973
2025-10-13,7300.0,7375.0,7300.0,7325.0,6944.78271484375,101847900,BBCA.JK,0.9480932033916383
2025-10-14,7275.0,7350.0,7250.0,7250.0,6873.67578125,151862300,BBCA.JK,0.9480932112068966
2025-10-15,7250.0,7350.0,7225.0,7250.0,6873.67578125,133206400,BBCA.JK,0.9480932112068966
2025-10-16,7250.0,7325.0,7225.0,7300.0,6921.080078125,120611200,BBCA.JK,0.9480931613869863
2025-10-17,7300.0,7525.0,7275.0,7500.0,7110.69873046875,157334400,BBCA.JK,0.9480931640625
2025-10-20,7700.0,8000.0,7625.0,7875.0,7466.23388671875,393421800,BBCA.JK,0.9480931919642858
2025-10-21,8100.0,8475.0,8100.0,8475.0,8035.08935546875,529802600,BBCA.JK,0.948093139288348
2025-10-22,8700.0,8700.0,8200.0,8200.0,7774.3642578125,392957200,BBCA.JK,0.9480932021722561
2025-10-23,8200.0,8350.0,8150.0,8325.0,7892.87548828125,187003900,BBCA.JK,0.9480931517454955
2025-10-24,8300.0,8375.0,8275.0,8275.0,7845.47119140625,133355100,BBCA.JK,0.9480931953361027
2025-10-27,8325.0,8425.0,8200.0,8350.0,7916.578125,182275600,BBCA.JK,0.9480931886227545
2025-10-28,8350.0,8400.0,8250.0,8275.0,7845.47119140625,180270000,BBCA.JK,0.9480931953361027
2025-10-29,8300.0,8600.0,8275.0,8600.0,8153.6015625,239156800,BBCA.JK,0.9480932049418604
2025-10-30,8575.0,8750.0,8475.0,8525.0,8082.494140625,259009800,BBCA.JK,0.9480931543255132
2025-10-31,8550.0,8650.0,8525.0,8525.0,8082.494140625,177088000,BBCA.JK,0.9480931543255132
2025-11-03,8650.0,8650.0,8525.0,8650.0,8201.005859375,115007100,BBCA.JK,0.948093162933526
2025-11-04,8650.0,8700.0,8625.0,8650.0,8201.005859375,155231500,BBCA.JK,0.948093162933526
2025-11-05,8625.0,8700.0,8600.0,8700.0,8248.4111328125,125731500,BBCA.JK,0.9480932336566092
2025-11-06,8625.0,8675.0,8550.0,8550.0,8106.19677734375,89756900,BBCA.JK,0.9480931903326023
2025-11-07,8550.0,8675.0,8550.0,8675.0,8224.7080078125,75241900,BBCA.JK,0.948093142110951
2025-11-10,8675.0,8675.0,8575.0,8575.0,8129.8994140625,79897700,BBCA.JK,0.9480932261297376
2025-11-11,8575.0,8600.0,8400.0,8400.0,7963.98291015625,130897600,BBCA.JK,0.9480932035900298
2025-11-12,8425.0,8550.0,8400.0,8500.0,8058.7919921875,85415600,BBCA.JK,0.9480931755514705
2025-11-13,8400.0,8475.0,8375.0,8375.0,7940.2802734375,104113800,BBCA.JK,0.9480931669776119
2025-11-14,8375.0,8500.0,8375.0,8425.0,7987.685546875,89815300,BBCA.JK,0.9480932399851631
2025-11-17,8500.0,8575.0,8475.0,8575.0,8129.8994140625,129411100,BBCA.JK,0.9480932261297376
2025-11-18,8550.0,8575.0,8400.0,8400.0,7963.98291015625,119377900,BBCA.JK,0.9480932035900298
2025-11-19,8350.0,8500.0,8325.0,8475.0,8035.08935546875,114209700,BBCA.JK,0.948093139288348
2025-11-20,8475.0,8600.0,8400.0,8425.0,7987.685546875,124087400,BBCA.JK,0.9480932399851631
2025-11-21,8375.0,8425.0,8350.0,8400.0,7963.98291015625,103917100,BBCA.JK,0.9480932035900298
2025-11-24,8400.0,8475.0,8350.0,8475.0,8035.08935546875,279590600,BBCA.JK,0.948093139288348
2025-11-25,8475.0,8500.0,8375.0,8500.0,8058.7919921875,98807700,BBCA.JK,0.9480931755514705
2025-11-26,8400.0,8450.0,8375.0,8425.0,7987.685546875,77094400,BBCA.JK,0.9480932399851631
2025-11-27,8425.0,8450.0,8325.0,8325.0,7892.87548828125,71051300,BBCA.JK,0.9480931517454955
2025-11-28,8325.0,8350.0,8275.0,8275.0,7845.47119140625,67559300,BBCA.JK,0.9480931953361027
2025-12-01,8450.0,8450.0,8350.0,8400.0,7963.98291015625,76359200,BBCA.JK,0.9480932035900298
2025-12-02,8350.0,8425.0,8350.0,8375.0,7940.2802734375,97044000,BBCA.JK,0.9480931669776119
2025-12-03,8350.0,8400.0,8300.0,8300.0,7921.193359375,103550900,BBCA.JK,0.9543606457078313
2025-12-04,8325.0,8350.0,8225.0,8225.0,7849.61669921875,71410400,BBCA.JK,0.9543606929141337
2025-12-05,8200.0,8300.0,8200.0,8300.0,7921.193359375,71162300,BBCA.JK,0.9543606457078313
2025-12-08,8350.0,8350.0,8250.0,8300.0,7921.193359375,61745200,BBCA.JK,0.9543606457078313
2025-12-09,8300.0,8300.0,8100.0,8100.0,7730.3212890625,113057200,BBCA.JK,0.954360652970679
2025-12-10,8100.0,8175.0,8025.0,8075.0,7706.46240234375,143418300,BBCA.JK,0.9543606690208978
2025-12-11,8175.0,8200.0,7900.0,8000.0,7634.88525390625,140766000,BBCA.JK,0.9543606567382813
2025-12-12,7900.0,8000.0,7850.0,8000.0,7634.88525390625,100006800,BBCA.JK,0.9543606567382813
2025-12-15,7925.0,8300.0,7925.0,8300.0,7921.193359375,143105700,BBCA.JK,0.9543606457078313
2025-12-16,8375.0,8375.0,8025.0,8075.0,7706.46240234375,122332000,BBCA.JK,0.9543606690208978
2025-12-17,8000.0,8125.0,7975.0,8025.0,7658.744140625,89802700,BBCA.JK,0.954360640576324
2025-12-18,8025.0,8250.0,8025.0,8175.0,7801.8984375,88497200,BBCA.JK,0.9543606651376146
2025-12-19,8200.0,8225.0,8050.0,8050.0,7682.603515625,131069800,BBCA.JK,0.9543606851708074
2025-12-22,8050.0,8175.0,8025.0,8175.0,7801.8984375,72424200,BBCA.JK,0.9543606651376146
2025-12-23,8100.0,8125.0,7975.0,8025.0,7658.744140625,85044100,BBCA.JK,0.954360640576324
2025-12-24,8025.0,8075.0,8000.0,8025.0,7658.744140625,71260500,BBCA.JK,0.954360640576324
2025-12-29,8025.0,8025.0,7950.0,8025.0,7658.744140625,78399400,BBCA.JK,0.954360640576324
2025-12-30,7950.0,8175.0,7950.0,8075.0,7706.46240234375,101995600,BBCA.JK,0.9543606690208978
2026-01-02,8075.0,8075.0,8000.0,8025.0,7658.744140625,68612400,BBCA.JK,0.954360640576324
2026-01-05,8000.0,8100.0,8000.0,8075.0,7706.46240234375,73408800,BBCA.JK,0.9543606690208978
2026-01-06,8175.0,8175.0,8075.0,8175.0,7801.8984375,97624300,BBCA.JK,0.9543606651376146
2026-01-07,8125.0,8175.0,8025.0,8150.0,7778.03955078125,93152500,BBCA.JK,0.954360681077454
2026-01-08,8100.0,8150.0,8050.0,8050.0,7682.603515625,79823700,BBCA.JK,0.9543606851708074
2026-01-09,8125.0,8175.0,8050.0,8125.0,7754.18017578125,79484700,BBCA.JK,0.9543606370192308
2026-01-12,8075.0,8100.0,8000.0,8025.0,7658.744140625,82935700,BBCA.JK,0.954360640576324
2026-01-13,8025.0,8075.0,8000.0,8075.0,7706.46240234375,80536300,BBCA.JK,0.9543606690208978
2026-01-14,8025.0,8050.0,7950.0,8000.0,7634.88525390625,105724300,BBCA.JK,0.9543606567382813
2026-01-15,8000.0,8175.0,7975.0,8075.0,7706.46240234375,151753100,BBCA.JK,0.9543606690208978
2026-01-19,8075.0,8125.0,7975.0,8125.0,7754.18017578125,172100000,BBCA.JK,0.9543606370192308
2026-01-20,8050.0,8125.0,8000.0,8000.0,7634.88525390625,82672500,BBCA.JK,0.9543606567382813
2026-01-21,7925.0,7950.0,7700.0,7700.0,7348.5771484375,301825600,BBCA.JK,0.9543606686282468
2026-01-22,7700.0,7775.0,7600.0,7650.0,7300.85888671875,268025900,BBCA.JK,0.9543606387867647
2026-01-23,7600.0,7675.0,7550.0,7650.0,7300.85888671875,202878600,BBCA.JK,0.9543606387867647
2026-01-26,7550.0,7675.0,7525.0,7650.0,7300.85888671875,213044100,BBCA.JK,0.9543606387867647
2026-01-27,7575.0,7625.0,7500.0,7500.0,7157.70458984375,259830900,BBCA.JK,0.9543606119791667
2026-01-28,7050.0,7400.0,6925.0,7025.0,6704.3837890625,1027287500,BBCA.JK,0.9543606817170819
2026-01-29,6675.0,7275.0,6375.0,7200.0,6871.39697265625,1432993400,BBCA.JK,0.9543606906467014
2026-01-30,7200.0,7600.0,7200.0,7400.0,7062.26904296875,528434900,BBCA.JK,0.9543606814822635
2026-02-02,7600.0,7600.0,7325.0,7600.0,7253.14111328125,326948700,BBCA.JK,0.9543606728001645
2026-02-03,7600.0,7650.0,7375.0,7650.0,7300.85888671875,206015400,BBCA.JK,0.9543606387867647
2026-02-04,7650.0,7825.0,7600.0,7800.0,7444.0126953125,193370800,BBCA.JK,0.954360601963141
2026-02-05,7800.0,7925.0,7800.0,7800.0,7444.0126953125,142332400,BBCA.JK,0.954360601963141
2026-02-06,7700.0,7775.0,7600.0,7675.0,7324.7177734375,176352600,BBCA.JK,0.954360621946254
2026-02-09,7675.0,7725.0,7450.0,7500.0,7157.70458984375,174758300,BBCA.JK,0.9543606119791667
2026-02-10,7500.0,7550.0,7450.0,7475.0,7133.84619140625,127704200,BBCA.JK,0.9543606945025084
2026-02-11,7475.0,7525.0,7400.0,7450.0,7109.98681640625,213505000,BBCA.JK,0.9543606464974832
2026-02-12,7450.0,7475.0,7300.0,7325.0,6990.69189453125,237465300,BBCA.JK,0.9543606681953924
2026-02-13,7325.0,7325.0,7200.0,7200.0,6871.39697265625,356015300,BBCA.JK,0.9543606906467014
2026-02-18,7225.0,7375.0,7225.0,7275.0,6942.97412109375,125301200,BBCA.JK,0.9543607039304124
2026-02-19,7325.0,7325.0,7175.0,7175.0,6847.53759765625,133463400,BBCA.JK,0.9543606407883275
2026-02-20,7175.0,7250.0,7150.0,7225.0,6895.25537109375,122959500,BBCA.JK,0.9543606049956748
2026-02-23,7300.0,7350.0,7275.0,7300.0,6966.83251953125,100443800,BBCA.JK,0.9543606191138698
2026-02-24,7275.0,7325.0,7225.0,7225.0,6895.25537109375,159225400,BBCA.JK,0.9543606049956748
2026-02-25,7275.0,7375.0,7250.0,7325.0,6990.69189453125,133278000,BBCA.JK,0.9543606681953924
2026-02-26,7350.0,7375.0,7200.0,7300.0,6966.83251953125,127811900,BBCA.JK,0.9543606191138698
2026-02-27,7200.0,7275.0,7175.0,7175.0,6847.53759765625,193104700,BBCA.JK,0.9543606407883275
2026-03-02,7075.0,7150.0,6975.0,7025.0,6704.3837890625,156182700,BBCA.JK,0.9543606817170819
2026-03-03,7075.0,7125.0,7025.0,7075.0,6752.1015625,103031100,BBCA.JK,0.9543606448763251
2026-03-04,7075.0,7075.0,6825.0,6875.0,6561.2294921875,216518700,BBCA.JK,0.9543606534090909
2026-03-05,6975.0,7125.0,6950.0,7100.0,6775.96044921875,110256300,BBCA.JK,0.9543606266505281
2026-03-06,7075.0,7100.0,7000.0,7000.0,6680.5244140625,102725700,BBCA.JK,0.9543606305803571
2026-03-09,6900.0,6950.0,6825.0,6875.0,6561.2294921875,150426400,BBCA.JK,0.9543606534090909
2026-03-10,6950.0,7050.0,6925.0,6975.0,6656.66552734375,129977900,BBCA.JK,0.9543606490815412
2026-03-11,6975.0,7000.0,6825.0,6825.0,6513.51171875,91723400,BBCA.JK,0.9543606913919414
2026-03-12,6825.0,7025.0,6825.0,6900.0,6585.0888671875,98787400,BBCA.JK,0.9543607053894928
2026-03-13,6850.0,7025.0,6850.0,6875.0,6561.2294921875,107940600,BBCA.JK,0.9543606534090909
2026-03-16,6850.0,6875.0,6700.0,6750.0,6441.9345703125,127757500,BBCA.JK,0.9543606770833334
2026-03-17,6750.0,6825.0,6750.0,6775.0,6465.79345703125,160903900,BBCA.JK,0.9543606578643912
2026-03-25,6675.0,6925.0,6675.0,6900.0,6585.0888671875,314281100,BBCA.JK,0.9543607053894928
2026-03-26,6900.0,6975.0,6850.0,6875.0,6561.2294921875,145934900,BBCA.JK,0.9543606534090909
2026-03-27,6775.0,6850.0,6700.0,6700.0,6394.21630859375,283556500,BBCA.JK,0.9543606430736941
2026-03-30,6400.0,6500.0,6350.0,6450.0,6425.0966796875,242278100,BBCA.JK,0.9961390201065892
2026-03-31,6450.0,6550.0,6450.0,6450.0,6425.0966796875,150657800,BBCA.JK,0.9961390201065892
2026-04-01,6550.0,6650.0,6500.0,6500.0,6474.9033203125,132798100,BBCA.JK,0.9961389723557692
2026-04-02,6550.0,6600.0,6500.0,6575.0,6549.61376953125,72725400,BBCA.JK,0.9961389763545627
2026-04-06,6600.0,6625.0,6450.0,6500.0,6474.9033203125,57914600,BBCA.JK,0.9961389723557692
2026-04-07,6500.0,6525.0,6450.0,6500.0,6474.9033203125,65168700,BBCA.JK,0.9961389723557692
2026-04-08,6650.0,6850.0,6625.0,6750.0,6723.93798828125,163594000,BBCA.JK,0.9961389612268519
2026-04-09,6775.0,6800.0,6450.0,6475.0,6450.0,182409800,BBCA.JK,0.9961389961389961
2026-04-10,6525.0,6700.0,6475.0,6700.0,6674.13134765625,167336100,BBCA.JK,0.9961390071128732
2026-04-13,6650.0,6700.0,6575.0,6575.0,6549.61376953125,81955300,BBCA.JK,0.9961389763545627
2026-04-14,6675.0,6800.0,6675.0,6750.0,6723.93798828125,105010900,BBCA.JK,0.9961389612268519
2026-04-15,6775.0,6800.0,6550.0,6550.0,6524.71044921875,104880600,BBCA.JK,0.9961389998807252
2026-04-16,6575.0,6650.0,6500.0,6525.0,6499.80712890625,122416100,BBCA.JK,0.9961390235871648
2026-04-17,6500.0,6550.0,6425.0,6425.0,6400.19287109375,156827000,BBCA.JK,0.9961389682636187
2026-04-20,6450.0,6575.0,6425.0,6475.0,6450.0,137435700,BBCA.JK,0.9961389961389961
2026-04-21,6475.0,6525.0,6425.0,6500.0,6474.9033203125,112151900,BBCA.JK,0.9961389723557692
2026-04-22,6475.0,6525.0,6450.0,6450.0,6425.0966796875,95673700,BBCA.JK,0.9961390201065892
2026-04-23,6450.0,6550.0,6425.0,6425.0,6400.19287109375,95913400,BBCA.JK,0.9961389682636187
2026-04-24,6400.0,6425.0,6050.0,6050.0,6026.64111328125,435004800,BBCA.JK,0.9961390269886363
2026-04-27,6025.0,6050.0,5950.0,5975.0,5951.9306640625,273263100,BBCA.JK,0.9961390232740586
2026-04-28,6025.0,6075.0,5950.0,6000.0,5976.833984375,174091200,BBCA.JK,0.9961389973958333
2026-04-29,6000.0,6050.0,5950.0,5975.0,5951.9306640625,176050900,BBCA.JK,0.9961390232740586
2026-04-30,5950.0,5975.0,5800.0,5850.0,5827.4130859375,303405400,BBCA.JK,0.9961389890491453
2026-05-04,5800.0,5950.0,5800.0,5900.0,5877.22021484375,207566700,BBCA.JK,0.9961390194650424
2026-05-05,5900.0,6075.0,5875.0,5950.0,5927.02685546875,179928300,BBCA.JK,0.9961389673056723
2026-05-06,5950.0,6000.0,5900.0,5950.0,5927.02685546875,90843100,BBCA.JK,0.9961389673056723
2026-05-07,6000.0,6325.0,6000.0,6225.0,6200.96533203125,238690900,BBCA.JK,0.9961390091616465
2026-05-08,6225.0,6425.0,6175.0,6175.0,6151.158203125,201784700,BBCA.JK,0.996138980263158
2026-05-11,6225.0,6275.0,6100.0,6150.0,6126.2548828125,126301300,BBCA.JK,0.9961390053353658
2026-05-12,6125.0,6150.0,6050.0,6125.0,6101.35107421875,107394400,BBCA.JK,0.9961389508928571
2026-05-13,6125.0,6200.0,6025.0,6100.0,6076.44775390625,147339600,BBCA.JK,0.996138976050205
2026-05-18,5950.0,6125.0,5900.0,6125.0,6101.35107421875,208748400,BBCA.JK,0.9961389508928571
2026-05-19,6050.0,6200.0,5950.0,5950.0,5927.02685546875,184830100,BBCA.JK,0.9961389673056723
2026-05-20,5975.0,6100.0,5875.0,5975.0,5951.9306640625,195107100,BBCA.JK,0.9961390232740586
2026-05-21,6000.0,6150.0,5925.0,5950.0,5927.02685546875,210976100,BBCA.JK,0.9961389673056723
2026-05-22,5900.0,5975.0,5825.0,5900.0,5877.22021484375,288919700,BBCA.JK,0.9961390194650424
2026-05-25,5950.0,6175.0,5925.0,6100.0,6076.44775390625,263179200,BBCA.JK,0.996138976050205
2026-05-26,6050.0,6100.0,5950.0,5975.0,5951.9306640625,225158700,BBCA.JK,0.9961390232740586
2026-05-29,5750.0,5875.0,5700.0,5700.0,5677.9921875,1014028000,BBCA.JK,0.996138980263158
2026-06-02,5750.0,5875.0,5700.0,5825.0,5802.509765625,346305200,BBCA.JK,0.9961390155579399
2026-06-03,5775.0,5825.0,5525.0,5525.0,5503.66796875,353332300,BBCA.JK,0.9961389988687783
2026-06-04,5475.0,5600.0,5300.0,5425.0,5404.05419921875,550059500,BBCA.JK,0.9961390228974655
2026-06-05,5325.0,5375.0,5075.0,5075.0,5055.4052734375,572612000,BBCA.JK,0.9961389701354679
2026-06-08,4950.0,5050.0,4850.0,4850.0,4831.27392578125,705093300,BBCA.JK,0.9961389537693299
2026-06-09,4850.0,5150.0,4820.0,5150.0,5130.11572265625,772898000,BBCA.JK,0.9961389752730583
2026-06-10,5175.0,5700.0,5175.0,5650.0,5628.18505859375,747366000,BBCA.JK,0.9961389484236726
2026-06-11,5650.0,5875.0,5550.0,5825.0,5802.509765625,543032300,BBCA.JK,0.9961390155579399
2026-06-12,6000.0,6100.0,5900.0,5925.0,5902.12353515625,415872300,BBCA.JK,0.9961389932753164
2026-06-15,6100.0,6425.0,6100.0,6275.0,6250.77197265625,480395000,BBCA.JK,0.9961389597858565
2026-06-17,6400.0,6550.0,6275.0,6275.0,6250.77197265625,467494300,BBCA.JK,0.9961389597858565
2026-06-18,6250.0,6275.0,6075.0,6075.0,6051.54443359375,232489300,BBCA.JK,0.9961390014146091
2026-06-19,6050.0,6300.0,6050.0,6300.0,6275.67578125,366595500,BBCA.JK,0.9961390128968254
2026-06-22,6400.0,6400.0,6125.0,6225.0,6200.96533203125,193401600,BBCA.JK,0.9961390091616465
2026-06-23,6150.0,6200.0,6075.0,6125.0,6101.35107421875,144561900,BBCA.JK,0.9961389508928571
2026-06-24,6125.0,6200.0,5925.0,5925.0,5902.12353515625,144928800,BBCA.JK,0.9961389932753164
2026-06-25,5900.0,6175.0,5900.0,6025.0,6001.7373046875,197935000,BBCA.JK,0.9961389717323651
2026-06-26,6050.0,6175.0,6025.0,6175.0,6151.158203125,163378700,BBCA.JK,0.996138980263158
2026-06-29,6175.0,6200.0,5925.0,5925.0,5902.12353515625,189886600,BBCA.JK,0.9961389932753164
2026-06-30,5775.0,5825.0,5550.0,5550.0,5528.5712890625,440738300,BBCA.JK,0.9961389710022522
2026-07-01,5550.0,5750.0,5550.0,5600.0,5578.37841796875,124123800,BBCA.JK,0.9961390032087054
2026-07-02,5650.0,5875.0,5625.0,5800.0,5777.60595703125,145119400,BBCA.JK,0.9961389581088362
2026-07-03,5925.0,6150.0,5900.0,6050.0,6026.64111328125,200465200,BBCA.JK,0.9961390269886363
2026-07-06,6050.0,6175.0,5975.0,6125.0,6101.35107421875,148684900,BBCA.JK,0.9961389508928571
2026-07-07,6200.0,6300.0,6150.0,6300.0,6275.67578125,183472100,BBCA.JK,0.9961390128968254
2026-07-08,6300.0,6325.0,6175.0,6175.0,6151.158203125,181123400,BBCA.JK,0.996138980263158
2026-07-09,6100.0,6200.0,6050.0,6200.0,6176.0615234375,181155800,BBCA.JK,0.9961389553931451
2026-07-10,6300.0,6300.0,6125.0,6175.0,6151.158203125,138050500,BBCA.JK,0.996138980263158
2026-07-13,6150.0,6250.0,6075.0,6225.0,6200.96533203125,180061600,BBCA.JK,0.9961390091616465
2026-07-14,6225.0,6250.0,6075.0,6125.0,6101.35107421875,159868800,BBCA.JK,0.9961389508928571
2026-07-15,6125.0,6200.0,6075.0,6125.0,6101.35107421875,140824900,BBCA.JK,0.9961389508928571
2026-07-16,6125.0,6225.0,6100.0,6225.0,6200.96533203125,94235100,BBCA.JK,0.9961390091616465
2026-07-17,6225.0,6500.0,6200.0,6475.0,6450.0,314564200,BBCA.JK,0.9961389961389961
2026-07-20,6525.0,6625.0,6475.0,6475.0,6450.0,298183300,BBCA.JK,0.9961389961389961
2026-07-21,6550.0,6550.0,6425.0,6525.0,6499.80712890625,146064700,BBCA.JK,0.9961390235871648
2026-07-22,6525.0,6550.0,6400.0,6500.0,6474.9033203125,112178900,BBCA.JK,0.9961389723557692
2026-07-23,6450.0,6475.0,6250.0,6275.0,6250.77197265625,207037900,BBCA.JK,0.9961389597858565
2026-07-24,6200.0,6300.0,6125.0,6275.0,6250.77197265625,191428900,BBCA.JK,0.9961389597858565
2026-07-27,6225.0,6325.0,6125.0,6300.0,6275.67578125,125142500,BBCA.JK,0.9961390128968254
2026-07-28,6250.0,6300.0,6200.0,6225.0,6200.96533203125,122920300,BBCA.JK,0.9961390091616465
2026-07-29,6175.0,6300.0,6175.0,6275.0,6250.77197265625,122379600,BBCA.JK,0.9961389597858565
2026-07-30,6325.0,6450.0,6250.0,6450.0,6425.0966796875,152663200,BBCA.JK,0.9961390201065892
2026-07-31,6425.0,6450.0,6325.0,6325.0,6300.5791015625,153174800,BBCA.JK,0.996138988389328
2026-08-03,6300.0,6325.0,6275.0,6300.0,6275.67578125,68143700,BBCA.JK,0.9961390128968254
2026-08-04,6375.0,6500.0,6350.0,6500.0,6474.9033203125,138953100,BBCA.JK,0.9961389723557692
2026-08-05,6500.0,6500.0,6425.0,6450.0,6425.0966796875,101666100,BBCA.JK,0.9961390201065892
2026-08-06,6450.0,6475.0,6350.0,6350.0,6325.482421875,80734000,BBCA.JK,0.9961389640748032
2026-08-07,6375.0,6450.0,6325.0,6375.0,6350.38623046875,111930800,BBCA.JK,0.9961390165441176
2026-08-10,6400.0,6450.0,6350.0,6375.0,6350.38623046875,88666100,BBCA.JK,0.9961390165441176
2026-08-11,6375.0,6400.0,6200.0,6300.0,6275.67578125,112490800,BBCA.JK,0.9961390128968254
2026-08-12,6300.0,6350.0,6225.0,6350.0,6325.482421875,87177100,BBCA.JK,0.9961389640748032
2026-08-13,6350.0,6375.0,6250.0,6375.0,6350.38623046875,83208000,BBCA.JK,0.9961390165441176
2026-08-14,6300.0,6350.0,6275.0,6350.0,6325.482421875,56953500,BBCA.JK,0.9961389640748032
2026-08-18,6375.0,6450.0,6300.0,6300.0,6275.67578125,114945500,BBCA.JK,0.9961390128968254
2026-08-19,6300.0,6425.0,6300.0,6300.0,6275.67578125,68105000,BBCA.JK,0.9961390128968254
2026-08-20,6350.0,6400.0,6300.0,6400.0,6375.28955078125,67749800,BBCA.JK,0.9961389923095703
2026-08-21,6400.0,6475.0,6400.0,6450.0,6425.0966796875,100684300,BBCA.JK,0.9961390201065892
2026-08-24,6450.0,6450.0,6350.0,6400.0,6375.28955078125,81295600,BBCA.JK,0.9961389923095703
2026-08-26,6450.0,6450.0,6350.0,6350.0,6325.482421875,86115900,BBCA.JK,0.9961389640748032
2026-08-27,6350.0,6425.0,6325.0,6400.0,6375.28955078125,60556000,BBCA.JK,0.9961389923095703
2026-08-28,6425.0,6525.0,6400.0,6475.0,6450.0,156445200,BBCA.JK,0.9961389961389961
2026-08-31,6450.0,6525.0,6400.0,6475.0,6475.0,230904500,BBCA.JK,1.0
2026-09-01,6450.0,6600.0,6425.0,6600.0,6600.0,117969900,BBCA.JK,1.0
