date,open,high,low,close,adj_close,volume,ticker,adj_factor
2018-01-02,3354.487548828125,3381.759765625,3281.761474609375,3299.943115234375,2067.212890625,100241541,BBRI.JK,0.6264389471083893
2018-01-03,3299.943115234375,3299.943115234375,3236.3076171875,3281.761474609375,2055.82373046875,77164902,BBRI.JK,0.6264391078920362
2018-01-04,3281.761474609375,3281.761474609375,3145.400146484375,3227.217041015625,2021.654541015625,172049901,BBRI.JK,0.6264389767783941
2018-01-05,3227.217041015625,3263.580078125,3199.94482421875,3263.580078125,2044.4337158203125,95806814,BBRI.JK,0.6264389617780991
2018-01-08,3263.580078125,3263.580078125,3236.3076171875,3263.580078125,2044.4337158203125,60016046,BBRI.JK,0.6264389617780991
2018-01-09,3272.670654296875,3272.670654296875,3209.035400390625,3245.3984375,2033.0439453125,99669091,BBRI.JK,0.6264389363786708
2018-01-10,3254.4892578125,3263.580078125,3181.76318359375,3209.035400390625,2010.2650146484373,128052221,BBRI.JK,0.6264390272552726
2018-01-11,3218.126220703125,3218.126220703125,3163.581787109375,3218.126220703125,2015.9599609375,125818963,BBRI.JK,0.6264390588437003
2018-01-12,3227.217041015625,3254.4892578125,3181.76318359375,3218.126220703125,2015.9599609375,146792365,BBRI.JK,0.6264390588437003
2018-01-15,3218.126220703125,3245.3984375,3218.126220703125,3227.217041015625,2021.654541015625,95279025,BBRI.JK,0.6264389767783941
2018-01-16,3209.035400390625,3281.761474609375,3209.035400390625,3281.761474609375,2055.82373046875,101318790,BBRI.JK,0.6264391078920362
2018-01-17,3290.852294921875,3299.943115234375,3254.4892578125,3299.943115234375,2067.212890625,89613597,BBRI.JK,0.6264389471083893
2018-01-18,3299.943115234375,3318.12451171875,3263.580078125,3290.852294921875,2061.5185546875,87056383,BBRI.JK,0.6264391014657923
2018-01-19,3290.852294921875,3299.943115234375,3254.4892578125,3290.852294921875,2061.5185546875,87535331,BBRI.JK,0.6264391014657923
2018-01-22,3290.852294921875,3336.305908203125,3281.761474609375,3318.12451171875,2078.6025390625,128524019,BBRI.JK,0.6264389813346118
2018-01-23,3345.396728515625,3563.57470703125,3336.305908203125,3563.57470703125,2232.362060546875,186238386,BBRI.JK,0.6264389676305161
2018-01-24,3545.393310546875,3545.393310546875,3472.667236328125,3481.758056640625,2181.109375,165077211,BBRI.JK,0.626439097581767
2018-01-25,3509.0302734375,3509.0302734375,3381.759765625,3427.213623046875,2146.9404296875,155403974,BBRI.JK,0.6264390451911248
2018-01-26,3445.39501953125,3509.0302734375,3436.30419921875,3499.939453125,2192.49853515625,149193706,BBRI.JK,0.6264389897369876
2018-01-29,3499.939453125,3499.939453125,3418.122802734375,3454.48583984375,2164.02490234375,134887519,BBRI.JK,0.6264390715932507
2018-01-30,3454.48583984375,3454.48583984375,3372.6689453125,3381.759765625,2118.46630859375,197268607,BBRI.JK,0.6264390303910975
2018-01-31,3363.578369140625,3381.759765625,3299.943115234375,3363.578369140625,2107.076416015625,289533250,BBRI.JK,0.6264389244939671
2018-02-01,3390.8505859375,3418.122802734375,3363.578369140625,3363.578369140625,2107.076416015625,160147366,BBRI.JK,0.6264389244939671
2018-02-02,3399.941162109375,3409.031982421875,3372.6689453125,3399.941162109375,2129.856201171875,125526688,BBRI.JK,0.6264391351556449
2018-02-05,3318.12451171875,3445.39501953125,3318.12451171875,3436.30419921875,2152.635009765625,123946840,BBRI.JK,0.6264390126622172
2018-02-06,3354.487548828125,3381.759765625,3327.21533203125,3345.396728515625,2095.68701171875,286316245,BBRI.JK,0.626439009118246
2018-02-07,3372.6689453125,3409.031982421875,3363.578369140625,3363.578369140625,2107.076416015625,151721770,BBRI.JK,0.6264389244939671
2018-02-08,3345.396728515625,3390.8505859375,3345.396728515625,3381.759765625,2118.46630859375,122222231,BBRI.JK,0.6264390303910975
2018-02-09,3354.487548828125,3390.8505859375,3345.396728515625,3372.6689453125,2112.771484375,102455989,BBRI.JK,0.6264390364525498
2018-02-12,3363.578369140625,3454.48583984375,3363.578369140625,3454.48583984375,2164.02490234375,89670248,BBRI.JK,0.6264390715932507
2018-02-13,3463.576416015625,3536.302490234375,3463.576416015625,3527.2119140625,2209.583251953125,119062096,BBRI.JK,0.626439041880026
2018-02-14,3545.393310546875,3554.484130859375,3481.758056640625,3509.0302734375,2198.193603515625,74433005,BBRI.JK,0.6264390535913618
2018-02-15,3509.0302734375,3518.12109375,3472.667236328125,3490.848876953125,2186.803955078125,58183854,BBRI.JK,0.6264390216132204
2018-02-19,3499.939453125,3509.0302734375,3472.667236328125,3509.0302734375,2198.193603515625,69751104,BBRI.JK,0.6264390535913618
2018-02-20,3490.848876953125,3509.0302734375,3436.30419921875,3454.48583984375,2164.02490234375,100658888,BBRI.JK,0.6264390715932507
2018-02-21,3454.48583984375,3454.48583984375,3409.031982421875,3454.48583984375,2164.02490234375,120299507,BBRI.JK,0.6264390715932507
2018-02-22,3436.30419921875,3445.39501953125,3418.122802734375,3427.213623046875,2146.9404296875,114220142,BBRI.JK,0.6264390451911248
2018-02-23,3418.122802734375,3463.576416015625,3418.122802734375,3445.39501953125,2158.32958984375,118526277,BBRI.JK,0.6264389359155088
2018-02-26,3409.031982421875,3445.39501953125,3390.8505859375,3399.941162109375,2129.856201171875,107300693,BBRI.JK,0.6264391351556449
2018-02-27,3399.941162109375,3445.39501953125,3390.8505859375,3427.213623046875,2146.9404296875,84161903,BBRI.JK,0.6264390451911248
2018-02-28,3436.30419921875,3445.39501953125,3399.941162109375,3436.30419921875,2152.635009765625,138929979,BBRI.JK,0.6264390126622172
2018-03-01,3454.48583984375,3472.667236328125,3436.30419921875,3445.39501953125,2158.32958984375,118792591,BBRI.JK,0.6264389359155088
2018-03-02,3445.39501953125,3445.39501953125,3399.941162109375,3445.39501953125,2158.32958984375,68018134,BBRI.JK,0.6264389359155088
2018-03-05,3454.48583984375,3454.48583984375,3427.213623046875,3427.213623046875,2146.9404296875,60785289,BBRI.JK,0.6264390451911248
2018-03-06,3436.30419921875,3463.576416015625,3363.578369140625,3390.8505859375,2124.1611328125,100183130,BBRI.JK,0.6264390243621464
2018-03-07,3381.759765625,3390.8505859375,3318.12451171875,3327.21533203125,2084.297607421875,155776220,BBRI.JK,0.6264390487012516
2018-03-08,3390.8505859375,3427.213623046875,3354.487548828125,3427.213623046875,2146.9404296875,143707692,BBRI.JK,0.6264390451911248
2018-03-09,3381.759765625,3409.031982421875,3345.396728515625,3354.487548828125,2101.38232421875,109099004,BBRI.JK,0.6264391486421997
2018-03-12,3363.578369140625,3418.122802734375,3363.578369140625,3418.122802734375,2141.24560546875,158650900,BBRI.JK,0.6264390512113347
2018-03-13,3418.122802734375,3427.213623046875,3381.759765625,3418.122802734375,2141.24560546875,140515107,BBRI.JK,0.6264390512113347
2018-03-14,3409.031982421875,3409.031982421875,3363.578369140625,3409.031982421875,2135.55078125,64433502,BBRI.JK,0.6264390572636526
2018-03-15,3363.578369140625,3381.759765625,3309.03369140625,3309.03369140625,2072.907470703125,165019570,BBRI.JK,0.626438913597823
2018-03-16,3309.03369140625,3345.396728515625,3227.217041015625,3345.396728515625,2095.68701171875,249097762,BBRI.JK,0.626439009118246
2018-03-19,3354.487548828125,3381.759765625,3336.305908203125,3354.487548828125,2101.38232421875,99120072,BBRI.JK,0.6264391486421997
2018-03-20,3381.759765625,3399.941162109375,3327.21533203125,3399.941162109375,2129.856201171875,115814840,BBRI.JK,0.6264391351556449
2018-03-21,3409.031982421875,3472.667236328125,3399.941162109375,3463.576416015625,2169.7197265625,147523988,BBRI.JK,0.626439109739195
2018-03-22,3454.48583984375,3454.48583984375,3327.21533203125,3336.305908203125,2089.991943359375,159015446,BBRI.JK,0.6264389420108684
2018-03-23,3236.3076171875,3272.670654296875,3136.3095703125,3272.670654296875,2050.12890625,216369227,BBRI.JK,0.6264391143539817
2018-03-26,3254.4892578125,3281.761474609375,3218.126220703125,3272.670654296875,2050.12890625,98906118,BBRI.JK,0.6264391143539817
2018-03-27,3327.21533203125,3336.305908203125,3245.3984375,3272.670654296875,2050.12890625,112691006,BBRI.JK,0.6264391143539817
2018-03-28,3309.03369140625,3318.12451171875,3181.76318359375,3227.217041015625,2021.654541015625,108206998,BBRI.JK,0.6264389767783941
2018-03-29,3263.580078125,3272.670654296875,3199.94482421875,3272.670654296875,2050.12890625,143949036,BBRI.JK,0.6264391143539817
2018-04-02,3181.76318359375,3272.670654296875,3172.67236328125,3272.670654296875,2112.776611328125,76216686,BBRI.JK,0.6455817998533219
2018-04-03,3209.035400390625,3272.670654296875,3209.035400390625,3272.670654296875,2112.776611328125,50078034,BBRI.JK,0.6455817998533219
2018-04-04,3272.670654296875,3272.670654296875,3145.400146484375,3172.67236328125,2048.219482421875,97768588,BBRI.JK,0.6455817833971232
2018-04-05,3190.85400390625,3218.126220703125,3154.490966796875,3154.490966796875,2036.48193359375,88018240,BBRI.JK,0.645581792761204
2018-04-06,3154.490966796875,3172.67236328125,3136.3095703125,3163.581787109375,2042.3505859375,74313983,BBRI.JK,0.6455817245691109
2018-04-09,3209.035400390625,3209.035400390625,3163.581787109375,3209.035400390625,2071.694580078125,53455753,BBRI.JK,0.6455817158719859
2018-04-10,3218.126220703125,3299.943115234375,3209.035400390625,3254.4892578125,2101.038818359375,94237087,BBRI.JK,0.6455817340050417
2018-04-11,3318.12451171875,3336.305908203125,3299.943115234375,3318.12451171875,2142.1201171875,96474306,BBRI.JK,0.6455815957544965
2018-04-12,3336.305908203125,3336.305908203125,3245.3984375,3263.580078125,2106.907470703125,68189737,BBRI.JK,0.6455816680660676
2018-04-13,3309.03369140625,3318.12451171875,3227.217041015625,3227.217041015625,2083.432373046875,64579915,BBRI.JK,0.645581733911273
2018-04-18,3309.03369140625,3327.21533203125,3290.852294921875,3327.21533203125,2147.989501953125,74694590,BBRI.JK,0.645581751584977
2018-04-23,3299.943115234375,3309.03369140625,3254.4892578125,3254.4892578125,2101.038818359375,96494986,BBRI.JK,0.6455817340050417
2018-04-24,3245.3984375,3254.4892578125,3163.581787109375,3172.67236328125,2048.219482421875,111607927,BBRI.JK,0.6455817833971232
2018-04-30,2899.949951171875,2981.7666015625,2872.677734375,2927.22216796875,1889.76123046875,143226213,BBRI.JK,0.6455817570485564
2018-05-02,2936.31298828125,2945.403564453125,2899.949951171875,2936.31298828125,1895.6298828125,130874320,BBRI.JK,0.645581683689004
2018-05-03,2909.040771484375,2909.040771484375,2854.49609375,2863.5869140625,1848.6793212890625,159331482,BBRI.JK,0.6455817046133888
2018-05-04,2863.5869140625,2881.768310546875,2736.31640625,2754.497802734375,1778.253662109375,200761167,BBRI.JK,0.6455818045467716
2018-05-07,2799.95166015625,2818.133056640625,2718.134765625,2772.679443359375,1789.9908447265625,202507337,BBRI.JK,0.64558160483125
2018-05-08,2809.04248046875,2809.04248046875,2745.4072265625,2790.86083984375,1801.7288818359373,121509198,BBRI.JK,0.6455817703676008
2018-05-09,2836.314697265625,2936.31298828125,2790.86083984375,2918.13134765625,1883.892333984375,203973553,BBRI.JK,0.6455817472018377
2018-05-11,2963.585205078125,2999.9482421875,2872.677734375,2872.677734375,1854.548583984375,177597297,BBRI.JK,0.6455818422625341
2018-05-14,2863.5869140625,2899.949951171875,2818.133056640625,2899.949951171875,1872.1549072265625,105848998,BBRI.JK,0.6455817992548532
2018-05-15,2927.22216796875,2927.22216796875,2781.77001953125,2790.86083984375,1801.7288818359373,118834392,BBRI.JK,0.6455817703676008
2018-05-16,2736.31640625,2790.86083984375,2681.77197265625,2790.86083984375,1801.7288818359373,328823179,BBRI.JK,0.6455817703676008
2018-05-17,2790.86083984375,2818.133056640625,2718.134765625,2718.134765625,1754.778076171875,190119473,BBRI.JK,0.6455817049116718
2018-05-18,2727.2255859375,2763.588623046875,2654.49951171875,2672.68115234375,1725.4342041015625,236572616,BBRI.JK,0.6455817606931826
2018-05-21,2636.318115234375,2654.49951171875,2499.956787109375,2509.047607421875,1619.7952880859375,569723380,BBRI.JK,0.6455817272237125
2018-05-22,2518.138427734375,2581.773681640625,2472.6845703125,2472.6845703125,1596.31982421875,365772377,BBRI.JK,0.6455816659287867
2018-05-23,2527.22900390625,2654.49951171875,2518.138427734375,2618.136474609375,1690.2208251953125,450918248,BBRI.JK,0.6455816347188291
2018-05-24,2663.59033203125,2790.86083984375,2654.49951171875,2781.77001953125,1795.85986328125,277046605,BBRI.JK,0.6455817161994817
2018-05-25,2809.04248046875,2845.405517578125,2745.4072265625,2836.314697265625,1831.0728759765625,211478322,BBRI.JK,0.6455817042240852
2018-05-28,2845.405517578125,2990.857421875,2836.314697265625,2954.494384765625,1907.367431640625,204653144,BBRI.JK,0.6455816743046318
2018-05-30,2954.494384765625,2981.7666015625,2854.49609375,2854.49609375,1842.810546875,336856508,BBRI.JK,0.6455817371443898
2018-05-31,2881.768310546875,2899.949951171875,2790.86083984375,2799.95166015625,1807.59765625,343554524,BBRI.JK,0.6455817369893907
2018-06-04,2863.5869140625,2881.768310546875,2818.133056640625,2845.405517578125,1836.9417724609373,233134066,BBRI.JK,0.645581714491246
2018-06-05,2863.5869140625,2872.677734375,2809.04248046875,2827.223876953125,1825.2039794921875,149580143,BBRI.JK,0.645581693890897
2018-06-06,2836.314697265625,2872.677734375,2809.04248046875,2863.5869140625,1848.6793212890625,109462340,BBRI.JK,0.6455817046133888
2018-06-07,2890.859130859375,2972.676025390625,2872.677734375,2972.676025390625,1919.10546875,202124311,BBRI.JK,0.645581776271035
2018-06-08,2918.13134765625,2954.494384765625,2827.223876953125,2854.49609375,1842.810546875,289274526,BBRI.JK,0.6455817371443898
2018-06-20,2745.4072265625,2754.497802734375,2681.77197265625,2690.862548828125,1737.1715087890625,391042344,BBRI.JK,0.6455816591395958
2018-06-21,2681.77197265625,2718.134765625,2645.408935546875,2645.408935546875,1707.82763671875,149165766,BBRI.JK,0.6455817147097137
2018-06-22,2636.318115234375,2709.044189453125,2609.0458984375,2709.044189453125,1748.9091796875,232759070,BBRI.JK,0.6455816359498191
2018-06-25,2709.044189453125,2727.2255859375,2609.0458984375,2627.227294921875,1696.0899658203125,157345947,BBRI.JK,0.6455817390062357
2018-06-26,2554.501220703125,2645.408935546875,2554.501220703125,2563.592041015625,1655.008056640625,204397610,BBRI.JK,0.6455816799871777
2018-06-27,2618.136474609375,2618.136474609375,2572.682861328125,2581.773681640625,1666.745849609375,146981678,BBRI.JK,0.645581702788998
2018-06-28,2563.592041015625,2590.8642578125,2490.865966796875,2499.956787109375,1613.9261474609375,217214701,BBRI.JK,0.6455816179635137
2018-06-29,2545.41064453125,2636.318115234375,2527.22900390625,2581.773681640625,1666.745849609375,238570030,BBRI.JK,0.645581702788998
2018-07-02,2627.227294921875,2645.408935546875,2563.592041015625,2590.8642578125,1672.6143798828125,166470935,BBRI.JK,0.6455816335569129
2018-07-03,2590.8642578125,2599.955078125,2518.138427734375,2572.682861328125,1660.8768310546875,97720407,BBRI.JK,0.6455816439797303
2018-07-04,2572.682861328125,2681.77197265625,2536.31982421875,2663.59033203125,1719.5650634765625,141800039,BBRI.JK,0.6455816582594459
2018-07-05,2627.227294921875,2654.49951171875,2599.955078125,2645.408935546875,1707.82763671875,69844936,BBRI.JK,0.6455817147097137
2018-07-06,2645.408935546875,2645.408935546875,2581.773681640625,2581.773681640625,1666.745849609375,84006801,BBRI.JK,0.645581702788998
2018-07-09,2599.955078125,2754.497802734375,2599.955078125,2736.31640625,1766.515869140625,140680769,BBRI.JK,0.6455817262600696
2018-07-10,2763.588623046875,2799.95166015625,2709.044189453125,2772.679443359375,1789.9908447265625,144808151,BBRI.JK,0.64558160483125
2018-07-11,2727.2255859375,2727.2255859375,2681.77197265625,2718.134765625,1754.778076171875,146347957,BBRI.JK,0.6455817049116718
2018-07-12,2690.862548828125,2727.2255859375,2681.77197265625,2699.953369140625,1743.0408935546875,100852711,BBRI.JK,0.6455818509597018
2018-07-13,2690.862548828125,2754.497802734375,2690.862548828125,2699.953369140625,1743.0408935546875,112109646,BBRI.JK,0.6455818509597018
2018-07-16,2727.2255859375,2736.31640625,2627.227294921875,2699.953369140625,1743.0408935546875,95277155,BBRI.JK,0.6455818509597018
2018-07-17,2663.59033203125,2672.68115234375,2599.955078125,2609.0458984375,1684.3525390625,150798524,BBRI.JK,0.6455817968059594
2018-07-18,2609.0458984375,2636.318115234375,2590.8642578125,2590.8642578125,1672.6143798828125,125471907,BBRI.JK,0.6455816335569129
2018-07-19,2636.318115234375,2690.862548828125,2609.0458984375,2627.227294921875,1696.0899658203125,156549643,BBRI.JK,0.6455817390062357
2018-07-20,2627.227294921875,2709.044189453125,2609.0458984375,2709.044189453125,1748.9091796875,79807478,BBRI.JK,0.6455816359498191
2018-07-23,2727.2255859375,2772.679443359375,2718.134765625,2763.588623046875,1784.122314453125,97874520,BBRI.JK,0.6455817264459999
2018-07-24,2781.77001953125,2790.86083984375,2736.31640625,2736.31640625,1766.515869140625,80259146,BBRI.JK,0.6455817262600696
2018-07-25,2709.044189453125,2745.4072265625,2681.77197265625,2718.134765625,1754.778076171875,79152417,BBRI.JK,0.6455817049116718
2018-07-26,2772.679443359375,2790.86083984375,2754.497802734375,2763.588623046875,1784.122314453125,93167319,BBRI.JK,0.6455817264459999
2018-07-27,2781.77001953125,2809.04248046875,2745.4072265625,2809.04248046875,1813.466552734375,60176759,BBRI.JK,0.6455817472834225
2018-07-30,2818.133056640625,2827.223876953125,2790.86083984375,2799.95166015625,1807.59765625,73543200,BBRI.JK,0.6455817369893907
2018-07-31,2799.95166015625,2799.95166015625,2727.2255859375,2790.86083984375,1801.7288818359373,118206281,BBRI.JK,0.6455817703676008
2018-08-01,2790.86083984375,2909.040771484375,2772.679443359375,2899.949951171875,1872.1549072265625,161810924,BBRI.JK,0.6455817992548532
2018-08-02,2909.040771484375,2963.585205078125,2899.949951171875,2954.494384765625,1907.367431640625,174250489,BBRI.JK,0.6455816743046318
2018-08-03,2972.676025390625,3045.40185546875,2936.31298828125,3027.220458984375,1954.3179931640625,110650581,BBRI.JK,0.6455816547367453
2018-08-06,3045.40185546875,3109.037109375,3036.311279296875,3099.946533203125,2001.268798828125,157644712,BBRI.JK,0.6455817148433995
2018-08-07,3045.40185546875,3090.855712890625,3027.220458984375,3045.40185546875,1966.055908203125,98346098,BBRI.JK,0.6455817660557998
2018-08-08,3090.855712890625,3090.855712890625,3009.038818359375,3027.220458984375,1954.3179931640625,99782943,BBRI.JK,0.6455816547367453
2018-08-09,3027.220458984375,3045.40185546875,2999.9482421875,3027.220458984375,1954.3179931640625,76621053,BBRI.JK,0.6455816547367453
2018-08-10,3045.40185546875,3154.490966796875,3045.40185546875,3081.764892578125,1989.53125,127559853,BBRI.JK,0.6455817751676733
2018-08-13,2999.9482421875,3018.129638671875,2845.405517578125,2854.49609375,1842.810546875,197264867,BBRI.JK,0.6455817371443898
2018-08-14,2809.04248046875,2863.5869140625,2763.588623046875,2845.405517578125,1836.9417724609373,170317811,BBRI.JK,0.645581714491246
2018-08-15,2863.5869140625,2927.22216796875,2745.4072265625,2918.13134765625,1883.892333984375,152206658,BBRI.JK,0.6455817472018377
2018-08-16,2890.859130859375,2890.859130859375,2772.679443359375,2772.679443359375,1789.9908447265625,180034939,BBRI.JK,0.64558160483125
2018-08-20,2799.95166015625,2899.949951171875,2799.95166015625,2890.859130859375,1866.28564453125,111516626,BBRI.JK,0.6455816627690375
2018-08-21,2845.405517578125,2890.859130859375,2836.314697265625,2863.5869140625,1848.6793212890625,65465430,BBRI.JK,0.6455817046133888
2018-08-23,2890.859130859375,2972.676025390625,2845.405517578125,2972.676025390625,1919.10546875,171421680,BBRI.JK,0.645581776271035
2018-08-24,2972.676025390625,2990.857421875,2936.31298828125,2972.676025390625,1919.10546875,106494709,BBRI.JK,0.645581776271035
2018-08-27,3018.129638671875,3072.67431640625,2990.857421875,3072.67431640625,1983.662109375,123606274,BBRI.JK,0.6455816351194222
2018-08-28,3027.220458984375,3072.67431640625,2999.9482421875,3027.220458984375,1954.3179931640625,109603913,BBRI.JK,0.6455816547367453
2018-08-29,2963.585205078125,2999.9482421875,2954.494384765625,2990.857421875,1930.843017578125,87007762,BBRI.JK,0.6455817664379532
2018-08-30,2990.857421875,3009.038818359375,2899.949951171875,2899.949951171875,1872.1549072265625,91898887,BBRI.JK,0.6455817992548532
2018-08-31,2890.859130859375,2890.859130859375,2827.223876953125,2890.859130859375,1866.28564453125,156934320,BBRI.JK,0.6455816627690375
2018-09-03,2890.859130859375,2927.22216796875,2872.677734375,2881.768310546875,1860.416748046875,70837593,BBRI.JK,0.6455816525006559
2018-09-04,2909.040771484375,2909.040771484375,2809.04248046875,2827.223876953125,1825.2039794921875,83758086,BBRI.JK,0.645581693890897
2018-09-05,2790.86083984375,2790.86083984375,2636.318115234375,2663.59033203125,1719.5650634765625,233835878,BBRI.JK,0.6455816582594459
2018-09-06,2645.408935546875,2718.134765625,2645.408935546875,2690.862548828125,1737.1715087890625,226602703,BBRI.JK,0.6455816591395958
2018-09-07,2709.044189453125,2754.497802734375,2690.862548828125,2754.497802734375,1778.253662109375,155714509,BBRI.JK,0.6455818045467716
2018-09-10,2754.497802734375,2754.497802734375,2690.862548828125,2699.953369140625,1743.0408935546875,95204004,BBRI.JK,0.6455818509597018
2018-09-12,2709.044189453125,2736.31640625,2645.408935546875,2645.408935546875,1707.82763671875,129887933,BBRI.JK,0.6455817147097137
2018-09-13,2690.862548828125,2736.31640625,2690.862548828125,2727.2255859375,1760.647216796875,138077684,BBRI.JK,0.6455818051412282
2018-09-14,2754.497802734375,2790.86083984375,2727.2255859375,2790.86083984375,1801.7288818359373,115639387,BBRI.JK,0.6455817703676008
2018-09-17,2781.77001953125,2781.77001953125,2681.77197265625,2699.953369140625,1743.0408935546875,100504005,BBRI.JK,0.6455818509597018
2018-09-18,2699.953369140625,2709.044189453125,2654.49951171875,2672.68115234375,1725.4342041015625,152222609,BBRI.JK,0.6455817606931826
2018-09-19,2699.953369140625,2745.4072265625,2699.953369140625,2727.2255859375,1760.647216796875,115947612,BBRI.JK,0.6455818051412282
2018-09-20,2772.679443359375,2836.314697265625,2745.4072265625,2809.04248046875,1813.466552734375,170051827,BBRI.JK,0.6455817472834225
2018-09-21,2863.5869140625,2899.949951171875,2836.314697265625,2836.314697265625,1831.0728759765625,223538491,BBRI.JK,0.6455817042240852
2018-09-24,2836.314697265625,2836.314697265625,2727.2255859375,2736.31640625,1766.515869140625,104783739,BBRI.JK,0.6455817262600696
2018-09-25,2736.31640625,2754.497802734375,2709.044189453125,2754.497802734375,1778.253662109375,121129032,BBRI.JK,0.6455818045467716
2018-09-26,2754.497802734375,2781.77001953125,2718.134765625,2718.134765625,1754.778076171875,73480719,BBRI.JK,0.6455817049116718
2018-09-27,2727.2255859375,2799.95166015625,2727.2255859375,2790.86083984375,1801.7288818359373,135712644,BBRI.JK,0.6455817703676008
2018-09-28,2809.04248046875,2881.768310546875,2799.95166015625,2863.5869140625,1848.6793212890625,170043797,BBRI.JK,0.6455817046133888
2018-10-01,2863.5869140625,2899.949951171875,2863.5869140625,2890.859130859375,1866.28564453125,100581667,BBRI.JK,0.6455816627690375
2018-10-02,2863.5869140625,2890.859130859375,2799.95166015625,2827.223876953125,1825.2039794921875,145599614,BBRI.JK,0.645581693890897
2018-10-03,2863.5869140625,2863.5869140625,2799.95166015625,2818.133056640625,1819.335205078125,77064031,BBRI.JK,0.6455817268070643
2018-10-04,2781.77001953125,2781.77001953125,2709.044189453125,2727.2255859375,1760.647216796875,161892546,BBRI.JK,0.6455818051412282
2018-10-05,2727.2255859375,2763.588623046875,2690.862548828125,2709.044189453125,1748.9091796875,160008103,BBRI.JK,0.6455816359498191
2018-10-08,2699.953369140625,2736.31640625,2690.862548828125,2699.953369140625,1743.0408935546875,71328312,BBRI.JK,0.6455818509597018
2018-10-09,2699.953369140625,2754.497802734375,2699.953369140625,2745.4072265625,1772.385009765625,56325372,BBRI.JK,0.6455818257551585
2018-10-10,2754.497802734375,2763.588623046875,2736.31640625,2736.31640625,1766.515869140625,67385623,BBRI.JK,0.6455817262600696
2018-10-11,2663.59033203125,2681.77197265625,2609.0458984375,2645.408935546875,1707.82763671875,193058944,BBRI.JK,0.6455817147097137
2018-10-12,2663.59033203125,2718.134765625,2654.49951171875,2681.77197265625,1731.3028564453125,130162058,BBRI.JK,0.6455816803583364
2018-10-15,2690.862548828125,2754.497802734375,2690.862548828125,2727.2255859375,1760.647216796875,94319479,BBRI.JK,0.6455818051412282
2018-10-16,2727.2255859375,2745.4072265625,2690.862548828125,2727.2255859375,1760.647216796875,71567346,BBRI.JK,0.6455818051412282
2018-10-17,2781.77001953125,2799.95166015625,2754.497802734375,2790.86083984375,1801.7288818359373,88091831,BBRI.JK,0.6455817703676008
2018-10-18,2790.86083984375,2818.133056640625,2772.679443359375,2809.04248046875,1813.466552734375,71647977,BBRI.JK,0.6455817472834225
2018-10-19,2790.86083984375,2809.04248046875,2745.4072265625,2745.4072265625,1772.385009765625,89090208,BBRI.JK,0.6455818257551585
2018-10-22,2736.31640625,2799.95166015625,2736.31640625,2772.679443359375,1789.9908447265625,53687637,BBRI.JK,0.64558160483125
2018-10-23,2763.588623046875,2790.86083984375,2736.31640625,2745.4072265625,1772.385009765625,64410732,BBRI.JK,0.6455818257551585
2018-10-24,2727.2255859375,2763.588623046875,2681.77197265625,2681.77197265625,1731.3028564453125,93019806,BBRI.JK,0.6455816803583364
2018-10-25,2645.408935546875,2727.2255859375,2645.408935546875,2727.2255859375,1760.647216796875,144333712,BBRI.JK,0.6455818051412282
2018-10-26,2727.2255859375,2745.4072265625,2709.044189453125,2718.134765625,1754.778076171875,72852718,BBRI.JK,0.6455817049116718
2018-10-29,2727.2255859375,2745.4072265625,2681.77197265625,2681.77197265625,1731.3028564453125,56418764,BBRI.JK,0.6455816803583364
2018-10-30,2690.862548828125,2754.497802734375,2681.77197265625,2754.497802734375,1778.253662109375,79624985,BBRI.JK,0.6455818045467716
2018-10-31,2772.679443359375,2863.5869140625,2754.497802734375,2863.5869140625,1848.6793212890625,240391992,BBRI.JK,0.6455817046133888
2018-11-01,2899.949951171875,2954.494384765625,2872.677734375,2909.040771484375,1878.0233154296875,216901746,BBRI.JK,0.645581641150874
2018-11-02,2945.403564453125,2990.857421875,2899.949951171875,2981.7666015625,1924.9737548828125,184006228,BBRI.JK,0.6455816340132361
2018-11-05,2963.585205078125,2981.7666015625,2927.22216796875,2972.676025390625,1919.10546875,87555902,BBRI.JK,0.645581776271035
2018-11-06,2981.7666015625,3027.220458984375,2963.585205078125,3027.220458984375,1954.3179931640625,153414589,BBRI.JK,0.6455816547367453
2018-11-07,3036.311279296875,3063.58349609375,3009.038818359375,3063.58349609375,1977.7933349609373,178995971,BBRI.JK,0.6455816652239904
2018-11-08,3090.855712890625,3172.67236328125,3081.764892578125,3136.3095703125,2024.743896484375,220276054,BBRI.JK,0.6455816465472924
2018-11-09,3118.1279296875,3118.1279296875,3027.220458984375,3036.311279296875,1960.187255859375,126597116,BBRI.JK,0.6455817851170055
2018-11-12,3018.129638671875,3054.49267578125,2981.7666015625,2981.7666015625,1924.9737548828125,84809154,BBRI.JK,0.6455816340132361
2018-11-13,2981.7666015625,3054.49267578125,2936.31298828125,3045.40185546875,1966.055908203125,112074555,BBRI.JK,0.6455817660557998
2018-11-14,3045.40185546875,3109.037109375,3045.40185546875,3045.40185546875,1966.055908203125,125174682,BBRI.JK,0.6455817660557998
2018-11-15,3063.58349609375,3109.037109375,3027.220458984375,3099.946533203125,2001.268798828125,117577840,BBRI.JK,0.6455817148433995
2018-11-16,3118.1279296875,3227.217041015625,3109.037109375,3172.67236328125,2048.219482421875,191148871,BBRI.JK,0.6455817833971232
2018-11-19,3218.126220703125,3218.126220703125,3136.3095703125,3199.94482421875,2065.825439453125,86540804,BBRI.JK,0.6455815812253843
2018-11-21,3109.037109375,3154.490966796875,3045.40185546875,3118.1279296875,2013.0064697265625,151878633,BBRI.JK,0.6455817449184347
2018-11-22,3118.1279296875,3227.217041015625,3118.1279296875,3227.217041015625,2083.432373046875,130140277,BBRI.JK,0.645581733911273
2018-11-23,3209.035400390625,3254.4892578125,3154.490966796875,3163.581787109375,2042.3505859375,85703360,BBRI.JK,0.6455817245691109
2018-11-26,3136.3095703125,3227.217041015625,3136.3095703125,3218.126220703125,2077.563720703125,90217398,BBRI.JK,0.6455818007813255
2018-11-27,3163.581787109375,3290.852294921875,3163.581787109375,3272.670654296875,2112.776611328125,190169964,BBRI.JK,0.6455817998533219
2018-11-28,3318.12451171875,3327.21533203125,3254.4892578125,3318.12451171875,2142.1201171875,105678495,BBRI.JK,0.6455815957544965
2018-11-29,3363.578369140625,3418.122802734375,3345.396728515625,3372.6689453125,2177.333251953125,152003595,BBRI.JK,0.6455816705577608
2018-11-30,3327.21533203125,3354.487548828125,3281.761474609375,3290.852294921875,2124.514404296875,233078735,BBRI.JK,0.6455818170797942
2018-12-03,3381.759765625,3436.30419921875,3354.487548828125,3354.487548828125,2165.59619140625,150413738,BBRI.JK,0.6455818243125664
2018-12-04,3354.487548828125,3409.031982421875,3345.396728515625,3372.6689453125,2177.333251953125,147855643,BBRI.JK,0.6455816705577608
2018-12-05,3309.03369140625,3345.396728515625,3281.761474609375,3318.12451171875,2142.1201171875,154153142,BBRI.JK,0.6455815957544965
2018-12-06,3309.03369140625,3345.396728515625,3281.761474609375,3318.12451171875,2142.1201171875,119712097,BBRI.JK,0.6455815957544965
2018-12-07,3309.03369140625,3327.21533203125,3281.761474609375,3290.852294921875,2124.514404296875,122365123,BBRI.JK,0.6455818170797942
2018-12-10,3281.761474609375,3299.943115234375,3245.3984375,3281.761474609375,2118.6455078125,102384708,BBRI.JK,0.6455818084904176
2018-12-11,3281.761474609375,3299.943115234375,3254.4892578125,3290.852294921875,2124.514404296875,123936060,BBRI.JK,0.6455818170797942
2018-12-12,3290.852294921875,3309.03369140625,3263.580078125,3290.852294921875,2124.514404296875,97374011,BBRI.JK,0.6455818170797942
2018-12-13,3354.487548828125,3354.487548828125,3318.12451171875,3345.396728515625,2159.72705078125,116914199,BBRI.JK,0.6455817429281505
2018-12-14,3336.305908203125,3354.487548828125,3309.03369140625,3345.396728515625,2159.72705078125,135202785,BBRI.JK,0.6455817429281505
2018-12-17,3318.12451171875,3345.396728515625,3272.670654296875,3272.670654296875,2112.776611328125,137139148,BBRI.JK,0.6455817998533219
2018-12-18,3227.217041015625,3309.03369140625,3227.217041015625,3299.943115234375,2130.3828125,130615046,BBRI.JK,0.6455816776552804
2018-12-19,3272.670654296875,3336.305908203125,3272.670654296875,3336.305908203125,2153.858154296875,146409778,BBRI.JK,0.6455817342771498
2018-12-20,3281.761474609375,3327.21533203125,3281.761474609375,3318.12451171875,2142.1201171875,74063179,BBRI.JK,0.6455815957544965
2018-12-21,3281.761474609375,3299.943115234375,3272.670654296875,3290.852294921875,2124.514404296875,191917014,BBRI.JK,0.6455818170797942
2018-12-26,3227.217041015625,3299.943115234375,3199.94482421875,3272.670654296875,2112.776611328125,91749064,BBRI.JK,0.6455817998533219
2018-12-27,3318.12451171875,3336.305908203125,3290.852294921875,3327.21533203125,2147.989501953125,78890942,BBRI.JK,0.645581751584977
2018-12-28,3345.396728515625,3345.396728515625,3318.12451171875,3327.21533203125,2147.989501953125,135242605,BBRI.JK,0.645581751584977
2019-01-02,3281.761474609375,3309.03369140625,3263.580078125,3281.761474609375,2118.6455078125,82441033,BBRI.JK,0.6455818084904176
2019-01-03,3254.4892578125,3309.03369140625,3254.4892578125,3290.852294921875,2124.514404296875,102805905,BBRI.JK,0.6455818170797942
2019-01-04,3290.852294921875,3327.21533203125,3281.761474609375,3327.21533203125,2147.989501953125,125907734,BBRI.JK,0.645581751584977
2019-01-07,3363.578369140625,3372.6689453125,3327.21533203125,3327.21533203125,2147.989501953125,82106628,BBRI.JK,0.645581751584977
2019-01-08,3327.21533203125,3345.396728515625,3299.943115234375,3345.396728515625,2159.72705078125,89499635,BBRI.JK,0.6455817429281505
2019-01-09,3372.6689453125,3399.941162109375,3354.487548828125,3381.759765625,2183.2021484375,131331598,BBRI.JK,0.6455816792870298
2019-01-10,3399.941162109375,3409.031982421875,3372.6689453125,3409.031982421875,2200.80908203125,156122176,BBRI.JK,0.6455818230451835
2019-01-11,3418.122802734375,3427.213623046875,3363.578369140625,3390.8505859375,2189.0712890625,118649479,BBRI.JK,0.6455817599693108
2019-01-14,3390.8505859375,3445.39501953125,3390.8505859375,3445.39501953125,2224.283935546875,126576436,BBRI.JK,0.6455816888739484
2019-01-15,3427.213623046875,3445.39501953125,3399.941162109375,3436.30419921875,2218.4150390625,154948896,BBRI.JK,0.6455816803316949
2019-01-16,3445.39501953125,3454.48583984375,3418.122802734375,3436.30419921875,2218.4150390625,114151831,BBRI.JK,0.6455816803316949
2019-01-17,3445.39501953125,3490.848876953125,3436.30419921875,3463.576416015625,2236.02197265625,131847617,BBRI.JK,0.6455818218177182
2019-01-18,3499.939453125,3499.939453125,3445.39501953125,3472.667236328125,2241.890380859375,105708085,BBRI.JK,0.6455816893155217
2019-01-21,3454.48583984375,3481.758056640625,3454.48583984375,3454.48583984375,2230.153076171875,89020137,BBRI.JK,0.6455817680447482
2019-01-22,3427.213623046875,3445.39501953125,3399.941162109375,3427.213623046875,2212.54638671875,131658634,BBRI.JK,0.6455816969914304
2019-01-23,3418.122802734375,3463.576416015625,3390.8505859375,3427.213623046875,2212.54638671875,179807675,BBRI.JK,0.6455816969914304
2019-01-24,3409.031982421875,3463.576416015625,3409.031982421875,3445.39501953125,2224.283935546875,193786497,BBRI.JK,0.6455816888739484
2019-01-25,3472.667236328125,3472.667236328125,3436.30419921875,3436.30419921875,2218.4150390625,139857845,BBRI.JK,0.6455816803316949
2019-01-28,3409.031982421875,3445.39501953125,3409.031982421875,3436.30419921875,2218.4150390625,102940988,BBRI.JK,0.6455816803316949
2019-01-29,3436.30419921875,3472.667236328125,3318.12451171875,3354.487548828125,2165.59619140625,206378414,BBRI.JK,0.6455818243125664
2019-01-30,3363.578369140625,3418.122802734375,3363.578369140625,3409.031982421875,2200.80908203125,159225000,BBRI.JK,0.6455818230451835
2019-01-31,3454.48583984375,3518.12109375,3454.48583984375,3499.939453125,2259.496826171875,277698146,BBRI.JK,0.6455816897502134
2019-02-01,3527.2119140625,3572.66552734375,3518.12109375,3563.57470703125,2300.578369140625,154119152,BBRI.JK,0.6455816303223219
2019-02-04,3590.84716796875,3590.84716796875,3536.302490234375,3545.393310546875,2288.841064453125,83552603,BBRI.JK,0.645581706730324
2019-02-06,3563.57470703125,3581.75634765625,3554.484130859375,3563.57470703125,2300.578369140625,85882773,BBRI.JK,0.6455816303223219
2019-02-07,3572.66552734375,3572.66552734375,3536.302490234375,3572.66552734375,2306.447509765625,91233705,BBRI.JK,0.6455817070232296
2019-02-08,3509.0302734375,3554.484130859375,3499.939453125,3536.302490234375,2282.97216796875,86321790,BBRI.JK,0.6455816984755288
2019-02-11,3536.302490234375,3563.57470703125,3509.0302734375,3518.12109375,2271.234619140625,61147416,BBRI.JK,0.6455817064328772
2019-02-12,3545.393310546875,3545.393310546875,3472.667236328125,3499.939453125,2259.496826171875,104459344,BBRI.JK,0.6455816897502134
2019-02-13,3536.302490234375,3536.302490234375,3436.30419921875,3445.39501953125,2224.283935546875,119001265,BBRI.JK,0.6455816888739484
2019-02-14,3472.667236328125,3499.939453125,3409.031982421875,3454.48583984375,2230.153076171875,131498911,BBRI.JK,0.6455817680447482
2019-02-15,3490.848876953125,3490.848876953125,3409.031982421875,3427.213623046875,2212.54638671875,96513687,BBRI.JK,0.6455816969914304
2019-02-18,3445.39501953125,3509.0302734375,3445.39501953125,3490.848876953125,2253.62841796875,103030419,BBRI.JK,0.6455817760681055
2019-02-19,3545.393310546875,3636.30078125,3527.2119140625,3554.484130859375,2294.709716796875,153943258,BBRI.JK,0.6455816462576465
2019-02-20,3554.484130859375,3581.75634765625,3509.0302734375,3536.302490234375,2282.97216796875,136475507,BBRI.JK,0.6455816984755288
2019-02-21,3481.758056640625,3581.75634765625,3481.758056640625,3554.484130859375,2294.709716796875,125997166,BBRI.JK,0.6455816462576465
2019-02-22,3509.0302734375,3554.484130859375,3509.0302734375,3545.393310546875,2288.841064453125,89872212,BBRI.JK,0.645581706730324
2019-02-25,3581.75634765625,3609.028564453125,3545.393310546875,3599.937744140625,2324.053955078125,117405577,BBRI.JK,0.6455817073116974
2019-02-26,3599.937744140625,3609.028564453125,3554.484130859375,3581.75634765625,2312.31640625,67561846,BBRI.JK,0.6455817151725248
2019-02-27,3554.484130859375,3563.57470703125,3499.939453125,3518.12109375,2271.234619140625,96869983,BBRI.JK,0.6455817064328772
2019-02-28,3499.939453125,3518.12109375,3490.848876953125,3499.939453125,2259.496826171875,117143553,BBRI.JK,0.6455816897502134
2019-03-01,3518.12109375,3536.302490234375,3509.0302734375,3518.12109375,2271.234619140625,78576447,BBRI.JK,0.6455817064328772
2019-03-04,3545.393310546875,3563.57470703125,3527.2119140625,3527.2119140625,2277.103515625,62730673,BBRI.JK,0.6455817147097137
2019-03-05,3545.393310546875,3545.393310546875,3509.0302734375,3509.0302734375,2265.365966796875,77678611,BBRI.JK,0.6455817676881105
2019-03-06,3536.302490234375,3563.57470703125,3509.0302734375,3545.393310546875,2288.841064453125,62160643,BBRI.JK,0.645581706730324
2019-03-08,3472.667236328125,3527.2119140625,3463.576416015625,3499.939453125,2259.496826171875,142765635,BBRI.JK,0.6455816897502134
2019-03-11,3545.393310546875,3545.393310546875,3481.758056640625,3509.0302734375,2265.365966796875,51418628,BBRI.JK,0.6455817676881105
2019-03-12,3527.2119140625,3536.302490234375,3463.576416015625,3490.848876953125,2253.62841796875,69851316,BBRI.JK,0.6455817760681055
2019-03-13,3454.48583984375,3463.576416015625,3436.30419921875,3445.39501953125,2224.283935546875,51432598,BBRI.JK,0.6455816888739484
2019-03-14,3436.30419921875,3499.939453125,3436.30419921875,3490.848876953125,2253.62841796875,99175072,BBRI.JK,0.6455817760681055
2019-03-15,3545.393310546875,3590.84716796875,3536.302490234375,3590.84716796875,2318.18505859375,106867285,BBRI.JK,0.6455816552908565
2019-03-18,3627.2099609375,3663.572998046875,3618.119384765625,3636.30078125,2347.529296875,102196275,BBRI.JK,0.6455817156214516
2019-03-19,3672.663818359375,3681.754638671875,3609.028564453125,3618.119384765625,2335.79150390625,63741150,BBRI.JK,0.6455816559678166
2019-03-20,3599.937744140625,3645.3916015625,3599.937744140625,3627.2099609375,2341.66064453125,94567643,BBRI.JK,0.6455817749039311
2019-03-21,3645.3916015625,3672.663818359375,3609.028564453125,3627.2099609375,2341.66064453125,121229463,BBRI.JK,0.6455817749039311
2019-03-22,3663.572998046875,3699.93603515625,3636.30078125,3681.754638671875,2376.873291015625,104102388,BBRI.JK,0.6455816653423266
2019-03-25,3663.572998046875,3672.663818359375,3627.2099609375,3645.3916015625,2353.39794921875,90384491,BBRI.JK,0.6455816566346476
2019-03-26,3681.754638671875,3709.02685546875,3645.3916015625,3690.845458984375,2382.7421875,75475383,BBRI.JK,0.6455816733534189
2019-03-27,3709.02685546875,3709.02685546875,3672.663818359375,3681.754638671875,2376.873291015625,56170270,BBRI.JK,0.6455816653423266
2019-03-28,3699.93603515625,3709.02685546875,3663.572998046875,3699.93603515625,2388.611083984375,67263631,BBRI.JK,0.6455817239239118
2019-03-29,3681.754638671875,3763.5712890625,3681.754638671875,3736.299072265625,2412.08642578125,71215890,BBRI.JK,0.6455817318495877
2019-04-01,3763.5712890625,3781.7529296875,3754.480712890625,3772.662109375,2435.561767578125,73530330,BBRI.JK,0.6455817396224793
2019-04-02,3790.843505859375,3790.843505859375,3754.480712890625,3772.662109375,2435.561767578125,48845023,BBRI.JK,0.6455817396224793
2019-04-04,3799.934326171875,3890.841796875,3763.5712890625,3836.29736328125,2476.643310546875,69303837,BBRI.JK,0.6455816835920561
2019-04-05,3872.660400390625,3899.9326171875,3863.569580078125,3881.751220703125,2505.987548828125,54041183,BBRI.JK,0.6455816991729316
2019-04-08,3899.9326171875,3899.9326171875,3827.20654296875,3863.569580078125,2494.25,82999953,BBRI.JK,0.645581747216667
2019-04-09,3890.841796875,3954.47705078125,3872.660400390625,3909.0234375,2523.593994140625,80659003,BBRI.JK,0.6455816994933598
2019-04-10,3909.0234375,3927.204833984375,3872.660400390625,3918.1142578125,2529.462890625,116840608,BBRI.JK,0.6455817069605341
2019-04-11,3909.0234375,3927.204833984375,3890.841796875,3909.0234375,2523.593994140625,188618827,BBRI.JK,0.6455816994933598
2019-04-12,3909.0234375,3927.204833984375,3890.841796875,3918.1142578125,2529.462890625,84244625,BBRI.JK,0.6455817069605341
2019-04-15,3954.47705078125,3963.56787109375,3918.1142578125,3954.47705078125,2552.938232421875,70577659,BBRI.JK,0.6455817544616966
2019-04-16,3936.295654296875,3963.56787109375,3927.204833984375,3945.386474609375,2547.069580078125,99923195,BBRI.JK,0.6455817691042055
2019-04-18,4045.384765625,4299.92578125,3981.74951171875,4054.475341796875,2617.4951171875,200241958,BBRI.JK,0.6455817082432842
2019-04-22,4054.475341796875,4054.475341796875,4009.021728515625,4036.2939453125,2605.7578125,112161787,BBRI.JK,0.645581775709414
2019-04-23,4009.021728515625,4045.384765625,4009.021728515625,4027.203125,2599.888427734375,60325921,BBRI.JK,0.6455816473708103
2019-04-24,4009.021728515625,4027.203125,3999.930908203125,3999.930908203125,2582.2822265625,190094393,BBRI.JK,0.6455817077406794
2019-04-25,3981.74951171875,3990.840087890625,3872.660400390625,3936.295654296875,2541.200439453125,202913024,BBRI.JK,0.6455816998093477
2019-04-26,3854.478759765625,3963.56787109375,3827.20654296875,3936.295654296875,2541.200439453125,146163924,BBRI.JK,0.6455816998093477
2019-04-29,3899.9326171875,3954.47705078125,3890.841796875,3945.386474609375,2547.069580078125,84609831,BBRI.JK,0.6455817691042055
2019-04-30,3990.840087890625,4009.021728515625,3945.386474609375,3972.65869140625,2564.675537109375,140586828,BBRI.JK,0.6455816460289786
2019-05-02,4018.1123046875,4018.1123046875,3945.386474609375,3972.65869140625,2564.675537109375,139594281,BBRI.JK,0.6455816460289786
2019-05-03,3936.295654296875,3999.930908203125,3918.1142578125,3981.74951171875,2570.544677734375,120435690,BBRI.JK,0.6455817148137933
2019-05-06,3909.0234375,3909.0234375,3809.025146484375,3845.38818359375,2482.512451171875,157313497,BBRI.JK,0.6455817547272472
2019-05-07,3827.20654296875,3890.841796875,3827.20654296875,3863.569580078125,2494.25,124070152,BBRI.JK,0.645581747216667
2019-05-08,3863.569580078125,3863.569580078125,3799.934326171875,3836.29736328125,2476.643310546875,132170032,BBRI.JK,0.6455816835920561
2019-05-09,3763.5712890625,3781.7529296875,3745.389892578125,3745.389892578125,2417.955322265625,179677103,BBRI.JK,0.6455817395825871
2019-05-10,3727.208251953125,3781.7529296875,3718.11767578125,3745.389892578125,2417.955322265625,132313475,BBRI.JK,0.6455817395825871
2019-05-13,3754.480712890625,3763.5712890625,3727.208251953125,3727.208251953125,2406.217529296875,79066285,BBRI.JK,0.645581724078866
2019-05-14,3636.30078125,3718.11767578125,3609.028564453125,3681.754638671875,2376.873291015625,126601626,BBRI.JK,0.6455816653423266
2019-05-15,3681.754638671875,3690.845458984375,3536.302490234375,3536.302490234375,2282.97216796875,184137240,BBRI.JK,0.6455816984755288
2019-05-16,3581.75634765625,3627.2099609375,3472.667236328125,3509.0302734375,2265.365966796875,158507017,BBRI.JK,0.6455817676881105
2019-05-17,3554.484130859375,3554.484130859375,3427.213623046875,3445.39501953125,2224.283935546875,170721848,BBRI.JK,0.6455816888739484
2019-05-20,3454.48583984375,3499.939453125,3327.21533203125,3409.031982421875,2200.80908203125,181806520,BBRI.JK,0.6455818230451835
2019-05-21,3454.48583984375,3490.848876953125,3372.6689453125,3409.031982421875,2200.80908203125,227189674,BBRI.JK,0.6455818230451835
2019-05-22,3372.6689453125,3481.758056640625,3372.6689453125,3427.213623046875,2212.54638671875,130499434,BBRI.JK,0.6455816969914304
2019-05-23,3472.667236328125,3536.302490234375,3454.48583984375,3499.939453125,2259.496826171875,230153565,BBRI.JK,0.6455816897502134
2019-05-24,3436.30419921875,3572.66552734375,3427.213623046875,3499.939453125,2339.825439453125,165441097,BBRI.JK,0.6685331191555212
2019-05-27,3545.393310546875,3609.028564453125,3509.0302734375,3563.57470703125,2382.367431640625,135938587,BBRI.JK,0.6685330398546162
2019-05-28,3572.66552734375,3590.84716796875,3463.576416015625,3463.576416015625,2315.515625,414291135,BBRI.JK,0.6685331423014154
2019-05-29,3536.302490234375,3590.84716796875,3509.0302734375,3581.75634765625,2394.5224609375,153687174,BBRI.JK,0.6685330403628305
2019-05-31,3627.2099609375,3745.389892578125,3618.119384765625,3727.208251953125,2491.76220703125,287219580,BBRI.JK,0.6685331321976767
2019-06-10,3836.29736328125,3881.751220703125,3818.115966796875,3845.38818359375,2570.769287109375,216423568,BBRI.JK,0.6685331010475083
2019-06-11,3863.569580078125,3863.569580078125,3772.662109375,3845.38818359375,2570.769287109375,127900199,BBRI.JK,0.6685331010475083
2019-06-12,3790.843505859375,3827.20654296875,3790.843505859375,3827.20654296875,2558.6142578125,102196275,BBRI.JK,0.6685331008625922
2019-06-13,3863.569580078125,3863.569580078125,3799.934326171875,3818.115966796875,2552.536865234375,128510489,BBRI.JK,0.668533089993013
2019-06-14,3790.843505859375,3854.478759765625,3790.843505859375,3845.38818359375,2570.769287109375,79530053,BBRI.JK,0.6685331010475083
2019-06-17,3863.569580078125,3863.569580078125,3818.115966796875,3818.115966796875,2552.536865234375,60714008,BBRI.JK,0.668533089993013
2019-06-18,3799.934326171875,3872.660400390625,3799.934326171875,3872.660400390625,2589.001708984375,174179428,BBRI.JK,0.6685331119463068
2019-06-19,3927.204833984375,3945.386474609375,3890.841796875,3899.9326171875,2607.234130859375,183945837,BBRI.JK,0.6685331226926747
2019-06-20,3936.295654296875,3936.295654296875,3890.841796875,3918.1142578125,2619.38916015625,118489316,BBRI.JK,0.6685331227728581
2019-06-21,3899.9326171875,3963.56787109375,3872.660400390625,3963.56787109375,2649.7763671875,187213443,BBRI.JK,0.6685331129340021
2019-06-24,3918.1142578125,3954.47705078125,3899.9326171875,3918.1142578125,2619.38916015625,90828128,BBRI.JK,0.6685331227728581
2019-06-25,3954.47705078125,3954.47705078125,3899.9326171875,3936.295654296875,2631.5439453125,65402729,BBRI.JK,0.668533102293751
2019-06-26,3936.295654296875,3972.65869140625,3927.204833984375,3963.56787109375,2649.7763671875,113137174,BBRI.JK,0.6685331129340021
2019-06-27,3981.74951171875,3990.840087890625,3954.47705078125,3981.74951171875,2661.931396484375,89922813,BBRI.JK,0.6685331130574644
2019-06-28,3972.65869140625,3999.930908203125,3954.47705078125,3963.56787109375,2649.7763671875,112840719,BBRI.JK,0.6685331129340021
2019-07-01,3999.930908203125,4018.1123046875,3981.74951171875,4018.1123046875,2686.2412109375,115331382,BBRI.JK,0.6685331337811915
2019-07-02,4018.1123046875,4018.1123046875,3963.56787109375,4009.021728515625,2680.16357421875,147886774,BBRI.JK,0.6685330626060497
2019-07-03,3990.840087890625,4018.1123046875,3963.56787109375,3999.930908203125,2674.086181640625,81810503,BBRI.JK,0.6685330929483217
2019-07-04,3963.56787109375,3999.930908203125,3963.56787109375,3990.840087890625,2668.0087890625,42557425,BBRI.JK,0.6685331234288285
2019-07-05,4018.1123046875,4018.1123046875,3981.74951171875,3999.930908203125,2674.086181640625,59149341,BBRI.JK,0.6685330929483217
2019-07-08,3981.74951171875,4009.021728515625,3972.65869140625,3999.930908203125,2674.086181640625,50857398,BBRI.JK,0.6685330929483217
2019-07-09,3972.65869140625,4009.021728515625,3972.65869140625,4009.021728515625,2680.16357421875,71191359,BBRI.JK,0.6685330626060497
2019-07-10,4009.021728515625,4072.656982421875,3999.930908203125,4063.566162109375,2716.62841796875,89077008,BBRI.JK,0.6685330838955906
2019-07-11,4081.74755859375,4127.20166015625,4072.656982421875,4099.92919921875,2740.938232421875,100559886,BBRI.JK,0.6685330646549131
2019-07-12,4099.92919921875,4127.20166015625,4081.74755859375,4099.92919921875,2740.938232421875,71034166,BBRI.JK,0.6685330646549131
2019-07-15,4127.20166015625,4145.3828125,4109.02001953125,4118.11083984375,2753.093505859375,75851590,BBRI.JK,0.668533124272059
2019-07-16,4090.83837890625,4136.2919921875,4090.83837890625,4136.2919921875,2765.248046875,92926745,BBRI.JK,0.6685330852120486
2019-07-17,4109.02001953125,4136.2919921875,4090.83837890625,4109.02001953125,2747.01611328125,71834980,BBRI.JK,0.6685331539452136
2019-07-18,4090.83837890625,4099.92919921875,4036.2939453125,4045.384765625,2704.4736328125,84732483,BBRI.JK,0.6685331036477236
2019-07-19,4045.384765625,4081.74755859375,4036.2939453125,4072.656982421875,2722.705810546875,70769832,BBRI.JK,0.6685330540476236
2019-07-22,4090.83837890625,4099.92919921875,4054.475341796875,4090.83837890625,2734.861083984375,46139636,BBRI.JK,0.6685331540073169
2019-07-23,4090.83837890625,4090.83837890625,4063.566162109375,4081.74755859375,2728.783447265625,47649853,BBRI.JK,0.6685331241321915
2019-07-24,4109.02001953125,4109.02001953125,4036.2939453125,4045.384765625,2704.4736328125,58359418,BBRI.JK,0.6685331036477236
2019-07-25,4063.566162109375,4072.656982421875,4045.384765625,4054.475341796875,2710.551025390625,66445547,BBRI.JK,0.668533113877406
2019-07-26,4009.021728515625,4063.566162109375,3999.930908203125,4036.2939453125,2698.39599609375,85121120,BBRI.JK,0.6685330733227441
2019-07-29,4072.656982421875,4072.656982421875,4036.2939453125,4054.475341796875,2710.551025390625,101066445,BBRI.JK,0.668533113877406
2019-07-30,4090.83837890625,4090.83837890625,4054.475341796875,4090.83837890625,2734.861083984375,75632686,BBRI.JK,0.6685331540073169
2019-07-31,4090.83837890625,4099.92919921875,4045.384765625,4072.656982421875,2722.705810546875,116420070,BBRI.JK,0.6685330540476236
2019-08-01,4081.74755859375,4099.92919921875,4009.021728515625,4045.384765625,2704.4736328125,157991988,BBRI.JK,0.6685331036477236
2019-08-02,3999.930908203125,4063.566162109375,3990.840087890625,4045.384765625,2704.4736328125,131279017,BBRI.JK,0.6685331036477236
2019-08-05,4009.021728515625,4018.1123046875,3881.751220703125,3881.751220703125,2595.0791015625,165923785,BBRI.JK,0.6685330805647142
2019-08-06,3727.208251953125,3827.20654296875,3654.482421875,3727.208251953125,2491.76220703125,272405185,BBRI.JK,0.6685331321976767
2019-08-07,3763.5712890625,3899.9326171875,3763.5712890625,3863.569580078125,2582.92431640625,161676832,BBRI.JK,0.6685331434755786
2019-08-08,3863.569580078125,3927.204833984375,3863.569580078125,3899.9326171875,2607.234130859375,102671923,BBRI.JK,0.6685331226926747
2019-08-09,3936.295654296875,3954.47705078125,3909.0234375,3936.295654296875,2631.5439453125,90719996,BBRI.JK,0.668533102293751
2019-08-12,3981.74951171875,3981.74951171875,3899.9326171875,3909.0234375,2613.311767578125,56163890,BBRI.JK,0.6685331539606879
2019-08-13,3936.295654296875,3936.295654296875,3863.569580078125,3890.841796875,2601.15625,88148482,BBRI.JK,0.6685330285310407
2019-08-14,3936.295654296875,3954.47705078125,3918.1142578125,3936.295654296875,2631.5439453125,102602292,BBRI.JK,0.668533102293751
2019-08-15,3827.20654296875,3890.841796875,3799.934326171875,3863.569580078125,2582.92431640625,126758709,BBRI.JK,0.6685331434755786
2019-08-16,3863.569580078125,3872.660400390625,3818.115966796875,3827.20654296875,2558.6142578125,102969368,BBRI.JK,0.6685331008625922
2019-08-19,3754.480712890625,3836.29736328125,3754.480712890625,3799.934326171875,2540.382080078125,66407047,BBRI.JK,0.6685331540025202
2019-08-20,3799.934326171875,3818.115966796875,3718.11767578125,3727.208251953125,2491.76220703125,112883069,BBRI.JK,0.6685331321976767
2019-08-21,3727.208251953125,3790.843505859375,3672.663818359375,3681.754638671875,2461.37451171875,92826643,BBRI.JK,0.668533010284098
2019-08-22,3690.845458984375,3763.5712890625,3636.30078125,3699.93603515625,2473.52978515625,136489697,BBRI.JK,0.6685331210196966
2019-08-23,3663.572998046875,3727.208251953125,3654.482421875,3709.02685546875,2479.607177734375,64061696,BBRI.JK,0.6685330881544669
2019-08-26,3654.482421875,3699.93603515625,3636.30078125,3699.93603515625,2473.52978515625,71268030,BBRI.JK,0.6685331210196966
2019-08-27,3754.480712890625,3827.20654296875,3709.02685546875,3818.115966796875,2552.536865234375,196025365,BBRI.JK,0.668533089993013
2019-08-28,3836.29736328125,3854.478759765625,3809.025146484375,3809.025146484375,2546.45947265625,109954819,BBRI.JK,0.6685331219213824
2019-08-29,3836.29736328125,3836.29736328125,3781.7529296875,3818.115966796875,2552.536865234375,74831102,BBRI.JK,0.668533089993013
2019-08-30,3809.025146484375,3881.751220703125,3745.389892578125,3881.751220703125,2595.0791015625,119899980,BBRI.JK,0.6685330805647142
2019-09-02,3881.751220703125,3890.841796875,3827.20654296875,3836.29736328125,2564.691650390625,75321490,BBRI.JK,0.6685330691354439
2019-09-03,3799.934326171875,3881.751220703125,3754.480712890625,3772.662109375,2522.149658203125,83772936,BBRI.JK,0.6685331431976447
2019-09-04,3799.934326171875,3799.934326171875,3727.208251953125,3781.7529296875,2528.227294921875,84356057,BBRI.JK,0.6685331754686554
2019-09-05,3836.29736328125,3845.38818359375,3799.934326171875,3836.29736328125,2564.691650390625,84846225,BBRI.JK,0.6685330691354439
2019-09-06,3872.660400390625,3899.9326171875,3863.569580078125,3881.751220703125,2595.0791015625,125869894,BBRI.JK,0.6685330805647142
2019-09-09,3899.9326171875,3899.9326171875,3790.843505859375,3790.843505859375,2534.304443359375,75150988,BBRI.JK,0.6685331218348076
2019-09-10,3799.934326171875,3809.025146484375,3772.662109375,3809.025146484375,2546.45947265625,76217016,BBRI.JK,0.6685331219213824
2019-09-11,3772.662109375,3872.660400390625,3772.662109375,3863.569580078125,2582.92431640625,125741191,BBRI.JK,0.6685331434755786
2019-09-12,3909.0234375,3954.47705078125,3881.751220703125,3890.841796875,2601.15625,95813194,BBRI.JK,0.6685330285310407
2019-09-13,3927.204833984375,3927.204833984375,3890.841796875,3918.1142578125,2619.38916015625,61703145,BBRI.JK,0.6685331227728581
2019-09-16,3899.9326171875,3899.9326171875,3727.208251953125,3809.025146484375,2546.45947265625,145880779,BBRI.JK,0.6685331219213824
2019-09-17,3781.7529296875,3863.569580078125,3754.480712890625,3863.569580078125,2582.92431640625,117840195,BBRI.JK,0.6685331434755786
2019-09-18,3854.478759765625,3872.660400390625,3827.20654296875,3854.478759765625,2576.8466796875,84048931,BBRI.JK,0.6685331118141088
2019-09-19,3818.115966796875,3845.38818359375,3818.115966796875,3836.29736328125,2564.691650390625,101320660,BBRI.JK,0.6685330691354439
2019-09-20,3818.115966796875,3836.29736328125,3754.480712890625,3781.7529296875,2528.227294921875,239258752,BBRI.JK,0.6685331754686554
2019-09-23,3781.7529296875,3818.115966796875,3781.7529296875,3799.934326171875,2540.382080078125,93391943,BBRI.JK,0.6685331540025202
2019-09-24,3781.7529296875,3781.7529296875,3736.299072265625,3736.299072265625,2497.839599609375,104585626,BBRI.JK,0.6685330995451415
2019-09-25,3699.93603515625,3745.389892578125,3654.482421875,3709.02685546875,2479.607177734375,91472409,BBRI.JK,0.6685330881544669
2019-09-26,3736.299072265625,3827.20654296875,3727.208251953125,3827.20654296875,2558.6142578125,88134402,BBRI.JK,0.6685331008625922
2019-09-27,3827.20654296875,3827.20654296875,3781.7529296875,3799.934326171875,2540.382080078125,63434135,BBRI.JK,0.6685331540025202
2019-09-30,3818.115966796875,3818.115966796875,3736.299072265625,3745.389892578125,2503.91748046875,83981500,BBRI.JK,0.6685331974197185
2019-10-01,3745.389892578125,3754.480712890625,3699.93603515625,3699.93603515625,2473.52978515625,87507501,BBRI.JK,0.6685331210196966
2019-10-02,3681.754638671875,3718.11767578125,3563.57470703125,3572.66552734375,2388.445068359375,182983980,BBRI.JK,0.6685330742772235
2019-10-03,3518.12109375,3536.302490234375,3463.576416015625,3463.576416015625,2315.515625,195391424,BBRI.JK,0.6685331423014154
2019-10-04,3527.2119140625,3599.937744140625,3509.0302734375,3590.84716796875,2400.60009765625,103236563,BBRI.JK,0.6685330746098581
2019-10-07,3609.028564453125,3627.2099609375,3509.0302734375,3545.393310546875,2370.212646484375,139378677,BBRI.JK,0.668533062166457
2019-10-08,3599.937744140625,3599.937744140625,3536.302490234375,3572.66552734375,2388.445068359375,131777876,BBRI.JK,0.6685330742772235
2019-10-09,3590.84716796875,3627.2099609375,3563.57470703125,3599.937744140625,2406.677490234375,129617548,BBRI.JK,0.6685330862044937
2019-10-10,3609.028564453125,3627.2099609375,3527.2119140625,3536.302490234375,2364.13525390625,118644859,BBRI.JK,0.6685330964856353
2019-10-11,3590.84716796875,3599.937744140625,3554.484130859375,3563.57470703125,2382.367431640625,112429201,BBRI.JK,0.6685330398546162
2019-10-14,3590.84716796875,3618.119384765625,3554.484130859375,3563.57470703125,2382.367431640625,120763165,BBRI.JK,0.6685330398546162
2019-10-15,3609.028564453125,3609.028564453125,3536.302490234375,3581.75634765625,2394.5224609375,140902423,BBRI.JK,0.6685330403628305
2019-10-16,3599.937744140625,3627.2099609375,3581.75634765625,3627.2099609375,2424.90966796875,90212558,BBRI.JK,0.6685330306443028
2019-10-17,3636.30078125,3681.754638671875,3627.2099609375,3681.754638671875,2461.37451171875,115003686,BBRI.JK,0.668533010284098
2019-10-18,3681.754638671875,3809.025146484375,3681.754638671875,3790.843505859375,2534.304443359375,113976708,BBRI.JK,0.6685331218348076
2019-10-21,3790.843505859375,3809.025146484375,3736.299072265625,3745.389892578125,2503.91748046875,89234971,BBRI.JK,0.6685331974197185
2019-10-22,3709.02685546875,3763.5712890625,3699.93603515625,3763.5712890625,2516.072021484375,90846609,BBRI.JK,0.6685331107707342
2019-10-23,3772.662109375,3799.934326171875,3709.02685546875,3799.934326171875,2540.382080078125,139892606,BBRI.JK,0.6685331540025202
2019-10-24,3799.934326171875,3909.0234375,3799.934326171875,3909.0234375,2613.311767578125,172727403,BBRI.JK,0.6685331539606879
2019-10-25,3909.0234375,3927.204833984375,3836.29736328125,3845.38818359375,2570.769287109375,123528393,BBRI.JK,0.6685331010475083
2019-10-28,3845.38818359375,3872.660400390625,3836.29736328125,3845.38818359375,2570.769287109375,42188588,BBRI.JK,0.6685331010475083
2019-10-29,3854.478759765625,3863.569580078125,3799.934326171875,3845.38818359375,2570.769287109375,90745077,BBRI.JK,0.6685331010475083
2019-10-30,3872.660400390625,3872.660400390625,3809.025146484375,3863.569580078125,2582.92431640625,52187101,BBRI.JK,0.6685331434755786
2019-10-31,3827.20654296875,3854.478759765625,3781.7529296875,3827.20654296875,2558.6142578125,83146256,BBRI.JK,0.6685331008625922
2019-11-01,3836.29736328125,3836.29736328125,3772.662109375,3799.934326171875,2540.382080078125,69610742,BBRI.JK,0.6685331540025202
2019-11-04,3799.934326171875,3827.20654296875,3772.662109375,3781.7529296875,2528.227294921875,55300375,BBRI.JK,0.6685331754686554
2019-11-05,3809.025146484375,3909.0234375,3790.843505859375,3909.0234375,2613.311767578125,145802018,BBRI.JK,0.6685331539606879
2019-11-06,3936.295654296875,3936.295654296875,3781.7529296875,3781.7529296875,2528.227294921875,145752957,BBRI.JK,0.6685331754686554
2019-11-07,3781.7529296875,3781.7529296875,3599.937744140625,3636.30078125,2430.9873046875,321561514,BBRI.JK,0.6685330644875405
2019-11-08,3645.3916015625,3663.572998046875,3618.119384765625,3627.2099609375,2424.90966796875,148082467,BBRI.JK,0.6685330306443028
2019-11-11,3590.84716796875,3636.30078125,3590.84716796875,3636.30078125,2430.9873046875,125489617,BBRI.JK,0.6685330644875405
2019-11-12,3636.30078125,3663.572998046875,3618.119384765625,3636.30078125,2430.9873046875,120754695,BBRI.JK,0.6685330644875405
2019-11-13,3636.30078125,3645.3916015625,3563.57470703125,3599.937744140625,2406.677490234375,165100201,BBRI.JK,0.6685330862044937
2019-11-14,3590.84716796875,3609.028564453125,3545.393310546875,3581.75634765625,2394.5224609375,129874843,BBRI.JK,0.6685330403628305
2019-11-15,3636.30078125,3727.208251953125,3599.937744140625,3718.11767578125,2485.684326171875,134210348,BBRI.JK,0.668532989787523
2019-11-18,3718.11767578125,3763.5712890625,3681.754638671875,3745.389892578125,2503.91748046875,102464019,BBRI.JK,0.6685331974197185
2019-11-19,3772.662109375,3809.025146484375,3709.02685546875,3809.025146484375,2546.45947265625,155302002,BBRI.JK,0.6685331219213824
2019-11-20,3790.843505859375,3872.660400390625,3772.662109375,3836.29736328125,2564.691650390625,170292181,BBRI.JK,0.6685330691354439
2019-11-21,3818.115966796875,3845.38818359375,3763.5712890625,3836.29736328125,2564.691650390625,125613039,BBRI.JK,0.6685330691354439
2019-11-22,3845.38818359375,3863.569580078125,3781.7529296875,3827.20654296875,2558.6142578125,82167459,BBRI.JK,0.6685331008625922
2019-11-25,3772.662109375,3799.934326171875,3745.389892578125,3754.480712890625,2509.99462890625,62254255,BBRI.JK,0.668533099740915
2019-11-26,3772.662109375,3799.934326171875,3727.208251953125,3772.662109375,2522.149658203125,244288809,BBRI.JK,0.6685331431976447
2019-11-27,3727.208251953125,3827.20654296875,3727.208251953125,3790.843505859375,2534.304443359375,72910799,BBRI.JK,0.6685331218348076
2019-11-28,3754.480712890625,3790.843505859375,3681.754638671875,3681.754638671875,2461.37451171875,67893172,BBRI.JK,0.668533010284098
2019-11-29,3690.845458984375,3745.389892578125,3645.3916015625,3718.11767578125,2485.684326171875,70620339,BBRI.JK,0.668532989787523
2019-12-02,3772.662109375,3827.20654296875,3745.389892578125,3827.20654296875,2558.6142578125,60937642,BBRI.JK,0.6685331008625922
2019-12-03,3827.20654296875,3836.29736328125,3781.7529296875,3790.843505859375,2534.304443359375,48090300,BBRI.JK,0.6685331218348076
2019-12-04,3818.115966796875,3818.115966796875,3745.389892578125,3754.480712890625,2509.99462890625,55684281,BBRI.JK,0.668533099740915
2019-12-05,3818.115966796875,3845.38818359375,3790.843505859375,3836.29736328125,2564.691650390625,80063892,BBRI.JK,0.6685330691354439
2019-12-06,3863.569580078125,3863.569580078125,3790.843505859375,3790.843505859375,2534.304443359375,73924136,BBRI.JK,0.6685331218348076
2019-12-09,3809.025146484375,3827.20654296875,3772.662109375,3799.934326171875,2540.382080078125,52623808,BBRI.JK,0.6685331540025202
2019-12-10,3763.5712890625,3799.934326171875,3754.480712890625,3790.843505859375,2534.304443359375,88013950,BBRI.JK,0.6685331218348076
2019-12-11,3809.025146484375,3827.20654296875,3781.7529296875,3827.20654296875,2558.6142578125,69260056,BBRI.JK,0.6685331008625922
2019-12-12,3845.38818359375,3881.751220703125,3827.20654296875,3863.569580078125,2582.92431640625,138108485,BBRI.JK,0.6685331434755786
2019-12-13,3890.841796875,3899.9326171875,3854.478759765625,3890.841796875,2601.15625,184381444,BBRI.JK,0.6685330285310407
2019-12-16,3909.0234375,3954.47705078125,3899.9326171875,3936.295654296875,2631.5439453125,196854450,BBRI.JK,0.668533102293751
2019-12-17,3963.56787109375,3963.56787109375,3909.0234375,3954.47705078125,2643.69921875,155154269,BBRI.JK,0.6685332054785116
2019-12-18,3981.74951171875,3999.930908203125,3954.47705078125,3999.930908203125,2674.086181640625,174183278,BBRI.JK,0.6685330929483217
2019-12-19,3954.47705078125,3972.65869140625,3927.204833984375,3954.47705078125,2643.69921875,103421146,BBRI.JK,0.6685332054785116
2019-12-20,3954.47705078125,3972.65869140625,3927.204833984375,3963.56787109375,2649.7763671875,171838258,BBRI.JK,0.6685331129340021
2019-12-23,4045.384765625,4063.566162109375,3963.56787109375,4045.384765625,2704.4736328125,135606712,BBRI.JK,0.6685331036477236
2019-12-26,4018.1123046875,4045.384765625,3999.930908203125,4009.021728515625,2680.16357421875,55258354,BBRI.JK,0.6685330626060497
2019-12-27,3981.74951171875,4036.2939453125,3981.74951171875,4027.203125,2692.318603515625,62113562,BBRI.JK,0.6685331034837297
2019-12-30,4045.384765625,4045.384765625,3963.56787109375,3999.930908203125,2674.086181640625,73085482,BBRI.JK,0.6685330929483217
2020-01-02,3999.930908203125,4009.021728515625,3963.56787109375,4009.021728515625,2680.16357421875,45886302,BBRI.JK,0.6685330626060497
2020-01-03,4018.1123046875,4036.2939453125,3990.840087890625,4018.1123046875,2686.2412109375,91189705,BBRI.JK,0.6685331337811915
2020-01-06,3963.56787109375,3990.840087890625,3927.204833984375,3972.65869140625,2655.853759765625,48648450,BBRI.JK,0.6685330822682631
2020-01-07,4009.021728515625,4009.021728515625,3981.74951171875,3999.930908203125,2674.086181640625,114344885,BBRI.JK,0.6685330929483217
2020-01-08,3981.74951171875,3999.930908203125,3945.386474609375,3981.74951171875,2661.931396484375,188929583,BBRI.JK,0.6685331130574644
2020-01-09,3999.930908203125,4018.1123046875,3972.65869140625,3999.930908203125,2674.086181640625,79280569,BBRI.JK,0.6685330929483217
2020-01-10,4027.203125,4027.203125,3990.840087890625,4009.021728515625,2680.16357421875,137292491,BBRI.JK,0.6685330626060497
2020-01-13,4027.203125,4099.92919921875,4018.1123046875,4099.92919921875,2740.938232421875,122488655,BBRI.JK,0.6685330646549131
2020-01-14,4127.20166015625,4181.74609375,4109.02001953125,4154.4736328125,2777.403076171875,174258629,BBRI.JK,0.6685330854517003
2020-01-15,4154.4736328125,4163.564453125,4118.11083984375,4163.564453125,2783.48046875,112825318,BBRI.JK,0.6685330562520376
2020-01-16,4154.4736328125,4172.6552734375,4099.92919921875,4154.4736328125,2777.403076171875,147387255,BBRI.JK,0.6685330854517003
2020-01-17,4199.92724609375,4218.10888671875,4181.74609375,4209.01806640625,2813.8681640625,133295352,BBRI.JK,0.6685331637136547
2020-01-20,4263.5625,4263.5625,4209.01806640625,4236.29052734375,2832.100830078125,90022804,BBRI.JK,0.6685331923761887
2020-01-21,4245.38134765625,4254.47216796875,4218.10888671875,4245.38134765625,2838.177978515625,81224962,BBRI.JK,0.6685331060029506
2020-01-22,4254.47216796875,4281.744140625,4245.38134765625,4281.744140625,2862.488037109375,90609115,BBRI.JK,0.6685331825295712
2020-01-23,4290.8349609375,4327.19775390625,4263.5625,4309.0166015625,2880.720458984375,153849977,BBRI.JK,0.6685331539311758
2020-01-24,4299.92578125,4318.107421875,4254.47216796875,4309.0166015625,2880.720458984375,105620964,BBRI.JK,0.6685331539311758
2020-01-27,4272.6533203125,4272.6533203125,4218.10888671875,4227.19970703125,2826.023193359375,103076840,BBRI.JK,0.6685331636115396
2020-01-28,4163.564453125,4218.10888671875,4154.4736328125,4199.92724609375,2807.7900390625,104935872,BBRI.JK,0.6685330184407259
2020-01-29,4199.92724609375,4236.29052734375,4181.74609375,4199.92724609375,2807.7900390625,214362682,BBRI.JK,0.6685330184407259
2020-01-30,4272.6533203125,4272.6533203125,4163.564453125,4163.564453125,2783.48046875,96500596,BBRI.JK,0.6685330562520376
2020-01-31,4154.4736328125,4163.564453125,4054.475341796875,4054.475341796875,2710.551025390625,150763654,BBRI.JK,0.668533113877406
2020-02-03,4054.475341796875,4081.74755859375,4045.384765625,4054.475341796875,2710.551025390625,144745560,BBRI.JK,0.668533113877406
2020-02-04,4263.5625,4263.5625,4109.02001953125,4145.3828125,2771.32568359375,123617275,BBRI.JK,0.6685331147794327
2020-02-05,4154.4736328125,4163.564453125,4099.92919921875,4145.3828125,2771.32568359375,100395764,BBRI.JK,0.6685331147794327
2020-02-06,4172.6552734375,4172.6552734375,4118.11083984375,4136.2919921875,2765.248046875,104342852,BBRI.JK,0.6685330852120486
2020-02-07,4163.564453125,4163.564453125,4127.20166015625,4136.2919921875,2765.248046875,146349277,BBRI.JK,0.6685330852120486
2020-02-10,4090.83837890625,4118.11083984375,3999.930908203125,4090.83837890625,2734.861083984375,187982906,BBRI.JK,0.6685331540073169
2020-02-11,4127.20166015625,4127.20166015625,4072.656982421875,4099.92919921875,2740.938232421875,93666727,BBRI.JK,0.6685330646549131
2020-02-12,4109.02001953125,4145.3828125,4109.02001953125,4118.11083984375,2753.093505859375,143167912,BBRI.JK,0.668533124272059
2020-02-13,4163.564453125,4172.6552734375,4127.20166015625,4154.4736328125,2777.403076171875,87683284,BBRI.JK,0.6685330854517003
2020-02-14,4118.11083984375,4172.6552734375,4118.11083984375,4136.2919921875,2765.248046875,139707803,BBRI.JK,0.6685330852120486
2020-02-17,4072.656982421875,4127.20166015625,4063.566162109375,4063.566162109375,2716.62841796875,131738165,BBRI.JK,0.6685330838955906
2020-02-18,4063.566162109375,4090.83837890625,3999.930908203125,3999.930908203125,2674.086181640625,97565635,BBRI.JK,0.6685330929483217
2020-02-19,4054.475341796875,4072.656982421875,4045.384765625,4072.656982421875,2722.705810546875,110893685,BBRI.JK,0.6685330540476236
2020-02-20,4109.02001953125,4163.564453125,4099.92919921875,4145.3828125,2771.32568359375,108000305,BBRI.JK,0.6685331147794327
2020-02-21,4145.3828125,4145.3828125,4099.92919921875,4099.92919921875,2740.938232421875,117658802,BBRI.JK,0.6685330646549131
2020-02-24,4127.20166015625,4127.20166015625,4063.566162109375,4081.74755859375,2728.783447265625,113200755,BBRI.JK,0.6685331241321915
2020-02-25,4054.475341796875,4136.2919921875,4054.475341796875,4090.83837890625,2734.861083984375,125324724,BBRI.JK,0.6685331540073169
2020-02-26,4090.83837890625,4099.92919921875,4063.566162109375,4072.656982421875,2722.705810546875,164120194,BBRI.JK,0.6685330540476236
2020-02-27,3981.74951171875,3981.74951171875,3745.389892578125,3754.480712890625,2607.9091796875,227877075,BBRI.JK,0.6946124854852792
2020-02-28,3627.2099609375,3809.025146484375,3554.484130859375,3809.025146484375,2645.7958984375,211162617,BBRI.JK,0.6946123474347489
2020-03-02,3809.025146484375,3818.115966796875,3618.119384765625,3618.119384765625,2513.19091796875,206428685,BBRI.JK,0.6946124908290028
2020-03-03,3681.754638671875,3799.934326171875,3636.30078125,3727.208251953125,2588.96533203125,218258509,BBRI.JK,0.6946124705198817
2020-03-04,3763.5712890625,3854.478759765625,3754.480712890625,3836.29736328125,2664.73974609375,127937929,BBRI.JK,0.6946124071608862
2020-03-05,3899.9326171875,3909.0234375,3754.480712890625,3772.662109375,2620.5380859375,146949558,BBRI.JK,0.6946124540084065
2020-03-06,3672.663818359375,3681.754638671875,3636.30078125,3645.3916015625,2532.134033203125,175334118,BBRI.JK,0.6946123516929685
2020-03-09,3545.393310546875,3590.84716796875,3409.031982421875,3409.031982421875,2367.955810546875,163934401,BBRI.JK,0.6946123775772296
2020-03-10,3436.30419921875,3663.572998046875,3436.30419921875,3554.484130859375,2468.988525390625,182576203,BBRI.JK,0.6946123359942228
2020-03-11,3590.84716796875,3663.572998046875,3527.2119140625,3554.484130859375,2468.988525390625,195275262,BBRI.JK,0.6946123359942228
2020-03-12,3472.667236328125,3490.848876953125,3272.670654296875,3281.761474609375,2279.55224609375,167137546,BBRI.JK,0.6946124097471413
2020-03-13,3281.761474609375,3427.213623046875,3054.49267578125,3381.759765625,2349.01220703125,295725807,BBRI.JK,0.6946123822598372
2020-03-16,3409.031982421875,3409.031982421875,3145.400146484375,3181.76318359375,2210.09228515625,196265939,BBRI.JK,0.6946124389622192
2020-03-17,3181.76318359375,3245.3984375,2963.585205078125,2963.585205078125,2058.54296875,229429422,BBRI.JK,0.6946123786900649
2020-03-18,2972.676025390625,3127.21875,2809.04248046875,2854.49609375,1982.7686767578125,272919333,BBRI.JK,0.6946125030961299
2020-03-19,2845.405517578125,2854.49609375,2663.59033203125,2663.59033203125,1850.162841796875,151744210,BBRI.JK,0.6946123882293654
2020-03-20,2663.59033203125,2699.953369140625,2481.775390625,2554.501220703125,1774.38818359375,658210668,BBRI.JK,0.6946123842936942
2020-03-23,2409.04931640625,2454.503173828125,2381.777099609375,2381.777099609375,1654.4122314453125,180848183,BBRI.JK,0.694612536041532
2020-03-24,2345.4140625,2499.956787109375,2218.1435546875,2218.1435546875,1540.7498779296875,544651637,BBRI.JK,0.6946123368226967
2020-03-26,2272.68798828125,2727.2255859375,2272.68798828125,2672.68115234375,1856.477294921875,698059077,BBRI.JK,0.6946123346190687
2020-03-27,2727.2255859375,3336.305908203125,2727.2255859375,2936.31298828125,2039.599365234375,529032687,BBRI.JK,0.6946123840933729
2020-03-30,2863.5869140625,2863.5869140625,2736.31640625,2736.31640625,1900.679443359375,239264252,BBRI.JK,0.6946124501603861
2020-03-31,2818.133056640625,2909.040771484375,2699.953369140625,2745.4072265625,1906.994140625,346502244,BBRI.JK,0.6946124866920855
2020-04-01,2736.31640625,2799.95166015625,2636.318115234375,2663.59033203125,1850.162841796875,298923123,BBRI.JK,0.6946123882293654
2020-04-02,2590.8642578125,2636.318115234375,2545.41064453125,2609.0458984375,1812.27587890625,329876337,BBRI.JK,0.694612494165619
2020-04-03,2663.59033203125,2681.77197265625,2572.682861328125,2627.227294921875,1824.9049072265625,322467159,BBRI.JK,0.6946124953687455
2020-04-06,2681.77197265625,2754.497802734375,2645.408935546875,2745.4072265625,1906.994140625,313615306,BBRI.JK,0.6946124866920855
2020-04-07,2818.133056640625,2945.403564453125,2681.77197265625,2754.497802734375,1913.308349609375,445935822,BBRI.JK,0.6946124072816628
2020-04-08,2727.2255859375,2763.588623046875,2563.592041015625,2563.592041015625,1780.702880859375,322246825,BBRI.JK,0.694612423649868
2020-04-09,2599.955078125,2645.408935546875,2499.956787109375,2536.31982421875,1761.7591552734375,292370749,BBRI.JK,0.6946123822598372
2020-04-13,2536.31982421875,2581.773681640625,2454.503173828125,2518.138427734375,1749.1302490234375,136106890,BBRI.JK,0.6946124286730213
2020-04-14,2536.31982421875,2636.318115234375,2518.138427734375,2636.318115234375,1831.2188720703125,241711574,BBRI.JK,0.6946122554362195
2020-04-15,2636.318115234375,2718.134765625,2481.775390625,2509.047607421875,1742.8155517578125,351010672,BBRI.JK,0.6946123886220756
2020-04-16,2518.138427734375,2518.138427734375,2345.4140625,2372.686279296875,1648.097412109375,404530667,BBRI.JK,0.6946124426520367
2020-04-17,2427.230712890625,2581.773681640625,2418.14013671875,2572.682861328125,1787.017333984375,442565694,BBRI.JK,0.6946123678306166
2020-04-20,2618.136474609375,2636.318115234375,2509.047607421875,2527.22900390625,1755.4449462890625,244213568,BBRI.JK,0.6946125355382248
2020-04-21,2499.956787109375,2536.31982421875,2445.412353515625,2472.6845703125,1717.5576171875,146163154,BBRI.JK,0.6946125024634394
2020-04-22,2454.503173828125,2572.682861328125,2409.04931640625,2536.31982421875,1761.7591552734375,197501041,BBRI.JK,0.6946123822598372
2020-04-23,2572.682861328125,2618.136474609375,2536.31982421875,2545.41064453125,1768.07373046875,237791877,BBRI.JK,0.6946123739473674
2020-04-24,2545.41064453125,2545.41064453125,2390.86767578125,2390.86767578125,1660.7261962890625,323088010,BBRI.JK,0.6946123422520222
2020-04-27,2436.321533203125,2454.503173828125,2372.686279296875,2418.14013671875,1679.670166015625,200872709,BBRI.JK,0.6946124174154861
2020-04-28,2436.321533203125,2445.412353515625,2336.3232421875,2354.5048828125,1635.46826171875,295130807,BBRI.JK,0.6946123890663385
2020-04-29,2363.595458984375,2381.777099609375,2327.232421875,2345.4140625,1629.1539306640625,230054013,BBRI.JK,0.6946125022067665
2020-04-30,2381.777099609375,2490.865966796875,2372.686279296875,2481.775390625,1723.8719482421875,475289499,BBRI.JK,0.6946123951241433
2020-05-04,2427.230712890625,2436.321533203125,2363.595458984375,2390.86767578125,1660.7261962890625,220673601,BBRI.JK,0.6946123422520222
2020-05-05,2390.86767578125,2436.321533203125,2372.686279296875,2390.86767578125,1660.7261962890625,203241160,BBRI.JK,0.6946123422520222
2020-05-06,2390.86767578125,2409.04931640625,2363.595458984375,2381.777099609375,1654.4122314453125,190361478,BBRI.JK,0.694612536041532
2020-05-08,2399.95849609375,2418.14013671875,2345.4140625,2354.5048828125,1635.46826171875,226345299,BBRI.JK,0.6946123890663385
2020-05-11,2390.86767578125,2399.95849609375,2363.595458984375,2381.777099609375,1654.4122314453125,170062057,BBRI.JK,0.694612536041532
2020-05-12,2381.777099609375,2390.86767578125,2245.415771484375,2263.59716796875,1572.3228759765625,405546974,BBRI.JK,0.6946124947609358
2020-05-13,2236.324951171875,2290.86962890625,2218.1435546875,2245.415771484375,1559.69384765625,372457853,BBRI.JK,0.6946124933580495
2020-05-14,2218.1435546875,2254.506591796875,2118.145263671875,2136.32666015625,1483.9190673828125,517300545,BBRI.JK,0.6946124368799851
2020-05-15,2163.598876953125,2181.780517578125,2009.05615234375,2036.3284912109373,1414.4588623046875,654135428,BBRI.JK,0.6946123223289753
2020-05-18,2045.419189453125,2063.600830078125,1963.6024169921875,1972.6932373046875,1370.2572021484375,501017513,BBRI.JK,0.6946124091856446
2020-05-19,2045.419189453125,2199.9619140625,2045.419189453125,2154.50830078125,1496.548095703125,584451204,BBRI.JK,0.6946123601196891
2020-05-20,2145.41748046875,2272.68798828125,2109.054443359375,2254.506591796875,1566.008056640625,433842983,BBRI.JK,0.6946123210899523
2020-05-26,2318.141845703125,2318.141845703125,2245.415771484375,2290.86962890625,1591.2664794921875,444514707,BBRI.JK,0.6946124124278167
2020-05-27,2309.051025390625,2390.86767578125,2290.86962890625,2390.86767578125,1660.7261962890625,476102523,BBRI.JK,0.6946123422520222
2020-05-28,2399.95849609375,2527.22900390625,2399.95849609375,2481.775390625,1723.8719482421875,498739044,BBRI.JK,0.6946123951241433
2020-05-29,2454.503173828125,2681.77197265625,2454.503173828125,2681.77197265625,1862.7919921875,959884609,BBRI.JK,0.6946123724092902
2020-06-02,2681.77197265625,2990.857421875,2681.77197265625,2890.859130859375,2008.02685546875,514215761,BBRI.JK,0.6946124887350763
2020-06-03,2909.040771484375,2981.7666015625,2736.31640625,2818.133056640625,1957.51025390625,481917223,BBRI.JK,0.6946124311957483
2020-06-04,2836.314697265625,2909.040771484375,2754.497802734375,2781.77001953125,1932.2520751953125,275162272,BBRI.JK,0.6946124451801059
2020-06-05,2790.86083984375,2845.405517578125,2690.862548828125,2827.223876953125,1963.824951171875,294137820,BBRI.JK,0.6946124667312418
2020-06-08,2890.859130859375,3063.58349609375,2881.768310546875,2999.9482421875,2083.80126953125,422772612,BBRI.JK,0.6946124070499914
2020-06-09,3045.40185546875,3054.49267578125,2918.13134765625,2918.13134765625,2026.970458984375,279951975,BBRI.JK,0.694612482269646
2020-06-10,2890.859130859375,2890.859130859375,2727.2255859375,2754.497802734375,1913.308349609375,487562851,BBRI.JK,0.6946124072816628
2020-06-11,2845.405517578125,2845.405517578125,2636.318115234375,2699.953369140625,1875.421142578125,409589324,BBRI.JK,0.69461241961192
2020-06-12,2636.318115234375,2763.588623046875,2545.41064453125,2754.497802734375,1913.308349609375,519350210,BBRI.JK,0.6946124072816628
2020-06-15,2763.588623046875,2772.679443359375,2627.227294921875,2636.318115234375,1831.2188720703125,253847754,BBRI.JK,0.6946122554362195
2020-06-16,2699.953369140625,2863.5869140625,2690.862548828125,2845.405517578125,1976.453857421875,372556634,BBRI.JK,0.694612365517636
2020-06-17,2909.040771484375,2909.040771484375,2799.95166015625,2818.133056640625,1957.51025390625,240003025,BBRI.JK,0.6946124311957483
2020-06-18,2772.679443359375,2836.314697265625,2763.588623046875,2772.679443359375,1925.9376220703125,144039347,BBRI.JK,0.6946124358814623
2020-06-19,2799.95166015625,2827.223876953125,2781.77001953125,2818.133056640625,1957.51025390625,183669732,BBRI.JK,0.6946124311957483
2020-06-22,2818.133056640625,2827.223876953125,2754.497802734375,2781.77001953125,1932.2520751953125,104916512,BBRI.JK,0.6946124451801059
2020-06-23,2745.4072265625,2781.77001953125,2709.044189453125,2736.31640625,1900.679443359375,188566907,BBRI.JK,0.6946124501603861
2020-06-24,2772.679443359375,2854.49609375,2736.31640625,2836.314697265625,1970.139404296875,339338591,BBRI.JK,0.6946124159622364
2020-06-25,2818.133056640625,2827.223876953125,2763.588623046875,2781.77001953125,1932.2520751953125,174033235,BBRI.JK,0.6946124451801059
2020-06-26,2818.133056640625,2836.314697265625,2745.4072265625,2754.497802734375,1913.308349609375,162039618,BBRI.JK,0.6946124072816628
2020-06-29,2763.588623046875,2781.77001953125,2709.044189453125,2763.588623046875,1919.623291015625,130693147,BBRI.JK,0.6946125320559569
2020-06-30,2790.86083984375,2827.223876953125,2754.497802734375,2754.497802734375,1913.308349609375,147418716,BBRI.JK,0.6946124072816628
2020-07-01,2763.588623046875,2790.86083984375,2754.497802734375,2781.77001953125,1932.2520751953125,111421694,BBRI.JK,0.6946124451801059
2020-07-02,2809.04248046875,2809.04248046875,2763.588623046875,2781.77001953125,1932.2520751953125,186436280,BBRI.JK,0.6946124451801059
2020-07-03,2781.77001953125,2809.04248046875,2763.588623046875,2772.679443359375,1925.9376220703125,54421019,BBRI.JK,0.6946124358814623
2020-07-06,2790.86083984375,2818.133056640625,2754.497802734375,2763.588623046875,1919.623291015625,148148028,BBRI.JK,0.6946125320559569
2020-07-07,2790.86083984375,2799.95166015625,2754.497802734375,2754.497802734375,1913.308349609375,228112810,BBRI.JK,0.6946124072816628
2020-07-08,2763.588623046875,2909.040771484375,2754.497802734375,2899.949951171875,2014.34130859375,373640813,BBRI.JK,0.694612439011146
2020-07-09,2899.949951171875,2936.31298828125,2854.49609375,2854.49609375,1982.7686767578125,211404181,BBRI.JK,0.6946125030961299
2020-07-10,2845.405517578125,2863.5869140625,2818.133056640625,2827.223876953125,1963.824951171875,117829855,BBRI.JK,0.6946124667312418
2020-07-13,2845.405517578125,2890.859130859375,2772.679443359375,2872.677734375,1995.39794921875,105451891,BBRI.JK,0.6946125300939414
2020-07-14,2872.677734375,2954.494384765625,2845.405517578125,2881.768310546875,2001.712158203125,232365483,BBRI.JK,0.6946124540536913
2020-07-15,2909.040771484375,2945.403564453125,2845.405517578125,2845.405517578125,1976.453857421875,182296468,BBRI.JK,0.694612365517636
2020-07-16,2845.405517578125,2872.677734375,2845.405517578125,2854.49609375,1982.7686767578125,128809144,BBRI.JK,0.6946125030961299
2020-07-17,2854.49609375,2863.5869140625,2818.133056640625,2818.133056640625,1957.51025390625,131548742,BBRI.JK,0.6946124311957483
2020-07-20,2818.133056640625,2845.405517578125,2754.497802734375,2772.679443359375,1925.9376220703125,150206164,BBRI.JK,0.6946124358814623
2020-07-21,2772.679443359375,2890.859130859375,2772.679443359375,2863.5869140625,1989.083251953125,224576578,BBRI.JK,0.6946124953236574
2020-07-22,2872.677734375,2881.768310546875,2809.04248046875,2818.133056640625,1957.51025390625,190916547,BBRI.JK,0.6946124311957483
2020-07-23,2836.314697265625,2872.677734375,2818.133056640625,2854.49609375,1982.7686767578125,162646279,BBRI.JK,0.6946125030961299
2020-07-24,2845.405517578125,2854.49609375,2809.04248046875,2809.04248046875,1951.19580078125,104287961,BBRI.JK,0.6946124219722196
2020-07-27,2809.04248046875,2863.5869140625,2809.04248046875,2863.5869140625,1989.083251953125,103970385,BBRI.JK,0.6946124953236574
2020-07-28,2872.677734375,2881.768310546875,2818.133056640625,2854.49609375,1982.7686767578125,113763744,BBRI.JK,0.6946125030961299
2020-07-29,2854.49609375,2863.5869140625,2818.133056640625,2836.314697265625,1970.139404296875,73895646,BBRI.JK,0.6946124159622364
2020-07-30,2845.405517578125,2881.768310546875,2827.223876953125,2872.677734375,1995.39794921875,86328061,BBRI.JK,0.6946125300939414
2020-08-03,2881.768310546875,2890.859130859375,2699.953369140625,2718.134765625,1888.05029296875,373214336,BBRI.JK,0.6946124661830803
2020-08-04,2727.2255859375,2799.95166015625,2727.2255859375,2799.95166015625,1944.88134765625,171919769,BBRI.JK,0.6946124732552407
2020-08-05,2818.133056640625,2827.223876953125,2763.588623046875,2799.95166015625,1944.88134765625,177648668,BBRI.JK,0.6946124732552407
2020-08-06,2818.133056640625,2845.405517578125,2809.04248046875,2827.223876953125,1963.824951171875,126064817,BBRI.JK,0.6946124667312418
2020-08-07,2827.223876953125,2845.405517578125,2781.77001953125,2827.223876953125,1963.824951171875,98910738,BBRI.JK,0.6946124667312418
2020-08-10,2827.223876953125,2863.5869140625,2818.133056640625,2845.405517578125,1976.453857421875,100613457,BBRI.JK,0.694612365517636
2020-08-11,2845.405517578125,2927.22216796875,2845.405517578125,2899.949951171875,2014.34130859375,189708286,BBRI.JK,0.694612439011146
2020-08-12,2899.949951171875,3063.58349609375,2899.949951171875,3045.40185546875,2115.3740234375,505369848,BBRI.JK,0.6946124432277593
2020-08-13,3045.40185546875,3136.3095703125,2999.9482421875,3027.220458984375,2102.744873046875,235648930,BBRI.JK,0.6946124015534504
2020-08-14,3027.220458984375,3045.40185546875,2981.7666015625,3036.311279296875,2109.0595703125,109069303,BBRI.JK,0.6946124347306378
2020-08-18,3036.311279296875,3209.035400390625,3036.311279296875,3199.94482421875,2222.72119140625,288206078,BBRI.JK,0.6946123491203996
2020-08-19,3199.94482421875,3309.03369140625,3199.94482421875,3236.3076171875,2247.9794921875,239290433,BBRI.JK,0.6946124281415181
2020-08-24,3209.035400390625,3318.12451171875,3199.94482421875,3309.03369140625,2298.495849609375,214473234,BBRI.JK,0.694612404696483
2020-08-25,3336.305908203125,3454.48583984375,3309.03369140625,3454.48583984375,2399.52880859375,197233406,BBRI.JK,0.6946124314413988
2020-08-26,3454.48583984375,3472.667236328125,3363.578369140625,3399.941162109375,2361.641357421875,178162157,BBRI.JK,0.6946124196916034
2020-08-27,3399.941162109375,3436.30419921875,3327.21533203125,3363.578369140625,2336.383544921875,206786961,BBRI.JK,0.6946124895906045
2020-08-28,3372.6689453125,3399.941162109375,3318.12451171875,3354.487548828125,2330.069091796875,85678499,BBRI.JK,0.6946125325791935
2020-08-31,3363.578369140625,3399.941162109375,3181.76318359375,3190.85400390625,2216.40673828125,292651694,BBRI.JK,0.6946123939133286
2020-09-01,3227.217041015625,3299.943115234375,3163.581787109375,3281.761474609375,2279.55224609375,216658972,BBRI.JK,0.6946124097471413
2020-09-02,3290.852294921875,3327.21533203125,3263.580078125,3327.21533203125,2311.12548828125,117619091,BBRI.JK,0.6946125386090711
2020-09-03,3327.21533203125,3354.487548828125,3227.217041015625,3254.4892578125,2260.608642578125,197577052,BBRI.JK,0.6946124148824475
2020-09-04,3281.761474609375,3281.761474609375,3163.581787109375,3227.217041015625,2241.6650390625,148013826,BBRI.JK,0.6946124201045475
2020-09-07,3227.217041015625,3245.3984375,3181.76318359375,3190.85400390625,2216.40673828125,104297421,BBRI.JK,0.6946123939133286
2020-09-08,3190.85400390625,3245.3984375,3190.85400390625,3199.94482421875,2222.72119140625,89521636,BBRI.JK,0.6946123491203996
2020-09-09,3163.581787109375,3172.67236328125,3072.67431640625,3099.946533203125,2153.26123046875,196282440,BBRI.JK,0.6946123771508471
2020-09-10,2999.9482421875,2999.9482421875,2890.859130859375,2890.859130859375,2008.02685546875,305637969,BBRI.JK,0.6946124887350763
2020-09-11,2745.4072265625,3009.038818359375,2736.31640625,2954.494384765625,2052.228271484375,641858446,BBRI.JK,0.6946123445237736
2020-09-14,2999.9482421875,3136.3095703125,2999.9482421875,3127.21875,2172.205078125,303482811,BBRI.JK,0.6946124501603861
2020-09-15,3127.21875,3145.400146484375,3009.038818359375,3027.220458984375,2102.744873046875,215087925,BBRI.JK,0.6946124015534504
2020-09-16,3063.58349609375,3081.764892578125,2945.403564453125,2963.585205078125,2058.54296875,152384862,BBRI.JK,0.6946123786900649
2020-09-17,2972.676025390625,3009.038818359375,2881.768310546875,2909.040771484375,2020.65576171875,184375724,BBRI.JK,0.6946123895979928
2020-09-18,2909.040771484375,2972.676025390625,2899.949951171875,2927.22216796875,2033.284912109375,223172404,BBRI.JK,0.6946124330290606
2020-09-21,2909.040771484375,2954.494384765625,2863.5869140625,2899.949951171875,2014.34130859375,125587849,BBRI.JK,0.694612439011146
2020-09-22,2827.223876953125,2899.949951171875,2818.133056640625,2845.405517578125,1976.453857421875,148046607,BBRI.JK,0.694612365517636
2020-09-23,2881.768310546875,2890.859130859375,2772.679443359375,2799.95166015625,1944.88134765625,132670981,BBRI.JK,0.6946124732552407
2020-09-24,2754.497802734375,2799.95166015625,2736.31640625,2754.497802734375,1913.308349609375,180569548,BBRI.JK,0.6946124072816628
2020-09-25,2781.77001953125,2890.859130859375,2763.588623046875,2872.677734375,1995.39794921875,186363128,BBRI.JK,0.6946125300939414
2020-09-28,2890.859130859375,2936.31298828125,2799.95166015625,2809.04248046875,1951.19580078125,149014953,BBRI.JK,0.6946124219722196
2020-09-29,2836.314697265625,2872.677734375,2745.4072265625,2763.588623046875,1919.623291015625,200970281,BBRI.JK,0.6946125320559569
2020-09-30,2781.77001953125,2799.95166015625,2727.2255859375,2763.588623046875,1919.623291015625,184622458,BBRI.JK,0.6946125320559569
2020-10-01,2809.04248046875,2881.768310546875,2781.77001953125,2872.677734375,1995.39794921875,143036570,BBRI.JK,0.6946125300939414
2020-10-02,2890.859130859375,2918.13134765625,2781.77001953125,2818.133056640625,1957.51025390625,172772944,BBRI.JK,0.6946124311957483
2020-10-05,2872.677734375,2881.768310546875,2827.223876953125,2872.677734375,1995.39794921875,101996951,BBRI.JK,0.6946125300939414
2020-10-06,2927.22216796875,2945.403564453125,2890.859130859375,2899.949951171875,2014.34130859375,132900775,BBRI.JK,0.694612439011146
2020-10-07,2872.677734375,2881.768310546875,2799.95166015625,2836.314697265625,1970.139404296875,317619596,BBRI.JK,0.6946124159622364
2020-10-08,2863.5869140625,2881.768310546875,2827.223876953125,2863.5869140625,1989.083251953125,136318754,BBRI.JK,0.6946124953236574
2020-10-09,2863.5869140625,2881.768310546875,2836.314697265625,2863.5869140625,1989.083251953125,89241681,BBRI.JK,0.6946124953236574
2020-10-12,2872.677734375,2918.13134765625,2863.5869140625,2899.949951171875,2014.34130859375,172174643,BBRI.JK,0.694612439011146
2020-10-13,2899.949951171875,2999.9482421875,2863.5869140625,2981.7666015625,2071.171875,224885904,BBRI.JK,0.694612339515329
2020-10-14,2999.9482421875,3072.67431640625,2990.857421875,3054.49267578125,2121.6884765625,213271353,BBRI.JK,0.6946123961550617
2020-10-15,3054.49267578125,3072.67431640625,3009.038818359375,3009.038818359375,2090.11572265625,201627762,BBRI.JK,0.694612415733423
2020-10-16,3036.311279296875,3054.49267578125,2918.13134765625,2954.494384765625,2052.228271484375,154490628,BBRI.JK,0.6946123445237736
2020-10-19,2963.585205078125,2990.857421875,2936.31298828125,2981.7666015625,2071.171875,105821057,BBRI.JK,0.694612339515329
2020-10-20,2981.7666015625,2990.857421875,2918.13134765625,2954.494384765625,2052.228271484375,147444676,BBRI.JK,0.6946123445237736
2020-10-21,2981.7666015625,3009.038818359375,2936.31298828125,2945.403564453125,2045.913818359375,128682202,BBRI.JK,0.6946123930352618
2020-10-22,2927.22216796875,2999.9482421875,2909.040771484375,2999.9482421875,2083.80126953125,176153302,BBRI.JK,0.6946124070499914
2020-10-23,3045.40185546875,3045.40185546875,2972.676025390625,2990.857421875,2077.486572265625,128973377,BBRI.JK,0.6946123733852972
2020-10-26,2999.9482421875,3054.49267578125,2990.857421875,3036.311279296875,2109.0595703125,111346673,BBRI.JK,0.6946124347306378
2020-10-27,3036.311279296875,3090.855712890625,3027.220458984375,3054.49267578125,2121.6884765625,201640192,BBRI.JK,0.6946123961550617
2020-11-02,3054.49267578125,3081.764892578125,2999.9482421875,3072.67431640625,2134.318115234375,172465378,BBRI.JK,0.6946125412115394
2020-11-03,3081.764892578125,3090.855712890625,3054.49267578125,3072.67431640625,2134.318115234375,133604017,BBRI.JK,0.6946125412115394
2020-11-04,3109.037109375,3109.037109375,2990.857421875,2990.857421875,2077.486572265625,152055736,BBRI.JK,0.6946123733852972
2020-11-05,3063.58349609375,3172.67236328125,3054.49267578125,3172.67236328125,2203.77783203125,258276321,BBRI.JK,0.6946124842692716
2020-11-06,3190.85400390625,3272.670654296875,3154.490966796875,3236.3076171875,2247.9794921875,295649686,BBRI.JK,0.6946124281415181
2020-11-09,3345.396728515625,3354.487548828125,3254.4892578125,3354.487548828125,2330.069091796875,283205831,BBRI.JK,0.6946125325791935
2020-11-10,3454.48583984375,3645.3916015625,3427.213623046875,3636.30078125,2525.819580078125,622129055,BBRI.JK,0.6946123910051961
2020-11-11,3609.028564453125,3809.025146484375,3590.84716796875,3745.389892578125,2601.5947265625,392814584,BBRI.JK,0.6946125239772306
2020-11-12,3727.208251953125,3727.208251953125,3563.57470703125,3590.84716796875,2494.247314453125,366633582,BBRI.JK,0.6946124960990909
2020-11-13,3609.028564453125,3709.02685546875,3599.937744140625,3636.30078125,2525.819580078125,261115910,BBRI.JK,0.6946123910051961
2020-11-16,3681.754638671875,3699.93603515625,3572.66552734375,3599.937744140625,2500.5615234375,212327977,BBRI.JK,0.6946124353143314
2020-11-17,3636.30078125,3654.482421875,3572.66552734375,3599.937744140625,2500.5615234375,198939646,BBRI.JK,0.6946124353143314
2020-11-18,3618.119384765625,3681.754638671875,3609.028564453125,3672.663818359375,2551.077880859375,200926500,BBRI.JK,0.6946124140485511
2020-11-19,3645.3916015625,3754.480712890625,3618.119384765625,3672.663818359375,2551.077880859375,219674674,BBRI.JK,0.6946124140485511
2020-11-20,3672.663818359375,3709.02685546875,3627.2099609375,3654.482421875,2538.44873046875,137266310,BBRI.JK,0.6946123793821265
2020-11-23,3645.3916015625,3727.208251953125,3645.3916015625,3709.02685546875,2576.3359375,135864336,BBRI.JK,0.6946123708167112
2020-11-24,3745.389892578125,3845.38818359375,3709.02685546875,3818.115966796875,2652.11083984375,226784757,BBRI.JK,0.6946124378900624
2020-11-25,3927.204833984375,3990.840087890625,3863.569580078125,3927.204833984375,2727.88525390625,311676963,BBRI.JK,0.6946124200857263
2020-11-26,3836.29736328125,3927.204833984375,3836.29736328125,3899.9326171875,2708.94189453125,150181303,BBRI.JK,0.694612487044673
2020-11-27,3936.295654296875,3972.65869140625,3881.751220703125,3881.751220703125,2696.312744140625,126437063,BBRI.JK,0.6946124547497986
2020-11-30,3863.569580078125,3890.841796875,3627.2099609375,3718.11767578125,2582.650634765625,493687757,BBRI.JK,0.6946123979852141
2020-12-01,3754.480712890625,3872.660400390625,3699.93603515625,3854.478759765625,2677.368896484375,251258199,BBRI.JK,0.6946124400610719
2020-12-02,3927.204833984375,3945.386474609375,3863.569580078125,3909.0234375,2715.25634765625,149985830,BBRI.JK,0.6946124501603861
2020-12-03,3954.47705078125,3999.930908203125,3909.0234375,3999.930908203125,2778.401611328125,218887830,BBRI.JK,0.6946124008367576
2020-12-04,3999.930908203125,3999.930908203125,3881.751220703125,3909.0234375,2715.25634765625,165420527,BBRI.JK,0.6946124501603861
2020-12-07,3954.47705078125,4018.1123046875,3954.47705078125,3999.930908203125,2778.401611328125,154937236,BBRI.JK,0.6946124008367576
2020-12-08,3999.930908203125,3999.930908203125,3945.386474609375,3999.930908203125,2778.401611328125,89400744,BBRI.JK,0.6946124008367576
2020-12-10,4045.384765625,4045.384765625,3936.295654296875,3936.295654296875,2734.199951171875,212997338,BBRI.JK,0.6946124456345681
2020-12-11,3999.930908203125,3999.930908203125,3872.660400390625,3890.841796875,2702.627197265625,191894904,BBRI.JK,0.69461246135381
2020-12-14,3909.0234375,3918.1142578125,3881.751220703125,3890.841796875,2702.627197265625,140126140,BBRI.JK,0.69461246135381
2020-12-15,3890.841796875,3899.9326171875,3854.478759765625,3890.841796875,2702.627197265625,147085740,BBRI.JK,0.69461246135381
2020-12-16,3945.386474609375,3954.47705078125,3909.0234375,3927.204833984375,2727.88525390625,143051750,BBRI.JK,0.6946124200857263
2020-12-17,3963.56787109375,3963.56787109375,3918.1142578125,3936.295654296875,2734.199951171875,155902502,BBRI.JK,0.6946124456345681
2020-12-18,3881.751220703125,3909.0234375,3881.751220703125,3890.841796875,2702.627197265625,228155710,BBRI.JK,0.69461246135381
2020-12-21,3936.295654296875,3945.386474609375,3827.20654296875,3827.20654296875,2658.425048828125,240869950,BBRI.JK,0.6946123808531103
2020-12-22,3854.478759765625,3890.841796875,3745.389892578125,3754.480712890625,2607.9091796875,188635658,BBRI.JK,0.6946124854852792
2020-12-23,3772.662109375,3799.934326171875,3590.84716796875,3781.7529296875,2626.8525390625,187175822,BBRI.JK,0.6946124159622364
2020-12-28,3863.569580078125,3872.660400390625,3781.7529296875,3863.569580078125,2683.683349609375,94730336,BBRI.JK,0.6946124028534018
2020-12-29,3863.569580078125,3890.841796875,3790.843505859375,3799.934326171875,2639.481689453125,82725388,BBRI.JK,0.6946124492925614
2020-12-30,3809.025146484375,3827.20654296875,3754.480712890625,3790.843505859375,2633.1669921875,99024700,BBRI.JK,0.6946124228334685
2021-01-04,3772.662109375,3927.204833984375,3772.662109375,3918.1142578125,2721.571044921875,106226854,BBRI.JK,0.694612475758004
2021-01-05,3909.0234375,3909.0234375,3854.478759765625,3881.751220703125,2696.312744140625,106964857,BBRI.JK,0.6946124547497986
2021-01-06,3890.841796875,3909.0234375,3781.7529296875,3818.115966796875,2652.11083984375,128299616,BBRI.JK,0.6946124378900624
2021-01-07,3872.660400390625,3899.9326171875,3827.20654296875,3890.841796875,2702.627197265625,141798389,BBRI.JK,0.69461246135381
2021-01-08,3936.295654296875,3990.840087890625,3909.0234375,3990.840087890625,2772.087158203125,205011531,BBRI.JK,0.6946124367685008
2021-01-11,4018.1123046875,4236.29052734375,4009.021728515625,4227.19970703125,2936.265625,422093240,BBRI.JK,0.694612468891878
2021-01-12,4254.47216796875,4336.28857421875,4245.38134765625,4290.8349609375,2980.46728515625,260390447,BBRI.JK,0.6946124267862893
2021-01-13,4336.28857421875,4399.923828125,4318.107421875,4354.47021484375,3024.6689453125,231181533,BBRI.JK,0.694612385911344
2021-01-14,4381.74267578125,4390.8330078125,4290.8349609375,4336.28857421875,3012.0400390625,146980798,BBRI.JK,0.6946124519872772
2021-01-15,4336.28857421875,4336.28857421875,4136.2919921875,4163.564453125,2892.0634765625,225189839,BBRI.JK,0.694612395009722
2021-01-18,4163.564453125,4227.19970703125,4127.20166015625,4199.92724609375,2917.3212890625,182568723,BBRI.JK,0.6946123392436927
2021-01-19,4272.6533203125,4272.6533203125,4190.8369140625,4199.92724609375,2917.3212890625,152430182,BBRI.JK,0.6946123392436927
2021-01-20,4245.38134765625,4472.64990234375,4227.19970703125,4445.3779296875,3087.81494140625,277723446,BBRI.JK,0.6946124694561833
2021-01-21,4472.64990234375,4499.92236328125,4336.28857421875,4354.47021484375,3024.6689453125,177275431,BBRI.JK,0.694612385911344
2021-01-22,4418.10546875,4418.10546875,4254.47216796875,4290.8349609375,2980.46728515625,183332136,BBRI.JK,0.6946124267862893
2021-01-25,4354.47021484375,4354.47021484375,4190.8369140625,4345.37939453125,3018.354248046875,165278734,BBRI.JK,0.6946123626962323
2021-01-26,4345.37939453125,4354.47021484375,4199.92724609375,4227.19970703125,2936.265625,163850580,BBRI.JK,0.694612468891878
2021-01-27,4227.19970703125,4290.8349609375,4090.83837890625,4199.92724609375,2917.3212890625,198692361,BBRI.JK,0.6946123392436927
2021-01-28,4163.564453125,4227.19970703125,4018.1123046875,4063.566162109375,2822.603271484375,176270344,BBRI.JK,0.6946123574420102
2021-01-29,4154.4736328125,4190.8369140625,3799.934326171875,3799.934326171875,2639.481689453125,308226863,BBRI.JK,0.6946124492925614
2021-02-01,3799.934326171875,4036.2939453125,3599.937744140625,3999.930908203125,2778.401611328125,355113743,BBRI.JK,0.6946124008367576
2021-02-02,4081.74755859375,4081.74755859375,3872.660400390625,3963.56787109375,2753.143310546875,167527833,BBRI.JK,0.6946123795748558
2021-02-03,4072.656982421875,4072.656982421875,3963.56787109375,3981.74951171875,2765.772705078125,124241205,BBRI.JK,0.6946124302742138
2021-02-04,4045.384765625,4163.564453125,3972.65869140625,4081.74755859375,2835.232666015625,162519997,BBRI.JK,0.6946124485445699
2021-02-05,4127.20166015625,4127.20166015625,4018.1123046875,4063.566162109375,2822.603271484375,99005120,BBRI.JK,0.6946123574420102
2021-02-08,4118.11083984375,4118.11083984375,4045.384765625,4054.475341796875,2816.2890625,120218986,BBRI.JK,0.6946124529276008
2021-02-09,4090.83837890625,4336.28857421875,4090.83837890625,4199.92724609375,2917.3212890625,464366860,BBRI.JK,0.6946123392436927
2021-02-10,4209.01806640625,4281.744140625,4181.74609375,4227.19970703125,2936.265625,202155881,BBRI.JK,0.694612468891878
2021-02-11,4272.6533203125,4281.744140625,4209.01806640625,4254.47216796875,2955.209228515625,99681961,BBRI.JK,0.6946124247244886
2021-02-15,4281.744140625,4345.37939453125,4272.6533203125,4281.744140625,2974.15283203125,93158189,BBRI.JK,0.6946124603319052
2021-02-16,4309.0166015625,4309.0166015625,4236.29052734375,4245.38134765625,2948.89453125,71623667,BBRI.JK,0.6946124010456676
2021-02-17,4281.744140625,4299.92578125,4199.92724609375,4209.01806640625,2923.63623046875,101529553,BBRI.JK,0.6946124213158851
2021-02-18,4272.6533203125,4336.28857421875,4227.19970703125,4245.38134765625,2948.89453125,152089286,BBRI.JK,0.6946124010456676
2021-02-19,4181.74609375,4354.47021484375,4181.74609375,4354.47021484375,3024.6689453125,109884637,BBRI.JK,0.694612385911344
2021-02-22,4409.0146484375,4427.1962890625,4327.19775390625,4354.47021484375,3024.6689453125,157619632,BBRI.JK,0.694612385911344
2021-02-23,4372.65185546875,4390.8330078125,4309.0166015625,4354.47021484375,3024.6689453125,107810772,BBRI.JK,0.694612385911344
2021-02-24,4354.47021484375,4381.74267578125,4281.744140625,4299.92578125,2986.78173828125,105582023,BBRI.JK,0.6946123933825166
2021-02-25,4336.28857421875,4336.28857421875,4245.38134765625,4299.92578125,2986.78173828125,131635423,BBRI.JK,0.6946123933825166
2021-02-26,4299.92578125,4318.107421875,4272.6533203125,4281.744140625,2974.15283203125,161796404,BBRI.JK,0.6946124603319052
2021-03-01,4363.56103515625,4390.8330078125,4290.8349609375,4390.8330078125,3049.927490234375,127020403,BBRI.JK,0.6946124994523168
2021-03-02,4427.1962890625,4436.287109375,4363.56103515625,4363.56103515625,3030.983642578125,75195758,BBRI.JK,0.6946124090297254
2021-03-03,4363.56103515625,4409.0146484375,4309.0166015625,4409.0146484375,3062.55615234375,85026738,BBRI.JK,0.6946123786250249
2021-03-04,4409.0146484375,4409.0146484375,4299.92578125,4327.19775390625,3005.725830078125,117897176,BBRI.JK,0.6946125416534973
2021-03-05,4309.0166015625,4336.28857421875,4272.6533203125,4336.28857421875,3012.0400390625,71188389,BBRI.JK,0.6946124519872772
2021-03-08,4363.56103515625,4381.74267578125,4299.92578125,4299.92578125,2986.78173828125,69917647,BBRI.JK,0.6946123933825166
2021-03-09,4318.107421875,4318.107421875,4145.3828125,4163.564453125,2892.0634765625,165527119,BBRI.JK,0.694612395009722
2021-03-10,4227.19970703125,4236.29052734375,4172.6552734375,4209.01806640625,2923.63623046875,77405916,BBRI.JK,0.6946124213158851
2021-03-12,4263.5625,4263.5625,4127.20166015625,4163.564453125,2892.0634765625,152360111,BBRI.JK,0.694612395009722
2021-03-15,4163.564453125,4209.01806640625,4145.3828125,4154.4736328125,2885.748779296875,95483079,BBRI.JK,0.6946123707477421
2021-03-16,4236.29052734375,4336.28857421875,4190.8369140625,4290.8349609375,2980.46728515625,151028868,BBRI.JK,0.6946124267862893
2021-03-17,4254.47216796875,4272.6533203125,4181.74609375,4245.38134765625,2948.89453125,116245827,BBRI.JK,0.6946124010456676
2021-03-18,4281.744140625,4336.28857421875,4263.5625,4327.19775390625,3005.725830078125,95635541,BBRI.JK,0.6946125416534973
2021-03-19,4318.107421875,4318.107421875,4245.38134765625,4245.38134765625,2948.89453125,166398004,BBRI.JK,0.6946124010456676
2021-03-22,4272.6533203125,4272.6533203125,4199.92724609375,4209.01806640625,2923.63623046875,67100278,BBRI.JK,0.6946124213158851
2021-03-23,4290.8349609375,4290.8349609375,4227.19970703125,4245.38134765625,2948.89453125,115036356,BBRI.JK,0.6946124010456676
2021-03-24,4299.92578125,4299.92578125,4227.19970703125,4245.38134765625,2948.89453125,120514341,BBRI.JK,0.6946124010456676
2021-03-25,4272.6533203125,4272.6533203125,4163.564453125,4199.92724609375,2917.3212890625,95145043,BBRI.JK,0.6946123392436927
2021-03-26,4209.01806640625,4290.8349609375,4199.92724609375,4290.8349609375,2980.46728515625,106978057,BBRI.JK,0.6946124267862893
2021-03-29,4345.37939453125,4345.37939453125,4290.8349609375,4290.8349609375,2980.46728515625,106807554,BBRI.JK,0.6946124267862893
2021-03-30,4272.6533203125,4272.6533203125,4072.656982421875,4090.83837890625,2841.54736328125,214898061,BBRI.JK,0.6946124730649912
2021-03-31,4045.384765625,4072.656982421875,3872.660400390625,3999.930908203125,2778.401611328125,323139711,BBRI.JK,0.6946124008367576
2021-04-01,3954.47705078125,3972.65869140625,3827.20654296875,3899.9326171875,2708.94189453125,340183845,BBRI.JK,0.694612487044673
2021-04-05,3927.204833984375,3936.295654296875,3781.7529296875,3818.115966796875,2652.11083984375,345533898,BBRI.JK,0.6946124378900624
2021-04-06,3790.843505859375,3845.38818359375,3772.662109375,3818.115966796875,2716.0712890625,167319270,BBRI.JK,0.7113642730294252
2021-04-07,3845.38818359375,3854.478759765625,3781.7529296875,3818.115966796875,2716.0712890625,116953800,BBRI.JK,0.7113642730294252
2021-04-08,3863.569580078125,3963.56787109375,3845.38818359375,3954.47705078125,2813.07421875,158572578,BBRI.JK,0.7113644061214736
2021-04-09,3981.74951171875,3999.930908203125,3954.47705078125,3954.47705078125,2813.07421875,125277643,BBRI.JK,0.7113644061214736
2021-04-12,3990.840087890625,3990.840087890625,3818.115966796875,3827.20654296875,2722.5380859375,115119078,BBRI.JK,0.7113642954387398
2021-04-13,3827.20654296875,3872.660400390625,3745.389892578125,3781.7529296875,2690.20458984375,120186645,BBRI.JK,0.711364449201617
2021-04-14,3890.841796875,3954.47705078125,3836.29736328125,3954.47705078125,2813.07421875,113531640,BBRI.JK,0.7113644061214736
2021-04-15,3990.840087890625,4009.021728515625,3890.841796875,4009.021728515625,2851.875,86272180,BBRI.JK,0.7113643160661869
2021-04-16,4045.384765625,4054.475341796875,3918.1142578125,3945.386474609375,2806.60693359375,74495706,BBRI.JK,0.7113642609300086
2021-04-19,3963.56787109375,3981.74951171875,3918.1142578125,3981.74951171875,2832.474609375,62185614,BBRI.JK,0.7113643389767988
2021-04-20,3899.9326171875,3936.295654296875,3836.29736328125,3918.1142578125,2787.20703125,98216076,BBRI.JK,0.7113644084504339
2021-04-21,3854.478759765625,3899.9326171875,3845.38818359375,3845.38818359375,2735.471923828125,51954007,BBRI.JK,0.7113643131008063
2021-04-22,3845.38818359375,3872.660400390625,3818.115966796875,3818.115966796875,2716.0712890625,118813822,BBRI.JK,0.7113642730294252
2021-04-23,3818.115966796875,3890.841796875,3809.025146484375,3863.569580078125,2748.405517578125,120513461,BBRI.JK,0.711364312357628
2021-04-26,3854.478759765625,3863.569580078125,3754.480712890625,3763.5712890625,2677.270263671875,157367288,BBRI.JK,0.7113643021596062
2021-04-27,3818.115966796875,3818.115966796875,3772.662109375,3790.843505859375,2696.670654296875,146082083,BBRI.JK,0.7113642781952684
2021-04-28,3790.843505859375,3836.29736328125,3754.480712890625,3754.480712890625,2670.8037109375,126586116,BBRI.JK,0.7113643444132152
2021-04-29,3809.025146484375,3818.115966796875,3763.5712890625,3781.7529296875,2690.20458984375,124711354,BBRI.JK,0.711364449201617
2021-04-30,3772.662109375,3781.7529296875,3681.754638671875,3681.754638671875,2619.068603515625,257497837,BBRI.JK,0.7113642435608923
2021-05-03,3690.845458984375,3699.93603515625,3636.30078125,3645.3916015625,2593.201416015625,124235705,BBRI.JK,0.7113642920843177
2021-05-04,3654.482421875,3699.93603515625,3645.3916015625,3690.845458984375,2625.535400390625,84287635,BBRI.JK,0.7113642198156691
2021-05-05,3736.299072265625,3754.480712890625,3709.02685546875,3718.11767578125,2644.935791015625,117321536,BBRI.JK,0.7113641959865812
2021-05-06,3754.480712890625,3754.480712890625,3699.93603515625,3736.299072265625,2657.869873046875,86226199,BBRI.JK,0.7113643264737879
2021-05-07,3763.5712890625,3763.5712890625,3672.663818359375,3681.754638671875,2619.068603515625,83358229,BBRI.JK,0.7113642435608923
2021-05-10,3681.754638671875,3718.11767578125,3681.754638671875,3681.754638671875,2619.068603515625,81377755,BBRI.JK,0.7113642435608923
2021-05-11,3663.572998046875,3672.663818359375,3618.119384765625,3627.2099609375,2580.267822265625,167031505,BBRI.JK,0.7113643406511602
2021-05-17,3599.937744140625,3636.30078125,3545.393310546875,3545.393310546875,2522.066162109375,214824800,BBRI.JK,0.7113642806869142
2021-05-18,3599.937744140625,3599.937744140625,3536.302490234375,3545.393310546875,2522.066162109375,127276708,BBRI.JK,0.7113642806869142
2021-05-19,3499.939453125,3581.75634765625,3499.939453125,3518.12109375,2502.665771484375,135307947,BBRI.JK,0.7113643063424968
2021-05-20,3490.848876953125,3572.66552734375,3472.667236328125,3527.2119140625,2509.1328125,164832677,BBRI.JK,0.7113643505502005
2021-05-21,3563.57470703125,3590.84716796875,3509.0302734375,3536.302490234375,2515.599365234375,121124632,BBRI.JK,0.7113643055652881
2021-05-24,3609.028564453125,3690.845458984375,3554.484130859375,3672.663818359375,2612.60205078125,147190132,BBRI.JK,0.7113643338987482
2021-05-25,3699.93603515625,3763.5712890625,3672.663818359375,3690.845458984375,2625.535400390625,168676803,BBRI.JK,0.7113642198156691
2021-05-27,3763.5712890625,3809.025146484375,3590.84716796875,3590.84716796875,2554.400634765625,622692705,BBRI.JK,0.7113643425293936
2021-05-28,3672.663818359375,3790.843505859375,3654.482421875,3699.93603515625,2632.00244140625,274099434,BBRI.JK,0.7113643091116572
2021-05-31,3754.480712890625,3890.841796875,3736.299072265625,3872.660400390625,2754.872314453125,326538660,BBRI.JK,0.7113642895657074
2021-06-02,3954.47705078125,3981.74951171875,3845.38818359375,3872.660400390625,2754.872314453125,312257333,BBRI.JK,0.7113642895657074
2021-06-03,3881.751220703125,3963.56787109375,3836.29736328125,3963.56787109375,2819.540771484375,173444725,BBRI.JK,0.7113643220410706
2021-06-04,3981.74951171875,3990.840087890625,3899.9326171875,3945.386474609375,2806.60693359375,138144236,BBRI.JK,0.7113642609300086
2021-06-07,3945.386474609375,3954.47705078125,3827.20654296875,3863.569580078125,2748.405517578125,152755788,BBRI.JK,0.711364312357628
2021-06-08,3890.841796875,3890.841796875,3809.025146484375,3818.115966796875,2716.0712890625,108888570,BBRI.JK,0.7113642730294252
2021-06-09,3727.208251953125,3881.751220703125,3727.208251953125,3836.29736328125,2729.005126953125,107433795,BBRI.JK,0.7113643361105253
2021-06-10,3890.841796875,3927.204833984375,3872.660400390625,3909.0234375,2780.73974609375,106984877,BBRI.JK,0.7113643063424968
2021-06-11,3954.47705078125,3954.47705078125,3890.841796875,3890.841796875,2767.805908203125,57809408,BBRI.JK,0.7113642889377149
2021-06-14,3936.295654296875,3954.47705078125,3890.841796875,3954.47705078125,2813.07421875,133363443,BBRI.JK,0.7113644061214736
2021-06-15,3954.47705078125,3954.47705078125,3827.20654296875,3845.38818359375,2735.471923828125,200713646,BBRI.JK,0.7113643131008063
2021-06-16,3772.662109375,3790.843505859375,3645.3916015625,3645.3916015625,2593.201416015625,481002668,BBRI.JK,0.7113642920843177
2021-06-17,3618.119384765625,3699.93603515625,3572.66552734375,3663.572998046875,2606.135009765625,336253477,BBRI.JK,0.7113642914048686
2021-06-18,3690.845458984375,3690.845458984375,3554.484130859375,3554.484130859375,2528.532958984375,325605954,BBRI.JK,0.7113642559357963
2021-06-21,3527.2119140625,3609.028564453125,3509.0302734375,3581.75634765625,2547.93359375,159544775,BBRI.JK,0.7113642990867484
2021-06-22,3581.75634765625,3699.93603515625,3563.57470703125,3672.663818359375,2612.60205078125,132832794,BBRI.JK,0.7113643338987482
2021-06-23,3681.754638671875,3699.93603515625,3581.75634765625,3581.75634765625,2547.93359375,178751767,BBRI.JK,0.7113642990867484
2021-06-24,3636.30078125,3645.3916015625,3599.937744140625,3627.2099609375,2580.267822265625,55421157,BBRI.JK,0.7113643406511602
2021-06-25,3663.572998046875,3672.663818359375,3627.2099609375,3627.2099609375,2580.267822265625,83150216,BBRI.JK,0.7113643406511602
2021-06-28,3618.119384765625,3627.2099609375,3572.66552734375,3572.66552734375,2541.466796875,155357663,BBRI.JK,0.7113643237587263
2021-06-29,3509.0302734375,3554.484130859375,3509.0302734375,3545.393310546875,2522.066162109375,133952393,BBRI.JK,0.7113642806869142
2021-06-30,3545.393310546875,3609.028564453125,3536.302490234375,3581.75634765625,2547.93359375,124133954,BBRI.JK,0.7113642990867484
2021-07-01,3581.75634765625,3609.028564453125,3554.484130859375,3581.75634765625,2547.93359375,105240907,BBRI.JK,0.7113642990867484
2021-07-02,3636.30078125,3663.572998046875,3609.028564453125,3627.2099609375,2580.267822265625,93832940,BBRI.JK,0.7113643406511602
2021-07-05,3572.66552734375,3599.937744140625,3527.2119140625,3545.393310546875,2522.066162109375,93466744,BBRI.JK,0.7113642806869142
2021-07-06,3590.84716796875,3590.84716796875,3536.302490234375,3536.302490234375,2515.599365234375,60849751,BBRI.JK,0.7113643055652881
2021-07-07,3563.57470703125,3581.75634765625,3463.576416015625,3472.667236328125,2470.331787109375,163599005,BBRI.JK,0.7113643833382136
2021-07-08,3536.302490234375,3545.393310546875,3472.667236328125,3518.12109375,2502.665771484375,162349164,BBRI.JK,0.7113643063424968
2021-07-09,3509.0302734375,3518.12109375,3436.30419921875,3454.48583984375,2457.39794921875,140611578,BBRI.JK,0.7113643138655623
2021-07-12,3454.48583984375,3472.667236328125,3409.031982421875,3418.122802734375,2431.531005859375,131702194,BBRI.JK,0.711364437788554
2021-07-13,3454.48583984375,3454.48583984375,3418.122802734375,3436.30419921875,2444.464111328125,175683484,BBRI.JK,0.7113642941983653
2021-07-14,3436.30419921875,3454.48583984375,3363.578369140625,3372.6689453125,2399.1962890625,115704508,BBRI.JK,0.7113643016747968
2021-07-15,3409.031982421875,3490.848876953125,3390.8505859375,3463.576416015625,2463.864501953125,139855425,BBRI.JK,0.7113642680323673
2021-07-16,3499.939453125,3509.0302734375,3463.576416015625,3490.848876953125,2483.265380859375,108336691,BBRI.JK,0.7113643323989474
2021-07-19,3499.939453125,3499.939453125,3436.30419921875,3436.30419921875,2444.464111328125,69326497,BBRI.JK,0.7113642941983653
2021-07-21,3499.939453125,3527.2119140625,3463.576416015625,3472.667236328125,2470.331787109375,111008747,BBRI.JK,0.7113643833382136
2021-07-22,3518.12109375,3554.484130859375,3490.848876953125,3545.393310546875,2522.066162109375,93842180,BBRI.JK,0.7113642806869142
2021-07-23,3581.75634765625,3590.84716796875,3481.758056640625,3518.12109375,2502.665771484375,95960267,BBRI.JK,0.7113643063424968
2021-07-26,3545.393310546875,3545.393310546875,3472.667236328125,3481.758056640625,2476.79833984375,90198037,BBRI.JK,0.7113642876821514
2021-07-27,3509.0302734375,3509.0302734375,3427.213623046875,3454.48583984375,2457.39794921875,99741692,BBRI.JK,0.7113643138655623
2021-07-28,3454.48583984375,3463.576416015625,3381.759765625,3390.8505859375,2412.13037109375,77777283,BBRI.JK,0.7113643936708128
2021-07-29,3418.122802734375,3490.848876953125,3409.031982421875,3427.213623046875,2437.997314453125,102817895,BBRI.JK,0.7113642692297911
2021-07-30,3481.758056640625,3481.758056640625,3372.6689453125,3372.6689453125,2399.1962890625,113633172,BBRI.JK,0.7113643016747968
2021-08-02,3427.213623046875,3427.213623046875,3363.578369140625,3399.941162109375,2418.5966796875,105807637,BBRI.JK,0.7113642749590896
2021-08-03,3399.941162109375,3436.30419921875,3381.759765625,3409.031982421875,2425.063720703125,87862477,BBRI.JK,0.7113643207830187
2021-08-04,3445.39501953125,3499.939453125,3427.213623046875,3499.939453125,2489.732177734375,91847406,BBRI.JK,0.7113643567494751
2021-08-05,3545.393310546875,3718.11767578125,3545.393310546875,3681.754638671875,2619.068603515625,294149590,BBRI.JK,0.7113642435608923
2021-08-06,3681.754638671875,3690.845458984375,3545.393310546875,3572.66552734375,2541.466796875,152456913,BBRI.JK,0.7113643237587263
2021-08-09,3581.75634765625,3590.84716796875,3472.667236328125,3499.939453125,2489.732177734375,102404178,BBRI.JK,0.7113643567494751
2021-08-10,3536.302490234375,3536.302490234375,3463.576416015625,3472.667236328125,2470.331787109375,94349949,BBRI.JK,0.7113643833382136
2021-08-12,3499.939453125,3499.939453125,3454.48583984375,3463.576416015625,2463.864501953125,94464021,BBRI.JK,0.7113642680323673
2021-08-13,3472.667236328125,3527.2119140625,3472.667236328125,3518.12109375,2502.665771484375,104829940,BBRI.JK,0.7113643063424968
2021-08-16,3518.12109375,3572.66552734375,3490.848876953125,3572.66552734375,2541.466796875,70083530,BBRI.JK,0.7113643237587263
2021-08-18,3627.2099609375,3718.11767578125,3572.66552734375,3699.93603515625,2632.00244140625,247351372,BBRI.JK,0.7113643091116572
2021-08-19,3636.30078125,3654.482421875,3509.0302734375,3527.2119140625,2509.1328125,218214729,BBRI.JK,0.7113643505502005
2021-08-20,3527.2119140625,3581.75634765625,3481.758056640625,3572.66552734375,2541.466796875,88330535,BBRI.JK,0.7113643237587263
2021-08-23,3618.119384765625,3627.2099609375,3572.66552734375,3599.937744140625,2560.8671875,68133856,BBRI.JK,0.7113642983599231
2021-08-24,3590.84716796875,3599.937744140625,3481.758056640625,3536.302490234375,2515.599365234375,150882016,BBRI.JK,0.7113643055652881
2021-08-25,3499.939453125,3545.393310546875,3499.939453125,3536.302490234375,2515.599365234375,86571495,BBRI.JK,0.7113643055652881
2021-08-26,3536.302490234375,3545.393310546875,3490.848876953125,3518.12109375,2502.665771484375,69144334,BBRI.JK,0.7113643063424968
2021-08-27,3536.302490234375,3536.302490234375,3481.758056640625,3490.848876953125,2483.265380859375,79498923,BBRI.JK,0.7113643323989474
2021-08-30,3499.939453125,3581.75634765625,3490.848876953125,3581.75634765625,2547.93359375,128539860,BBRI.JK,0.7113642990867484
2021-08-31,3581.75634765625,3590.84716796875,3518.12109375,3572.66552734375,2541.466796875,134879489,BBRI.JK,0.7113643237587263
2021-09-01,3572.66552734375,3572.66552734375,3527.2119140625,3536.302490234375,2515.599365234375,97691477,BBRI.JK,0.7113643055652881
2021-09-02,3509.0302734375,3536.302490234375,3490.848876953125,3518.12109375,2502.665771484375,81242343,BBRI.JK,0.7113643063424968
2021-09-03,3499.939453125,3572.66552734375,3463.576416015625,3572.66552734375,2541.466796875,165056860,BBRI.JK,0.7113643237587263
2021-09-06,3590.84716796875,3618.119384765625,3499.939453125,3499.939453125,2489.732177734375,188929693,BBRI.JK,0.7113643567494751
2021-09-07,3536.302490234375,3563.57470703125,3518.12109375,3554.484130859375,2528.532958984375,140380354,BBRI.JK,0.7113642559357963
2021-09-08,3820.0,3880.0,3720.0,3730.0,2653.388916015625,228087900,BBRI.JK,0.7113643206476207
2021-09-09,3700.0,3770.0,3650.0,3730.0,2653.388916015625,306319600,BBRI.JK,0.7113643206476207
2021-09-10,3710.0,3790.0,3670.0,3780.0,2688.95703125,177033000,BBRI.JK,0.7113642939814815
2021-09-13,3710.0,3750.0,3660.0,3700.0,2632.048095703125,169825000,BBRI.JK,0.7113643501900337
2021-09-14,3720.0,3730.0,3660.0,3700.0,2632.048095703125,216363400,BBRI.JK,0.7113643501900337
2021-09-15,3670.0,3670.0,3620.0,3660.0,2603.59326171875,263544000,BBRI.JK,0.7113642791581284
2021-09-16,3650.0,3660.0,3610.0,3640.0,2589.366455078125,194782800,BBRI.JK,0.7113644107357486
2021-09-17,3630.0,3640.0,3570.0,3610.0,2568.025146484375,346529100,BBRI.JK,0.7113643065053671
2021-09-20,3590.0,3590.0,3510.0,3590.0,2553.7978515625,357971300,BBRI.JK,0.7113643040564067
2021-09-21,3510.0,3580.0,3500.0,3570.0,2539.570556640625,410533900,BBRI.JK,0.711364301580007
2021-09-22,3520.0,3650.0,3520.0,3610.0,2568.025146484375,416087300,BBRI.JK,0.7113643065053671
2021-09-23,3600.0,3770.0,3590.0,3770.0,2681.84375,432390800,BBRI.JK,0.7113643899204244
2021-09-24,3790.0,3860.0,3770.0,3820.0,2717.411865234375,634549600,BBRI.JK,0.7113643626267997
2021-09-27,3770.0,3800.0,3730.0,3750.0,2667.615966796875,380151200,BBRI.JK,0.7113642578125
2021-09-28,3770.0,3770.0,3690.0,3720.0,2646.275146484375,306827400,BBRI.JK,0.7113642866893481
2021-09-29,3720.0,3750.0,3690.0,3740.0,2660.50244140625,143081800,BBRI.JK,0.7113642891460561
2021-09-30,3760.0,3870.0,3750.0,3850.0,2738.752685546875,416099000,BBRI.JK,0.7113643339082792
2021-10-01,3850.0,3920.0,3830.0,3900.0,2774.32080078125,359864700,BBRI.JK,0.7113643078926282
2021-10-04,3900.0,4010.0,3890.0,3970.0,2824.11669921875,335762600,BBRI.JK,0.711364407863665
2021-10-05,3950.0,3980.0,3910.0,3930.0,2795.661865234375,236562700,BBRI.JK,0.7113643422988232
2021-10-06,3920.0,4150.0,3920.0,4120.0,2930.821044921875,446708800,BBRI.JK,0.7113643312917173
2021-10-07,4150.0,4170.0,4070.0,4120.0,2930.821044921875,264905400,BBRI.JK,0.7113643312917173
2021-10-08,4190.0,4240.0,4130.0,4160.0,2959.275634765625,196631600,BBRI.JK,0.7113643352801983
2021-10-11,4160.0,4200.0,4130.0,4180.0,2973.502685546875,146720100,BBRI.JK,0.7113642788389654
2021-10-12,4180.0,4240.0,4180.0,4220.0,3001.957763671875,241196000,BBRI.JK,0.711364398974378
2021-10-13,4230.0,4300.0,4220.0,4280.0,3044.639404296875,264629400,BBRI.JK,0.7113643467983353
2021-10-14,4280.0,4350.0,4230.0,4250.0,3023.298583984375,196989500,BBRI.JK,0.7113643727022059
2021-10-15,4250.0,4330.0,4220.0,4320.0,3073.093994140625,318189600,BBRI.JK,0.711364350495515
2021-10-18,4350.0,4410.0,4340.0,4410.0,3137.116455078125,286829000,BBRI.JK,0.7113642755279195
2021-10-19,4450.0,4450.0,4360.0,4400.0,3130.00341796875,161256300,BBRI.JK,0.7113644131747159
2021-10-21,4450.0,4460.0,4320.0,4360.0,3101.548095703125,319230200,BBRI.JK,0.7113642421337443
2021-10-22,4340.0,4400.0,4320.0,4400.0,3130.00341796875,160459300,BBRI.JK,0.7113644131747159
2021-10-25,4330.0,4370.0,4300.0,4300.0,3058.866455078125,128240100,BBRI.JK,0.7113642918786337
2021-10-26,4280.0,4370.0,4270.0,4350.0,3094.434814453125,108782400,BBRI.JK,0.711364325161638
2021-10-27,4330.0,4340.0,4260.0,4290.0,3051.752685546875,258038300,BBRI.JK,0.711364262365239
2021-10-28,4210.0,4300.0,4200.0,4240.0,3016.1845703125,159645200,BBRI.JK,0.7113642854510613
2021-10-29,4300.0,4300.0,4220.0,4250.0,3023.298583984375,155011100,BBRI.JK,0.7113643727022059
2021-11-01,4330.0,4330.0,4220.0,4230.0,3009.0712890625,102079300,BBRI.JK,0.7113643709367612
2021-11-02,4270.0,4270.0,4210.0,4210.0,2994.843505859375,124799700,BBRI.JK,0.7113642531732483
2021-11-03,4250.0,4300.0,4210.0,4290.0,3051.752685546875,100486300,BBRI.JK,0.711364262365239
2021-11-04,4330.0,4340.0,4250.0,4250.0,3023.298583984375,119591100,BBRI.JK,0.7113643727022059
2021-11-05,4270.0,4270.0,4210.0,4240.0,3016.1845703125,74347000,BBRI.JK,0.7113642854510613
2021-11-08,4250.0,4260.0,4220.0,4230.0,3009.0712890625,79465600,BBRI.JK,0.7113643709367612
2021-11-09,4230.0,4250.0,4220.0,4250.0,3023.298583984375,92453200,BBRI.JK,0.7113643727022059
2021-11-10,4230.0,4260.0,4210.0,4250.0,3023.298583984375,69475400,BBRI.JK,0.7113643727022059
2021-11-11,4290.0,4300.0,4230.0,4250.0,3023.298583984375,149637700,BBRI.JK,0.7113643727022059
2021-11-12,4270.0,4290.0,4210.0,4220.0,3001.957763671875,80234400,BBRI.JK,0.711364398974378
2021-11-15,4220.0,4220.0,4140.0,4160.0,2959.275634765625,220142300,BBRI.JK,0.7113643352801983
2021-11-16,4120.0,4170.0,4120.0,4130.0,2937.9345703125,163555000,BBRI.JK,0.7113643027391041
2021-11-17,4170.0,4200.0,4160.0,4200.0,2987.72998046875,126523700,BBRI.JK,0.7113642810639881
2021-11-18,4150.0,4190.0,4140.0,4180.0,2973.502685546875,114881200,BBRI.JK,0.7113642788389654
2021-11-19,4220.0,4290.0,4220.0,4280.0,3044.639404296875,182167700,BBRI.JK,0.7113643467983353
2021-11-22,4310.0,4310.0,4250.0,4280.0,3044.639404296875,151514000,BBRI.JK,0.7113643467983353
2021-11-23,4280.0,4280.0,4200.0,4210.0,2994.843505859375,104294200,BBRI.JK,0.7113642531732483
2021-11-24,4200.0,4230.0,4190.0,4210.0,2994.843505859375,111072800,BBRI.JK,0.7113642531732483
2021-11-25,4180.0,4250.0,4180.0,4220.0,3001.957763671875,123609400,BBRI.JK,0.711364398974378
2021-11-26,4190.0,4220.0,4150.0,4160.0,2959.275634765625,148652500,BBRI.JK,0.7113643352801983
2021-11-29,4150.0,4190.0,4080.0,4170.0,2966.38916015625,164312800,BBRI.JK,0.7113643069919064
2021-11-30,4150.0,4220.0,4090.0,4090.0,2909.480224609375,316653200,BBRI.JK,0.7113643580952017
2021-12-01,4090.0,4180.0,4070.0,4080.0,2902.366455078125,163457900,BBRI.JK,0.7113643272250306
2021-12-02,4060.0,4220.0,4060.0,4200.0,2987.72998046875,139281800,BBRI.JK,0.7113642810639881
2021-12-03,4210.0,4220.0,4170.0,4170.0,2966.38916015625,93227100,BBRI.JK,0.7113643069919064
2021-12-06,4200.0,4220.0,4110.0,4110.0,2923.70703125,106610000,BBRI.JK,0.7113642411800487
2021-12-07,4190.0,4230.0,4160.0,4230.0,3009.0712890625,182048000,BBRI.JK,0.7113643709367612
2021-12-08,4250.0,4250.0,4170.0,4210.0,2994.843505859375,143230200,BBRI.JK,0.7113642531732483
2021-12-09,4220.0,4220.0,4160.0,4190.0,2980.616455078125,90471500,BBRI.JK,0.711364309087858
2021-12-10,4130.0,4160.0,4130.0,4130.0,2937.9345703125,122999200,BBRI.JK,0.7113643027391041
2021-12-13,4170.0,4200.0,4160.0,4160.0,2959.275634765625,86848900,BBRI.JK,0.7113643352801983
2021-12-14,4150.0,4160.0,4130.0,4130.0,2937.9345703125,100110000,BBRI.JK,0.7113643027391041
2021-12-15,4150.0,4230.0,4140.0,4200.0,2987.72998046875,124522800,BBRI.JK,0.7113642810639881
2021-12-16,4220.0,4220.0,4120.0,4140.0,2945.048095703125,136646600,BBRI.JK,0.7113642743244263
2021-12-17,4090.0,4140.0,4090.0,4110.0,2923.70703125,153165400,BBRI.JK,0.7113642411800487
2021-12-20,4070.0,4130.0,4060.0,4120.0,2930.821044921875,89198900,BBRI.JK,0.7113643312917173
2021-12-21,4100.0,4120.0,4080.0,4080.0,2902.366455078125,109561800,BBRI.JK,0.7113643272250306
2021-12-22,4100.0,4110.0,4050.0,4050.0,2881.025390625,104738000,BBRI.JK,0.7113642939814815
2021-12-23,4090.0,4110.0,4060.0,4100.0,2916.59375,72736800,BBRI.JK,0.7113643292682926
2021-12-24,4100.0,4120.0,4050.0,4070.0,2895.253173828125,59795000,BBRI.JK,0.7113644161739865
2021-12-27,4070.0,4110.0,4060.0,4060.0,2888.138916015625,65491200,BBRI.JK,0.711364265028479
2021-12-28,4090.0,4110.0,4070.0,4090.0,2909.480224609375,52952500,BBRI.JK,0.7113643580952017
2021-12-29,4090.0,4100.0,4070.0,4080.0,2902.366455078125,27676500,BBRI.JK,0.7113643272250306
2021-12-30,4080.0,4140.0,4060.0,4110.0,2923.70703125,146989400,BBRI.JK,0.7113642411800487
2022-01-03,4120.0,4190.0,4090.0,4180.0,2973.502685546875,90842500,BBRI.JK,0.7113642788389654
2022-01-04,4200.0,4210.0,4160.0,4160.0,2959.275634765625,93950000,BBRI.JK,0.7113643352801983
2022-01-05,4180.0,4230.0,4130.0,4210.0,2994.843505859375,174376400,BBRI.JK,0.7113642531732483
2022-01-06,4240.0,4240.0,4140.0,4160.0,2959.275634765625,137280000,BBRI.JK,0.7113643352801983
2022-01-07,4170.0,4200.0,4150.0,4190.0,2980.616455078125,101275000,BBRI.JK,0.711364309087858
2022-01-10,4190.0,4210.0,4180.0,4180.0,2973.502685546875,70722600,BBRI.JK,0.7113642788389654
2022-01-11,4180.0,4180.0,4130.0,4150.0,2952.162109375,99404900,BBRI.JK,0.7113643637048193
2022-01-12,4170.0,4180.0,4130.0,4160.0,2959.275634765625,65907000,BBRI.JK,0.7113643352801983
2022-01-13,4180.0,4190.0,4170.0,4190.0,2980.616455078125,103522400,BBRI.JK,0.711364309087858
2022-01-14,4190.0,4210.0,4160.0,4180.0,2973.502685546875,110213800,BBRI.JK,0.7113642788389654
2022-01-17,4200.0,4210.0,4180.0,4210.0,2994.843505859375,102957100,BBRI.JK,0.7113642531732483
2022-01-18,4240.0,4240.0,4140.0,4190.0,2980.616455078125,120275000,BBRI.JK,0.711364309087858
2022-01-19,4210.0,4210.0,4130.0,4130.0,2937.9345703125,109954700,BBRI.JK,0.7113643027391041
2022-01-20,4130.0,4160.0,4110.0,4130.0,2937.9345703125,86394600,BBRI.JK,0.7113643027391041
2022-01-21,4130.0,4170.0,4110.0,4170.0,2966.38916015625,84972500,BBRI.JK,0.7113643069919064
2022-01-24,4140.0,4160.0,4100.0,4120.0,2930.821044921875,76709900,BBRI.JK,0.7113643312917173
2022-01-25,4100.0,4110.0,4000.0,4070.0,2895.253173828125,185007800,BBRI.JK,0.7113644161739865
2022-01-26,4030.0,4100.0,4030.0,4090.0,2909.480224609375,97589500,BBRI.JK,0.7113643580952017
2022-01-27,4070.0,4140.0,4060.0,4140.0,2945.048095703125,80682900,BBRI.JK,0.7113642743244263
2022-01-28,4170.0,4170.0,4090.0,4140.0,2945.048095703125,84812100,BBRI.JK,0.7113642743244263
2022-01-31,4170.0,4170.0,4070.0,4070.0,2895.253173828125,78498500,BBRI.JK,0.7113644161739865
2022-02-02,4120.0,4120.0,4060.0,4070.0,2895.253173828125,81546300,BBRI.JK,0.7113644161739865
2022-02-03,4180.0,4180.0,4130.0,4130.0,2937.9345703125,157898800,BBRI.JK,0.7113643027391041
2022-02-04,4170.0,4210.0,4150.0,4210.0,2994.843505859375,236602900,BBRI.JK,0.7113642531732483
2022-02-07,4240.0,4410.0,4220.0,4400.0,3130.00341796875,468016600,BBRI.JK,0.7113644131747159
2022-02-08,4450.0,4550.0,4400.0,4440.0,3158.45751953125,310878100,BBRI.JK,0.711364306200732
2022-02-09,4400.0,4500.0,4380.0,4450.0,3165.571533203125,149000100,BBRI.JK,0.7113643894838483
2022-02-10,4500.0,4500.0,4450.0,4470.0,3179.798583984375,112521600,BBRI.JK,0.7113643364618288
2022-02-11,4420.0,4450.0,4380.0,4450.0,3165.571533203125,103418200,BBRI.JK,0.7113643894838483
2022-02-14,4450.0,4450.0,4380.0,4410.0,3137.116455078125,105260000,BBRI.JK,0.7113642755279195
2022-02-15,4440.0,4450.0,4390.0,4430.0,3151.34375,96658500,BBRI.JK,0.7113642776523702
2022-02-16,4470.0,4470.0,4410.0,4420.0,3144.230224609375,89636300,BBRI.JK,0.7113643042102659
2022-02-17,4390.0,4410.0,4340.0,4400.0,3130.00341796875,118305100,BBRI.JK,0.7113644131747159
2022-02-18,4400.0,4440.0,4370.0,4430.0,3151.34375,127058000,BBRI.JK,0.7113642776523702
2022-02-21,4460.0,4490.0,4440.0,4490.0,3194.025634765625,133717300,BBRI.JK,0.7113642839121659
2022-02-22,4440.0,4470.0,4420.0,4430.0,3151.34375,109060900,BBRI.JK,0.7113642776523702
2022-02-23,4520.0,4520.0,4460.0,4480.0,3186.912109375,160827800,BBRI.JK,0.7113643101283482
2022-02-24,4470.0,4470.0,4370.0,4390.0,3122.889404296875,217523600,BBRI.JK,0.7113643289970103
2022-02-25,4450.0,4550.0,4410.0,4550.0,3236.707275390625,301346400,BBRI.JK,0.7113642363495879
2022-03-01,4850.0,4860.0,4630.0,4630.0,3293.616455078125,494657800,BBRI.JK,0.7113642451572624
2022-03-02,4680.0,4690.0,4550.0,4560.0,3243.8212890625,186635200,BBRI.JK,0.711364317776864
2022-03-04,4720.0,4730.0,4610.0,4670.0,3322.0712890625,292022600,BBRI.JK,0.7113643017264454
2022-03-07,4580.0,4630.0,4520.0,4520.0,3215.366455078125,224515800,BBRI.JK,0.7113642599730365
2022-03-08,4500.0,4560.0,4430.0,4430.0,3151.34375,214870200,BBRI.JK,0.7113642776523702
2022-03-09,4530.0,4590.0,4500.0,4570.0,3250.93505859375,191967100,BBRI.JK,0.7113643454253282
2022-03-10,4640.0,4640.0,4510.0,4570.0,3250.93505859375,225575800,BBRI.JK,0.7113643454253282
2022-03-11,4400.0,4440.0,4370.0,4400.0,3254.079345703125,275965300,BBRI.JK,0.7395634876598012
2022-03-14,4440.0,4540.0,4410.0,4520.0,3342.826904296875,212052100,BBRI.JK,0.7395634744019635
2022-03-15,4550.0,4640.0,4530.0,4610.0,3409.387451171875,357755700,BBRI.JK,0.7395634384320771
2022-03-16,4650.0,4660.0,4610.0,4650.0,3438.969970703125,226817000,BBRI.JK,0.7395634345598119
2022-03-17,4690.0,4700.0,4610.0,4650.0,3438.969970703125,224068000,BBRI.JK,0.7395634345598119
2022-03-18,4700.0,4700.0,4580.0,4580.0,3387.200439453125,257863400,BBRI.JK,0.7395634147277566
2022-03-21,4600.0,4630.0,4560.0,4590.0,3394.596435546875,118791900,BBRI.JK,0.7395634935831972
2022-03-22,4690.0,4710.0,4640.0,4640.0,3431.574462890625,177758500,BBRI.JK,0.7395634618298761
2022-03-23,4680.0,4690.0,4620.0,4650.0,3438.969970703125,146545100,BBRI.JK,0.7395634345598119
2022-03-24,4640.0,4730.0,4620.0,4730.0,3498.134765625,206271600,BBRI.JK,0.7395633753964059
2022-03-25,4760.0,4760.0,4650.0,4710.0,3483.34423828125,137104800,BBRI.JK,0.7395635325437898
2022-03-28,4730.0,4740.0,4670.0,4730.0,3498.134765625,106801800,BBRI.JK,0.7395633753964059
2022-03-29,4750.0,4750.0,4670.0,4690.0,3468.552734375,93155100,BBRI.JK,0.7395634828091684
2022-03-30,4740.0,4740.0,4690.0,4710.0,3483.34423828125,83364400,BBRI.JK,0.7395635325437898
2022-03-31,4700.0,4750.0,4660.0,4660.0,3446.365478515625,158650000,BBRI.JK,0.7395634074067865
2022-04-01,4690.0,4730.0,4630.0,4730.0,3498.134765625,145105000,BBRI.JK,0.7395633753964059
2022-04-04,4730.0,4730.0,4660.0,4700.0,3475.9482421875,103902000,BBRI.JK,0.7395634557845745
2022-04-05,4730.0,4740.0,4670.0,4700.0,3475.9482421875,76154300,BBRI.JK,0.7395634557845745
2022-04-06,4690.0,4690.0,4600.0,4600.0,3401.991455078125,111009800,BBRI.JK,0.7395633597995924
2022-04-07,4670.0,4670.0,4620.0,4630.0,3424.17822265625,91942500,BBRI.JK,0.7395633310272678
2022-04-08,4630.0,4650.0,4600.0,4610.0,3409.387451171875,125657900,BBRI.JK,0.7395634384320771
2022-04-11,4600.0,4620.0,4570.0,4570.0,3379.804931640625,109861100,BBRI.JK,0.739563442372128
2022-04-12,4550.0,4610.0,4550.0,4610.0,3409.387451171875,96961200,BBRI.JK,0.7395634384320771
2022-04-13,4640.0,4640.0,4590.0,4610.0,3409.387451171875,112327600,BBRI.JK,0.7395634384320771
2022-04-14,4600.0,4610.0,4530.0,4540.0,3357.6181640625,150659600,BBRI.JK,0.7395634722604626
2022-04-18,4550.0,4580.0,4540.0,4550.0,3365.013671875,82795100,BBRI.JK,0.7395634443681318
2022-04-19,4550.0,4600.0,4540.0,4570.0,3379.804931640625,148475600,BBRI.JK,0.739563442372128
2022-04-20,4610.0,4870.0,4600.0,4850.0,3586.8828125,404383100,BBRI.JK,0.7395634664948454
2022-04-21,4850.0,4850.0,4760.0,4800.0,3549.904541015625,208253300,BBRI.JK,0.7395634460449219
2022-04-22,4750.0,4850.0,4720.0,4750.0,3512.92626953125,174349500,BBRI.JK,0.7395634251644737
2022-04-25,4700.0,4850.0,4670.0,4840.0,3579.48779296875,235752400,BBRI.JK,0.7395635935885847
2022-04-26,4840.0,4980.0,4830.0,4940.0,3653.443603515625,262734300,BBRI.JK,0.7395634824930415
2022-04-27,4900.0,4930.0,4850.0,4850.0,3586.8828125,191955100,BBRI.JK,0.7395634664948454
2022-04-28,4870.0,4930.0,4860.0,4870.0,3601.674072265625,193821200,BBRI.JK,0.7395634645309291
2022-05-09,4750.0,4760.0,4530.0,4530.0,3350.22265625,561600400,BBRI.JK,0.7395635002759382
2022-05-10,4260.0,4530.0,4260.0,4530.0,3350.22265625,435782800,BBRI.JK,0.7395635002759382
2022-05-11,4550.0,4580.0,4480.0,4490.0,3320.64013671875,205233800,BBRI.JK,0.7395635048371381
2022-05-12,4490.0,4490.0,4300.0,4320.0,3194.914306640625,207373600,BBRI.JK,0.7395634969075521
2022-05-13,4250.0,4360.0,4250.0,4250.0,3143.144775390625,336711300,BBRI.JK,0.7395634765625
2022-05-17,4270.0,4520.0,4270.0,4450.0,3291.0576171875,272650400,BBRI.JK,0.7395635094803371
2022-05-18,4500.0,4530.0,4430.0,4450.0,3291.0576171875,129716500,BBRI.JK,0.7395635094803371
2022-05-19,4350.0,4460.0,4300.0,4440.0,3283.661865234375,132614900,BBRI.JK,0.7395634831608953
2022-05-20,4440.0,4490.0,4410.0,4430.0,3276.265869140625,122101000,BBRI.JK,0.7395634016118793
2022-05-23,4410.0,4440.0,4320.0,4330.0,3202.309814453125,175709000,BBRI.JK,0.7395634675411374
2022-05-24,4320.0,4500.0,4320.0,4460.0,3298.453125,165758600,BBRI.JK,0.739563480941704
2022-05-25,4430.0,4450.0,4350.0,4350.0,3217.10107421875,138961700,BBRI.JK,0.7395634653376437
2022-05-27,4500.0,4540.0,4440.0,4540.0,3357.6181640625,209962100,BBRI.JK,0.7395634722604626
2022-05-30,4540.0,4540.0,4390.0,4430.0,3276.265869140625,193724500,BBRI.JK,0.7395634016118793
2022-05-31,4470.0,4630.0,4450.0,4630.0,3424.17822265625,379626500,BBRI.JK,0.7395633310272678
2022-06-02,4540.0,4600.0,4480.0,4480.0,3313.244140625,225697500,BBRI.JK,0.7395634242466518
2022-06-03,4530.0,4570.0,4510.0,4520.0,3342.826904296875,117643300,BBRI.JK,0.7395634744019635
2022-06-06,4470.0,4510.0,4400.0,4430.0,3276.265869140625,157277700,BBRI.JK,0.7395634016118793
2022-06-07,4460.0,4460.0,4400.0,4400.0,3254.079345703125,133318000,BBRI.JK,0.7395634876598012
2022-06-08,4400.0,4470.0,4380.0,4470.0,3305.848876953125,150604000,BBRI.JK,0.7395635071483501
2022-06-09,4500.0,4520.0,4480.0,4490.0,3320.64013671875,161768800,BBRI.JK,0.7395635048371381
2022-06-10,4470.0,4470.0,4360.0,4400.0,3254.079345703125,222410400,BBRI.JK,0.7395634876598012
2022-06-13,4260.0,4350.0,4260.0,4340.0,3209.70556640625,164017200,BBRI.JK,0.7395634945636521
2022-06-14,4300.0,4410.0,4300.0,4360.0,3224.496337890625,150381800,BBRI.JK,0.7395633802501433
2022-06-15,4360.0,4450.0,4360.0,4450.0,3291.0576171875,160729900,BBRI.JK,0.7395635094803371
2022-06-16,4420.0,4530.0,4410.0,4430.0,3276.265869140625,240023000,BBRI.JK,0.7395634016118793
2022-06-17,4370.0,4400.0,4350.0,4370.0,3231.892578125,185763100,BBRI.JK,0.7395635190217391
2022-06-20,4400.0,4410.0,4340.0,4400.0,3254.079345703125,95058800,BBRI.JK,0.7395634876598012
2022-06-21,4430.0,4430.0,4380.0,4380.0,3239.2880859375,103964600,BBRI.JK,0.7395634899400685
2022-06-22,4410.0,4410.0,4310.0,4320.0,3194.914306640625,106208500,BBRI.JK,0.7395634969075521
2022-06-23,4300.0,4360.0,4300.0,4310.0,3187.518310546875,127600700,BBRI.JK,0.7395634131199246
2022-06-24,4320.0,4350.0,4310.0,4340.0,3209.70556640625,66083900,BBRI.JK,0.7395634945636521
2022-06-27,4310.0,4330.0,4270.0,4280.0,3165.331298828125,152306100,BBRI.JK,0.7395633875766647
2022-06-28,4320.0,4330.0,4280.0,4300.0,3180.12255859375,178535800,BBRI.JK,0.7395633857194768
2022-06-29,4280.0,4310.0,4180.0,4180.0,3091.375,228536100,BBRI.JK,0.7395633971291866
2022-06-30,4120.0,4220.0,4120.0,4150.0,3069.1884765625,239939100,BBRI.JK,0.7395634883283132
2022-07-01,4150.0,4200.0,4110.0,4140.0,3061.792724609375,154659500,BBRI.JK,0.7395634600505737
2022-07-04,4090.0,4120.0,3960.0,4040.0,2987.836181640625,246853600,BBRI.JK,0.7395634112971844
2022-07-05,4040.0,4160.0,4040.0,4090.0,3024.814697265625,180648400,BBRI.JK,0.739563495663967
2022-07-06,4050.0,4100.0,4020.0,4080.0,3017.4189453125,125309100,BBRI.JK,0.7395634669883578
2022-07-07,4040.0,4110.0,4040.0,4050.0,2995.232177734375,172127500,BBRI.JK,0.7395635006751543
2022-07-08,4090.0,4200.0,4050.0,4200.0,3106.166259765625,112914000,BBRI.JK,0.7395633951822916
2022-07-11,4150.0,4170.0,4100.0,4120.0,3047.00146484375,80867700,BBRI.JK,0.739563462340716
2022-07-12,4120.0,4140.0,4100.0,4110.0,3039.606201171875,56085200,BBRI.JK,0.7395635525965633
2022-07-13,4110.0,4130.0,4030.0,4060.0,3002.627685546875,165745200,BBRI.JK,0.739563469346521
2022-07-14,4010.0,4090.0,4010.0,4070.0,3010.0234375,188729700,BBRI.JK,0.7395634981572482
2022-07-15,4060.0,4120.0,4050.0,4110.0,3039.606201171875,91362800,BBRI.JK,0.7395635525965633
2022-07-18,4110.0,4140.0,4080.0,4140.0,3061.792724609375,135284500,BBRI.JK,0.7395634600505737
2022-07-19,4150.0,4150.0,4110.0,4110.0,3039.606201171875,122905900,BBRI.JK,0.7395635525965633
2022-07-20,4180.0,4300.0,4160.0,4300.0,3180.12255859375,220223600,BBRI.JK,0.7395633857194768
2022-07-21,4300.0,4310.0,4230.0,4310.0,3187.518310546875,130405400,BBRI.JK,0.7395634131199246
2022-07-22,4330.0,4330.0,4270.0,4270.0,3157.935791015625,86561100,BBRI.JK,0.739563417099678
2022-07-25,4250.0,4300.0,4250.0,4250.0,3143.144775390625,60952800,BBRI.JK,0.7395634765625
2022-07-26,4270.0,4350.0,4260.0,4330.0,3202.309814453125,97709800,BBRI.JK,0.7395634675411374
2022-07-27,4380.0,4380.0,4300.0,4320.0,3194.914306640625,88570800,BBRI.JK,0.7395634969075521
2022-07-28,4340.0,4400.0,4340.0,4360.0,3224.496337890625,136421400,BBRI.JK,0.7395633802501433
2022-07-29,4390.0,4430.0,4340.0,4360.0,3224.496337890625,228669400,BBRI.JK,0.7395633802501433
2022-08-01,4390.0,4410.0,4330.0,4360.0,3224.496337890625,200791700,BBRI.JK,0.7395633802501433
2022-08-02,4360.0,4400.0,4300.0,4400.0,3254.079345703125,173931000,BBRI.JK,0.7395634876598012
2022-08-03,4410.0,4420.0,4350.0,4380.0,3239.2880859375,103412300,BBRI.JK,0.7395634899400685
2022-08-04,4380.0,4390.0,4350.0,4360.0,3224.496337890625,120175700,BBRI.JK,0.7395633802501433
2022-08-05,4360.0,4400.0,4320.0,4360.0,3224.496337890625,168879400,BBRI.JK,0.7395633802501433
2022-08-08,4360.0,4400.0,4340.0,4370.0,3231.892578125,107242600,BBRI.JK,0.7395635190217391
2022-08-09,4400.0,4470.0,4390.0,4410.0,3261.47509765625,181747100,BBRI.JK,0.7395635142077664
2022-08-10,4350.0,4370.0,4300.0,4310.0,3187.518310546875,205341100,BBRI.JK,0.7395634131199246
2022-08-11,4380.0,4410.0,4340.0,4350.0,3217.10107421875,193329000,BBRI.JK,0.7395634653376437
2022-08-12,4340.0,4350.0,4320.0,4320.0,3194.914306640625,103916700,BBRI.JK,0.7395634969075521
2022-08-15,4330.0,4350.0,4300.0,4300.0,3180.12255859375,135099400,BBRI.JK,0.7395633857194768
2022-08-16,4350.0,4350.0,4270.0,4280.0,3165.331298828125,205432400,BBRI.JK,0.7395633875766647
2022-08-18,4330.0,4340.0,4310.0,4330.0,3202.309814453125,138795300,BBRI.JK,0.7395634675411374
2022-08-19,4340.0,4340.0,4300.0,4300.0,3180.12255859375,84552100,BBRI.JK,0.7395633857194768
2022-08-22,4320.0,4330.0,4270.0,4270.0,3157.935791015625,121124400,BBRI.JK,0.739563417099678
2022-08-23,4260.0,4310.0,4260.0,4300.0,3180.12255859375,107799500,BBRI.JK,0.7395633857194768
2022-08-24,4300.0,4330.0,4280.0,4290.0,3172.727294921875,75055900,BBRI.JK,0.739563472009761
2022-08-25,4280.0,4300.0,4270.0,4270.0,3157.935791015625,117653800,BBRI.JK,0.739563417099678
2022-08-26,4280.0,4290.0,4270.0,4270.0,3157.935791015625,87375200,BBRI.JK,0.739563417099678
2022-08-29,4250.0,4270.0,4220.0,4250.0,3143.144775390625,88409800,BBRI.JK,0.7395634765625
2022-08-30,4250.0,4300.0,4250.0,4260.0,3150.54052734375,157219500,BBRI.JK,0.7395635040713028
2022-08-31,4250.0,4350.0,4240.0,4340.0,3209.70556640625,191475700,BBRI.JK,0.7395634945636521
2022-09-01,4320.0,4390.0,4310.0,4390.0,3246.683349609375,139929300,BBRI.JK,0.7395634053779897
2022-09-02,4410.0,4450.0,4380.0,4450.0,3291.0576171875,220616600,BBRI.JK,0.7395635094803371
2022-09-05,4430.0,4600.0,4420.0,4590.0,3394.596435546875,261126600,BBRI.JK,0.7395634935831972
2022-09-06,4670.0,4690.0,4550.0,4560.0,3372.409423828125,188042700,BBRI.JK,0.7395634701377467
2022-09-07,4510.0,4550.0,4460.0,4460.0,3298.453125,231936700,BBRI.JK,0.739563480941704
2022-09-08,4480.0,4620.0,4480.0,4600.0,3401.991455078125,250373200,BBRI.JK,0.7395633597995924
2022-09-09,4640.0,4640.0,4570.0,4610.0,3409.387451171875,119286700,BBRI.JK,0.7395634384320771
2022-09-12,4610.0,4630.0,4560.0,4560.0,3372.409423828125,97988000,BBRI.JK,0.7395634701377467
2022-09-13,4560.0,4640.0,4560.0,4580.0,3387.200439453125,141828800,BBRI.JK,0.7395634147277566
2022-09-14,4520.0,4610.0,4510.0,4580.0,3387.200439453125,149960600,BBRI.JK,0.7395634147277566
2022-09-15,4600.0,4700.0,4590.0,4610.0,3409.387451171875,295664100,BBRI.JK,0.7395634384320771
2022-09-16,4610.0,4620.0,4500.0,4500.0,3328.035888671875,282492200,BBRI.JK,0.7395635308159723
2022-09-19,4520.0,4600.0,4500.0,4570.0,3379.804931640625,134432000,BBRI.JK,0.739563442372128
2022-09-20,4570.0,4600.0,4490.0,4490.0,3320.64013671875,138695500,BBRI.JK,0.7395635048371381
2022-09-21,4490.0,4550.0,4470.0,4550.0,3365.013671875,159976900,BBRI.JK,0.7395634443681318
2022-09-22,4500.0,4580.0,4500.0,4560.0,3372.409423828125,100425300,BBRI.JK,0.7395634701377467
2022-09-23,4540.0,4560.0,4480.0,4480.0,3313.244140625,139074000,BBRI.JK,0.7395634242466518
2022-09-26,4480.0,4540.0,4410.0,4540.0,3357.6181640625,280747500,BBRI.JK,0.7395634722604626
2022-09-27,4500.0,4550.0,4480.0,4530.0,3350.22265625,213704600,BBRI.JK,0.7395635002759382
2022-09-28,4510.0,4560.0,4480.0,4520.0,3342.826904296875,161815300,BBRI.JK,0.7395634744019635
2022-09-29,4520.0,4540.0,4460.0,4480.0,3313.244140625,169368600,BBRI.JK,0.7395634242466518
2022-09-30,4450.0,4510.0,4410.0,4490.0,3320.64013671875,224229200,BBRI.JK,0.7395635048371381
2022-10-03,4500.0,4550.0,4480.0,4530.0,3350.22265625,159559600,BBRI.JK,0.7395635002759382
2022-10-04,4560.0,4650.0,4560.0,4640.0,3431.574462890625,256367100,BBRI.JK,0.7395634618298761
2022-10-05,4660.0,4660.0,4540.0,4540.0,3357.6181640625,182246200,BBRI.JK,0.7395634722604626
2022-10-06,4540.0,4570.0,4510.0,4510.0,3335.430908203125,123346200,BBRI.JK,0.7395633942800721
2022-10-07,4480.0,4490.0,4430.0,4440.0,3283.661865234375,133678600,BBRI.JK,0.7395634831608953
2022-10-10,4420.0,4430.0,4340.0,4370.0,3231.892578125,193923600,BBRI.JK,0.7395635190217391
2022-10-11,4390.0,4430.0,4370.0,4430.0,3276.265869140625,133742200,BBRI.JK,0.7395634016118793
2022-10-12,4470.0,4470.0,4400.0,4400.0,3254.079345703125,128741800,BBRI.JK,0.7395634876598012
2022-10-13,4390.0,4420.0,4350.0,4350.0,3217.10107421875,104269900,BBRI.JK,0.7395634653376437
2022-10-14,4380.0,4390.0,4270.0,4270.0,3157.935791015625,180841100,BBRI.JK,0.739563417099678
2022-10-17,4270.0,4320.0,4260.0,4300.0,3180.12255859375,145506000,BBRI.JK,0.7395633857194768
2022-10-18,4280.0,4340.0,4280.0,4290.0,3172.727294921875,161444100,BBRI.JK,0.739563472009761
2022-10-19,4280.0,4340.0,4280.0,4300.0,3180.12255859375,81682300,BBRI.JK,0.7395633857194768
2022-10-20,4280.0,4400.0,4280.0,4390.0,3246.683349609375,149521700,BBRI.JK,0.7395634053779897
2022-10-21,4360.0,4460.0,4360.0,4430.0,3276.265869140625,165052200,BBRI.JK,0.7395634016118793
2022-10-24,4430.0,4540.0,4430.0,4500.0,3328.035888671875,186997700,BBRI.JK,0.7395635308159723
2022-10-25,4560.0,4610.0,4550.0,4590.0,3394.596435546875,233948800,BBRI.JK,0.7395634935831972
2022-10-26,4600.0,4610.0,4500.0,4530.0,3350.22265625,178298500,BBRI.JK,0.7395635002759382
2022-10-27,4550.0,4600.0,4530.0,4600.0,3401.991455078125,131385300,BBRI.JK,0.7395633597995924
2022-10-28,4600.0,4630.0,4560.0,4630.0,3424.17822265625,227256400,BBRI.JK,0.7395633310272678
2022-10-31,4630.0,4680.0,4630.0,4650.0,3438.969970703125,275184000,BBRI.JK,0.7395634345598119
2022-11-01,4690.0,4700.0,4630.0,4660.0,3446.365478515625,230590200,BBRI.JK,0.7395634074067865
2022-11-02,4680.0,4680.0,4570.0,4610.0,3409.387451171875,163816900,BBRI.JK,0.7395634384320771
2022-11-03,4630.0,4660.0,4590.0,4650.0,3438.969970703125,174423000,BBRI.JK,0.7395634345598119
2022-11-04,4650.0,4660.0,4610.0,4650.0,3438.969970703125,85292300,BBRI.JK,0.7395634345598119
2022-11-07,4650.0,4690.0,4610.0,4690.0,3468.552734375,112070500,BBRI.JK,0.7395634828091684
2022-11-08,4690.0,4690.0,4610.0,4620.0,3416.783203125,80916300,BBRI.JK,0.7395634638798702
2022-11-09,4600.0,4650.0,4600.0,4650.0,3438.969970703125,126493900,BBRI.JK,0.7395634345598119
2022-11-10,4560.0,4580.0,4520.0,4530.0,3350.22265625,196277400,BBRI.JK,0.7395635002759382
2022-11-11,4620.0,4650.0,4590.0,4650.0,3438.969970703125,153238500,BBRI.JK,0.7395634345598119
2022-11-14,4620.0,4640.0,4550.0,4580.0,3387.200439453125,140187600,BBRI.JK,0.7395634147277566
2022-11-15,4580.0,4610.0,4560.0,4580.0,3387.200439453125,87986300,BBRI.JK,0.7395634147277566
2022-11-16,4590.0,4610.0,4490.0,4520.0,3342.826904296875,245789200,BBRI.JK,0.7395634744019635
2022-11-17,4520.0,4670.0,4500.0,4670.0,3453.76171875,214514600,BBRI.JK,0.7395635372055674
2022-11-18,4670.0,4680.0,4610.0,4610.0,3409.387451171875,105313200,BBRI.JK,0.7395634384320771
2022-11-21,4620.0,4630.0,4560.0,4590.0,3394.596435546875,82279300,BBRI.JK,0.7395634935831972
2022-11-22,4570.0,4670.0,4570.0,4590.0,3394.596435546875,154866000,BBRI.JK,0.7395634935831972
2022-11-23,4640.0,4670.0,4630.0,4670.0,3453.76171875,147280600,BBRI.JK,0.7395635372055674
2022-11-24,4700.0,4740.0,4670.0,4720.0,3490.739501953125,156735700,BBRI.JK,0.7395634538036282
2022-11-25,4700.0,4750.0,4690.0,4750.0,3512.92626953125,177861100,BBRI.JK,0.7395634251644737
2022-11-28,4730.0,4830.0,4730.0,4820.0,3564.695556640625,214611600,BBRI.JK,0.7395633934939057
2022-11-29,4820.0,4860.0,4790.0,4850.0,3586.8828125,184916300,BBRI.JK,0.7395634664948454
2022-11-30,4810.0,4980.0,4800.0,4980.0,3683.026123046875,560639800,BBRI.JK,0.7395634785234688
2022-12-01,5000.0,5025.0,4900.0,4940.0,3653.443603515625,267382600,BBRI.JK,0.7395634824930415
2022-12-02,4900.0,4930.0,4860.0,4890.0,3616.46533203125,199981400,BBRI.JK,0.7395634625830777
2022-12-05,4910.0,4930.0,4860.0,4890.0,3616.46533203125,88463000,BBRI.JK,0.7395634625830777
2022-12-06,4860.0,4890.0,4800.0,4860.0,3594.27880859375,151325300,BBRI.JK,0.7395635408629115
2022-12-07,4840.0,4840.0,4740.0,4760.0,3520.322265625,253330100,BBRI.JK,0.7395635011817226
2022-12-08,4760.0,4840.0,4710.0,4840.0,3579.48779296875,154313900,BBRI.JK,0.7395635935885847
2022-12-09,4830.0,4840.0,4760.0,4800.0,3549.904541015625,203573100,BBRI.JK,0.7395634460449219
2022-12-12,4800.0,4850.0,4760.0,4850.0,3586.8828125,139582400,BBRI.JK,0.7395634664948454
2022-12-13,4870.0,4980.0,4840.0,4970.0,3675.6298828125,194233200,BBRI.JK,0.7395633567027163
2022-12-14,5000.0,5000.0,4870.0,4980.0,3683.026123046875,201275800,BBRI.JK,0.7395634785234688
2022-12-15,4900.0,4940.0,4880.0,4910.0,3631.256591796875,170702300,BBRI.JK,0.7395634606510947
2022-12-16,4820.0,4980.0,4820.0,4980.0,3683.026123046875,594601900,BBRI.JK,0.7395634785234688
2022-12-19,4970.0,4980.0,4920.0,4970.0,3675.6298828125,82959800,BBRI.JK,0.7395633567027163
2022-12-20,4930.0,4970.0,4890.0,4910.0,3631.256591796875,78671600,BBRI.JK,0.7395634606510947
2022-12-21,4910.0,4940.0,4870.0,4890.0,3616.46533203125,71277800,BBRI.JK,0.7395634625830777
2022-12-22,4910.0,4970.0,4900.0,4960.0,3668.23486328125,87321400,BBRI.JK,0.739563480500252
2022-12-23,4920.0,4940.0,4880.0,4880.0,3609.069580078125,53350600,BBRI.JK,0.7395634385405994
2022-12-26,4900.0,4930.0,4890.0,4930.0,3646.04833984375,43581100,BBRI.JK,0.7395635577776369
2022-12-27,4930.0,4950.0,4860.0,4870.0,3601.674072265625,74123800,BBRI.JK,0.7395634645309291
2022-12-28,4870.0,4880.0,4810.0,4820.0,3564.695556640625,117912500,BBRI.JK,0.7395633934939057
2022-12-29,4820.0,4870.0,4800.0,4870.0,3601.674072265625,106690700,BBRI.JK,0.7395634645309291
2022-12-30,4870.0,4950.0,4870.0,4940.0,3653.443603515625,182091500,BBRI.JK,0.7395634824930415
2023-01-02,4910.0,4920.0,4820.0,4870.0,3601.674072265625,100200100,BBRI.JK,0.7395634645309291
2023-01-03,4830.0,4900.0,4830.0,4850.0,3586.8828125,95136500,BBRI.JK,0.7395634664948454
2023-01-04,4850.0,4850.0,4770.0,4770.0,3527.7177734375,188071000,BBRI.JK,0.7395634745151992
2023-01-05,4750.0,4760.0,4570.0,4640.0,3431.574462890625,292142000,BBRI.JK,0.7395634618298761
2023-01-06,4550.0,4640.0,4550.0,4620.0,3416.783203125,175932000,BBRI.JK,0.7395634638798702
2023-01-09,4580.0,4640.0,4550.0,4590.0,3394.596435546875,166164900,BBRI.JK,0.7395634935831972
2023-01-10,4550.0,4570.0,4410.0,4430.0,3317.46337890625,282510000,BBRI.JK,0.7488630652158578
2023-01-11,4410.0,4430.0,4360.0,4380.0,3280.020263671875,211610100,BBRI.JK,0.7488630738976884
2023-01-12,4480.0,4520.0,4410.0,4500.0,3369.884033203125,210887800,BBRI.JK,0.7488631184895833
2023-01-13,4510.0,4530.0,4420.0,4480.0,3354.906982421875,134592100,BBRI.JK,0.7488631657191686
2023-01-16,4430.0,4530.0,4420.0,4520.0,3384.861328125,172170900,BBRI.JK,0.7488631256913717
2023-01-17,4520.0,4580.0,4510.0,4560.0,3414.815673828125,150577400,BBRI.JK,0.7488630863658169
2023-01-18,4560.0,4620.0,4560.0,4600.0,3444.77001953125,178026000,BBRI.JK,0.7488630477241848
2023-01-19,4590.0,4630.0,4580.0,4610.0,3452.258544921875,117204100,BBRI.JK,0.7488630249288232
2023-01-20,4630.0,4670.0,4620.0,4650.0,3482.213623046875,116038300,BBRI.JK,0.7488631447412635
2023-01-24,4660.0,4680.0,4590.0,4620.0,3459.74755859375,81964700,BBRI.JK,0.7488631079207251
2023-01-25,4620.0,4620.0,4550.0,4560.0,3414.815673828125,84009300,BBRI.JK,0.7488630863658169
2023-01-26,4560.0,4620.0,4550.0,4590.0,3437.281494140625,113840400,BBRI.JK,0.7488630706188726
2023-01-27,4600.0,4680.0,4600.0,4640.0,3474.72509765625,178282600,BBRI.JK,0.7488631675983297
2023-01-30,4650.0,4680.0,4570.0,4610.0,3452.258544921875,185972400,BBRI.JK,0.7488630249288232
2023-01-31,4610.0,4620.0,4570.0,4580.0,3429.793212890625,280039200,BBRI.JK,0.7488631469193504
2023-02-01,4630.0,4690.0,4620.0,4680.0,3504.679443359375,181849300,BBRI.JK,0.7488631289229434
2023-02-02,4650.0,4680.0,4600.0,4600.0,3444.77001953125,145413400,BBRI.JK,0.7488630477241848
2023-02-03,4650.0,4780.0,4630.0,4750.0,3557.099609375,198479900,BBRI.JK,0.7488630756578948
2023-02-06,4780.0,4810.0,4680.0,4740.0,3549.611083984375,141366300,BBRI.JK,0.7488630978869989
2023-02-07,4740.0,4790.0,4720.0,4750.0,3557.099609375,140923100,BBRI.JK,0.7488630756578948
2023-02-08,4710.0,4790.0,4710.0,4790.0,3587.053955078125,168599500,BBRI.JK,0.7488630386384395
2023-02-09,4790.0,4840.0,4770.0,4810.0,3602.03125,177400700,BBRI.JK,0.7488630457380457
2023-02-10,4840.0,4880.0,4770.0,4860.0,3639.474365234375,181146600,BBRI.JK,0.748863038114069
2023-02-13,4900.0,4900.0,4800.0,4800.0,3594.54296875,144569400,BBRI.JK,0.7488631184895833
2023-02-14,4820.0,4870.0,4810.0,4870.0,3646.96337890625,120995200,BBRI.JK,0.7488631168185318
2023-02-15,4890.0,4890.0,4810.0,4870.0,3646.96337890625,84568100,BBRI.JK,0.7488631168185318
2023-02-16,4890.0,4890.0,4850.0,4870.0,3646.96337890625,69966200,BBRI.JK,0.7488631168185318
2023-02-17,4890.0,4890.0,4830.0,4880.0,3654.45166015625,104019300,BBRI.JK,0.7488630451139856
2023-02-20,4900.0,4900.0,4840.0,4880.0,3654.45166015625,88432500,BBRI.JK,0.7488630451139856
2023-02-21,4880.0,4880.0,4820.0,4820.0,3609.520263671875,59319100,BBRI.JK,0.7488631252431276
2023-02-22,4790.0,4810.0,4730.0,4760.0,3564.588134765625,107327900,BBRI.JK,0.7488630535221902
2023-02-23,4810.0,4810.0,4730.0,4800.0,3594.54296875,139144500,BBRI.JK,0.7488631184895833
2023-02-24,4800.0,4840.0,4760.0,4760.0,3564.588134765625,46409300,BBRI.JK,0.7488630535221902
2023-02-27,4780.0,4810.0,4760.0,4810.0,3602.03125,89918800,BBRI.JK,0.7488630457380457
2023-02-28,4760.0,4790.0,4670.0,4670.0,3497.190673828125,273125500,BBRI.JK,0.7488630993207976
2023-03-01,4730.0,4750.0,4700.0,4720.0,3534.633544921875,115578600,BBRI.JK,0.7488630391783634
2023-03-02,4750.0,4780.0,4720.0,4780.0,3579.56494140625,59377900,BBRI.JK,0.7488629584531904
2023-03-03,4800.0,4800.0,4730.0,4760.0,3564.588134765625,84777000,BBRI.JK,0.7488630535221902
2023-03-06,4790.0,4800.0,4780.0,4790.0,3587.053955078125,78292000,BBRI.JK,0.7488630386384395
2023-03-07,4770.0,4850.0,4770.0,4840.0,3624.4970703125,111953700,BBRI.JK,0.7488630310563017
2023-03-08,4850.0,4850.0,4820.0,4840.0,3624.4970703125,125766100,BBRI.JK,0.7488630310563017
2023-03-09,4860.0,4870.0,4810.0,4810.0,3602.03125,79549800,BBRI.JK,0.7488630457380457
2023-03-10,4820.0,4830.0,4800.0,4820.0,3609.520263671875,125140500,BBRI.JK,0.7488631252431276
2023-03-13,4810.0,4870.0,4770.0,4830.0,3617.0087890625,106769300,BBRI.JK,0.7488631033255694
2023-03-14,4770.0,4790.0,4690.0,4710.0,3527.145263671875,192444400,BBRI.JK,0.7488631133061305
2023-03-15,4760.0,4770.0,4700.0,4700.0,3519.65673828125,107761200,BBRI.JK,0.7488631358045212
2023-03-16,4700.0,4750.0,4640.0,4730.0,3542.12255859375,155984500,BBRI.JK,0.7488631202100952
2023-03-17,4770.0,4900.0,4750.0,4900.0,3669.42919921875,267753300,BBRI.JK,0.7488631018813775
2023-03-20,4840.0,4880.0,4820.0,4880.0,3654.45166015625,113829400,BBRI.JK,0.7488630451139856
2023-03-21,4870.0,4920.0,4840.0,4900.0,3669.42919921875,214639300,BBRI.JK,0.7488631018813775
2023-03-24,4750.0,4820.0,4720.0,4770.0,3748.984375,266103900,BBRI.JK,0.7859506027253669
2023-03-27,4750.0,4790.0,4720.0,4740.0,3725.405517578125,144925200,BBRI.JK,0.7859505311346255
2023-03-28,4740.0,4780.0,4740.0,4770.0,3748.984375,105217100,BBRI.JK,0.7859506027253669
2023-03-29,4800.0,4820.0,4770.0,4810.0,3780.42236328125,141800500,BBRI.JK,0.7859505952767671
2023-03-30,4810.0,4810.0,4740.0,4750.0,3733.26513671875,98847200,BBRI.JK,0.7859505550986842
2023-03-31,4730.0,4750.0,4710.0,4730.0,3717.5458984375,161561800,BBRI.JK,0.7859505070692389
2023-04-03,4770.0,4800.0,4760.0,4800.0,3772.562744140625,133511700,BBRI.JK,0.7859505716959635
2023-04-04,4800.0,4820.0,4760.0,4820.0,3788.28173828125,88097800,BBRI.JK,0.7859505681081431
2023-04-05,4810.0,4880.0,4800.0,4830.0,3796.141357421875,119316500,BBRI.JK,0.7859505915987319
2023-04-06,4860.0,4860.0,4820.0,4840.0,3804.00048828125,88012300,BBRI.JK,0.7859505141076962
2023-04-10,4860.0,4860.0,4820.0,4860.0,3819.719482421875,58886800,BBRI.JK,0.785950510786394
2023-04-11,4860.0,4890.0,4830.0,4880.0,3835.43896484375,67275600,BBRI.JK,0.7859506075499487
2023-04-12,4950.0,4950.0,4890.0,4930.0,3874.736083984375,194839900,BBRI.JK,0.7859505241347616
2023-04-13,4950.0,5000.0,4930.0,4980.0,3914.033935546875,141279800,BBRI.JK,0.7859505894672439
2023-04-14,5050.0,5100.0,5000.0,5075.0,3988.698974609375,190097200,BBRI.JK,0.7859505368688424
2023-04-17,5075.0,5075.0,4960.0,4990.0,3921.89306640625,121231300,BBRI.JK,0.7859505143098697
2023-04-18,4990.0,5025.0,4950.0,4950.0,3890.455322265625,95747700,BBRI.JK,0.7859505701546717
2023-04-26,5150.0,5150.0,4930.0,5025.0,3949.4013671875,273336000,BBRI.JK,0.7859505208333334
2023-04-27,4990.0,5150.0,4990.0,5150.0,4047.64501953125,125947200,BBRI.JK,0.7859504892293689
2023-04-28,5175.0,5275.0,5100.0,5100.0,4008.34814453125,251912000,BBRI.JK,0.785950616574755
2023-05-02,5175.0,5175.0,5050.0,5150.0,4047.64501953125,84246100,BBRI.JK,0.7859504892293689
2023-05-03,5225.0,5225.0,5050.0,5100.0,4008.34814453125,183524700,BBRI.JK,0.785950616574755
2023-05-04,5150.0,5175.0,5075.0,5150.0,4047.64501953125,140482000,BBRI.JK,0.7859504892293689
2023-05-05,5225.0,5250.0,5125.0,5225.0,4106.591796875,182599600,BBRI.JK,0.7859505831339713
2023-05-08,5250.0,5250.0,5050.0,5100.0,4008.34814453125,107804200,BBRI.JK,0.785950616574755
2023-05-09,5050.0,5125.0,5025.0,5125.0,4027.996826171875,102987300,BBRI.JK,0.7859506002286586
2023-05-10,5075.0,5150.0,5050.0,5150.0,4047.64501953125,108369600,BBRI.JK,0.7859504892293689
2023-05-11,5175.0,5175.0,5100.0,5150.0,4047.64501953125,85618800,BBRI.JK,0.7859504892293689
2023-05-12,5100.0,5175.0,5100.0,5150.0,4047.64501953125,92625800,BBRI.JK,0.7859504892293689
2023-05-15,5150.0,5175.0,5025.0,5150.0,4047.64501953125,163732600,BBRI.JK,0.7859504892293689
2023-05-16,5175.0,5200.0,5100.0,5200.0,4086.942626953125,73611200,BBRI.JK,0.7859505051832932
2023-05-17,5250.0,5250.0,5175.0,5200.0,4086.942626953125,115834500,BBRI.JK,0.7859505051832932
2023-05-19,5225.0,5450.0,5200.0,5400.0,4244.13330078125,185672200,BBRI.JK,0.785950611255787
2023-05-22,5300.0,5500.0,5300.0,5425.0,4263.78173828125,162655900,BBRI.JK,0.7859505508352534
2023-05-23,5475.0,5600.0,5475.0,5500.0,4322.72802734375,255251600,BBRI.JK,0.7859505504261364
2023-05-24,5525.0,5600.0,5450.0,5600.0,4401.3232421875,187436100,BBRI.JK,0.7859505789620536
2023-05-25,5500.0,5575.0,5450.0,5475.0,4303.0791015625,224391900,BBRI.JK,0.7859505208333334
2023-05-26,5425.0,5600.0,5425.0,5600.0,4401.3232421875,154003100,BBRI.JK,0.7859505789620536
2023-05-29,5600.0,5625.0,5475.0,5550.0,4362.02587890625,125049100,BBRI.JK,0.7859506088119369
2023-05-30,5500.0,5600.0,5500.0,5500.0,4322.72802734375,67363200,BBRI.JK,0.7859505504261364
2023-05-31,5575.0,5575.0,5375.0,5575.0,4381.67431640625,898453700,BBRI.JK,0.7859505500280269
2023-06-05,5600.0,5600.0,5425.0,5425.0,4263.78173828125,255472600,BBRI.JK,0.7859505508352534
2023-06-06,5400.0,5500.0,5350.0,5450.0,4283.43017578125,92019300,BBRI.JK,0.7859504909690367
2023-06-07,5475.0,5475.0,5350.0,5400.0,4244.13330078125,150377000,BBRI.JK,0.785950611255787
2023-06-08,5375.0,5475.0,5350.0,5475.0,4303.0791015625,92794100,BBRI.JK,0.7859505208333334
2023-06-09,5425.0,5450.0,5375.0,5425.0,4263.78173828125,77251000,BBRI.JK,0.7859505508352534
2023-06-12,5400.0,5400.0,5375.0,5400.0,4244.13330078125,92314200,BBRI.JK,0.785950611255787
2023-06-13,5400.0,5550.0,5400.0,5550.0,4362.02587890625,108831400,BBRI.JK,0.7859506088119369
2023-06-14,5575.0,5575.0,5475.0,5550.0,4362.02587890625,79137600,BBRI.JK,0.7859506088119369
2023-06-15,5475.0,5525.0,5450.0,5525.0,4342.37646484375,74388400,BBRI.JK,0.7859504913744344
2023-06-16,5475.0,5550.0,5400.0,5550.0,4362.02587890625,189062600,BBRI.JK,0.7859506088119369
2023-06-19,5500.0,5525.0,5450.0,5525.0,4342.37646484375,55144200,BBRI.JK,0.7859504913744344
2023-06-20,5475.0,5550.0,5475.0,5550.0,4362.02587890625,102926800,BBRI.JK,0.7859506088119369
2023-06-21,5500.0,5575.0,5500.0,5575.0,4381.67431640625,84605400,BBRI.JK,0.7859505500280269
2023-06-22,5550.0,5600.0,5475.0,5475.0,4303.0791015625,94143200,BBRI.JK,0.7859505208333334
2023-06-23,5425.0,5475.0,5400.0,5400.0,4244.13330078125,123350300,BBRI.JK,0.785950611255787
2023-06-26,5425.0,5475.0,5375.0,5450.0,4283.43017578125,85472100,BBRI.JK,0.7859504909690367
2023-06-27,5450.0,5500.0,5425.0,5425.0,4263.78173828125,110716500,BBRI.JK,0.7859505508352534
2023-07-03,5500.0,5550.0,5450.0,5475.0,4303.0791015625,168559800,BBRI.JK,0.7859505208333334
2023-07-04,5500.0,5500.0,5425.0,5450.0,4283.43017578125,94462600,BBRI.JK,0.7859504909690367
2023-07-05,5400.0,5450.0,5400.0,5450.0,4283.43017578125,109632800,BBRI.JK,0.7859504909690367
2023-07-06,5450.0,5475.0,5400.0,5425.0,4263.78173828125,109446200,BBRI.JK,0.7859505508352534
2023-07-07,5400.0,5425.0,5375.0,5375.0,4224.484375,114043800,BBRI.JK,0.7859505813953488
2023-07-10,5425.0,5500.0,5400.0,5400.0,4244.13330078125,78972100,BBRI.JK,0.785950611255787
2023-07-11,5375.0,5450.0,5375.0,5425.0,4263.78173828125,122094700,BBRI.JK,0.7859505508352534
2023-07-12,5450.0,5475.0,5425.0,5450.0,4283.43017578125,104993700,BBRI.JK,0.7859504909690367
2023-07-13,5425.0,5475.0,5425.0,5450.0,4283.43017578125,134905700,BBRI.JK,0.7859504909690367
2023-07-14,5450.0,5525.0,5425.0,5525.0,4342.37646484375,127814200,BBRI.JK,0.7859504913744344
2023-07-17,5550.0,5625.0,5525.0,5575.0,4381.67431640625,166951300,BBRI.JK,0.7859505500280269
2023-07-18,5625.0,5700.0,5600.0,5625.0,4420.97216796875,120810300,BBRI.JK,0.7859506076388889
2023-07-20,5575.0,5650.0,5550.0,5625.0,4420.97216796875,111117300,BBRI.JK,0.7859506076388889
2023-07-21,5600.0,5625.0,5575.0,5625.0,4420.97216796875,63094600,BBRI.JK,0.7859506076388889
2023-07-24,5600.0,5650.0,5600.0,5600.0,4401.3232421875,62962500,BBRI.JK,0.7859505789620536
2023-07-25,5625.0,5700.0,5625.0,5650.0,4440.62109375,111248100,BBRI.JK,0.7859506360619469
2023-07-26,5700.0,5700.0,5650.0,5675.0,4460.26953125,76200300,BBRI.JK,0.7859505781938326
2023-07-27,5675.0,5750.0,5650.0,5650.0,4440.62109375,109859200,BBRI.JK,0.7859506360619469
2023-07-28,5625.0,5700.0,5625.0,5700.0,4479.91796875,74036700,BBRI.JK,0.7859505208333334
2023-07-31,5700.0,5700.0,5650.0,5650.0,4440.62109375,186727400,BBRI.JK,0.7859506360619469
2023-08-01,5650.0,5750.0,5650.0,5700.0,4479.91796875,100137500,BBRI.JK,0.7859505208333334
2023-08-02,5650.0,5725.0,5650.0,5700.0,4479.91796875,90611300,BBRI.JK,0.7859505208333334
2023-08-03,5675.0,5750.0,5650.0,5700.0,4479.91796875,82775000,BBRI.JK,0.7859505208333334
2023-08-04,5700.0,5725.0,5575.0,5575.0,4381.67431640625,150738500,BBRI.JK,0.7859505500280269
2023-08-07,5600.0,5725.0,5575.0,5700.0,4479.91796875,88104900,BBRI.JK,0.7859505208333334
2023-08-08,5700.0,5750.0,5600.0,5625.0,4420.97216796875,89189600,BBRI.JK,0.7859506076388889
2023-08-09,5650.0,5725.0,5625.0,5700.0,4479.91796875,91930000,BBRI.JK,0.7859505208333334
2023-08-10,5675.0,5725.0,5675.0,5700.0,4479.91796875,85474200,BBRI.JK,0.7859505208333334
2023-08-11,5675.0,5700.0,5650.0,5650.0,4440.62109375,74321000,BBRI.JK,0.7859506360619469
2023-08-14,5650.0,5675.0,5575.0,5650.0,4440.62109375,127358400,BBRI.JK,0.7859506360619469
2023-08-15,5650.0,5675.0,5575.0,5575.0,4381.67431640625,89597300,BBRI.JK,0.7859505500280269
2023-08-16,5550.0,5575.0,5450.0,5525.0,4342.37646484375,188191900,BBRI.JK,0.7859504913744344
2023-08-18,5500.0,5600.0,5500.0,5575.0,4381.67431640625,121561200,BBRI.JK,0.7859505500280269
2023-08-21,5550.0,5575.0,5500.0,5500.0,4322.72802734375,91640000,BBRI.JK,0.7859505504261364
2023-08-22,5500.0,5625.0,5500.0,5575.0,4381.67431640625,101221500,BBRI.JK,0.7859505500280269
2023-08-23,5600.0,5625.0,5575.0,5600.0,4401.3232421875,78686900,BBRI.JK,0.7859505789620536
2023-08-24,5625.0,5625.0,5550.0,5550.0,4362.02587890625,74407500,BBRI.JK,0.7859506088119369
2023-08-25,5550.0,5600.0,5525.0,5600.0,4401.3232421875,65096500,BBRI.JK,0.7859505789620536
2023-08-28,5600.0,5625.0,5550.0,5550.0,4362.02587890625,37126600,BBRI.JK,0.7859506088119369
2023-08-29,5525.0,5600.0,5525.0,5600.0,4401.3232421875,57547200,BBRI.JK,0.7859505789620536
2023-08-30,5600.0,5600.0,5500.0,5525.0,4342.37646484375,171282700,BBRI.JK,0.7859504913744344
2023-08-31,5525.0,5550.0,5475.0,5550.0,4362.02587890625,175088200,BBRI.JK,0.7859506088119369
2023-09-01,5600.0,5600.0,5525.0,5575.0,4381.67431640625,87366100,BBRI.JK,0.7859505500280269
2023-09-04,5600.0,5625.0,5575.0,5625.0,4420.97216796875,43898200,BBRI.JK,0.7859506076388889
2023-09-05,5625.0,5650.0,5600.0,5625.0,4420.97216796875,72464300,BBRI.JK,0.7859506076388889
2023-09-06,5625.0,5650.0,5575.0,5575.0,4381.67431640625,106367800,BBRI.JK,0.7859505500280269
2023-09-07,5525.0,5550.0,5450.0,5450.0,4283.43017578125,157998600,BBRI.JK,0.7859504909690367
2023-09-08,5425.0,5450.0,5300.0,5350.0,4204.83544921875,243324500,BBRI.JK,0.7859505512558411
2023-09-11,5350.0,5425.0,5300.0,5425.0,4263.78173828125,80474100,BBRI.JK,0.7859505508352534
2023-09-12,5450.0,5475.0,5375.0,5375.0,4224.484375,121654400,BBRI.JK,0.7859505813953488
2023-09-13,5350.0,5425.0,5350.0,5400.0,4244.13330078125,59408000,BBRI.JK,0.785950611255787
2023-09-14,5325.0,5425.0,5325.0,5425.0,4263.78173828125,76831700,BBRI.JK,0.7859505508352534
2023-09-15,5400.0,5450.0,5375.0,5375.0,4224.484375,141455400,BBRI.JK,0.7859505813953488
2023-09-18,5350.0,5400.0,5300.0,5325.0,4185.1865234375,61329000,BBRI.JK,0.7859505208333334
2023-09-19,5325.0,5375.0,5300.0,5375.0,4224.484375,50612700,BBRI.JK,0.7859505813953488
2023-09-20,5350.0,5450.0,5350.0,5375.0,4224.484375,98710100,BBRI.JK,0.7859505813953488
2023-09-21,5425.0,5425.0,5350.0,5350.0,4204.83544921875,68584900,BBRI.JK,0.7859505512558411
2023-09-22,5350.0,5425.0,5350.0,5350.0,4204.83544921875,83184100,BBRI.JK,0.7859505512558411
2023-09-25,5325.0,5350.0,5200.0,5300.0,4165.5380859375,120196700,BBRI.JK,0.7859505822523585
2023-09-26,5250.0,5275.0,5200.0,5200.0,4086.942626953125,180280600,BBRI.JK,0.7859505051832932
2023-09-27,5175.0,5300.0,5175.0,5225.0,4106.591796875,119774700,BBRI.JK,0.7859505831339713
2023-09-29,5300.0,5325.0,5225.0,5225.0,4106.591796875,140331100,BBRI.JK,0.7859505831339713
2023-10-02,5250.0,5300.0,5250.0,5250.0,4126.24072265625,81674600,BBRI.JK,0.7859506138392857
2023-10-03,5250.0,5300.0,5250.0,5275.0,4145.8896484375,54462700,BBRI.JK,0.7859506442535545
2023-10-04,5250.0,5275.0,5200.0,5250.0,4126.24072265625,121445000,BBRI.JK,0.7859506138392857
2023-10-05,5250.0,5275.0,5175.0,5175.0,4067.2939453125,116814800,BBRI.JK,0.7859505208333334
2023-10-06,5200.0,5250.0,5175.0,5175.0,4067.2939453125,70202300,BBRI.JK,0.7859505208333334
2023-10-09,5200.0,5225.0,5125.0,5125.0,4027.996826171875,144477000,BBRI.JK,0.7859506002286586
2023-10-10,5125.0,5250.0,5125.0,5175.0,4067.2939453125,98457000,BBRI.JK,0.7859505208333334
2023-10-11,5150.0,5275.0,5150.0,5250.0,4126.24072265625,100394800,BBRI.JK,0.7859506138392857
2023-10-12,5300.0,5375.0,5275.0,5300.0,4165.5380859375,174022400,BBRI.JK,0.7859505822523585
2023-10-13,5275.0,5325.0,5250.0,5275.0,4145.8896484375,84648800,BBRI.JK,0.7859506442535545
2023-10-16,5325.0,5325.0,5250.0,5250.0,4126.24072265625,45782300,BBRI.JK,0.7859506138392857
2023-10-17,5250.0,5275.0,5150.0,5150.0,4047.64501953125,127287200,BBRI.JK,0.7859504892293689
2023-10-18,5125.0,5225.0,5125.0,5150.0,4047.64501953125,77217600,BBRI.JK,0.7859504892293689
2023-10-19,5100.0,5150.0,5000.0,5000.0,3929.752685546875,195831400,BBRI.JK,0.785950537109375
2023-10-20,4980.0,5100.0,4960.0,5050.0,3969.05078125,173353600,BBRI.JK,0.7859506497524752
2023-10-23,5000.0,5075.0,4990.0,5000.0,3929.752685546875,82756100,BBRI.JK,0.785950537109375
2023-10-24,5000.0,5100.0,4950.0,5100.0,4008.34814453125,104021500,BBRI.JK,0.785950616574755
2023-10-25,5100.0,5200.0,5100.0,5175.0,4067.2939453125,142215000,BBRI.JK,0.7859505208333334
2023-10-26,5175.0,5175.0,4920.0,4920.0,3866.876708984375,330618800,BBRI.JK,0.7859505506065803
2023-10-27,4950.0,5050.0,4940.0,5000.0,3929.752685546875,129599800,BBRI.JK,0.785950537109375
2023-10-30,4980.0,5025.0,4970.0,5000.0,3929.752685546875,108523700,BBRI.JK,0.785950537109375
2023-10-31,4980.0,5000.0,4960.0,4960.0,3898.314453125,106760300,BBRI.JK,0.7859504945816532
2023-11-01,4920.0,4960.0,4830.0,4830.0,3796.141357421875,191567200,BBRI.JK,0.7859505915987319
2023-11-02,4940.0,5075.0,4910.0,5000.0,3929.752685546875,208075400,BBRI.JK,0.785950537109375
2023-11-03,5025.0,5175.0,5025.0,5100.0,4008.34814453125,125504000,BBRI.JK,0.785950616574755
2023-11-06,5100.0,5200.0,5100.0,5200.0,4086.942626953125,122333800,BBRI.JK,0.7859505051832932
2023-11-07,5225.0,5275.0,5175.0,5250.0,4126.24072265625,137039400,BBRI.JK,0.7859506138392857
2023-11-08,5200.0,5250.0,5175.0,5225.0,4106.591796875,86713700,BBRI.JK,0.7859505831339713
2023-11-09,5225.0,5275.0,5200.0,5200.0,4086.942626953125,66236400,BBRI.JK,0.7859505051832932
2023-11-10,5150.0,5150.0,5050.0,5075.0,3988.698974609375,113811900,BBRI.JK,0.7859505368688424
2023-11-13,5075.0,5125.0,5025.0,5025.0,3949.4013671875,63126900,BBRI.JK,0.7859505208333334
2023-11-14,5075.0,5125.0,5050.0,5075.0,3988.698974609375,85419500,BBRI.JK,0.7859505368688424
2023-11-15,5200.0,5300.0,5175.0,5250.0,4126.24072265625,193790400,BBRI.JK,0.7859506138392857
2023-11-16,5275.0,5275.0,5175.0,5250.0,4126.24072265625,99488800,BBRI.JK,0.7859506138392857
2023-11-17,5175.0,5250.0,5175.0,5225.0,4106.591796875,70727500,BBRI.JK,0.7859505831339713
2023-11-20,5175.0,5275.0,5175.0,5250.0,4126.24072265625,54123600,BBRI.JK,0.7859506138392857
2023-11-21,5225.0,5250.0,5175.0,5200.0,4086.942626953125,104110500,BBRI.JK,0.7859505051832932
2023-11-22,5175.0,5300.0,5175.0,5275.0,4145.8896484375,103585500,BBRI.JK,0.7859506442535545
2023-11-23,5325.0,5400.0,5300.0,5350.0,4204.83544921875,174572400,BBRI.JK,0.7859505512558411
2023-11-24,5400.0,5450.0,5375.0,5400.0,4244.13330078125,92571400,BBRI.JK,0.785950611255787
2023-11-27,5425.0,5450.0,5350.0,5350.0,4204.83544921875,76019100,BBRI.JK,0.7859505512558411
2023-11-28,5325.0,5425.0,5325.0,5350.0,4204.83544921875,147993400,BBRI.JK,0.7859505512558411
2023-11-29,5350.0,5375.0,5300.0,5300.0,4165.5380859375,106197800,BBRI.JK,0.7859505822523585
2023-11-30,5375.0,5375.0,5275.0,5275.0,4145.8896484375,224426400,BBRI.JK,0.7859506442535545
2023-12-01,5275.0,5375.0,5275.0,5350.0,4204.83544921875,99499500,BBRI.JK,0.7859505512558411
2023-12-04,5450.0,5575.0,5450.0,5500.0,4322.72802734375,235595700,BBRI.JK,0.7859505504261364
2023-12-05,5425.0,5500.0,5425.0,5450.0,4283.43017578125,114689900,BBRI.JK,0.7859504909690367
2023-12-06,5425.0,5450.0,5400.0,5425.0,4263.78173828125,119716700,BBRI.JK,0.7859505508352534
2023-12-07,5400.0,5475.0,5400.0,5475.0,4303.0791015625,102126600,BBRI.JK,0.7859505208333334
2023-12-08,5425.0,5450.0,5375.0,5375.0,4224.484375,130542600,BBRI.JK,0.7859505813953488
2023-12-11,5325.0,5375.0,5300.0,5300.0,4165.5380859375,124468600,BBRI.JK,0.7859505822523585
2023-12-12,5375.0,5400.0,5325.0,5325.0,4185.1865234375,134501600,BBRI.JK,0.7859505208333334
2023-12-13,5300.0,5350.0,5275.0,5300.0,4165.5380859375,98881600,BBRI.JK,0.7859505822523585
2023-12-14,5450.0,5550.0,5425.0,5550.0,4362.02587890625,239261700,BBRI.JK,0.7859506088119369
2023-12-15,5575.0,5600.0,5550.0,5550.0,4362.02587890625,252448800,BBRI.JK,0.7859506088119369
2023-12-18,5575.0,5575.0,5500.0,5500.0,4322.72802734375,102780900,BBRI.JK,0.7859505504261364
2023-12-19,5450.0,5550.0,5450.0,5550.0,4362.02587890625,135207300,BBRI.JK,0.7859506088119369
2023-12-20,5700.0,5700.0,5550.0,5550.0,4362.02587890625,138470900,BBRI.JK,0.7859506088119369
2023-12-21,5550.0,5600.0,5525.0,5575.0,4381.67431640625,99049600,BBRI.JK,0.7859505500280269
2023-12-22,5650.0,5700.0,5600.0,5675.0,4460.26953125,109411300,BBRI.JK,0.7859505781938326
2023-12-27,5700.0,5725.0,5625.0,5625.0,4420.97216796875,122236700,BBRI.JK,0.7859506076388889
2023-12-28,5700.0,5750.0,5675.0,5725.0,4499.56689453125,121434600,BBRI.JK,0.7859505492631005
2023-12-29,5750.0,5750.0,5675.0,5725.0,4499.56689453125,93126000,BBRI.JK,0.7859505492631005
2024-01-02,5650.0,5675.0,5625.0,5675.0,4526.68701171875,91143100,BBRI.JK,0.7976540989812775
2024-01-03,5625.0,5650.0,5600.0,5600.0,4466.86328125,83659700,BBRI.JK,0.7976541573660715
2024-01-04,5600.0,5700.0,5575.0,5700.0,4546.62841796875,92683500,BBRI.JK,0.7976541084155702
2024-01-05,5725.0,5850.0,5700.0,5750.0,4586.5107421875,134929600,BBRI.JK,0.7976540421195653
2024-01-08,5750.0,5800.0,5625.0,5625.0,4486.80517578125,152015000,BBRI.JK,0.7976542534722222
2024-01-09,5625.0,5700.0,5625.0,5700.0,4546.62841796875,105666200,BBRI.JK,0.7976541084155702
2024-01-10,5625.0,5700.0,5625.0,5700.0,4546.62841796875,82626400,BBRI.JK,0.7976541084155702
2024-01-11,5750.0,5800.0,5700.0,5750.0,4586.5107421875,116804400,BBRI.JK,0.7976540421195653
2024-01-12,5800.0,5850.0,5775.0,5850.0,4666.27685546875,109715700,BBRI.JK,0.7976541633279914
2024-01-15,5850.0,5900.0,5775.0,5825.0,4646.33544921875,115126700,BBRI.JK,0.7976541543723176
2024-01-16,5825.0,5875.0,5775.0,5825.0,4646.33544921875,97074300,BBRI.JK,0.7976541543723176
2024-01-17,5825.0,5825.0,5750.0,5775.0,4606.45263671875,107941600,BBRI.JK,0.797654136228355
2024-01-18,5800.0,5800.0,5700.0,5750.0,4586.5107421875,87259100,BBRI.JK,0.7976540421195653
2024-01-19,5750.0,5800.0,5700.0,5800.0,4626.39404296875,75370700,BBRI.JK,0.7976541453394397
2024-01-22,5775.0,5800.0,5700.0,5775.0,4606.45263671875,97545600,BBRI.JK,0.797654136228355
2024-01-23,5700.0,5750.0,5650.0,5700.0,4546.62841796875,122999700,BBRI.JK,0.7976541084155702
2024-01-24,5675.0,5700.0,5575.0,5650.0,4506.74658203125,104225000,BBRI.JK,0.7976542623064159
2024-01-25,5575.0,5650.0,5525.0,5525.0,4407.0390625,120478800,BBRI.JK,0.797654128959276
2024-01-26,5450.0,5475.0,5400.0,5425.0,4327.2734375,185244400,BBRI.JK,0.7976540898617511
2024-01-29,5400.0,5575.0,5400.0,5575.0,4446.921875,145629600,BBRI.JK,0.7976541479820628
2024-01-30,5525.0,5650.0,5475.0,5625.0,4486.80517578125,150513700,BBRI.JK,0.7976542534722222
2024-01-31,5725.0,5775.0,5675.0,5700.0,4546.62841796875,245117200,BBRI.JK,0.7976541084155702
2024-02-01,5775.0,5800.0,5725.0,5750.0,4586.5107421875,156633900,BBRI.JK,0.7976540421195653
2024-02-02,5800.0,5850.0,5750.0,5850.0,4666.27685546875,177209700,BBRI.JK,0.7976541633279914
2024-02-05,5800.0,5825.0,5750.0,5775.0,4606.45263671875,113760000,BBRI.JK,0.797654136228355
2024-02-06,5900.0,5900.0,5800.0,5825.0,4646.33544921875,126704300,BBRI.JK,0.7976541543723176
2024-02-07,5850.0,5900.0,5825.0,5850.0,4666.27685546875,147005300,BBRI.JK,0.7976541633279914
2024-02-12,5875.0,6025.0,5850.0,6025.0,4805.8662109375,171514600,BBRI.JK,0.7976541428941909
2024-02-13,6050.0,6050.0,5950.0,6000.0,4785.9248046875,145852200,BBRI.JK,0.7976541341145833
2024-02-15,6275.0,6275.0,6100.0,6125.0,4885.6318359375,308685100,BBRI.JK,0.7976541772959184
2024-02-16,6150.0,6200.0,6125.0,6150.0,4905.5732421875,130814400,BBRI.JK,0.7976541857215447
2024-02-19,6125.0,6175.0,6075.0,6100.0,4865.6904296875,111382900,BBRI.JK,0.7976541688012295
2024-02-20,6175.0,6300.0,6175.0,6300.0,5025.22119140625,160872600,BBRI.JK,0.7976541573660715
2024-02-21,6325.0,6375.0,6225.0,6300.0,5025.22119140625,168423000,BBRI.JK,0.7976541573660715
2024-02-22,6250.0,6300.0,6225.0,6250.0,4985.33837890625,100256000,BBRI.JK,0.797654140625
2024-02-23,6125.0,6175.0,6050.0,6125.0,4885.6318359375,148643000,BBRI.JK,0.7976541772959184
2024-02-26,6100.0,6200.0,6075.0,6175.0,4925.5146484375,98920800,BBRI.JK,0.7976541940789473
2024-02-27,6125.0,6200.0,6125.0,6125.0,4885.6318359375,99187500,BBRI.JK,0.7976541772959184
2024-02-28,6100.0,6225.0,6100.0,6225.0,4965.39697265625,97236700,BBRI.JK,0.7976541321536145
2024-02-29,6150.0,6200.0,6125.0,6125.0,4885.6318359375,173774600,BBRI.JK,0.7976541772959184
2024-03-01,6175.0,6175.0,6075.0,6125.0,4885.6318359375,76286400,BBRI.JK,0.7976541772959184
2024-03-04,6125.0,6125.0,6050.0,6050.0,4825.8076171875,70354900,BBRI.JK,0.7976541516012396
2024-03-05,6100.0,6175.0,6075.0,6125.0,4885.6318359375,115084600,BBRI.JK,0.7976541772959184
2024-03-06,6100.0,6200.0,6100.0,6200.0,4945.45556640625,84108800,BBRI.JK,0.7976541236139113
2024-03-07,6200.0,6275.0,6200.0,6225.0,4965.39697265625,117724700,BBRI.JK,0.7976541321536145
2024-03-08,6275.0,6400.0,6250.0,6350.0,5065.103515625,163060000,BBRI.JK,0.797654096948819
2024-03-13,6350.0,6450.0,6350.0,6400.0,5104.98681640625,195173100,BBRI.JK,0.7976541900634766
2024-03-14,6175.0,6200.0,6050.0,6150.0,5092.56591796875,271254000,BBRI.JK,0.8280594988567073
2024-03-15,6000.0,6075.0,5950.0,5975.0,4947.65478515625,305995800,BBRI.JK,0.8280593782688285
2024-03-18,6000.0,6100.0,5975.0,6000.0,4968.3564453125,110564700,BBRI.JK,0.8280594075520833
2024-03-19,6000.0,6050.0,5975.0,6000.0,4968.3564453125,114338600,BBRI.JK,0.8280594075520833
2024-03-20,6000.0,6100.0,6000.0,6100.0,5051.16259765625,120885400,BBRI.JK,0.8280594422387295
2024-03-21,6175.0,6200.0,6100.0,6100.0,5051.16259765625,136020000,BBRI.JK,0.8280594422387295
2024-03-22,6050.0,6125.0,6050.0,6125.0,5071.8642578125,46529200,BBRI.JK,0.8280594706632654
2024-03-25,6250.0,6250.0,6125.0,6250.0,5175.37158203125,115729600,BBRI.JK,0.828059453125
2024-03-26,6300.0,6300.0,6200.0,6300.0,5216.7744140625,120748400,BBRI.JK,0.8280594308035715
2024-03-27,6300.0,6325.0,6225.0,6250.0,5175.37158203125,73308900,BBRI.JK,0.828059453125
2024-03-28,6100.0,6200.0,6025.0,6050.0,5009.75927734375,288926900,BBRI.JK,0.8280593846849174
2024-04-01,6000.0,6025.0,5825.0,5925.0,4906.251953125,217207800,BBRI.JK,0.8280594013713081
2024-04-02,5850.0,5950.0,5625.0,5675.0,4699.23681640625,412180900,BBRI.JK,0.8280593509085903
2024-04-03,5575.0,5675.0,5525.0,5625.0,4657.83447265625,333518700,BBRI.JK,0.8280594618055556
2024-04-04,5650.0,5750.0,5650.0,5700.0,4719.9384765625,131936100,BBRI.JK,0.8280593818530702
2024-04-05,5625.0,5700.0,5625.0,5650.0,4678.5361328125,178817800,BBRI.JK,0.8280594925331859
2024-04-16,5375.0,5575.0,5350.0,5350.0,4430.1181640625,600717500,BBRI.JK,0.8280594699182243
2024-04-17,5475.0,5500.0,5300.0,5300.0,4388.71484375,244002000,BBRI.JK,0.828059404481132
2024-04-18,5300.0,5500.0,5300.0,5475.0,4533.625,247410700,BBRI.JK,0.8280593607305936
2024-04-19,5350.0,5375.0,5250.0,5275.0,4368.013671875,258211500,BBRI.JK,0.8280594638625592
2024-04-22,5200.0,5325.0,5150.0,5300.0,4388.71484375,342282800,BBRI.JK,0.828059404481132
2024-04-23,5350.0,5400.0,5225.0,5300.0,4388.71484375,281403100,BBRI.JK,0.828059404481132
2024-04-24,5250.0,5350.0,5150.0,5225.0,4326.6103515625,471241400,BBRI.JK,0.8280593974282296
2024-04-25,5125.0,5200.0,5050.0,5150.0,4264.505859375,479170900,BBRI.JK,0.8280593901699029
2024-04-26,5050.0,5100.0,4830.0,4830.0,3999.52734375,782589900,BBRI.JK,0.8280594914596273
2024-04-29,4700.0,4890.0,4680.0,4770.0,3949.84375,700644800,BBRI.JK,0.8280594863731656
2024-04-30,4850.0,5050.0,4820.0,4940.0,4090.613525390625,565609200,BBRI.JK,0.8280594180952682
2024-05-02,4910.0,4920.0,4700.0,4760.0,3941.56298828125,636922100,BBRI.JK,0.8280594513195904
2024-05-03,4760.0,4830.0,4710.0,4750.0,3933.2822265625,321697200,BBRI.JK,0.828059416118421
2024-05-06,4800.0,4840.0,4730.0,4790.0,3966.40478515625,262707400,BBRI.JK,0.8280594541036013
2024-05-07,4770.0,4780.0,4670.0,4670.0,3867.037109375,304013600,BBRI.JK,0.8280593381959315
2024-05-08,4650.0,4740.0,4570.0,4680.0,3875.31787109375,572275800,BBRI.JK,0.8280593741653312
2024-05-13,4650.0,4700.0,4630.0,4680.0,3875.31787109375,320067100,BBRI.JK,0.8280593741653312
2024-05-14,4720.0,4810.0,4700.0,4730.0,3916.720947265625,341458900,BBRI.JK,0.8280593968849101
2024-05-15,4780.0,4870.0,4760.0,4820.0,3991.24658203125,298990300,BBRI.JK,0.8280594568529565
2024-05-16,4930.0,4960.0,4840.0,4840.0,4007.8076171875,371295000,BBRI.JK,0.8280594250387396
2024-05-17,4840.0,4960.0,4820.0,4920.0,4074.05224609375,208991800,BBRI.JK,0.8280593996125508
2024-05-20,4990.0,5050.0,4820.0,4820.0,3991.24658203125,335150700,BBRI.JK,0.8280594568529565
2024-05-21,4810.0,4870.0,4680.0,4680.0,3875.31787109375,271568800,BBRI.JK,0.8280593741653312
2024-05-22,4650.0,4770.0,4650.0,4720.0,3908.440185546875,215066000,BBRI.JK,0.828059361344677
2024-05-27,4700.0,4720.0,4550.0,4550.0,3767.67041015625,363719300,BBRI.JK,0.8280594308035715
2024-05-28,4580.0,4630.0,4520.0,4530.0,3751.109375,258070200,BBRI.JK,0.8280594646799116
2024-05-29,4480.0,4500.0,4400.0,4410.0,3651.742431640625,465008500,BBRI.JK,0.8280595083085317
2024-05-30,4400.0,4480.0,4310.0,4380.0,3626.900146484375,502927800,BBRI.JK,0.8280593941745148
2024-05-31,4430.0,4470.0,4330.0,4340.0,3593.7783203125,655144100,BBRI.JK,0.8280595208093318
2024-06-03,4430.0,4560.0,4400.0,4530.0,3751.109375,345770100,BBRI.JK,0.8280594646799116
2024-06-04,4560.0,4590.0,4450.0,4450.0,3684.864501953125,332902200,BBRI.JK,0.8280594386411517
2024-06-05,4500.0,4500.0,4400.0,4400.0,3643.461669921875,240788500,BBRI.JK,0.8280594704367897
2024-06-06,4450.0,4500.0,4390.0,4500.0,3726.267333984375,281534200,BBRI.JK,0.8280594075520833
2024-06-07,4490.0,4500.0,4350.0,4350.0,3602.05859375,375439600,BBRI.JK,0.8280594468390805
2024-06-10,4350.0,4430.0,4320.0,4400.0,3643.461669921875,181387000,BBRI.JK,0.8280594704367897
2024-06-11,4380.0,4440.0,4340.0,4340.0,3593.7783203125,197854400,BBRI.JK,0.8280595208093318
2024-06-12,4340.0,4360.0,4310.0,4350.0,3602.05859375,187332500,BBRI.JK,0.8280594468390805
2024-06-13,4400.0,4420.0,4300.0,4310.0,3568.93603515625,238349600,BBRI.JK,0.8280594049086427
2024-06-14,4300.0,4320.0,4170.0,4180.0,3461.28857421875,358893200,BBRI.JK,0.8280594675164473
2024-06-19,4100.0,4240.0,4090.0,4100.0,3395.043701171875,410338400,BBRI.JK,0.8280594393102134
2024-06-20,4130.0,4270.0,4130.0,4270.0,3535.81396484375,387133400,BBRI.JK,0.8280594765442038
2024-06-21,4280.0,4490.0,4260.0,4440.0,3676.583984375,532713300,BBRI.JK,0.8280594559403153
2024-06-24,4440.0,4510.0,4400.0,4400.0,3643.461669921875,303830800,BBRI.JK,0.8280594704367897
2024-06-25,4320.0,4400.0,4280.0,4380.0,3626.900146484375,383572500,BBRI.JK,0.8280593941745148
2024-06-26,4390.0,4430.0,4350.0,4370.0,3618.61962890625,150303400,BBRI.JK,0.8280594116490274
2024-06-27,4410.0,4500.0,4380.0,4460.0,3693.145263671875,299430600,BBRI.JK,0.8280594761596133
2024-06-28,4590.0,4640.0,4580.0,4600.0,3809.0732421875,581319300,BBRI.JK,0.8280594004755435
2024-07-01,4630.0,4670.0,4560.0,4630.0,3833.91552734375,261421200,BBRI.JK,0.8280595091455184
2024-07-02,4610.0,4630.0,4570.0,4570.0,3784.231689453125,234403100,BBRI.JK,0.828059450646198
2024-07-03,4630.0,4640.0,4560.0,4600.0,3809.0732421875,176310400,BBRI.JK,0.8280594004755435
2024-07-04,4680.0,4830.0,4660.0,4790.0,3966.40478515625,422261500,BBRI.JK,0.8280594541036013
2024-07-05,4850.0,4870.0,4790.0,4800.0,3974.685302734375,218278000,BBRI.JK,0.8280594380696614
2024-07-08,4800.0,4830.0,4740.0,4750.0,3933.2822265625,222042100,BBRI.JK,0.828059416118421
2024-07-09,4780.0,4930.0,4750.0,4870.0,4032.6494140625,291320400,BBRI.JK,0.8280594279389117
2024-07-10,4870.0,4920.0,4840.0,4850.0,4016.088134765625,167619700,BBRI.JK,0.8280594092300257
2024-07-11,4910.0,4920.0,4840.0,4840.0,4007.8076171875,170461300,BBRI.JK,0.8280594250387396
2024-07-12,4970.0,4980.0,4880.0,4900.0,4057.491455078125,301125400,BBRI.JK,0.8280594806281888
2024-07-15,4920.0,4930.0,4810.0,4820.0,3991.24658203125,188713000,BBRI.JK,0.8280594568529565
2024-07-16,4820.0,4840.0,4730.0,4730.0,3916.720947265625,189271400,BBRI.JK,0.8280593968849101
2024-07-17,4750.0,4810.0,4720.0,4760.0,3941.56298828125,263325400,BBRI.JK,0.8280594513195904
2024-07-18,4760.0,4890.0,4750.0,4890.0,4049.211181640625,296614900,BBRI.JK,0.8280595463477761
2024-07-19,4870.0,4910.0,4850.0,4900.0,4057.491455078125,135104800,BBRI.JK,0.8280594806281888
2024-07-22,4920.0,4940.0,4880.0,4910.0,4065.772216796875,140128300,BBRI.JK,0.8280595146225814
2024-07-23,4900.0,4910.0,4780.0,4790.0,3966.40478515625,170919500,BBRI.JK,0.8280594541036013
2024-07-24,4770.0,4800.0,4760.0,4780.0,3958.1240234375,116037600,BBRI.JK,0.8280594191291841
2024-07-25,4760.0,4760.0,4660.0,4700.0,3891.87939453125,274397700,BBRI.JK,0.8280594456449468
2024-07-26,4760.0,4810.0,4740.0,4760.0,3941.56298828125,192267300,BBRI.JK,0.8280594513195904
2024-07-29,4800.0,4800.0,4760.0,4780.0,3958.1240234375,126109900,BBRI.JK,0.8280594191291841
2024-07-30,4720.0,4740.0,4670.0,4670.0,3867.037109375,201835700,BBRI.JK,0.8280593381959315
2024-07-31,4650.0,4710.0,4650.0,4670.0,3867.037109375,168490300,BBRI.JK,0.8280593381959315
2024-08-01,4710.0,4750.0,4690.0,4750.0,3933.2822265625,169636700,BBRI.JK,0.828059416118421
2024-08-02,4730.0,4750.0,4690.0,4710.0,3900.16015625,113328400,BBRI.JK,0.8280594811571125
2024-08-05,4660.0,4670.0,4510.0,4530.0,3751.109375,329430900,BBRI.JK,0.8280594646799116
2024-08-06,4550.0,4650.0,4520.0,4600.0,3809.0732421875,238051800,BBRI.JK,0.8280594004755435
2024-08-07,4640.0,4640.0,4590.0,4620.0,3825.634765625,125937500,BBRI.JK,0.8280594730790043
2024-08-08,4600.0,4690.0,4590.0,4660.0,3858.757080078125,131343400,BBRI.JK,0.8280594592442329
2024-08-09,4700.0,4730.0,4670.0,4670.0,3867.037109375,98730900,BBRI.JK,0.8280593381959315
2024-08-12,4720.0,4720.0,4650.0,4680.0,3875.31787109375,83552800,BBRI.JK,0.8280593741653312
2024-08-13,4700.0,4750.0,4690.0,4720.0,3908.440185546875,109533400,BBRI.JK,0.828059361344677
2024-08-14,4770.0,4840.0,4760.0,4820.0,3991.24658203125,262716500,BBRI.JK,0.8280594568529565
2024-08-15,4850.0,4870.0,4790.0,4830.0,3999.52734375,214394900,BBRI.JK,0.8280594914596273
2024-08-16,4850.0,4870.0,4830.0,4830.0,3999.52734375,149701700,BBRI.JK,0.8280594914596273
2024-08-19,4820.0,4820.0,4750.0,4820.0,3991.24658203125,196203200,BBRI.JK,0.8280594568529565
2024-08-20,4860.0,4950.0,4840.0,4950.0,4098.89453125,310085500,BBRI.JK,0.8280595012626263
2024-08-21,4990.0,5100.0,4980.0,5100.0,4223.10302734375,390307000,BBRI.JK,0.8280594171262254
2024-08-22,5125.0,5150.0,5025.0,5050.0,4181.7001953125,474043100,BBRI.JK,0.8280594446163366
2024-08-23,5150.0,5200.0,5125.0,5150.0,4264.505859375,217759300,BBRI.JK,0.8280593901699029
2024-08-26,5200.0,5325.0,5200.0,5300.0,4388.71484375,361169800,BBRI.JK,0.828059404481132
2024-08-27,5250.0,5275.0,5100.0,5175.0,4285.20703125,271088700,BBRI.JK,0.828059329710145
2024-08-28,5100.0,5175.0,5025.0,5150.0,4264.505859375,277561700,BBRI.JK,0.8280593901699029
2024-08-29,5125.0,5175.0,5100.0,5125.0,4243.8046875,160041900,BBRI.JK,0.8280594512195122
2024-08-30,5175.0,5175.0,5125.0,5150.0,4264.505859375,275298000,BBRI.JK,0.8280593901699029
2024-09-02,5150.0,5225.0,5150.0,5175.0,4285.20703125,136717200,BBRI.JK,0.828059329710145
2024-09-03,5225.0,5250.0,5150.0,5175.0,4285.20703125,166033900,BBRI.JK,0.828059329710145
2024-09-04,5100.0,5175.0,5100.0,5100.0,4223.10302734375,141890400,BBRI.JK,0.8280594171262254
2024-09-05,5125.0,5150.0,5075.0,5150.0,4264.505859375,166436800,BBRI.JK,0.8280593901699029
2024-09-06,5200.0,5250.0,5150.0,5225.0,4326.6103515625,170520700,BBRI.JK,0.8280593974282296
2024-09-09,5275.0,5300.0,5150.0,5175.0,4285.20703125,201448700,BBRI.JK,0.828059329710145
2024-09-10,5200.0,5250.0,5125.0,5250.0,4347.31201171875,202326400,BBRI.JK,0.8280594308035715
2024-09-11,5225.0,5250.0,5125.0,5175.0,4285.20703125,165284900,BBRI.JK,0.828059329710145
2024-09-12,5175.0,5225.0,5150.0,5175.0,4285.20703125,138542100,BBRI.JK,0.828059329710145
2024-09-13,5200.0,5300.0,5175.0,5300.0,4388.71484375,259722600,BBRI.JK,0.828059404481132
2024-09-17,5350.0,5350.0,5250.0,5300.0,4388.71484375,201331600,BBRI.JK,0.828059404481132
2024-09-18,5350.0,5375.0,5325.0,5350.0,4430.1181640625,186877300,BBRI.JK,0.8280594699182243
2024-09-19,5425.0,5500.0,5400.0,5400.0,4471.52099609375,332941100,BBRI.JK,0.8280594437210648
2024-09-20,5400.0,5450.0,5375.0,5375.0,4450.8193359375,260437400,BBRI.JK,0.8280594113372093
2024-09-23,5350.0,5500.0,5350.0,5500.0,4554.32666015625,245292000,BBRI.JK,0.8280593927556819
2024-09-24,5550.0,5575.0,5525.0,5525.0,4575.0283203125,195415700,BBRI.JK,0.8280594244909503
2024-09-25,5400.0,5425.0,5200.0,5325.0,4409.41650390625,607065900,BBRI.JK,0.8280594373532864
2024-09-26,5150.0,5200.0,5025.0,5050.0,4181.7001953125,855266800,BBRI.JK,0.8280594446163366
2024-09-27,5050.0,5150.0,5000.0,5100.0,4223.10302734375,304694300,BBRI.JK,0.8280594171262254
2024-09-30,5050.0,5050.0,4950.0,4950.0,4098.89453125,539169900,BBRI.JK,0.8280595012626263
2024-10-01,4970.0,5075.0,4970.0,5075.0,4202.4013671875,197069300,BBRI.JK,0.8280593826970444
2024-10-02,5000.0,5075.0,4900.0,4940.0,4090.613525390625,307487600,BBRI.JK,0.8280594180952682
2024-10-03,4900.0,4960.0,4860.0,4920.0,4074.05224609375,354814800,BBRI.JK,0.8280593996125508
2024-10-04,4870.0,4920.0,4850.0,4860.0,4024.368896484375,289960700,BBRI.JK,0.8280594437210648
2024-10-07,4860.0,4930.0,4810.0,4820.0,3991.24658203125,308452200,BBRI.JK,0.8280594568529565
2024-10-08,4800.0,5050.0,4760.0,5000.0,4140.296875,527474400,BBRI.JK,0.828059375
2024-10-09,5000.0,5075.0,4930.0,4930.0,4082.3330078125,309336600,BBRI.JK,0.8280594336333671
2024-10-10,4920.0,4970.0,4860.0,4860.0,4024.368896484375,226564700,BBRI.JK,0.8280594437210648
2024-10-11,4910.0,4940.0,4890.0,4900.0,4057.491455078125,104875300,BBRI.JK,0.8280594806281888
2024-10-14,4900.0,4930.0,4870.0,4900.0,4057.491455078125,125414400,BBRI.JK,0.8280594806281888
2024-10-15,4930.0,4990.0,4920.0,4920.0,4074.05224609375,142372200,BBRI.JK,0.8280593996125508
2024-10-16,4950.0,4970.0,4920.0,4950.0,4098.89453125,118014300,BBRI.JK,0.8280595012626263
2024-10-17,4960.0,5050.0,4940.0,4980.0,4123.73583984375,188127700,BBRI.JK,0.8280594055911145
2024-10-18,5025.0,5050.0,4960.0,4970.0,4115.455078125,157113000,BBRI.JK,0.8280593718561369
2024-10-21,4980.0,5025.0,4970.0,4990.0,4132.0166015625,110708200,BBRI.JK,0.8280594391908818
2024-10-22,4960.0,4970.0,4900.0,4900.0,4057.491455078125,199707500,BBRI.JK,0.8280594806281888
2024-10-23,4830.0,4890.0,4810.0,4860.0,4024.368896484375,222147300,BBRI.JK,0.8280594437210648
2024-10-24,4820.0,4900.0,4810.0,4820.0,3991.24658203125,218162100,BBRI.JK,0.8280594568529565
2024-10-25,4820.0,4860.0,4770.0,4770.0,3949.84375,195647800,BBRI.JK,0.8280594863731656
2024-10-28,4770.0,4800.0,4710.0,4760.0,3941.56298828125,191211000,BBRI.JK,0.8280594513195904
2024-10-29,4730.0,4780.0,4700.0,4700.0,3891.87939453125,203658600,BBRI.JK,0.8280594456449468
2024-10-30,4630.0,4750.0,4630.0,4710.0,3900.16015625,296314500,BBRI.JK,0.8280594811571125
2024-10-31,4710.0,4870.0,4710.0,4800.0,3974.685302734375,307110400,BBRI.JK,0.8280594380696614
2024-11-01,4770.0,4820.0,4700.0,4700.0,3891.87939453125,235656400,BBRI.JK,0.8280594456449468
2024-11-04,4710.0,4770.0,4650.0,4720.0,3908.440185546875,209831500,BBRI.JK,0.828059361344677
2024-11-05,4690.0,4740.0,4680.0,4710.0,3900.16015625,199499300,BBRI.JK,0.8280594811571125
2024-11-06,4710.0,4730.0,4600.0,4600.0,3809.0732421875,249059500,BBRI.JK,0.8280594004755435
2024-11-07,4610.0,4640.0,4550.0,4550.0,3767.67041015625,296218600,BBRI.JK,0.8280594308035715
2024-11-08,4600.0,4640.0,4520.0,4520.0,3742.82861328125,198589900,BBRI.JK,0.8280594277170907
2024-11-11,4470.0,4540.0,4370.0,4460.0,3693.145263671875,507192300,BBRI.JK,0.8280594761596133
2024-11-12,4430.0,4520.0,4430.0,4500.0,3726.267333984375,252380100,BBRI.JK,0.8280594075520833
2024-11-13,4470.0,4610.0,4460.0,4580.0,3792.512451171875,209627200,BBRI.JK,0.8280594871554312
2024-11-14,4570.0,4590.0,4500.0,4500.0,3726.267333984375,159871800,BBRI.JK,0.8280594075520833
2024-11-15,4450.0,4510.0,4450.0,4470.0,3701.42578125,106365600,BBRI.JK,0.8280594588926175
2024-11-18,4440.0,4460.0,4350.0,4350.0,3602.05859375,253272300,BBRI.JK,0.8280594468390805
2024-11-19,4350.0,4410.0,4350.0,4360.0,3610.3388671875,294838700,BBRI.JK,0.8280593732081422
2024-11-20,4400.0,4440.0,4330.0,4330.0,3585.49755859375,298734600,BBRI.JK,0.8280594823542148
2024-11-21,4280.0,4320.0,4250.0,4250.0,3519.25244140625,376788400,BBRI.JK,0.8280593979779411
2024-11-22,4250.0,4420.0,4250.0,4400.0,3643.461669921875,280188100,BBRI.JK,0.8280594704367897
2024-11-25,4420.0,4530.0,4420.0,4470.0,3701.42578125,401446400,BBRI.JK,0.8280594588926175
2024-11-26,4450.0,4470.0,4380.0,4400.0,3643.461669921875,266677500,BBRI.JK,0.8280594704367897
2024-11-28,4350.0,4390.0,4330.0,4330.0,3585.49755859375,277081800,BBRI.JK,0.8280594823542148
2024-11-29,4280.0,4300.0,4250.0,4250.0,3519.25244140625,412519800,BBRI.JK,0.8280593979779411
2024-12-02,4270.0,4280.0,4160.0,4170.0,3453.008056640625,337188900,BBRI.JK,0.828059486004946
2024-12-03,4240.0,4250.0,4210.0,4240.0,3510.971923828125,384146700,BBRI.JK,0.8280594159971993
2024-12-04,4240.0,4370.0,4220.0,4350.0,3602.05859375,345762200,BBRI.JK,0.8280594468390805
2024-12-05,4310.0,4340.0,4250.0,4260.0,3527.533203125,183249300,BBRI.JK,0.8280594373532864
2024-12-06,4250.0,4310.0,4220.0,4310.0,3568.93603515625,151433000,BBRI.JK,0.8280594049086427
2024-12-09,4310.0,4390.0,4300.0,4390.0,3635.180908203125,158897200,BBRI.JK,0.8280594323925113
2024-12-10,4360.0,4380.0,4290.0,4360.0,3610.3388671875,196160900,BBRI.JK,0.8280593732081422
2024-12-11,4340.0,4430.0,4340.0,4380.0,3626.900146484375,203980300,BBRI.JK,0.8280593941745148
2024-12-12,4340.0,4360.0,4260.0,4260.0,3527.533203125,226698900,BBRI.JK,0.8280594373532864
2024-12-13,4230.0,4280.0,4170.0,4170.0,3453.008056640625,287838100,BBRI.JK,0.828059486004946
2024-12-16,4150.0,4280.0,4150.0,4250.0,3519.25244140625,325441900,BBRI.JK,0.8280593979779411
2024-12-17,4250.0,4290.0,4150.0,4150.0,3436.44677734375,327919000,BBRI.JK,0.8280594644201807
2024-12-18,4170.0,4210.0,4130.0,4150.0,3436.44677734375,205055500,BBRI.JK,0.8280594644201807
2024-12-19,4090.0,4110.0,4050.0,4090.0,3386.76318359375,381986300,BBRI.JK,0.8280594580913814
2024-12-20,4070.0,4120.0,4050.0,4060.0,3361.92138671875,252689600,BBRI.JK,0.828059454856835
2024-12-23,4130.0,4210.0,4110.0,4210.0,3486.13037109375,167689800,BBRI.JK,0.8280594705685868
2024-12-24,4220.0,4250.0,4170.0,4200.0,3477.849609375,199536100,BBRI.JK,0.8280594308035715
2024-12-27,4100.0,4120.0,4080.0,4100.0,3507.794189453125,143104400,BBRI.JK,0.8555595584032012
2024-12-30,4080.0,4120.0,4070.0,4080.0,3490.68310546875,153934700,BBRI.JK,0.8555595846737132
2025-01-02,4100.0,4220.0,4090.0,4210.0,3601.906005859375,181361700,BBRI.JK,0.8555596213442695
2025-01-03,4220.0,4240.0,4150.0,4150.0,3550.572265625,134632300,BBRI.JK,0.8555595820783133
2025-01-06,4180.0,4180.0,4100.0,4100.0,3507.794189453125,153048700,BBRI.JK,0.8555595584032012
2025-01-07,4080.0,4090.0,4030.0,4030.0,3447.9052734375,171997400,BBRI.JK,0.8555596212003722
2025-01-08,4030.0,4100.0,4030.0,4080.0,3490.68310546875,133655700,BBRI.JK,0.8555595846737132
2025-01-09,4070.0,4100.0,4030.0,4030.0,3447.9052734375,99300400,BBRI.JK,0.8555596212003722
2025-01-10,4030.0,4060.0,4010.0,4010.0,3430.793701171875,132774300,BBRI.JK,0.8555595264767768
2025-01-13,3990.0,3990.0,3850.0,3850.0,3293.904296875,413408100,BBRI.JK,0.8555595576298701
2025-01-14,3820.0,3920.0,3800.0,3800.0,3251.12646484375,293621700,BBRI.JK,0.8555595960115132
2025-01-15,3840.0,4090.0,3840.0,4090.0,3499.23876953125,407813500,BBRI.JK,0.8555596013523838
2025-01-16,4210.0,4240.0,4130.0,4160.0,3559.127685546875,349387500,BBRI.JK,0.8555595397949218
2025-01-17,4150.0,4190.0,4080.0,4090.0,3499.23876953125,268758600,BBRI.JK,0.8555596013523838
2025-01-20,4130.0,4220.0,4130.0,4220.0,3610.46142578125,167348600,BBRI.JK,0.8555595795690166
2025-01-21,4270.0,4380.0,4250.0,4260.0,3644.683837890625,345223800,BBRI.JK,0.8555595863593016
2025-01-22,4310.0,4320.0,4230.0,4260.0,3644.683837890625,193218900,BBRI.JK,0.8555595863593016
2025-01-23,4260.0,4340.0,4260.0,4300.0,3678.90625,216018100,BBRI.JK,0.8555595930232558
2025-01-24,4350.0,4350.0,4190.0,4190.0,3584.794677734375,276421900,BBRI.JK,0.8555595889580847
2025-01-30,4130.0,4170.0,4090.0,4120.0,3524.905517578125,220222400,BBRI.JK,0.8555595916451759
2025-01-31,4170.0,4280.0,4150.0,4220.0,3610.46142578125,192622700,BBRI.JK,0.8555595795690166
2025-02-03,4200.0,4270.0,4150.0,4250.0,3636.128173828125,220285800,BBRI.JK,0.8555595703125
2025-02-04,4260.0,4300.0,4200.0,4260.0,3644.683837890625,231917500,BBRI.JK,0.8555595863593016
2025-02-05,4250.0,4250.0,4140.0,4140.0,3542.0166015625,209834400,BBRI.JK,0.8555595655948067
2025-02-06,4120.0,4160.0,3940.0,3970.0,3396.571533203125,378545500,BBRI.JK,0.8555595801519207
2025-02-07,3970.0,4030.0,3940.0,4030.0,3447.9052734375,259636200,BBRI.JK,0.8555596212003722
2025-02-10,4000.0,4050.0,3950.0,3970.0,3396.571533203125,201999400,BBRI.JK,0.8555595801519207
2025-02-11,3970.0,4040.0,3900.0,4010.0,3430.793701171875,276382800,BBRI.JK,0.8555595264767768
2025-02-12,3960.0,4060.0,3950.0,4030.0,3447.9052734375,362571900,BBRI.JK,0.8555596212003722
2025-02-13,4000.0,4030.0,3960.0,3990.0,3413.6826171875,341640600,BBRI.JK,0.8555595531798246
2025-02-14,4000.0,4010.0,3850.0,3860.0,3302.459716796875,524909600,BBRI.JK,0.8555595121235428
2025-02-17,3870.0,4030.0,3870.0,4030.0,3447.9052734375,265737100,BBRI.JK,0.8555596212003722
2025-02-18,4030.0,4180.0,4030.0,4150.0,3550.572265625,374350700,BBRI.JK,0.8555595820783133
2025-02-19,4160.0,4180.0,4010.0,4020.0,3439.349609375,348358600,BBRI.JK,0.8555596043221393
2025-02-20,3970.0,4020.0,3910.0,3910.0,3345.238037109375,312753300,BBRI.JK,0.8555596002837276
2025-02-21,3910.0,3930.0,3870.0,3890.0,3328.126708984375,205268800,BBRI.JK,0.8555595652916131
2025-02-24,3900.0,3940.0,3870.0,3920.0,3353.79345703125,138610800,BBRI.JK,0.8555595553651147
2025-02-25,3880.0,3920.0,3800.0,3800.0,3251.12646484375,404555100,BBRI.JK,0.8555595960115132
2025-02-26,3800.0,3860.0,3760.0,3820.0,3268.23779296875,242834100,BBRI.JK,0.855559631667212
2025-02-27,3790.0,3800.0,3610.0,3630.0,3105.68115234375,410928000,BBRI.JK,0.8555595461002066
2025-02-28,3500.0,3540.0,3360.0,3360.0,2874.68017578125,1000597600,BBRI.JK,0.855559576125372
2025-03-03,3520.0,3740.0,3470.0,3670.0,3139.90380859375,744626800,BBRI.JK,0.8555596208702316
2025-03-04,3680.0,3720.0,3600.0,3670.0,3139.90380859375,338434700,BBRI.JK,0.8555596208702316
2025-03-05,3710.0,3900.0,3710.0,3840.0,3285.348876953125,441151000,BBRI.JK,0.8555596033732097
2025-03-06,3870.0,3990.0,3870.0,3950.0,3379.46044921875,434485100,BBRI.JK,0.8555596073971519
2025-03-07,3930.0,3930.0,3810.0,3810.0,3259.68212890625,243793600,BBRI.JK,0.8555596138861549
2025-03-10,3790.0,3810.0,3730.0,3760.0,3216.904052734375,232192200,BBRI.JK,0.8555595884931848
2025-03-11,3700.0,3790.0,3660.0,3790.0,3242.57080078125,273961800,BBRI.JK,0.8555595780425461
2025-03-12,3810.0,3920.0,3810.0,3890.0,3328.126708984375,271631200,BBRI.JK,0.8555595652916131
2025-03-13,3960.0,3970.0,3800.0,3800.0,3251.12646484375,209225700,BBRI.JK,0.8555595960115132
2025-03-14,3750.0,3840.0,3750.0,3750.0,3208.348388671875,156131900,BBRI.JK,0.8555595703125
2025-03-17,3780.0,3840.0,3730.0,3830.0,3276.793212890625,162467700,BBRI.JK,0.8555595856111292
2025-03-18,3840.0,3860.0,3500.0,3680.0,3148.459228515625,416894600,BBRI.JK,0.8555595729662024
2025-03-19,3710.0,3780.0,3680.0,3710.0,3174.1259765625,352217700,BBRI.JK,0.8555595624157682
2025-03-20,3730.0,3760.0,3640.0,3660.0,3131.34814453125,313033000,BBRI.JK,0.8555596023309426
2025-03-21,3600.0,3700.0,3550.0,3700.0,3165.570556640625,627645600,BBRI.JK,0.8555596099028716
2025-03-24,3650.0,3740.0,3520.0,3610.0,3088.570068359375,342883200,BBRI.JK,0.8555595757228186
2025-03-25,3660.0,3840.0,3660.0,3800.0,3251.12646484375,331285900,BBRI.JK,0.8555595960115132
2025-03-26,3870.0,4020.0,3860.0,4000.0,3422.23828125,540888800,BBRI.JK,0.8555595703125
2025-03-27,4000.0,4050.0,3930.0,4050.0,3465.016357421875,322553200,BBRI.JK,0.8555595944251543
2025-04-08,3460.0,3750.0,3450.0,3640.0,3114.23681640625,734807100,BBRI.JK,0.855559564946772
2025-04-09,3610.0,3710.0,3600.0,3630.0,3105.68115234375,366649900,BBRI.JK,0.8555595461002066
2025-04-10,3920.0,3930.0,3770.0,3800.0,3251.12646484375,417562900,BBRI.JK,0.8555595960115132
2025-04-11,3600.0,3650.0,3590.0,3630.0,3285.88623046875,301200600,BBRI.JK,0.9052028183109504
2025-04-14,3630.0,3690.0,3620.0,3690.0,3340.1982421875,169458300,BBRI.JK,0.9052027756605691
2025-04-15,3730.0,3780.0,3680.0,3690.0,3340.1982421875,254224400,BBRI.JK,0.9052027756605691
2025-04-16,3690.0,3700.0,3600.0,3650.0,3303.990478515625,233772400,BBRI.JK,0.9052028708261987
2025-04-17,3670.0,3670.0,3610.0,3640.0,3294.938232421875,121059300,BBRI.JK,0.9052028111049107
2025-04-21,3620.0,3660.0,3570.0,3620.0,3276.834228515625,107470200,BBRI.JK,0.9052028255568025
2025-04-22,3600.0,3650.0,3600.0,3630.0,3285.88623046875,147116900,BBRI.JK,0.9052028183109504
2025-04-23,3660.0,3790.0,3640.0,3760.0,3403.562744140625,432999900,BBRI.JK,0.9052028574842088
2025-04-24,3790.0,3840.0,3720.0,3730.0,3376.406494140625,272537300,BBRI.JK,0.9052028134425268
2025-04-25,3770.0,3790.0,3730.0,3740.0,3385.458740234375,136517100,BBRI.JK,0.9052028717204211
2025-04-28,3790.0,3850.0,3780.0,3840.0,3475.978759765625,212945800,BBRI.JK,0.9052028020222982
2025-04-29,3860.0,3870.0,3820.0,3850.0,3485.031005859375,160631400,BBRI.JK,0.9052028586647727
2025-04-30,3810.0,3850.0,3770.0,3850.0,3485.031005859375,226832200,BBRI.JK,0.9052028586647727
2025-05-02,3920.0,3920.0,3850.0,3880.0,3512.18701171875,205628100,BBRI.JK,0.9052028380718428
2025-05-05,3900.0,3920.0,3860.0,3860.0,3494.0830078125,196917100,BBRI.JK,0.9052028517648963
2025-05-06,3840.0,3900.0,3840.0,3880.0,3512.18701171875,111333800,BBRI.JK,0.9052028380718428
2025-05-07,3900.0,3910.0,3870.0,3910.0,3539.343017578125,119763100,BBRI.JK,0.9052028177949168
2025-05-08,3910.0,3960.0,3780.0,3790.0,3430.71875,224121900,BBRI.JK,0.9052028364116095
2025-05-09,3810.0,3840.0,3760.0,3840.0,3475.978759765625,147638100,BBRI.JK,0.9052028020222982
2025-05-14,4000.0,4090.0,3960.0,4090.0,3702.279541015625,461642400,BBRI.JK,0.9052028217642115
2025-05-15,4140.0,4310.0,4130.0,4270.0,3865.216064453125,537151700,BBRI.JK,0.9052028253988583
2025-05-16,4310.0,4330.0,4160.0,4250.0,3847.112060546875,289337600,BBRI.JK,0.9052028377757353
2025-05-19,4230.0,4260.0,4200.0,4230.0,3829.0078125,145935500,BBRI.JK,0.9052027925531915
2025-05-20,4230.0,4280.0,4170.0,4210.0,3810.90380859375,209576900,BBRI.JK,0.9052028048916271
2025-05-21,4210.0,4310.0,4210.0,4260.0,3856.1640625,256020200,BBRI.JK,0.9052028315727699
2025-05-22,4280.0,4310.0,4240.0,4300.0,3892.3720703125,208291800,BBRI.JK,0.9052028070494186
2025-05-23,4350.0,4370.0,4330.0,4350.0,3937.63232421875,108182800,BBRI.JK,0.9052028331537356
2025-05-26,4350.0,4350.0,4260.0,4320.0,3910.47607421875,149418600,BBRI.JK,0.905202794958044
2025-05-27,4320.0,4370.0,4280.0,4370.0,3955.736328125,180028000,BBRI.JK,0.9052028210812357
2025-05-28,4360.0,4450.0,4320.0,4450.0,4028.152587890625,466133500,BBRI.JK,0.9052028287394663
2025-06-02,4360.0,4390.0,4200.0,4200.0,3801.851806640625,389541100,BBRI.JK,0.9052028111049107
2025-06-03,4210.0,4230.0,4120.0,4200.0,3801.851806640625,277902300,BBRI.JK,0.9052028111049107
2025-06-04,4230.0,4230.0,4080.0,4080.0,3693.2275390625,279755300,BBRI.JK,0.9052028282015931
2025-06-05,4110.0,4140.0,4050.0,4100.0,3711.331787109375,230129500,BBRI.JK,0.9052028749047256
2025-06-10,4100.0,4160.0,4100.0,4150.0,3756.591796875,179827500,BBRI.JK,0.9052028426204819
2025-06-11,4130.0,4140.0,4060.0,4070.0,3684.175537109375,196558700,BBRI.JK,0.9052028346706081
2025-06-12,4070.0,4100.0,4060.0,4070.0,3684.175537109375,113850500,BBRI.JK,0.9052028346706081
2025-06-13,4020.0,4050.0,3980.0,4000.0,3620.811279296875,283826000,BBRI.JK,0.9052028198242188
2025-06-16,3980.0,4010.0,3960.0,3990.0,3611.75927734375,155450700,BBRI.JK,0.9052028264019424
2025-06-17,4010.0,4030.0,3960.0,3960.0,3584.60302734375,125769400,BBRI.JK,0.9052027846827652
2025-06-18,3950.0,3960.0,3900.0,3940.0,3566.4990234375,140882100,BBRI.JK,0.9052027978267766
2025-06-19,3900.0,3920.0,3800.0,3800.0,3439.770751953125,355413000,BBRI.JK,0.9052028294613487
2025-06-20,3740.0,3840.0,3740.0,3790.0,3430.71875,516177900,BBRI.JK,0.9052028364116095
2025-06-23,3730.0,3750.0,3660.0,3720.0,3367.3544921875,222067700,BBRI.JK,0.9052028204805107
2025-06-24,3820.0,3900.0,3770.0,3780.0,3421.66650390625,281594300,BBRI.JK,0.9052027788111773
2025-06-25,3830.0,3830.0,3730.0,3760.0,3403.562744140625,164257700,BBRI.JK,0.9052028574842088
2025-06-26,3780.0,3830.0,3750.0,3830.0,3466.927001953125,171427000,BBRI.JK,0.9052028725726174
2025-06-30,3840.0,3840.0,3730.0,3740.0,3385.458740234375,271933200,BBRI.JK,0.9052028717204211
2025-07-01,3780.0,3790.0,3670.0,3700.0,3349.25048828125,212288800,BBRI.JK,0.9052028346706081
2025-07-02,3650.0,3700.0,3640.0,3680.0,3331.146484375,220273500,BBRI.JK,0.9052028490149456
2025-07-03,3710.0,3730.0,3680.0,3680.0,3331.146484375,119674300,BBRI.JK,0.9052028490149456
2025-07-04,3680.0,3710.0,3650.0,3670.0,3322.094482421875,91141200,BBRI.JK,0.9052028562457425
2025-07-07,3670.0,3700.0,3650.0,3700.0,3349.25048828125,78783800,BBRI.JK,0.9052028346706081
2025-07-08,3690.0,3700.0,3650.0,3670.0,3322.094482421875,115551200,BBRI.JK,0.9052028562457425
2025-07-09,3650.0,3700.0,3650.0,3680.0,3331.146484375,92437900,BBRI.JK,0.9052028490149456
2025-07-10,3690.0,3880.0,3680.0,3870.0,3503.134765625,290117200,BBRI.JK,0.9052027818152455
2025-07-11,3920.0,3920.0,3870.0,3880.0,3512.18701171875,255634700,BBRI.JK,0.9052028380718428
2025-07-14,3880.0,3890.0,3750.0,3780.0,3421.66650390625,167151400,BBRI.JK,0.9052027788111773
2025-07-15,3800.0,3880.0,3780.0,3880.0,3512.18701171875,183209300,BBRI.JK,0.9052028380718428
2025-07-16,3950.0,3960.0,3880.0,3880.0,3512.18701171875,241966800,BBRI.JK,0.9052028380718428
2025-07-17,3930.0,3930.0,3880.0,3890.0,3521.239013671875,111359500,BBRI.JK,0.905202831278117
2025-07-18,3910.0,3940.0,3860.0,3860.0,3494.0830078125,111030000,BBRI.JK,0.9052028517648963
2025-07-21,3890.0,3900.0,3830.0,3830.0,3466.927001953125,89765800,BBRI.JK,0.9052028725726174
2025-07-22,3860.0,3880.0,3830.0,3840.0,3475.978759765625,84902800,BBRI.JK,0.9052028020222982
2025-07-23,3840.0,3860.0,3790.0,3800.0,3439.770751953125,132305000,BBRI.JK,0.9052028294613487
2025-07-24,3830.0,3950.0,3820.0,3950.0,3575.55126953125,206654200,BBRI.JK,0.9052028530458861
2025-07-25,3950.0,3950.0,3870.0,3880.0,3512.18701171875,86263700,BBRI.JK,0.9052028380718428
2025-07-28,3940.0,3950.0,3920.0,3940.0,3566.4990234375,94898300,BBRI.JK,0.9052027978267766
2025-07-29,3930.0,3930.0,3900.0,3920.0,3548.395263671875,98887100,BBRI.JK,0.9052028733856824
2025-07-30,3910.0,3910.0,3770.0,3780.0,3421.66650390625,206358500,BBRI.JK,0.9052027788111773
2025-07-31,3780.0,3790.0,3700.0,3710.0,3358.302490234375,163371700,BBRI.JK,0.9052028275564353
2025-08-01,3800.0,3800.0,3740.0,3740.0,3385.458740234375,134100500,BBRI.JK,0.9052028717204211
2025-08-04,3720.0,3740.0,3690.0,3710.0,3358.302490234375,104446300,BBRI.JK,0.9052028275564353
2025-08-05,3700.0,3790.0,3700.0,3740.0,3385.458740234375,184822600,BBRI.JK,0.9052028717204211
2025-08-06,3770.0,3780.0,3710.0,3710.0,3358.302490234375,100168200,BBRI.JK,0.9052028275564353
2025-08-07,3730.0,3750.0,3700.0,3710.0,3358.302490234375,92746000,BBRI.JK,0.9052028275564353
2025-08-08,3710.0,3730.0,3700.0,3700.0,3349.25048828125,133180100,BBRI.JK,0.9052028346706081
2025-08-11,3720.0,3810.0,3720.0,3810.0,3448.82275390625,143167900,BBRI.JK,0.9052028225475722
2025-08-12,3860.0,4050.0,3830.0,4050.0,3666.0712890625,404797800,BBRI.JK,0.9052027874228395
2025-08-13,4060.0,4100.0,3990.0,4080.0,3693.2275390625,292104000,BBRI.JK,0.9052028282015931
2025-08-14,4080.0,4100.0,4040.0,4060.0,3675.12353515625,164408100,BBRI.JK,0.9052028411714902
2025-08-15,4100.0,4150.0,4070.0,4120.0,3729.435546875,269255400,BBRI.JK,0.9052028026395631
2025-08-19,4090.0,4100.0,4010.0,4040.0,3657.01953125,208409700,BBRI.JK,0.905202854269802
2025-08-20,4050.0,4150.0,4050.0,4150.0,3756.591796875,173260400,BBRI.JK,0.9052028426204819
2025-08-21,4160.0,4170.0,4090.0,4150.0,3756.591796875,112477700,BBRI.JK,0.9052028426204819
2025-08-22,4170.0,4170.0,4100.0,4100.0,3711.331787109375,71971500,BBRI.JK,0.9052028749047256
2025-08-25,4180.0,4270.0,4170.0,4210.0,3810.90380859375,195322200,BBRI.JK,0.9052028048916271
2025-08-26,4220.0,4220.0,4170.0,4170.0,3774.69580078125,267465600,BBRI.JK,0.9052028299235612
2025-08-27,4130.0,4150.0,4070.0,4130.0,3738.48779296875,123874000,BBRI.JK,0.9052028554403753
2025-08-28,4130.0,4150.0,4110.0,4140.0,3747.53955078125,60838200,BBRI.JK,0.9052027900437802
2025-08-29,4100.0,4120.0,4020.0,4050.0,3666.0712890625,217276600,BBRI.JK,0.9052027874228395
2025-09-01,3930.0,4010.0,3860.0,3980.0,3602.707275390625,234206100,BBRI.JK,0.9052028330127199
2025-09-02,3980.0,4050.0,3960.0,3960.0,3584.60302734375,111856000,BBRI.JK,0.9052027846827652
2025-09-03,4020.0,4030.0,3950.0,4030.0,3647.96728515625,112507500,BBRI.JK,0.9052028002869107
2025-09-04,3980.0,4010.0,3960.0,4000.0,3620.811279296875,87402700,BBRI.JK,0.9052028198242188
2025-09-08,4070.0,4070.0,3890.0,3900.0,3530.291015625,143993900,BBRI.JK,0.9052028245192307
2025-09-09,3870.0,3890.0,3750.0,3790.0,3430.71875,327167200,BBRI.JK,0.9052028364116095
2025-09-10,3820.0,3890.0,3820.0,3880.0,3512.18701171875,117680500,BBRI.JK,0.9052028380718428
2025-09-11,4000.0,4120.0,3980.0,4080.0,3693.2275390625,281910400,BBRI.JK,0.9052028282015931
2025-09-12,4180.0,4190.0,4110.0,4180.0,3783.747802734375,235383800,BBRI.JK,0.9052028236206638
2025-09-15,4200.0,4220.0,4120.0,4140.0,3747.53955078125,157482000,BBRI.JK,0.9052027900437802
2025-09-16,4160.0,4170.0,4080.0,4130.0,3738.48779296875,167511900,BBRI.JK,0.9052028554403753
2025-09-17,4160.0,4220.0,4120.0,4220.0,3819.9560546875,245154800,BBRI.JK,0.905202856561019
2025-09-18,4270.0,4270.0,4210.0,4250.0,3847.112060546875,332670300,BBRI.JK,0.9052028377757353
2025-09-19,4230.0,4250.0,4180.0,4250.0,3847.112060546875,211373200,BBRI.JK,0.9052028377757353
2025-09-22,4250.0,4250.0,4110.0,4160.0,3765.643798828125,157592800,BBRI.JK,0.9052028362567608
2025-09-23,4120.0,4170.0,4110.0,4140.0,3747.53955078125,110771700,BBRI.JK,0.9052027900437802
2025-09-24,4140.0,4170.0,4100.0,4170.0,3774.69580078125,124591600,BBRI.JK,0.9052028299235612
2025-09-25,4170.0,4170.0,4050.0,4070.0,3684.175537109375,129656800,BBRI.JK,0.9052028346706081
2025-09-26,4050.0,4080.0,4000.0,4040.0,3657.01953125,146229200,BBRI.JK,0.905202854269802
2025-09-29,4040.0,4040.0,3960.0,3980.0,3602.707275390625,126611800,BBRI.JK,0.9052028330127199
2025-09-30,3980.0,3980.0,3900.0,3900.0,3530.291015625,217357100,BBRI.JK,0.9052028245192307
2025-10-01,3860.0,3940.0,3800.0,3810.0,3448.82275390625,223133600,BBRI.JK,0.9052028225475722
2025-10-02,3760.0,3790.0,3710.0,3710.0,3358.302490234375,379620000,BBRI.JK,0.9052028275564353
2025-10-03,3710.0,3750.0,3680.0,3690.0,3340.1982421875,214737100,BBRI.JK,0.9052027756605691
2025-10-06,3700.0,3740.0,3640.0,3660.0,3313.042236328125,190283900,BBRI.JK,0.9052027968109632
2025-10-07,3690.0,3720.0,3670.0,3710.0,3358.302490234375,155933000,BBRI.JK,0.9052028275564353
2025-10-08,3730.0,3740.0,3670.0,3720.0,3367.3544921875,148263700,BBRI.JK,0.9052028204805107
2025-10-09,3690.0,3930.0,3640.0,3860.0,3494.0830078125,479239500,BBRI.JK,0.9052028517648963
2025-10-10,3790.0,3790.0,3690.0,3730.0,3376.406494140625,277252300,BBRI.JK,0.9052028134425268
2025-10-13,3680.0,3710.0,3660.0,3660.0,3313.042236328125,181694400,BBRI.JK,0.9052027968109632
2025-10-14,3640.0,3690.0,3550.0,3550.0,3213.469970703125,278639100,BBRI.JK,0.9052028086487676
2025-10-15,3570.0,3590.0,3450.0,3500.0,3168.2099609375,468733500,BBRI.JK,0.9052028459821428
2025-10-16,3500.0,3580.0,3480.0,3530.0,3195.365966796875,227629500,BBRI.JK,0.9052028234552054
2025-10-17,3530.0,3570.0,3490.0,3500.0,3168.2099609375,244442400,BBRI.JK,0.9052028459821428
2025-10-20,3550.0,3730.0,3540.0,3680.0,3331.146484375,391510300,BBRI.JK,0.9052028490149456
2025-10-21,3780.0,3790.0,3710.0,3760.0,3403.562744140625,293000200,BBRI.JK,0.9052028574842088
2025-10-22,3790.0,3820.0,3680.0,3700.0,3349.25048828125,329470700,BBRI.JK,0.9052028346706081
2025-10-23,3720.0,3820.0,3700.0,3820.0,3457.874755859375,225902700,BBRI.JK,0.9052028156699935
2025-10-24,3820.0,3910.0,3820.0,3850.0,3485.031005859375,313903600,BBRI.JK,0.9052028586647727
2025-10-27,3880.0,3930.0,3750.0,3860.0,3494.0830078125,332539600,BBRI.JK,0.9052028517648963
2025-10-28,3850.0,3860.0,3780.0,3850.0,3485.031005859375,239026800,BBRI.JK,0.9052028586647727
2025-10-29,3830.0,3890.0,3790.0,3890.0,3521.239013671875,215008600,BBRI.JK,0.905202831278117
2025-10-30,3900.0,3990.0,3870.0,3910.0,3539.343017578125,287905300,BBRI.JK,0.9052028177949168
2025-10-31,3930.0,4020.0,3920.0,3980.0,3602.707275390625,348755700,BBRI.JK,0.9052028330127199
2025-11-03,4050.0,4050.0,4010.0,4040.0,3657.01953125,163770500,BBRI.JK,0.905202854269802
2025-11-04,4030.0,4050.0,3970.0,3970.0,3593.6552734375,241154700,BBRI.JK,0.905202839656801
2025-11-05,3940.0,3990.0,3910.0,3980.0,3602.707275390625,139859100,BBRI.JK,0.9052028330127199
2025-11-06,3980.0,4010.0,3950.0,4000.0,3620.811279296875,130808100,BBRI.JK,0.9052028198242188
2025-11-07,4000.0,4010.0,3980.0,3980.0,3602.707275390625,87287600,BBRI.JK,0.9052028330127199
2025-11-10,4010.0,4020.0,3930.0,3930.0,3557.447021484375,148552900,BBRI.JK,0.9052028044489504
2025-11-11,3940.0,3960.0,3860.0,3890.0,3521.239013671875,179000200,BBRI.JK,0.905202831278117
2025-11-12,3890.0,3950.0,3890.0,3900.0,3530.291015625,111115400,BBRI.JK,0.9052028245192307
2025-11-13,3900.0,3910.0,3870.0,3870.0,3503.134765625,99373200,BBRI.JK,0.9052027818152455
2025-11-14,3860.0,3930.0,3860.0,3900.0,3530.291015625,100717300,BBRI.JK,0.9052028245192307
2025-11-17,3880.0,3950.0,3880.0,3940.0,3566.4990234375,140868100,BBRI.JK,0.9052027978267766
2025-11-18,3950.0,3990.0,3930.0,3970.0,3593.6552734375,205257700,BBRI.JK,0.905202839656801
2025-11-19,3990.0,4000.0,3970.0,4000.0,3620.811279296875,107451000,BBRI.JK,0.9052028198242188
2025-11-20,4020.0,4050.0,3990.0,3990.0,3611.75927734375,183008400,BBRI.JK,0.9052028264019424
2025-11-21,3980.0,4000.0,3940.0,3960.0,3584.60302734375,112666100,BBRI.JK,0.9052027846827652
2025-11-24,4000.0,4000.0,3940.0,3980.0,3602.707275390625,262302000,BBRI.JK,0.9052028330127199
2025-11-25,3980.0,3980.0,3830.0,3830.0,3466.927001953125,396959100,BBRI.JK,0.9052028725726174
2025-11-26,3800.0,3830.0,3780.0,3790.0,3430.71875,288419400,BBRI.JK,0.9052028364116095
2025-11-27,3800.0,3810.0,3720.0,3740.0,3385.458740234375,283451800,BBRI.JK,0.9052028717204211
2025-11-28,3710.0,3750.0,3680.0,3680.0,3331.146484375,353872800,BBRI.JK,0.9052028490149456
2025-12-01,3680.0,3730.0,3660.0,3670.0,3322.094482421875,299669500,BBRI.JK,0.9052028562457425
2025-12-02,3690.0,3730.0,3670.0,3710.0,3358.302490234375,277714300,BBRI.JK,0.9052028275564353
2025-12-03,3690.0,3700.0,3660.0,3660.0,3313.042236328125,225357100,BBRI.JK,0.9052027968109632
2025-12-04,3660.0,3690.0,3650.0,3690.0,3340.1982421875,221121100,BBRI.JK,0.9052027756605691
2025-12-05,3700.0,3700.0,3650.0,3650.0,3303.990478515625,156161100,BBRI.JK,0.9052028708261987
2025-12-08,3680.0,3690.0,3660.0,3670.0,3322.094482421875,124094700,BBRI.JK,0.9052028562457425
2025-12-09,3700.0,3700.0,3650.0,3680.0,3331.146484375,201089800,BBRI.JK,0.9052028490149456
2025-12-10,3680.0,3680.0,3650.0,3660.0,3313.042236328125,172677700,BBRI.JK,0.9052027968109632
2025-12-11,3680.0,3700.0,3580.0,3620.0,3276.834228515625,327591200,BBRI.JK,0.9052028255568025
2025-12-12,3640.0,3640.0,3580.0,3630.0,3285.88623046875,169747600,BBRI.JK,0.9052028183109504
2025-12-15,3650.0,3810.0,3630.0,3780.0,3421.66650390625,312694100,BBRI.JK,0.9052027788111773
2025-12-16,3800.0,3810.0,3680.0,3690.0,3340.1982421875,237949900,BBRI.JK,0.9052027756605691
2025-12-17,3690.0,3780.0,3680.0,3750.0,3394.510498046875,273544100,BBRI.JK,0.9052027994791667
2025-12-18,3750.0,3820.0,3750.0,3780.0,3421.66650390625,262527300,BBRI.JK,0.9052027788111773
2025-12-19,3800.0,3810.0,3760.0,3770.0,3412.61474609375,228583500,BBRI.JK,0.9052028504227454
2025-12-22,3770.0,3780.0,3750.0,3760.0,3403.562744140625,161680300,BBRI.JK,0.9052028574842088
2025-12-23,3760.0,3780.0,3730.0,3770.0,3412.61474609375,138427000,BBRI.JK,0.9052028504227454
2025-12-24,3770.0,3790.0,3750.0,3770.0,3412.61474609375,121073600,BBRI.JK,0.9052028504227454
2025-12-29,3780.0,3790.0,3760.0,3780.0,3421.66650390625,238061500,BBRI.JK,0.9052027788111773
2025-12-30,3690.0,3690.0,3650.0,3660.0,3437.6337890625,274402200,BBRI.JK,0.9392442046618853
2026-01-02,3660.0,3670.0,3620.0,3640.0,3418.848876953125,191985100,BBRI.JK,0.9392441969651443
2026-01-05,3630.0,3660.0,3590.0,3630.0,3409.45654296875,230544800,BBRI.JK,0.9392442267131542
2026-01-06,3630.0,3690.0,3630.0,3680.0,3456.418701171875,175820800,BBRI.JK,0.939244212274966
2026-01-07,3680.0,3710.0,3660.0,3700.0,3475.20361328125,195024700,BBRI.JK,0.9392442198057432
2026-01-08,3710.0,3760.0,3700.0,3710.0,3484.595947265625,182019700,BBRI.JK,0.9392441906376348
2026-01-09,3730.0,3740.0,3670.0,3680.0,3456.418701171875,143474700,BBRI.JK,0.939244212274966
2026-01-12,3680.0,3740.0,3660.0,3700.0,3475.20361328125,215159700,BBRI.JK,0.9392442198057432
2026-01-13,3700.0,3730.0,3670.0,3720.0,3493.988525390625,227620800,BBRI.JK,0.9392442272555444
2026-01-14,3740.0,3750.0,3700.0,3720.0,3493.988525390625,170097000,BBRI.JK,0.9392442272555444
2026-01-15,3730.0,3850.0,3730.0,3820.0,3587.912841796875,407151300,BBRI.JK,0.9392441994232658
2026-01-19,3850.0,3900.0,3810.0,3840.0,3606.69775390625,359652500,BBRI.JK,0.9392442067464193
2026-01-20,3840.0,3880.0,3820.0,3850.0,3616.09033203125,170245800,BBRI.JK,0.939244242086039
2026-01-21,3850.0,3850.0,3800.0,3820.0,3587.912841796875,273678200,BBRI.JK,0.9392441994232658
2026-01-22,3850.0,3850.0,3790.0,3810.0,3578.5205078125,153742700,BBRI.JK,0.9392442277723098
2026-01-23,3810.0,3850.0,3760.0,3850.0,3616.09033203125,164603900,BBRI.JK,0.939244242086039
2026-01-26,3840.0,3850.0,3800.0,3850.0,3616.09033203125,120002700,BBRI.JK,0.939244242086039
2026-01-27,3850.0,3850.0,3780.0,3820.0,3587.912841796875,157633200,BBRI.JK,0.9392441994232658
2026-01-28,3630.0,3780.0,3540.0,3590.0,3371.88671875,726740400,BBRI.JK,0.9392442113509749
2026-01-29,3550.0,3780.0,3290.0,3780.0,3550.343017578125,781321200,BBRI.JK,0.9392441845444776
2026-01-30,3780.0,3890.0,3740.0,3810.0,3578.5205078125,532329000,BBRI.JK,0.9392442277723098
2026-02-02,3860.0,3880.0,3750.0,3830.0,3597.305419921875,334659200,BBRI.JK,0.939244234966547
2026-02-03,3860.0,3870.0,3760.0,3800.0,3569.1279296875,201224300,BBRI.JK,0.9392441920230263
2026-02-04,3820.0,3880.0,3800.0,3870.0,3634.875,251005600,BBRI.JK,0.9392441860465116
2026-02-05,3850.0,3940.0,3840.0,3850.0,3616.09033203125,342757200,BBRI.JK,0.939244242086039
2026-02-06,3800.0,3850.0,3770.0,3780.0,3550.343017578125,279127200,BBRI.JK,0.9392441845444776
2026-02-09,3790.0,3800.0,3710.0,3770.0,3540.95068359375,215606400,BBRI.JK,0.9392442131548409
2026-02-10,3750.0,3790.0,3730.0,3780.0,3550.343017578125,181835800,BBRI.JK,0.9392441845444776
2026-02-11,3790.0,3800.0,3740.0,3800.0,3569.1279296875,147378100,BBRI.JK,0.9392441920230263
2026-02-12,3780.0,3790.0,3760.0,3790.0,3559.735595703125,185678800,BBRI.JK,0.9392442205021438
2026-02-13,3780.0,3800.0,3750.0,3780.0,3550.343017578125,144473700,BBRI.JK,0.9392441845444776
2026-02-18,3780.0,3840.0,3760.0,3830.0,3597.305419921875,135223700,BBRI.JK,0.939244234966547
2026-02-19,3850.0,3850.0,3770.0,3770.0,3540.95068359375,154562300,BBRI.JK,0.9392442131548409
2026-02-20,3790.0,3870.0,3780.0,3840.0,3606.69775390625,191533500,BBRI.JK,0.9392442067464193
2026-02-23,3880.0,3910.0,3860.0,3900.0,3663.052490234375,189611200,BBRI.JK,0.9392442282652244
2026-02-24,3880.0,3890.0,3860.0,3870.0,3634.875,191295900,BBRI.JK,0.9392441860465116
2026-02-25,3880.0,3980.0,3880.0,3970.0,3728.799560546875,263027700,BBRI.JK,0.9392442218002204
2026-02-26,3970.0,3970.0,3920.0,3950.0,3710.0146484375,146158100,BBRI.JK,0.9392442147943038
2026-02-27,3950.0,3950.0,3880.0,3910.0,3672.44482421875,263179300,BBRI.JK,0.9392442005674553
2026-03-02,3840.0,3840.0,3800.0,3820.0,3587.912841796875,204655700,BBRI.JK,0.9392441994232658
2026-03-03,3820.0,3840.0,3770.0,3770.0,3540.95068359375,113600400,BBRI.JK,0.9392442131548409
2026-03-04,3770.0,3770.0,3660.0,3690.0,3465.81103515625,215656600,BBRI.JK,0.9392441829691734
2026-03-05,3720.0,3780.0,3720.0,3750.0,3522.165771484375,96625300,BBRI.JK,0.9392442057291667
2026-03-06,3750.0,3750.0,3670.0,3670.0,3447.0263671875,136987800,BBRI.JK,0.9392442417404632
2026-03-09,3590.0,3630.0,3560.0,3570.0,3353.101806640625,215587500,BBRI.JK,0.9392442035407913
2026-03-10,3600.0,3610.0,3560.0,3560.0,3343.70947265625,175353400,BBRI.JK,0.939244233892205
2026-03-11,3580.0,3600.0,3560.0,3580.0,3362.494384765625,100862200,BBRI.JK,0.9392442415546438
2026-03-12,3580.0,3610.0,3570.0,3570.0,3353.101806640625,141366700,BBRI.JK,0.9392442035407913
2026-03-13,3560.0,3590.0,3510.0,3510.0,3296.7470703125,159393900,BBRI.JK,0.9392441795762109
2026-03-16,3500.0,3510.0,3430.0,3480.0,3268.56982421875,160328700,BBRI.JK,0.9392442023617098
2026-03-17,3500.0,3530.0,3480.0,3480.0,3268.56982421875,204208500,BBRI.JK,0.9392442023617098
2026-03-25,3440.0,3540.0,3410.0,3540.0,3324.924560546875,379422800,BBRI.JK,0.939244226143185
2026-03-26,3540.0,3570.0,3480.0,3490.0,3277.96240234375,162060500,BBRI.JK,0.9392442413592407
2026-03-27,3460.0,3490.0,3420.0,3420.0,3212.215087890625,207067900,BBRI.JK,0.9392441777457968
2026-03-30,3350.0,3390.0,3330.0,3360.0,3155.860595703125,317467700,BBRI.JK,0.9392442249116444
2026-03-31,3350.0,3400.0,3330.0,3330.0,3127.68310546875,298589200,BBRI.JK,0.9392441758164415
2026-04-01,3400.0,3440.0,3330.0,3350.0,3146.468017578125,279604500,BBRI.JK,0.9392441843516791
2026-04-02,3340.0,3390.0,3320.0,3320.0,3118.290771484375,242569200,BBRI.JK,0.9392442082784263
2026-04-06,3340.0,3360.0,3290.0,3310.0,3108.8984375,184143400,BBRI.JK,0.9392442409365559
2026-04-07,3310.0,3320.0,3220.0,3230.0,3033.7587890625,273842700,BBRI.JK,0.9392442071400928
2026-04-08,3340.0,3370.0,3330.0,3340.0,3137.07568359375,416112900,BBRI.JK,0.9392442166448354
2026-04-09,3310.0,3330.0,3260.0,3280.0,3080.720947265625,319141400,BBRI.JK,0.9392441912395199
2026-04-10,3290.0,3400.0,3290.0,3390.0,3184.037841796875,353451500,BBRI.JK,0.9392442011200222
2026-04-13,3390.0,3410.0,3350.0,3370.0,3165.2529296875,176083800,BBRI.JK,0.9392441927856083
2026-04-14,3420.0,3490.0,3420.0,3460.0,3249.784912109375,280543100,BBRI.JK,0.9392441942512645
2026-04-15,3500.0,3510.0,3400.0,3400.0,3193.430419921875,332898200,BBRI.JK,0.9392442411534927
2026-04-16,3400.0,3430.0,3380.0,3410.0,3202.82275390625,228465700,BBRI.JK,0.9392442093566715
2026-04-17,3410.0,3450.0,3410.0,3430.0,3221.607666015625,209108800,BBRI.JK,0.9392442174972667
2026-04-20,3440.0,3470.0,3420.0,3440.0,3231.0,354461400,BBRI.JK,0.9392441860465116
2026-04-21,3250.0,3300.0,3230.0,3270.0,3270.0,398239800,BBRI.JK,1.0
2026-04-22,3260.0,3280.0,3240.0,3240.0,3240.0,223077500,BBRI.JK,1.0
2026-04-23,3240.0,3270.0,3150.0,3160.0,3160.0,352657300,BBRI.JK,1.0
2026-04-24,3120.0,3150.0,3060.0,3070.0,3070.0,428089200,BBRI.JK,1.0
2026-04-27,3060.0,3100.0,3050.0,3050.0,3050.0,216480300,BBRI.JK,1.0
2026-04-28,3050.0,3080.0,3020.0,3070.0,3070.0,232596600,BBRI.JK,1.0
2026-04-29,3070.0,3110.0,3050.0,3070.0,3070.0,180641600,BBRI.JK,1.0
2026-04-30,3050.0,3060.0,2980.0,2990.0,2990.0,382750500,BBRI.JK,1.0
2026-05-04,3010.0,3040.0,3000.0,3040.0,3040.0,190480000,BBRI.JK,1.0
2026-05-05,3050.0,3170.0,3040.0,3150.0,3150.0,253157600,BBRI.JK,1.0
2026-05-06,3150.0,3190.0,3130.0,3160.0,3160.0,185002500,BBRI.JK,1.0
2026-05-07,3200.0,3330.0,3190.0,3310.0,3310.0,312804400,BBRI.JK,1.0
2026-05-08,3310.0,3360.0,3260.0,3260.0,3260.0,335638700,BBRI.JK,1.0
2026-05-11,3260.0,3280.0,3200.0,3200.0,3200.0,196431000,BBRI.JK,1.0
2026-05-12,3200.0,3240.0,3170.0,3220.0,3220.0,151508100,BBRI.JK,1.0
2026-05-13,3200.0,3210.0,3120.0,3120.0,3120.0,155231500,BBRI.JK,1.0
2026-05-18,3040.0,3100.0,3010.0,3060.0,3060.0,348373200,BBRI.JK,1.0
2026-05-19,3060.0,3140.0,3040.0,3040.0,3040.0,224758600,BBRI.JK,1.0
2026-05-20,3060.0,3110.0,3030.0,3040.0,3040.0,273501800,BBRI.JK,1.0
2026-05-21,3050.0,3090.0,3020.0,3020.0,3020.0,173346000,BBRI.JK,1.0
2026-05-22,3020.0,3070.0,3000.0,3050.0,3050.0,158122200,BBRI.JK,1.0
2026-05-25,3090.0,3220.0,3080.0,3170.0,3170.0,242782900,BBRI.JK,1.0
2026-05-26,3150.0,3150.0,3070.0,3070.0,3070.0,185037400,BBRI.JK,1.0
2026-05-29,3060.0,3080.0,2950.0,2950.0,2950.0,1073661600,BBRI.JK,1.0
2026-06-02,3000.0,3040.0,2980.0,3040.0,3040.0,320974000,BBRI.JK,1.0
2026-06-03,3050.0,3070.0,2900.0,2900.0,2900.0,411746000,BBRI.JK,1.0
2026-06-04,2900.0,2930.0,2780.0,2810.0,2810.0,493450500,BBRI.JK,1.0
2026-06-05,2780.0,2830.0,2730.0,2740.0,2740.0,310053600,BBRI.JK,1.0
2026-06-08,2700.0,2750.0,2590.0,2590.0,2590.0,626878600,BBRI.JK,1.0
2026-06-09,2540.0,2800.0,2540.0,2790.0,2790.0,873192700,BBRI.JK,1.0
2026-06-10,2790.0,2910.0,2730.0,2880.0,2880.0,704423000,BBRI.JK,1.0
2026-06-11,2880.0,2960.0,2780.0,2850.0,2850.0,465509700,BBRI.JK,1.0
2026-06-12,2880.0,2900.0,2830.0,2850.0,2850.0,450530000,BBRI.JK,1.0
2026-06-15,2890.0,3050.0,2890.0,2990.0,2990.0,622216400,BBRI.JK,1.0
2026-06-17,3020.0,3130.0,3010.0,3080.0,3080.0,512048000,BBRI.JK,1.0
2026-06-18,3040.0,3060.0,2960.0,2960.0,2960.0,356398400,BBRI.JK,1.0
2026-06-19,2960.0,3000.0,2910.0,2930.0,2930.0,514857200,BBRI.JK,1.0
2026-06-22,2930.0,2940.0,2870.0,2870.0,2870.0,250025400,BBRI.JK,1.0
2026-06-23,2870.0,2940.0,2860.0,2910.0,2910.0,271555000,BBRI.JK,1.0
2026-06-24,2930.0,2980.0,2800.0,2810.0,2810.0,330171300,BBRI.JK,1.0
2026-06-25,2800.0,2920.0,2790.0,2850.0,2850.0,343497900,BBRI.JK,1.0
2026-06-26,2850.0,2880.0,2810.0,2870.0,2870.0,200394100,BBRI.JK,1.0
2026-06-29,2880.0,2890.0,2830.0,2840.0,2840.0,173099600,BBRI.JK,1.0
2026-06-30,2810.0,2840.0,2730.0,2730.0,2730.0,346190100,BBRI.JK,1.0
2026-07-01,2700.0,2750.0,2670.0,2670.0,2670.0,302582100,BBRI.JK,1.0
2026-07-02,2680.0,2730.0,2630.0,2690.0,2690.0,366662800,BBRI.JK,1.0
2026-07-03,2710.0,2740.0,2700.0,2710.0,2710.0,219292600,BBRI.JK,1.0
2026-07-06,2710.0,2790.0,2680.0,2790.0,2790.0,257473000,BBRI.JK,1.0
2026-07-07,2810.0,2890.0,2800.0,2860.0,2860.0,265534600,BBRI.JK,1.0
2026-07-08,2860.0,2870.0,2770.0,2790.0,2790.0,253336100,BBRI.JK,1.0
2026-07-09,2770.0,2790.0,2730.0,2780.0,2780.0,244821900,BBRI.JK,1.0
2026-07-10,2790.0,2810.0,2760.0,2790.0,2790.0,144957900,BBRI.JK,1.0
2026-07-13,2790.0,2870.0,2780.0,2870.0,2870.0,211532100,BBRI.JK,1.0
2026-07-14,2880.0,2890.0,2800.0,2800.0,2800.0,273911200,BBRI.JK,1.0
2026-07-15,2840.0,2870.0,2810.0,2830.0,2830.0,182403300,BBRI.JK,1.0
2026-07-16,2840.0,2880.0,2830.0,2860.0,2860.0,197705800,BBRI.JK,1.0
2026-07-17,2860.0,3000.0,2840.0,2970.0,2970.0,439266600,BBRI.JK,1.0
2026-07-20,3000.0,3080.0,2990.0,3020.0,3020.0,393555500,BBRI.JK,1.0
2026-07-21,3080.0,3080.0,3040.0,3070.0,3070.0,320262200,BBRI.JK,1.0
2026-07-22,3080.0,3080.0,3020.0,3020.0,3020.0,200041000,BBRI.JK,1.0
2026-07-23,3030.0,3070.0,2990.0,2990.0,2990.0,217693500,BBRI.JK,1.0
2026-07-24,2970.0,3020.0,2940.0,2960.0,2960.0,290905700,BBRI.JK,1.0
2026-07-27,2930.0,2980.0,2920.0,2950.0,2950.0,201363300,BBRI.JK,1.0
2026-07-28,2930.0,2970.0,2920.0,2930.0,2930.0,220772100,BBRI.JK,1.0
2026-07-29,2930.0,2950.0,2910.0,2920.0,2920.0,132102100,BBRI.JK,1.0
2026-07-30,2930.0,3010.0,2920.0,2990.0,2990.0,220548900,BBRI.JK,1.0
2026-07-31,3000.0,3040.0,2980.0,3040.0,3040.0,226634400,BBRI.JK,1.0
2026-08-03,3030.0,3030.0,2980.0,3020.0,3020.0,119721600,BBRI.JK,1.0
2026-08-04,3020.0,3060.0,3000.0,3060.0,3060.0,191121700,BBRI.JK,1.0
2026-08-05,3060.0,3070.0,3020.0,3020.0,3020.0,111460100,BBRI.JK,1.0
2026-08-06,3030.0,3070.0,3030.0,3040.0,3040.0,117685400,BBRI.JK,1.0
2026-08-07,3050.0,3130.0,3040.0,3130.0,3130.0,349136300,BBRI.JK,1.0
2026-08-10,3140.0,3160.0,3090.0,3090.0,3090.0,232230700,BBRI.JK,1.0
2026-08-11,3100.0,3110.0,3060.0,3090.0,3090.0,179274900,BBRI.JK,1.0
2026-08-12,3090.0,3130.0,3080.0,3130.0,3130.0,158307500,BBRI.JK,1.0
2026-08-13,3130.0,3130.0,3080.0,3110.0,3110.0,165084600,BBRI.JK,1.0
2026-08-14,3110.0,3150.0,3090.0,3120.0,3120.0,118492200,BBRI.JK,1.0
2026-08-18,3120.0,3140.0,3080.0,3080.0,3080.0,153801000,BBRI.JK,1.0
2026-08-19,3080.0,3100.0,3040.0,3080.0,3080.0,101112000,BBRI.JK,1.0
2026-08-20,3100.0,3140.0,3090.0,3140.0,3140.0,156120300,BBRI.JK,1.0
2026-08-21,3170.0,3250.0,3160.0,3230.0,3230.0,349663900,BBRI.JK,1.0
2026-08-24,3230.0,3240.0,3160.0,3180.0,3180.0,151200300,BBRI.JK,1.0
2026-08-26,3170.0,3170.0,3110.0,3130.0,3130.0,159003300,BBRI.JK,1.0
2026-08-27,3110.0,3150.0,3100.0,3150.0,3150.0,164832300,BBRI.JK,1.0
2026-08-28,3180.0,3200.0,3160.0,3190.0,3190.0,135419900,BBRI.JK,1.0
2026-08-31,3180.0,3270.0,3170.0,3250.0,3250.0,353834000,BBRI.JK,1.0
2026-09-01,3250.0,3380.0,3250.0,3380.0,3380.0,393505600,BBRI.JK,1.0
