date,open,high,low,close,adj_close,volume,ticker,adj_factor
2018-01-02,3987.5,4025.0,3912.5,3925.0,2410.541015625,59351600,BMRI.JK,0.6141505772292993
2018-01-03,3925.0,3925.0,3825.0,3850.0,2364.4794921875,84278000,BMRI.JK,0.6141505174512987
2018-01-04,3875.0,3912.5,3862.5,3912.5,2402.8642578125,90123000,BMRI.JK,0.6141506090255591
2018-01-05,3862.5,3925.0,3862.5,3912.5,2402.8642578125,75378600,BMRI.JK,0.6141506090255591
2018-01-08,3937.5,3975.0,3912.5,3962.5,2433.57177734375,73784000,BMRI.JK,0.6141506062697161
2018-01-09,3987.5,4000.0,3887.5,3950.0,2425.894775390625,67352000,BMRI.JK,0.6141505760482595
2018-01-10,3962.5,3962.5,3900.0,3950.0,2425.894775390625,68746400,BMRI.JK,0.6141505760482595
2018-01-11,3962.5,4037.5,3962.5,4037.5,2479.6328125,89346200,BMRI.JK,0.6141505417956656
2018-01-12,4037.5,4125.0,4000.0,4050.0,2487.31005859375,84306400,BMRI.JK,0.6141506317515432
2018-01-15,4075.0,4100.0,4025.0,4100.0,2518.017578125,38412200,BMRI.JK,0.6141506288109756
2018-01-16,4075.0,4150.0,4075.0,4112.5,2525.6943359375,46720000,BMRI.JK,0.6141505984042553
2018-01-17,4112.5,4112.5,4012.5,4050.0,2487.31005859375,56945400,BMRI.JK,0.6141506317515432
2018-01-18,4075.0,4087.5,4025.0,4062.5,2494.986572265625,53685800,BMRI.JK,0.6141505408653846
2018-01-19,4087.5,4087.5,4025.0,4037.5,2479.6328125,50158600,BMRI.JK,0.6141505417956656
2018-01-22,4075.0,4075.0,4025.0,4037.5,2479.6328125,91243800,BMRI.JK,0.6141505417956656
2018-01-23,4087.5,4087.5,4037.5,4087.5,2510.340576171875,111192600,BMRI.JK,0.6141505996750765
2018-01-24,4100.0,4125.0,4075.0,4125.0,2533.37158203125,84633200,BMRI.JK,0.6141506865530303
2018-01-25,4125.0,4137.5,4037.5,4075.0,2502.663818359375,65155800,BMRI.JK,0.6141506302722393
2018-01-26,4100.0,4125.0,4062.5,4100.0,2518.017578125,69599800,BMRI.JK,0.6141506288109756
2018-01-29,4112.5,4125.0,3950.0,4087.5,2510.340576171875,101413600,BMRI.JK,0.6141505996750765
2018-01-30,4037.5,4050.0,3987.5,4025.0,2471.9560546875,102154200,BMRI.JK,0.6141505725931677
2018-01-31,3987.5,4087.5,3975.0,4075.0,2502.663818359375,79788400,BMRI.JK,0.6141506302722393
2018-02-01,4100.0,4125.0,4062.5,4100.0,2518.017578125,72274400,BMRI.JK,0.6141506288109756
2018-02-02,4100.0,4112.5,4062.5,4062.5,2494.986572265625,60042800,BMRI.JK,0.6141505408653846
2018-02-05,4025.0,4075.0,3987.5,4062.5,2494.986572265625,63620600,BMRI.JK,0.6141505408653846
2018-02-06,4000.0,4050.0,3962.5,4012.5,2464.279296875,92415600,BMRI.JK,0.6141506035825545
2018-02-07,4050.0,4075.0,4037.5,4062.5,2494.986572265625,57427400,BMRI.JK,0.6141505408653846
2018-02-08,4100.0,4125.0,4025.0,4087.5,2510.340576171875,79067200,BMRI.JK,0.6141505996750765
2018-02-09,4037.5,4112.5,4025.0,4112.5,2525.6943359375,211953600,BMRI.JK,0.6141505984042553
2018-02-12,4112.5,4125.0,4037.5,4100.0,2518.017578125,72517000,BMRI.JK,0.6141506288109756
2018-02-13,4100.0,4150.0,4100.0,4137.5,2541.048095703125,75870600,BMRI.JK,0.6141505971487915
2018-02-14,4150.0,4162.5,4112.5,4150.0,2548.725341796875,26730800,BMRI.JK,0.6141506847703313
2018-02-15,4187.5,4187.5,4075.0,4150.0,2548.725341796875,65557000,BMRI.JK,0.6141506847703313
2018-02-19,4175.0,4237.5,4137.5,4237.5,2602.463134765625,49342200,BMRI.JK,0.6141505922750737
2018-02-20,4262.5,4525.0,4212.5,4525.0,2779.03125,79298400,BMRI.JK,0.6141505524861879
2018-02-21,4450.0,4462.5,4375.0,4400.0,2702.262451171875,83845600,BMRI.JK,0.614150557084517
2018-02-22,4437.5,4437.5,4287.5,4312.5,2648.5244140625,39301400,BMRI.JK,0.6141505887681159
2018-02-23,4287.5,4350.0,4250.0,4275.0,2625.493896484375,62711800,BMRI.JK,0.6141506190606725
2018-02-26,4300.0,4300.0,4150.0,4150.0,2548.725341796875,66541400,BMRI.JK,0.6141506847703313
2018-02-27,4212.5,4262.5,4162.5,4212.5,2587.109130859375,92994400,BMRI.JK,0.6141505355155786
2018-02-28,4237.5,4237.5,4150.0,4150.0,2548.725341796875,81356600,BMRI.JK,0.6141506847703313
2018-03-01,4200.0,4225.0,4162.5,4187.5,2571.755615234375,50682200,BMRI.JK,0.6141505946828358
2018-03-02,4162.5,4237.5,4112.5,4237.5,2602.463134765625,49761400,BMRI.JK,0.6141505922750737
2018-03-05,4187.5,4212.5,4100.0,4112.5,2525.6943359375,44376600,BMRI.JK,0.6141505984042553
2018-03-06,4137.5,4150.0,4000.0,4025.0,2471.9560546875,77337000,BMRI.JK,0.6141505725931677
2018-03-07,4012.5,4062.5,3850.0,3962.5,2433.57177734375,116997600,BMRI.JK,0.6141506062697161
2018-03-08,4000.0,4087.5,4000.0,4050.0,2487.31005859375,86635600,BMRI.JK,0.6141506317515432
2018-03-09,4025.0,4087.5,4000.0,4050.0,2487.31005859375,46391000,BMRI.JK,0.6141506317515432
2018-03-12,4100.0,4162.5,4075.0,4162.5,2556.402099609375,78310600,BMRI.JK,0.6141506545608109
2018-03-13,4112.5,4137.5,4025.0,4087.5,2510.340576171875,79622600,BMRI.JK,0.6141505996750765
2018-03-14,4112.5,4112.5,3987.5,4100.0,2518.017578125,41997000,BMRI.JK,0.6141506288109756
2018-03-15,4087.5,4087.5,4000.0,4000.0,2456.602294921875,66507000,BMRI.JK,0.6141505737304688
2018-03-16,3950.0,3975.0,3850.0,3962.5,2433.57177734375,155572000,BMRI.JK,0.6141506062697161
2018-03-19,4012.5,4062.5,3962.5,4037.5,2479.6328125,95158400,BMRI.JK,0.6141505417956656
2018-03-20,3975.0,4075.0,3925.0,4050.0,2487.31005859375,77864800,BMRI.JK,0.6141506317515432
2018-03-21,4100.0,4112.5,4050.0,4100.0,2518.017578125,113297400,BMRI.JK,0.6141506288109756
2018-03-22,4125.0,4125.0,3975.0,4000.0,2456.602294921875,183372000,BMRI.JK,0.6141505737304688
2018-03-23,3900.0,4025.0,3850.0,4025.0,2471.9560546875,90662600,BMRI.JK,0.6141505725931677
2018-03-26,3925.0,4037.5,3925.0,4037.5,2479.6328125,42673400,BMRI.JK,0.6141505417956656
2018-03-27,4062.5,4075.0,3975.0,4000.0,2456.602294921875,55450200,BMRI.JK,0.6141505737304688
2018-03-28,3975.0,3987.5,3862.5,3900.0,2395.187255859375,76203200,BMRI.JK,0.6141505784254808
2018-03-29,3825.0,3837.5,3762.5,3837.5,2418.513916015625,78477600,BMRI.JK,0.6302316393526058
2018-04-02,3787.5,3912.5,3787.5,3912.5,2465.78125,31435200,BMRI.JK,0.6302316293929713
2018-04-03,3862.5,3900.0,3837.5,3900.0,2457.9033203125,47967200,BMRI.JK,0.6302316205929487
2018-04-04,3912.5,3912.5,3775.0,3800.0,2394.880126953125,38287200,BMRI.JK,0.6302316123560855
2018-04-05,3875.0,3875.0,3762.5,3825.0,2410.63623046875,54709000,BMRI.JK,0.6302316942401961
2018-04-06,3775.0,3812.5,3750.0,3775.0,2379.12451171875,45831200,BMRI.JK,0.6302316587334437
2018-04-09,3825.0,3825.0,3750.0,3787.5,2387.002197265625,32505800,BMRI.JK,0.6302316032384488
2018-04-10,3775.0,3937.5,3775.0,3937.5,2481.537109375,87487000,BMRI.JK,0.6302316468253968
2018-04-11,3975.0,4037.5,3962.5,4025.0,2536.682373046875,58578400,BMRI.JK,0.6302316454774844
2018-04-12,4000.0,4012.5,3925.0,4012.5,2528.804443359375,56053600,BMRI.JK,0.6302316369742991
2018-04-13,4050.0,4050.0,3962.5,4012.5,2528.804443359375,33896200,BMRI.JK,0.6302316369742991
2018-04-18,3975.0,4025.0,3950.0,4025.0,2536.682373046875,28595200,BMRI.JK,0.6302316454774844
2018-04-23,3937.5,4000.0,3925.0,4000.0,2520.926513671875,62793000,BMRI.JK,0.6302316284179688
2018-04-24,4000.0,4000.0,3862.5,3862.5,2434.269775390625,49193400,BMRI.JK,0.6302316570590615
2018-04-30,3500.0,3575.0,3437.5,3562.5,2245.199951171875,94666400,BMRI.JK,0.630231565241228
2018-05-02,3562.5,3612.5,3487.5,3600.0,2268.833984375,53590000,BMRI.JK,0.6302316623263889
2018-05-03,3575.0,3587.5,3425.0,3425.0,2158.543212890625,104380400,BMRI.JK,0.630231595004562
2018-05-04,3425.0,3450.0,3300.0,3312.5,2087.64208984375,54995600,BMRI.JK,0.6302315742924528
2018-05-07,3300.0,3437.5,3300.0,3400.0,2142.78759765625,66820800,BMRI.JK,0.6302316463694853
2018-05-08,3400.0,3412.5,3337.5,3400.0,2142.78759765625,106457400,BMRI.JK,0.6302316463694853
2018-05-09,3362.5,3587.5,3362.5,3587.5,2260.955810546875,111977600,BMRI.JK,0.6302315848214286
2018-05-11,3625.0,3737.5,3575.0,3600.0,2268.833984375,103564000,BMRI.JK,0.6302316623263889
2018-05-14,3650.0,3650.0,3475.0,3600.0,2268.833984375,73256600,BMRI.JK,0.6302316623263889
2018-05-15,3500.0,3600.0,3400.0,3425.0,2158.543212890625,117942000,BMRI.JK,0.630231595004562
2018-05-16,3350.0,3437.5,3300.0,3425.0,2158.543212890625,171743000,BMRI.JK,0.630231595004562
2018-05-17,3475.0,3500.0,3350.0,3350.0,2111.2763671875,108035800,BMRI.JK,0.6302317513992537
2018-05-18,3387.5,3450.0,3325.0,3400.0,2142.78759765625,73179600,BMRI.JK,0.6302316463694853
2018-05-21,3362.5,3387.5,3300.0,3337.5,2103.39794921875,93035200,BMRI.JK,0.6302315952715356
2018-05-22,3375.0,3387.5,3262.5,3262.5,2056.13037109375,95244600,BMRI.JK,0.6302315313697318
2018-05-23,3300.0,3437.5,3300.0,3387.5,2134.909912109375,98477800,BMRI.JK,0.6302317083717712
2018-05-24,3500.0,3537.5,3425.0,3500.0,2205.810791015625,105512200,BMRI.JK,0.6302316545758928
2018-05-25,3525.0,3537.5,3475.0,3500.0,2205.810791015625,87283000,BMRI.JK,0.6302316545758928
2018-05-28,3575.0,3712.5,3550.0,3687.5,2323.9794921875,129253400,BMRI.JK,0.6302317266949152
2018-05-30,3612.5,3812.5,3575.0,3625.0,2284.58984375,170628800,BMRI.JK,0.6302316810344828
2018-05-31,3700.0,3700.0,3512.5,3525.0,2221.56640625,211020800,BMRI.JK,0.6302316046099291
2018-06-04,3550.0,3712.5,3550.0,3687.5,2323.9794921875,80221000,BMRI.JK,0.6302317266949152
2018-06-05,3725.0,3725.0,3637.5,3675.0,2316.101318359375,73520200,BMRI.JK,0.6302316512542517
2018-06-06,3650.0,3687.5,3650.0,3662.5,2308.2236328125,72158600,BMRI.JK,0.6302317086177475
2018-06-07,3687.5,3700.0,3662.5,3687.5,2323.9794921875,49787600,BMRI.JK,0.6302317266949152
2018-06-08,3700.0,3700.0,3475.0,3475.0,2190.05517578125,134418800,BMRI.JK,0.6302317052607914
2018-06-20,3425.0,3425.0,3250.0,3350.0,2111.2763671875,170142400,BMRI.JK,0.6302317513992537
2018-06-21,3350.0,3387.5,3287.5,3350.0,2111.2763671875,109648600,BMRI.JK,0.6302317513992537
2018-06-22,3350.0,3362.5,3300.0,3350.0,2111.2763671875,90954000,BMRI.JK,0.6302317513992537
2018-06-25,3375.0,3387.5,3287.5,3350.0,2111.2763671875,59331600,BMRI.JK,0.6302317513992537
2018-06-26,3287.5,3375.0,3287.5,3312.5,2087.64208984375,55935600,BMRI.JK,0.6302315742924528
2018-06-27,3325.0,3350.0,3300.0,3300.0,2079.764404296875,51148600,BMRI.JK,0.6302316376657197
2018-06-28,3362.5,3362.5,3212.5,3250.0,2048.252685546875,109565000,BMRI.JK,0.6302315955528847
2018-06-29,3375.0,3425.0,3300.0,3425.0,2158.543212890625,82868000,BMRI.JK,0.630231595004562
2018-07-02,3487.5,3487.5,3262.5,3262.5,2056.13037109375,55579800,BMRI.JK,0.6302315313697318
2018-07-03,3237.5,3287.5,3162.5,3162.5,1993.1077880859373,74286400,BMRI.JK,0.6302317116477272
2018-07-04,3200.0,3312.5,3137.5,3300.0,2079.764404296875,54066400,BMRI.JK,0.6302316376657197
2018-07-05,3250.0,3300.0,3175.0,3262.5,2056.13037109375,49814600,BMRI.JK,0.6302315313697318
2018-07-06,3200.0,3237.5,3150.0,3150.0,1985.229736328125,51696400,BMRI.JK,0.6302316623263889
2018-07-09,3175.0,3262.5,3150.0,3212.5,2024.619140625,111683800,BMRI.JK,0.6302316391050584
2018-07-10,3250.0,3287.5,3187.5,3225.0,2032.4974365234373,87662000,BMRI.JK,0.6302317632630813
2018-07-11,3150.0,3187.5,3125.0,3175.0,2000.9853515625,71600600,BMRI.JK,0.6302316067913386
2018-07-12,3150.0,3225.0,3150.0,3225.0,2032.4974365234373,69482600,BMRI.JK,0.6302317632630813
2018-07-13,3212.5,3325.0,3212.5,3300.0,2079.764404296875,71123600,BMRI.JK,0.6302316376657197
2018-07-16,3275.0,3312.5,3187.5,3275.0,2064.0087890625,57879600,BMRI.JK,0.6302316913167939
2018-07-17,3225.0,3237.5,3150.0,3162.5,1993.1077880859373,84860000,BMRI.JK,0.6302317116477272
2018-07-18,3162.5,3212.5,3150.0,3200.0,2016.7413330078125,46293000,BMRI.JK,0.6302316665649415
2018-07-19,3212.5,3262.5,3187.5,3187.5,2008.86328125,69942000,BMRI.JK,0.6302316176470588
2018-07-20,3212.5,3225.0,3137.5,3175.0,2000.9853515625,101994800,BMRI.JK,0.6302316067913386
2018-07-23,3200.0,3287.5,3187.5,3200.0,2016.7413330078125,80140200,BMRI.JK,0.6302316665649415
2018-07-24,3250.0,3262.5,3200.0,3262.5,2056.13037109375,38980400,BMRI.JK,0.6302315313697318
2018-07-25,3275.0,3275.0,3225.0,3237.5,2040.375244140625,62149400,BMRI.JK,0.6302317356418919
2018-07-26,3250.0,3275.0,3237.5,3275.0,2064.0087890625,57947800,BMRI.JK,0.6302316913167939
2018-07-27,3287.5,3287.5,3250.0,3287.5,2071.886474609375,35688800,BMRI.JK,0.6302316272576045
2018-07-30,3287.5,3362.5,3275.0,3362.5,2119.15380859375,54608200,BMRI.JK,0.6302316159386617
2018-07-31,3362.5,3362.5,3287.5,3325.0,2095.520263671875,66929400,BMRI.JK,0.6302316582471804
2018-08-01,3350.0,3500.0,3337.5,3500.0,2205.810791015625,110824000,BMRI.JK,0.6302316545758928
2018-08-02,3500.0,3587.5,3462.5,3525.0,2221.56640625,61392400,BMRI.JK,0.6302316046099291
2018-08-03,3500.0,3612.5,3500.0,3600.0,2268.833984375,63550400,BMRI.JK,0.6302316623263889
2018-08-06,3612.5,3712.5,3600.0,3650.0,2300.34521484375,102478600,BMRI.JK,0.6302315657106164
2018-08-07,3650.0,3712.5,3600.0,3600.0,2268.833984375,102967800,BMRI.JK,0.6302316623263889
2018-08-08,3612.5,3662.5,3550.0,3662.5,2308.2236328125,48967400,BMRI.JK,0.6302317086177475
2018-08-09,3600.0,3675.0,3600.0,3637.5,2292.468017578125,28914800,BMRI.JK,0.6302317574097939
2018-08-10,3662.5,3712.5,3650.0,3675.0,2316.101318359375,36267800,BMRI.JK,0.6302316512542517
2018-08-13,3600.0,3625.0,3425.0,3462.5,2182.177001953125,82658400,BMRI.JK,0.6302316251128158
2018-08-14,3437.5,3450.0,3350.0,3362.5,2119.15380859375,122915000,BMRI.JK,0.6302316159386617
2018-08-15,3375.0,3412.5,3262.5,3400.0,2142.78759765625,82042800,BMRI.JK,0.6302316463694853
2018-08-16,3375.0,3387.5,3300.0,3350.0,2111.2763671875,42463600,BMRI.JK,0.6302317513992537
2018-08-20,3475.0,3475.0,3350.0,3362.5,2119.15380859375,81139200,BMRI.JK,0.6302316159386617
2018-08-21,3375.0,3387.5,3337.5,3350.0,2111.2763671875,62399200,BMRI.JK,0.6302317513992537
2018-08-23,3400.0,3425.0,3350.0,3425.0,2158.543212890625,98059800,BMRI.JK,0.630231595004562
2018-08-24,3400.0,3425.0,3375.0,3387.5,2134.909912109375,75683200,BMRI.JK,0.6302317083717712
2018-08-27,3412.5,3487.5,3387.5,3487.5,2197.9326171875,84503200,BMRI.JK,0.6302315748207885
2018-08-28,3500.0,3512.5,3450.0,3500.0,2205.810791015625,80591200,BMRI.JK,0.6302316545758928
2018-08-29,3487.5,3512.5,3462.5,3500.0,2205.810791015625,55272600,BMRI.JK,0.6302316545758928
2018-08-30,3500.0,3512.5,3400.0,3425.0,2158.543212890625,52753200,BMRI.JK,0.630231595004562
2018-08-31,3350.0,3450.0,3337.5,3450.0,2174.299072265625,110408200,BMRI.JK,0.6302316151494565
2018-09-03,3450.0,3450.0,3350.0,3350.0,2111.2763671875,55590200,BMRI.JK,0.6302317513992537
2018-09-04,3362.5,3375.0,3225.0,3287.5,2071.886474609375,59803000,BMRI.JK,0.6302316272576045
2018-09-05,3250.0,3262.5,3100.0,3162.5,1993.1077880859373,83838600,BMRI.JK,0.6302317116477272
2018-09-06,3100.0,3275.0,3100.0,3275.0,2064.0087890625,96306200,BMRI.JK,0.6302316913167939
2018-09-07,3250.0,3325.0,3225.0,3312.5,2087.64208984375,75525400,BMRI.JK,0.6302315742924528
2018-09-10,3250.0,3300.0,3212.5,3287.5,2071.886474609375,37301800,BMRI.JK,0.6302316272576045
2018-09-12,3287.5,3312.5,3187.5,3187.5,2008.86328125,46357000,BMRI.JK,0.6302316176470588
2018-09-13,3237.5,3312.5,3225.0,3287.5,2071.886474609375,36668600,BMRI.JK,0.6302316272576045
2018-09-14,3337.5,3375.0,3300.0,3375.0,2127.03173828125,30656000,BMRI.JK,0.6302316261574074
2018-09-17,3325.0,3337.5,3212.5,3225.0,2032.4974365234373,88368200,BMRI.JK,0.6302317632630813
2018-09-18,3225.0,3262.5,3162.5,3187.5,2008.86328125,101172800,BMRI.JK,0.6302316176470588
2018-09-19,3225.0,3225.0,3187.5,3200.0,2016.7413330078125,42616400,BMRI.JK,0.6302316665649415
2018-09-20,3212.5,3337.5,3212.5,3337.5,2103.39794921875,99827000,BMRI.JK,0.6302315952715356
2018-09-21,3375.0,3475.0,3362.5,3425.0,2158.543212890625,124841800,BMRI.JK,0.630231595004562
2018-09-24,3425.0,3450.0,3337.5,3375.0,2127.03173828125,81188200,BMRI.JK,0.6302316261574074
2018-09-25,3337.5,3375.0,3262.5,3312.5,2087.64208984375,46091400,BMRI.JK,0.6302315742924528
2018-09-26,3287.5,3362.5,3287.5,3300.0,2079.764404296875,32016600,BMRI.JK,0.6302316376657197
2018-09-27,3300.0,3362.5,3275.0,3312.5,2087.64208984375,82349800,BMRI.JK,0.6302315742924528
2018-09-28,3300.0,3375.0,3300.0,3362.5,2119.15380859375,101686800,BMRI.JK,0.6302316159386617
2018-10-01,3300.0,3400.0,3300.0,3350.0,2111.2763671875,66513400,BMRI.JK,0.6302317513992537
2018-10-02,3350.0,3350.0,3212.5,3225.0,2032.4974365234373,120652800,BMRI.JK,0.6302317632630813
2018-10-03,3200.0,3287.5,3200.0,3250.0,2048.252685546875,68383400,BMRI.JK,0.6302315955528847
2018-10-04,3200.0,3212.5,3112.5,3112.5,1961.595947265625,116478400,BMRI.JK,0.6302316296435743
2018-10-05,3112.5,3175.0,3087.5,3137.5,1977.3516845703125,67792400,BMRI.JK,0.6302316126120517
2018-10-08,3137.5,3150.0,3100.0,3100.0,1953.718017578125,55327600,BMRI.JK,0.6302316185735887
2018-10-09,3100.0,3187.5,3100.0,3175.0,2000.9853515625,40331400,BMRI.JK,0.6302316067913386
2018-10-10,3200.0,3262.5,3187.5,3237.5,2040.375244140625,39230800,BMRI.JK,0.6302317356418919
2018-10-11,3125.0,3175.0,3100.0,3137.5,1977.3516845703125,64054000,BMRI.JK,0.6302316126120517
2018-10-12,3137.5,3237.5,3137.5,3200.0,2016.7413330078125,70448200,BMRI.JK,0.6302316665649415
2018-10-15,3250.0,3262.5,3187.5,3187.5,2008.86328125,40880400,BMRI.JK,0.6302316176470588
2018-10-16,3200.0,3250.0,3200.0,3250.0,2048.252685546875,29777600,BMRI.JK,0.6302315955528847
2018-10-17,3300.0,3325.0,3262.5,3287.5,2071.886474609375,43108000,BMRI.JK,0.6302316272576045
2018-10-18,3250.0,3300.0,3200.0,3250.0,2048.252685546875,39270000,BMRI.JK,0.6302315955528847
2018-10-19,3225.0,3250.0,3187.5,3225.0,2032.4974365234373,47990000,BMRI.JK,0.6302317632630813
2018-10-22,3225.0,3262.5,3187.5,3225.0,2032.4974365234373,36415600,BMRI.JK,0.6302317632630813
2018-10-23,3225.0,3237.5,3212.5,3212.5,2024.619140625,25707400,BMRI.JK,0.6302316391050584
2018-10-24,3212.5,3237.5,3162.5,3162.5,1993.1077880859373,33969400,BMRI.JK,0.6302317116477272
2018-10-25,3125.0,3237.5,3125.0,3237.5,2040.375244140625,62781600,BMRI.JK,0.6302317356418919
2018-10-26,3237.5,3250.0,3200.0,3225.0,2032.4974365234373,39723200,BMRI.JK,0.6302317632630813
2018-10-29,3212.5,3250.0,3200.0,3200.0,2016.7413330078125,40472000,BMRI.JK,0.6302316665649415
2018-10-30,3250.0,3262.5,3212.5,3262.5,2056.13037109375,34731200,BMRI.JK,0.6302315313697318
2018-10-31,3287.5,3425.0,3275.0,3425.0,2158.543212890625,111265400,BMRI.JK,0.630231595004562
2018-11-01,3450.0,3675.0,3437.5,3612.5,2276.7119140625,185151800,BMRI.JK,0.6302316717128028
2018-11-02,3662.5,3750.0,3550.0,3712.5,2339.73486328125,143785200,BMRI.JK,0.6302316130050505
2018-11-05,3700.0,3700.0,3625.0,3687.5,2323.9794921875,56013400,BMRI.JK,0.6302317266949152
2018-11-06,3737.5,3737.5,3625.0,3675.0,2316.101318359375,124000800,BMRI.JK,0.6302316512542517
2018-11-07,3687.5,3700.0,3600.0,3675.0,2316.101318359375,92281000,BMRI.JK,0.6302316512542517
2018-11-08,3700.0,3762.5,3687.5,3750.0,2363.36865234375,130444200,BMRI.JK,0.630231640625
2018-11-09,3625.0,3662.5,3575.0,3612.5,2276.7119140625,123465600,BMRI.JK,0.6302316717128028
2018-11-12,3612.5,3612.5,3487.5,3487.5,2197.9326171875,65689800,BMRI.JK,0.6302315748207885
2018-11-13,3400.0,3587.5,3400.0,3575.0,2253.078369140625,85750000,BMRI.JK,0.6302317116477273
2018-11-14,3637.5,3650.0,3562.5,3562.5,2245.199951171875,68203400,BMRI.JK,0.630231565241228
2018-11-15,3625.0,3725.0,3575.0,3700.0,2331.857421875,115193000,BMRI.JK,0.6302317356418919
2018-11-16,3737.5,3812.5,3687.5,3725.0,2347.612548828125,113146000,BMRI.JK,0.6302315567323825
2018-11-19,3750.0,3787.5,3650.0,3737.5,2355.49072265625,52926800,BMRI.JK,0.6302316314799331
2018-11-21,3612.5,3662.5,3525.0,3637.5,2292.468017578125,121808800,BMRI.JK,0.6302317574097939
2018-11-22,3637.5,3700.0,3587.5,3662.5,2308.2236328125,89601400,BMRI.JK,0.6302317086177475
2018-11-23,3675.0,3700.0,3637.5,3650.0,2300.34521484375,82350000,BMRI.JK,0.6302315657106164
2018-11-26,3625.0,3700.0,3625.0,3687.5,2323.9794921875,62934800,BMRI.JK,0.6302317266949152
2018-11-27,3687.5,3750.0,3675.0,3725.0,2347.612548828125,61028800,BMRI.JK,0.6302315567323825
2018-11-28,3750.0,3750.0,3662.5,3700.0,2331.857421875,67675000,BMRI.JK,0.6302317356418919
2018-11-29,3750.0,3825.0,3750.0,3825.0,2410.63623046875,141202600,BMRI.JK,0.6302316942401961
2018-11-30,3787.5,3812.5,3700.0,3700.0,2331.857421875,148482800,BMRI.JK,0.6302317356418919
2018-12-03,3775.0,3862.5,3775.0,3800.0,2394.880126953125,136684600,BMRI.JK,0.6302316123560855
2018-12-04,3787.5,3825.0,3775.0,3825.0,2410.63623046875,60153200,BMRI.JK,0.6302316942401961
2018-12-05,3800.0,3800.0,3762.5,3787.5,2387.002197265625,73322400,BMRI.JK,0.6302316032384488
2018-12-06,3700.0,3762.5,3700.0,3737.5,2355.49072265625,74092000,BMRI.JK,0.6302316314799331
2018-12-07,3787.5,3812.5,3737.5,3750.0,2363.36865234375,41692800,BMRI.JK,0.630231640625
2018-12-10,3687.5,3762.5,3675.0,3712.5,2339.73486328125,41105200,BMRI.JK,0.6302316130050505
2018-12-11,3725.0,3737.5,3700.0,3725.0,2347.612548828125,55657400,BMRI.JK,0.6302315567323825
2018-12-12,3737.5,3775.0,3712.5,3737.5,2355.49072265625,80631400,BMRI.JK,0.6302316314799331
2018-12-13,3750.0,3850.0,3725.0,3850.0,2426.3916015625,92920000,BMRI.JK,0.6302315848214286
2018-12-14,3825.0,3825.0,3762.5,3787.5,2387.002197265625,68756400,BMRI.JK,0.6302316032384488
2018-12-17,3725.0,3787.5,3700.0,3700.0,2331.857421875,78685000,BMRI.JK,0.6302317356418919
2018-12-18,3625.0,3675.0,3625.0,3675.0,2316.101318359375,98608800,BMRI.JK,0.6302316512542517
2018-12-19,3675.0,3737.5,3675.0,3712.5,2339.73486328125,89550000,BMRI.JK,0.6302316130050505
2018-12-20,3712.5,3712.5,3637.5,3650.0,2300.34521484375,61216000,BMRI.JK,0.6302315657106164
2018-12-21,3625.0,3650.0,3587.5,3612.5,2276.7119140625,98207400,BMRI.JK,0.6302316717128028
2018-12-26,3575.0,3625.0,3550.0,3612.5,2276.7119140625,52356800,BMRI.JK,0.6302316717128028
2018-12-27,3662.5,3675.0,3625.0,3637.5,2292.468017578125,48514400,BMRI.JK,0.6302317574097939
2018-12-28,3675.0,3725.0,3662.5,3687.5,2323.9794921875,97081600,BMRI.JK,0.6302317266949152
2019-01-02,3700.0,3700.0,3625.0,3662.5,2308.2236328125,45319200,BMRI.JK,0.6302317086177475
2019-01-03,3637.5,3675.0,3550.0,3587.5,2260.955810546875,74174000,BMRI.JK,0.6302315848214286
2019-01-04,3587.5,3725.0,3575.0,3725.0,2347.612548828125,78514000,BMRI.JK,0.6302315567323825
2019-01-07,3750.0,3787.5,3712.5,3712.5,2339.73486328125,53624800,BMRI.JK,0.6302316130050505
2019-01-08,3712.5,3737.5,3675.0,3675.0,2316.101318359375,80073200,BMRI.JK,0.6302316512542517
2019-01-09,3750.0,3787.5,3700.0,3787.5,2387.002197265625,104903400,BMRI.JK,0.6302316032384488
2019-01-10,3812.5,3850.0,3775.0,3850.0,2426.3916015625,130603200,BMRI.JK,0.6302315848214286
2019-01-11,3875.0,3900.0,3837.5,3850.0,2426.3916015625,88899400,BMRI.JK,0.6302315848214286
2019-01-14,3875.0,3875.0,3825.0,3850.0,2426.3916015625,71320000,BMRI.JK,0.6302315848214286
2019-01-15,3875.0,3900.0,3825.0,3900.0,2457.9033203125,86697200,BMRI.JK,0.6302316205929487
2019-01-16,3900.0,3912.5,3837.5,3900.0,2457.9033203125,78625600,BMRI.JK,0.6302316205929487
2019-01-17,3900.0,4025.0,3900.0,3937.5,2481.537109375,101961200,BMRI.JK,0.6302316468253968
2019-01-18,3950.0,3962.5,3912.5,3937.5,2481.537109375,56790000,BMRI.JK,0.6302316468253968
2019-01-21,3912.5,3950.0,3900.0,3900.0,2457.9033203125,111624400,BMRI.JK,0.6302316205929487
2019-01-22,3862.5,3900.0,3825.0,3875.0,2442.1474609375,123558000,BMRI.JK,0.6302316028225806
2019-01-23,3787.5,3850.0,3737.5,3737.5,2355.49072265625,162196000,BMRI.JK,0.6302316314799331
2019-01-24,3737.5,3750.0,3712.5,3737.5,2355.49072265625,179821400,BMRI.JK,0.6302316314799331
2019-01-25,3737.5,3762.5,3650.0,3687.5,2323.9794921875,143184800,BMRI.JK,0.6302317266949152
2019-01-28,3687.5,3712.5,3537.5,3587.5,2260.955810546875,207013400,BMRI.JK,0.6302315848214286
2019-01-29,3587.5,3625.0,3525.0,3562.5,2245.199951171875,162587800,BMRI.JK,0.630231565241228
2019-01-30,3562.5,3662.5,3562.5,3625.0,2284.58984375,175565200,BMRI.JK,0.6302316810344828
2019-01-31,3662.5,3737.5,3637.5,3725.0,2347.612548828125,214008600,BMRI.JK,0.6302315567323825
2019-02-01,3750.0,3812.5,3737.5,3800.0,2394.880126953125,104295400,BMRI.JK,0.6302316123560855
2019-02-04,3750.0,3800.0,3675.0,3675.0,2316.101318359375,80919200,BMRI.JK,0.6302316512542517
2019-02-06,3725.0,3762.5,3712.5,3737.5,2355.49072265625,60281400,BMRI.JK,0.6302316314799331
2019-02-07,3737.5,3775.0,3712.5,3775.0,2379.12451171875,31622800,BMRI.JK,0.6302316587334437
2019-02-08,3750.0,3787.5,3712.5,3787.5,2387.002197265625,46828400,BMRI.JK,0.6302316032384488
2019-02-11,3800.0,3812.5,3762.5,3812.5,2402.75830078125,72358200,BMRI.JK,0.6302316854508196
2019-02-12,3837.5,3837.5,3687.5,3712.5,2339.73486328125,82644200,BMRI.JK,0.6302316130050505
2019-02-13,3712.5,3737.5,3625.0,3625.0,2284.58984375,75046400,BMRI.JK,0.6302316810344828
2019-02-14,3675.0,3687.5,3587.5,3587.5,2260.955810546875,95699000,BMRI.JK,0.6302315848214286
2019-02-15,3575.0,3612.5,3550.0,3587.5,2260.955810546875,92002800,BMRI.JK,0.6302315848214286
2019-02-18,3650.0,3650.0,3587.5,3637.5,2292.468017578125,86216800,BMRI.JK,0.6302317574097939
2019-02-19,3637.5,3662.5,3562.5,3600.0,2268.833984375,92714200,BMRI.JK,0.6302316623263889
2019-02-20,3625.0,3625.0,3475.0,3550.0,2237.322265625,192881200,BMRI.JK,0.6302316241197183
2019-02-21,3562.5,3662.5,3550.0,3662.5,2308.2236328125,100203800,BMRI.JK,0.6302317086177475
2019-02-22,3637.5,3650.0,3525.0,3550.0,2237.322265625,167596800,BMRI.JK,0.6302316241197183
2019-02-25,3575.0,3625.0,3562.5,3625.0,2284.58984375,91520000,BMRI.JK,0.6302316810344828
2019-02-26,3637.5,3637.5,3575.0,3637.5,2292.468017578125,94091000,BMRI.JK,0.6302317574097939
2019-02-27,3600.0,3637.5,3575.0,3600.0,2268.833984375,72356800,BMRI.JK,0.6302316623263889
2019-02-28,3612.5,3625.0,3550.0,3562.5,2245.199951171875,84980200,BMRI.JK,0.630231565241228
2019-03-01,3575.0,3612.5,3562.5,3587.5,2260.955810546875,47003200,BMRI.JK,0.6302315848214286
2019-03-04,3587.5,3587.5,3550.0,3550.0,2237.322265625,29659800,BMRI.JK,0.6302316241197183
2019-03-05,3525.0,3562.5,3400.0,3475.0,2190.05517578125,223113200,BMRI.JK,0.6302317052607914
2019-03-06,3500.0,3537.5,3437.5,3537.5,2229.4443359375,94977600,BMRI.JK,0.6302316143992933
2019-03-08,3525.0,3525.0,3450.0,3450.0,2174.299072265625,71523400,BMRI.JK,0.6302316151494565
2019-03-11,3475.0,3475.0,3412.5,3425.0,2158.543212890625,53912400,BMRI.JK,0.630231595004562
2019-03-12,3412.5,3437.5,3337.5,3362.5,2119.15380859375,60509600,BMRI.JK,0.6302316159386617
2019-03-13,3400.0,3400.0,3325.0,3350.0,2111.2763671875,55730600,BMRI.JK,0.6302317513992537
2019-03-14,3400.0,3462.5,3362.5,3450.0,2174.299072265625,44212200,BMRI.JK,0.6302316151494565
2019-03-15,3462.5,3550.0,3462.5,3550.0,2237.322265625,71744400,BMRI.JK,0.6302316241197183
2019-03-18,3575.0,3612.5,3512.5,3550.0,2237.322265625,52140200,BMRI.JK,0.6302316241197183
2019-03-19,3587.5,3700.0,3575.0,3687.5,2323.9794921875,158696000,BMRI.JK,0.6302317266949152
2019-03-20,3700.0,3725.0,3650.0,3700.0,2331.857421875,51652800,BMRI.JK,0.6302317356418919
2019-03-21,3750.0,3762.5,3725.0,3737.5,2355.49072265625,68829800,BMRI.JK,0.6302316314799331
2019-03-22,3737.5,3750.0,3712.5,3725.0,2347.612548828125,45259400,BMRI.JK,0.6302315567323825
2019-03-25,3625.0,3662.5,3587.5,3587.5,2260.955810546875,45751600,BMRI.JK,0.6302315848214286
2019-03-26,3637.5,3675.0,3637.5,3650.0,2300.34521484375,28799400,BMRI.JK,0.6302315657106164
2019-03-27,3712.5,3712.5,3612.5,3612.5,2276.7119140625,38906600,BMRI.JK,0.6302316717128028
2019-03-28,3650.0,3687.5,3625.0,3687.5,2323.9794921875,47868600,BMRI.JK,0.6302317266949152
2019-03-29,3700.0,3750.0,3662.5,3737.5,2355.49072265625,71140200,BMRI.JK,0.6302316314799331
2019-04-01,3750.0,3762.5,3725.0,3750.0,2363.36865234375,57890600,BMRI.JK,0.630231640625
2019-04-02,3762.5,3762.5,3662.5,3712.5,2339.73486328125,36872800,BMRI.JK,0.6302316130050505
2019-04-04,3750.0,3850.0,3750.0,3837.5,2418.513916015625,119083400,BMRI.JK,0.6302316393526058
2019-04-05,3837.5,3837.5,3775.0,3775.0,2379.12451171875,40534200,BMRI.JK,0.6302316587334437
2019-04-08,3800.0,3800.0,3687.5,3750.0,2363.36865234375,45862600,BMRI.JK,0.630231640625
2019-04-09,3787.5,3862.5,3775.0,3837.5,2418.513916015625,61437800,BMRI.JK,0.6302316393526058
2019-04-10,3825.0,3837.5,3762.5,3775.0,2379.12451171875,30552600,BMRI.JK,0.6302316587334437
2019-04-11,3787.5,3800.0,3700.0,3700.0,2331.857421875,70389000,BMRI.JK,0.6302317356418919
2019-04-12,3675.0,3700.0,3650.0,3662.5,2308.2236328125,53372400,BMRI.JK,0.6302317086177475
2019-04-15,3700.0,3725.0,3662.5,3675.0,2316.101318359375,48251000,BMRI.JK,0.6302316512542517
2019-04-16,3687.5,3812.5,3675.0,3812.5,2402.75830078125,143066800,BMRI.JK,0.6302316854508196
2019-04-18,3900.0,4062.5,3887.5,3900.0,2457.9033203125,243343400,BMRI.JK,0.6302316205929487
2019-04-22,3900.0,3937.5,3825.0,3875.0,2442.1474609375,69981800,BMRI.JK,0.6302316028225806
2019-04-23,3850.0,3887.5,3837.5,3837.5,2418.513916015625,65384600,BMRI.JK,0.6302316393526058
2019-04-24,3850.0,3862.5,3812.5,3837.5,2418.513916015625,55408400,BMRI.JK,0.6302316393526058
2019-04-25,3825.0,3837.5,3775.0,3825.0,2410.63623046875,111185200,BMRI.JK,0.6302316942401961
2019-04-26,3775.0,3900.0,3737.5,3862.5,2434.269775390625,150697400,BMRI.JK,0.6302316570590615
2019-04-29,3850.0,3900.0,3837.5,3887.5,2450.025634765625,112773000,BMRI.JK,0.6302316745377814
2019-04-30,3912.5,3937.5,3862.5,3862.5,2434.269775390625,103243000,BMRI.JK,0.6302316570590615
2019-05-02,3850.0,3862.5,3812.5,3850.0,2426.3916015625,68943800,BMRI.JK,0.6302315848214286
2019-05-03,3850.0,3850.0,3787.5,3825.0,2410.63623046875,60141600,BMRI.JK,0.6302316942401961
2019-05-06,3750.0,3787.5,3662.5,3762.5,2371.24658203125,100956600,BMRI.JK,0.6302316497093023
2019-05-07,3837.5,3837.5,3775.0,3825.0,2410.63623046875,68861800,BMRI.JK,0.6302316942401961
2019-05-08,3750.0,3787.5,3725.0,3762.5,2371.24658203125,79916800,BMRI.JK,0.6302316497093023
2019-05-09,3725.0,3787.5,3725.0,3750.0,2363.36865234375,90947000,BMRI.JK,0.630231640625
2019-05-10,3775.0,3787.5,3687.5,3737.5,2355.49072265625,65009400,BMRI.JK,0.6302316314799331
2019-05-13,3787.5,3825.0,3750.0,3762.5,2371.24658203125,83342800,BMRI.JK,0.6302316497093023
2019-05-14,3725.0,3762.5,3700.0,3725.0,2347.612548828125,85983800,BMRI.JK,0.6302315567323825
2019-05-15,3762.5,3800.0,3712.5,3712.5,2339.73486328125,112972400,BMRI.JK,0.6302316130050505
2019-05-16,3675.0,3725.0,3625.0,3675.0,2316.101318359375,86481000,BMRI.JK,0.6302316512542517
2019-05-17,3750.0,3750.0,3537.5,3537.5,2229.4443359375,59716600,BMRI.JK,0.6302316143992933
2019-05-20,3500.0,3637.5,3487.5,3612.5,2276.7119140625,93447200,BMRI.JK,0.6302316717128028
2019-05-21,3637.5,3675.0,3537.5,3625.0,2284.58984375,128877200,BMRI.JK,0.6302316810344828
2019-05-22,3662.5,3700.0,3612.5,3650.0,2300.34521484375,88253000,BMRI.JK,0.6302315657106164
2019-05-23,3675.0,3800.0,3662.5,3787.5,2387.002197265625,65668800,BMRI.JK,0.6302316032384488
2019-05-24,3800.0,3887.5,3787.5,3850.0,2426.3916015625,99151200,BMRI.JK,0.6302315848214286
2019-05-27,3800.0,3862.5,3762.5,3862.5,2512.99365234375,144611000,BMRI.JK,0.6506132433252427
2019-05-28,3850.0,3850.0,3675.0,3687.5,2399.13671875,298780800,BMRI.JK,0.6506133474576271
2019-05-29,3725.0,3775.0,3700.0,3775.0,2456.065185546875,89397400,BMRI.JK,0.6506132941846027
2019-05-31,3800.0,3887.5,3775.0,3837.5,2496.728515625,173453000,BMRI.JK,0.6506132939739414
2019-06-10,3925.0,3975.0,3912.5,3925.0,2553.656982421875,208042400,BMRI.JK,0.6506132439291401
2019-06-11,3937.5,3950.0,3900.0,3937.5,2561.789794921875,107140400,BMRI.JK,0.65061328125
2019-06-12,3950.0,3950.0,3900.0,3937.5,2561.789794921875,69330800,BMRI.JK,0.65061328125
2019-06-13,3937.5,3950.0,3850.0,3912.5,2545.5244140625,63482400,BMRI.JK,0.6506132687699681
2019-06-14,3937.5,3937.5,3900.0,3912.5,2545.5244140625,61672200,BMRI.JK,0.6506132687699681
2019-06-17,3950.0,3950.0,3900.0,3900.0,2537.391845703125,47269400,BMRI.JK,0.6506132937700321
2019-06-18,3887.5,3937.5,3887.5,3925.0,2553.656982421875,104106200,BMRI.JK,0.6506132439291401
2019-06-19,3950.0,4000.0,3937.5,3987.5,2594.3203125,156615200,BMRI.JK,0.6506132445141066
2019-06-20,4000.0,4025.0,3962.5,3975.0,2586.1875,93589200,BMRI.JK,0.6506132075471698
2019-06-21,4000.0,4012.5,3950.0,3987.5,2594.3203125,145919600,BMRI.JK,0.6506132445141066
2019-06-24,3950.0,4012.5,3950.0,3987.5,2594.3203125,70252200,BMRI.JK,0.6506132445141066
2019-06-25,4012.5,4012.5,3962.5,3975.0,2586.1875,59303200,BMRI.JK,0.6506132075471698
2019-06-26,3925.0,4000.0,3925.0,3975.0,2586.1875,72115200,BMRI.JK,0.6506132075471698
2019-06-27,3987.5,4025.0,3987.5,4000.0,2602.453125,63152000,BMRI.JK,0.65061328125
2019-06-28,4012.5,4025.0,3987.5,4012.5,2610.58544921875,61888000,BMRI.JK,0.6506131960669782
2019-07-01,4025.0,4037.5,3987.5,4000.0,2602.453125,61455600,BMRI.JK,0.65061328125
2019-07-02,4025.0,4025.0,3987.5,4012.5,2610.58544921875,64875600,BMRI.JK,0.6506131960669782
2019-07-03,3975.0,4012.5,3975.0,4012.5,2610.58544921875,93933600,BMRI.JK,0.6506131960669782
2019-07-04,4025.0,4025.0,4000.0,4012.5,2610.58544921875,31578600,BMRI.JK,0.6506131960669782
2019-07-05,3962.5,4012.5,3862.5,3912.5,2545.5244140625,186756200,BMRI.JK,0.6506132687699681
2019-07-08,3875.0,3937.5,3862.5,3937.5,2561.789794921875,105905600,BMRI.JK,0.65061328125
2019-07-09,3912.5,3962.5,3900.0,3950.0,2569.922607421875,88590800,BMRI.JK,0.6506133183346519
2019-07-10,3975.0,4000.0,3962.5,3975.0,2586.1875,100964600,BMRI.JK,0.6506132075471698
2019-07-11,4012.5,4025.0,3987.5,4000.0,2602.453125,70231200,BMRI.JK,0.65061328125
2019-07-12,4025.0,4062.5,4012.5,4037.5,2626.85107421875,73474000,BMRI.JK,0.6506132691563468
2019-07-15,4075.0,4087.5,4050.0,4075.0,2651.2490234375,89444800,BMRI.JK,0.6506132572852761
2019-07-16,4037.5,4062.5,3987.5,4037.5,2626.85107421875,146626400,BMRI.JK,0.6506132691563468
2019-07-17,4000.0,4025.0,3975.0,3987.5,2594.3203125,128231000,BMRI.JK,0.6506132445141066
2019-07-18,3950.0,3975.0,3912.5,3925.0,2553.656982421875,142262000,BMRI.JK,0.6506132439291401
2019-07-19,3900.0,3950.0,3900.0,3937.5,2561.789794921875,104530000,BMRI.JK,0.65061328125
2019-07-22,3900.0,3912.5,3875.0,3887.5,2529.259033203125,82851000,BMRI.JK,0.6506132561294212
2019-07-23,3912.5,3925.0,3850.0,3850.0,2504.861328125,74981800,BMRI.JK,0.6506133319805195
2019-07-24,3850.0,3912.5,3850.0,3850.0,2504.861328125,65565800,BMRI.JK,0.6506133319805195
2019-07-25,3862.5,3900.0,3850.0,3900.0,2537.391845703125,77462000,BMRI.JK,0.6506132937700321
2019-07-26,3825.0,3887.5,3812.5,3875.0,2521.126220703125,62727400,BMRI.JK,0.6506132182459677
2019-07-29,3912.5,3912.5,3837.5,3900.0,2537.391845703125,55206400,BMRI.JK,0.6506132937700321
2019-07-30,3900.0,3987.5,3862.5,3975.0,2586.1875,87075600,BMRI.JK,0.6506132075471698
2019-07-31,3937.5,3987.5,3900.0,3987.5,2594.3203125,59008800,BMRI.JK,0.6506132445141066
2019-08-01,3937.5,3950.0,3862.5,3887.5,2529.259033203125,96731000,BMRI.JK,0.6506132561294212
2019-08-02,3850.0,3875.0,3800.0,3837.5,2496.728515625,103727000,BMRI.JK,0.6506132939739414
2019-08-05,3800.0,3825.0,3662.5,3712.5,2415.401611328125,129862600,BMRI.JK,0.6506132286405724
2019-08-06,3650.0,3700.0,3550.0,3625.0,2358.47265625,157132400,BMRI.JK,0.6506131465517241
2019-08-07,3637.5,3700.0,3637.5,3675.0,2391.00390625,103932800,BMRI.JK,0.6506133078231292
2019-08-08,3725.0,3762.5,3675.0,3750.0,2439.799560546875,85711800,BMRI.JK,0.6506132161458333
2019-08-09,3750.0,3775.0,3725.0,3725.0,2423.534423828125,39017600,BMRI.JK,0.6506132681417786
2019-08-12,3750.0,3750.0,3675.0,3700.0,2407.268798828125,69256600,BMRI.JK,0.6506131888724662
2019-08-13,3775.0,3775.0,3650.0,3675.0,2391.00390625,68067800,BMRI.JK,0.6506133078231292
2019-08-14,3750.0,3762.5,3675.0,3750.0,2439.799560546875,107613000,BMRI.JK,0.6506132161458333
2019-08-15,3675.0,3700.0,3650.0,3700.0,2407.268798828125,57456400,BMRI.JK,0.6506131888724662
2019-08-16,3700.0,3712.5,3662.5,3687.5,2399.13671875,47693000,BMRI.JK,0.6506133474576271
2019-08-19,3725.0,3725.0,3662.5,3675.0,2391.00390625,38551200,BMRI.JK,0.6506133078231292
2019-08-20,3712.5,3725.0,3650.0,3687.5,2399.13671875,75396200,BMRI.JK,0.6506133474576271
2019-08-21,3662.5,3675.0,3612.5,3612.5,2350.340576171875,49841400,BMRI.JK,0.650613308282872
2019-08-22,3650.0,3662.5,3575.0,3612.5,2350.340576171875,77652800,BMRI.JK,0.650613308282872
2019-08-23,3625.0,3625.0,3575.0,3587.5,2334.0751953125,44535800,BMRI.JK,0.6506132948606271
2019-08-26,3550.0,3550.0,3500.0,3525.0,2293.411865234375,78614600,BMRI.JK,0.6506132951019503
2019-08-27,3525.0,3562.5,3512.5,3512.5,2285.279052734375,153201600,BMRI.JK,0.6506132534475089
2019-08-28,3512.5,3550.0,3475.0,3525.0,2293.411865234375,96082400,BMRI.JK,0.6506132951019503
2019-08-29,3525.0,3550.0,3512.5,3537.5,2301.54443359375,63748800,BMRI.JK,0.6506132674469964
2019-08-30,3562.5,3625.0,3537.5,3625.0,2358.47265625,106370600,BMRI.JK,0.6506131465517241
2019-09-02,3612.5,3612.5,3562.5,3587.5,2334.0751953125,37622200,BMRI.JK,0.6506132948606271
2019-09-03,3587.5,3600.0,3412.5,3450.0,2244.61572265625,96998200,BMRI.JK,0.6506132529438405
2019-09-04,3487.5,3487.5,3425.0,3462.5,2252.748291015625,74434600,BMRI.JK,0.6506132248420577
2019-09-05,3500.0,3512.5,3462.5,3487.5,2269.013671875,78642800,BMRI.JK,0.6506132392473118
2019-09-06,3512.5,3575.0,3487.5,3525.0,2293.411865234375,88646000,BMRI.JK,0.6506132951019503
2019-09-09,3537.5,3537.5,3462.5,3487.5,2269.013671875,55841400,BMRI.JK,0.6506132392473118
2019-09-10,3450.0,3525.0,3450.0,3525.0,2293.411865234375,52070400,BMRI.JK,0.6506132951019503
2019-09-11,3500.0,3575.0,3475.0,3575.0,2325.942138671875,80777800,BMRI.JK,0.6506131856424825
2019-09-12,3625.0,3662.5,3550.0,3575.0,2325.942138671875,84564600,BMRI.JK,0.6506131856424825
2019-09-13,3612.5,3625.0,3562.5,3600.0,2342.207763671875,28700200,BMRI.JK,0.650613267686632
2019-09-16,3525.0,3550.0,3462.5,3500.0,2277.146484375,66615800,BMRI.JK,0.65061328125
2019-09-17,3462.5,3550.0,3462.5,3487.5,2269.013671875,70992200,BMRI.JK,0.6506132392473118
2019-09-18,3537.5,3600.0,3525.0,3600.0,2342.207763671875,53708400,BMRI.JK,0.650613267686632
2019-09-19,3587.5,3587.5,3537.5,3550.0,2309.677001953125,35941600,BMRI.JK,0.6506132399867958
2019-09-20,3550.0,3575.0,3487.5,3537.5,2301.54443359375,104743400,BMRI.JK,0.6506132674469964
2019-09-23,3525.0,3550.0,3475.0,3500.0,2277.146484375,49012600,BMRI.JK,0.65061328125
2019-09-24,3462.5,3487.5,3425.0,3475.0,2260.88134765625,52110000,BMRI.JK,0.650613337455036
2019-09-25,3487.5,3500.0,3437.5,3450.0,2244.61572265625,37565400,BMRI.JK,0.6506132529438405
2019-09-26,3500.0,3550.0,3475.0,3550.0,2309.677001953125,45471400,BMRI.JK,0.6506132399867958
2019-09-27,3500.0,3525.0,3475.0,3487.5,2269.013671875,44329400,BMRI.JK,0.6506132392473118
2019-09-30,3450.0,3487.5,3450.0,3487.5,2269.013671875,58294000,BMRI.JK,0.6506132392473118
2019-10-01,3450.0,3525.0,3450.0,3450.0,2244.61572265625,31243400,BMRI.JK,0.6506132529438405
2019-10-02,3437.5,3475.0,3250.0,3262.5,2122.625732421875,129586200,BMRI.JK,0.6506132513170498
2019-10-03,3262.5,3262.5,3137.5,3200.0,2081.962158203125,146789000,BMRI.JK,0.6506131744384765
2019-10-04,3225.0,3262.5,3162.5,3200.0,2081.962158203125,69121800,BMRI.JK,0.6506131744384765
2019-10-07,3237.5,3237.5,3162.5,3175.0,2065.697021484375,36656400,BMRI.JK,0.650613235113189
2019-10-08,3175.0,3250.0,3175.0,3250.0,2114.492919921875,104992000,BMRI.JK,0.6506132061298077
2019-10-09,3225.0,3237.5,3200.0,3212.5,2090.09521484375,55131400,BMRI.JK,0.6506132964494163
2019-10-10,3212.5,3300.0,3212.5,3262.5,2122.625732421875,120255400,BMRI.JK,0.6506132513170498
2019-10-11,3250.0,3325.0,3237.5,3275.0,2130.75830078125,96816400,BMRI.JK,0.6506132216125954
2019-10-14,3312.5,3337.5,3250.0,3300.0,2147.023681640625,65272800,BMRI.JK,0.6506132368607954
2019-10-15,3275.0,3300.0,3250.0,3287.5,2138.89111328125,94139600,BMRI.JK,0.6506132663973384
2019-10-16,3300.0,3325.0,3275.0,3312.5,2155.15625,118973800,BMRI.JK,0.6506132075471698
2019-10-17,3312.5,3350.0,3312.5,3350.0,2179.554443359375,150037800,BMRI.JK,0.6506132666744403
2019-10-18,3337.5,3437.5,3325.0,3387.5,2203.952392578125,117544400,BMRI.JK,0.6506132524215867
2019-10-21,3400.0,3412.5,3350.0,3400.0,2212.085205078125,83622800,BMRI.JK,0.6506132956112133
2019-10-22,3425.0,3425.0,3375.0,3412.5,2220.2177734375,62050200,BMRI.JK,0.650613266941392
2019-10-23,3412.5,3550.0,3375.0,3537.5,2301.54443359375,98440400,BMRI.JK,0.6506132674469964
2019-10-24,3562.5,3625.0,3537.5,3612.5,2350.340576171875,132797200,BMRI.JK,0.650613308282872
2019-10-25,3637.5,3637.5,3487.5,3500.0,2277.146484375,105735200,BMRI.JK,0.65061328125
2019-10-28,3500.0,3537.5,3462.5,3500.0,2277.146484375,46389600,BMRI.JK,0.65061328125
2019-10-29,3550.0,3575.0,3500.0,3550.0,2309.677001953125,91735400,BMRI.JK,0.6506132399867958
2019-10-30,3537.5,3537.5,3487.5,3512.5,2285.279052734375,47667200,BMRI.JK,0.6506132534475089
2019-10-31,3525.0,3525.0,3450.0,3512.5,2285.279052734375,78160000,BMRI.JK,0.6506132534475089
2019-11-01,3512.5,3512.5,3462.5,3487.5,2269.013671875,24366800,BMRI.JK,0.6506132392473118
2019-11-04,3500.0,3512.5,3437.5,3437.5,2236.48291015625,56584800,BMRI.JK,0.6506132102272727
2019-11-05,3475.0,3600.0,3462.5,3600.0,2342.207763671875,94253000,BMRI.JK,0.650613267686632
2019-11-06,3587.5,3600.0,3412.5,3487.5,2269.013671875,113175200,BMRI.JK,0.6506132392473118
2019-11-07,3512.5,3512.5,3387.5,3500.0,2277.146484375,78753600,BMRI.JK,0.65061328125
2019-11-08,3487.5,3575.0,3425.0,3550.0,2309.677001953125,76355000,BMRI.JK,0.6506132399867958
2019-11-11,3537.5,3550.0,3487.5,3525.0,2293.411865234375,45212000,BMRI.JK,0.6506132951019503
2019-11-12,3500.0,3550.0,3462.5,3512.5,2285.279052734375,52900800,BMRI.JK,0.6506132534475089
2019-11-13,3500.0,3500.0,3387.5,3437.5,2236.48291015625,75148400,BMRI.JK,0.6506132102272727
2019-11-14,3437.5,3450.0,3350.0,3437.5,2236.48291015625,66698600,BMRI.JK,0.6506132102272727
2019-11-15,3462.5,3512.5,3462.5,3475.0,2260.88134765625,47017200,BMRI.JK,0.650613337455036
2019-11-18,3475.0,3512.5,3437.5,3487.5,2269.013671875,61287000,BMRI.JK,0.6506132392473118
2019-11-19,3512.5,3575.0,3475.0,3575.0,2325.942138671875,67006200,BMRI.JK,0.6506131856424825
2019-11-20,3575.0,3600.0,3525.0,3550.0,2309.677001953125,46727600,BMRI.JK,0.6506132399867958
2019-11-21,3500.0,3600.0,3475.0,3587.5,2334.0751953125,60944600,BMRI.JK,0.6506132948606271
2019-11-22,3550.0,3587.5,3525.0,3537.5,2301.54443359375,40452800,BMRI.JK,0.6506132674469964
2019-11-25,3500.0,3525.0,3462.5,3487.5,2269.013671875,47676200,BMRI.JK,0.6506132392473118
2019-11-26,3500.0,3525.0,3450.0,3462.5,2252.748291015625,173533200,BMRI.JK,0.6506132248420577
2019-11-27,3412.5,3487.5,3400.0,3450.0,2244.61572265625,72928800,BMRI.JK,0.6506132529438405
2019-11-28,3425.0,3450.0,3387.5,3387.5,2203.952392578125,56275200,BMRI.JK,0.6506132524215867
2019-11-29,3387.5,3500.0,3387.5,3487.5,2269.013671875,53250600,BMRI.JK,0.6506132392473118
2019-12-02,3487.5,3575.0,3462.5,3550.0,2309.677001953125,74561000,BMRI.JK,0.6506132399867958
2019-12-03,3525.0,3587.5,3512.5,3587.5,2334.0751953125,79039000,BMRI.JK,0.6506132948606271
2019-12-04,3537.5,3575.0,3525.0,3537.5,2301.54443359375,65802200,BMRI.JK,0.6506132674469964
2019-12-05,3550.0,3600.0,3537.5,3587.5,2334.0751953125,74217800,BMRI.JK,0.6506132948606271
2019-12-06,3600.0,3612.5,3562.5,3587.5,2334.0751953125,53720600,BMRI.JK,0.6506132948606271
2019-12-09,3600.0,3650.0,3600.0,3625.0,2358.47265625,72098600,BMRI.JK,0.6506131465517241
2019-12-10,3600.0,3700.0,3600.0,3687.5,2399.13671875,132230000,BMRI.JK,0.6506133474576271
2019-12-11,3675.0,3700.0,3662.5,3675.0,2391.00390625,68454200,BMRI.JK,0.6506133078231292
2019-12-12,3662.5,3725.0,3637.5,3650.0,2374.738525390625,79738600,BMRI.JK,0.6506132946275685
2019-12-13,3700.0,3725.0,3675.0,3687.5,2399.13671875,127472400,BMRI.JK,0.6506133474576271
2019-12-16,3675.0,3712.5,3675.0,3675.0,2391.00390625,96037400,BMRI.JK,0.6506133078231292
2019-12-17,3675.0,3700.0,3662.5,3675.0,2391.00390625,100790000,BMRI.JK,0.6506133078231292
2019-12-18,3675.0,3775.0,3662.5,3762.5,2447.932373046875,123281600,BMRI.JK,0.6506132552948505
2019-12-19,3762.5,3800.0,3737.5,3800.0,2472.330322265625,112903200,BMRI.JK,0.6506132427014802
2019-12-20,3775.0,3850.0,3775.0,3850.0,2504.861328125,150472200,BMRI.JK,0.6506133319805195
2019-12-23,3900.0,3900.0,3837.5,3862.5,2512.99365234375,131246800,BMRI.JK,0.6506132433252427
2019-12-26,3887.5,3912.5,3875.0,3900.0,2537.391845703125,140936400,BMRI.JK,0.6506132937700321
2019-12-27,3912.5,3912.5,3862.5,3875.0,2521.126220703125,58182800,BMRI.JK,0.6506132182459677
2019-12-30,3862.5,3900.0,3825.0,3837.5,2496.728515625,78005800,BMRI.JK,0.6506132939739414
2020-01-02,3837.5,3887.5,3825.0,3875.0,2521.126220703125,37379800,BMRI.JK,0.6506132182459677
2020-01-03,3875.0,3912.5,3812.5,3862.5,2512.99365234375,70294600,BMRI.JK,0.6506132433252427
2020-01-06,3825.0,3837.5,3762.5,3800.0,2472.330322265625,61892000,BMRI.JK,0.6506132427014802
2020-01-07,3862.5,3862.5,3787.5,3800.0,2472.330322265625,70895600,BMRI.JK,0.6506132427014802
2020-01-08,3775.0,3775.0,3687.5,3750.0,2439.799560546875,105080600,BMRI.JK,0.6506132161458333
2020-01-09,3775.0,3862.5,3762.5,3850.0,2504.861328125,75587000,BMRI.JK,0.6506133319805195
2020-01-10,3850.0,3862.5,3825.0,3862.5,2512.99365234375,64231800,BMRI.JK,0.6506132433252427
2020-01-13,3862.5,3875.0,3825.0,3862.5,2512.99365234375,75399600,BMRI.JK,0.6506132433252427
2020-01-14,3900.0,3900.0,3850.0,3875.0,2521.126220703125,104134400,BMRI.JK,0.6506132182459677
2020-01-15,3875.0,3900.0,3800.0,3825.0,2488.595947265625,89795200,BMRI.JK,0.6506133195465686
2020-01-16,3800.0,3837.5,3762.5,3775.0,2456.065185546875,145432200,BMRI.JK,0.6506132941846027
2020-01-17,3787.5,3875.0,3762.5,3862.5,2512.99365234375,130500200,BMRI.JK,0.6506132433252427
2020-01-20,3900.0,3900.0,3800.0,3812.5,2480.462890625,24031800,BMRI.JK,0.6506132172131147
2020-01-21,3875.0,3875.0,3812.5,3850.0,2504.861328125,39166600,BMRI.JK,0.6506133319805195
2020-01-22,3875.0,3925.0,3862.5,3900.0,2537.391845703125,122175200,BMRI.JK,0.6506132937700321
2020-01-23,3900.0,3912.5,3850.0,3887.5,2529.259033203125,83127800,BMRI.JK,0.6506132561294212
2020-01-24,3912.5,4000.0,3862.5,3962.5,2578.054931640625,154702000,BMRI.JK,0.6506132319597792
2020-01-27,3975.0,3987.5,3850.0,3862.5,2512.99365234375,98280000,BMRI.JK,0.6506132433252427
2020-01-28,3825.0,3912.5,3800.0,3875.0,2521.126220703125,69349600,BMRI.JK,0.6506132182459677
2020-01-29,3912.5,3962.5,3887.5,3900.0,2537.391845703125,109661000,BMRI.JK,0.6506132937700321
2020-01-30,3900.0,3912.5,3800.0,3825.0,2488.595947265625,85395600,BMRI.JK,0.6506133195465686
2020-01-31,3837.5,3850.0,3725.0,3775.0,2456.065185546875,157661000,BMRI.JK,0.6506132941846027
2020-02-03,3700.0,3787.5,3675.0,3750.0,2439.799560546875,87271800,BMRI.JK,0.6506132161458333
2020-02-04,3800.0,3837.5,3750.0,3762.5,2447.932373046875,138857400,BMRI.JK,0.6506132552948505
2020-02-05,3800.0,3850.0,3775.0,3850.0,2504.861328125,130211200,BMRI.JK,0.6506133319805195
2020-02-06,3900.0,3925.0,3837.5,3850.0,2504.861328125,111029400,BMRI.JK,0.6506133319805195
2020-02-07,3837.5,3875.0,3837.5,3862.5,2512.99365234375,86438600,BMRI.JK,0.6506132433252427
2020-02-10,3850.0,3875.0,3800.0,3862.5,2512.99365234375,78553800,BMRI.JK,0.6506132433252427
2020-02-11,3862.5,3912.5,3837.5,3887.5,2529.259033203125,98520200,BMRI.JK,0.6506132561294212
2020-02-12,3912.5,3950.0,3887.5,3900.0,2537.391845703125,104678800,BMRI.JK,0.6506132937700321
2020-02-13,3912.5,3975.0,3900.0,3925.0,2553.656982421875,87904000,BMRI.JK,0.6506132439291401
2020-02-14,3875.0,3925.0,3875.0,3912.5,2545.5244140625,41345200,BMRI.JK,0.6506132687699681
2020-02-17,3925.0,3937.5,3900.0,3925.0,2553.656982421875,29816600,BMRI.JK,0.6506132439291401
2020-02-18,3900.0,3925.0,3900.0,3912.5,2545.5244140625,65442000,BMRI.JK,0.6506132687699681
2020-02-19,3925.0,3975.0,3900.0,3975.0,2586.1875,121614200,BMRI.JK,0.6506132075471698
2020-02-20,4012.5,4025.0,3962.5,4000.0,2602.453125,114537600,BMRI.JK,0.65061328125
2020-02-21,3975.0,4000.0,3912.5,3950.0,2569.922607421875,91798000,BMRI.JK,0.6506133183346519
2020-02-24,3900.0,3912.5,3825.0,3887.5,2529.259033203125,128768800,BMRI.JK,0.6506132561294212
2020-02-25,3887.5,3950.0,3850.0,3900.0,2537.391845703125,105951800,BMRI.JK,0.6506132937700321
2020-02-26,3875.0,3875.0,3825.0,3825.0,2488.595947265625,198171000,BMRI.JK,0.6506133195465686
2020-02-27,3825.0,3850.0,3625.0,3675.0,2391.00390625,223088600,BMRI.JK,0.6506133078231292
2020-02-28,3375.0,3637.5,3275.0,3637.5,2486.122802734375,188868200,BMRI.JK,0.6834701863187285
2020-03-02,3575.0,3625.0,3475.0,3475.0,2375.058837890625,101550200,BMRI.JK,0.6834701691771583
2020-03-03,3550.0,3675.0,3512.5,3600.0,2460.49267578125,96445200,BMRI.JK,0.6834701877170138
2020-03-04,3625.0,3750.0,3612.5,3737.5,2554.469970703125,92555400,BMRI.JK,0.6834702262750836
2020-03-05,3775.0,3825.0,3750.0,3800.0,2597.186767578125,104748600,BMRI.JK,0.6834702019942435
2020-03-06,3700.0,3700.0,3612.5,3625.0,2477.57958984375,72311200,BMRI.JK,0.6834702316810345
2020-03-09,3500.0,3500.0,3287.5,3287.5,2246.908447265625,113132400,BMRI.JK,0.6834702501188213
2020-03-10,3325.0,3500.0,3325.0,3437.5,2349.4287109375,114052000,BMRI.JK,0.6834701704545455
2020-03-11,3462.5,3525.0,3312.5,3412.5,2332.341796875,97168800,BMRI.JK,0.6834701236263736
2020-03-12,3237.5,3337.5,3112.5,3212.5,2195.648193359375,91578200,BMRI.JK,0.6834702547422179
2020-03-13,3100.0,3237.5,3000.0,3175.0,2170.01806640625,238623800,BMRI.JK,0.6834702571358268
2020-03-17,2962.5,2962.5,2762.5,2762.5,1888.08642578125,186380400,BMRI.JK,0.683470199377828
2020-03-18,2800.0,2825.0,2575.0,2575.0,1759.935791015625,215103400,BMRI.JK,0.6834702101031553
2020-03-19,2500.0,2500.0,2395.0,2395.0,1636.911376953125,167876200,BMRI.JK,0.6834703035294886
2020-03-20,2370.0,2370.0,2230.0,2230.0,1524.1385498046875,478236600,BMRI.JK,0.6834702017061379
2020-03-23,2175.0,2175.0,2075.0,2075.0,1418.20068359375,59985800,BMRI.JK,0.6834702089608434
2020-03-24,2075.0,2115.0,1930.0,1930.0,1319.097412109375,237296200,BMRI.JK,0.6834701617147021
2020-03-26,1900.0,2290.0,1890.0,2235.0,1527.555908203125,386557200,BMRI.JK,0.6834702050125839
2020-03-27,2255.0,2612.5,2250.0,2470.0,1688.17138671875,396812000,BMRI.JK,0.6834701970521255
2020-03-30,2420.0,2420.0,2300.0,2300.0,1571.9814453125,39766600,BMRI.JK,0.6834701936141304
2020-03-31,2325.0,2410.0,2225.0,2340.0,1599.3203125,208047600,BMRI.JK,0.683470219017094
2020-04-01,2325.0,2440.0,2220.0,2305.0,1575.39892578125,152367000,BMRI.JK,0.6834702497966377
2020-04-02,2285.0,2375.0,2180.0,2375.0,1623.2415771484375,132225200,BMRI.JK,0.6834701377467105
2020-04-03,2400.0,2512.5,2400.0,2512.5,1717.21875,105225600,BMRI.JK,0.6834701492537314
2020-04-06,2512.5,2612.5,2450.0,2600.0,1777.0225830078125,113980400,BMRI.JK,0.683470224233774
2020-04-07,2700.0,2800.0,2485.0,2562.5,1751.3922119140625,191464600,BMRI.JK,0.6834701314786585
2020-04-08,2587.5,2587.5,2385.0,2385.0,1630.0762939453125,155834800,BMRI.JK,0.683470144211871
2020-04-09,2400.0,2450.0,2305.0,2335.0,1595.903076171875,163570800,BMRI.JK,0.6834702681678265
2020-04-13,2340.0,2340.0,2235.0,2235.0,1527.555908203125,115331000,BMRI.JK,0.6834702050125839
2020-04-14,2240.0,2320.0,2200.0,2285.0,1561.7294921875,132848000,BMRI.JK,0.6834702372811816
2020-04-15,2320.0,2345.0,2200.0,2200.0,1503.6343994140625,124661000,BMRI.JK,0.6834701815518466
2020-04-16,2200.0,2200.0,2075.0,2105.0,1438.704833984375,215224000,BMRI.JK,0.6834702299213183
2020-04-17,2110.0,2210.0,2110.0,2190.0,1496.7996826171875,163407600,BMRI.JK,0.6834701747110445
2020-04-20,2225.0,2265.0,2135.0,2185.0,1493.3824462890625,120672000,BMRI.JK,0.6834702271345824
2020-04-21,2185.0,2205.0,2125.0,2175.0,1486.547607421875,92203200,BMRI.JK,0.6834701643318966
2020-04-22,2165.0,2250.0,2125.0,2245.0,1534.3907470703125,126786800,BMRI.JK,0.6834702659555958
2020-04-23,2245.0,2285.0,2240.0,2250.0,1537.8079833984375,115336400,BMRI.JK,0.68347021484375
2020-04-24,2250.0,2250.0,2140.0,2140.0,1462.626220703125,131631400,BMRI.JK,0.6834701965902453
2020-04-27,2155.0,2175.0,2045.0,2075.0,1418.20068359375,205382600,BMRI.JK,0.6834702089608434
2020-04-28,2095.0,2120.0,2035.0,2075.0,1418.20068359375,157370600,BMRI.JK,0.6834702089608434
2020-04-29,2100.0,2110.0,2000.0,2000.0,1366.9405517578125,192650200,BMRI.JK,0.6834702758789063
2020-04-30,2035.0,2240.0,2030.0,2230.0,1524.1385498046875,229509600,BMRI.JK,0.6834702017061379
2020-05-04,2230.0,2230.0,2120.0,2145.0,1466.0435791015625,80572600,BMRI.JK,0.6834702000473485
2020-05-05,2150.0,2200.0,2080.0,2110.0,1442.1220703125,185282400,BMRI.JK,0.6834701755035545
2020-05-06,2125.0,2130.0,2080.0,2080.0,1421.6180419921875,138733000,BMRI.JK,0.683470212496244
2020-05-08,2100.0,2155.0,2090.0,2100.0,1435.287353515625,127482200,BMRI.JK,0.6834701683407738
2020-05-11,2140.0,2140.0,2095.0,2115.0,1445.53955078125,83552200,BMRI.JK,0.6834702367760047
2020-05-12,2115.0,2115.0,2000.0,2005.0,1370.3577880859375,188578000,BMRI.JK,0.683470218496727
2020-05-13,1995.0,2025.0,1950.0,2005.0,1370.3577880859375,134821600,BMRI.JK,0.683470218496727
2020-05-14,1985.0,2005.0,1950.0,1975.0,1349.853515625,141388800,BMRI.JK,0.6834701344936709
2020-05-15,1975.0,1995.0,1840.0,1880.0,1284.923828125,227234200,BMRI.JK,0.6834701213430852
2020-05-18,1900.0,1900.0,1830.0,1860.0,1271.2547607421875,158710600,BMRI.JK,0.6834703014742943
2020-05-19,1880.0,2000.0,1880.0,1930.0,1319.097412109375,199655000,BMRI.JK,0.6834701617147021
2020-05-20,1925.0,2060.0,1915.0,2035.0,1390.86181640625,237644400,BMRI.JK,0.6834701800522113
2020-05-26,2065.0,2080.0,2030.0,2050.0,1401.1138916015625,180545000,BMRI.JK,0.6834701910251524
2020-05-27,2075.0,2100.0,2005.0,2055.0,1404.53125,124329600,BMRI.JK,0.6834701946472019
2020-05-28,2075.0,2170.0,2075.0,2145.0,1466.0435791015625,265460200,BMRI.JK,0.6834702000473485
2020-05-29,2145.0,2245.0,2125.0,2235.0,1527.555908203125,350546800,BMRI.JK,0.6834702050125839
2020-06-02,2275.0,2495.0,2265.0,2310.0,1578.8162841796875,207635400,BMRI.JK,0.6834702528916397
2020-06-03,2335.0,2475.0,2295.0,2430.0,1660.832763671875,296607800,BMRI.JK,0.683470273115998
2020-06-04,2450.0,2500.0,2360.0,2365.0,1616.406982421875,169836200,BMRI.JK,0.6834701828422305
2020-06-05,2365.0,2435.0,2300.0,2425.0,1657.4151611328125,185391000,BMRI.JK,0.6834701695393042
2020-06-08,2500.0,2662.5,2475.0,2625.0,1794.1092529296875,292605200,BMRI.JK,0.6834701915922619
2020-06-09,2650.0,2725.0,2575.0,2637.5,1802.65283203125,147413600,BMRI.JK,0.6834702680687204
2020-06-10,2600.0,2612.5,2455.0,2455.0,1677.9193115234375,289644200,BMRI.JK,0.6834701879932535
2020-06-11,2400.0,2435.0,2285.0,2345.0,1602.737548828125,364783800,BMRI.JK,0.6834701700759594
2020-06-12,2295.0,2450.0,2215.0,2445.0,1671.084716796875,289959400,BMRI.JK,0.6834702318187628
2020-06-15,2425.0,2455.0,2345.0,2360.0,1612.98974609375,169814600,BMRI.JK,0.6834702313956568
2020-06-16,2410.0,2525.0,2410.0,2512.5,1717.21875,146116600,BMRI.JK,0.6834701492537314
2020-06-17,2550.0,2600.0,2445.0,2450.0,1674.502197265625,213944600,BMRI.JK,0.6834702845982142
2020-06-18,2420.0,2485.0,2390.0,2410.0,1647.1632080078125,152175200,BMRI.JK,0.6834702107916234
2020-06-19,2440.0,2475.0,2410.0,2440.0,1667.6673583984375,126356800,BMRI.JK,0.6834702288518186
2020-06-22,2440.0,2455.0,2400.0,2405.0,1643.7457275390625,66825000,BMRI.JK,0.6834701569808992
2020-06-23,2425.0,2425.0,2345.0,2395.0,1636.911376953125,95010400,BMRI.JK,0.6834703035294886
2020-06-24,2445.0,2600.0,2445.0,2575.0,1759.935791015625,278417000,BMRI.JK,0.6834702101031553
2020-06-25,2537.5,2600.0,2470.0,2512.5,1717.21875,146123000,BMRI.JK,0.6834701492537314
2020-06-26,2562.5,2575.0,2490.0,2500.0,1708.6754150390625,85829000,BMRI.JK,0.683470166015625
2020-06-29,2490.0,2500.0,2435.0,2470.0,1688.17138671875,99123000,BMRI.JK,0.6834701970521255
2020-06-30,2512.5,2525.0,2475.0,2475.0,1691.5888671875,113994400,BMRI.JK,0.6834702493686868
2020-07-01,2500.0,2512.5,2455.0,2495.0,1705.258056640625,67747600,BMRI.JK,0.6834701629822144
2020-07-02,2490.0,2512.5,2480.0,2500.0,1708.6754150390625,80606600,BMRI.JK,0.683470166015625
2020-07-03,2480.0,2537.5,2450.0,2500.0,1708.6754150390625,57839800,BMRI.JK,0.683470166015625
2020-07-06,2500.0,2575.0,2500.0,2537.5,1734.3056640625,90019000,BMRI.JK,0.6834702124384237
2020-07-07,2562.5,2575.0,2525.0,2525.0,1725.76220703125,80447600,BMRI.JK,0.6834701810024753
2020-07-08,2525.0,2675.0,2512.5,2637.5,1802.65283203125,149466800,BMRI.JK,0.6834702680687204
2020-07-09,2675.0,2700.0,2600.0,2625.0,1794.1092529296875,98277200,BMRI.JK,0.6834701915922619
2020-07-10,2625.0,2637.5,2562.5,2587.5,1768.4791259765625,77850000,BMRI.JK,0.6834701936141304
2020-07-13,2625.0,2662.5,2612.5,2625.0,1794.1092529296875,72688200,BMRI.JK,0.6834701915922619
2020-07-14,2650.0,2662.5,2600.0,2650.0,1811.19580078125,78259800,BMRI.JK,0.6834701135023585
2020-07-15,2675.0,2712.5,2625.0,2637.5,1802.65283203125,60755400,BMRI.JK,0.6834702680687204
2020-07-16,2637.5,2675.0,2625.0,2637.5,1802.65283203125,43859400,BMRI.JK,0.6834702680687204
2020-07-17,2637.5,2650.0,2587.5,2587.5,1768.4791259765625,60177000,BMRI.JK,0.6834701936141304
2020-07-20,2587.5,2612.5,2525.0,2550.0,1742.8489990234375,52111600,BMRI.JK,0.6834701956954656
2020-07-21,2575.0,2725.0,2537.5,2650.0,1811.19580078125,145051400,BMRI.JK,0.6834701135023585
2020-07-22,2687.5,2762.5,2650.0,2712.5,1853.9129638671875,119245000,BMRI.JK,0.683470217093894
2020-07-23,2737.5,2887.5,2712.5,2850.0,1947.8900146484373,145829600,BMRI.JK,0.683470180578399
2020-07-24,2850.0,2850.0,2775.0,2800.0,1913.7164306640625,66603400,BMRI.JK,0.6834701538085938
2020-07-27,2812.5,2937.5,2775.0,2937.5,2007.69384765625,58848200,BMRI.JK,0.6834702460106383
2020-07-28,2950.0,3000.0,2887.5,2925.0,1999.1502685546875,74524600,BMRI.JK,0.6834701772836539
2020-07-29,2925.0,2925.0,2837.5,2850.0,1947.8900146484373,69737200,BMRI.JK,0.683470180578399
2020-07-30,2862.5,2900.0,2812.5,2900.0,1982.0634765625,52644600,BMRI.JK,0.6834701643318966
2020-08-03,2925.0,2937.5,2725.0,2750.0,1879.543212890625,259720800,BMRI.JK,0.6834702592329546
2020-08-04,2762.5,2800.0,2725.0,2787.5,1905.1732177734373,89173800,BMRI.JK,0.6834702126541479
2020-08-05,2775.0,2850.0,2725.0,2850.0,1947.8900146484373,133844600,BMRI.JK,0.683470180578399
2020-08-06,2850.0,2937.5,2850.0,2887.5,1973.5203857421875,90911200,BMRI.JK,0.6834702634604979
2020-08-07,2850.0,2900.0,2812.5,2900.0,1982.0634765625,57228800,BMRI.JK,0.6834701643318966
2020-08-10,2900.0,2912.5,2825.0,2900.0,1982.0634765625,50162400,BMRI.JK,0.6834701643318966
2020-08-11,2912.5,3050.0,2900.0,2987.5,2041.866943359375,117978200,BMRI.JK,0.6834701065638076
2020-08-12,3000.0,3137.5,2975.0,3075.0,2101.670654296875,92910400,BMRI.JK,0.6834701314786585
2020-08-13,3125.0,3125.0,3025.0,3025.0,2067.49755859375,85989200,BMRI.JK,0.683470267303719
2020-08-14,3037.5,3050.0,2975.0,3012.5,2058.953857421875,66653400,BMRI.JK,0.6834701601400415
2020-08-18,3012.5,3112.5,3012.5,3075.0,2101.670654296875,115981200,BMRI.JK,0.6834701314786585
2020-08-19,3087.5,3125.0,3037.5,3050.0,2084.584228515625,64511800,BMRI.JK,0.683470238857582
2020-08-24,3025.0,3087.5,2962.5,3000.0,2050.41064453125,132486400,BMRI.JK,0.68347021484375
2020-08-25,3025.0,3137.5,3025.0,3125.0,2135.84423828125,132365800,BMRI.JK,0.68347015625
2020-08-26,3125.0,3175.0,3087.5,3175.0,2170.01806640625,78703400,BMRI.JK,0.6834702571358268
2020-08-27,3175.0,3175.0,3100.0,3150.0,2152.930908203125,93450200,BMRI.JK,0.6834701295882937
2020-08-28,3137.5,3175.0,3100.0,3112.5,2127.30078125,75655000,BMRI.JK,0.6834701305220884
2020-08-31,3112.5,3150.0,2950.0,2975.0,2033.323974609375,222818800,BMRI.JK,0.6834702435661765
2020-09-01,2987.5,3062.5,2937.5,3062.5,2093.127685546875,85330800,BMRI.JK,0.6834702646683674
2020-09-02,3062.5,3100.0,3025.0,3037.5,2076.04052734375,93203600,BMRI.JK,0.6834701324588477
2020-09-03,3037.5,3075.0,2975.0,2987.5,2041.866943359375,129014800,BMRI.JK,0.6834701065638076
2020-09-04,2975.0,2987.5,2925.0,2962.5,2024.7803955078125,106844400,BMRI.JK,0.6834701756988396
2020-09-07,2962.5,2975.0,2887.5,2925.0,1999.1502685546875,100673600,BMRI.JK,0.6834701772836539
2020-09-08,2950.0,3000.0,2937.5,2987.5,2041.866943359375,60346000,BMRI.JK,0.6834701065638076
2020-09-09,2950.0,2950.0,2875.0,2887.5,1973.5203857421875,98282200,BMRI.JK,0.6834702634604979
2020-09-10,2762.5,2762.5,2687.5,2687.5,1836.8260498046875,172775200,BMRI.JK,0.6834701580668605
2020-09-11,2525.0,2762.5,2525.0,2737.5,1870.9996337890625,271155800,BMRI.JK,0.6834701858590183
2020-09-14,2737.5,2887.5,2737.5,2875.0,1964.976806640625,143569800,BMRI.JK,0.6834701936141304
2020-09-15,2875.0,2912.5,2800.0,2837.5,1939.3468017578125,128927400,BMRI.JK,0.6834702385049559
2020-09-16,2875.0,2875.0,2812.5,2825.0,1930.8033447265625,57936000,BMRI.JK,0.683470210522677
2020-09-17,2800.0,2875.0,2762.5,2787.5,1905.1732177734373,76432000,BMRI.JK,0.6834702126541479
2020-09-18,2787.5,2837.5,2750.0,2787.5,1905.1732177734373,91596600,BMRI.JK,0.6834702126541479
2020-09-21,2787.5,2812.5,2700.0,2737.5,1870.9996337890625,52930000,BMRI.JK,0.6834701858590183
2020-09-22,2650.0,2712.5,2637.5,2650.0,1811.19580078125,113596600,BMRI.JK,0.6834701135023585
2020-09-23,2650.0,2687.5,2562.5,2600.0,1777.0225830078125,84710800,BMRI.JK,0.683470224233774
2020-09-24,2525.0,2575.0,2500.0,2537.5,1734.3056640625,121965000,BMRI.JK,0.6834702124384237
2020-09-25,2600.0,2675.0,2537.5,2675.0,1828.2825927734373,140455600,BMRI.JK,0.6834701281396027
2020-09-28,2700.0,2712.5,2575.0,2575.0,1759.935791015625,99702600,BMRI.JK,0.6834702101031553
2020-09-29,2600.0,2625.0,2512.5,2537.5,1734.3056640625,111325600,BMRI.JK,0.6834702124384237
2020-09-30,2550.0,2575.0,2430.0,2480.0,1695.006103515625,151529800,BMRI.JK,0.683470203030494
2020-10-01,2500.0,2600.0,2490.0,2600.0,1777.0225830078125,78954200,BMRI.JK,0.683470224233774
2020-10-02,2587.5,2612.5,2500.0,2600.0,1777.0225830078125,99143400,BMRI.JK,0.683470224233774
2020-10-05,2625.0,2687.5,2587.5,2675.0,1828.2825927734373,74300800,BMRI.JK,0.6834701281396027
2020-10-06,2750.0,2775.0,2725.0,2750.0,1879.543212890625,89104400,BMRI.JK,0.6834702592329546
2020-10-07,2700.0,2775.0,2687.5,2775.0,1896.6298828125,88748600,BMRI.JK,0.6834702280405406
2020-10-08,2775.0,2787.5,2712.5,2725.0,1862.4564208984373,88763400,BMRI.JK,0.6834702462012614
2020-10-09,2725.0,2787.5,2725.0,2775.0,1896.6298828125,90248600,BMRI.JK,0.6834702280405406
2020-10-12,2787.5,2825.0,2775.0,2812.5,1922.259765625,77947000,BMRI.JK,0.6834701388888889
2020-10-13,2812.5,2837.5,2762.5,2837.5,1939.3468017578125,69863400,BMRI.JK,0.6834702385049559
2020-10-14,2862.5,2887.5,2812.5,2887.5,1973.5203857421875,109787200,BMRI.JK,0.6834702634604979
2020-10-15,2850.0,2875.0,2800.0,2800.0,1913.7164306640625,77289200,BMRI.JK,0.6834701538085938
2020-10-16,2800.0,2825.0,2725.0,2787.5,1905.1732177734373,67817800,BMRI.JK,0.6834702126541479
2020-10-19,2800.0,2862.5,2787.5,2850.0,1947.8900146484373,58936200,BMRI.JK,0.683470180578399
2020-10-20,2862.5,2875.0,2800.0,2825.0,1930.8033447265625,77213200,BMRI.JK,0.683470210522677
2020-10-21,2837.5,2862.5,2737.5,2762.5,1888.08642578125,113901800,BMRI.JK,0.683470199377828
2020-10-22,2750.0,2775.0,2700.0,2725.0,1862.4564208984373,138701400,BMRI.JK,0.6834702462012614
2020-10-23,2762.5,2787.5,2737.5,2775.0,1896.6298828125,65900200,BMRI.JK,0.6834702280405406
2020-10-26,2812.5,2925.0,2812.5,2887.5,1973.5203857421875,188574400,BMRI.JK,0.6834702634604979
2020-10-27,2875.0,2925.0,2850.0,2887.5,1973.5203857421875,112695800,BMRI.JK,0.6834702634604979
2020-11-02,2837.5,3012.5,2800.0,2987.5,2041.866943359375,216862800,BMRI.JK,0.6834701065638076
2020-11-03,2987.5,3000.0,2950.0,3000.0,2050.41064453125,75963400,BMRI.JK,0.68347021484375
2020-11-04,2975.0,3012.5,2850.0,2850.0,1947.8900146484373,152817400,BMRI.JK,0.683470180578399
2020-11-05,2937.5,3000.0,2912.5,2987.5,2041.866943359375,175877400,BMRI.JK,0.6834701065638076
2020-11-06,2987.5,3050.0,2962.5,3025.0,2067.49755859375,164219000,BMRI.JK,0.683470267303719
2020-11-09,3125.0,3150.0,3025.0,3075.0,2101.670654296875,122653200,BMRI.JK,0.6834701314786585
2020-11-10,3200.0,3262.5,3150.0,3187.5,2178.561279296875,249588800,BMRI.JK,0.6834702052696079
2020-11-11,3212.5,3250.0,3175.0,3187.5,2178.561279296875,166490200,BMRI.JK,0.6834702052696079
2020-11-12,3187.5,3200.0,3050.0,3087.5,2110.214599609375,136150600,BMRI.JK,0.6834703156629555
2020-11-13,3050.0,3125.0,3037.5,3125.0,2135.84423828125,122043800,BMRI.JK,0.68347015625
2020-11-16,3150.0,3225.0,3075.0,3100.0,2118.7578125,133917600,BMRI.JK,0.6834702620967742
2020-11-17,3137.5,3187.5,3100.0,3125.0,2135.84423828125,106261600,BMRI.JK,0.68347015625
2020-11-18,3075.0,3175.0,3075.0,3175.0,2170.01806640625,124936000,BMRI.JK,0.6834702571358268
2020-11-19,3125.0,3175.0,3100.0,3162.5,2161.474609375,94808200,BMRI.JK,0.6834702322134387
2020-11-20,3137.5,3175.0,3125.0,3150.0,2152.930908203125,100573600,BMRI.JK,0.6834701295882937
2020-11-23,3150.0,3212.5,3137.5,3200.0,2187.1044921875,106905400,BMRI.JK,0.6834701538085938
2020-11-24,3225.0,3250.0,3187.5,3212.5,2195.648193359375,140929200,BMRI.JK,0.6834702547422179
2020-11-25,3250.0,3325.0,3250.0,3262.5,2229.821533203125,197704000,BMRI.JK,0.6834702017480843
2020-11-26,3300.0,3362.5,3275.0,3362.5,2298.16845703125,132275400,BMRI.JK,0.6834701730947955
2020-11-27,3387.5,3400.0,3312.5,3325.0,2272.538330078125,124346800,BMRI.JK,0.6834701744595865
2020-11-30,3275.0,3312.5,3112.5,3162.5,2161.474609375,307900800,BMRI.JK,0.6834702322134387
2020-12-01,3162.5,3312.5,3162.5,3262.5,2229.821533203125,176568000,BMRI.JK,0.6834702017480843
2020-12-02,3262.5,3325.0,3237.5,3325.0,2272.538330078125,114721600,BMRI.JK,0.6834701744595865
2020-12-03,3325.0,3337.5,3262.5,3287.5,2246.908447265625,155342400,BMRI.JK,0.6834702501188213
2020-12-04,3250.0,3300.0,3212.5,3300.0,2255.45166015625,74976000,BMRI.JK,0.6834702000473485
2020-12-07,3337.5,3375.0,3312.5,3350.0,2289.625244140625,133585800,BMRI.JK,0.6834702221315299
2020-12-08,3337.5,3362.5,3300.0,3337.5,2281.081787109375,70350400,BMRI.JK,0.6834701983848315
2020-12-10,3387.5,3425.0,3362.5,3400.0,2323.798583984375,187847000,BMRI.JK,0.6834701717601103
2020-12-11,3425.0,3437.5,3350.0,3387.5,2315.25537109375,94541800,BMRI.JK,0.6834702202490774
2020-12-14,3362.5,3400.0,3337.5,3362.5,2298.16845703125,94645200,BMRI.JK,0.6834701730947955
2020-12-15,3350.0,3362.5,3300.0,3350.0,2289.625244140625,135663800,BMRI.JK,0.6834702221315299
2020-12-16,3400.0,3412.5,3362.5,3387.5,2315.25537109375,97361800,BMRI.JK,0.6834702202490774
2020-12-17,3387.5,3437.5,3387.5,3437.5,2349.4287109375,109966000,BMRI.JK,0.6834701704545455
2020-12-18,3400.0,3412.5,3350.0,3350.0,2289.625244140625,142797800,BMRI.JK,0.6834702221315299
2020-12-21,3387.5,3400.0,3337.5,3350.0,2289.625244140625,83174600,BMRI.JK,0.6834702221315299
2020-12-22,3287.5,3312.5,3175.0,3200.0,2187.1044921875,165929800,BMRI.JK,0.6834701538085938
2020-12-23,3250.0,3300.0,3100.0,3175.0,2170.01806640625,110032400,BMRI.JK,0.6834702571358268
2020-12-28,3250.0,3287.5,3150.0,3262.5,2229.821533203125,75527000,BMRI.JK,0.6834702017480843
2020-12-29,3287.5,3300.0,3200.0,3212.5,2195.648193359375,57422600,BMRI.JK,0.6834702547422179
2020-12-30,3262.5,3262.5,3162.5,3162.5,2161.474609375,88941400,BMRI.JK,0.6834702322134387
2021-01-04,3175.0,3262.5,3112.5,3250.0,2221.2783203125,61058000,BMRI.JK,0.6834702524038462
2021-01-05,3275.0,3275.0,3200.0,3212.5,2195.648193359375,69928200,BMRI.JK,0.6834702547422179
2021-01-06,3212.5,3262.5,3137.5,3212.5,2195.648193359375,87109000,BMRI.JK,0.6834702547422179
2021-01-07,3225.0,3262.5,3212.5,3237.5,2212.734619140625,80114200,BMRI.JK,0.6834701526303089
2021-01-08,3237.5,3287.5,3225.0,3275.0,2238.364990234375,93635600,BMRI.JK,0.6834702260257633
2021-01-11,3287.5,3425.0,3275.0,3425.0,2340.885498046875,212763000,BMRI.JK,0.6834702184078467
2021-01-12,3450.0,3500.0,3412.5,3475.0,2375.058837890625,168626000,BMRI.JK,0.6834701691771583
2021-01-13,3525.0,3537.5,3462.5,3462.5,2366.515625,107392200,BMRI.JK,0.6834702166064982
2021-01-14,3525.0,3525.0,3412.5,3425.0,2340.885498046875,70295000,BMRI.JK,0.6834702184078467
2021-01-15,3437.5,3462.5,3312.5,3362.5,2298.16845703125,77235600,BMRI.JK,0.6834701730947955
2021-01-18,3300.0,3475.0,3300.0,3462.5,2366.515625,119006800,BMRI.JK,0.6834702166064982
2021-01-19,3500.0,3512.5,3425.0,3487.5,2383.6025390625,77834600,BMRI.JK,0.6834702620967742
2021-01-20,3500.0,3725.0,3500.0,3687.5,2520.29638671875,220934600,BMRI.JK,0.6834702065677966
2021-01-21,3687.5,3687.5,3600.0,3625.0,2477.57958984375,82052000,BMRI.JK,0.6834702316810345
2021-01-22,3637.5,3675.0,3562.5,3600.0,2460.49267578125,117367200,BMRI.JK,0.6834701877170138
2021-01-25,3625.0,3650.0,3512.5,3650.0,2494.66650390625,100647600,BMRI.JK,0.6834702750428082
2021-01-26,3650.0,3725.0,3625.0,3687.5,2520.29638671875,206712400,BMRI.JK,0.6834702065677966
2021-01-27,3700.0,3700.0,3587.5,3650.0,2494.66650390625,171581400,BMRI.JK,0.6834702750428082
2021-01-28,3575.0,3625.0,3450.0,3525.0,2409.232666015625,135745000,BMRI.JK,0.6834702598625887
2021-01-29,3550.0,3612.5,3287.5,3287.5,2246.908447265625,334227600,BMRI.JK,0.6834702501188213
2021-02-01,3325.0,3362.5,3100.0,3350.0,2289.625244140625,242540200,BMRI.JK,0.6834702221315299
2021-02-02,3400.0,3400.0,3200.0,3237.5,2212.734619140625,160482800,BMRI.JK,0.6834701526303089
2021-02-03,3300.0,3325.0,3225.0,3250.0,2221.2783203125,167044600,BMRI.JK,0.6834702524038462
2021-02-04,3287.5,3337.5,3225.0,3287.5,2246.908447265625,139040400,BMRI.JK,0.6834702501188213
2021-02-05,3350.0,3350.0,3225.0,3275.0,2238.364990234375,97199600,BMRI.JK,0.6834702260257633
2021-02-08,3300.0,3337.5,3275.0,3287.5,2246.908447265625,125050800,BMRI.JK,0.6834702501188213
2021-02-09,3300.0,3350.0,3225.0,3250.0,2221.2783203125,208380400,BMRI.JK,0.6834702524038462
2021-02-10,3287.5,3287.5,3237.5,3250.0,2221.2783203125,102693600,BMRI.JK,0.6834702524038462
2021-02-11,3275.0,3275.0,3250.0,3250.0,2221.2783203125,35879400,BMRI.JK,0.6834702524038462
2021-02-15,3275.0,3287.5,3250.0,3250.0,2221.2783203125,48995200,BMRI.JK,0.6834702524038462
2021-02-16,3250.0,3275.0,3225.0,3237.5,2212.734619140625,63202000,BMRI.JK,0.6834701526303089
2021-02-17,3225.0,3237.5,3150.0,3175.0,2170.01806640625,117413600,BMRI.JK,0.6834702571358268
2021-02-18,3125.0,3200.0,3112.5,3125.0,2135.84423828125,113989000,BMRI.JK,0.68347015625
2021-02-19,3125.0,3200.0,3100.0,3187.5,2178.561279296875,102020400,BMRI.JK,0.6834702052696079
2021-02-22,3225.0,3250.0,3187.5,3187.5,2178.561279296875,107680600,BMRI.JK,0.6834702052696079
2021-02-23,3150.0,3187.5,3150.0,3162.5,2161.474609375,89107800,BMRI.JK,0.6834702322134387
2021-02-24,3175.0,3200.0,3162.5,3187.5,2178.561279296875,82498600,BMRI.JK,0.6834702052696079
2021-02-25,3212.5,3237.5,3137.5,3137.5,2144.387939453125,133614800,BMRI.JK,0.6834702595866534
2021-02-26,3087.5,3162.5,3050.0,3075.0,2101.670654296875,246190600,BMRI.JK,0.6834701314786585
2021-03-01,3112.5,3300.0,3112.5,3287.5,2246.908447265625,220785400,BMRI.JK,0.6834702501188213
2021-03-02,3325.0,3325.0,3250.0,3300.0,2255.45166015625,163296600,BMRI.JK,0.6834702000473485
2021-03-03,3337.5,3337.5,3262.5,3300.0,2255.45166015625,78532200,BMRI.JK,0.6834702000473485
2021-03-04,3312.5,3325.0,3262.5,3275.0,2238.364990234375,120612600,BMRI.JK,0.6834702260257633
2021-03-05,3262.5,3287.5,3225.0,3237.5,2212.734619140625,87239000,BMRI.JK,0.6834701526303089
2021-03-08,3275.0,3287.5,3187.5,3212.5,2195.648193359375,54098000,BMRI.JK,0.6834702547422179
2021-03-09,3187.5,3262.5,3187.5,3212.5,2195.648193359375,111838800,BMRI.JK,0.6834702547422179
2021-03-10,3250.0,3250.0,3225.0,3250.0,2221.2783203125,51903000,BMRI.JK,0.6834702524038462
2021-03-12,3275.0,3375.0,3275.0,3362.5,2298.16845703125,159202400,BMRI.JK,0.6834701730947955
2021-03-15,3387.5,3387.5,3312.5,3325.0,2272.538330078125,79922400,BMRI.JK,0.6834701744595865
2021-03-16,3325.0,3362.5,3250.0,3275.0,2238.364990234375,112248400,BMRI.JK,0.6834702260257633
2021-03-17,3300.0,3325.0,3262.5,3262.5,2229.821533203125,50841200,BMRI.JK,0.6834702017480843
2021-03-18,3312.5,3425.0,3312.5,3400.0,2323.798583984375,152427600,BMRI.JK,0.6834701717601103
2021-03-19,3400.0,3400.0,3350.0,3387.5,2315.25537109375,150713800,BMRI.JK,0.6834702202490774
2021-03-22,3375.0,3412.5,3312.5,3312.5,2263.9951171875,115979200,BMRI.JK,0.6834702240566037
2021-03-23,3375.0,3375.0,3312.5,3337.5,2281.081787109375,97289600,BMRI.JK,0.6834701983848315
2021-03-24,3250.0,3262.5,3200.0,3212.5,2270.576171875,115254200,BMRI.JK,0.7067941391050584
2021-03-25,3225.0,3237.5,3162.5,3200.0,2261.740966796875,71666600,BMRI.JK,0.7067940521240235
2021-03-26,3225.0,3237.5,3175.0,3212.5,2270.576171875,84478000,BMRI.JK,0.7067941391050584
2021-03-29,3200.0,3250.0,3187.5,3187.5,2252.906005859375,79520400,BMRI.JK,0.7067940410539215
2021-03-30,3200.0,3212.5,3137.5,3162.5,2235.236328125,41180600,BMRI.JK,0.7067940958498024
2021-03-31,3125.0,3162.5,3062.5,3075.0,2173.3916015625,159155800,BMRI.JK,0.7067940167682927
2021-04-01,3125.0,3162.5,3075.0,3100.0,2191.0615234375,77715200,BMRI.JK,0.7067940398185484
2021-04-05,3150.0,3150.0,3100.0,3112.5,2199.896484375,39468400,BMRI.JK,0.7067940512048193
2021-04-06,3112.5,3150.0,3075.0,3137.5,2217.566162109375,29650600,BMRI.JK,0.7067939958914342
2021-04-07,3150.0,3162.5,3125.0,3162.5,2235.236328125,46420200,BMRI.JK,0.7067940958498024
2021-04-08,3125.0,3187.5,3100.0,3137.5,2217.566162109375,88449600,BMRI.JK,0.7067939958914342
2021-04-09,3187.5,3275.0,3162.5,3237.5,2288.245849609375,126420200,BMRI.JK,0.7067940848214286
2021-04-12,3212.5,3250.0,3137.5,3150.0,2226.401123046875,48429000,BMRI.JK,0.7067940073164682
2021-04-13,3100.0,3175.0,3100.0,3150.0,2226.401123046875,76327000,BMRI.JK,0.7067940073164682
2021-04-14,3175.0,3200.0,3125.0,3162.5,2235.236328125,80914000,BMRI.JK,0.7067940958498024
2021-04-15,3200.0,3200.0,3112.5,3150.0,2226.401123046875,68337400,BMRI.JK,0.7067940073164682
2021-04-16,3175.0,3175.0,3125.0,3150.0,2226.401123046875,63194400,BMRI.JK,0.7067940073164682
2021-04-19,3125.0,3137.5,3100.0,3112.5,2199.896484375,43598600,BMRI.JK,0.7067940512048193
2021-04-20,3100.0,3125.0,3087.5,3100.0,2191.0615234375,63882600,BMRI.JK,0.7067940398185484
2021-04-21,3075.0,3087.5,3062.5,3062.5,2164.556884765625,65425600,BMRI.JK,0.7067940848214286
2021-04-22,3087.5,3112.5,3050.0,3062.5,2164.556884765625,71452000,BMRI.JK,0.7067940848214286
2021-04-23,3025.0,3075.0,3012.5,3075.0,2173.3916015625,104928400,BMRI.JK,0.7067940167682927
2021-04-26,3050.0,3062.5,2975.0,2987.5,2111.54736328125,115305000,BMRI.JK,0.7067940964958159
2021-04-27,2987.5,3037.5,2975.0,3025.0,2138.05224609375,96850800,BMRI.JK,0.7067941309400827
2021-04-28,3050.0,3137.5,3050.0,3100.0,2191.0615234375,161162600,BMRI.JK,0.7067940398185484
2021-04-29,3112.5,3137.5,3075.0,3112.5,2199.896484375,82870600,BMRI.JK,0.7067940512048193
2021-04-30,3112.5,3125.0,3062.5,3087.5,2182.226806640625,69941600,BMRI.JK,0.7067941074139676
2021-05-03,3050.0,3075.0,3000.0,3025.0,2138.05224609375,65334000,BMRI.JK,0.7067941309400827
2021-05-04,3025.0,3050.0,2987.5,3050.0,2155.721923828125,56355200,BMRI.JK,0.7067940733862705
2021-05-05,3075.0,3075.0,3025.0,3025.0,2138.05224609375,45851800,BMRI.JK,0.7067941309400827
2021-05-06,3062.5,3062.5,3012.5,3037.5,2146.886962890625,37091000,BMRI.JK,0.7067940618569959
2021-05-07,3062.5,3062.5,2975.0,2975.0,2102.71240234375,65331800,BMRI.JK,0.7067940848214286
2021-05-10,3012.5,3012.5,2975.0,2987.5,2111.54736328125,35481400,BMRI.JK,0.7067940964958159
2021-05-11,3000.0,3000.0,2925.0,2950.0,2085.042724609375,69381800,BMRI.JK,0.7067941439353813
2021-05-17,2987.5,3000.0,2937.5,2962.5,2093.877197265625,95099800,BMRI.JK,0.7067939906381856
2021-05-18,2987.5,3000.0,2912.5,2950.0,2085.042724609375,73965200,BMRI.JK,0.7067941439353813
2021-05-19,2900.0,2925.0,2812.5,2837.5,2005.5283203125,98436000,BMRI.JK,0.7067941216960353
2021-05-20,2825.0,2875.0,2800.0,2825.0,1996.6932373046875,69610000,BMRI.JK,0.7067940663025443
2021-05-21,2862.5,2950.0,2837.5,2912.5,2058.537841796875,140453000,BMRI.JK,0.7067941087714592
2021-05-24,2937.5,2937.5,2875.0,2875.0,2032.032958984375,54897600,BMRI.JK,0.7067940726902174
2021-05-25,2887.5,2975.0,2887.5,2950.0,2085.042724609375,90594400,BMRI.JK,0.7067941439353813
2021-05-27,3000.0,3000.0,2875.0,2875.0,2032.032958984375,353889800,BMRI.JK,0.7067940726902174
2021-05-28,2912.5,2950.0,2887.5,2900.0,2049.702880859375,78305800,BMRI.JK,0.7067940968480604
2021-05-31,2937.5,3050.0,2912.5,3000.0,2120.382080078125,96660000,BMRI.JK,0.7067940266927083
2021-06-02,3075.0,3100.0,3037.5,3050.0,2155.721923828125,157335600,BMRI.JK,0.7067940733862705
2021-06-03,3087.5,3137.5,3062.5,3125.0,2208.7314453125,86426400,BMRI.JK,0.7067940625
2021-06-04,3125.0,3162.5,3062.5,3062.5,2164.556884765625,76307800,BMRI.JK,0.7067940848214286
2021-06-07,3100.0,3100.0,3037.5,3062.5,2164.556884765625,42514400,BMRI.JK,0.7067940848214286
2021-06-08,3075.0,3075.0,3000.0,3000.0,2120.382080078125,57084000,BMRI.JK,0.7067940266927083
2021-06-09,3037.5,3087.5,3000.0,3075.0,2173.3916015625,47078600,BMRI.JK,0.7067940167682927
2021-06-10,3087.5,3125.0,3062.5,3100.0,2191.0615234375,43543600,BMRI.JK,0.7067940398185484
2021-06-11,3137.5,3150.0,3112.5,3137.5,2217.566162109375,77757800,BMRI.JK,0.7067939958914342
2021-06-14,3150.0,3150.0,3112.5,3137.5,2217.566162109375,50043400,BMRI.JK,0.7067939958914342
2021-06-15,3150.0,3162.5,3112.5,3162.5,2235.236328125,107187800,BMRI.JK,0.7067940958498024
2021-06-16,3162.5,3175.0,3100.0,3137.5,2217.566162109375,90051600,BMRI.JK,0.7067939958914342
2021-06-17,3125.0,3137.5,3100.0,3100.0,2191.0615234375,146517200,BMRI.JK,0.7067940398185484
2021-06-18,3087.5,3100.0,2975.0,3100.0,2191.0615234375,201335400,BMRI.JK,0.7067940398185484
2021-06-21,3050.0,3050.0,2975.0,3012.5,2129.217041015625,138949200,BMRI.JK,0.7067940385114108
2021-06-22,3037.5,3125.0,3012.5,3087.5,2182.226806640625,96680600,BMRI.JK,0.7067941074139676
2021-06-23,3112.5,3112.5,3012.5,3012.5,2129.217041015625,66074200,BMRI.JK,0.7067940385114108
2021-06-24,3050.0,3050.0,2987.5,2987.5,2111.54736328125,52248000,BMRI.JK,0.7067940964958159
2021-06-25,3000.0,3012.5,2950.0,2950.0,2085.042724609375,61052000,BMRI.JK,0.7067941439353813
2021-06-28,2912.5,2950.0,2837.5,2850.0,2014.363037109375,127109000,BMRI.JK,0.7067940481085526
2021-06-29,2925.0,2925.0,2850.0,2887.5,2040.867919921875,96970800,BMRI.JK,0.7067940848214286
2021-06-30,2925.0,2975.0,2900.0,2950.0,2085.042724609375,146560200,BMRI.JK,0.7067941439353813
2021-07-01,2975.0,3000.0,2950.0,2987.5,2111.54736328125,87385400,BMRI.JK,0.7067940964958159
2021-07-02,2987.5,3012.5,2962.5,2975.0,2102.71240234375,80422400,BMRI.JK,0.7067940848214286
2021-07-05,2987.5,2987.5,2900.0,2925.0,2067.37255859375,29242400,BMRI.JK,0.7067940371260684
2021-07-06,2950.0,2950.0,2875.0,2887.5,2040.867919921875,56066200,BMRI.JK,0.7067940848214286
2021-07-07,2887.5,2912.5,2837.5,2875.0,2032.032958984375,96691000,BMRI.JK,0.7067940726902174
2021-07-08,2925.0,2950.0,2875.0,2950.0,2085.042724609375,81459000,BMRI.JK,0.7067941439353813
2021-07-09,2950.0,2950.0,2887.5,2887.5,2040.867919921875,50822400,BMRI.JK,0.7067940848214286
2021-07-12,2937.5,2937.5,2887.5,2900.0,2049.702880859375,39692600,BMRI.JK,0.7067940968480604
2021-07-13,2925.0,2950.0,2887.5,2887.5,2040.867919921875,65117000,BMRI.JK,0.7067940848214286
2021-07-14,2900.0,2912.5,2825.0,2850.0,2014.363037109375,59225200,BMRI.JK,0.7067940481085526
2021-07-15,2862.5,2950.0,2837.5,2937.5,2076.207763671875,94438400,BMRI.JK,0.7067941323138298
2021-07-16,2937.5,2950.0,2912.5,2937.5,2076.207763671875,39567600,BMRI.JK,0.7067941323138298
2021-07-19,2900.0,2925.0,2875.0,2875.0,2032.032958984375,31460200,BMRI.JK,0.7067940726902174
2021-07-21,2912.5,2975.0,2900.0,2962.5,2093.877197265625,87100200,BMRI.JK,0.7067939906381856
2021-07-22,2987.5,3050.0,2975.0,3025.0,2138.05224609375,55171400,BMRI.JK,0.7067941309400827
2021-07-23,3000.0,3025.0,2975.0,2987.5,2111.54736328125,37457600,BMRI.JK,0.7067940964958159
2021-07-26,2987.5,3000.0,2900.0,2900.0,2049.702880859375,77160200,BMRI.JK,0.7067940968480604
2021-07-27,2925.0,2950.0,2875.0,2912.5,2058.537841796875,79279400,BMRI.JK,0.7067941087714592
2021-07-28,2875.0,2950.0,2875.0,2950.0,2085.042724609375,41266000,BMRI.JK,0.7067941439353813
2021-07-29,2950.0,2950.0,2875.0,2875.0,2032.032958984375,68168400,BMRI.JK,0.7067940726902174
2021-07-30,2912.5,2912.5,2850.0,2850.0,2014.363037109375,92132400,BMRI.JK,0.7067940481085526
2021-08-02,2887.5,2887.5,2812.5,2837.5,2005.5283203125,68571000,BMRI.JK,0.7067941216960353
2021-08-03,2850.0,2900.0,2825.0,2887.5,2040.867919921875,70957400,BMRI.JK,0.7067940848214286
2021-08-04,2912.5,2950.0,2887.5,2912.5,2058.537841796875,67410400,BMRI.JK,0.7067941087714592
2021-08-05,2937.5,3037.5,2925.0,3025.0,2138.05224609375,140254000,BMRI.JK,0.7067941309400827
2021-08-06,3037.5,3050.0,2975.0,2987.5,2111.54736328125,63682000,BMRI.JK,0.7067940964958159
2021-08-09,3000.0,3012.5,2900.0,2900.0,2049.702880859375,50317400,BMRI.JK,0.7067940968480604
2021-08-10,2900.0,2937.5,2887.5,2900.0,2049.702880859375,54893400,BMRI.JK,0.7067940968480604
2021-08-12,2937.5,2975.0,2912.5,2962.5,2093.877197265625,51328800,BMRI.JK,0.7067939906381856
2021-08-13,2987.5,3025.0,2950.0,3000.0,2120.382080078125,41771600,BMRI.JK,0.7067940266927083
2021-08-16,3000.0,3025.0,2925.0,2987.5,2111.54736328125,53074000,BMRI.JK,0.7067940964958159
2021-08-18,3000.0,3087.5,2962.5,3025.0,2138.05224609375,141229400,BMRI.JK,0.7067941309400827
2021-08-19,3050.0,3050.0,2900.0,2925.0,2067.37255859375,101976800,BMRI.JK,0.7067940371260684
2021-08-20,2950.0,2975.0,2900.0,2950.0,2085.042724609375,62841600,BMRI.JK,0.7067941439353813
2021-08-23,2950.0,3000.0,2950.0,2987.5,2111.54736328125,46346200,BMRI.JK,0.7067940964958159
2021-08-24,2975.0,2987.5,2900.0,2912.5,2058.537841796875,85217600,BMRI.JK,0.7067941087714592
2021-08-25,2937.5,2987.5,2925.0,2975.0,2102.71240234375,60726800,BMRI.JK,0.7067940848214286
2021-08-26,2925.0,2962.5,2912.5,2912.5,2058.537841796875,55050200,BMRI.JK,0.7067941087714592
2021-08-27,2912.5,2937.5,2887.5,2900.0,2049.702880859375,35765000,BMRI.JK,0.7067940968480604
2021-08-30,2925.0,2975.0,2912.5,2975.0,2102.71240234375,65062000,BMRI.JK,0.7067940848214286
2021-08-31,3000.0,3050.0,2975.0,3050.0,2155.721923828125,135700400,BMRI.JK,0.7067940733862705
2021-09-01,3050.0,3050.0,3000.0,3000.0,2120.382080078125,70082000,BMRI.JK,0.7067940266927083
2021-09-02,3025.0,3050.0,2987.5,3025.0,2138.05224609375,51554400,BMRI.JK,0.7067941309400827
2021-09-03,3050.0,3075.0,3000.0,3062.5,2164.556884765625,50760000,BMRI.JK,0.7067940848214286
2021-09-06,3100.0,3162.5,3062.5,3100.0,2191.0615234375,51684400,BMRI.JK,0.7067940398185484
2021-09-07,3125.0,3175.0,3112.5,3125.0,2208.7314453125,70448400,BMRI.JK,0.7067940625
2021-09-08,3150.0,3150.0,3062.5,3125.0,2208.7314453125,84660600,BMRI.JK,0.7067940625
2021-09-09,3150.0,3175.0,3062.5,3175.0,2244.0712890625,93331600,BMRI.JK,0.7067941067913386
2021-09-10,3137.5,3150.0,3087.5,3100.0,2191.0615234375,107576800,BMRI.JK,0.7067940398185484
2021-09-13,3050.0,3112.5,3025.0,3075.0,2173.3916015625,104806600,BMRI.JK,0.7067940167682927
2021-09-14,3075.0,3100.0,3037.5,3050.0,2155.721923828125,84931400,BMRI.JK,0.7067940733862705
2021-09-15,3087.5,3100.0,3050.0,3062.5,2164.556884765625,135497800,BMRI.JK,0.7067940848214286
2021-09-16,3087.5,3100.0,3062.5,3075.0,2173.3916015625,61344200,BMRI.JK,0.7067940167682927
2021-09-17,3062.5,3075.0,3025.0,3025.0,2138.05224609375,82452800,BMRI.JK,0.7067941309400827
2021-09-20,3012.5,3037.5,2962.5,3012.5,2129.217041015625,57569200,BMRI.JK,0.7067940385114108
2021-09-21,3012.5,3012.5,2962.5,2987.5,2111.54736328125,45153400,BMRI.JK,0.7067940964958159
2021-09-22,2987.5,3050.0,2975.0,3037.5,2146.886962890625,26711200,BMRI.JK,0.7067940618569959
2021-09-23,3062.5,3062.5,3012.5,3037.5,2146.886962890625,40606000,BMRI.JK,0.7067940618569959
2021-09-24,3037.5,3050.0,2962.5,2987.5,2111.54736328125,50278400,BMRI.JK,0.7067940964958159
2021-09-27,3000.0,3012.5,2950.0,2950.0,2085.042724609375,68500800,BMRI.JK,0.7067941439353813
2021-09-28,2975.0,3012.5,2950.0,2975.0,2102.71240234375,64652200,BMRI.JK,0.7067940848214286
2021-09-29,2975.0,3025.0,2962.5,3000.0,2120.382080078125,56467400,BMRI.JK,0.7067940266927083
2021-09-30,3025.0,3075.0,3000.0,3075.0,2173.3916015625,82812000,BMRI.JK,0.7067940167682927
2021-10-01,3075.0,3100.0,3025.0,3050.0,2155.721923828125,74975400,BMRI.JK,0.7067940733862705
2021-10-04,3087.5,3250.0,3075.0,3237.5,2288.245849609375,156691600,BMRI.JK,0.7067940848214286
2021-10-05,3225.0,3275.0,3187.5,3212.5,2270.576171875,94886200,BMRI.JK,0.7067941391050584
2021-10-06,3237.5,3337.5,3225.0,3300.0,2332.42041015625,168775800,BMRI.JK,0.7067940636837121
2021-10-07,3325.0,3412.5,3312.5,3350.0,2367.76025390625,253196600,BMRI.JK,0.7067941056436567
2021-10-08,3362.5,3487.5,3362.5,3450.0,2438.439453125,223592000,BMRI.JK,0.706794044384058
2021-10-11,3450.0,3462.5,3400.0,3450.0,2438.439453125,123020200,BMRI.JK,0.706794044384058
2021-10-12,3487.5,3525.0,3462.5,3500.0,2473.779296875,191044200,BMRI.JK,0.7067940848214286
2021-10-13,3537.5,3550.0,3475.0,3550.0,2509.118896484375,134998000,BMRI.JK,0.7067940553477112
2021-10-14,3562.5,3587.5,3525.0,3587.5,2535.623291015625,104307800,BMRI.JK,0.7067939487151568
2021-10-15,3587.5,3600.0,3537.5,3575.0,2526.788818359375,84353000,BMRI.JK,0.7067940750655595
2021-10-18,3600.0,3662.5,3575.0,3587.5,2535.623291015625,152951600,BMRI.JK,0.7067939487151568
2021-10-19,3625.0,3625.0,3525.0,3600.0,2544.458740234375,99358000,BMRI.JK,0.7067940945095487
2021-10-21,3587.5,3662.5,3562.5,3587.5,2535.623291015625,189264000,BMRI.JK,0.7067939487151568
2021-10-22,3550.0,3612.5,3537.5,3600.0,2544.458740234375,65782600,BMRI.JK,0.7067940945095487
2021-10-25,3587.5,3625.0,3562.5,3562.5,2517.953857421875,76296200,BMRI.JK,0.7067940652412281
2021-10-26,3550.0,3600.0,3550.0,3587.5,2535.623291015625,55872800,BMRI.JK,0.7067939487151568
2021-10-27,3600.0,3612.5,3562.5,3575.0,2526.788818359375,82925200,BMRI.JK,0.7067940750655595
2021-10-28,3562.5,3575.0,3500.0,3512.5,2482.6142578125,99023600,BMRI.JK,0.7067940947508897
2021-10-29,3587.5,3650.0,3575.0,3587.5,2535.623291015625,160952400,BMRI.JK,0.7067939487151568
2021-11-01,3625.0,3625.0,3575.0,3587.5,2535.623291015625,65621400,BMRI.JK,0.7067939487151568
2021-11-02,3587.5,3600.0,3500.0,3512.5,2482.6142578125,51923400,BMRI.JK,0.7067940947508897
2021-11-03,3487.5,3625.0,3462.5,3562.5,2517.953857421875,107556600,BMRI.JK,0.7067940652412281
2021-11-04,3625.0,3650.0,3587.5,3587.5,2535.623291015625,103726400,BMRI.JK,0.7067939487151568
2021-11-05,3625.0,3625.0,3500.0,3550.0,2509.118896484375,48035600,BMRI.JK,0.7067940553477112
2021-11-08,3600.0,3600.0,3500.0,3500.0,2473.779296875,50517400,BMRI.JK,0.7067940848214286
2021-11-09,3525.0,3550.0,3425.0,3437.5,2429.604736328125,120574200,BMRI.JK,0.7067941051136364
2021-11-10,3437.5,3575.0,3437.5,3575.0,2526.788818359375,156118000,BMRI.JK,0.7067940750655595
2021-11-11,3562.5,3612.5,3512.5,3612.5,2553.293701171875,86362400,BMRI.JK,0.7067941041306228
2021-11-12,3637.5,3637.5,3525.0,3550.0,2509.118896484375,56807000,BMRI.JK,0.7067940553477112
2021-11-15,3550.0,3575.0,3525.0,3525.0,2491.44921875,40131000,BMRI.JK,0.7067941046099291
2021-11-16,3525.0,3612.5,3512.5,3612.5,2553.293701171875,76140200,BMRI.JK,0.7067941041306228
2021-11-17,3612.5,3625.0,3575.0,3612.5,2553.293701171875,72789600,BMRI.JK,0.7067941041306228
2021-11-18,3600.0,3612.5,3575.0,3587.5,2535.623291015625,30911600,BMRI.JK,0.7067939487151568
2021-11-19,3587.5,3650.0,3575.0,3625.0,2562.128662109375,101125800,BMRI.JK,0.7067941136853448
2021-11-22,3675.0,3750.0,3612.5,3675.0,2597.46826171875,92374400,BMRI.JK,0.7067940848214286
2021-11-23,3612.5,3637.5,3550.0,3575.0,2526.788818359375,63127600,BMRI.JK,0.7067940750655595
2021-11-24,3562.5,3587.5,3550.0,3575.0,2526.788818359375,56217000,BMRI.JK,0.7067940750655595
2021-11-25,3612.5,3687.5,3587.5,3675.0,2597.46826171875,97473400,BMRI.JK,0.7067940848214286
2021-11-26,3662.5,3662.5,3537.5,3550.0,2509.118896484375,78633400,BMRI.JK,0.7067940553477112
2021-11-29,3550.0,3637.5,3462.5,3587.5,2535.623291015625,112673000,BMRI.JK,0.7067939487151568
2021-11-30,3625.0,3625.0,3475.0,3500.0,2473.779296875,219340400,BMRI.JK,0.7067940848214286
2021-12-01,3500.0,3562.5,3475.0,3537.5,2500.2841796875,93119800,BMRI.JK,0.7067941143992933
2021-12-02,3537.5,3625.0,3500.0,3600.0,2544.458740234375,70416400,BMRI.JK,0.7067940945095487
2021-12-03,3600.0,3612.5,3550.0,3575.0,2526.788818359375,46109400,BMRI.JK,0.7067940750655595
2021-12-06,3575.0,3625.0,3550.0,3587.5,2535.623291015625,52050400,BMRI.JK,0.7067939487151568
2021-12-07,3587.5,3650.0,3587.5,3650.0,2579.798095703125,64289400,BMRI.JK,0.7067939988227739
2021-12-08,3637.5,3650.0,3575.0,3575.0,2526.788818359375,56064200,BMRI.JK,0.7067940750655595
2021-12-09,3625.0,3675.0,3562.5,3675.0,2597.46826171875,42688600,BMRI.JK,0.7067940848214286
2021-12-10,3600.0,3612.5,3550.0,3600.0,2544.458740234375,93532200,BMRI.JK,0.7067940945095487
2021-12-13,3600.0,3612.5,3562.5,3562.5,2517.953857421875,50091200,BMRI.JK,0.7067940652412281
2021-12-14,3562.5,3600.0,3550.0,3587.5,2535.623291015625,65061400,BMRI.JK,0.7067939487151568
2021-12-15,3575.0,3662.5,3562.5,3637.5,2570.963623046875,75677400,BMRI.JK,0.7067941231743986
2021-12-16,3650.0,3662.5,3600.0,3625.0,2562.128662109375,69082400,BMRI.JK,0.7067941136853448
2021-12-17,3612.5,3612.5,3537.5,3575.0,2526.788818359375,83945200,BMRI.JK,0.7067940750655595
2021-12-20,3550.0,3575.0,3537.5,3537.5,2500.2841796875,57932600,BMRI.JK,0.7067941143992933
2021-12-21,3575.0,3625.0,3550.0,3575.0,2526.788818359375,49859600,BMRI.JK,0.7067940750655595
2021-12-22,3587.5,3600.0,3525.0,3525.0,2491.44921875,34814400,BMRI.JK,0.7067941046099291
2021-12-23,3525.0,3575.0,3525.0,3537.5,2500.2841796875,44565000,BMRI.JK,0.7067941143992933
2021-12-24,3550.0,3575.0,3475.0,3525.0,2491.44921875,54902200,BMRI.JK,0.7067941046099291
2021-12-27,3525.0,3550.0,3487.5,3500.0,2473.779296875,34096400,BMRI.JK,0.7067940848214286
2021-12-28,3525.0,3525.0,3487.5,3525.0,2491.44921875,39835400,BMRI.JK,0.7067941046099291
2021-12-29,3537.5,3562.5,3500.0,3550.0,2509.118896484375,20860200,BMRI.JK,0.7067940553477112
2021-12-30,3550.0,3562.5,3512.5,3512.5,2482.6142578125,34951600,BMRI.JK,0.7067940947508897
2022-01-03,3550.0,3562.5,3512.5,3525.0,2491.44921875,30999600,BMRI.JK,0.7067941046099291
2022-01-04,3537.5,3600.0,3525.0,3587.5,2535.623291015625,44541400,BMRI.JK,0.7067939487151568
2022-01-05,3575.0,3587.5,3462.5,3512.5,2482.6142578125,98910200,BMRI.JK,0.7067940947508897
2022-01-06,3537.5,3537.5,3475.0,3512.5,2482.6142578125,65651200,BMRI.JK,0.7067940947508897
2022-01-07,3512.5,3550.0,3512.5,3525.0,2491.44921875,68452800,BMRI.JK,0.7067941046099291
2022-01-10,3537.5,3550.0,3525.0,3525.0,2491.44921875,44378600,BMRI.JK,0.7067941046099291
2022-01-11,3550.0,3550.0,3500.0,3525.0,2491.44921875,50367600,BMRI.JK,0.7067941046099291
2022-01-12,3525.0,3575.0,3525.0,3575.0,2526.788818359375,34249200,BMRI.JK,0.7067940750655595
2022-01-13,3575.0,3587.5,3550.0,3562.5,2517.953857421875,35763800,BMRI.JK,0.7067940652412281
2022-01-14,3537.5,3612.5,3537.5,3587.5,2535.623291015625,43651400,BMRI.JK,0.7067939487151568
2022-01-17,3625.0,3637.5,3575.0,3600.0,2544.458740234375,43188000,BMRI.JK,0.7067940945095487
2022-01-18,3587.5,3625.0,3550.0,3625.0,2562.128662109375,64484800,BMRI.JK,0.7067941136853448
2022-01-19,3587.5,3600.0,3500.0,3512.5,2482.6142578125,103093600,BMRI.JK,0.7067940947508897
2022-01-20,3550.0,3587.5,3512.5,3587.5,2535.623291015625,53067000,BMRI.JK,0.7067939487151568
2022-01-21,3587.5,3650.0,3562.5,3650.0,2579.798095703125,76806800,BMRI.JK,0.7067939988227739
2022-01-24,3637.5,3637.5,3600.0,3637.5,2570.963623046875,44476800,BMRI.JK,0.7067941231743986
2022-01-25,3600.0,3625.0,3575.0,3612.5,2553.293701171875,69268000,BMRI.JK,0.7067941041306228
2022-01-26,3650.0,3737.5,3612.5,3737.5,2641.642822265625,140636400,BMRI.JK,0.7067940661580268
2022-01-27,3737.5,3800.0,3700.0,3775.0,2668.1474609375,113618000,BMRI.JK,0.7067940293874172
2022-01-28,3812.5,3825.0,3775.0,3825.0,2703.487548828125,121145200,BMRI.JK,0.7067941304125817
2022-01-31,3887.5,3887.5,3725.0,3737.5,2641.642822265625,101700800,BMRI.JK,0.7067940661580268
2022-02-02,3762.5,3762.5,3725.0,3737.5,2641.642822265625,68769000,BMRI.JK,0.7067940661580268
2022-02-03,3737.5,3737.5,3675.0,3737.5,2641.642822265625,60204000,BMRI.JK,0.7067940661580268
2022-02-04,3725.0,3762.5,3700.0,3737.5,2641.642822265625,36629400,BMRI.JK,0.7067940661580268
2022-02-07,3825.0,3825.0,3737.5,3750.0,2650.47802734375,68867800,BMRI.JK,0.706794140625
2022-02-08,3800.0,3862.5,3775.0,3812.5,2694.65234375,158581800,BMRI.JK,0.7067940573770491
2022-02-09,3850.0,3862.5,3800.0,3837.5,2712.322021484375,107360800,BMRI.JK,0.7067940121131921
2022-02-10,3850.0,3875.0,3825.0,3862.5,2729.9921875,107679400,BMRI.JK,0.7067940938511327
2022-02-11,3887.5,3887.5,3825.0,3862.5,2729.9921875,81582600,BMRI.JK,0.7067940938511327
2022-02-14,3850.0,3900.0,3812.5,3900.0,2756.496826171875,76263200,BMRI.JK,0.7067940579927885
2022-02-15,3900.0,3950.0,3837.5,3950.0,2791.83642578125,67804400,BMRI.JK,0.7067940318433544
2022-02-16,3962.5,3962.5,3875.0,3925.0,2774.166748046875,74785000,BMRI.JK,0.7067940759355096
2022-02-17,3937.5,3937.5,3837.5,3925.0,2774.166748046875,103038800,BMRI.JK,0.7067940759355096
2022-02-18,3912.5,3975.0,3875.0,3925.0,2774.166748046875,81303200,BMRI.JK,0.7067940759355096
2022-02-21,3925.0,3962.5,3925.0,3925.0,2774.166748046875,31720800,BMRI.JK,0.7067940759355096
2022-02-22,3912.5,3950.0,3887.5,3937.5,2783.001953125,69476600,BMRI.JK,0.7067941468253969
2022-02-23,3962.5,3975.0,3912.5,3937.5,2783.001953125,85991000,BMRI.JK,0.7067941468253969
2022-02-24,3862.5,3937.5,3825.0,3850.0,2721.1572265625,170297000,BMRI.JK,0.7067940848214286
2022-02-25,3862.5,3875.0,3825.0,3850.0,2721.1572265625,163299800,BMRI.JK,0.7067940848214286
2022-03-01,3837.5,3925.0,3825.0,3825.0,2703.487548828125,149532200,BMRI.JK,0.7067941304125817
2022-03-02,3825.0,3862.5,3775.0,3812.5,2694.65234375,110824000,BMRI.JK,0.7067940573770491
2022-03-04,3850.0,3862.5,3800.0,3825.0,2703.487548828125,104914600,BMRI.JK,0.7067941304125817
2022-03-07,3775.0,3812.5,3750.0,3775.0,2668.1474609375,137667600,BMRI.JK,0.7067940293874172
2022-03-08,3812.5,3850.0,3775.0,3775.0,2668.1474609375,104072200,BMRI.JK,0.7067940293874172
2022-03-09,3787.5,3862.5,3787.5,3812.5,2694.65234375,115109200,BMRI.JK,0.7067940573770491
2022-03-10,3850.0,3875.0,3800.0,3837.5,2712.322021484375,105803000,BMRI.JK,0.7067940121131921
2022-03-11,3862.5,3862.5,3800.0,3825.0,2703.487548828125,122401600,BMRI.JK,0.7067941304125817
2022-03-14,3825.0,3912.5,3812.5,3875.0,2738.826904296875,173513400,BMRI.JK,0.7067940398185484
2022-03-15,3900.0,3937.5,3887.5,3887.5,2747.662109375,146735400,BMRI.JK,0.7067941117363344
2022-03-16,3900.0,4025.0,3900.0,3975.0,2809.50634765625,291909800,BMRI.JK,0.7067940497248427
2022-03-17,4000.0,4050.0,3975.0,3975.0,2809.50634765625,235559000,BMRI.JK,0.7067940497248427
2022-03-18,3987.5,4000.0,3937.5,3962.5,2800.67138671875,212233400,BMRI.JK,0.7067940408123028
2022-03-21,3837.5,3862.5,3800.0,3825.0,2832.3779296875,162364400,BMRI.JK,0.7404909620098039
2022-03-22,3850.0,3875.0,3825.0,3837.5,2841.633544921875,112672400,BMRI.JK,0.7404908260382737
2022-03-23,3837.5,3900.0,3825.0,3887.5,2878.658447265625,183894800,BMRI.JK,0.7404909189107717
2022-03-24,3850.0,3962.5,3850.0,3962.5,2934.195068359375,210909800,BMRI.JK,0.7404908689865931
2022-03-25,3975.0,3987.5,3887.5,3925.0,2906.4267578125,136083000,BMRI.JK,0.7404908937101911
2022-03-28,3937.5,3950.0,3900.0,3937.5,2915.68310546875,95354400,BMRI.JK,0.7404909474206349
2022-03-29,3987.5,4012.5,3937.5,3962.5,2934.195068359375,160112200,BMRI.JK,0.7404908689865931
2022-03-30,3975.0,3987.5,3925.0,3937.5,2915.68310546875,82476000,BMRI.JK,0.7404909474206349
2022-03-31,3962.5,3987.5,3925.0,3950.0,2924.93896484375,69174000,BMRI.JK,0.7404908771756329
2022-04-01,3950.0,3950.0,3887.5,3937.5,2915.68310546875,62912400,BMRI.JK,0.7404909474206349
2022-04-04,3912.5,3950.0,3887.5,3912.5,2897.17041015625,82013800,BMRI.JK,0.7404908396565495
2022-04-05,3900.0,3937.5,3900.0,3912.5,2897.17041015625,82378200,BMRI.JK,0.7404908396565495
2022-04-06,3900.0,3900.0,3825.0,3837.5,2841.633544921875,129476400,BMRI.JK,0.7404908260382737
2022-04-07,3837.5,3887.5,3812.5,3850.0,2850.889892578125,136162800,BMRI.JK,0.7404908811891234
2022-04-08,3900.0,3900.0,3837.5,3850.0,2850.889892578125,94622400,BMRI.JK,0.7404908811891234
2022-04-11,3850.0,3875.0,3825.0,3837.5,2841.633544921875,107966400,BMRI.JK,0.7404908260382737
2022-04-12,3837.5,3875.0,3812.5,3850.0,2850.889892578125,92691200,BMRI.JK,0.7404908811891234
2022-04-13,3837.5,3875.0,3825.0,3862.5,2860.146240234375,90558600,BMRI.JK,0.7404909359830097
2022-04-14,3862.5,3875.0,3825.0,3837.5,2841.633544921875,63275600,BMRI.JK,0.7404908260382737
2022-04-18,3837.5,3862.5,3787.5,3812.5,2823.12158203125,101496000,BMRI.JK,0.7404909067622951
2022-04-19,3812.5,3837.5,3787.5,3787.5,2804.609130859375,104508400,BMRI.JK,0.7404908596328383
2022-04-20,3825.0,3950.0,3812.5,3925.0,2906.4267578125,164354800,BMRI.JK,0.7404908937101911
2022-04-21,4000.0,4200.0,3962.5,4150.0,3073.037109375,337363200,BMRI.JK,0.7404908697289156
2022-04-22,4100.0,4162.5,4037.5,4137.5,3063.78125,168301800,BMRI.JK,0.7404909365558913
2022-04-25,4100.0,4225.0,4012.5,4112.5,3045.268798828125,179082600,BMRI.JK,0.7404908933320669
2022-04-26,4125.0,4212.5,4112.5,4175.0,3091.54931640625,131930600,BMRI.JK,0.7404908542290419
2022-04-27,4137.5,4212.5,4112.5,4112.5,3045.268798828125,118272800,BMRI.JK,0.7404908933320669
2022-04-28,4387.5,4537.5,4337.5,4475.0,3313.696533203125,443163800,BMRI.JK,0.7404908454085195
2022-05-09,4312.5,4337.5,4162.5,4162.5,3082.293212890625,351637800,BMRI.JK,0.7404908619557057
2022-05-10,3912.5,4087.5,3912.5,4050.0,2998.98828125,498444800,BMRI.JK,0.7404909336419753
2022-05-11,4050.0,4100.0,4000.0,4000.0,2961.9638671875,198922600,BMRI.JK,0.740490966796875
2022-05-12,3987.5,4025.0,3862.5,3937.5,2915.68310546875,162727200,BMRI.JK,0.7404909474206349
2022-05-13,3937.5,3950.0,3875.0,3900.0,2887.914306640625,165507800,BMRI.JK,0.7404908478565705
2022-05-17,3900.0,4000.0,3900.0,3925.0,2906.4267578125,149548800,BMRI.JK,0.7404908937101911
2022-05-18,3987.5,4012.5,3900.0,3950.0,2924.93896484375,162519200,BMRI.JK,0.7404908771756329
2022-05-19,3900.0,3962.5,3875.0,3950.0,2924.93896484375,127740400,BMRI.JK,0.7404908771756329
2022-05-20,3975.0,4025.0,3975.0,4000.0,2961.9638671875,106866400,BMRI.JK,0.740490966796875
2022-05-23,4025.0,4037.5,3900.0,3937.5,2915.68310546875,144005200,BMRI.JK,0.7404909474206349
2022-05-24,3975.0,4025.0,3950.0,3962.5,2934.195068359375,134555000,BMRI.JK,0.7404908689865931
2022-05-25,3950.0,4025.0,3912.5,3925.0,2906.4267578125,132635400,BMRI.JK,0.7404908937101911
2022-05-27,4000.0,4062.5,3975.0,4050.0,2998.98828125,155078600,BMRI.JK,0.7404909336419753
2022-05-30,4100.0,4100.0,4000.0,4100.0,3036.012451171875,117617200,BMRI.JK,0.7404908417492378
2022-05-31,4137.5,4250.0,4112.5,4250.0,3147.08642578125,262054000,BMRI.JK,0.7404909237132353
2022-06-02,4162.5,4175.0,4025.0,4100.0,3036.012451171875,203021800,BMRI.JK,0.7404908417492378
2022-06-03,4137.5,4150.0,4100.0,4100.0,3036.012451171875,147960000,BMRI.JK,0.7404908417492378
2022-06-06,4100.0,4175.0,4012.5,4075.0,3017.50048828125,148785000,BMRI.JK,0.7404909173696319
2022-06-07,4100.0,4175.0,4075.0,4150.0,3073.037109375,132673800,BMRI.JK,0.7404908697289156
2022-06-08,4112.5,4212.5,4075.0,4200.0,3110.061767578125,153409200,BMRI.JK,0.7404908970424107
2022-06-09,4200.0,4250.0,4175.0,4212.5,3119.31787109375,216804400,BMRI.JK,0.7404908892804154
2022-06-10,4137.5,4162.5,4075.0,4087.5,3026.756591796875,165119600,BMRI.JK,0.740490909308104
2022-06-13,4000.0,4050.0,3975.0,4050.0,2998.98828125,122467200,BMRI.JK,0.7404909336419753
2022-06-14,4000.0,4100.0,4000.0,4100.0,3036.012451171875,100136600,BMRI.JK,0.7404908417492378
2022-06-15,4062.5,4162.5,4062.5,4150.0,3073.037109375,142400800,BMRI.JK,0.7404908697289156
2022-06-16,4250.0,4250.0,4150.0,4187.5,3100.8056640625,186692600,BMRI.JK,0.7404909048507463
2022-06-17,4087.5,4125.0,4037.5,4037.5,2989.731689453125,156836200,BMRI.JK,0.7404908209171827
2022-06-20,4050.0,4125.0,4025.0,4125.0,3054.525146484375,74978200,BMRI.JK,0.7404909446022727
2022-06-21,4150.0,4175.0,4100.0,4125.0,3054.525146484375,62996600,BMRI.JK,0.7404909446022727
2022-06-22,4100.0,4137.5,4062.5,4075.0,3017.50048828125,88306600,BMRI.JK,0.7404909173696319
2022-06-23,4075.0,4112.5,4050.0,4075.0,3017.50048828125,48817400,BMRI.JK,0.7404909173696319
2022-06-24,4100.0,4150.0,4075.0,4150.0,3073.037109375,60638400,BMRI.JK,0.7404908697289156
2022-06-27,4200.0,4200.0,4037.5,4112.5,3045.268798828125,76574400,BMRI.JK,0.7404908933320669
2022-06-28,4075.0,4100.0,4000.0,4062.5,3008.244140625,110131200,BMRI.JK,0.7404908653846154
2022-06-29,4050.0,4062.5,3975.0,3975.0,2943.451171875,113216400,BMRI.JK,0.7404908608490566
2022-06-30,4000.0,4050.0,3950.0,3962.5,2934.195068359375,125507600,BMRI.JK,0.7404908689865931
2022-07-01,3937.5,3962.5,3787.5,3800.0,2813.865478515625,191672200,BMRI.JK,0.7404909153988487
2022-07-04,3787.5,3837.5,3637.5,3700.0,2739.81640625,246417000,BMRI.JK,0.7404909206081081
2022-07-05,3725.0,3862.5,3725.0,3825.0,2832.3779296875,90919800,BMRI.JK,0.7404909620098039
2022-07-06,3825.0,3825.0,3675.0,3762.5,2786.096923828125,180812800,BMRI.JK,0.7404908767649502
2022-07-07,3750.0,3775.0,3712.5,3712.5,2749.072265625,120444800,BMRI.JK,0.7404908459595959
2022-07-08,3775.0,3775.0,3700.0,3737.5,2767.584716796875,57156600,BMRI.JK,0.7404908941262541
2022-07-11,3737.5,3762.5,3700.0,3737.5,2767.584716796875,22860800,BMRI.JK,0.7404908941262541
2022-07-12,3737.5,3737.5,3687.5,3712.5,2749.072265625,51524400,BMRI.JK,0.7404908459595959
2022-07-13,3700.0,3712.5,3637.5,3637.5,2693.535888671875,142494200,BMRI.JK,0.7404909659579038
2022-07-14,3625.0,3687.5,3600.0,3637.5,2693.535888671875,158438200,BMRI.JK,0.7404909659579038
2022-07-15,3650.0,3700.0,3587.5,3587.5,2656.5107421875,191949400,BMRI.JK,0.7404907992160279
2022-07-18,3612.5,3675.0,3612.5,3675.0,2721.30419921875,152078400,BMRI.JK,0.7404909385629251
2022-07-19,3675.0,3725.0,3637.5,3712.5,2749.072265625,128963600,BMRI.JK,0.7404908459595959
2022-07-20,3775.0,3975.0,3775.0,3950.0,2924.93896484375,215712600,BMRI.JK,0.7404908771756329
2022-07-21,4000.0,4000.0,3862.5,3950.0,2924.93896484375,125699200,BMRI.JK,0.7404908771756329
2022-07-22,3962.5,3962.5,3887.5,3925.0,2906.4267578125,54461200,BMRI.JK,0.7404908937101911
2022-07-25,3937.5,3950.0,3887.5,3887.5,2878.658447265625,30750600,BMRI.JK,0.7404909189107717
2022-07-26,3912.5,4012.5,3900.0,4000.0,2961.9638671875,58317600,BMRI.JK,0.740490966796875
2022-07-27,4025.0,4062.5,4000.0,4050.0,2998.98828125,87439200,BMRI.JK,0.7404909336419753
2022-07-28,4012.5,4100.0,4012.5,4025.0,2980.4755859375,94427400,BMRI.JK,0.7404908288043478
2022-07-29,4112.5,4175.0,4075.0,4137.5,3063.78125,132709400,BMRI.JK,0.7404909365558913
2022-08-01,4100.0,4112.5,3987.5,3987.5,2952.70751953125,95909000,BMRI.JK,0.7404909139890282
2022-08-02,4000.0,4087.5,3987.5,4087.5,3026.756591796875,57458200,BMRI.JK,0.740490909308104
2022-08-03,4087.5,4125.0,4025.0,4125.0,3054.525146484375,55822800,BMRI.JK,0.7404909446022727
2022-08-04,4150.0,4150.0,4075.0,4125.0,3054.525146484375,75188600,BMRI.JK,0.7404909446022727
2022-08-05,4137.5,4150.0,4087.5,4125.0,3054.525146484375,64150800,BMRI.JK,0.7404909446022727
2022-08-08,4125.0,4175.0,4112.5,4175.0,3091.54931640625,82522000,BMRI.JK,0.7404908542290419
2022-08-09,4212.5,4300.0,4200.0,4237.5,3137.830078125,117148200,BMRI.JK,0.7404908738938053
2022-08-10,4175.0,4300.0,4125.0,4300.0,3184.11083984375,79950200,BMRI.JK,0.7404908929869186
2022-08-11,4312.5,4337.5,4212.5,4262.5,3156.342529296875,106627400,BMRI.JK,0.7404909159640762
2022-08-12,4262.5,4287.5,4212.5,4237.5,3137.830078125,62626200,BMRI.JK,0.7404908738938053
2022-08-15,4225.0,4275.0,4200.0,4225.0,3128.57373046875,44464800,BMRI.JK,0.7404908237795857
2022-08-16,4275.0,4325.0,4237.5,4262.5,3156.342529296875,109260400,BMRI.JK,0.7404909159640762
2022-08-18,4387.5,4400.0,4287.5,4300.0,3184.11083984375,116693200,BMRI.JK,0.7404908929869186
2022-08-19,4300.0,4325.0,4250.0,4250.0,3147.08642578125,48290200,BMRI.JK,0.7404909237132353
2022-08-22,4212.5,4275.0,4175.0,4262.5,3156.342529296875,121399800,BMRI.JK,0.7404909159640762
2022-08-23,4250.0,4337.5,4225.0,4312.5,3193.366943359375,95553400,BMRI.JK,0.7404908854166666
2022-08-24,4300.0,4350.0,4275.0,4312.5,3193.366943359375,60958200,BMRI.JK,0.7404908854166666
2022-08-25,4275.0,4312.5,4212.5,4287.5,3174.854736328125,77254800,BMRI.JK,0.740490900601312
2022-08-26,4312.5,4325.0,4250.0,4250.0,3147.08642578125,82356600,BMRI.JK,0.7404909237132353
2022-08-29,4200.0,4300.0,4175.0,4275.0,3165.5986328125,62683800,BMRI.JK,0.7404909082602339
2022-08-30,4312.5,4375.0,4287.5,4325.0,3202.623291015625,109649400,BMRI.JK,0.7404909343388728
2022-08-31,4250.0,4425.0,4225.0,4425.0,3276.671875,151631600,BMRI.JK,0.7404908192090396
2022-09-01,4425.0,4475.0,4337.5,4462.5,3304.440673828125,120967800,BMRI.JK,0.7404909073004202
2022-09-02,4487.5,4500.0,4362.5,4425.0,3276.671875,90044600,BMRI.JK,0.7404908192090396
2022-09-05,4425.0,4500.0,4400.0,4475.0,3313.696533203125,60491000,BMRI.JK,0.7404908454085195
2022-09-06,4487.5,4500.0,4400.0,4412.5,3267.416015625,65296200,BMRI.JK,0.7404908817280453
2022-09-07,4387.5,4437.5,4362.5,4437.5,3285.928466796875,97771400,BMRI.JK,0.7404909220950704
2022-09-08,4450.0,4550.0,4412.5,4475.0,3313.696533203125,96931000,BMRI.JK,0.7404908454085195
2022-09-09,4537.5,4550.0,4475.0,4537.5,3359.977294921875,128510800,BMRI.JK,0.7404908638946281
2022-09-12,4575.0,4600.0,4537.5,4587.5,3397.002197265625,110819000,BMRI.JK,0.7404909421832425
2022-09-13,4625.0,4750.0,4612.5,4725.0,3498.8193359375,185487800,BMRI.JK,0.7404908647486772
2022-09-14,4637.5,4700.0,4600.0,4650.0,3443.282958984375,119631200,BMRI.JK,0.740490958921371
2022-09-15,4700.0,4750.0,4650.0,4675.0,3461.795166015625,156750600,BMRI.JK,0.7404909446022727
2022-09-16,4637.5,4650.0,4512.5,4550.0,3369.233642578125,167812600,BMRI.JK,0.7404909104567308
2022-09-19,4625.0,4650.0,4575.0,4612.5,3415.513916015625,137396600,BMRI.JK,0.7404908219004065
2022-09-20,4662.5,4687.5,4600.0,4600.0,3406.258056640625,140752200,BMRI.JK,0.7404908818783967
2022-09-21,4575.0,4637.5,4550.0,4637.5,3434.026611328125,71044400,BMRI.JK,0.7404909134939354
2022-09-22,4637.5,4650.0,4587.5,4600.0,3406.258056640625,96479200,BMRI.JK,0.7404908818783967
2022-09-23,4600.0,4625.0,4575.0,4600.0,3406.258056640625,61877000,BMRI.JK,0.7404908818783967
2022-09-26,4562.5,4687.5,4475.0,4625.0,3424.770263671875,133769600,BMRI.JK,0.740490867820946
2022-09-27,4625.0,4675.0,4600.0,4675.0,3461.795166015625,130959400,BMRI.JK,0.7404909446022727
2022-09-28,4725.0,4800.0,4637.5,4650.0,3443.282958984375,133085000,BMRI.JK,0.740490958921371
2022-09-29,4675.0,4687.5,4600.0,4625.0,3424.770263671875,67945200,BMRI.JK,0.740490867820946
2022-09-30,4650.0,4712.5,4612.5,4712.5,3489.563232421875,113501000,BMRI.JK,0.7404908716014589
2022-10-03,4662.5,4687.5,4612.5,4637.5,3434.026611328125,54662400,BMRI.JK,0.7404909134939354
2022-10-04,4650.0,4687.5,4612.5,4612.5,3415.513916015625,90247000,BMRI.JK,0.7404908219004065
2022-10-05,4650.0,4737.5,4637.5,4637.5,3434.026611328125,75891600,BMRI.JK,0.7404909134939354
2022-10-06,4650.0,4662.5,4612.5,4662.5,3452.53857421875,43279200,BMRI.JK,0.7404908470174263
2022-10-07,4662.5,4712.5,4637.5,4712.5,3489.563232421875,51267000,BMRI.JK,0.7404908716014589
2022-10-10,4687.5,4700.0,4637.5,4650.0,3443.282958984375,55465000,BMRI.JK,0.740490958921371
2022-10-11,4712.5,4712.5,4625.0,4650.0,3443.282958984375,71925600,BMRI.JK,0.740490958921371
2022-10-12,4687.5,4750.0,4650.0,4712.5,3489.563232421875,118731400,BMRI.JK,0.7404908716014589
2022-10-13,4750.0,4775.0,4662.5,4737.5,3508.07568359375,58832000,BMRI.JK,0.7404909094656992
2022-10-14,4825.0,4825.0,4687.5,4700.0,3480.30712890625,106401600,BMRI.JK,0.7404908784906915
2022-10-17,4725.0,4737.5,4650.0,4725.0,3498.8193359375,60905200,BMRI.JK,0.7404908647486772
2022-10-18,4750.0,4787.5,4725.0,4750.0,3517.331298828125,67904400,BMRI.JK,0.7404907997532895
2022-10-19,4687.5,4787.5,4662.5,4737.5,3508.07568359375,71544800,BMRI.JK,0.7404909094656992
2022-10-20,4675.0,4962.5,4675.0,4950.0,3665.43017578125,102422400,BMRI.JK,0.7404909446022727
2022-10-21,5000.0,5225.0,4962.5,5175.0,3832.04052734375,183987800,BMRI.JK,0.7404909231582125
2022-10-24,5162.5,5250.0,5125.0,5125.0,3795.015869140625,102168000,BMRI.JK,0.7404909012957317
2022-10-25,5137.5,5225.0,5112.5,5112.5,3785.759765625,83305200,BMRI.JK,0.7404909077017114
2022-10-26,5112.5,5125.0,5000.0,5100.0,3776.50341796875,80531400,BMRI.JK,0.7404908662683823
2022-10-27,5100.0,5162.5,5025.0,5100.0,3776.50341796875,84531200,BMRI.JK,0.7404908662683823
2022-10-28,5062.5,5112.5,5050.0,5100.0,3776.50341796875,102437400,BMRI.JK,0.7404908662683823
2022-10-31,5150.0,5275.0,5112.5,5275.0,3906.089599609375,173874600,BMRI.JK,0.7404909193572274
2022-11-01,5300.0,5300.0,5112.5,5200.0,3850.552734375,111898000,BMRI.JK,0.7404909104567308
2022-11-02,5187.5,5200.0,4987.5,5037.5,3730.22314453125,127515400,BMRI.JK,0.7404909468052109
2022-11-03,4975.0,5100.0,4975.0,5087.5,3767.24755859375,119598600,BMRI.JK,0.7404909206081081
2022-11-04,5012.5,5075.0,5000.0,5075.0,3757.990966796875,70781200,BMRI.JK,0.7404908308959359
2022-11-07,5087.5,5125.0,5000.0,5125.0,3795.015869140625,98034400,BMRI.JK,0.7404909012957317
2022-11-08,5137.5,5137.5,5037.5,5075.0,3757.990966796875,39585800,BMRI.JK,0.7404908308959359
2022-11-09,5025.0,5075.0,5025.0,5075.0,3757.990966796875,68010400,BMRI.JK,0.7404908308959359
2022-11-10,5025.0,5075.0,5000.0,5050.0,3739.47900390625,61964000,BMRI.JK,0.7404908918626237
2022-11-11,5150.0,5225.0,5112.5,5212.5,3859.808349609375,102008200,BMRI.JK,0.7404908104766187
2022-11-14,5275.0,5275.0,5075.0,5125.0,3795.015869140625,61055200,BMRI.JK,0.7404909012957317
2022-11-15,5150.0,5150.0,5050.0,5125.0,3795.015869140625,83000800,BMRI.JK,0.7404909012957317
2022-11-16,5050.0,5087.5,4950.0,5000.0,3702.45458984375,128257800,BMRI.JK,0.74049091796875
2022-11-17,4925.0,5012.5,4925.0,4950.0,3665.43017578125,167562600,BMRI.JK,0.7404909446022727
2022-11-18,4975.0,5112.5,4962.5,5087.5,3767.24755859375,111646200,BMRI.JK,0.7404909206081081
2022-11-21,5087.5,5100.0,5012.5,5050.0,3739.47900390625,52311600,BMRI.JK,0.7404908918626237
2022-11-22,5025.0,5125.0,5025.0,5062.5,3748.735107421875,79850600,BMRI.JK,0.7404908854166666
2022-11-23,5062.5,5150.0,5062.5,5100.0,3776.50341796875,78250600,BMRI.JK,0.7404908662683823
2022-11-24,5112.5,5150.0,5100.0,5112.5,3785.759765625,59701400,BMRI.JK,0.7404909077017114
2022-11-25,5112.5,5112.5,5050.0,5087.5,3767.24755859375,77984800,BMRI.JK,0.7404909206081081
2022-11-28,5087.5,5137.5,5062.5,5062.5,3748.735107421875,64779000,BMRI.JK,0.7404908854166666
2022-11-29,5125.0,5225.0,5100.0,5162.5,3822.783935546875,72261000,BMRI.JK,0.7404908349727602
2022-11-30,5162.5,5400.0,5162.5,5262.5,3896.83349609375,347136800,BMRI.JK,0.7404909256235155
2022-12-01,5262.5,5325.0,5200.0,5200.0,3850.552734375,141493000,BMRI.JK,0.7404909104567308
2022-12-02,5200.0,5262.5,5162.5,5262.5,3896.83349609375,70811400,BMRI.JK,0.7404909256235155
2022-12-05,5325.0,5500.0,5287.5,5437.5,4026.418701171875,146472800,BMRI.JK,0.7404907956178161
2022-12-06,5437.5,5500.0,5362.5,5450.0,4035.675537109375,139360200,BMRI.JK,0.7404909242402523
2022-12-07,5312.5,5350.0,5187.5,5187.5,3841.29638671875,200886200,BMRI.JK,0.7404908697289156
2022-12-08,5037.5,5112.5,4987.5,5025.0,3720.96630859375,279908400,BMRI.JK,0.7404908076803483
2022-12-09,4975.0,5025.0,4912.5,4962.5,3674.686279296875,241338200,BMRI.JK,0.7404909378935768
2022-12-12,4912.5,5000.0,4887.5,4975.0,3683.942138671875,183717600,BMRI.JK,0.7404908821451005
2022-12-13,4887.5,5000.0,4887.5,4950.0,3665.43017578125,224176000,BMRI.JK,0.7404909446022727
2022-12-14,5037.5,5050.0,4975.0,4975.0,3683.942138671875,162689200,BMRI.JK,0.7404908821451005
2022-12-15,4950.0,5012.5,4950.0,4950.0,3665.43017578125,82673400,BMRI.JK,0.7404909446022727
2022-12-16,4912.5,5050.0,4912.5,5050.0,3739.47900390625,770252400,BMRI.JK,0.7404908918626237
2022-12-19,5000.0,5037.5,4950.0,5000.0,3702.45458984375,100871400,BMRI.JK,0.74049091796875
2022-12-20,5000.0,5025.0,4975.0,5025.0,3720.96630859375,56633800,BMRI.JK,0.7404908076803483
2022-12-21,5062.5,5062.5,5000.0,5000.0,3702.45458984375,37945200,BMRI.JK,0.74049091796875
2022-12-22,5050.0,5050.0,4975.0,4975.0,3683.942138671875,78836200,BMRI.JK,0.7404908821451005
2022-12-23,4950.0,5000.0,4950.0,4962.5,3674.686279296875,38571200,BMRI.JK,0.7404909378935768
2022-12-26,4987.5,5025.0,4975.0,5025.0,3720.96630859375,19578800,BMRI.JK,0.7404908076803483
2022-12-27,5025.0,5025.0,4937.5,4975.0,3683.942138671875,43282000,BMRI.JK,0.7404908821451005
2022-12-28,5000.0,5000.0,4925.0,4987.5,3693.1982421875,30258400,BMRI.JK,0.7404908756265665
2022-12-29,4950.0,4987.5,4937.5,4987.5,3693.1982421875,56981400,BMRI.JK,0.7404908756265665
2022-12-30,5000.0,5025.0,4962.5,4962.5,3674.686279296875,40655800,BMRI.JK,0.7404909378935768
2023-01-02,4962.5,4987.5,4937.5,4937.5,3656.173583984375,5985400,BMRI.JK,0.7404908524525317
2023-01-03,4925.0,4987.5,4925.0,4975.0,3683.942138671875,13815200,BMRI.JK,0.7404908821451005
2023-01-04,5012.5,5037.5,4987.5,5012.5,3711.71044921875,38575800,BMRI.JK,0.7404908626870325
2023-01-05,5025.0,5025.0,4862.5,4912.5,3637.661376953125,84945800,BMRI.JK,0.7404908655375319
2023-01-06,4862.5,4900.0,4800.0,4900.0,3628.40576171875,44097000,BMRI.JK,0.7404909717793368
2023-01-09,4875.0,4925.0,4800.0,4862.5,3600.63671875,67250600,BMRI.JK,0.7404908419023136
2023-01-10,4750.0,4775.0,4587.5,4637.5,3434.026611328125,214538800,BMRI.JK,0.7404909134939354
2023-01-11,4537.5,4587.5,4450.0,4475.0,3313.696533203125,193915000,BMRI.JK,0.7404908454085195
2023-01-12,4500.0,4725.0,4500.0,4600.0,3406.258056640625,219659400,BMRI.JK,0.7404908818783967
2023-01-13,4562.5,4612.5,4525.0,4587.5,3397.002197265625,107483800,BMRI.JK,0.7404909421832425
2023-01-16,4550.0,4675.0,4550.0,4650.0,3443.282958984375,145710000,BMRI.JK,0.740490958921371
2023-01-17,4700.0,4912.5,4687.5,4875.0,3609.89306640625,146238000,BMRI.JK,0.7404908854166666
2023-01-18,4825.0,4887.5,4750.0,4775.0,3535.84423828125,95360600,BMRI.JK,0.7404909399541885
2023-01-19,4800.0,4912.5,4762.5,4875.0,3609.89306640625,81704200,BMRI.JK,0.7404908854166666
2023-01-20,4925.0,5000.0,4900.0,4987.5,3693.1982421875,93227400,BMRI.JK,0.7404908756265665
2023-01-24,4925.0,4987.5,4900.0,4950.0,3665.43017578125,35028000,BMRI.JK,0.7404909446022727
2023-01-25,4900.0,4925.0,4850.0,4850.0,3591.380859375,72767800,BMRI.JK,0.7404908988402061
2023-01-26,4887.5,4937.5,4875.0,4912.5,3637.661376953125,70558600,BMRI.JK,0.7404908655375319
2023-01-27,4950.0,5075.0,4950.0,5012.5,3711.71044921875,216788400,BMRI.JK,0.7404908626870325
2023-01-30,5012.5,5062.5,4937.5,4975.0,3683.942138671875,82589400,BMRI.JK,0.7404908821451005
2023-01-31,5012.5,5050.0,4937.5,4975.0,3683.942138671875,167297000,BMRI.JK,0.7404908821451005
2023-02-01,4975.0,5025.0,4837.5,4850.0,3591.380859375,165628800,BMRI.JK,0.7404908988402061
2023-02-02,4862.5,4875.0,4787.5,4862.5,3600.63671875,99351800,BMRI.JK,0.7404908419023136
2023-02-03,4875.0,4975.0,4875.0,4962.5,3674.686279296875,108125400,BMRI.JK,0.7404909378935768
2023-02-06,4962.5,5025.0,4875.0,4937.5,3656.173583984375,109098400,BMRI.JK,0.7404908524525317
2023-02-07,4975.0,5112.5,4950.0,5087.5,3767.24755859375,118132000,BMRI.JK,0.7404909206081081
2023-02-08,5062.5,5112.5,5050.0,5100.0,3776.50341796875,75656000,BMRI.JK,0.7404908662683823
2023-02-09,5150.0,5200.0,5125.0,5125.0,3795.015869140625,121757400,BMRI.JK,0.7404909012957317
2023-02-10,5225.0,5225.0,5075.0,5150.0,3813.528076171875,81114600,BMRI.JK,0.7404908885770631
2023-02-13,5275.0,5275.0,5125.0,5175.0,3832.04052734375,56771800,BMRI.JK,0.7404909231582125
2023-02-14,5225.0,5225.0,5137.5,5187.5,3841.29638671875,39570600,BMRI.JK,0.7404908697289156
2023-02-15,5150.0,5175.0,5050.0,5112.5,3785.759765625,75595200,BMRI.JK,0.7404909077017114
2023-02-16,5112.5,5137.5,5062.5,5087.5,3767.24755859375,49569000,BMRI.JK,0.7404909206081081
2023-02-17,5087.5,5150.0,5050.0,5150.0,3813.528076171875,58521000,BMRI.JK,0.7404908885770631
2023-02-20,5150.0,5150.0,5100.0,5137.5,3804.271728515625,40696400,BMRI.JK,0.740490847399635
2023-02-21,5150.0,5150.0,5087.5,5100.0,3776.50341796875,52604400,BMRI.JK,0.7404908662683823
2023-02-22,5062.5,5087.5,4975.0,5000.0,3702.45458984375,75513400,BMRI.JK,0.74049091796875
2023-02-23,4987.5,5050.0,4962.5,5037.5,3730.22314453125,177505200,BMRI.JK,0.7404909468052109
2023-02-24,5062.5,5112.5,5037.5,5062.5,3748.735107421875,54138200,BMRI.JK,0.7404908854166666
2023-02-27,5037.5,5075.0,5025.0,5075.0,3757.990966796875,47901800,BMRI.JK,0.7404908308959359
2023-02-28,5037.5,5075.0,5000.0,5000.0,3702.45458984375,146440400,BMRI.JK,0.74049091796875
2023-03-01,5075.0,5100.0,5025.0,5050.0,3739.47900390625,89565600,BMRI.JK,0.7404908918626237
2023-03-02,5075.0,5150.0,5075.0,5112.5,3785.759765625,72991800,BMRI.JK,0.7404909077017114
2023-03-03,5100.0,5125.0,5012.5,5025.0,3720.96630859375,88630600,BMRI.JK,0.7404908076803483
2023-03-06,5087.5,5112.5,5037.5,5062.5,3748.735107421875,53728800,BMRI.JK,0.7404908854166666
2023-03-07,5075.0,5137.5,5062.5,5087.5,3767.24755859375,80065800,BMRI.JK,0.7404909206081081
2023-03-08,5125.0,5137.5,5087.5,5137.5,3804.271728515625,104838200,BMRI.JK,0.740490847399635
2023-03-09,5200.0,5250.0,5175.0,5225.0,3869.065185546875,83286000,BMRI.JK,0.7404909446022727
2023-03-10,5212.5,5212.5,5137.5,5187.5,3841.29638671875,107531000,BMRI.JK,0.7404908697289156
2023-03-13,5137.5,5187.5,5112.5,5175.0,3832.04052734375,92827600,BMRI.JK,0.7404909231582125
2023-03-14,5100.0,5137.5,4925.0,4962.5,3674.686279296875,191898400,BMRI.JK,0.7404909378935768
2023-03-15,5025.0,5087.5,4925.0,5025.0,3720.96630859375,262828600,BMRI.JK,0.7404908076803483
2023-03-16,5037.5,5037.5,4912.5,4925.0,3646.917724609375,135467400,BMRI.JK,0.7404909085501269
2023-03-17,4975.0,5062.5,4962.5,5050.0,3739.47900390625,224171600,BMRI.JK,0.7404908918626237
2023-03-20,5025.0,5050.0,5000.0,5000.0,3702.45458984375,46333000,BMRI.JK,0.74049091796875
2023-03-21,5050.0,5250.0,5037.5,5250.0,3887.57763671875,131331000,BMRI.JK,0.740490978422619
2023-03-24,5312.5,5475.0,5287.5,5450.0,4035.675537109375,222156200,BMRI.JK,0.7404909242402523
2023-03-27,5200.0,5212.5,5100.0,5100.0,3969.262451171875,151825600,BMRI.JK,0.7782867551317402
2023-03-28,5100.0,5137.5,5050.0,5062.5,3940.077392578125,103951000,BMRI.JK,0.7782868923611111
2023-03-29,5125.0,5187.5,5100.0,5175.0,4027.63427734375,107454600,BMRI.JK,0.7782868168780194
2023-03-30,5175.0,5200.0,5112.5,5112.5,3978.991455078125,97186200,BMRI.JK,0.7782868371790953
2023-03-31,5137.5,5162.5,5100.0,5162.5,4017.9052734375,92013200,BMRI.JK,0.7782867357748184
2023-04-03,5200.0,5262.5,5200.0,5262.5,4095.734619140625,101724400,BMRI.JK,0.7782868634946556
2023-04-04,5250.0,5300.0,5100.0,5200.0,4047.091796875,94482600,BMRI.JK,0.778286884014423
2023-04-05,5150.0,5250.0,5150.0,5225.0,4066.549072265625,42655500,BMRI.JK,0.7782869037828948
2023-04-06,5225.0,5225.0,5150.0,5175.0,4027.63427734375,47999400,BMRI.JK,0.7782868168780194
2023-04-10,5150.0,5175.0,5050.0,5100.0,3969.262451171875,74787800,BMRI.JK,0.7782867551317402
2023-04-11,5100.0,5100.0,5050.0,5100.0,3969.262451171875,37744800,BMRI.JK,0.7782867551317402
2023-04-12,5100.0,5225.0,5100.0,5150.0,4008.17724609375,111901500,BMRI.JK,0.778286843901699
2023-04-13,5175.0,5200.0,5125.0,5125.0,3988.72021484375,67928500,BMRI.JK,0.7782868711890244
2023-04-14,5150.0,5250.0,5150.0,5225.0,4066.549072265625,142479800,BMRI.JK,0.7782869037828948
2023-04-17,5225.0,5250.0,5125.0,5125.0,3988.72021484375,95789900,BMRI.JK,0.7782868711890244
2023-04-18,5150.0,5250.0,5125.0,5175.0,4027.63427734375,106962300,BMRI.JK,0.7782868168780194
2023-04-26,5400.0,5425.0,5175.0,5200.0,4047.091796875,207338000,BMRI.JK,0.778286884014423
2023-04-27,5175.0,5225.0,5175.0,5200.0,4047.091796875,51076300,BMRI.JK,0.778286884014423
2023-04-28,5225.0,5225.0,5150.0,5175.0,4027.63427734375,116957800,BMRI.JK,0.7782868168780194
2023-05-02,5250.0,5250.0,5175.0,5250.0,4086.006103515625,98024100,BMRI.JK,0.778286876860119
2023-05-03,5250.0,5250.0,5150.0,5225.0,4066.549072265625,110683000,BMRI.JK,0.7782869037828948
2023-05-04,5175.0,5225.0,5125.0,5175.0,4027.63427734375,100945900,BMRI.JK,0.7782868168780194
2023-05-05,5175.0,5200.0,5125.0,5175.0,4027.63427734375,64499500,BMRI.JK,0.7782868168780194
2023-05-08,5175.0,5200.0,5125.0,5125.0,3988.72021484375,64678000,BMRI.JK,0.7782868711890244
2023-05-09,5100.0,5125.0,5050.0,5050.0,3930.348388671875,93531000,BMRI.JK,0.778286809637995
2023-05-10,5050.0,5125.0,5050.0,5075.0,3949.805908203125,58148200,BMRI.JK,0.77828687846367
2023-05-11,5075.0,5100.0,5025.0,5100.0,3969.262451171875,63262300,BMRI.JK,0.7782867551317402
2023-05-12,5075.0,5075.0,5000.0,5000.0,3891.43408203125,105407300,BMRI.JK,0.77828681640625
2023-05-15,5050.0,5050.0,5000.0,5050.0,3930.348388671875,76451700,BMRI.JK,0.778286809637995
2023-05-16,5075.0,5075.0,4980.0,4990.0,3883.6513671875,42752200,BMRI.JK,0.7782868471317635
2023-05-17,4990.0,5075.0,4980.0,5000.0,3891.43408203125,63396700,BMRI.JK,0.77828681640625
2023-05-19,5075.0,5100.0,5025.0,5075.0,3949.805908203125,78499800,BMRI.JK,0.77828687846367
2023-05-22,5100.0,5250.0,5075.0,5225.0,4066.549072265625,120027200,BMRI.JK,0.7782869037828948
2023-05-23,5200.0,5250.0,5100.0,5125.0,3988.72021484375,165534100,BMRI.JK,0.7782868711890244
2023-05-24,5125.0,5150.0,5050.0,5075.0,3949.805908203125,125575300,BMRI.JK,0.77828687846367
2023-05-25,5050.0,5175.0,5050.0,5175.0,4027.63427734375,76424100,BMRI.JK,0.7782868168780194
2023-05-26,5175.0,5200.0,5100.0,5125.0,3988.72021484375,42313700,BMRI.JK,0.7782868711890244
2023-05-29,5175.0,5175.0,5100.0,5150.0,4008.17724609375,60646900,BMRI.JK,0.778286843901699
2023-05-30,5100.0,5200.0,5100.0,5150.0,4008.17724609375,49086100,BMRI.JK,0.778286843901699
2023-05-31,5175.0,5200.0,5050.0,5050.0,3930.348388671875,393735900,BMRI.JK,0.778286809637995
2023-06-05,5100.0,5150.0,5075.0,5075.0,3949.805908203125,149191300,BMRI.JK,0.77828687846367
2023-06-06,5050.0,5100.0,4950.0,5050.0,3930.348388671875,244590500,BMRI.JK,0.778286809637995
2023-06-07,5000.0,5075.0,5000.0,5025.0,3910.89111328125,130408700,BMRI.JK,0.7782867887126865
2023-06-08,5000.0,5075.0,5000.0,5025.0,3910.89111328125,173484200,BMRI.JK,0.7782867887126865
2023-06-09,5025.0,5125.0,5000.0,5125.0,3988.72021484375,150849200,BMRI.JK,0.7782868711890244
2023-06-12,5100.0,5125.0,5050.0,5100.0,3969.262451171875,91080300,BMRI.JK,0.7782867551317402
2023-06-13,5100.0,5175.0,5050.0,5100.0,3969.262451171875,143804700,BMRI.JK,0.7782867551317402
2023-06-14,5125.0,5150.0,5050.0,5050.0,3930.348388671875,96670300,BMRI.JK,0.778286809637995
2023-06-15,5050.0,5150.0,5050.0,5125.0,3988.72021484375,94097900,BMRI.JK,0.7782868711890244
2023-06-16,5125.0,5150.0,5075.0,5150.0,4008.17724609375,103942500,BMRI.JK,0.778286843901699
2023-06-19,5100.0,5150.0,5100.0,5125.0,3988.72021484375,36211300,BMRI.JK,0.7782868711890244
2023-06-20,5100.0,5125.0,5050.0,5100.0,3969.262451171875,44316800,BMRI.JK,0.7782867551317402
2023-06-21,5050.0,5100.0,5050.0,5100.0,3969.262451171875,58061600,BMRI.JK,0.7782867551317402
2023-06-22,5100.0,5150.0,5075.0,5075.0,3949.805908203125,60457300,BMRI.JK,0.77828687846367
2023-06-23,5075.0,5125.0,5050.0,5075.0,3949.805908203125,47276900,BMRI.JK,0.77828687846367
2023-06-26,5100.0,5175.0,5075.0,5125.0,3988.72021484375,74263700,BMRI.JK,0.7782868711890244
2023-06-27,5175.0,5250.0,5150.0,5200.0,4047.091796875,101592900,BMRI.JK,0.778286884014423
2023-07-03,5125.0,5350.0,5125.0,5350.0,4163.83447265625,227354700,BMRI.JK,0.7782868173189252
2023-07-04,5400.0,5400.0,5225.0,5250.0,4086.006103515625,119841200,BMRI.JK,0.778286876860119
2023-07-05,5300.0,5325.0,5250.0,5275.0,4105.46337890625,78430000,BMRI.JK,0.7782868964751185
2023-07-06,5300.0,5350.0,5250.0,5300.0,4124.919921875,90981000,BMRI.JK,0.7782867777122642
2023-07-07,5275.0,5300.0,5150.0,5150.0,4008.17724609375,128515100,BMRI.JK,0.778286843901699
2023-07-10,5175.0,5225.0,5150.0,5175.0,4027.63427734375,82685700,BMRI.JK,0.7782868168780194
2023-07-11,5200.0,5300.0,5175.0,5275.0,4105.46337890625,100578900,BMRI.JK,0.7782868964751185
2023-07-12,5300.0,5375.0,5250.0,5300.0,4124.919921875,123947700,BMRI.JK,0.7782867777122642
2023-07-13,5375.0,5375.0,5275.0,5350.0,4163.83447265625,101281200,BMRI.JK,0.7782868173189252
2023-07-14,5400.0,5425.0,5350.0,5400.0,4202.7490234375,122343600,BMRI.JK,0.7782868561921297
2023-07-17,5425.0,5475.0,5375.0,5375.0,4183.29150390625,99897600,BMRI.JK,0.7782867914244186
2023-07-18,5375.0,5425.0,5300.0,5350.0,4163.83447265625,65073800,BMRI.JK,0.7782868173189252
2023-07-20,5400.0,5550.0,5400.0,5525.0,4300.03466796875,132054000,BMRI.JK,0.7782868177319004
2023-07-21,5550.0,5575.0,5450.0,5550.0,4319.4921875,111275700,BMRI.JK,0.7782868806306307
2023-07-24,5550.0,5625.0,5500.0,5500.0,4280.57763671875,54865000,BMRI.JK,0.7782868430397727
2023-07-25,5550.0,5575.0,5500.0,5550.0,4319.4921875,65237300,BMRI.JK,0.7782868806306307
2023-07-26,5550.0,5600.0,5525.0,5575.0,4338.94921875,88526700,BMRI.JK,0.7782868553811659
2023-07-27,5575.0,5700.0,5575.0,5625.0,4377.86328125,86556200,BMRI.JK,0.7782868055555555
2023-07-28,5625.0,5725.0,5625.0,5700.0,4436.23486328125,121968500,BMRI.JK,0.7782868181195175
2023-07-31,5800.0,5800.0,5625.0,5725.0,4455.6923828125,189375700,BMRI.JK,0.7782868790938865
2023-08-01,5650.0,5725.0,5600.0,5650.0,4397.3203125,114702500,BMRI.JK,0.7782867809734513
2023-08-02,5625.0,5750.0,5600.0,5700.0,4436.23486328125,133546200,BMRI.JK,0.7782868181195175
2023-08-03,5725.0,5825.0,5700.0,5800.0,4514.0634765625,68587500,BMRI.JK,0.7782868063038794
2023-08-04,5800.0,5825.0,5750.0,5775.0,4494.6064453125,47144200,BMRI.JK,0.7782868303571429
2023-08-07,5850.0,5925.0,5825.0,5875.0,4572.43505859375,104342100,BMRI.JK,0.7782868184840426
2023-08-08,5900.0,5950.0,5875.0,5900.0,4591.892578125,66473200,BMRI.JK,0.7782868776483051
2023-08-09,5900.0,5950.0,5850.0,5900.0,4591.892578125,64495400,BMRI.JK,0.7782868776483051
2023-08-10,5925.0,6000.0,5900.0,5975.0,4650.26416015625,78859600,BMRI.JK,0.7782868887290795
2023-08-11,5975.0,6025.0,5900.0,5925.0,4611.34912109375,46568600,BMRI.JK,0.778286771492616
2023-08-14,5925.0,5950.0,5800.0,5950.0,4630.806640625,86460500,BMRI.JK,0.7782868303571429
2023-08-15,5900.0,5925.0,5800.0,5800.0,4514.0634765625,116815700,BMRI.JK,0.7782868063038794
2023-08-16,5775.0,5800.0,5675.0,5800.0,4514.0634765625,163744100,BMRI.JK,0.7782868063038794
2023-08-18,5725.0,5825.0,5725.0,5775.0,4494.6064453125,104894600,BMRI.JK,0.7782868303571429
2023-08-21,5800.0,5875.0,5800.0,5825.0,4533.52099609375,61845800,BMRI.JK,0.7782868662821888
2023-08-22,5800.0,5950.0,5800.0,5950.0,4630.806640625,93617200,BMRI.JK,0.7782868303571429
2023-08-23,5950.0,5950.0,5850.0,5850.0,4552.97802734375,40844700,BMRI.JK,0.7782868422809829
2023-08-24,5900.0,5950.0,5875.0,5950.0,4630.806640625,42648300,BMRI.JK,0.7782868303571429
2023-08-25,5900.0,5925.0,5825.0,5900.0,4591.892578125,65093100,BMRI.JK,0.7782868776483051
2023-08-28,5950.0,6025.0,5900.0,6000.0,4669.720703125,63980400,BMRI.JK,0.7782867838541667
2023-08-29,6000.0,6025.0,5950.0,5950.0,4630.806640625,50839300,BMRI.JK,0.7782868303571429
2023-08-30,5925.0,6100.0,5925.0,5975.0,4650.26416015625,65727400,BMRI.JK,0.7782868887290795
2023-08-31,6000.0,6075.0,5900.0,6025.0,4689.17822265625,159062900,BMRI.JK,0.7782868419346473
2023-09-01,6075.0,6125.0,6050.0,6075.0,4728.0927734375,50796000,BMRI.JK,0.7782868762860082
2023-09-04,6075.0,6150.0,6050.0,6100.0,4747.5498046875,56317700,BMRI.JK,0.778286853227459
2023-09-05,6100.0,6150.0,6075.0,6100.0,4747.5498046875,24893100,BMRI.JK,0.778286853227459
2023-09-06,6050.0,6125.0,6050.0,6050.0,4708.63525390625,40547800,BMRI.JK,0.7782868188274793
2023-09-07,6000.0,6025.0,5825.0,5875.0,4572.43505859375,124351400,BMRI.JK,0.7782868184840426
2023-09-08,5900.0,5925.0,5775.0,5900.0,4591.892578125,81980400,BMRI.JK,0.7782868776483051
2023-09-11,5900.0,5925.0,5825.0,5925.0,4611.34912109375,74510600,BMRI.JK,0.778286771492616
2023-09-12,5950.0,5950.0,5850.0,5875.0,4572.43505859375,54076800,BMRI.JK,0.7782868184840426
2023-09-13,5825.0,5850.0,5775.0,5850.0,4552.97802734375,69884000,BMRI.JK,0.7782868422809829
2023-09-14,5825.0,5875.0,5775.0,5825.0,4533.52099609375,59132600,BMRI.JK,0.7782868662821888
2023-09-15,5900.0,5975.0,5850.0,5925.0,4611.34912109375,165106200,BMRI.JK,0.778286771492616
2023-09-18,5900.0,5950.0,5875.0,5900.0,4591.892578125,53450400,BMRI.JK,0.7782868776483051
2023-09-19,5900.0,6075.0,5875.0,6000.0,4669.720703125,84608400,BMRI.JK,0.7782867838541667
2023-09-20,6100.0,6125.0,6050.0,6075.0,4728.0927734375,64864900,BMRI.JK,0.7782868762860082
2023-09-21,6050.0,6075.0,5975.0,6000.0,4669.720703125,60535000,BMRI.JK,0.7782867838541667
2023-09-22,6000.0,6050.0,5975.0,6000.0,4669.720703125,51069900,BMRI.JK,0.7782867838541667
2023-09-25,6000.0,6050.0,5975.0,6000.0,4669.720703125,40650900,BMRI.JK,0.7782867838541667
2023-09-26,5975.0,6000.0,5850.0,5925.0,4611.34912109375,109786400,BMRI.JK,0.778286771492616
2023-09-27,5925.0,6050.0,5900.0,6000.0,4669.720703125,75050600,BMRI.JK,0.7782867838541667
2023-09-29,6050.0,6050.0,6000.0,6025.0,4689.17822265625,71554100,BMRI.JK,0.7782868419346473
2023-10-02,6025.0,6100.0,6025.0,6050.0,4708.63525390625,33296500,BMRI.JK,0.7782868188274793
2023-10-03,6000.0,6075.0,6000.0,6075.0,4728.0927734375,37093100,BMRI.JK,0.7782868762860082
2023-10-04,6075.0,6125.0,5975.0,6125.0,4767.0068359375,69154000,BMRI.JK,0.7782868303571429
2023-10-05,6150.0,6200.0,6100.0,6125.0,4767.0068359375,69566800,BMRI.JK,0.7782868303571429
2023-10-06,6150.0,6150.0,6025.0,6025.0,4689.17822265625,25913600,BMRI.JK,0.7782868419346473
2023-10-09,6025.0,6050.0,5900.0,5900.0,4591.892578125,45321700,BMRI.JK,0.7782868776483051
2023-10-10,5900.0,6075.0,5900.0,6000.0,4669.720703125,42820800,BMRI.JK,0.7782867838541667
2023-10-11,5950.0,6175.0,5950.0,6050.0,4708.63525390625,72955000,BMRI.JK,0.7782868188274793
2023-10-12,6075.0,6175.0,6050.0,6075.0,4728.0927734375,91341800,BMRI.JK,0.7782868762860082
2023-10-13,6075.0,6150.0,6025.0,6075.0,4728.0927734375,39914700,BMRI.JK,0.7782868762860082
2023-10-16,6025.0,6075.0,5975.0,6025.0,4689.17822265625,53416400,BMRI.JK,0.7782868419346473
2023-10-17,6000.0,6025.0,5925.0,6000.0,4669.720703125,74702300,BMRI.JK,0.7782867838541667
2023-10-18,5925.0,5950.0,5825.0,5850.0,4552.97802734375,80637400,BMRI.JK,0.7782868422809829
2023-10-19,5775.0,5800.0,5700.0,5725.0,4455.6923828125,160277800,BMRI.JK,0.7782868790938865
2023-10-20,5675.0,5800.0,5650.0,5750.0,4475.1494140625,82132000,BMRI.JK,0.7782868546195653
2023-10-23,5700.0,5725.0,5625.0,5675.0,4416.77783203125,73897500,BMRI.JK,0.7782868426486784
2023-10-24,5700.0,5800.0,5675.0,5750.0,4475.1494140625,72469200,BMRI.JK,0.7782868546195653
2023-10-25,5825.0,5900.0,5775.0,5850.0,4552.97802734375,90426500,BMRI.JK,0.7782868422809829
2023-10-26,5800.0,5850.0,5700.0,5700.0,4436.23486328125,86348700,BMRI.JK,0.7782868181195175
2023-10-27,5750.0,5775.0,5700.0,5700.0,4436.23486328125,90177000,BMRI.JK,0.7782868181195175
2023-10-30,5700.0,5725.0,5625.0,5725.0,4455.6923828125,81547000,BMRI.JK,0.7782868790938865
2023-10-31,5800.0,5850.0,5650.0,5675.0,4416.77783203125,99449400,BMRI.JK,0.7782868426486784
2023-11-01,5700.0,5700.0,5625.0,5650.0,4397.3203125,74281200,BMRI.JK,0.7782867809734513
2023-11-02,5750.0,5925.0,5725.0,5900.0,4591.892578125,115678200,BMRI.JK,0.7782868776483051
2023-11-03,5925.0,5975.0,5825.0,5825.0,4533.52099609375,53379500,BMRI.JK,0.7782868662821888
2023-11-06,5900.0,5925.0,5850.0,5925.0,4611.34912109375,58266100,BMRI.JK,0.778286771492616
2023-11-07,5950.0,5975.0,5800.0,5875.0,4572.43505859375,56161300,BMRI.JK,0.7782868184840426
2023-11-08,5775.0,5850.0,5725.0,5850.0,4552.97802734375,63442400,BMRI.JK,0.7782868422809829
2023-11-09,5825.0,5900.0,5800.0,5875.0,4572.43505859375,45026200,BMRI.JK,0.7782868184840426
2023-11-10,5850.0,5850.0,5775.0,5775.0,4494.6064453125,59611500,BMRI.JK,0.7782868303571429
2023-11-13,5850.0,5850.0,5800.0,5825.0,4533.52099609375,17444600,BMRI.JK,0.7782868662821888
2023-11-14,5825.0,5900.0,5800.0,5825.0,4533.52099609375,50587800,BMRI.JK,0.7782868662821888
2023-11-15,5900.0,5975.0,5875.0,5925.0,4611.34912109375,74255700,BMRI.JK,0.778286771492616
2023-11-16,5850.0,5925.0,5825.0,5925.0,4611.34912109375,36004500,BMRI.JK,0.778286771492616
2023-11-17,5875.0,5950.0,5850.0,5900.0,4591.892578125,33963900,BMRI.JK,0.7782868776483051
2023-11-20,5825.0,5925.0,5825.0,5875.0,4572.43505859375,20014600,BMRI.JK,0.7782868184840426
2023-11-21,5850.0,5925.0,5825.0,5875.0,4572.43505859375,55094300,BMRI.JK,0.7782868184840426
2023-11-22,5825.0,5900.0,5825.0,5875.0,4572.43505859375,21111100,BMRI.JK,0.7782868184840426
2023-11-23,5950.0,5950.0,5900.0,5900.0,4591.892578125,36725600,BMRI.JK,0.7782868776483051
2023-11-24,5925.0,5925.0,5850.0,5875.0,4572.43505859375,27087900,BMRI.JK,0.7782868184840426
2023-11-27,5900.0,5925.0,5875.0,5900.0,4591.892578125,39719300,BMRI.JK,0.7782868776483051
2023-11-28,5900.0,5925.0,5875.0,5900.0,4591.892578125,58255800,BMRI.JK,0.7782868776483051
2023-11-29,5850.0,5925.0,5825.0,5850.0,4552.97802734375,36796600,BMRI.JK,0.7782868422809829
2023-11-30,5850.0,5925.0,5825.0,5850.0,4552.97802734375,117365000,BMRI.JK,0.7782868422809829
2023-12-01,5850.0,5900.0,5825.0,5900.0,4591.892578125,31365100,BMRI.JK,0.7782868776483051
2023-12-04,5925.0,6025.0,5900.0,6000.0,4669.720703125,66145100,BMRI.JK,0.7782867838541667
2023-12-05,6000.0,6000.0,5875.0,5975.0,4650.26416015625,58668400,BMRI.JK,0.7782868887290795
2023-12-06,5925.0,5950.0,5800.0,5800.0,4514.0634765625,88747200,BMRI.JK,0.7782868063038794
2023-12-07,5800.0,5825.0,5725.0,5750.0,4475.1494140625,97966700,BMRI.JK,0.7782868546195653
2023-12-08,5750.0,5775.0,5650.0,5700.0,4436.23486328125,98036700,BMRI.JK,0.7782868181195175
2023-12-11,5650.0,5800.0,5650.0,5775.0,4494.6064453125,68655000,BMRI.JK,0.7782868303571429
2023-12-12,5800.0,5825.0,5750.0,5800.0,4514.0634765625,55110500,BMRI.JK,0.7782868063038794
2023-12-13,5750.0,5775.0,5700.0,5725.0,4455.6923828125,121450600,BMRI.JK,0.7782868790938865
2023-12-14,5825.0,6025.0,5800.0,5950.0,4630.806640625,171595800,BMRI.JK,0.7782868303571429
2023-12-15,5950.0,6000.0,5900.0,5900.0,4591.892578125,142382200,BMRI.JK,0.7782868776483051
2023-12-18,5850.0,5950.0,5850.0,5925.0,4611.34912109375,101458600,BMRI.JK,0.778286771492616
2023-12-19,5950.0,5975.0,5925.0,5975.0,4650.26416015625,40763200,BMRI.JK,0.7782868887290795
2023-12-20,5900.0,5975.0,5900.0,5925.0,4611.34912109375,65361000,BMRI.JK,0.778286771492616
2023-12-21,5950.0,5975.0,5925.0,5975.0,4650.26416015625,50363900,BMRI.JK,0.7782868887290795
2023-12-22,5950.0,5975.0,5925.0,5975.0,4650.26416015625,29975600,BMRI.JK,0.7782868887290795
2023-12-27,6000.0,6025.0,5925.0,6000.0,4669.720703125,43114900,BMRI.JK,0.7782867838541667
2023-12-28,6050.0,6150.0,6000.0,6125.0,4767.0068359375,75118700,BMRI.JK,0.7782868303571429
2023-12-29,6125.0,6125.0,6000.0,6050.0,4708.63525390625,63097100,BMRI.JK,0.7782868188274793
2024-01-02,6050.0,6125.0,6025.0,6125.0,4767.0068359375,26235700,BMRI.JK,0.7782868303571429
2024-01-03,6100.0,6150.0,6050.0,6100.0,4747.5498046875,30053900,BMRI.JK,0.778286853227459
2024-01-04,6125.0,6400.0,6100.0,6350.0,4942.12109375,135344500,BMRI.JK,0.7782867864173229
2024-01-05,6400.0,6475.0,6350.0,6425.0,5000.4931640625,114339400,BMRI.JK,0.7782868737840467
2024-01-08,6500.0,6600.0,6375.0,6400.0,4981.03564453125,151018300,BMRI.JK,0.7782868194580078
2024-01-09,6425.0,6450.0,6350.0,6375.0,4961.57861328125,77953400,BMRI.JK,0.7782868412990196
2024-01-10,6375.0,6450.0,6325.0,6425.0,5000.4931640625,50019800,BMRI.JK,0.7782868737840467
2024-01-11,6425.0,6500.0,6400.0,6450.0,5019.95068359375,32120200,BMRI.JK,0.7782869276889535
2024-01-12,6575.0,6675.0,6525.0,6575.0,5117.23583984375,114039700,BMRI.JK,0.7782868197480989
2024-01-15,6575.0,6625.0,6475.0,6500.0,5058.8642578125,83066800,BMRI.JK,0.7782868088942307
2024-01-16,6525.0,6625.0,6500.0,6525.0,5078.3212890625,83516800,BMRI.JK,0.7782867875957854
2024-01-17,6525.0,6625.0,6500.0,6525.0,5078.3212890625,80929000,BMRI.JK,0.7782867875957854
2024-01-18,6525.0,6550.0,6475.0,6525.0,5078.3212890625,78209900,BMRI.JK,0.7782867875957854
2024-01-19,6500.0,6525.0,6425.0,6525.0,5078.3212890625,74814000,BMRI.JK,0.7782867875957854
2024-01-22,6500.0,6550.0,6450.0,6500.0,5058.8642578125,96993100,BMRI.JK,0.7782868088942307
2024-01-23,6525.0,6550.0,6450.0,6500.0,5058.8642578125,77037800,BMRI.JK,0.7782868088942307
2024-01-24,6450.0,6475.0,6350.0,6400.0,4981.03564453125,97290600,BMRI.JK,0.7782868194580078
2024-01-25,6325.0,6400.0,6250.0,6275.0,4883.75,99094100,BMRI.JK,0.7782868525896415
2024-01-26,6250.0,6325.0,6225.0,6300.0,4903.20703125,77236800,BMRI.JK,0.7782868303571429
2024-01-29,6350.0,6475.0,6275.0,6475.0,5039.4072265625,124753000,BMRI.JK,0.7782868303571429
2024-01-30,6475.0,6700.0,6450.0,6650.0,5175.607421875,123330900,BMRI.JK,0.7782868303571429
2024-01-31,6650.0,6700.0,6650.0,6650.0,5175.607421875,128185000,BMRI.JK,0.7782868303571429
2024-02-01,6575.0,6625.0,6500.0,6550.0,5097.77880859375,168145800,BMRI.JK,0.7782868410066794
2024-02-02,6625.0,6675.0,6600.0,6675.0,5195.064453125,120116200,BMRI.JK,0.7782868094569289
2024-02-05,6700.0,6950.0,6675.0,6825.0,5311.80712890625,150535100,BMRI.JK,0.7782867588141026
2024-02-06,6825.0,6925.0,6775.0,6850.0,5331.2646484375,90146000,BMRI.JK,0.778286809990876
2024-02-07,6875.0,6950.0,6850.0,6950.0,5409.09326171875,88745500,BMRI.JK,0.7782868002473021
2024-02-12,7150.0,7200.0,7050.0,7100.0,5525.83642578125,162771300,BMRI.JK,0.7782868205325705
2024-02-13,7100.0,7125.0,7025.0,7025.0,5467.46533203125,102668900,BMRI.JK,0.7782868800044483
2024-02-15,7300.0,7375.0,7150.0,7200.0,5603.66552734375,220530000,BMRI.JK,0.778286878797743
2024-02-16,7375.0,7400.0,7200.0,7200.0,5603.66552734375,142022100,BMRI.JK,0.778286878797743
2024-02-19,7150.0,7325.0,7125.0,7150.0,5564.75048828125,83753500,BMRI.JK,0.7782867815777972
2024-02-20,7250.0,7250.0,7150.0,7150.0,5564.75048828125,87312000,BMRI.JK,0.7782867815777972
2024-02-21,7125.0,7250.0,7075.0,7250.0,5642.57958984375,128063900,BMRI.JK,0.7782868399784483
2024-02-22,7175.0,7200.0,7100.0,7100.0,5525.83642578125,85735800,BMRI.JK,0.7782868205325705
2024-02-23,7050.0,7100.0,7000.0,7050.0,5486.92236328125,109404700,BMRI.JK,0.7782868600398937
2024-02-26,6950.0,7075.0,6950.0,7050.0,5486.92236328125,65407700,BMRI.JK,0.7782868600398937
2024-02-27,6975.0,7100.0,6975.0,7075.0,5506.37939453125,58066100,BMRI.JK,0.7782868402164311
2024-02-28,7025.0,7125.0,7025.0,7125.0,5545.29345703125,49888400,BMRI.JK,0.7782868009868421
2024-02-29,7125.0,7150.0,7000.0,7000.0,5448.0078125,150713600,BMRI.JK,0.7782868303571429
2024-03-01,7050.0,7075.0,6975.0,7025.0,5467.46533203125,90739400,BMRI.JK,0.7782868800044483
2024-03-04,7000.0,7050.0,6975.0,7025.0,5467.46533203125,44707200,BMRI.JK,0.7782868800044483
2024-03-05,7075.0,7100.0,7000.0,7025.0,5467.46533203125,92557200,BMRI.JK,0.7782868800044483
2024-03-06,7000.0,7100.0,7000.0,7075.0,5506.37939453125,74178100,BMRI.JK,0.7782868402164311
2024-03-07,7075.0,7125.0,7025.0,7100.0,5525.83642578125,94950400,BMRI.JK,0.7782868205325705
2024-03-08,7150.0,7175.0,7100.0,7125.0,5545.29345703125,109032400,BMRI.JK,0.7782868009868421
2024-03-13,7250.0,7275.0,7150.0,7275.0,5662.03662109375,126022700,BMRI.JK,0.7782868207689003
2024-03-14,7250.0,7400.0,7225.0,7400.0,5759.3232421875,161193000,BMRI.JK,0.7782869246199324
2024-03-15,7450.0,7500.0,7275.0,7400.0,5759.3232421875,250581100,BMRI.JK,0.7782869246199324
2024-03-18,7425.0,7425.0,7175.0,7175.0,5584.2080078125,105778200,BMRI.JK,0.7782868303571429
2024-03-19,7250.0,7350.0,7225.0,7275.0,5662.03662109375,100836600,BMRI.JK,0.7782868207689003
2024-03-20,7050.0,7050.0,7000.0,7050.0,5767.53564453125,83416700,BMRI.JK,0.8180901623448582
2024-03-21,7100.0,7200.0,7050.0,7050.0,5767.53564453125,81774800,BMRI.JK,0.8180901623448582
2024-03-22,7000.0,7075.0,6950.0,7050.0,5767.53564453125,65219900,BMRI.JK,0.8180901623448582
2024-03-25,7250.0,7250.0,7000.0,7250.0,5931.1533203125,78212700,BMRI.JK,0.8180901131465518
2024-03-26,7225.0,7225.0,7125.0,7175.0,5869.79736328125,74274300,BMRI.JK,0.818090224847561
2024-03-27,7200.0,7250.0,7175.0,7175.0,5869.79736328125,46295700,BMRI.JK,0.818090224847561
2024-03-28,7150.0,7250.0,7125.0,7250.0,5931.1533203125,90900900,BMRI.JK,0.8180901131465518
2024-04-01,7250.0,7250.0,6750.0,6900.0,5644.822265625,158358600,BMRI.JK,0.818090183423913
2024-04-02,6900.0,6900.0,6700.0,6900.0,5644.822265625,135764900,BMRI.JK,0.818090183423913
2024-04-03,6950.0,6950.0,6675.0,6775.0,5542.56103515625,115372600,BMRI.JK,0.8180901896909594
2024-04-04,6750.0,6925.0,6750.0,6875.0,5624.36962890625,63174900,BMRI.JK,0.8180901278409091
2024-04-05,6825.0,6900.0,6825.0,6825.0,5583.46484375,46111500,BMRI.JK,0.818090086996337
2024-04-16,6350.0,6725.0,6300.0,6625.0,5419.84716796875,180012400,BMRI.JK,0.8180901385613207
2024-04-17,6700.0,6775.0,6625.0,6625.0,5419.84716796875,83840200,BMRI.JK,0.8180901385613207
2024-04-18,6800.0,6900.0,6725.0,6800.0,5563.01318359375,106893900,BMRI.JK,0.8180901740579044
2024-04-19,6725.0,6800.0,6650.0,6725.0,5501.65625,47943300,BMRI.JK,0.8180901486988847
2024-04-22,6875.0,6875.0,6575.0,6725.0,5501.65625,121727900,BMRI.JK,0.8180901486988847
2024-04-23,6850.0,6925.0,6725.0,6825.0,5583.46484375,106699200,BMRI.JK,0.818090086996337
2024-04-24,6925.0,7050.0,6900.0,7050.0,5767.53564453125,117586500,BMRI.JK,0.8180901623448582
2024-04-25,7050.0,7075.0,6925.0,6950.0,5685.7265625,111803500,BMRI.JK,0.8180901528776978
2024-04-26,7000.0,7025.0,6750.0,6750.0,5522.10888671875,125875000,BMRI.JK,0.8180902054398148
2024-04-29,6650.0,6950.0,6650.0,6925.0,5665.2744140625,77938400,BMRI.JK,0.8180901680956679
2024-04-30,6800.0,7050.0,6775.0,6900.0,5644.822265625,189991300,BMRI.JK,0.818090183423913
2024-05-02,6800.0,6800.0,6050.0,6325.0,5174.42041015625,501849300,BMRI.JK,0.818090183423913
2024-05-03,6300.0,6425.0,6050.0,6150.0,5031.25439453125,269305400,BMRI.JK,0.8180901454522358
2024-05-06,6250.0,6400.0,6150.0,6275.0,5133.515625,184234200,BMRI.JK,0.8180901394422311
2024-05-07,6325.0,6400.0,6250.0,6275.0,5133.515625,130410300,BMRI.JK,0.8180901394422311
2024-05-08,6325.0,6450.0,6250.0,6275.0,5133.515625,117065300,BMRI.JK,0.8180901394422311
2024-05-13,6200.0,6275.0,6125.0,6200.0,5072.1591796875,128638300,BMRI.JK,0.8180901902721774
2024-05-14,6175.0,6300.0,6175.0,6200.0,5072.1591796875,94048400,BMRI.JK,0.8180901902721774
2024-05-15,6200.0,6400.0,6200.0,6375.0,5215.3251953125,80923000,BMRI.JK,0.8180902267156863
2024-05-16,6450.0,6500.0,6325.0,6350.0,5194.87255859375,114806300,BMRI.JK,0.8180901667076772
2024-05-17,6350.0,6650.0,6350.0,6575.0,5378.94287109375,133153900,BMRI.JK,0.8180901705085551
2024-05-20,6550.0,6625.0,6200.0,6325.0,5174.42041015625,168796000,BMRI.JK,0.818090183423913
2024-05-21,6225.0,6275.0,5975.0,6025.0,4928.99267578125,307362900,BMRI.JK,0.8180900706690871
2024-05-22,6000.0,6150.0,5950.0,6050.0,4949.4453125,171675900,BMRI.JK,0.8180901342975206
2024-05-27,6025.0,6050.0,5825.0,5825.0,4765.375,258450900,BMRI.JK,0.8180901287553648
2024-05-28,5850.0,6025.0,5825.0,5950.0,4867.63671875,93701700,BMRI.JK,0.8180902048319327
2024-05-29,5825.0,5875.0,5700.0,5800.0,4744.92333984375,169386300,BMRI.JK,0.8180902310075431
2024-05-30,5775.0,6000.0,5525.0,5875.0,4806.279296875,236632600,BMRI.JK,0.8180900930851064
2024-05-31,6000.0,6025.0,5900.0,5900.0,4826.73193359375,169567000,BMRI.JK,0.8180901582362288
2024-06-03,6075.0,6150.0,6025.0,6100.0,4990.35009765625,92525600,BMRI.JK,0.8180901799436475
2024-06-04,6150.0,6275.0,6125.0,6150.0,5031.25439453125,137800600,BMRI.JK,0.8180901454522358
2024-06-05,6125.0,6150.0,5975.0,6000.0,4908.54150390625,102327300,BMRI.JK,0.8180902506510417
2024-06-06,6125.0,6200.0,6075.0,6175.0,5051.70703125,85735200,BMRI.JK,0.8180902074898786
2024-06-07,6250.0,6275.0,6150.0,6275.0,5133.515625,99092800,BMRI.JK,0.8180901394422311
2024-06-10,6275.0,6350.0,6200.0,6275.0,5133.515625,80154400,BMRI.JK,0.8180901394422311
2024-06-11,6200.0,6250.0,6125.0,6125.0,5010.80224609375,56254400,BMRI.JK,0.818090162627551
2024-06-12,6050.0,6075.0,5900.0,5925.0,4847.18408203125,120857200,BMRI.JK,0.8180901404272152
2024-06-13,5975.0,6000.0,5850.0,5875.0,4806.279296875,162616700,BMRI.JK,0.8180900930851064
2024-06-14,5850.0,5875.0,5650.0,5750.0,4704.0185546875,203241500,BMRI.JK,0.818090183423913
2024-06-19,5775.0,5850.0,5675.0,5750.0,4704.0185546875,116004200,BMRI.JK,0.818090183423913
2024-06-20,5825.0,5950.0,5750.0,5950.0,4867.63671875,82660000,BMRI.JK,0.8180902048319327
2024-06-21,6050.0,6200.0,6025.0,6125.0,5010.80224609375,184240600,BMRI.JK,0.818090162627551
2024-06-24,6075.0,6125.0,6000.0,6000.0,4908.54150390625,58831900,BMRI.JK,0.8180902506510417
2024-06-25,5925.0,5975.0,5825.0,5925.0,4847.18408203125,159983800,BMRI.JK,0.8180901404272152
2024-06-26,5950.0,6025.0,5850.0,5850.0,4785.82763671875,92895700,BMRI.JK,0.8180901943108975
2024-06-27,5900.0,6075.0,5875.0,6000.0,4908.54150390625,117602400,BMRI.JK,0.8180902506510417
2024-06-28,6000.0,6250.0,6000.0,6150.0,5031.25439453125,191371600,BMRI.JK,0.8180901454522358
2024-07-01,6175.0,6250.0,6100.0,6250.0,5113.0634765625,100408200,BMRI.JK,0.81809015625
2024-07-02,6275.0,6350.0,6150.0,6200.0,5072.1591796875,159356600,BMRI.JK,0.8180901902721774
2024-07-03,6275.0,6300.0,6100.0,6225.0,5092.611328125,70017100,BMRI.JK,0.8180901731927711
2024-07-04,6250.0,6400.0,6225.0,6250.0,5113.0634765625,90147800,BMRI.JK,0.81809015625
2024-07-05,6325.0,6500.0,6300.0,6425.0,5256.22900390625,111646800,BMRI.JK,0.8180901173394942
2024-07-08,6400.0,6425.0,6200.0,6225.0,5092.611328125,138144000,BMRI.JK,0.8180901731927711
2024-07-09,6225.0,6400.0,6200.0,6375.0,5215.3251953125,84177600,BMRI.JK,0.8180902267156863
2024-07-10,6375.0,6450.0,6300.0,6375.0,5215.3251953125,59685300,BMRI.JK,0.8180902267156863
2024-07-11,6400.0,6425.0,6350.0,6400.0,5235.77734375,66789800,BMRI.JK,0.8180902099609375
2024-07-12,6450.0,6550.0,6400.0,6425.0,5256.22900390625,136132200,BMRI.JK,0.8180901173394942
2024-07-15,6450.0,6450.0,6300.0,6350.0,5194.87255859375,66071800,BMRI.JK,0.8180901667076772
2024-07-16,6400.0,6400.0,6300.0,6350.0,5194.87255859375,64687900,BMRI.JK,0.8180901667076772
2024-07-17,6450.0,6525.0,6375.0,6450.0,5276.68115234375,109729800,BMRI.JK,0.8180901011385658
2024-07-18,6550.0,6600.0,6500.0,6550.0,5358.49072265625,132532000,BMRI.JK,0.8180901866650764
2024-07-19,6500.0,6525.0,6450.0,6525.0,5338.03857421875,63165500,BMRI.JK,0.8180902029454022
2024-07-22,6575.0,6700.0,6525.0,6700.0,5481.2041015625,110467000,BMRI.JK,0.8180901644123134
2024-07-23,6750.0,6750.0,6550.0,6625.0,5419.84716796875,77861700,BMRI.JK,0.8180901385613207
2024-07-24,6500.0,6575.0,6475.0,6475.0,5297.1337890625,63940900,BMRI.JK,0.818090160472973
2024-07-25,6450.0,6575.0,6400.0,6575.0,5378.94287109375,66655400,BMRI.JK,0.8180901705085551
2024-07-26,6575.0,6625.0,6500.0,6550.0,5358.49072265625,76519500,BMRI.JK,0.8180901866650764
2024-07-29,6550.0,6550.0,6450.0,6475.0,5297.1337890625,54435300,BMRI.JK,0.818090160472973
2024-07-30,6475.0,6550.0,6375.0,6475.0,5297.1337890625,86701400,BMRI.JK,0.818090160472973
2024-07-31,6400.0,6475.0,6375.0,6400.0,5235.77734375,99004100,BMRI.JK,0.8180902099609375
2024-08-01,6550.0,6750.0,6500.0,6750.0,5522.10888671875,163086200,BMRI.JK,0.8180902054398148
2024-08-02,6700.0,6875.0,6675.0,6800.0,5563.01318359375,167892400,BMRI.JK,0.8180901740579044
2024-08-05,6700.0,6725.0,6500.0,6575.0,5378.94287109375,184384000,BMRI.JK,0.8180901705085551
2024-08-06,6650.0,6700.0,6525.0,6625.0,5419.84716796875,95785000,BMRI.JK,0.8180901385613207
2024-08-07,6725.0,6775.0,6650.0,6775.0,5542.56103515625,84582200,BMRI.JK,0.8180901896909594
2024-08-08,6800.0,6850.0,6725.0,6800.0,5563.01318359375,81408500,BMRI.JK,0.8180901740579044
2024-08-09,6825.0,6900.0,6800.0,6850.0,5603.91748046875,79710700,BMRI.JK,0.8180901431341241
2024-08-12,6875.0,6900.0,6775.0,6900.0,5644.822265625,50756000,BMRI.JK,0.818090183423913
2024-08-13,6850.0,7000.0,6850.0,7000.0,5726.630859375,68666000,BMRI.JK,0.8180901227678572
2024-08-14,7075.0,7100.0,7025.0,7075.0,5787.98828125,97695100,BMRI.JK,0.8180902164310954
2024-08-15,7075.0,7075.0,6925.0,7025.0,5747.08349609375,75955500,BMRI.JK,0.8180901773798932
2024-08-16,7075.0,7125.0,7025.0,7075.0,5787.98828125,64266400,BMRI.JK,0.8180902164310954
2024-08-19,7075.0,7150.0,7025.0,7150.0,5849.3447265625,50246100,BMRI.JK,0.8180901715472028
2024-08-20,7200.0,7350.0,7150.0,7200.0,5890.2490234375,102615900,BMRI.JK,0.8180901421440973
2024-08-21,7300.0,7300.0,7225.0,7250.0,5931.1533203125,88487800,BMRI.JK,0.8180901131465518
2024-08-22,7150.0,7175.0,6925.0,7050.0,5767.53564453125,157323000,BMRI.JK,0.8180901623448582
2024-08-23,7000.0,7075.0,6975.0,7050.0,5767.53564453125,111752100,BMRI.JK,0.8180901623448582
2024-08-26,7050.0,7100.0,7000.0,7050.0,5767.53564453125,78515400,BMRI.JK,0.8180901623448582
2024-08-27,7025.0,7050.0,6925.0,7025.0,5747.08349609375,91686700,BMRI.JK,0.8180901773798932
2024-08-28,7025.0,7225.0,7000.0,7225.0,5910.701171875,114606200,BMRI.JK,0.8180901275951558
2024-08-29,7300.0,7300.0,7100.0,7100.0,5808.43994140625,94475900,BMRI.JK,0.8180901325924296
2024-08-30,7100.0,7175.0,7075.0,7125.0,5828.892578125,153760500,BMRI.JK,0.8180901864035087
2024-09-02,7200.0,7275.0,7125.0,7200.0,5890.2490234375,82176000,BMRI.JK,0.8180901421440973
2024-09-03,7200.0,7250.0,7050.0,7075.0,5787.98828125,75100800,BMRI.JK,0.8180902164310954
2024-09-04,7000.0,7175.0,7000.0,7175.0,5869.79736328125,78789800,BMRI.JK,0.818090224847561
2024-09-05,7125.0,7225.0,7125.0,7175.0,5869.79736328125,59432000,BMRI.JK,0.818090224847561
2024-09-06,7175.0,7275.0,7150.0,7250.0,5931.1533203125,63619300,BMRI.JK,0.8180901131465518
2024-09-09,7250.0,7250.0,7200.0,7250.0,5931.1533203125,71430300,BMRI.JK,0.8180901131465518
2024-09-10,7250.0,7275.0,7225.0,7250.0,5931.1533203125,73515700,BMRI.JK,0.8180901131465518
2024-09-11,7300.0,7400.0,7275.0,7375.0,6033.4150390625,91822300,BMRI.JK,0.8180901747881356
2024-09-12,7375.0,7425.0,7300.0,7300.0,5972.05810546875,68254300,BMRI.JK,0.8180901514340754
2024-09-13,7300.0,7300.0,7225.0,7275.0,5951.60595703125,45854000,BMRI.JK,0.8180901659149484
2024-09-17,7325.0,7450.0,7300.0,7425.0,6074.3193359375,96428000,BMRI.JK,0.8180901462542087
2024-09-18,7375.0,7450.0,7350.0,7400.0,6053.8671875,47279200,BMRI.JK,0.818090160472973
2024-09-19,7450.0,7550.0,7400.0,7400.0,6053.8671875,124377800,BMRI.JK,0.818090160472973
2024-09-20,7400.0,7425.0,7300.0,7300.0,5972.05810546875,97901700,BMRI.JK,0.8180901514340754
2024-09-23,7325.0,7450.0,7300.0,7450.0,6094.77197265625,79675600,BMRI.JK,0.8180901976719799
2024-09-24,7400.0,7475.0,7375.0,7425.0,6074.3193359375,81817100,BMRI.JK,0.8180901462542087
2024-09-25,7350.0,7350.0,7050.0,7200.0,5890.2490234375,192197100,BMRI.JK,0.8180901421440973
2024-09-26,7175.0,7200.0,7100.0,7175.0,5869.79736328125,173044000,BMRI.JK,0.818090224847561
2024-09-27,7025.0,7125.0,7000.0,7050.0,5767.53564453125,161405200,BMRI.JK,0.8180901623448582
2024-09-30,7000.0,7025.0,6875.0,6925.0,5665.2744140625,166203500,BMRI.JK,0.8180901680956679
2024-10-01,7000.0,7075.0,6950.0,7050.0,5767.53564453125,82690100,BMRI.JK,0.8180901623448582
2024-10-02,7025.0,7100.0,6925.0,6975.0,5706.1787109375,91076400,BMRI.JK,0.8180901377688172
2024-10-03,7000.0,7075.0,6900.0,7050.0,5767.53564453125,86264900,BMRI.JK,0.8180901623448582
2024-10-04,7025.0,7050.0,6900.0,6950.0,5685.7265625,79485300,BMRI.JK,0.8180901528776978
2024-10-07,6925.0,6925.0,6800.0,6875.0,5624.36962890625,103943100,BMRI.JK,0.8180901278409091
2024-10-08,6825.0,7175.0,6775.0,7075.0,5787.98828125,132141500,BMRI.JK,0.8180902164310954
2024-10-09,7075.0,7175.0,6950.0,6950.0,5685.7265625,76515700,BMRI.JK,0.8180901528776978
2024-10-10,6925.0,7050.0,6900.0,6950.0,5685.7265625,44291900,BMRI.JK,0.8180901528776978
2024-10-11,7025.0,7025.0,6925.0,6950.0,5685.7265625,45331500,BMRI.JK,0.8180901528776978
2024-10-14,6925.0,6975.0,6900.0,6925.0,5665.2744140625,55885300,BMRI.JK,0.8180901680956679
2024-10-15,7000.0,7100.0,6925.0,7050.0,5767.53564453125,90358600,BMRI.JK,0.8180901623448582
2024-10-16,7050.0,7075.0,6925.0,7000.0,5726.630859375,133022500,BMRI.JK,0.8180901227678572
2024-10-17,7050.0,7250.0,7000.0,7225.0,5910.701171875,90219900,BMRI.JK,0.8180901275951558
2024-10-18,7275.0,7300.0,7175.0,7175.0,5869.79736328125,57379200,BMRI.JK,0.818090224847561
2024-10-21,7250.0,7250.0,7125.0,7200.0,5890.2490234375,43056000,BMRI.JK,0.8180901421440973
2024-10-22,7150.0,7175.0,7075.0,7075.0,5787.98828125,43582700,BMRI.JK,0.8180902164310954
2024-10-23,7075.0,7125.0,7025.0,7075.0,5787.98828125,38222900,BMRI.JK,0.8180902164310954
2024-10-24,7000.0,7150.0,6975.0,6975.0,5706.1787109375,65877100,BMRI.JK,0.8180901377688172
2024-10-25,6975.0,7050.0,6975.0,7050.0,5767.53564453125,34637500,BMRI.JK,0.8180901623448582
2024-10-28,7075.0,7075.0,6800.0,6825.0,5583.46484375,114500800,BMRI.JK,0.818090086996337
2024-10-29,6800.0,6850.0,6725.0,6825.0,5583.46484375,91268300,BMRI.JK,0.818090086996337
2024-10-30,6575.0,6775.0,6575.0,6750.0,5522.10888671875,122132700,BMRI.JK,0.8180902054398148
2024-10-31,6750.0,6825.0,6700.0,6700.0,5481.2041015625,126730700,BMRI.JK,0.8180901644123134
2024-11-01,6725.0,6725.0,6550.0,6650.0,5440.2998046875,101423100,BMRI.JK,0.818090196193609
2024-11-04,6600.0,6800.0,6525.0,6750.0,5522.10888671875,80208800,BMRI.JK,0.8180902054398148
2024-11-05,6725.0,6950.0,6675.0,6925.0,5665.2744140625,88661200,BMRI.JK,0.8180901680956679
2024-11-06,6925.0,6925.0,6550.0,6550.0,5358.49072265625,147272800,BMRI.JK,0.8180901866650764
2024-11-07,6500.0,6550.0,6425.0,6425.0,5256.22900390625,154758500,BMRI.JK,0.8180901173394942
2024-11-08,6425.0,6525.0,6275.0,6325.0,5174.42041015625,192423000,BMRI.JK,0.818090183423913
2024-11-11,6300.0,6450.0,6150.0,6350.0,5194.87255859375,125606000,BMRI.JK,0.8180901667076772
2024-11-12,6375.0,6450.0,6325.0,6375.0,5215.3251953125,117281700,BMRI.JK,0.8180902267156863
2024-11-13,6500.0,6550.0,6400.0,6425.0,5256.22900390625,102748300,BMRI.JK,0.8180901173394942
2024-11-14,6375.0,6475.0,6350.0,6375.0,5215.3251953125,69750600,BMRI.JK,0.8180902267156863
2024-11-15,6300.0,6400.0,6300.0,6350.0,5194.87255859375,41079700,BMRI.JK,0.8180901667076772
2024-11-18,6350.0,6425.0,6225.0,6325.0,5174.42041015625,77471700,BMRI.JK,0.818090183423913
2024-11-19,6375.0,6375.0,6225.0,6250.0,5113.0634765625,95495700,BMRI.JK,0.81809015625
2024-11-20,6325.0,6350.0,6200.0,6225.0,5092.611328125,68707200,BMRI.JK,0.8180901731927711
2024-11-21,6225.0,6225.0,6125.0,6150.0,5031.25439453125,76579300,BMRI.JK,0.8180901454522358
2024-11-22,6125.0,6300.0,6100.0,6250.0,5113.0634765625,80236400,BMRI.JK,0.81809015625
2024-11-25,6325.0,6600.0,6325.0,6575.0,5378.94287109375,183449100,BMRI.JK,0.8180901705085551
2024-11-26,6600.0,6600.0,6325.0,6400.0,5235.77734375,107194300,BMRI.JK,0.8180902099609375
2024-11-28,6350.0,6525.0,6350.0,6450.0,5276.68115234375,81883200,BMRI.JK,0.8180901011385658
2024-11-29,6325.0,6375.0,6125.0,6150.0,5031.25439453125,157628700,BMRI.JK,0.8180901454522358
2024-12-02,6175.0,6250.0,5975.0,6000.0,4908.54150390625,114555300,BMRI.JK,0.8180902506510417
2024-12-03,6100.0,6275.0,6100.0,6275.0,5133.515625,99509800,BMRI.JK,0.8180901394422311
2024-12-04,6275.0,6450.0,6225.0,6375.0,5215.3251953125,75260000,BMRI.JK,0.8180902267156863
2024-12-05,6350.0,6375.0,6150.0,6150.0,5031.25439453125,69528700,BMRI.JK,0.8180901454522358
2024-12-06,6200.0,6275.0,6125.0,6225.0,5092.611328125,75989700,BMRI.JK,0.8180901731927711
2024-12-09,6175.0,6375.0,6175.0,6375.0,5215.3251953125,74220300,BMRI.JK,0.8180902267156863
2024-12-10,6275.0,6325.0,6225.0,6300.0,5153.9677734375,92245000,BMRI.JK,0.8180901227678572
2024-12-11,6300.0,6400.0,6300.0,6300.0,5153.9677734375,62509600,BMRI.JK,0.8180901227678572
2024-12-12,6200.0,6225.0,6100.0,6125.0,5010.80224609375,96707500,BMRI.JK,0.818090162627551
2024-12-13,6025.0,6100.0,5975.0,6025.0,4928.99267578125,135581400,BMRI.JK,0.8180900706690871
2024-12-16,5900.0,6100.0,5900.0,6075.0,4969.8974609375,105375900,BMRI.JK,0.8180901170267489
2024-12-17,6050.0,6075.0,5925.0,5950.0,4867.63671875,72109300,BMRI.JK,0.8180902048319327
2024-12-18,5925.0,6000.0,5775.0,5825.0,4765.375,153164600,BMRI.JK,0.8180901287553648
2024-12-19,5625.0,5725.0,5600.0,5675.0,4642.66162109375,277793000,BMRI.JK,0.818090153496696
2024-12-20,5675.0,5750.0,5625.0,5675.0,4642.66162109375,148568600,BMRI.JK,0.818090153496696
2024-12-23,5800.0,5875.0,5725.0,5825.0,4765.375,82910100,BMRI.JK,0.8180901287553648
2024-12-24,5825.0,5875.0,5750.0,5750.0,4704.0185546875,41240900,BMRI.JK,0.818090183423913
2024-12-27,5750.0,5850.0,5750.0,5800.0,4744.92333984375,46126800,BMRI.JK,0.8180902310075431
2024-12-30,5675.0,5750.0,5650.0,5700.0,4663.1142578125,96782100,BMRI.JK,0.8180902206688596
2025-01-02,5700.0,5850.0,5700.0,5850.0,4785.82763671875,82914600,BMRI.JK,0.8180901943108975
2025-01-03,5850.0,5875.0,5775.0,5800.0,4744.92333984375,58067100,BMRI.JK,0.8180902310075431
2025-01-06,5825.0,5825.0,5650.0,5675.0,4642.66162109375,68443700,BMRI.JK,0.818090153496696
2025-01-07,5600.0,5650.0,5550.0,5600.0,4581.3046875,96982300,BMRI.JK,0.8180901227678572
2025-01-08,5600.0,5750.0,5600.0,5750.0,4704.0185546875,118246100,BMRI.JK,0.818090183423913
2025-01-09,5725.0,5775.0,5700.0,5750.0,4704.0185546875,56491700,BMRI.JK,0.818090183423913
2025-01-10,5750.0,5775.0,5600.0,5600.0,4581.3046875,77751500,BMRI.JK,0.8180901227678572
2025-01-13,5500.0,5550.0,5475.0,5525.0,4519.9482421875,99953900,BMRI.JK,0.8180901795814479
2025-01-14,5425.0,5575.0,5400.0,5400.0,4417.68701171875,97351900,BMRI.JK,0.8180901873553241
2025-01-15,5475.0,5825.0,5450.0,5750.0,4704.0185546875,194025700,BMRI.JK,0.818090183423913
2025-01-16,6075.0,6200.0,5850.0,5875.0,4806.279296875,204359900,BMRI.JK,0.8180900930851064
2025-01-17,5800.0,6050.0,5750.0,5875.0,4806.279296875,114054600,BMRI.JK,0.8180900930851064
2025-01-20,6000.0,6050.0,5925.0,6000.0,4908.54150390625,84338400,BMRI.JK,0.8180902506510417
2025-01-21,6100.0,6175.0,6025.0,6050.0,4949.4453125,115355900,BMRI.JK,0.8180901342975206
2025-01-22,6150.0,6200.0,6100.0,6150.0,5031.25439453125,117929800,BMRI.JK,0.8180901454522358
2025-01-23,6200.0,6300.0,6175.0,6175.0,5051.70703125,120893700,BMRI.JK,0.8180902074898786
2025-01-24,6250.0,6250.0,6125.0,6125.0,5010.80224609375,96161800,BMRI.JK,0.818090162627551
2025-01-30,6100.0,6225.0,6075.0,6100.0,4990.35009765625,101400400,BMRI.JK,0.8180901799436475
2025-01-31,6175.0,6225.0,6025.0,6025.0,4928.99267578125,107861000,BMRI.JK,0.8180900706690871
2025-02-03,5975.0,6000.0,5700.0,5800.0,4744.92333984375,182181700,BMRI.JK,0.8180902310075431
2025-02-04,5825.0,5850.0,5625.0,5675.0,4642.66162109375,121871500,BMRI.JK,0.818090153496696
2025-02-05,5600.0,5600.0,5475.0,5525.0,4519.9482421875,185656000,BMRI.JK,0.8180901795814479
2025-02-06,5425.0,5425.0,5000.0,5100.0,4172.259765625,642118700,BMRI.JK,0.818090150122549
2025-02-07,5000.0,5150.0,4950.0,5150.0,4213.16455078125,407896100,BMRI.JK,0.8180902040351942
2025-02-10,5150.0,5150.0,4990.0,5000.0,4090.450927734375,169384300,BMRI.JK,0.818090185546875
2025-02-11,4750.0,4950.0,4750.0,4880.0,3992.280029296875,316743200,BMRI.JK,0.8180901699378842
2025-02-12,4920.0,4950.0,4830.0,4940.0,4041.365478515625,225073300,BMRI.JK,0.8180901778371711
2025-02-13,4940.0,5075.0,4900.0,5025.0,4110.90283203125,215271400,BMRI.JK,0.8180901158271144
2025-02-14,5100.0,5200.0,4970.0,5125.0,4192.7119140625,239709300,BMRI.JK,0.8180901295731707
2025-02-17,5200.0,5475.0,5175.0,5425.0,4438.13916015625,223837300,BMRI.JK,0.8180901677707373
2025-02-18,5450.0,5550.0,5375.0,5450.0,4458.59130859375,157430200,BMRI.JK,0.8180901483658257
2025-02-19,5375.0,5400.0,5125.0,5175.0,4233.61669921875,204335500,BMRI.JK,0.818090183423913
2025-02-20,5125.0,5225.0,5100.0,5150.0,4213.16455078125,98363500,BMRI.JK,0.8180902040351942
2025-02-21,5000.0,5100.0,5000.0,5075.0,4151.80712890625,152528600,BMRI.JK,0.8180900746613301
2025-02-24,5050.0,5075.0,4980.0,5025.0,4110.90283203125,127578500,BMRI.JK,0.8180901158271144
2025-02-25,5000.0,5025.0,4860.0,4870.0,3984.098876953125,224607800,BMRI.JK,0.8180901184708675
2025-02-26,4860.0,4980.0,4850.0,4920.0,4025.003662109375,161836900,BMRI.JK,0.8180901752254828
2025-02-27,4930.0,4950.0,4660.0,4660.0,3812.300048828125,334919800,BMRI.JK,0.8180901392335033
2025-02-28,4620.0,4690.0,4550.0,4600.0,3763.21484375,464696700,BMRI.JK,0.818090183423913
2025-03-03,4750.0,4980.0,4700.0,4900.0,4008.641845703125,257118300,BMRI.JK,0.8180901725924745
2025-03-04,4900.0,4920.0,4750.0,4840.0,3959.556396484375,144346500,BMRI.JK,0.8180901645628874
2025-03-05,4860.0,5050.0,4860.0,4860.0,3975.918212890625,252222800,BMRI.JK,0.8180901672614455
2025-03-06,4910.0,4980.0,4870.0,4870.0,3984.098876953125,194909200,BMRI.JK,0.8180901184708675
2025-03-07,4870.0,4870.0,4810.0,4840.0,3959.556396484375,117916600,BMRI.JK,0.8180901645628874
2025-03-10,4730.0,4760.0,4660.0,4710.0,3853.204833984375,231152200,BMRI.JK,0.8180901982981688
2025-03-11,4650.0,4780.0,4640.0,4740.0,3877.747314453125,150738100,BMRI.JK,0.8180901507285074
2025-03-12,4750.0,4880.0,4750.0,4880.0,3992.280029296875,129973900,BMRI.JK,0.8180901699378842
2025-03-13,4940.0,4940.0,4710.0,4740.0,3877.747314453125,176286000,BMRI.JK,0.8180901507285074
2025-03-14,4640.0,4800.0,4640.0,4740.0,3877.747314453125,154331400,BMRI.JK,0.8180901507285074
2025-03-17,4740.0,4770.0,4660.0,4680.0,3828.661865234375,135692800,BMRI.JK,0.8180901421440973
2025-03-18,4680.0,4690.0,4300.0,4530.0,3705.9482421875,387565100,BMRI.JK,0.8180901196881899
2025-03-19,4530.0,4700.0,4440.0,4680.0,3828.661865234375,273084900,BMRI.JK,0.8180901421440973
2025-03-20,4760.0,4770.0,4610.0,4620.0,3779.57666015625,138209700,BMRI.JK,0.8180901861810065
2025-03-21,4600.0,4610.0,4380.0,4410.0,3607.777587890625,374396400,BMRI.JK,0.8180901559842687
2025-03-24,4350.0,4530.0,4250.0,4460.0,3648.68212890625,319017400,BMRI.JK,0.8180901634318947
2025-03-25,4500.0,4810.0,4500.0,4740.0,3877.747314453125,313034100,BMRI.JK,0.8180901507285074
2025-03-26,4980.0,5175.0,4930.0,5150.0,4213.16455078125,582172700,BMRI.JK,0.8180902040351942
2025-03-27,5150.0,5250.0,5050.0,5200.0,4254.06884765625,301025300,BMRI.JK,0.8180901630108173
2025-04-08,4500.0,4830.0,4500.0,4670.0,3820.481201171875,738455000,BMRI.JK,0.818090192970423
2025-04-09,4630.0,4790.0,4630.0,4710.0,3853.204833984375,316821100,BMRI.JK,0.8180901982981688
2025-04-10,5200.0,5225.0,4970.0,5025.0,4110.90283203125,559966600,BMRI.JK,0.8180901158271144
2025-04-11,5000.0,5175.0,4950.0,5100.0,4172.259765625,384917500,BMRI.JK,0.818090150122549
2025-04-14,4650.0,4750.0,4650.0,4750.0,4276.87158203125,423716000,BMRI.JK,0.9003940172697369
2025-04-15,4800.0,4820.0,4710.0,4710.0,4240.85595703125,230981700,BMRI.JK,0.9003940460788217
2025-04-16,4740.0,4750.0,4590.0,4630.0,4168.82421875,201660000,BMRI.JK,0.9003939997300215
2025-04-17,4630.0,4660.0,4570.0,4600.0,4141.81298828125,165381400,BMRI.JK,0.9003941278872283
2025-04-21,4600.0,4640.0,4560.0,4610.0,4150.81640625,83034600,BMRI.JK,0.9003940143709328
2025-04-22,4610.0,4720.0,4590.0,4720.0,4249.85986328125,126426200,BMRI.JK,0.9003940388307733
2025-04-23,4780.0,4900.0,4740.0,4900.0,4411.9306640625,273395600,BMRI.JK,0.9003940130739796
2025-04-24,4950.0,5025.0,4860.0,4890.0,4402.9267578125,282970000,BMRI.JK,0.9003940200025562
2025-04-25,4960.0,4960.0,4900.0,4900.0,4411.9306640625,134208400,BMRI.JK,0.9003940130739796
2025-04-28,4950.0,4980.0,4890.0,4920.0,4429.9384765625,90697900,BMRI.JK,0.9003939993013211
2025-04-29,4930.0,4950.0,4880.0,4940.0,4447.9462890625,108857600,BMRI.JK,0.9003939856401821
2025-04-30,4900.0,4920.0,4810.0,4890.0,4402.9267578125,278360600,BMRI.JK,0.9003940200025562
2025-05-02,4980.0,4980.0,4910.0,4960.0,4465.95458984375,146800800,BMRI.JK,0.9003940705330141
2025-05-05,4990.0,5100.0,4960.0,4980.0,4483.96240234375,154073100,BMRI.JK,0.9003940566955321
2025-05-06,5025.0,5050.0,4980.0,4980.0,4483.96240234375,120165500,BMRI.JK,0.9003940566955321
2025-05-07,5050.0,5050.0,4950.0,4950.0,4456.95068359375,100674600,BMRI.JK,0.9003940774936868
2025-05-08,4960.0,5025.0,4790.0,4790.0,4312.88720703125,205199700,BMRI.JK,0.9003939889418059
2025-05-09,4790.0,4830.0,4750.0,4770.0,4294.87939453125,164014200,BMRI.JK,0.9003940030463836
2025-05-14,4890.0,5050.0,4880.0,5050.0,4546.98974609375,342468200,BMRI.JK,0.9003940091274752
2025-05-15,5075.0,5400.0,5050.0,5325.0,4794.5986328125,300147300,BMRI.JK,0.9003941094483568
2025-05-16,5425.0,5475.0,5200.0,5475.0,4929.6572265625,229382100,BMRI.JK,0.9003940139840183
2025-05-19,5450.0,5575.0,5400.0,5525.0,4974.67724609375,191440600,BMRI.JK,0.9003940716911765
2025-05-20,5500.0,5550.0,5350.0,5400.0,4862.1279296875,145525700,BMRI.JK,0.9003940610532407
2025-05-21,5400.0,5550.0,5375.0,5450.0,4907.1474609375,167239400,BMRI.JK,0.9003940295298165
2025-05-22,5450.0,5500.0,5400.0,5450.0,4907.1474609375,137585600,BMRI.JK,0.9003940295298165
2025-05-23,5450.0,5475.0,5375.0,5425.0,4884.6376953125,67336400,BMRI.JK,0.900394045218894
2025-05-26,5425.0,5475.0,5300.0,5475.0,4929.6572265625,102960800,BMRI.JK,0.9003940139840183
2025-05-27,5500.0,5500.0,5400.0,5400.0,4862.1279296875,86083800,BMRI.JK,0.9003940610532407
2025-05-28,5400.0,5425.0,5300.0,5300.0,4772.08837890625,190669100,BMRI.JK,0.9003940337558962
2025-06-02,5200.0,5250.0,5025.0,5075.0,4569.49951171875,373474500,BMRI.JK,0.9003939924568966
2025-06-03,5100.0,5125.0,4950.0,5050.0,4546.98974609375,169321800,BMRI.JK,0.9003940091274752
2025-06-04,5125.0,5125.0,4980.0,5025.0,4524.47998046875,139577800,BMRI.JK,0.9003940259639304
2025-06-05,5050.0,5075.0,5000.0,5075.0,4569.49951171875,69179700,BMRI.JK,0.9003939924568966
2025-06-10,5075.0,5250.0,5075.0,5250.0,4727.06884765625,158265000,BMRI.JK,0.9003940662202381
2025-06-11,5300.0,5300.0,5150.0,5200.0,4682.048828125,90666100,BMRI.JK,0.9003940054086539
2025-06-12,5225.0,5225.0,5125.0,5175.0,4659.5390625,72423700,BMRI.JK,0.9003940217391304
2025-06-13,5175.0,5250.0,5100.0,5150.0,4637.029296875,128071000,BMRI.JK,0.9003940382281553
2025-06-16,5150.0,5200.0,5100.0,5150.0,4637.029296875,61695600,BMRI.JK,0.9003940382281553
2025-06-17,5175.0,5225.0,5100.0,5100.0,4592.00927734375,70657700,BMRI.JK,0.9003939759497549
2025-06-18,5075.0,5100.0,5025.0,5075.0,4569.49951171875,53353000,BMRI.JK,0.9003939924568966
2025-06-19,5050.0,5050.0,4910.0,4970.0,4474.9580078125,114769600,BMRI.JK,0.9003939653546278
2025-06-20,4940.0,4990.0,4830.0,4930.0,4438.94287109375,301154300,BMRI.JK,0.9003940914997465
2025-06-23,4870.0,4930.0,4800.0,4920.0,4429.9384765625,119439200,BMRI.JK,0.9003939993013211
2025-06-24,5050.0,5125.0,5025.0,5025.0,4524.47998046875,126563900,BMRI.JK,0.9003940259639304
2025-06-25,5025.0,5050.0,4880.0,4880.0,4393.9228515625,139963400,BMRI.JK,0.9003940269595286
2025-06-26,4950.0,5025.0,4910.0,5025.0,4524.47998046875,94704500,BMRI.JK,0.9003940259639304
2025-06-30,5050.0,5050.0,4880.0,4880.0,4393.9228515625,220479900,BMRI.JK,0.9003940269595286
2025-07-01,4900.0,4910.0,4710.0,4750.0,4276.87158203125,319875800,BMRI.JK,0.9003940172697369
2025-07-02,4730.0,4770.0,4710.0,4770.0,4294.87939453125,159152200,BMRI.JK,0.9003940030463836
2025-07-03,4780.0,4850.0,4720.0,4740.0,4267.86767578125,103849000,BMRI.JK,0.900394024426424
2025-07-04,4750.0,4790.0,4700.0,4740.0,4267.86767578125,104170500,BMRI.JK,0.900394024426424
2025-07-07,4740.0,4750.0,4680.0,4740.0,4267.86767578125,120538300,BMRI.JK,0.900394024426424
2025-07-08,4710.0,4750.0,4700.0,4720.0,4249.85986328125,132853800,BMRI.JK,0.9003940388307733
2025-07-09,4720.0,4760.0,4670.0,4710.0,4240.85595703125,110198500,BMRI.JK,0.9003940460788217
2025-07-10,4750.0,4830.0,4730.0,4820.0,4339.8994140625,160889700,BMRI.JK,0.9003940693075726
2025-07-11,4850.0,4990.0,4830.0,4970.0,4474.9580078125,219980300,BMRI.JK,0.9003939653546278
2025-07-14,4980.0,4990.0,4670.0,4690.0,4222.84814453125,429438700,BMRI.JK,0.9003940606676439
2025-07-15,4700.0,4740.0,4690.0,4700.0,4231.85205078125,206958200,BMRI.JK,0.9003940533577127
2025-07-16,4730.0,4760.0,4680.0,4690.0,4222.84814453125,323831100,BMRI.JK,0.9003940606676439
2025-07-17,4700.0,4720.0,4680.0,4720.0,4249.85986328125,120304000,BMRI.JK,0.9003940388307733
2025-07-18,4760.0,4810.0,4720.0,4740.0,4267.86767578125,161262400,BMRI.JK,0.900394024426424
2025-07-21,4770.0,4770.0,4680.0,4680.0,4213.84423828125,103387400,BMRI.JK,0.900394068008814
2025-07-22,4680.0,4710.0,4650.0,4660.0,4195.8359375,132984400,BMRI.JK,0.9003939780042919
2025-07-23,4660.0,4690.0,4660.0,4680.0,4213.84423828125,115298400,BMRI.JK,0.900394068008814
2025-07-24,4690.0,4840.0,4680.0,4800.0,4321.8916015625,273623100,BMRI.JK,0.9003940836588542
2025-07-25,4800.0,4800.0,4690.0,4690.0,4222.84814453125,88471700,BMRI.JK,0.9003940606676439
2025-07-28,4730.0,4750.0,4690.0,4700.0,4231.85205078125,112048900,BMRI.JK,0.9003940533577127
2025-07-29,4700.0,4720.0,4690.0,4710.0,4240.85595703125,74422700,BMRI.JK,0.9003940460788217
2025-07-30,4710.0,4720.0,4620.0,4620.0,4159.8203125,141263400,BMRI.JK,0.900394007034632
2025-07-31,4610.0,4640.0,4510.0,4510.0,4060.77685546875,155903600,BMRI.JK,0.900393981256929
2025-08-01,4570.0,4610.0,4510.0,4530.0,4078.784912109375,157949900,BMRI.JK,0.9003940203331954
2025-08-04,4530.0,4630.0,4510.0,4620.0,4159.8203125,174404800,BMRI.JK,0.900394007034632
2025-08-05,4690.0,4780.0,4660.0,4750.0,4276.87158203125,277668300,BMRI.JK,0.9003940172697369
2025-08-06,4750.0,4750.0,4690.0,4700.0,4231.85205078125,79277900,BMRI.JK,0.9003940533577127
2025-08-07,4740.0,4740.0,4680.0,4680.0,4213.84423828125,61453100,BMRI.JK,0.900394068008814
2025-08-08,4680.0,4700.0,4660.0,4670.0,4204.84033203125,71516700,BMRI.JK,0.900394075381424
2025-08-11,4710.0,4780.0,4700.0,4720.0,4249.85986328125,105204200,BMRI.JK,0.9003940388307733
2025-08-12,4770.0,4920.0,4750.0,4910.0,4420.93505859375,301599000,BMRI.JK,0.9003941056199084
2025-08-13,4930.0,4970.0,4860.0,4870.0,4384.9189453125,180844900,BMRI.JK,0.9003940339450719
2025-08-14,4910.0,4930.0,4840.0,4850.0,4366.9111328125,109457100,BMRI.JK,0.9003940480025773
2025-08-15,4890.0,4930.0,4850.0,4850.0,4366.9111328125,126685400,BMRI.JK,0.9003940480025773
2025-08-19,4860.0,4870.0,4780.0,4800.0,4321.8916015625,116454000,BMRI.JK,0.9003940836588542
2025-08-20,4790.0,4950.0,4780.0,4950.0,4456.95068359375,144622900,BMRI.JK,0.9003940774936868
2025-08-21,4950.0,4950.0,4860.0,4900.0,4411.9306640625,132019200,BMRI.JK,0.9003940130739796
2025-08-22,4920.0,4920.0,4870.0,4890.0,4402.9267578125,73104500,BMRI.JK,0.9003940200025562
2025-08-25,4950.0,4980.0,4920.0,4950.0,4456.95068359375,149580800,BMRI.JK,0.9003940774936868
2025-08-26,4950.0,4950.0,4860.0,4900.0,4411.9306640625,308891700,BMRI.JK,0.9003940130739796
2025-08-27,4840.0,4880.0,4800.0,4800.0,4321.8916015625,113576300,BMRI.JK,0.9003940836588542
2025-08-28,4790.0,4850.0,4770.0,4770.0,4294.87939453125,111707400,BMRI.JK,0.9003940030463836
2025-08-29,4720.0,4750.0,4660.0,4730.0,4258.86376953125,176485100,BMRI.JK,0.9003940316133721
2025-09-01,4550.0,4670.0,4460.0,4600.0,4141.81298828125,320335300,BMRI.JK,0.9003941278872283
2025-09-02,4610.0,4670.0,4560.0,4570.0,4114.80078125,150045600,BMRI.JK,0.9003940440371991
2025-09-03,4620.0,4660.0,4570.0,4620.0,4159.8203125,131617900,BMRI.JK,0.900394007034632
2025-09-04,4630.0,4680.0,4620.0,4680.0,4213.84423828125,88735300,BMRI.JK,0.900394068008814
2025-09-08,4750.0,4750.0,4460.0,4490.0,4042.76953125,200234500,BMRI.JK,0.9003941049554566
2025-09-09,4450.0,4480.0,4310.0,4310.0,3880.6982421875,509366600,BMRI.JK,0.9003940237093968
2025-09-10,4360.0,4420.0,4350.0,4400.0,3961.733642578125,293494200,BMRI.JK,0.9003940096768466
2025-09-11,4480.0,4540.0,4450.0,4480.0,4033.76513671875,366697800,BMRI.JK,0.9003940037318638
2025-09-12,4500.0,4550.0,4480.0,4520.0,4069.781005859375,216960200,BMRI.JK,0.9003940278449944
2025-09-15,4550.0,4640.0,4520.0,4530.0,4078.784912109375,231346000,BMRI.JK,0.9003940203331954
2025-09-16,4570.0,4570.0,4460.0,4480.0,4033.76513671875,122027400,BMRI.JK,0.9003940037318638
2025-09-17,4480.0,4520.0,4440.0,4510.0,4060.77685546875,232702500,BMRI.JK,0.900393981256929
2025-09-18,4540.0,4550.0,4420.0,4420.0,3979.741455078125,177560100,BMRI.JK,0.9003939943615668
2025-09-19,4350.0,4420.0,4330.0,4380.0,3943.72607421875,235975900,BMRI.JK,0.9003940808718607
2025-09-22,4410.0,4420.0,4360.0,4420.0,3979.741455078125,107176100,BMRI.JK,0.9003939943615668
2025-09-23,4390.0,4430.0,4370.0,4410.0,3970.73779296875,90675500,BMRI.JK,0.9003940573625283
2025-09-24,4410.0,4430.0,4390.0,4390.0,3952.729736328125,85439100,BMRI.JK,0.9003940173868167
2025-09-25,4400.0,4410.0,4360.0,4360.0,3925.71826171875,73946900,BMRI.JK,0.9003940967244839
2025-09-26,4350.0,4430.0,4350.0,4420.0,3979.741455078125,86572900,BMRI.JK,0.9003939943615668
2025-09-29,4420.0,4430.0,4400.0,4400.0,3961.733642578125,63753600,BMRI.JK,0.9003940096768466
2025-09-30,4420.0,4450.0,4380.0,4400.0,3961.733642578125,108639600,BMRI.JK,0.9003940096768466
2025-10-01,4360.0,4400.0,4350.0,4380.0,3943.72607421875,92265100,BMRI.JK,0.9003940808718607
2025-10-02,4410.0,4440.0,4360.0,4360.0,3925.71826171875,93387400,BMRI.JK,0.9003940967244839
2025-10-03,4370.0,4380.0,4300.0,4310.0,3880.6982421875,102459100,BMRI.JK,0.9003940237093968
2025-10-06,4320.0,4330.0,4260.0,4260.0,3835.678466796875,96040500,BMRI.JK,0.9003940062903463
2025-10-07,4260.0,4320.0,4250.0,4290.0,3862.690185546875,100237500,BMRI.JK,0.9003939826449592
2025-10-08,4280.0,4290.0,4210.0,4250.0,3826.6748046875,97466800,BMRI.JK,0.9003940716911765
2025-10-09,4240.0,4450.0,4200.0,4390.0,3952.729736328125,183242600,BMRI.JK,0.9003940173868167
2025-10-10,4410.0,4420.0,4250.0,4250.0,3826.6748046875,139911200,BMRI.JK,0.9003940716911765
2025-10-13,4210.0,4240.0,4200.0,4230.0,3808.6669921875,79178600,BMRI.JK,0.9003940879875887
2025-10-14,4220.0,4270.0,4090.0,4090.0,3682.611572265625,188507000,BMRI.JK,0.900394027448808
2025-10-15,4110.0,4140.0,4010.0,4050.0,3646.595947265625,270562400,BMRI.JK,0.9003940610532407
2025-10-16,4050.0,4150.0,4050.0,4090.0,3682.611572265625,125979600,BMRI.JK,0.900394027448808
2025-10-17,4110.0,4110.0,4030.0,4050.0,3646.595947265625,247510000,BMRI.JK,0.9003940610532407
2025-10-20,4120.0,4320.0,4070.0,4300.0,3871.6943359375,331939200,BMRI.JK,0.9003940316133721
2025-10-21,4350.0,4390.0,4300.0,4350.0,3916.7138671875,230858900,BMRI.JK,0.9003939924568966
2025-10-22,4350.0,4460.0,4290.0,4330.0,3898.7060546875,216261300,BMRI.JK,0.90039400801097
2025-10-23,4310.0,4440.0,4310.0,4430.0,3988.74560546875,202102500,BMRI.JK,0.9003940418665349
2025-10-24,4380.0,4590.0,4380.0,4550.0,4096.79296875,350420300,BMRI.JK,0.9003940590659341
2025-10-27,4590.0,4600.0,4410.0,4470.0,4024.761474609375,245576100,BMRI.JK,0.9003940659081375
2025-10-28,4490.0,4510.0,4440.0,4510.0,4060.77685546875,174666600,BMRI.JK,0.900393981256929
2025-10-29,4500.0,4650.0,4490.0,4650.0,4186.83251953125,176978800,BMRI.JK,0.9003940902217742
2025-10-30,4670.0,4830.0,4650.0,4800.0,4321.8916015625,390256000,BMRI.JK,0.9003940836588542
2025-10-31,4790.0,4800.0,4720.0,4720.0,4249.85986328125,227378000,BMRI.JK,0.9003940388307733
2025-11-03,4710.0,4760.0,4700.0,4760.0,4285.87548828125,129834200,BMRI.JK,0.9003940101431197
2025-11-04,4760.0,4790.0,4720.0,4730.0,4258.86376953125,136412400,BMRI.JK,0.9003940316133721
2025-11-05,4690.0,4770.0,4680.0,4770.0,4294.87939453125,102878900,BMRI.JK,0.9003940030463836
2025-11-06,4790.0,4790.0,4750.0,4750.0,4276.87158203125,57932600,BMRI.JK,0.9003940172697369
2025-11-07,4750.0,4780.0,4740.0,4750.0,4276.87158203125,58845500,BMRI.JK,0.9003940172697369
2025-11-10,4790.0,4790.0,4730.0,4730.0,4258.86376953125,88738200,BMRI.JK,0.9003940316133721
2025-11-11,4740.0,4750.0,4610.0,4680.0,4213.84423828125,168794500,BMRI.JK,0.900394068008814
2025-11-12,4680.0,4790.0,4680.0,4760.0,4285.87548828125,138539800,BMRI.JK,0.9003940101431197
2025-11-13,4760.0,4760.0,4690.0,4700.0,4231.85205078125,108100300,BMRI.JK,0.9003940533577127
2025-11-14,4690.0,4750.0,4680.0,4750.0,4276.87158203125,73479600,BMRI.JK,0.9003940172697369
2025-11-17,4780.0,4850.0,4770.0,4820.0,4339.8994140625,136477100,BMRI.JK,0.9003940693075726
2025-11-18,4810.0,4850.0,4780.0,4790.0,4312.88720703125,127022100,BMRI.JK,0.9003939889418059
2025-11-19,4820.0,4850.0,4800.0,4850.0,4366.9111328125,107585700,BMRI.JK,0.9003940480025773
2025-11-20,4940.0,4990.0,4900.0,4940.0,4447.9462890625,234717700,BMRI.JK,0.9003939856401821
2025-11-21,4940.0,4970.0,4900.0,4950.0,4456.95068359375,142452600,BMRI.JK,0.9003940774936868
2025-11-24,4910.0,5100.0,4870.0,5100.0,4592.00927734375,303252000,BMRI.JK,0.9003939759497549
2025-11-25,5075.0,5100.0,4950.0,5025.0,4524.47998046875,169379300,BMRI.JK,0.9003940259639304
2025-11-26,5025.0,5025.0,4960.0,5025.0,4524.47998046875,128492000,BMRI.JK,0.9003940259639304
2025-11-27,5025.0,5025.0,4850.0,4860.0,4375.9150390625,170213000,BMRI.JK,0.9003940409593622
2025-11-28,4800.0,4880.0,4800.0,4830.0,4348.9033203125,128777200,BMRI.JK,0.9003940621765011
2025-12-01,4850.0,4910.0,4820.0,4860.0,4375.9150390625,58603700,BMRI.JK,0.9003940409593622
2025-12-02,4920.0,4940.0,4820.0,4850.0,4366.9111328125,104013500,BMRI.JK,0.9003940480025773
2025-12-03,4850.0,4920.0,4820.0,4880.0,4393.9228515625,102556300,BMRI.JK,0.9003940269595286
2025-12-04,4930.0,4940.0,4880.0,4920.0,4429.9384765625,59392600,BMRI.JK,0.9003939993013211
2025-12-05,4940.0,4940.0,4870.0,4900.0,4411.9306640625,53969200,BMRI.JK,0.9003940130739796
2025-12-08,4950.0,4960.0,4910.0,4950.0,4456.95068359375,62947600,BMRI.JK,0.9003940774936868
2025-12-09,4970.0,4980.0,4870.0,4890.0,4402.9267578125,134575200,BMRI.JK,0.9003940200025562
2025-12-10,4950.0,4970.0,4870.0,4970.0,4474.9580078125,96005900,BMRI.JK,0.9003939653546278
2025-12-11,5000.0,5050.0,4830.0,4950.0,4456.95068359375,151956700,BMRI.JK,0.9003940774936868
2025-12-12,4980.0,4980.0,4820.0,4820.0,4339.8994140625,111830600,BMRI.JK,0.9003940693075726
2025-12-15,4820.0,5025.0,4790.0,4990.0,4492.96630859375,122451500,BMRI.JK,0.9003940498183868
2025-12-16,5025.0,5050.0,4920.0,5000.0,4501.97021484375,137373200,BMRI.JK,0.90039404296875
2025-12-17,4990.0,5025.0,4960.0,5025.0,4524.47998046875,94254100,BMRI.JK,0.9003940259639304
2025-12-18,5025.0,5175.0,5025.0,5150.0,4637.029296875,150669000,BMRI.JK,0.9003940382281553
2025-12-19,5175.0,5200.0,5100.0,5175.0,4659.5390625,161960800,BMRI.JK,0.9003940217391304
2025-12-22,5175.0,5200.0,5025.0,5100.0,4592.00927734375,93615600,BMRI.JK,0.9003939759497549
2025-12-23,5050.0,5100.0,5000.0,5050.0,4546.98974609375,44307700,BMRI.JK,0.9003940091274752
2025-12-24,5025.0,5100.0,5025.0,5050.0,4546.98974609375,40272500,BMRI.JK,0.9003940091274752
2025-12-29,5075.0,5150.0,5050.0,5075.0,4569.49951171875,55697500,BMRI.JK,0.9003939924568966
2025-12-30,5075.0,5150.0,5050.0,5100.0,4592.00927734375,74077800,BMRI.JK,0.9003939759497549
2026-01-02,5125.0,5150.0,5025.0,5075.0,4569.49951171875,59263700,BMRI.JK,0.9003939924568966
2026-01-05,5075.0,5100.0,5025.0,5050.0,4546.98974609375,108458200,BMRI.JK,0.9003940091274752
2026-01-06,4990.0,4990.0,4880.0,4880.0,4482.68896484375,180600600,BMRI.JK,0.9185838042712603
2026-01-07,4890.0,4900.0,4800.0,4810.0,4418.38818359375,284261700,BMRI.JK,0.9185838219529626
2026-01-08,4820.0,4880.0,4810.0,4810.0,4418.38818359375,108534300,BMRI.JK,0.9185838219529626
2026-01-09,4820.0,4840.0,4760.0,4760.0,4372.458984375,104703800,BMRI.JK,0.9185838202468487
2026-01-12,4780.0,4850.0,4720.0,4770.0,4381.64453125,118384500,BMRI.JK,0.9185837591719077
2026-01-13,4800.0,4840.0,4780.0,4820.0,4427.57373046875,93419500,BMRI.JK,0.9185837615080394
2026-01-14,4840.0,4850.0,4770.0,4840.0,4445.94580078125,114314800,BMRI.JK,0.9185838431366219
2026-01-15,4840.0,5075.0,4830.0,4990.0,4583.7333984375,245024400,BMRI.JK,0.9185838473822645
2026-01-19,5025.0,5100.0,4980.0,5000.0,4592.9189453125,197645100,BMRI.JK,0.9185837890625
2026-01-20,5000.0,5075.0,4990.0,5025.0,4615.8837890625,93803800,BMRI.JK,0.918583838619403
2026-01-21,5025.0,5025.0,4930.0,4990.0,4583.7333984375,117548600,BMRI.JK,0.9185838473822645
2026-01-22,4990.0,5025.0,4930.0,4980.0,4574.54736328125,145002200,BMRI.JK,0.9185838078878013
2026-01-23,4980.0,5000.0,4870.0,4990.0,4583.7333984375,116237200,BMRI.JK,0.9185838473822645
2026-01-26,4910.0,4970.0,4870.0,4910.0,4510.24658203125,225443300,BMRI.JK,0.9185838252609471
2026-01-27,4860.0,4910.0,4800.0,4810.0,4418.38818359375,160620600,BMRI.JK,0.9185838219529626
2026-01-28,4570.0,4810.0,4410.0,4560.0,4188.7421875,643802800,BMRI.JK,0.9185838130482457
2026-01-29,4420.0,4640.0,4070.0,4630.0,4253.04296875,907054600,BMRI.JK,0.9185837945464362
2026-01-30,4700.0,4880.0,4630.0,4820.0,4427.57373046875,343393600,BMRI.JK,0.9185837615080394
2026-02-02,4900.0,4920.0,4710.0,4800.0,4409.2021484375,290622800,BMRI.JK,0.9185837809244791
2026-02-03,4830.0,4850.0,4710.0,4830.0,4436.759765625,169775800,BMRI.JK,0.9185838024068324
2026-02-04,4860.0,5025.0,4830.0,5000.0,4592.9189453125,232816800,BMRI.JK,0.9185837890625
2026-02-05,5050.0,5100.0,5000.0,5050.0,4638.84814453125,209505400,BMRI.JK,0.9185837909962872
2026-02-06,4950.0,5050.0,4890.0,5050.0,4638.84814453125,278775900,BMRI.JK,0.9185837909962872
2026-02-09,5050.0,5075.0,4950.0,5000.0,4592.9189453125,177079900,BMRI.JK,0.9185837890625
2026-02-10,5000.0,5100.0,4990.0,5100.0,4684.77734375,177110700,BMRI.JK,0.9185837928921569
2026-02-11,5075.0,5100.0,4990.0,5025.0,4615.8837890625,201135900,BMRI.JK,0.918583838619403
2026-02-12,5025.0,5075.0,5000.0,5075.0,4661.81298828125,121407500,BMRI.JK,0.9185838400554187
2026-02-13,5050.0,5075.0,4970.0,5075.0,4661.81298828125,157236900,BMRI.JK,0.9185838400554187
2026-02-18,5075.0,5275.0,5050.0,5275.0,4845.52978515625,212076100,BMRI.JK,0.9185838455272511
2026-02-19,5275.0,5300.0,5050.0,5075.0,4661.81298828125,133827800,BMRI.JK,0.9185838400554187
2026-02-20,5100.0,5175.0,5050.0,5125.0,4707.7421875,88563800,BMRI.JK,0.9185838414634147
2026-02-23,5150.0,5275.0,5150.0,5275.0,4845.52978515625,131077800,BMRI.JK,0.9185838455272511
2026-02-24,5275.0,5375.0,5250.0,5375.0,4937.38818359375,203553200,BMRI.JK,0.9185838481104651
2026-02-25,5350.0,5375.0,5300.0,5300.0,4868.494140625,147700600,BMRI.JK,0.9185838001179245
2026-02-26,5350.0,5350.0,5200.0,5325.0,4891.458984375,120621100,BMRI.JK,0.9185838468309859
2026-02-27,5325.0,5350.0,5275.0,5275.0,4845.52978515625,206461200,BMRI.JK,0.9185838455272511
2026-03-02,5125.0,5175.0,5050.0,5075.0,4661.81298828125,168721700,BMRI.JK,0.9185838400554187
2026-03-03,5100.0,5175.0,5050.0,5100.0,4684.77734375,106384700,BMRI.JK,0.9185837928921569
2026-03-04,5050.0,5075.0,4870.0,4980.0,4574.54736328125,294487200,BMRI.JK,0.9185838078878013
2026-03-05,5025.0,5125.0,5000.0,5125.0,4707.7421875,133690000,BMRI.JK,0.9185838414634147
2026-03-06,5075.0,5100.0,4950.0,4980.0,4574.54736328125,127625100,BMRI.JK,0.9185838078878013
2026-03-09,4800.0,4870.0,4780.0,4820.0,4427.57373046875,217673200,BMRI.JK,0.9185837615080394
2026-03-10,4920.0,4990.0,4860.0,4910.0,4510.24658203125,124581800,BMRI.JK,0.9185838252609471
2026-03-11,4930.0,4970.0,4880.0,4880.0,4482.68896484375,86606500,BMRI.JK,0.9185838042712603
2026-03-12,4870.0,4980.0,4870.0,4960.0,4556.17578125,85989900,BMRI.JK,0.9185838268649194
2026-03-13,4900.0,4920.0,4750.0,4750.0,4363.27294921875,187462500,BMRI.JK,0.9185837787828948
2026-03-16,4730.0,4740.0,4630.0,4700.0,4317.34375,149035900,BMRI.JK,0.9185837765957446
2026-03-17,4750.0,4780.0,4710.0,4730.0,4344.9013671875,274977700,BMRI.JK,0.9185837985597252
2026-03-25,4650.0,4970.0,4650.0,4970.0,4565.361328125,389331300,BMRI.JK,0.9185837682344065
2026-03-26,4970.0,4980.0,4840.0,4840.0,4445.94580078125,120735200,BMRI.JK,0.9185838431366219
2026-03-27,4840.0,4870.0,4760.0,4760.0,4372.458984375,73158700,BMRI.JK,0.9185838202468487
2026-03-30,4710.0,4750.0,4690.0,4700.0,4317.34375,110819500,BMRI.JK,0.9185837765957446
2026-03-31,4710.0,4790.0,4700.0,4720.0,4335.7158203125,184777500,BMRI.JK,0.9185838602356992
2026-04-01,4800.0,4830.0,4680.0,4720.0,4335.7158203125,162832600,BMRI.JK,0.9185838602356992
2026-04-02,4720.0,4730.0,4640.0,4650.0,4271.41455078125,109496300,BMRI.JK,0.9185837743615591
2026-04-06,4650.0,4700.0,4600.0,4610.0,4234.67138671875,60887500,BMRI.JK,0.9185838149064534
2026-04-07,4600.0,4610.0,4500.0,4510.0,4142.81298828125,190831700,BMRI.JK,0.9185838111488359
2026-04-08,4670.0,4700.0,4630.0,4670.0,4289.78662109375,169872400,BMRI.JK,0.9185838589065846
2026-04-09,4650.0,4650.0,4570.0,4570.0,4197.92822265625,128431200,BMRI.JK,0.918583856161105
2026-04-10,4580.0,4700.0,4580.0,4670.0,4289.78662109375,103583800,BMRI.JK,0.9185838589065846
2026-04-13,4640.0,4660.0,4600.0,4600.0,4225.4853515625,103202100,BMRI.JK,0.9185837720788044
2026-04-14,4670.0,4720.0,4650.0,4710.0,4326.52978515625,135501000,BMRI.JK,0.9185838185045117
2026-04-15,4750.0,4770.0,4640.0,4650.0,4271.41455078125,104621600,BMRI.JK,0.9185837743615591
2026-04-16,4680.0,4680.0,4620.0,4640.0,4262.22900390625,120500900,BMRI.JK,0.9185838370487608
2026-04-17,4670.0,4700.0,4580.0,4620.0,4243.857421875,125867600,BMRI.JK,0.9185838575487013
2026-04-20,4640.0,4670.0,4590.0,4620.0,4243.857421875,104938900,BMRI.JK,0.9185838575487013
2026-04-21,4610.0,4700.0,4610.0,4700.0,4317.34375,120070400,BMRI.JK,0.9185837765957446
2026-04-22,4700.0,4770.0,4700.0,4750.0,4363.27294921875,113814200,BMRI.JK,0.9185837787828948
2026-04-23,4760.0,4770.0,4630.0,4630.0,4253.04296875,133792200,BMRI.JK,0.9185837945464362
2026-04-24,4630.0,4630.0,4490.0,4500.0,4133.626953125,218703100,BMRI.JK,0.9185837673611111
2026-04-27,4500.0,4510.0,4360.0,4400.0,4041.768798828125,257209000,BMRI.JK,0.9185838179154829
2026-04-28,4420.0,4480.0,4350.0,4430.0,4069.326171875,246361500,BMRI.JK,0.918583785976298
2026-04-29,4440.0,4530.0,4430.0,4430.0,4069.326171875,201458600,BMRI.JK,0.918583785976298
2026-04-30,4430.0,4450.0,4370.0,4390.0,4032.5830078125,186960200,BMRI.JK,0.9185838286588838
2026-05-04,4430.0,4470.0,4410.0,4420.0,4060.140380859375,166294600,BMRI.JK,0.9185837965745193
2026-05-05,4420.0,4570.0,4410.0,4490.0,4124.44140625,186702000,BMRI.JK,0.9185838321269488
2026-05-06,4530.0,4550.0,4480.0,4510.0,4142.81298828125,156255400,BMRI.JK,0.9185838111488359
2026-05-07,4570.0,4640.0,4550.0,4640.0,4262.22900390625,262269600,BMRI.JK,0.9185838370487608
2026-05-08,4650.0,4710.0,4620.0,4630.0,4253.04296875,369212800,BMRI.JK,0.9185837945464362
2026-05-11,4310.0,4340.0,4250.0,4250.0,4250.0,424518900,BMRI.JK,1.0
2026-05-12,4270.0,4270.0,4190.0,4240.0,4240.0,221247900,BMRI.JK,1.0
2026-05-13,4230.0,4250.0,4190.0,4200.0,4200.0,192288300,BMRI.JK,1.0
2026-05-18,4170.0,4170.0,4080.0,4130.0,4130.0,316067300,BMRI.JK,1.0
2026-05-19,4130.0,4260.0,4100.0,4130.0,4130.0,306901800,BMRI.JK,1.0
2026-05-20,4150.0,4290.0,4110.0,4230.0,4230.0,308468000,BMRI.JK,1.0
2026-05-21,4280.0,4280.0,4130.0,4170.0,4170.0,137461700,BMRI.JK,1.0
2026-05-22,4140.0,4150.0,4040.0,4120.0,4120.0,190022900,BMRI.JK,1.0
2026-05-25,4160.0,4300.0,4130.0,4220.0,4220.0,235113500,BMRI.JK,1.0
2026-05-26,4210.0,4220.0,4130.0,4130.0,4130.0,181583300,BMRI.JK,1.0
2026-05-29,4120.0,4190.0,4080.0,4080.0,4080.0,442625300,BMRI.JK,1.0
2026-06-02,4090.0,4190.0,4090.0,4170.0,4170.0,261911500,BMRI.JK,1.0
2026-06-03,4200.0,4200.0,4020.0,4050.0,4050.0,287274100,BMRI.JK,1.0
2026-06-04,4050.0,4060.0,3930.0,3970.0,3970.0,328529500,BMRI.JK,1.0
2026-06-05,3900.0,3950.0,3820.0,3840.0,3840.0,320689600,BMRI.JK,1.0
2026-06-08,3810.0,3900.0,3700.0,3710.0,3710.0,387103400,BMRI.JK,1.0
2026-06-09,3650.0,4090.0,3650.0,4090.0,4090.0,484957600,BMRI.JK,1.0
2026-06-10,4100.0,4260.0,4050.0,4260.0,4260.0,359183100,BMRI.JK,1.0
2026-06-11,4260.0,4340.0,4140.0,4250.0,4250.0,308861000,BMRI.JK,1.0
2026-06-12,4320.0,4320.0,4200.0,4200.0,4200.0,241735800,BMRI.JK,1.0
2026-06-15,4300.0,4500.0,4300.0,4500.0,4500.0,310948900,BMRI.JK,1.0
2026-06-17,4500.0,4570.0,4390.0,4490.0,4490.0,286865700,BMRI.JK,1.0
2026-06-18,4440.0,4470.0,4340.0,4470.0,4470.0,190568200,BMRI.JK,1.0
2026-06-19,4390.0,4470.0,4300.0,4310.0,4310.0,377274300,BMRI.JK,1.0
2026-06-22,4320.0,4340.0,4220.0,4220.0,4220.0,101336500,BMRI.JK,1.0
2026-06-23,4200.0,4210.0,4090.0,4120.0,4120.0,248512500,BMRI.JK,1.0
2026-06-24,4130.0,4180.0,3970.0,3970.0,3970.0,254221600,BMRI.JK,1.0
2026-06-25,3970.0,4090.0,3960.0,4000.0,4000.0,275422800,BMRI.JK,1.0
2026-06-26,4000.0,4040.0,3900.0,3990.0,3990.0,247361000,BMRI.JK,1.0
2026-06-29,3990.0,4010.0,3930.0,3940.0,3940.0,120733900,BMRI.JK,1.0
2026-06-30,3930.0,3930.0,3830.0,3850.0,3850.0,200553100,BMRI.JK,1.0
2026-07-01,3810.0,3880.0,3800.0,3810.0,3810.0,142033400,BMRI.JK,1.0
2026-07-02,3810.0,3960.0,3810.0,3900.0,3900.0,181957900,BMRI.JK,1.0
2026-07-03,3950.0,4040.0,3950.0,4010.0,4010.0,97694100,BMRI.JK,1.0
2026-07-06,4020.0,4040.0,3940.0,4030.0,4030.0,143666300,BMRI.JK,1.0
2026-07-07,4030.0,4090.0,3990.0,4070.0,4070.0,181399100,BMRI.JK,1.0
2026-07-08,4080.0,4080.0,3970.0,3970.0,3970.0,107252600,BMRI.JK,1.0
2026-07-09,3960.0,4040.0,3950.0,4040.0,4040.0,109084100,BMRI.JK,1.0
2026-07-10,4050.0,4080.0,4010.0,4080.0,4080.0,73997600,BMRI.JK,1.0
2026-07-13,4070.0,4260.0,4020.0,4250.0,4250.0,140381100,BMRI.JK,1.0
2026-07-14,4250.0,4260.0,4130.0,4160.0,4160.0,186937300,BMRI.JK,1.0
2026-07-15,4220.0,4270.0,4170.0,4200.0,4200.0,145283200,BMRI.JK,1.0
2026-07-16,4240.0,4310.0,4220.0,4310.0,4310.0,103434900,BMRI.JK,1.0
2026-07-17,4310.0,4490.0,4270.0,4480.0,4480.0,258763500,BMRI.JK,1.0
2026-07-20,4480.0,4520.0,4420.0,4450.0,4450.0,197096400,BMRI.JK,1.0
2026-07-21,4480.0,4490.0,4430.0,4480.0,4480.0,135068500,BMRI.JK,1.0
2026-07-22,4490.0,4490.0,4410.0,4420.0,4420.0,93136600,BMRI.JK,1.0
2026-07-23,4450.0,4470.0,4330.0,4380.0,4380.0,160468800,BMRI.JK,1.0
2026-07-24,4280.0,4290.0,4120.0,4130.0,4130.0,403126400,BMRI.JK,1.0
2026-07-27,4110.0,4160.0,4060.0,4160.0,4160.0,233516000,BMRI.JK,1.0
2026-07-28,4150.0,4190.0,4100.0,4100.0,4100.0,162841200,BMRI.JK,1.0
2026-07-29,4120.0,4140.0,4060.0,4090.0,4090.0,125647800,BMRI.JK,1.0
2026-07-30,4100.0,4200.0,4100.0,4160.0,4160.0,100897800,BMRI.JK,1.0
2026-07-31,4180.0,4200.0,4160.0,4190.0,4190.0,97657300,BMRI.JK,1.0
2026-08-03,4230.0,4230.0,4140.0,4170.0,4170.0,76254300,BMRI.JK,1.0
2026-08-04,4170.0,4260.0,4170.0,4260.0,4260.0,121374800,BMRI.JK,1.0
2026-08-05,4260.0,4280.0,4220.0,4220.0,4220.0,122781400,BMRI.JK,1.0
2026-08-06,4240.0,4280.0,4200.0,4200.0,4200.0,95744300,BMRI.JK,1.0
2026-08-07,4220.0,4270.0,4210.0,4240.0,4240.0,110106100,BMRI.JK,1.0
2026-08-10,4250.0,4270.0,4180.0,4180.0,4180.0,148614700,BMRI.JK,1.0
2026-08-11,4200.0,4200.0,4100.0,4120.0,4120.0,148404100,BMRI.JK,1.0
2026-08-12,4130.0,4150.0,4080.0,4130.0,4130.0,153658300,BMRI.JK,1.0
2026-08-13,4140.0,4150.0,4090.0,4130.0,4130.0,108708200,BMRI.JK,1.0
2026-08-14,4140.0,4170.0,4100.0,4170.0,4170.0,75934800,BMRI.JK,1.0
2026-08-18,4200.0,4220.0,4150.0,4150.0,4150.0,116514200,BMRI.JK,1.0
2026-08-19,4160.0,4190.0,4140.0,4140.0,4140.0,79287200,BMRI.JK,1.0
2026-08-20,4150.0,4180.0,4140.0,4150.0,4150.0,74796300,BMRI.JK,1.0
2026-08-21,4170.0,4240.0,4170.0,4220.0,4220.0,142906200,BMRI.JK,1.0
2026-08-24,4220.0,4220.0,4170.0,4200.0,4200.0,86046100,BMRI.JK,1.0
2026-08-26,4190.0,4190.0,4150.0,4160.0,4160.0,156162500,BMRI.JK,1.0
2026-08-27,4140.0,4210.0,4130.0,4210.0,4210.0,66036800,BMRI.JK,1.0
2026-08-28,4220.0,4260.0,4200.0,4250.0,4250.0,111542000,BMRI.JK,1.0
2026-08-31,4250.0,4280.0,4200.0,4230.0,4230.0,231356300,BMRI.JK,1.0
2026-09-01,4230.0,4320.0,4230.0,4320.0,4320.0,191597900,BMRI.JK,1.0
