date,open,high,low,close,adj_close,volume,ticker,adj_factor
2018-01-02,8300.0,8400.0,8150.0,8200.0,4977.8427734375,24661300,ASII.JK,0.6070539967606707
2018-01-03,8250.0,8250.0,8000.0,8050.0,4886.78369140625,40976100,ASII.JK,0.607053874708851
2018-01-04,8075.0,8225.0,8050.0,8225.0,4993.01904296875,30604400,ASII.JK,0.607053986987082
2018-01-05,8150.0,8300.0,8125.0,8300.0,5038.54833984375,18885300,ASII.JK,0.6070540168486446
2018-01-08,8300.0,8325.0,8200.0,8300.0,5038.54833984375,17178400,ASII.JK,0.6070540168486446
2018-01-09,8300.0,8300.0,8150.0,8175.0,4962.66552734375,23323800,ASII.JK,0.6070538871368502
2018-01-10,8275.0,8300.0,8175.0,8275.0,5023.37255859375,29616100,ASII.JK,0.6070540856306647
2018-01-11,8275.0,8275.0,8125.0,8250.0,5008.1953125,19294700,ASII.JK,0.6070539772727273
2018-01-12,8200.0,8250.0,8175.0,8175.0,4962.66552734375,15456000,ASII.JK,0.6070538871368502
2018-01-15,8175.0,8200.0,8125.0,8175.0,4962.66552734375,12912900,ASII.JK,0.6070538871368502
2018-01-16,8200.0,8250.0,8125.0,8225.0,4993.01904296875,25472200,ASII.JK,0.607053986987082
2018-01-17,8150.0,8300.0,8125.0,8200.0,4977.8427734375,44342900,ASII.JK,0.6070539967606707
2018-01-18,8275.0,8300.0,8200.0,8300.0,5038.54833984375,41790200,ASII.JK,0.6070540168486446
2018-01-19,8300.0,8350.0,8250.0,8350.0,5068.90087890625,28789700,ASII.JK,0.6070539974738024
2018-01-22,8350.0,8350.0,8200.0,8250.0,5008.1953125,40680600,ASII.JK,0.6070539772727273
2018-01-23,8300.0,8525.0,8250.0,8525.0,5175.13623046875,39074200,ASII.JK,0.6070541032807918
2018-01-24,8525.0,8750.0,8450.0,8725.0,5296.54638671875,36840200,ASII.JK,0.6070540271310888
2018-01-25,8675.0,8750.0,8625.0,8725.0,5296.54638671875,27585500,ASII.JK,0.6070540271310888
2018-01-26,8725.0,8725.0,8500.0,8625.0,5235.8408203125,24505100,ASII.JK,0.6070540081521739
2018-01-29,8650.0,8675.0,8500.0,8650.0,5251.017578125,17150200,ASII.JK,0.6070540552745665
2018-01-30,8650.0,8650.0,8400.0,8425.0,5114.42919921875,23643200,ASII.JK,0.6070539108864985
2018-01-31,8400.0,8700.0,8375.0,8500.0,5159.95947265625,29112000,ASII.JK,0.6070540556066176
2018-02-01,8525.0,8750.0,8525.0,8575.0,5205.48779296875,31700800,ASII.JK,0.6070539700255102
2018-02-02,8700.0,8750.0,8625.0,8700.0,5281.3701171875,24482800,ASII.JK,0.6070540364583333
2018-02-05,8500.0,8650.0,8450.0,8525.0,5175.13623046875,23045600,ASII.JK,0.6070541032807918
2018-02-06,8350.0,8475.0,8350.0,8425.0,5114.42919921875,33410900,ASII.JK,0.6070539108864985
2018-02-07,8500.0,8600.0,8375.0,8450.0,5129.6064453125,31215400,ASII.JK,0.6070540171967456
2018-02-08,8500.0,8525.0,8350.0,8375.0,5084.07763671875,28406900,ASII.JK,0.6070540461753732
2018-02-09,8250.0,8350.0,8175.0,8200.0,4977.8427734375,64748600,ASII.JK,0.6070539967606707
2018-02-12,8300.0,8300.0,8200.0,8200.0,4977.8427734375,20368800,ASII.JK,0.6070539967606707
2018-02-13,8200.0,8300.0,8200.0,8275.0,5023.37255859375,30608200,ASII.JK,0.6070540856306647
2018-02-14,8275.0,8375.0,8275.0,8375.0,5084.07763671875,24033700,ASII.JK,0.6070540461753732
2018-02-15,8425.0,8425.0,8275.0,8275.0,5023.37255859375,14832000,ASII.JK,0.6070540856306647
2018-02-19,8350.0,8425.0,8300.0,8425.0,5114.42919921875,22998500,ASII.JK,0.6070539108864985
2018-02-20,8350.0,8375.0,8250.0,8300.0,5038.54833984375,17276200,ASII.JK,0.6070540168486446
2018-02-21,8325.0,8350.0,8125.0,8175.0,4962.66552734375,43896000,ASII.JK,0.6070538871368502
2018-02-22,8200.0,8225.0,8000.0,8000.0,4856.4326171875,33253700,ASII.JK,0.6070540771484375
2018-02-23,8125.0,8250.0,8100.0,8200.0,4977.8427734375,29457600,ASII.JK,0.6070539967606707
2018-02-26,8200.0,8225.0,8050.0,8100.0,4917.1376953125,23816800,ASII.JK,0.6070540364583333
2018-02-27,8100.0,8200.0,8075.0,8200.0,4977.8427734375,23718200,ASII.JK,0.6070539967606707
2018-02-28,8175.0,8175.0,8075.0,8075.0,4901.9619140625,45102600,ASII.JK,0.607054107004644
2018-03-01,8100.0,8175.0,8075.0,8075.0,4901.9619140625,25963100,ASII.JK,0.607054107004644
2018-03-02,8075.0,8150.0,8025.0,8150.0,4947.490234375,15833800,ASII.JK,0.60705401648773
2018-03-05,8175.0,8175.0,8075.0,8150.0,4947.490234375,19421500,ASII.JK,0.60705401648773
2018-03-06,8200.0,8200.0,8025.0,8050.0,4886.78369140625,29864500,ASII.JK,0.607053874708851
2018-03-07,8000.0,8025.0,7775.0,7825.0,4750.19775390625,56371600,ASII.JK,0.6070540260583067
2018-03-08,7925.0,7925.0,7775.0,7850.0,4765.37353515625,45172700,ASII.JK,0.6070539535230892
2018-03-09,7900.0,7900.0,7750.0,7775.0,4719.84521484375,26855700,ASII.JK,0.6070540469252411
2018-03-12,7850.0,7875.0,7775.0,7800.0,4735.02099609375,34352400,ASII.JK,0.6070539738581731
2018-03-13,7775.0,7775.0,7675.0,7700.0,4674.31591796875,29718200,ASII.JK,0.6070540153206169
2018-03-14,7650.0,7725.0,7575.0,7575.0,4598.4345703125,25878500,ASII.JK,0.6070540686881188
2018-03-15,7525.0,7575.0,7425.0,7450.0,4522.5517578125,38893700,ASII.JK,0.6070539272231543
2018-03-16,7450.0,7525.0,7350.0,7450.0,4522.5517578125,93558800,ASII.JK,0.6070539272231543
2018-03-19,7450.0,7475.0,7250.0,7275.0,4416.31787109375,44260000,ASII.JK,0.6070540028994845
2018-03-20,7225.0,7350.0,7200.0,7300.0,4431.494140625,53047800,ASII.JK,0.6070539918664384
2018-03-21,7350.0,7350.0,7275.0,7300.0,4431.494140625,41451100,ASII.JK,0.6070539918664384
2018-03-22,7350.0,7450.0,7325.0,7350.0,4461.8466796875,40302400,ASII.JK,0.6070539700255102
2018-03-23,7050.0,7275.0,7050.0,7275.0,4416.31787109375,38206300,ASII.JK,0.6070540028994845
2018-03-26,7275.0,7275.0,7175.0,7225.0,4385.96435546875,22640900,ASII.JK,0.6070538900302768
2018-03-27,7300.0,7375.0,7250.0,7300.0,4431.494140625,24060300,ASII.JK,0.6070539918664384
2018-03-28,7225.0,7250.0,7075.0,7100.0,4310.08251953125,32341200,ASII.JK,0.6070538759903169
2018-03-29,7175.0,7325.0,7050.0,7300.0,4431.494140625,40859700,ASII.JK,0.6070539918664384
2018-04-02,7350.0,7600.0,7300.0,7550.0,4583.2578125,30899400,ASII.JK,0.6070540149006622
2018-04-03,7500.0,7750.0,7450.0,7675.0,4659.13916015625,30007800,ASII.JK,0.607053962235342
2018-04-04,7675.0,7675.0,7475.0,7575.0,4598.4345703125,22563400,ASII.JK,0.6070540686881188
2018-04-05,7625.0,7650.0,7475.0,7600.0,4613.6103515625,16561500,ASII.JK,0.6070539936266447
2018-04-06,7600.0,7600.0,7525.0,7525.0,4568.08154296875,8268700,ASII.JK,0.6070540256436877
2018-04-09,7550.0,7750.0,7550.0,7750.0,4704.66845703125,17097200,ASII.JK,0.6070539944556451
2018-04-10,7700.0,7850.0,7675.0,7825.0,4750.19775390625,27654600,ASII.JK,0.6070540260583067
2018-04-11,7875.0,7975.0,7850.0,7950.0,4826.07958984375,34716800,ASII.JK,0.6070540364583333
2018-04-12,7850.0,7925.0,7700.0,7725.0,4689.49267578125,26558600,ASII.JK,0.6070540680622978
2018-04-13,7750.0,7825.0,7525.0,7525.0,4568.08154296875,17816300,ASII.JK,0.6070540256436877
2018-04-18,7625.0,7625.0,7475.0,7525.0,4568.08154296875,23356500,ASII.JK,0.6070540256436877
2018-04-23,7600.0,7600.0,7475.0,7475.0,4537.72802734375,12648900,ASII.JK,0.607053916701505
2018-04-24,7400.0,7475.0,7300.0,7325.0,4446.67138671875,33995200,ASII.JK,0.6070541142278157
2018-04-30,7275.0,7300.0,7150.0,7150.0,4340.435546875,20489400,ASII.JK,0.6070539226398601
2018-05-02,7200.0,7375.0,7150.0,7375.0,4477.02294921875,28029500,ASII.JK,0.6070539592161017
2018-05-03,7375.0,7400.0,7275.0,7275.0,4416.31787109375,38116700,ASII.JK,0.6070540028994845
2018-05-04,7200.0,7300.0,7125.0,7250.0,4481.21826171875,20155100,ASII.JK,0.6180990705818965
2018-05-07,7300.0,7300.0,7050.0,7075.0,4373.05078125,24167400,ASII.JK,0.6180990503533569
2018-05-08,7075.0,7100.0,6825.0,6950.0,4295.78955078125,45877500,ASII.JK,0.6180992159397481
2018-05-09,6800.0,7125.0,6800.0,7100.0,4388.50341796875,51249600,ASII.JK,0.6180990729533451
2018-05-11,7150.0,7200.0,7050.0,7050.0,4357.5986328125,21370800,ASII.JK,0.6180990968528369
2018-05-14,6950.0,7100.0,6950.0,7025.0,4342.14599609375,28081600,ASII.JK,0.6180990741770462
2018-05-15,7025.0,7100.0,6925.0,6925.0,4280.3359375,30656400,ASII.JK,0.6180990523465704
2018-05-16,6900.0,6925.0,6650.0,6900.0,4264.88427734375,39298500,ASII.JK,0.618099170629529
2018-05-17,6900.0,6925.0,6725.0,6725.0,4156.71630859375,31996300,ASII.JK,0.6180990793447956
2018-05-18,6800.0,6800.0,6525.0,6525.0,4033.096435546875,32946300,ASII.JK,0.6180990705818965
2018-05-21,6600.0,6675.0,6525.0,6525.0,4033.096435546875,19666000,ASII.JK,0.6180990705818965
2018-05-22,6575.0,7000.0,6550.0,6950.0,4295.78955078125,52564600,ASII.JK,0.6180992159397481
2018-05-23,7000.0,7225.0,6950.0,7000.0,4326.693359375,46432300,ASII.JK,0.6180990513392857
2018-05-24,7150.0,7300.0,7125.0,7225.0,4465.76513671875,31517700,ASII.JK,0.6180989808607267
2018-05-25,7275.0,7275.0,7050.0,7250.0,4481.21826171875,23149300,ASII.JK,0.6180990705818965
2018-05-28,7100.0,7300.0,7100.0,7175.0,4434.861328125,20768800,ASII.JK,0.6180991398083624
2018-05-30,7125.0,7200.0,6950.0,7000.0,4326.693359375,38264900,ASII.JK,0.6180990513392857
2018-05-31,7075.0,7150.0,6850.0,6900.0,4264.88427734375,99330400,ASII.JK,0.618099170629529
2018-06-04,7050.0,7100.0,6975.0,7000.0,4326.693359375,29071700,ASII.JK,0.6180990513392857
2018-06-05,6950.0,7050.0,6950.0,7000.0,4326.693359375,32973400,ASII.JK,0.6180990513392857
2018-06-06,7000.0,7025.0,6950.0,6975.0,4311.240234375,27978000,ASII.JK,0.6180989583333333
2018-06-07,7000.0,7025.0,6950.0,6975.0,4311.240234375,34005400,ASII.JK,0.6180989583333333
2018-06-08,6875.0,6975.0,6875.0,6900.0,4264.88427734375,82723800,ASII.JK,0.618099170629529
2018-06-20,6850.0,6950.0,6625.0,6950.0,4295.78955078125,94750500,ASII.JK,0.6180992159397481
2018-06-21,7100.0,7100.0,6675.0,6675.0,4125.810546875,40710000,ASII.JK,0.6180989583333333
2018-06-22,6675.0,6675.0,6575.0,6600.0,4079.4541015625,30220100,ASII.JK,0.6180991062973484
2018-06-25,6700.0,6725.0,6575.0,6600.0,4079.4541015625,35216300,ASII.JK,0.6180991062973484
2018-06-26,6550.0,6800.0,6550.0,6700.0,4141.26416015625,21592800,ASII.JK,0.6180991283815298
2018-06-27,6725.0,6750.0,6425.0,6425.0,3971.28662109375,26041600,ASII.JK,0.6180990849951362
2018-06-28,6425.0,6475.0,6275.0,6350.0,3924.92919921875,47122000,ASII.JK,0.6180990864911418
2018-06-29,6400.0,6600.0,6375.0,6600.0,4079.4541015625,44077400,ASII.JK,0.6180991062973484
2018-07-02,6650.0,6650.0,6250.0,6250.0,3863.11962890625,30044400,ASII.JK,0.618099140625
2018-07-03,6250.0,6400.0,6100.0,6100.0,3770.404052734375,31918600,ASII.JK,0.6180990250384222
2018-07-04,6175.0,6425.0,6125.0,6250.0,3863.11962890625,26706500,ASII.JK,0.618099140625
2018-07-05,6200.0,6375.0,6200.0,6300.0,3894.0244140625,10071000,ASII.JK,0.618099113343254
2018-07-06,6375.0,6375.0,6250.0,6300.0,3894.0244140625,12516100,ASII.JK,0.618099113343254
2018-07-09,6350.0,6400.0,6250.0,6325.0,3909.476806640625,17337000,ASII.JK,0.6180990998641305
2018-07-10,6450.0,6550.0,6350.0,6350.0,3924.92919921875,36086900,ASII.JK,0.6180990864911418
2018-07-11,6300.0,6625.0,6275.0,6625.0,4094.90625,29415100,ASII.JK,0.6180990566037736
2018-07-12,6575.0,6700.0,6550.0,6675.0,4125.810546875,22465500,ASII.JK,0.6180989583333333
2018-07-13,6750.0,6825.0,6650.0,6800.0,4203.07373046875,27647800,ASII.JK,0.6180990780101103
2018-07-16,6700.0,6725.0,6550.0,6700.0,4141.26416015625,16831500,ASII.JK,0.6180991283815298
2018-07-17,6550.0,6675.0,6500.0,6625.0,4094.90625,15901500,ASII.JK,0.6180990566037736
2018-07-18,6700.0,6750.0,6575.0,6650.0,4110.3583984375,19002100,ASII.JK,0.6180990072838346
2018-07-19,6650.0,6750.0,6650.0,6700.0,4141.26416015625,27562100,ASII.JK,0.6180991283815298
2018-07-20,6700.0,6750.0,6575.0,6675.0,4125.810546875,22005400,ASII.JK,0.6180989583333333
2018-07-23,6750.0,6750.0,6675.0,6675.0,4125.810546875,13735600,ASII.JK,0.6180989583333333
2018-07-24,6625.0,6750.0,6625.0,6650.0,4110.3583984375,8932500,ASII.JK,0.6180990072838346
2018-07-25,6725.0,6900.0,6650.0,6875.0,4249.43115234375,15946900,ASII.JK,0.6180990767045454
2018-07-26,6925.0,6950.0,6650.0,6675.0,4125.810546875,20823800,ASII.JK,0.6180989583333333
2018-07-27,6700.0,7000.0,6700.0,6975.0,4311.240234375,31156700,ASII.JK,0.6180989583333333
2018-07-30,7000.0,7100.0,6900.0,7100.0,4388.50341796875,21379900,ASII.JK,0.6180990729533451
2018-07-31,7050.0,7150.0,6975.0,7150.0,4419.408203125,25841400,ASII.JK,0.6180990493881119
2018-08-01,7150.0,7475.0,7150.0,7475.0,4620.2900390625,53935800,ASII.JK,0.6180990018812709
2018-08-02,7500.0,7500.0,7300.0,7300.0,4512.12353515625,19141400,ASII.JK,0.6180991144049658
2018-08-03,7275.0,7300.0,7050.0,7125.0,4403.95556640625,24035700,ASII.JK,0.6180990268640351
2018-08-06,7250.0,7475.0,7200.0,7425.0,4589.3857421875,37077600,ASII.JK,0.6180990898569023
2018-08-07,7475.0,7475.0,7325.0,7375.0,4558.47998046875,23222200,ASII.JK,0.6180989804025424
2018-08-08,7400.0,7450.0,7325.0,7425.0,4589.3857421875,16794100,ASII.JK,0.6180990898569023
2018-08-09,7300.0,7525.0,7300.0,7500.0,4635.7431640625,17331500,ASII.JK,0.6180990885416666
2018-08-10,7450.0,7475.0,7325.0,7400.0,4573.93359375,16288400,ASII.JK,0.6180991342905405
2018-08-13,7275.0,7275.0,7075.0,7100.0,4388.50341796875,25732900,ASII.JK,0.6180990729533451
2018-08-14,7075.0,7225.0,6825.0,6825.0,4218.5263671875,34274000,ASII.JK,0.6180991014194139
2018-08-15,6900.0,7050.0,6600.0,6975.0,4311.240234375,44615000,ASII.JK,0.6180989583333333
2018-08-16,6975.0,7250.0,6850.0,7100.0,4388.50341796875,21705200,ASII.JK,0.6180990729533451
2018-08-20,7250.0,7400.0,7150.0,7400.0,4573.93359375,44690500,ASII.JK,0.6180991342905405
2018-08-21,7400.0,7475.0,7325.0,7475.0,4620.2900390625,20659500,ASII.JK,0.6180990018812709
2018-08-23,7475.0,7525.0,7300.0,7425.0,4589.3857421875,30246600,ASII.JK,0.6180990898569023
2018-08-24,7375.0,7450.0,7275.0,7375.0,4558.47998046875,15617800,ASII.JK,0.6180989804025424
2018-08-27,7375.0,7600.0,7350.0,7575.0,4682.10107421875,32820400,ASII.JK,0.6180991517120462
2018-08-28,7575.0,7600.0,7350.0,7350.0,4543.02783203125,17798200,ASII.JK,0.6180990247661564
2018-08-29,7450.0,7550.0,7375.0,7475.0,4620.2900390625,26083000,ASII.JK,0.6180990018812709
2018-08-30,7500.0,7500.0,7350.0,7475.0,4620.2900390625,15151400,ASII.JK,0.6180990018812709
2018-08-31,7400.0,7400.0,7200.0,7250.0,4481.21826171875,40829300,ASII.JK,0.6180990705818965
2018-09-03,7275.0,7275.0,7075.0,7100.0,4388.50341796875,25016000,ASII.JK,0.6180990729533451
2018-09-04,7100.0,7100.0,7000.0,7075.0,4373.05078125,30739500,ASII.JK,0.6180990503533569
2018-09-05,6900.0,6950.0,6725.0,6775.0,4187.62109375,52098900,ASII.JK,0.6180990544280442
2018-09-06,6675.0,6875.0,6600.0,6800.0,4203.07373046875,60188600,ASII.JK,0.6180990780101103
2018-09-07,6900.0,7175.0,6825.0,7175.0,4434.861328125,42928600,ASII.JK,0.6180991398083624
2018-09-10,7125.0,7175.0,6975.0,7175.0,4434.861328125,21884300,ASII.JK,0.6180991398083624
2018-09-12,7175.0,7275.0,7125.0,7125.0,4403.95556640625,27126400,ASII.JK,0.6180990268640351
2018-09-13,7275.0,7275.0,7000.0,7075.0,4373.05078125,22644700,ASII.JK,0.6180990503533569
2018-09-14,7075.0,7225.0,7050.0,7225.0,4465.76513671875,17697900,ASII.JK,0.6180989808607267
2018-09-17,7125.0,7125.0,6950.0,6950.0,4295.78955078125,15380700,ASII.JK,0.6180992159397481
2018-09-18,6925.0,7125.0,6875.0,7025.0,4342.14599609375,31839500,ASII.JK,0.6180990741770462
2018-09-19,7100.0,7400.0,7100.0,7400.0,4573.93359375,28048600,ASII.JK,0.6180991342905405
2018-09-20,7400.0,7575.0,7325.0,7500.0,4635.7431640625,37420600,ASII.JK,0.6180990885416666
2018-09-21,7475.0,7475.0,7225.0,7250.0,4481.21826171875,48533000,ASII.JK,0.6180990705818965
2018-09-24,7200.0,7225.0,7075.0,7125.0,4403.95556640625,24764900,ASII.JK,0.6180990268640351
2018-09-25,7100.0,7200.0,7075.0,7200.0,4450.3125,14404300,ASII.JK,0.6180989583333333
2018-09-26,7200.0,7425.0,7200.0,7350.0,4543.02783203125,25803300,ASII.JK,0.6180990247661564
2018-09-27,7225.0,7375.0,7200.0,7375.0,4558.47998046875,29349300,ASII.JK,0.6180989804025424
2018-09-28,7275.0,7450.0,7275.0,7350.0,4543.02783203125,31995300,ASII.JK,0.6180990247661564
2018-10-01,7225.0,7475.0,7225.0,7325.0,4527.57568359375,14131300,ASII.JK,0.6180990694325939
2018-10-02,7450.0,7450.0,7125.0,7200.0,4450.3125,19915100,ASII.JK,0.6180989583333333
2018-10-03,7250.0,7275.0,7175.0,7200.0,4450.3125,16575900,ASII.JK,0.6180989583333333
2018-10-04,7125.0,7150.0,7025.0,7075.0,4373.05078125,19705600,ASII.JK,0.6180990503533569
2018-10-05,6975.0,7050.0,6900.0,6950.0,4332.5302734375,25996300,ASII.JK,0.6233856508543165
2018-10-08,6900.0,6975.0,6850.0,6850.0,4270.19287109375,19133100,ASII.JK,0.6233858205976277
2018-10-09,6975.0,7025.0,6850.0,7025.0,4379.28466796875,17361000,ASII.JK,0.6233857178603203
2018-10-10,7000.0,7050.0,6900.0,6950.0,4332.5302734375,17102700,ASII.JK,0.6233856508543165
2018-10-11,6800.0,6825.0,6700.0,6725.0,4192.26904296875,40456500,ASII.JK,0.6233857312964683
2018-10-12,6775.0,6925.0,6775.0,6850.0,4270.19287109375,28756200,ASII.JK,0.6233858205976277
2018-10-15,6850.0,6925.0,6825.0,6850.0,4270.19287109375,18822300,ASII.JK,0.6233858205976277
2018-10-16,6900.0,6975.0,6825.0,6975.0,4348.1162109375,18553300,ASII.JK,0.6233858366935484
2018-10-17,7075.0,7100.0,6975.0,7025.0,4379.28466796875,23333900,ASII.JK,0.6233857178603203
2018-10-18,7025.0,7025.0,6950.0,7025.0,4379.28466796875,12591900,ASII.JK,0.6233857178603203
2018-10-19,7000.0,7350.0,6975.0,7300.0,4550.7158203125,48440500,ASII.JK,0.6233857288099315
2018-10-22,7275.0,7300.0,7200.0,7275.0,4535.13134765625,22418400,ASII.JK,0.6233857522551547
2018-10-23,7200.0,7375.0,7125.0,7350.0,4581.88525390625,38954800,ASII.JK,0.6233857488307823
2018-10-24,7350.0,7450.0,7300.0,7300.0,4550.7158203125,36406600,ASII.JK,0.6233857288099315
2018-10-25,7100.0,7375.0,7100.0,7375.0,4597.46923828125,26522600,ASII.JK,0.6233856594279661
2018-10-26,7375.0,7425.0,7275.0,7425.0,4628.638671875,22297400,ASII.JK,0.6233856797138048
2018-10-29,7475.0,7625.0,7450.0,7500.0,4675.39306640625,50786300,ASII.JK,0.6233857421875
2018-10-30,7500.0,7750.0,7450.0,7700.0,4800.06982421875,39056900,ASII.JK,0.6233856914569805
2018-10-31,7725.0,7900.0,7700.0,7900.0,4924.74658203125,46586400,ASII.JK,0.6233856432950949
2018-11-01,7925.0,8050.0,7900.0,8050.0,5018.25537109375,59367100,ASII.JK,0.6233857603843168
2018-11-02,8150.0,8200.0,8050.0,8175.0,5096.17822265625,58720200,ASII.JK,0.623385715309633
2018-11-05,8150.0,8250.0,8050.0,8250.0,5142.931640625,32945600,ASII.JK,0.6233856534090909
2018-11-06,8250.0,8250.0,7975.0,8100.0,5049.4248046875,40294600,ASII.JK,0.6233857783564815
2018-11-07,8125.0,8325.0,8050.0,8225.0,5127.34814453125,44005500,ASII.JK,0.6233857926481763
2018-11-08,8300.0,8425.0,8150.0,8200.0,5111.76220703125,48031900,ASII.JK,0.623385635003811
2018-11-09,8200.0,8250.0,8100.0,8175.0,5096.17822265625,26391600,ASII.JK,0.623385715309633
2018-11-12,8050.0,8125.0,7875.0,7875.0,4909.16259765625,27601900,ASII.JK,0.6233857266865079
2018-11-13,7850.0,8100.0,7825.0,8000.0,4987.08544921875,40483500,ASII.JK,0.6233856811523437
2018-11-14,8200.0,8300.0,8100.0,8175.0,5096.17822265625,35668500,ASII.JK,0.623385715309633
2018-11-15,8325.0,8525.0,8275.0,8525.0,5314.36376953125,59979400,ASII.JK,0.6233857794171555
2018-11-16,8500.0,8575.0,8400.0,8550.0,5329.947265625,45617600,ASII.JK,0.6233856451023392
2018-11-19,8550.0,8550.0,8400.0,8500.0,5298.77880859375,26364000,ASII.JK,0.6233857421875
2018-11-21,8300.0,8575.0,8275.0,8450.0,5267.60888671875,27715700,ASII.JK,0.6233856670673077
2018-11-22,8250.0,8475.0,8250.0,8450.0,5267.60888671875,21296200,ASII.JK,0.6233856670673077
2018-11-23,8400.0,8425.0,8300.0,8400.0,5236.43994140625,7150800,ASII.JK,0.6233857073102679
2018-11-26,8375.0,8425.0,8325.0,8325.0,5189.68603515625,18712300,ASII.JK,0.6233857099286787
2018-11-27,8225.0,8450.0,8225.0,8400.0,5236.43994140625,21522600,ASII.JK,0.6233857073102679
2018-11-28,8400.0,8400.0,8175.0,8400.0,5236.43994140625,40728200,ASII.JK,0.6233857073102679
2018-11-29,8450.0,8575.0,8400.0,8475.0,5283.19482421875,46667000,ASII.JK,0.6233858199668142
2018-11-30,8575.0,8625.0,8375.0,8550.0,5329.947265625,69165200,ASII.JK,0.6233856451023392
2018-12-03,8700.0,8775.0,8525.0,8600.0,5361.11767578125,44652600,ASII.JK,0.6233857762536337
2018-12-04,8600.0,8600.0,8425.0,8525.0,5314.36376953125,50127600,ASII.JK,0.6233857794171555
2018-12-05,8400.0,8475.0,8250.0,8325.0,5189.68603515625,28909900,ASII.JK,0.6233857099286787
2018-12-06,8200.0,8250.0,8050.0,8100.0,5049.4248046875,55894200,ASII.JK,0.6233857783564815
2018-12-07,8100.0,8275.0,8075.0,8225.0,5127.34814453125,58677800,ASII.JK,0.6233857926481763
2018-12-10,8075.0,8175.0,8050.0,8150.0,5080.59326171875,23912000,ASII.JK,0.6233856762845092
2018-12-11,8150.0,8250.0,8150.0,8150.0,5080.59326171875,34673200,ASII.JK,0.6233856762845092
2018-12-12,8275.0,8275.0,8200.0,8250.0,5142.931640625,23533500,ASII.JK,0.6233856534090909
2018-12-13,8300.0,8625.0,8275.0,8450.0,5267.60888671875,57420600,ASII.JK,0.6233856670673077
2018-12-14,8500.0,8500.0,8400.0,8450.0,5267.60888671875,36739100,ASII.JK,0.6233856670673077
2018-12-17,8450.0,8450.0,8250.0,8300.0,5174.1015625,37179000,ASII.JK,0.6233857304216868
2018-12-18,8200.0,8375.0,8200.0,8375.0,5220.85498046875,27136700,ASII.JK,0.6233856693097015
2018-12-19,8350.0,8450.0,8325.0,8425.0,5252.02490234375,29886700,ASII.JK,0.6233857450853115
2018-12-20,8325.0,8525.0,8325.0,8475.0,5283.19482421875,24652800,ASII.JK,0.6233858199668142
2018-12-21,8450.0,8450.0,8300.0,8425.0,5252.02490234375,31157200,ASII.JK,0.6233857450853115
2018-12-26,8250.0,8300.0,8125.0,8125.0,5065.0087890625,19355100,ASII.JK,0.6233856971153846
2018-12-27,8300.0,8325.0,8175.0,8225.0,5127.34814453125,25748300,ASII.JK,0.6233857926481763
2018-12-28,8275.0,8400.0,8225.0,8225.0,5127.34814453125,24480400,ASII.JK,0.6233857926481763
2019-01-02,8200.0,8275.0,8125.0,8200.0,5111.76220703125,14014100,ASII.JK,0.623385635003811
2019-01-03,8100.0,8400.0,8100.0,8375.0,5220.85498046875,25148400,ASII.JK,0.6233856693097015
2019-01-04,8400.0,8450.0,8200.0,8350.0,5205.2705078125,32475900,ASII.JK,0.6233856895583832
2019-01-07,8450.0,8475.0,8150.0,8150.0,5080.59326171875,32649700,ASII.JK,0.6233856762845092
2019-01-08,8150.0,8225.0,8125.0,8175.0,5096.17822265625,29130800,ASII.JK,0.623385715309633
2019-01-09,8225.0,8275.0,8150.0,8200.0,5111.76220703125,42977800,ASII.JK,0.623385635003811
2019-01-10,8175.0,8200.0,7950.0,8200.0,5111.76220703125,76803900,ASII.JK,0.623385635003811
2019-01-11,8300.0,8300.0,8225.0,8300.0,5174.1015625,32212200,ASII.JK,0.6233857304216868
2019-01-14,8225.0,8225.0,8050.0,8150.0,5080.59326171875,40449800,ASII.JK,0.6233856762845092
2019-01-15,8150.0,8150.0,8050.0,8150.0,5080.59326171875,56524700,ASII.JK,0.6233856762845092
2019-01-16,8175.0,8250.0,8125.0,8250.0,5142.931640625,33593600,ASII.JK,0.6233856534090909
2019-01-17,8250.0,8325.0,8200.0,8275.0,5158.5166015625,38888100,ASII.JK,0.623385692031722
2019-01-18,8300.0,8475.0,8275.0,8475.0,5283.19482421875,45180500,ASII.JK,0.6233858199668142
2019-01-21,8475.0,8550.0,8300.0,8325.0,5189.68603515625,39949600,ASII.JK,0.6233857099286787
2019-01-22,8375.0,8375.0,8150.0,8200.0,5111.76220703125,33129500,ASII.JK,0.623385635003811
2019-01-23,8200.0,8275.0,8175.0,8175.0,5096.17822265625,26554900,ASII.JK,0.623385715309633
2019-01-24,8225.0,8450.0,8225.0,8425.0,5252.02490234375,56764700,ASII.JK,0.6233857450853115
2019-01-25,8475.0,8475.0,8275.0,8425.0,5252.02490234375,27967500,ASII.JK,0.6233857450853115
2019-01-28,8450.0,8450.0,8275.0,8375.0,5220.85498046875,25672700,ASII.JK,0.6233856693097015
2019-01-29,8375.0,8400.0,8275.0,8375.0,5220.85498046875,34675500,ASII.JK,0.6233856693097015
2019-01-30,8275.0,8375.0,8225.0,8350.0,5205.2705078125,40835000,ASII.JK,0.6233856895583832
2019-01-31,8375.0,8450.0,8325.0,8450.0,5267.60888671875,49304900,ASII.JK,0.6233856670673077
2019-02-01,8475.0,8500.0,8350.0,8450.0,5267.60888671875,23915300,ASII.JK,0.6233856670673077
2019-02-04,8450.0,8475.0,8175.0,8200.0,5111.76220703125,27634200,ASII.JK,0.623385635003811
2019-02-06,8275.0,8350.0,8225.0,8225.0,5127.34814453125,28617900,ASII.JK,0.6233857926481763
2019-02-07,8225.0,8275.0,8150.0,8200.0,5111.76220703125,27500100,ASII.JK,0.623385635003811
2019-02-08,8150.0,8225.0,8100.0,8150.0,5080.59326171875,36834100,ASII.JK,0.6233856762845092
2019-02-11,8125.0,8150.0,8000.0,8000.0,4987.08544921875,34439900,ASII.JK,0.6233856811523437
2019-02-12,8000.0,8000.0,7650.0,7650.0,4768.90087890625,84655500,ASII.JK,0.6233857358047385
2019-02-13,7700.0,7775.0,7550.0,7675.0,4784.48583984375,60065900,ASII.JK,0.6233857771783388
2019-02-14,7775.0,7775.0,7550.0,7600.0,4737.7314453125,37462300,ASII.JK,0.6233857164884868
2019-02-15,7650.0,7650.0,7525.0,7600.0,4737.7314453125,51353000,ASII.JK,0.6233857164884868
2019-02-18,7725.0,7925.0,7700.0,7875.0,4909.16259765625,39041200,ASII.JK,0.6233857266865079
2019-02-19,7800.0,7875.0,7725.0,7775.0,4846.82470703125,24292900,ASII.JK,0.623385814409164
2019-02-20,7850.0,7875.0,7625.0,7775.0,4846.82470703125,46538800,ASII.JK,0.623385814409164
2019-02-21,7700.0,7725.0,7650.0,7700.0,4800.06982421875,41248700,ASII.JK,0.6233856914569805
2019-02-22,7650.0,7700.0,7575.0,7625.0,4753.31640625,32076500,ASII.JK,0.6233857581967213
2019-02-25,7625.0,7800.0,7575.0,7650.0,4768.90087890625,34983600,ASII.JK,0.6233857358047385
2019-02-26,7625.0,7675.0,7600.0,7600.0,4737.7314453125,29923400,ASII.JK,0.6233857164884868
2019-02-27,7650.0,7650.0,7525.0,7600.0,4737.7314453125,38903200,ASII.JK,0.6233857164884868
2019-02-28,7550.0,7550.0,7150.0,7150.0,4457.2080078125,119005400,ASII.JK,0.6233857353583916
2019-03-01,7250.0,7400.0,7225.0,7225.0,4503.9619140625,56265500,ASII.JK,0.623385732050173
2019-03-04,7200.0,7275.0,7150.0,7150.0,4457.2080078125,31484700,ASII.JK,0.6233857353583916
2019-03-05,7125.0,7375.0,7025.0,7300.0,4550.7158203125,60708500,ASII.JK,0.6233857288099315
2019-03-06,7400.0,7400.0,7275.0,7325.0,4566.30029296875,35643300,ASII.JK,0.623385705524744
2019-03-08,7200.0,7225.0,7150.0,7150.0,4457.2080078125,86989800,ASII.JK,0.6233857353583916
2019-03-11,7300.0,7300.0,7175.0,7225.0,4503.9619140625,33829300,ASII.JK,0.623385732050173
2019-03-12,7250.0,7350.0,7175.0,7175.0,4472.79248046875,36724200,ASII.JK,0.6233857115635888
2019-03-13,7100.0,7150.0,7100.0,7125.0,4441.623046875,35882400,ASII.JK,0.6233856907894737
2019-03-14,7125.0,7250.0,7125.0,7200.0,4488.37744140625,29057900,ASII.JK,0.6233857557508681
2019-03-15,7200.0,7375.0,7200.0,7325.0,4566.30029296875,39356200,ASII.JK,0.623385705524744
2019-03-18,7300.0,7375.0,7275.0,7325.0,4566.30029296875,32558100,ASII.JK,0.623385705524744
2019-03-19,7300.0,7325.0,7225.0,7275.0,4535.13134765625,40585700,ASII.JK,0.6233857522551547
2019-03-20,7300.0,7350.0,7225.0,7275.0,4535.13134765625,30377700,ASII.JK,0.6233857522551547
2019-03-21,7300.0,7325.0,7225.0,7250.0,4519.54638671875,31066900,ASII.JK,0.6233857085129311
2019-03-22,7275.0,7300.0,7225.0,7225.0,4503.9619140625,13387300,ASII.JK,0.623385732050173
2019-03-25,7175.0,7175.0,7000.0,7050.0,4394.86962890625,51758500,ASII.JK,0.6233857629654256
2019-03-26,7100.0,7175.0,7075.0,7100.0,4426.03857421875,23711700,ASII.JK,0.6233857146786972
2019-03-27,7175.0,7200.0,7100.0,7175.0,4472.79248046875,12546100,ASII.JK,0.6233857115635888
2019-03-28,7150.0,7150.0,7050.0,7100.0,4426.03857421875,17584700,ASII.JK,0.6233857146786972
2019-03-29,7100.0,7300.0,7100.0,7300.0,4550.7158203125,30122900,ASII.JK,0.6233857288099315
2019-04-01,7375.0,7400.0,7275.0,7350.0,4581.88525390625,13152600,ASII.JK,0.6233857488307823
2019-04-02,7325.0,7450.0,7300.0,7425.0,4628.638671875,28647700,ASII.JK,0.6233856797138048
2019-04-04,7500.0,7625.0,7500.0,7550.0,4706.56298828125,38598100,ASII.JK,0.6233858262624172
2019-04-05,7575.0,7650.0,7500.0,7650.0,4768.90087890625,21303800,ASII.JK,0.6233857358047385
2019-04-08,7600.0,7625.0,7375.0,7525.0,4690.97705078125,23973800,ASII.JK,0.6233856545888704
2019-04-09,7475.0,7700.0,7475.0,7675.0,4784.48583984375,31230600,ASII.JK,0.6233857771783388
2019-04-10,7725.0,7725.0,7625.0,7650.0,4768.90087890625,18506200,ASII.JK,0.6233857358047385
2019-04-11,7675.0,7675.0,7475.0,7525.0,4690.97705078125,17082800,ASII.JK,0.6233856545888704
2019-04-12,7450.0,7575.0,7450.0,7525.0,4690.97705078125,12332300,ASII.JK,0.6233856545888704
2019-04-15,7575.0,7625.0,7475.0,7600.0,4737.7314453125,30002000,ASII.JK,0.6233857164884868
2019-04-16,7550.0,7800.0,7550.0,7750.0,4831.2392578125,37600500,ASII.JK,0.6233857106854839
2019-04-18,7925.0,8025.0,7775.0,7850.0,4893.578125,88459900,ASII.JK,0.6233857484076433
2019-04-22,7850.0,7850.0,7500.0,7525.0,4690.97705078125,33999600,ASII.JK,0.6233856545888704
2019-04-23,7625.0,7675.0,7550.0,7650.0,4768.90087890625,30486900,ASII.JK,0.6233857358047385
2019-04-24,7625.0,7675.0,7600.0,7650.0,4768.90087890625,22044600,ASII.JK,0.6233857358047385
2019-04-25,7550.0,7600.0,7400.0,7550.0,4706.56298828125,34998300,ASII.JK,0.6233858262624172
2019-04-26,7475.0,7650.0,7475.0,7650.0,4768.90087890625,31531100,ASII.JK,0.6233857358047385
2019-04-29,7525.0,7700.0,7500.0,7600.0,4737.7314453125,33169300,ASII.JK,0.6233857164884868
2019-04-30,7650.0,7675.0,7575.0,7625.0,4753.31640625,29569700,ASII.JK,0.6233857581967213
2019-05-02,7600.0,7675.0,7450.0,7475.0,4659.80810546875,37010600,ASII.JK,0.6233856997282609
2019-05-03,7475.0,7500.0,7400.0,7425.0,4628.638671875,30801100,ASII.JK,0.6233856797138048
2019-05-06,7350.0,7450.0,7300.0,7425.0,4628.638671875,22291100,ASII.JK,0.6233856797138048
2019-05-07,7400.0,7550.0,7375.0,7525.0,4790.41796875,22700800,ASII.JK,0.6366003945182724
2019-05-08,7450.0,7475.0,7375.0,7400.0,4710.84326171875,22454500,ASII.JK,0.6366004407728041
2019-05-09,7325.0,7350.0,7125.0,7150.0,4551.693359375,42585100,ASII.JK,0.6366004698426574
2019-05-10,7200.0,7225.0,7075.0,7175.0,4567.60791015625,37086400,ASII.JK,0.6366004055966898
2019-05-13,7100.0,7150.0,6975.0,7025.0,4472.1181640625,26992400,ASII.JK,0.6366004504003558
2019-05-14,6900.0,7050.0,6825.0,7000.0,4456.203125,47782200,ASII.JK,0.6366004464285714
2019-05-15,7075.0,7075.0,6875.0,6950.0,4424.37255859375,30786000,ASII.JK,0.6366003681429856
2019-05-16,6900.0,6950.0,6725.0,6775.0,4312.9677734375,47245500,ASII.JK,0.6366004093634686
2019-05-17,6900.0,6925.0,6700.0,6700.0,4265.22265625,25102800,ASII.JK,0.6366003964552239
2019-05-20,6650.0,6925.0,6625.0,6900.0,4392.54296875,28865800,ASII.JK,0.6366004302536232
2019-05-21,6925.0,7050.0,6925.0,7000.0,4456.203125,35020100,ASII.JK,0.6366004464285714
2019-05-22,7000.0,7025.0,6850.0,7000.0,4456.203125,22967500,ASII.JK,0.6366004464285714
2019-05-23,7000.0,7125.0,6975.0,7100.0,4519.86328125,26460200,ASII.JK,0.6366004621478873
2019-05-24,7125.0,7200.0,7050.0,7175.0,4567.60791015625,22372000,ASII.JK,0.6366004055966898
2019-05-27,7175.0,7225.0,7100.0,7125.0,4535.77783203125,20859100,ASII.JK,0.6366003974780702
2019-05-28,7200.0,7200.0,7050.0,7075.0,4503.947265625,77066000,ASII.JK,0.6366003202296819
2019-05-29,7075.0,7275.0,7050.0,7200.0,4583.5234375,28805600,ASII.JK,0.6366004774305556
2019-05-31,7250.0,7450.0,7175.0,7450.0,4742.67333984375,46478800,ASII.JK,0.6366004483011745
2019-06-10,7575.0,7700.0,7550.0,7675.0,4885.90869140625,50332200,ASII.JK,0.6366004809649837
2019-06-11,7525.0,7675.0,7450.0,7625.0,4854.07861328125,37387000,ASII.JK,0.6366004738729508
2019-06-12,7500.0,7575.0,7450.0,7500.0,4774.50341796875,27570300,ASII.JK,0.6366004557291667
2019-06-13,7450.0,7525.0,7375.0,7500.0,4774.50341796875,33860400,ASII.JK,0.6366004557291667
2019-06-14,7500.0,7575.0,7400.0,7425.0,4726.7578125,28282900,ASII.JK,0.6366003787878788
2019-06-17,7425.0,7450.0,7375.0,7375.0,4694.927734375,11239700,ASII.JK,0.6366003707627118
2019-06-18,7425.0,7500.0,7400.0,7500.0,4774.50341796875,17393200,ASII.JK,0.6366004557291667
2019-06-20,7575.0,7625.0,7500.0,7600.0,4838.16357421875,26961500,ASII.JK,0.6366004702919408
2019-06-21,7625.0,7625.0,7350.0,7450.0,4742.67333984375,72597200,ASII.JK,0.6366004483011745
2019-06-24,7375.0,7450.0,7300.0,7350.0,4679.013671875,23779400,ASII.JK,0.6366004995748299
2019-06-25,7275.0,7400.0,7275.0,7350.0,4679.013671875,23606900,ASII.JK,0.6366004995748299
2019-06-26,7375.0,7375.0,7225.0,7250.0,4615.35302734375,20215500,ASII.JK,0.6366004175646551
2019-06-27,7250.0,7425.0,7250.0,7375.0,4694.927734375,24916300,ASII.JK,0.6366003707627118
2019-06-28,7400.0,7475.0,7350.0,7450.0,4742.67333984375,22286100,ASII.JK,0.6366004483011745
2019-07-01,7475.0,7500.0,7300.0,7375.0,4694.927734375,28466100,ASII.JK,0.6366003707627118
2019-07-02,7400.0,7400.0,7250.0,7300.0,4647.18310546875,30466600,ASII.JK,0.636600425406678
2019-07-03,7275.0,7350.0,7225.0,7275.0,4631.2685546875,30525700,ASII.JK,0.6366004886168385
2019-07-04,7300.0,7300.0,7200.0,7250.0,4615.35302734375,25196500,ASII.JK,0.6366004175646551
2019-07-05,7200.0,7250.0,7150.0,7150.0,4551.693359375,17084700,ASII.JK,0.6366004698426574
2019-07-08,7225.0,7325.0,7175.0,7300.0,4647.18310546875,20878100,ASII.JK,0.636600425406678
2019-07-09,7325.0,7325.0,7225.0,7275.0,4631.2685546875,21689700,ASII.JK,0.6366004886168385
2019-07-10,7325.0,7450.0,7300.0,7450.0,4742.67333984375,39466400,ASII.JK,0.6366004483011745
2019-07-11,7475.0,7525.0,7425.0,7525.0,4790.41796875,33821300,ASII.JK,0.6366003945182724
2019-07-12,7500.0,7500.0,7400.0,7450.0,4742.67333984375,31711400,ASII.JK,0.6366004483011745
2019-07-15,7500.0,7500.0,7400.0,7425.0,4726.7578125,26628700,ASII.JK,0.6366003787878788
2019-07-16,7450.0,7475.0,7400.0,7450.0,4742.67333984375,18188000,ASII.JK,0.6366004483011745
2019-07-17,7400.0,7400.0,7100.0,7100.0,4519.86328125,56668400,ASII.JK,0.6366004621478873
2019-07-18,7100.0,7200.0,7075.0,7150.0,4551.693359375,22334900,ASII.JK,0.6366004698426574
2019-07-19,7175.0,7200.0,7075.0,7100.0,4519.86328125,28008400,ASII.JK,0.6366004621478873
2019-07-22,7100.0,7150.0,7050.0,7100.0,4519.86328125,18040600,ASII.JK,0.6366004621478873
2019-07-23,7150.0,7200.0,7125.0,7150.0,4551.693359375,25156100,ASII.JK,0.6366004698426574
2019-07-24,7225.0,7250.0,7175.0,7175.0,4567.60791015625,25597700,ASII.JK,0.6366004055966898
2019-07-25,7225.0,7300.0,7175.0,7300.0,4647.18310546875,35643500,ASII.JK,0.636600425406678
2019-07-26,7175.0,7175.0,7075.0,7075.0,4503.947265625,26627900,ASII.JK,0.6366003202296819
2019-07-29,7075.0,7175.0,7050.0,7175.0,4567.60791015625,18841000,ASII.JK,0.6366004055966898
2019-07-30,7175.0,7275.0,7175.0,7275.0,4631.2685546875,30765800,ASII.JK,0.6366004886168385
2019-07-31,7150.0,7200.0,7000.0,7000.0,4456.203125,61515300,ASII.JK,0.6366004464285714
2019-08-01,7000.0,7075.0,6975.0,7025.0,4472.1181640625,37270900,ASII.JK,0.6366004504003558
2019-08-02,6950.0,7100.0,6950.0,7075.0,4503.947265625,40942800,ASII.JK,0.6366003202296819
2019-08-05,6975.0,7025.0,6900.0,6925.0,4408.45849609375,44819000,ASII.JK,0.636600504851083
2019-08-06,6800.0,6900.0,6750.0,6750.0,4297.05419921875,55429900,ASII.JK,0.6366006221064815
2019-08-07,6750.0,6850.0,6725.0,6725.0,4281.13818359375,31631500,ASII.JK,0.6366004733968401
2019-08-08,6750.0,6950.0,6750.0,6900.0,4392.54296875,31521500,ASII.JK,0.6366004302536232
2019-08-09,6900.0,6950.0,6775.0,6775.0,4312.9677734375,22712900,ASII.JK,0.6366004093634686
2019-08-12,6850.0,6850.0,6725.0,6750.0,4297.05419921875,17186100,ASII.JK,0.6366006221064815
2019-08-13,6750.0,6750.0,6600.0,6675.0,4249.30810546875,34123600,ASII.JK,0.636600465238764
2019-08-14,6725.0,6750.0,6600.0,6675.0,4249.30810546875,36012100,ASII.JK,0.636600465238764
2019-08-15,6600.0,6625.0,6500.0,6525.0,4153.81787109375,36960700,ASII.JK,0.6366004400143678
2019-08-16,6575.0,6600.0,6500.0,6500.0,4137.90380859375,24416100,ASII.JK,0.6366005859375
2019-08-19,6600.0,6600.0,6425.0,6425.0,4090.15673828125,31718800,ASII.JK,0.6366002705496109
2019-08-20,6475.0,6500.0,6375.0,6425.0,4090.15673828125,29465900,ASII.JK,0.6366002705496109
2019-08-21,6425.0,6500.0,6350.0,6350.0,4042.4130859375,21306900,ASII.JK,0.6366004859744094
2019-08-22,6375.0,6400.0,6250.0,6325.0,4026.49755859375,53070300,ASII.JK,0.636600404520751
2019-08-23,6350.0,6575.0,6275.0,6575.0,4185.64697265625,35340800,ASII.JK,0.6366003000237642
2019-08-26,6475.0,6650.0,6425.0,6575.0,4185.64697265625,24275700,ASII.JK,0.6366003000237642
2019-08-27,6625.0,6625.0,6500.0,6525.0,4153.81787109375,79684000,ASII.JK,0.6366004400143678
2019-08-28,6525.0,6575.0,6425.0,6450.0,4106.0732421875,28499000,ASII.JK,0.6366005026647287
2019-08-29,6475.0,6500.0,6425.0,6425.0,4090.15673828125,18028100,ASII.JK,0.6366002705496109
2019-08-30,6500.0,6750.0,6475.0,6675.0,4249.30810546875,53158400,ASII.JK,0.636600465238764
2019-09-02,6725.0,6725.0,6550.0,6550.0,4169.7333984375,18009100,ASII.JK,0.6366005188454198
2019-09-03,6600.0,6600.0,6400.0,6475.0,4121.98828125,26812500,ASII.JK,0.6366005067567567
2019-09-04,6475.0,6500.0,6375.0,6500.0,4137.90380859375,25562700,ASII.JK,0.6366005859375
2019-09-05,6575.0,6700.0,6525.0,6700.0,4265.22265625,26551900,ASII.JK,0.6366003964552239
2019-09-06,6725.0,6750.0,6650.0,6750.0,4297.05419921875,21425300,ASII.JK,0.6366006221064815
2019-09-09,6750.0,6750.0,6625.0,6650.0,4233.392578125,21619600,ASII.JK,0.6366003876879699
2019-09-10,6675.0,6725.0,6600.0,6675.0,4249.30810546875,20241600,ASII.JK,0.636600465238764
2019-09-11,6700.0,6925.0,6675.0,6925.0,4408.45849609375,29449700,ASII.JK,0.636600504851083
2019-09-12,6900.0,6925.0,6750.0,6750.0,4297.05419921875,18842400,ASII.JK,0.6366006221064815
2019-09-13,6850.0,6875.0,6725.0,6750.0,4297.05419921875,13398000,ASII.JK,0.6366006221064815
2019-09-16,6750.0,6775.0,6575.0,6700.0,4265.22265625,25529200,ASII.JK,0.6366003964552239
2019-09-17,6700.0,6725.0,6475.0,6475.0,4121.98828125,27745300,ASII.JK,0.6366005067567567
2019-09-18,6525.0,6700.0,6500.0,6700.0,4265.22265625,24627700,ASII.JK,0.6366003964552239
2019-09-19,6725.0,6725.0,6575.0,6600.0,4201.56396484375,13478800,ASII.JK,0.6366006007339016
2019-09-20,6575.0,6600.0,6525.0,6575.0,4185.64697265625,45888900,ASII.JK,0.6366003000237642
2019-09-23,6575.0,6625.0,6550.0,6625.0,4217.4775390625,14044900,ASII.JK,0.636600383254717
2019-09-24,6575.0,6625.0,6450.0,6475.0,4121.98828125,29738600,ASII.JK,0.6366005067567567
2019-09-25,6400.0,6500.0,6400.0,6500.0,4137.90380859375,17781500,ASII.JK,0.6366005859375
2019-09-26,6575.0,6700.0,6525.0,6700.0,4265.22265625,37979500,ASII.JK,0.6366003964552239
2019-09-27,6700.0,6700.0,6600.0,6650.0,4233.392578125,9831000,ASII.JK,0.6366003876879699
2019-09-30,6650.0,6675.0,6575.0,6600.0,4201.56396484375,21089600,ASII.JK,0.6366006007339016
2019-10-01,6550.0,6625.0,6550.0,6550.0,4169.7333984375,7452500,ASII.JK,0.6366005188454198
2019-10-02,6500.0,6550.0,6450.0,6450.0,4106.0732421875,11128500,ASII.JK,0.6366005026647287
2019-10-03,6400.0,6500.0,6300.0,6475.0,4121.98828125,20769800,ASII.JK,0.6366005067567567
2019-10-04,6550.0,6550.0,6400.0,6425.0,4090.15673828125,10680600,ASII.JK,0.6366002705496109
2019-10-07,6400.0,6450.0,6300.0,6325.0,4062.539306640625,13250100,ASII.JK,0.6422987046072134
2019-10-08,6325.0,6400.0,6275.0,6350.0,4078.59619140625,25385900,ASII.JK,0.6422986128198819
2019-10-09,6300.0,6350.0,6250.0,6275.0,4030.424560546875,15376200,ASII.JK,0.642298734748506
2019-10-10,6275.0,6350.0,6250.0,6275.0,4030.424560546875,12172600,ASII.JK,0.642298734748506
2019-10-11,6275.0,6475.0,6275.0,6475.0,4158.8837890625,16181100,ASII.JK,0.6422986546814672
2019-10-14,6550.0,6600.0,6375.0,6425.0,4126.76904296875,21236100,ASII.JK,0.6422986837305448
2019-10-15,6400.0,6425.0,6350.0,6400.0,4110.7109375,20590600,ASII.JK,0.642298583984375
2019-10-16,6400.0,6425.0,6300.0,6375.0,4094.653564453125,32586000,ASII.JK,0.6422985983455882
2019-10-17,6350.0,6625.0,6325.0,6625.0,4255.228515625,49979500,ASII.JK,0.6422986438679246
2019-10-18,6650.0,6750.0,6550.0,6700.0,4303.4013671875,38012800,ASII.JK,0.6422987115205224
2019-10-21,6700.0,6750.0,6600.0,6725.0,4319.45849609375,12245000,ASII.JK,0.6422986611291821
2019-10-22,6750.0,6750.0,6550.0,6750.0,4335.51611328125,32099000,ASII.JK,0.642298683449074
2019-10-23,6700.0,6775.0,6650.0,6750.0,4335.51611328125,28015600,ASII.JK,0.642298683449074
2019-10-24,6800.0,6975.0,6750.0,6950.0,4463.97607421875,44294700,ASII.JK,0.642298715714928
2019-10-25,6950.0,6975.0,6775.0,6800.0,4367.63134765625,25245600,ASII.JK,0.6422987275965073
2019-10-28,6800.0,6900.0,6775.0,6900.0,4431.8603515625,12206400,ASII.JK,0.6422986016757246
2019-10-29,6875.0,6975.0,6875.0,6975.0,4480.033203125,32681600,ASII.JK,0.6422986671146953
2019-10-30,7000.0,7000.0,6875.0,6950.0,4463.97607421875,22319800,ASII.JK,0.642298715714928
2019-10-31,6950.0,6975.0,6825.0,6950.0,4463.97607421875,26502100,ASII.JK,0.642298715714928
2019-11-01,6975.0,6975.0,6725.0,6800.0,4367.63134765625,17213000,ASII.JK,0.6422987275965073
2019-11-04,6800.0,6825.0,6700.0,6700.0,4303.4013671875,19339100,ASII.JK,0.6422987115205224
2019-11-05,6775.0,6950.0,6750.0,6900.0,4431.8603515625,42041800,ASII.JK,0.6422986016757246
2019-11-06,6975.0,6975.0,6825.0,6850.0,4399.74560546875,29565500,ASII.JK,0.642298628535584
2019-11-07,6925.0,6925.0,6650.0,6725.0,4319.45849609375,29891900,ASII.JK,0.6422986611291821
2019-11-08,6700.0,6700.0,6550.0,6625.0,4255.228515625,34878600,ASII.JK,0.6422986438679246
2019-11-11,6650.0,6650.0,6550.0,6650.0,4271.28564453125,19373700,ASII.JK,0.642298593162594
2019-11-12,6650.0,6800.0,6550.0,6775.0,4351.5732421875,29633100,ASII.JK,0.6422986335332104
2019-11-13,6775.0,6775.0,6675.0,6725.0,4319.45849609375,20566300,ASII.JK,0.6422986611291821
2019-11-14,6675.0,6700.0,6550.0,6575.0,4223.11376953125,18695900,ASII.JK,0.6422986721720533
2019-11-15,6650.0,6650.0,6475.0,6525.0,4190.99951171875,30343300,ASII.JK,0.6422987757423372
2019-11-18,6525.0,6600.0,6525.0,6600.0,4239.1708984375,27729100,ASII.JK,0.6422986209753788
2019-11-19,6650.0,6700.0,6575.0,6650.0,4271.28564453125,18139800,ASII.JK,0.642298593162594
2019-11-20,6600.0,6675.0,6550.0,6625.0,4255.228515625,24083000,ASII.JK,0.6422986438679246
2019-11-21,6550.0,6650.0,6525.0,6600.0,4239.1708984375,19675100,ASII.JK,0.6422986209753788
2019-11-22,6600.0,6650.0,6575.0,6625.0,4255.228515625,23600000,ASII.JK,0.6422986438679246
2019-11-25,6600.0,6600.0,6475.0,6500.0,4174.94091796875,24848800,ASII.JK,0.6422986027644231
2019-11-26,6575.0,6575.0,6350.0,6350.0,4078.59619140625,79166300,ASII.JK,0.6422986128198819
2019-11-27,6400.0,6475.0,6350.0,6425.0,4126.76904296875,37566700,ASII.JK,0.6422986837305448
2019-11-28,6425.0,6425.0,6350.0,6400.0,4110.7109375,17353400,ASII.JK,0.642298583984375
2019-11-29,6400.0,6575.0,6375.0,6500.0,4174.94091796875,33440400,ASII.JK,0.6422986027644231
2019-12-02,6500.0,6650.0,6500.0,6650.0,4271.28564453125,22114700,ASII.JK,0.642298593162594
2019-12-03,6650.0,6675.0,6525.0,6525.0,4190.99951171875,15510600,ASII.JK,0.6422987757423372
2019-12-04,6500.0,6575.0,6475.0,6550.0,4207.0556640625,16154100,ASII.JK,0.6422985746660306
2019-12-05,6600.0,6700.0,6550.0,6700.0,4303.4013671875,26468200,ASII.JK,0.6422987115205224
2019-12-06,6675.0,6775.0,6625.0,6775.0,4351.5732421875,27395100,ASII.JK,0.6422986335332104
2019-12-09,6775.0,6775.0,6625.0,6675.0,4287.34326171875,16336900,ASII.JK,0.6422986159878277
2019-12-10,6625.0,6750.0,6625.0,6650.0,4271.28564453125,19229100,ASII.JK,0.642298593162594
2019-12-11,6675.0,6675.0,6550.0,6550.0,4207.0556640625,22787600,ASII.JK,0.6422985746660306
2019-12-12,6575.0,6600.0,6550.0,6550.0,4207.0556640625,16626700,ASII.JK,0.6422985746660306
2019-12-13,6700.0,6900.0,6700.0,6850.0,4399.74560546875,66943600,ASII.JK,0.642298628535584
2019-12-16,6900.0,7025.0,6875.0,6975.0,4480.033203125,43517600,ASII.JK,0.6422986671146953
2019-12-17,6975.0,7000.0,6875.0,6950.0,4463.97607421875,29835500,ASII.JK,0.642298715714928
2019-12-18,6875.0,6925.0,6750.0,6900.0,4431.8603515625,31614900,ASII.JK,0.6422986016757246
2019-12-19,6875.0,6900.0,6775.0,6850.0,4399.74560546875,17259400,ASII.JK,0.642298628535584
2019-12-20,6850.0,6925.0,6750.0,6925.0,4447.91796875,38886700,ASII.JK,0.6422986236462094
2019-12-23,7000.0,7000.0,6775.0,6900.0,4431.8603515625,23654800,ASII.JK,0.6422986016757246
2019-12-26,6800.0,6950.0,6800.0,6875.0,4415.802734375,18685200,ASII.JK,0.6422985795454546
2019-12-27,6925.0,6925.0,6850.0,6925.0,4447.91796875,13714400,ASII.JK,0.6422986236462094
2019-12-30,6925.0,6950.0,6850.0,6925.0,4447.91796875,25494000,ASII.JK,0.6422986236462094
2020-01-02,6925.0,6925.0,6775.0,6875.0,4415.802734375,15008600,ASII.JK,0.6422985795454546
2020-01-03,6925.0,6950.0,6825.0,6950.0,4463.97607421875,19068800,ASII.JK,0.642298715714928
2020-01-06,6900.0,6900.0,6750.0,6750.0,4335.51611328125,22261900,ASII.JK,0.642298683449074
2020-01-07,6800.0,6825.0,6675.0,6775.0,4351.5732421875,27963000,ASII.JK,0.6422986335332104
2020-01-08,6700.0,6825.0,6700.0,6775.0,4351.5732421875,15150400,ASII.JK,0.6422986335332104
2020-01-09,6800.0,6875.0,6750.0,6875.0,4415.802734375,19691200,ASII.JK,0.6422985795454546
2020-01-10,6900.0,6925.0,6825.0,6825.0,4383.6884765625,17687600,ASII.JK,0.6422986778846154
2020-01-13,6850.0,6925.0,6825.0,6925.0,4447.91796875,29585200,ASII.JK,0.6422986236462094
2020-01-14,6975.0,7175.0,6925.0,7175.0,4608.4931640625,41214400,ASII.JK,0.6422986988240418
2020-01-15,7150.0,7250.0,7025.0,7200.0,4624.55029296875,38535100,ASII.JK,0.6422986518012153
2020-01-16,7125.0,7200.0,7075.0,7125.0,4576.37841796875,38504400,ASII.JK,0.6422987253289474
2020-01-17,7075.0,7150.0,7000.0,7075.0,4544.26318359375,26714800,ASII.JK,0.642298683193463
2020-01-20,7100.0,7125.0,6975.0,7000.0,4496.09130859375,22389100,ASII.JK,0.6422987583705357
2020-01-21,7025.0,7025.0,6925.0,7025.0,4512.14892578125,12520300,ASII.JK,0.6422987794706406
2020-01-22,7025.0,7075.0,6975.0,7000.0,4496.09130859375,20100300,ASII.JK,0.6422987583705357
2020-01-23,7050.0,7100.0,7000.0,7050.0,4528.2060546875,18020200,ASII.JK,0.6422987311613475
2020-01-24,7000.0,7050.0,6975.0,6975.0,4480.033203125,13710000,ASII.JK,0.6422986671146953
2020-01-27,6975.0,6975.0,6700.0,6725.0,4319.45849609375,17470800,ASII.JK,0.6422986611291821
2020-01-28,6675.0,6825.0,6650.0,6825.0,4383.6884765625,23466100,ASII.JK,0.6422986778846154
2020-01-29,6850.0,6850.0,6750.0,6825.0,4383.6884765625,12646100,ASII.JK,0.6422986778846154
2020-01-30,6775.0,6800.0,6625.0,6625.0,4255.228515625,25324800,ASII.JK,0.6422986438679246
2020-01-31,6650.0,6675.0,6350.0,6350.0,4078.59619140625,66460400,ASII.JK,0.6422986128198819
2020-02-03,6275.0,6425.0,6250.0,6275.0,4030.424560546875,34538400,ASII.JK,0.642298734748506
2020-02-04,6350.0,6450.0,6300.0,6400.0,4110.7109375,46272800,ASII.JK,0.642298583984375
2020-02-05,6450.0,6500.0,6300.0,6400.0,4110.7109375,32227100,ASII.JK,0.642298583984375
2020-02-06,6500.0,6525.0,6425.0,6500.0,4174.94091796875,26015800,ASII.JK,0.6422986027644231
2020-02-07,6550.0,6550.0,6400.0,6400.0,4110.7109375,13918700,ASII.JK,0.642298583984375
2020-02-10,6400.0,6400.0,6175.0,6200.0,3982.25146484375,45366900,ASII.JK,0.6422986233618951
2020-02-11,6300.0,6300.0,6050.0,6100.0,3918.021728515625,54325000,ASII.JK,0.6422986440189549
2020-02-12,6075.0,6100.0,5925.0,5975.0,3837.735107421875,51100700,ASII.JK,0.642298762748431
2020-02-13,5975.0,6025.0,5925.0,5950.0,3821.677490234375,33021700,ASII.JK,0.6422987378545169
2020-02-14,5975.0,6100.0,5925.0,6100.0,3918.021728515625,60901000,ASII.JK,0.6422986440189549
2020-02-17,6150.0,6175.0,6050.0,6100.0,3918.021728515625,16567600,ASII.JK,0.6422986440189549
2020-02-18,6050.0,6200.0,6050.0,6100.0,3918.021728515625,27960300,ASII.JK,0.6422986440189549
2020-02-19,6175.0,6250.0,6150.0,6250.0,4014.366943359375,35186100,ASII.JK,0.6422987109375
2020-02-20,6275.0,6275.0,6125.0,6275.0,4030.424560546875,37995400,ASII.JK,0.642298734748506
2020-02-21,6275.0,6300.0,6150.0,6200.0,3982.25146484375,33804700,ASII.JK,0.6422986233618951
2020-02-24,6050.0,6150.0,6025.0,6100.0,3918.021728515625,34190600,ASII.JK,0.6422986440189549
2020-02-25,6000.0,6275.0,5975.0,6225.0,3998.31005859375,40723200,ASII.JK,0.6422988045933735
2020-02-26,6100.0,6150.0,6050.0,6050.0,3885.9072265625,34453700,ASII.JK,0.6422987151342975
2020-02-27,6100.0,6100.0,5950.0,5950.0,3821.677490234375,44801100,ASII.JK,0.6422987378545169
2020-02-28,5850.0,5850.0,5525.0,5525.0,3548.70068359375,100693900,ASII.JK,0.6422987662613122
2020-03-02,5700.0,5850.0,5625.0,5700.0,3661.102783203125,63765800,ASII.JK,0.6422987338952851
2020-03-03,5850.0,5975.0,5775.0,5900.0,3789.562255859375,53817300,ASII.JK,0.6422986874337924
2020-03-04,5900.0,6025.0,5875.0,5975.0,3837.735107421875,43566600,ASII.JK,0.642298762748431
2020-03-05,6025.0,6050.0,5875.0,6050.0,3885.9072265625,40537300,ASII.JK,0.6422987151342975
2020-03-06,5950.0,5950.0,5675.0,5675.0,3645.044677734375,31282500,ASII.JK,0.6422986216272026
2020-03-09,5500.0,5500.0,5025.0,5025.0,3227.550537109375,87904100,ASII.JK,0.6422986143501244
2020-03-10,5100.0,5325.0,5100.0,5150.0,3307.837646484375,86444600,ASII.JK,0.6422985721328883
2020-03-11,5150.0,5175.0,5050.0,5125.0,3291.7802734375,45134700,ASII.JK,0.6422985899390244
2020-03-12,5000.0,5025.0,4820.0,4910.0,3153.6865234375,64824200,ASII.JK,0.642298680944501
2020-03-16,4770.0,4770.0,4530.0,4590.0,2948.151123046875,55655900,ASII.JK,0.6422987196180555
2020-03-17,4590.0,4600.0,4270.0,4270.0,2742.615478515625,67166600,ASII.JK,0.6422987069123244
2020-03-18,4290.0,4350.0,3980.0,4150.0,2665.5390625,61972000,ASII.JK,0.6422985692771085
2020-03-19,4020.0,4020.0,3860.0,3860.0,2479.27294921875,27066700,ASII.JK,0.6422986915074482
2020-03-20,3890.0,3900.0,3590.0,3780.0,2427.888916015625,141147800,ASII.JK,0.6422986550305886
2020-03-23,3780.0,3780.0,3520.0,3520.0,2260.8916015625,40318500,ASII.JK,0.6422987504438921
2020-03-24,3570.0,3610.0,3280.0,3280.0,2106.739990234375,89502100,ASII.JK,0.6422987775104801
2020-03-26,3220.0,3680.0,3220.0,3620.0,2325.12158203125,180290700,ASII.JK,0.6422987795666436
2020-03-27,3650.0,4360.0,3650.0,4080.0,2620.5791015625,150312000,ASII.JK,0.6422987994025735
2020-03-30,4080.0,4080.0,3800.0,3800.0,2440.734619140625,45490800,ASII.JK,0.642298583984375
2020-03-31,3880.0,3980.0,3740.0,3900.0,2504.964599609375,62534800,ASII.JK,0.6422986152844551
2020-04-01,3880.0,4090.0,3650.0,3770.0,2421.466064453125,78042900,ASII.JK,0.6422986908363727
2020-04-02,3670.0,3930.0,3580.0,3930.0,2524.23388671875,39717300,ASII.JK,0.6422986989106234
2020-04-03,3990.0,4050.0,3860.0,3900.0,2504.964599609375,42577100,ASII.JK,0.6422986152844551
2020-04-06,3920.0,4040.0,3880.0,4030.0,2588.4638671875,71205800,ASII.JK,0.6422987263492556
2020-04-07,4060.0,4250.0,3960.0,4060.0,2607.732666015625,79018000,ASII.JK,0.642298686210745
2020-04-08,4000.0,4030.0,3810.0,3850.0,2472.849609375,55980400,ASII.JK,0.6422985998376624
2020-04-09,3870.0,4120.0,3870.0,4090.0,2627.00146484375,53526100,ASII.JK,0.6422986466610636
2020-04-13,4090.0,4150.0,3920.0,3960.0,2543.502685546875,27520900,ASII.JK,0.6422986579663825
2020-04-14,3960.0,4030.0,3920.0,3960.0,2543.502685546875,64571400,ASII.JK,0.6422986579663825
2020-04-15,4000.0,4000.0,3800.0,3820.0,2453.580810546875,86149800,ASII.JK,0.6422986415044175
2020-04-16,3780.0,3780.0,3620.0,3620.0,2325.12158203125,61494300,ASII.JK,0.6422987795666436
2020-04-17,3680.0,3840.0,3680.0,3800.0,2440.734619140625,78593000,ASII.JK,0.642298583984375
2020-04-20,3800.0,3830.0,3710.0,3720.0,2389.35107421875,50406600,ASII.JK,0.6422986758652554
2020-04-21,3710.0,3740.0,3610.0,3640.0,2337.96728515625,36590700,ASII.JK,0.6422987047132555
2020-04-22,3600.0,3660.0,3450.0,3640.0,2337.96728515625,76750500,ASII.JK,0.6422987047132555
2020-04-23,3700.0,3790.0,3650.0,3760.0,2415.04296875,85068700,ASII.JK,0.6422986619015958
2020-04-24,3760.0,3760.0,3610.0,3630.0,2331.544189453125,49597000,ASII.JK,0.6422986747804752
2020-04-27,3670.0,3760.0,3570.0,3710.0,2382.927978515625,45682200,ASII.JK,0.6422986465001684
2020-04-28,3750.0,3790.0,3630.0,3740.0,2402.197021484375,53532700,ASII.JK,0.6422986688460895
2020-04-29,3770.0,3780.0,3650.0,3690.0,2370.08203125,40557200,ASII.JK,0.6422986534552846
2020-04-30,3750.0,3860.0,3720.0,3850.0,2472.849609375,92257000,ASII.JK,0.6422985998376624
2020-05-04,3750.0,3750.0,3610.0,3610.0,2318.697998046875,71301800,ASII.JK,0.6422986144174169
2020-05-05,3630.0,3660.0,3580.0,3610.0,2318.697998046875,54983300,ASII.JK,0.6422986144174169
2020-05-06,3610.0,3680.0,3580.0,3640.0,2337.96728515625,70425000,ASII.JK,0.6422987047132555
2020-05-08,3690.0,3740.0,3600.0,3740.0,2402.197021484375,63346500,ASII.JK,0.6422986688460895
2020-05-11,3760.0,3920.0,3750.0,3920.0,2517.810791015625,79511800,ASII.JK,0.6422986711774553
2020-05-12,3920.0,3920.0,3780.0,3820.0,2453.580810546875,58347900,ASII.JK,0.6422986415044175
2020-05-13,3820.0,3820.0,3710.0,3730.0,2395.7744140625,44974600,ASII.JK,0.6422987705261394
2020-05-14,3700.0,3710.0,3530.0,3570.0,2293.00634765625,80570900,ASII.JK,0.642298696822479
2020-05-15,3590.0,3720.0,3560.0,3710.0,2382.927978515625,65284900,ASII.JK,0.6422986465001684
2020-05-18,3720.0,3950.0,3710.0,3910.0,2511.3876953125,88368200,ASII.JK,0.6422986433024297
2020-05-19,4000.0,4040.0,3940.0,3950.0,2537.079833984375,77238800,ASII.JK,0.642298692147943
2020-05-20,3950.0,3980.0,3870.0,3970.0,2549.926025390625,38965700,ASII.JK,0.6422987469497796
2020-05-26,3970.0,4360.0,3970.0,4330.0,2781.1533203125,116041900,ASII.JK,0.6422986882938799
2020-05-27,4350.0,4390.0,4220.0,4350.0,2793.9990234375,68841200,ASII.JK,0.6422986260775863
2020-05-28,4370.0,4580.0,4350.0,4540.0,2916.036376953125,86825700,ASII.JK,0.6422987614434196
2020-05-29,4520.0,4770.0,4470.0,4770.0,3063.764404296875,164786500,ASII.JK,0.6422986172530136
2020-06-02,4760.0,4950.0,4630.0,4730.0,3038.07275390625,72425900,ASII.JK,0.6422986794727801
2020-06-03,4750.0,4950.0,4680.0,4890.0,3140.840576171875,76654100,ASII.JK,0.6422986863337168
2020-06-04,4950.0,4960.0,4740.0,4760.0,3057.341552734375,82711000,ASII.JK,0.6422986455324318
2020-06-05,4780.0,5025.0,4670.0,5000.0,3211.4931640625,63578800,ASII.JK,0.6422986328125
2020-06-08,5250.0,5250.0,4990.0,5025.0,3227.550537109375,53808200,ASII.JK,0.6422986143501244
2020-06-09,5100.0,5125.0,4980.0,5000.0,3211.4931640625,43049500,ASII.JK,0.6422986328125
2020-06-10,5025.0,5025.0,4650.0,4850.0,3115.148681640625,39812900,ASII.JK,0.6422986972454897
2020-06-11,4840.0,4840.0,4660.0,4700.0,3018.8037109375,53920100,ASII.JK,0.6422986619015958
2020-06-12,4590.0,4820.0,4400.0,4790.0,3076.611083984375,45837700,ASII.JK,0.6422987649236691
2020-06-15,4800.0,4850.0,4700.0,4740.0,3044.495849609375,42880500,ASII.JK,0.6422987024492353
2020-06-16,4800.0,5000.0,4800.0,4970.0,3192.224365234375,38736700,ASII.JK,0.6422986650370975
2020-06-17,4990.0,5000.0,4910.0,4970.0,3192.224365234375,24744500,ASII.JK,0.6422986650370975
2020-06-18,4970.0,4970.0,4800.0,4800.0,3083.033447265625,40331900,ASII.JK,0.6422986348470052
2020-06-19,4830.0,4910.0,4800.0,4890.0,3140.840576171875,62874800,ASII.JK,0.6422986863337168
2020-06-22,4930.0,4940.0,4850.0,4890.0,3140.840576171875,25097200,ASII.JK,0.6422986863337168
2020-06-23,4890.0,4940.0,4850.0,4900.0,3147.263671875,29490500,ASII.JK,0.6422987085459184
2020-06-24,4920.0,5050.0,4900.0,5000.0,3211.4931640625,55421700,ASII.JK,0.6422986328125
2020-06-25,4840.0,4920.0,4800.0,4900.0,3249.291748046875,34952700,ASII.JK,0.6631207649075255
2020-06-26,4950.0,4950.0,4900.0,4900.0,3249.291748046875,24019200,ASII.JK,0.6631207649075255
2020-06-29,4900.0,4900.0,4750.0,4800.0,3182.9794921875,29368700,ASII.JK,0.6631207275390625
2020-06-30,4840.0,4880.0,4800.0,4800.0,3182.9794921875,25197000,ASII.JK,0.6631207275390625
2020-07-01,4800.0,4860.0,4770.0,4810.0,3189.6103515625,22586000,ASII.JK,0.663120655210499
2020-07-02,4830.0,4890.0,4810.0,4870.0,3229.39794921875,26575000,ASII.JK,0.6631207287923512
2020-07-03,4880.0,4910.0,4840.0,4850.0,3216.135498046875,20400200,ASII.JK,0.6631207212467783
2020-07-06,4860.0,4900.0,4840.0,4840.0,3209.504150390625,17783800,ASII.JK,0.663120692229468
2020-07-07,4900.0,4910.0,4800.0,4830.0,3202.87353515625,46178600,ASII.JK,0.6631208147321429
2020-07-08,4840.0,4930.0,4770.0,4910.0,3255.9228515625,45246000,ASII.JK,0.6631207436990835
2020-07-09,4930.0,5000.0,4880.0,4900.0,3249.291748046875,33377800,ASII.JK,0.6631207649075255
2020-07-10,4880.0,4920.0,4830.0,4830.0,3202.87353515625,23181700,ASII.JK,0.6631208147321429
2020-07-13,4850.0,4910.0,4850.0,4900.0,3249.291748046875,22481400,ASII.JK,0.6631207649075255
2020-07-14,4900.0,4950.0,4880.0,4950.0,3282.447509765625,22418400,ASII.JK,0.6631207090435606
2020-07-15,4990.0,5200.0,4970.0,5150.0,3415.071044921875,64249400,ASII.JK,0.663120591246966
2020-07-16,5150.0,5350.0,5150.0,5250.0,3481.383056640625,72113500,ASII.JK,0.6631205822172619
2020-07-17,5300.0,5300.0,5200.0,5200.0,3448.227294921875,46235300,ASII.JK,0.6631206336388221
2020-07-20,5200.0,5225.0,5025.0,5100.0,3381.915771484375,24829000,ASII.JK,0.6631207395067402
2020-07-21,5100.0,5450.0,5100.0,5375.0,3564.27392578125,51878900,ASII.JK,0.663120730377907
2020-07-22,5375.0,5400.0,5200.0,5300.0,3514.539794921875,29493500,ASII.JK,0.6631207160229953
2020-07-23,5300.0,5325.0,5125.0,5175.0,3431.64990234375,27787400,ASII.JK,0.663120754076087
2020-07-24,5175.0,5175.0,5000.0,5050.0,3348.759765625,32338100,ASII.JK,0.6631207456683168
2020-07-27,5075.0,5150.0,5025.0,5125.0,3398.493408203125,17645200,ASII.JK,0.6631206650152439
2020-07-28,5175.0,5225.0,5100.0,5175.0,3431.64990234375,30210400,ASII.JK,0.663120754076087
2020-07-29,5175.0,5225.0,5050.0,5075.0,3365.33740234375,32010100,ASII.JK,0.6631206704125616
2020-07-30,5025.0,5225.0,5000.0,5150.0,3415.071044921875,32720500,ASII.JK,0.663120591246966
2020-08-03,5100.0,5150.0,4860.0,4880.0,3236.028564453125,66053200,ASII.JK,0.6631206074699026
2020-08-04,4900.0,4960.0,4900.0,4960.0,3289.078125,32307000,ASII.JK,0.6631205897177419
2020-08-05,4970.0,5100.0,4950.0,5050.0,3348.759765625,22883900,ASII.JK,0.6631207456683168
2020-08-06,5075.0,5225.0,5050.0,5225.0,3464.8056640625,45906700,ASII.JK,0.6631207012559809
2020-08-07,5225.0,5300.0,5100.0,5275.0,3497.9619140625,35036700,ASII.JK,0.6631207420023697
2020-08-10,5275.0,5275.0,5125.0,5125.0,3398.493408203125,30588200,ASII.JK,0.6631206650152439
2020-08-11,5175.0,5250.0,5150.0,5225.0,3464.8056640625,19877700,ASII.JK,0.6631207012559809
2020-08-12,5225.0,5400.0,5175.0,5400.0,3580.85107421875,31304300,ASII.JK,0.6631205692997685
2020-08-13,5450.0,5550.0,5375.0,5400.0,3580.85107421875,36344700,ASII.JK,0.6631205692997685
2020-08-14,5400.0,5450.0,5350.0,5375.0,3564.27392578125,15337700,ASII.JK,0.663120730377907
2020-08-18,5325.0,5450.0,5300.0,5375.0,3564.27392578125,34974800,ASII.JK,0.663120730377907
2020-08-19,5425.0,5425.0,5250.0,5300.0,3514.539794921875,24870200,ASII.JK,0.6631207160229953
2020-08-24,5300.0,5350.0,5250.0,5300.0,3514.539794921875,20000900,ASII.JK,0.6631207160229953
2020-08-25,5325.0,5375.0,5300.0,5300.0,3514.539794921875,27807900,ASII.JK,0.6631207160229953
2020-08-26,5400.0,5400.0,5275.0,5350.0,3547.6953125,29957700,ASII.JK,0.6631206191588785
2020-08-27,5375.0,5400.0,5250.0,5300.0,3514.539794921875,27491500,ASII.JK,0.6631207160229953
2020-08-28,5300.0,5325.0,5275.0,5325.0,3531.11767578125,20347900,ASII.JK,0.6631206902875587
2020-08-31,5325.0,5350.0,5100.0,5100.0,3381.915771484375,42240600,ASII.JK,0.6631207395067402
2020-09-01,5175.0,5250.0,5100.0,5250.0,3481.383056640625,20881000,ASII.JK,0.6631205822172619
2020-09-02,5300.0,5350.0,5200.0,5300.0,3514.539794921875,19074500,ASII.JK,0.6631207160229953
2020-09-03,5350.0,5350.0,5125.0,5175.0,3431.64990234375,38323300,ASII.JK,0.663120754076087
2020-09-04,5100.0,5150.0,5025.0,5050.0,3348.759765625,47966200,ASII.JK,0.6631207456683168
2020-09-07,5050.0,5075.0,4950.0,5025.0,3332.181396484375,37120700,ASII.JK,0.6631206759172885
2020-09-08,5025.0,5125.0,5025.0,5125.0,3398.493408203125,22790200,ASII.JK,0.6631206650152439
2020-09-09,5025.0,5025.0,4900.0,4900.0,3249.291748046875,62626200,ASII.JK,0.6631207649075255
2020-09-10,4560.0,4610.0,4560.0,4560.0,3023.830078125,142910700,ASII.JK,0.6631206311677632
2020-09-11,4350.0,4700.0,4310.0,4630.0,3070.2490234375,76725700,ASII.JK,0.6631207394033477
2020-09-14,4780.0,4830.0,4700.0,4790.0,3176.347900390625,57904800,ASII.JK,0.6631206472631785
2020-09-15,4850.0,4870.0,4770.0,4820.0,3196.241943359375,35809700,ASII.JK,0.6631207351367998
2020-09-16,4850.0,4860.0,4780.0,4780.0,3169.716552734375,21529200,ASII.JK,0.6631206177268567
2020-09-17,4770.0,4880.0,4770.0,4860.0,3222.76611328125,26234600,ASII.JK,0.6631205994405864
2020-09-18,4840.0,4870.0,4760.0,4780.0,3169.716552734375,46011300,ASII.JK,0.6631206177268567
2020-09-21,4790.0,4800.0,4620.0,4670.0,3096.773681640625,23388100,ASII.JK,0.6631207027067719
2020-09-22,4600.0,4740.0,4590.0,4670.0,3096.773681640625,22893300,ASII.JK,0.6631207027067719
2020-09-23,4680.0,4730.0,4590.0,4630.0,3070.2490234375,15696100,ASII.JK,0.6631207394033477
2020-09-24,4620.0,4650.0,4560.0,4600.0,3050.355224609375,24393300,ASII.JK,0.663120701002038
2020-09-25,4610.0,4920.0,4610.0,4860.0,3222.76611328125,40064600,ASII.JK,0.6631205994405864
2020-09-28,4870.0,4910.0,4740.0,4740.0,3143.192626953125,28967600,ASII.JK,0.663120807374077
2020-09-29,4760.0,4800.0,4560.0,4570.0,3030.46142578125,31707100,ASII.JK,0.6631206620965536
2020-09-30,4560.0,4570.0,4450.0,4460.0,2957.518310546875,40490200,ASII.JK,0.6631206974320347
2020-10-01,4490.0,4640.0,4490.0,4610.0,3056.986572265625,32822900,ASII.JK,0.6631207315109816
2020-10-02,4630.0,4640.0,4520.0,4590.0,3043.723876953125,33355000,ASII.JK,0.663120670360158
2020-10-05,4600.0,4630.0,4540.0,4560.0,3023.830078125,20624400,ASII.JK,0.6631206311677632
2020-10-06,4650.0,4660.0,4600.0,4620.0,3063.617431640625,23682500,ASII.JK,0.6631206561992695
2020-10-07,4590.0,4630.0,4560.0,4630.0,3088.297607421875,21814000,ASII.JK,0.6670189216893898
2020-10-08,4640.0,4770.0,4630.0,4750.0,3168.339599609375,32946600,ASII.JK,0.6670188630756579
2020-10-09,4720.0,4760.0,4700.0,4740.0,3161.669677734375,19525000,ASII.JK,0.6670189193532436
2020-10-12,4790.0,4810.0,4700.0,4700.0,3134.989013671875,23749400,ASII.JK,0.6670189390791224
2020-10-13,4700.0,4750.0,4650.0,4740.0,3161.669677734375,25032100,ASII.JK,0.6670189193532436
2020-10-14,4710.0,4860.0,4710.0,4820.0,3215.03125,50174100,ASII.JK,0.6670189315352697
2020-10-15,4820.0,4820.0,4740.0,4740.0,3161.669677734375,29382300,ASII.JK,0.6670189193532436
2020-10-16,4740.0,4930.0,4700.0,4930.0,3288.40283203125,37775400,ASII.JK,0.6670188300266228
2020-10-19,4930.0,5075.0,4880.0,5000.0,3335.094482421875,38057900,ASII.JK,0.667018896484375
2020-10-20,4990.0,5175.0,4960.0,5175.0,3451.82275390625,68915600,ASII.JK,0.6670188896437198
2020-10-21,5200.0,5250.0,5175.0,5250.0,3501.848388671875,52567200,ASII.JK,0.6670187406994048
2020-10-22,5200.0,5275.0,5200.0,5250.0,3501.848388671875,75883000,ASII.JK,0.6670187406994048
2020-10-23,5300.0,5400.0,5250.0,5400.0,3601.9013671875,46040700,ASII.JK,0.6670187717013889
2020-10-26,5400.0,5450.0,5300.0,5400.0,3601.9013671875,33055000,ASII.JK,0.6670187717013889
2020-10-27,5300.0,5500.0,5300.0,5425.0,3618.5771484375,45393900,ASII.JK,0.6670188292050692
2020-11-02,5325.0,5425.0,5275.0,5400.0,3601.9013671875,48772200,ASII.JK,0.6670187717013889
2020-11-03,5450.0,5500.0,5425.0,5500.0,3668.603515625,44789800,ASII.JK,0.6670188210227272
2020-11-04,5475.0,5500.0,5350.0,5400.0,3601.9013671875,22433700,ASII.JK,0.6670187717013889
2020-11-05,5500.0,5550.0,5425.0,5500.0,3668.603515625,25384200,ASII.JK,0.6670188210227272
2020-11-06,5525.0,5875.0,5525.0,5825.0,3885.385498046875,62036900,ASII.JK,0.6670189696217811
2020-11-09,5800.0,5850.0,5600.0,5600.0,3735.305908203125,53921900,ASII.JK,0.6670189121791295
2020-11-10,5775.0,5850.0,5700.0,5750.0,3835.35791015625,60062700,ASII.JK,0.6670187669836957
2020-11-11,5850.0,6025.0,5850.0,6000.0,4002.113037109375,56581600,ASII.JK,0.6670188395182292
2020-11-12,5875.0,6025.0,5775.0,6000.0,4002.113037109375,67819100,ASII.JK,0.6670188395182292
2020-11-13,5900.0,5925.0,5850.0,5900.0,3935.411376953125,24090900,ASII.JK,0.6670188774496822
2020-11-16,5925.0,6000.0,5900.0,5925.0,3952.086669921875,62526400,ASII.JK,0.6670188472441984
2020-11-17,5950.0,5975.0,5800.0,5800.0,3868.709716796875,28012800,ASII.JK,0.6670189166891164
2020-11-18,5825.0,5875.0,5750.0,5775.0,3852.033935546875,25384700,ASII.JK,0.6670188632981602
2020-11-19,5750.0,5775.0,5725.0,5725.0,3818.682373046875,35427800,ASII.JK,0.6670187551173581
2020-11-20,5725.0,5825.0,5700.0,5725.0,3818.682373046875,33703300,ASII.JK,0.6670187551173581
2020-11-23,5725.0,5850.0,5725.0,5800.0,3868.709716796875,40933800,ASII.JK,0.6670189166891164
2020-11-24,5875.0,5875.0,5800.0,5800.0,3868.709716796875,33117500,ASII.JK,0.6670189166891164
2020-11-25,5825.0,5875.0,5550.0,5550.0,3701.954345703125,117614100,ASII.JK,0.66701880102759
2020-11-26,5525.0,5675.0,5500.0,5650.0,3768.656982421875,89572000,ASII.JK,0.6670189349419248
2020-11-27,5650.0,5700.0,5525.0,5550.0,3701.954345703125,98376500,ASII.JK,0.66701880102759
2020-11-30,5550.0,5575.0,5200.0,5300.0,3535.199951171875,311402400,ASII.JK,0.6670188587116745
2020-12-01,5425.0,5550.0,5400.0,5550.0,3701.954345703125,119445500,ASII.JK,0.66701880102759
2020-12-02,5600.0,5750.0,5575.0,5725.0,3818.682373046875,94220300,ASII.JK,0.6670187551173581
2020-12-03,5725.0,5750.0,5600.0,5625.0,3751.981201171875,54407800,ASII.JK,0.6670188802083333
2020-12-04,5625.0,5725.0,5550.0,5700.0,3802.007568359375,52405500,ASII.JK,0.6670188716419956
2020-12-07,5800.0,5900.0,5725.0,5850.0,3902.060791015625,92859500,ASII.JK,0.6670189386351496
2020-12-08,5850.0,5875.0,5675.0,5700.0,3802.007568359375,77339200,ASII.JK,0.6670188716419956
2020-12-10,5800.0,5875.0,5750.0,5825.0,3885.385498046875,92988900,ASII.JK,0.6670189696217811
2020-12-11,5825.0,5875.0,5650.0,5675.0,3785.332275390625,53669200,ASII.JK,0.6670189031525331
2020-12-14,5725.0,5750.0,5650.0,5675.0,3785.332275390625,43821600,ASII.JK,0.6670189031525331
2020-12-15,5675.0,5975.0,5650.0,5950.0,3968.762451171875,128853200,ASII.JK,0.6670188993566176
2020-12-16,6000.0,6200.0,6000.0,6125.0,4085.490966796875,98362500,ASII.JK,0.6670189333545918
2020-12-17,6125.0,6200.0,6050.0,6200.0,4135.517578125,76361900,ASII.JK,0.6670189642137097
2020-12-18,6250.0,6275.0,6175.0,6200.0,4135.517578125,81878000,ASII.JK,0.6670189642137097
2020-12-21,6200.0,6225.0,6100.0,6150.0,4102.16650390625,54800500,ASII.JK,0.6670189437245935
2020-12-22,6100.0,6250.0,5950.0,6075.0,4052.14013671875,94394100,ASII.JK,0.6670189525462963
2020-12-23,6025.0,6100.0,5825.0,6000.0,4002.113037109375,73880100,ASII.JK,0.6670188395182292
2020-12-28,6175.0,6175.0,5950.0,6075.0,4052.14013671875,32572200,ASII.JK,0.6670189525462963
2020-12-29,6100.0,6175.0,6000.0,6050.0,4035.463623046875,40341500,ASII.JK,0.667018780668905
2020-12-30,6100.0,6125.0,6025.0,6025.0,4018.7890625,39615400,ASII.JK,0.6670189315352697
2021-01-04,6100.0,6250.0,6025.0,6225.0,4152.19189453125,34840200,ASII.JK,0.6670187782379519
2021-01-05,6225.0,6250.0,6150.0,6175.0,4118.84130859375,27318400,ASII.JK,0.6670188353997976
2021-01-06,6175.0,6225.0,5950.0,6150.0,4102.16650390625,42778200,ASII.JK,0.6670189437245935
2021-01-07,6175.0,6200.0,6075.0,6075.0,4052.14013671875,33536400,ASII.JK,0.6670189525462963
2021-01-08,6150.0,6475.0,6100.0,6425.0,4285.595703125,88590400,ASII.JK,0.6670187864785992
2021-01-11,6500.0,6600.0,6475.0,6525.0,4352.29833984375,57622400,ASII.JK,0.667018902658046
2021-01-12,6425.0,6650.0,6400.0,6525.0,4352.29833984375,38226200,ASII.JK,0.667018902658046
2021-01-13,6600.0,6800.0,6500.0,6775.0,4519.05322265625,56171600,ASII.JK,0.667018925853321
2021-01-14,6850.0,6925.0,6775.0,6775.0,4519.05322265625,48209800,ASII.JK,0.667018925853321
2021-01-15,6800.0,6850.0,6525.0,6575.0,4385.6484375,45722300,ASII.JK,0.6670187737642586
2021-01-18,6575.0,6700.0,6525.0,6675.0,4452.3505859375,48444700,ASII.JK,0.6670188143726592
2021-01-19,6775.0,6775.0,6575.0,6675.0,4452.3505859375,37236400,ASII.JK,0.6670188143726592
2021-01-20,6625.0,6775.0,6625.0,6675.0,4452.3505859375,27403000,ASII.JK,0.6670188143726592
2021-01-21,6800.0,6800.0,6725.0,6800.0,4535.7275390625,32219700,ASII.JK,0.6670187557444853
2021-01-22,6825.0,6850.0,6600.0,6700.0,4469.02685546875,34960500,ASII.JK,0.6670189336520522
2021-01-25,6650.0,6650.0,6325.0,6475.0,4318.947265625,73391700,ASII.JK,0.6670188827220077
2021-01-26,6475.0,6575.0,6300.0,6350.0,4235.5703125,39158300,ASII.JK,0.6670189468503936
2021-01-27,6350.0,6350.0,6150.0,6275.0,4185.54296875,56444100,ASII.JK,0.6670187998007968
2021-01-28,6150.0,6450.0,6150.0,6275.0,4185.54296875,54596400,ASII.JK,0.6670187998007968
2021-01-29,6300.0,6375.0,5950.0,6100.0,4068.81494140625,71886200,ASII.JK,0.6670188428534836
2021-02-01,5850.0,6075.0,5750.0,6025.0,4018.7890625,57416200,ASII.JK,0.6670189315352697
2021-02-02,6150.0,6150.0,5875.0,5975.0,3985.438232421875,42421400,ASII.JK,0.6670189510329498
2021-02-03,6075.0,6275.0,5950.0,6150.0,4102.16650390625,76420800,ASII.JK,0.6670189437245935
2021-02-04,6225.0,6225.0,6125.0,6200.0,4135.517578125,29508100,ASII.JK,0.6670189642137097
2021-02-05,6250.0,6250.0,6050.0,6100.0,4068.81494140625,34366600,ASII.JK,0.6670188428534836
2021-02-08,6200.0,6200.0,6075.0,6100.0,4068.81494140625,28817400,ASII.JK,0.6670188428534836
2021-02-09,6100.0,6200.0,5825.0,5825.0,3885.385498046875,113795000,ASII.JK,0.6670189696217811
2021-02-10,5850.0,5975.0,5825.0,5900.0,3935.411376953125,43492200,ASII.JK,0.6670188774496822
2021-02-11,5875.0,5950.0,5825.0,5850.0,3902.060791015625,37890700,ASII.JK,0.6670189386351496
2021-02-15,6100.0,6250.0,5950.0,5950.0,3968.762451171875,178642200,ASII.JK,0.6670188993566176
2021-02-16,5975.0,6000.0,5900.0,5925.0,3952.086669921875,35796600,ASII.JK,0.6670188472441984
2021-02-17,5900.0,5925.0,5750.0,5800.0,3868.709716796875,56517500,ASII.JK,0.6670189166891164
2021-02-18,5750.0,5875.0,5725.0,5725.0,3818.682373046875,56765900,ASII.JK,0.6670187551173581
2021-02-19,5725.0,5850.0,5725.0,5775.0,3852.033935546875,42627800,ASII.JK,0.6670188632981602
2021-02-22,5825.0,5850.0,5700.0,5700.0,3802.007568359375,55230300,ASII.JK,0.6670188716419956
2021-02-23,5700.0,5825.0,5700.0,5725.0,3818.682373046875,60745000,ASII.JK,0.6670187551173581
2021-02-24,5775.0,5850.0,5600.0,5625.0,3751.981201171875,73050200,ASII.JK,0.6670188802083333
2021-02-25,5700.0,5700.0,5475.0,5575.0,3718.630615234375,123672200,ASII.JK,0.6670189444366592
2021-02-26,5450.0,5525.0,5350.0,5400.0,3601.9013671875,146271500,ASII.JK,0.6670187717013889
2021-03-01,5500.0,5600.0,5450.0,5600.0,3735.305908203125,118418900,ASII.JK,0.6670189121791295
2021-03-02,5650.0,5675.0,5550.0,5575.0,3718.630615234375,87061500,ASII.JK,0.6670189444366592
2021-03-03,5625.0,5700.0,5525.0,5675.0,3785.332275390625,49030200,ASII.JK,0.6670189031525331
2021-03-04,5675.0,5700.0,5525.0,5575.0,3718.630615234375,70766800,ASII.JK,0.6670189444366592
2021-03-05,5525.0,5575.0,5475.0,5500.0,3668.603515625,48034400,ASII.JK,0.6670188210227272
2021-03-08,5550.0,5625.0,5475.0,5550.0,3701.954345703125,55652900,ASII.JK,0.66701880102759
2021-03-09,5550.0,5650.0,5400.0,5525.0,3685.279541015625,66908800,ASII.JK,0.6670189214507919
2021-03-10,5500.0,5525.0,5400.0,5425.0,3618.5771484375,66154200,ASII.JK,0.6670188292050692
2021-03-12,5550.0,5575.0,5450.0,5475.0,3651.928466796875,87065000,ASII.JK,0.6670188980450913
2021-03-15,5525.0,5625.0,5500.0,5525.0,3685.279541015625,48489500,ASII.JK,0.6670189214507919
2021-03-16,5600.0,5725.0,5550.0,5550.0,3701.954345703125,64804400,ASII.JK,0.66701880102759
2021-03-17,5625.0,5650.0,5550.0,5575.0,3718.630615234375,61881600,ASII.JK,0.6670189444366592
2021-03-18,5675.0,5800.0,5625.0,5725.0,3818.682373046875,90338700,ASII.JK,0.6670187551173581
2021-03-19,5725.0,5775.0,5625.0,5775.0,3852.033935546875,80429800,ASII.JK,0.6670188632981602
2021-03-22,5750.0,5775.0,5550.0,5575.0,3718.630615234375,57320300,ASII.JK,0.6670189444366592
2021-03-23,5550.0,5675.0,5550.0,5575.0,3718.630615234375,46973100,ASII.JK,0.6670189444366592
2021-03-24,5575.0,5600.0,5450.0,5450.0,3635.2529296875,40065300,ASII.JK,0.6670188861811926
2021-03-25,5450.0,5525.0,5400.0,5450.0,3635.2529296875,49497900,ASII.JK,0.6670188861811926
2021-03-26,5525.0,5600.0,5475.0,5600.0,3735.305908203125,24880300,ASII.JK,0.6670189121791295
2021-03-29,5600.0,5650.0,5525.0,5525.0,3685.279541015625,25164100,ASII.JK,0.6670189214507919
2021-03-30,5475.0,5550.0,5400.0,5400.0,3601.9013671875,55842300,ASII.JK,0.6670187717013889
2021-03-31,5450.0,5450.0,5225.0,5275.0,3518.524658203125,89835200,ASII.JK,0.6670188925503554
2021-04-01,5350.0,5400.0,5325.0,5350.0,3568.550537109375,33323600,ASII.JK,0.6670187919830608
2021-04-05,5425.0,5450.0,5350.0,5350.0,3568.550537109375,29142200,ASII.JK,0.6670187919830608
2021-04-06,5375.0,5400.0,5300.0,5350.0,3568.550537109375,26040800,ASII.JK,0.6670187919830608
2021-04-07,5300.0,5350.0,5275.0,5325.0,3551.87548828125,33361900,ASII.JK,0.6670188710387324
2021-04-08,5375.0,5375.0,5300.0,5300.0,3535.199951171875,43680100,ASII.JK,0.6670188587116745
2021-04-09,5300.0,5400.0,5275.0,5275.0,3518.524658203125,59348800,ASII.JK,0.6670188925503554
2021-04-12,5250.0,5275.0,5050.0,5075.0,3385.12060546875,68211200,ASII.JK,0.6670188385160098
2021-04-13,5025.0,5175.0,5025.0,5075.0,3385.12060546875,53505400,ASII.JK,0.6670188385160098
2021-04-14,5150.0,5275.0,5100.0,5250.0,3501.848388671875,39277800,ASII.JK,0.6670187406994048
2021-04-15,5250.0,5275.0,5175.0,5250.0,3501.848388671875,34533700,ASII.JK,0.6670187406994048
2021-04-16,5300.0,5325.0,5200.0,5250.0,3501.848388671875,38151200,ASII.JK,0.6670187406994048
2021-04-19,5225.0,5250.0,5200.0,5200.0,3468.497802734375,30832600,ASII.JK,0.6670188082181491
2021-04-20,5150.0,5300.0,5150.0,5300.0,3535.199951171875,46601200,ASII.JK,0.6670188587116745
2021-04-21,5225.0,5275.0,5200.0,5225.0,3485.173583984375,47261000,ASII.JK,0.6670188677482057
2021-04-22,5225.0,5500.0,5225.0,5450.0,3635.2529296875,86785100,ASII.JK,0.6670188861811926
2021-04-23,5500.0,5650.0,5475.0,5625.0,3751.981201171875,95175600,ASII.JK,0.6670188802083333
2021-04-26,5625.0,5675.0,5600.0,5625.0,3751.981201171875,65428000,ASII.JK,0.6670188802083333
2021-04-27,5625.0,5650.0,5475.0,5525.0,3685.279541015625,41552600,ASII.JK,0.6670189214507919
2021-04-28,5400.0,5575.0,5325.0,5350.0,3568.550537109375,72011700,ASII.JK,0.6670187919830608
2021-04-29,5350.0,5475.0,5350.0,5425.0,3618.5771484375,43203100,ASII.JK,0.6670188292050692
2021-04-30,5450.0,5550.0,5375.0,5500.0,3668.603515625,56668600,ASII.JK,0.6670188210227272
2021-05-03,5450.0,5500.0,5400.0,5425.0,3676.736572265625,29451000,ASII.JK,0.6777394603254608
2021-05-04,5500.0,5575.0,5425.0,5500.0,3727.56689453125,39860400,ASII.JK,0.6777394353693181
2021-05-05,5525.0,5600.0,5475.0,5525.0,3744.5107421875,27270000,ASII.JK,0.6777395008484163
2021-05-06,5600.0,5600.0,5400.0,5425.0,3676.736572265625,34361400,ASII.JK,0.6777394603254608
2021-05-07,5450.0,5475.0,5275.0,5325.0,3608.962646484375,30771700,ASII.JK,0.6777394641285212
2021-05-10,5350.0,5425.0,5350.0,5375.0,3642.849853515625,25429700,ASII.JK,0.6777395076308139
2021-05-11,5400.0,5425.0,5175.0,5225.0,3541.188720703125,49162600,ASII.JK,0.6777394680771531
2021-05-17,5300.0,5325.0,5125.0,5175.0,3507.302001953125,47623100,ASII.JK,0.677739517285628
2021-05-18,5150.0,5200.0,5100.0,5150.0,3490.357666015625,45784300,ASII.JK,0.6777393526243932
2021-05-19,5100.0,5125.0,5025.0,5050.0,3422.58447265625,47008800,ASII.JK,0.6777394995358911
2021-05-20,5050.0,5200.0,5025.0,5175.0,3507.302001953125,49746900,ASII.JK,0.677739517285628
2021-05-21,5175.0,5225.0,5050.0,5050.0,3422.58447265625,43416900,ASII.JK,0.6777394995358911
2021-05-24,5100.0,5150.0,5025.0,5100.0,3456.4716796875,33540000,ASII.JK,0.6777395450367647
2021-05-25,5100.0,5150.0,5050.0,5075.0,3439.527587890625,45393500,ASII.JK,0.6777394261853448
2021-05-27,5100.0,5225.0,5075.0,5150.0,3490.357666015625,99709500,ASII.JK,0.6777393526243932
2021-05-28,5175.0,5225.0,5125.0,5150.0,3490.357666015625,24346700,ASII.JK,0.6777393526243932
2021-05-31,5175.0,5300.0,5150.0,5250.0,3558.131591796875,41498000,ASII.JK,0.6777393508184524
2021-06-02,5350.0,5350.0,5275.0,5325.0,3608.962646484375,43217400,ASII.JK,0.6777394641285212
2021-06-03,5350.0,5350.0,5275.0,5350.0,3625.906005859375,49012700,ASII.JK,0.6777394403475467
2021-06-04,5325.0,5350.0,5200.0,5225.0,3541.188720703125,35211100,ASII.JK,0.6777394680771531
2021-06-07,5225.0,5300.0,5200.0,5250.0,3558.131591796875,31693200,ASII.JK,0.6777393508184524
2021-06-08,5300.0,5325.0,5200.0,5275.0,3575.075927734375,35402300,ASII.JK,0.6777395123667062
2021-06-09,5275.0,5350.0,5225.0,5325.0,3608.962646484375,24331300,ASII.JK,0.6777394641285212
2021-06-10,5400.0,5425.0,5325.0,5400.0,3659.792724609375,42924200,ASII.JK,0.6777393934461805
2021-06-11,5400.0,5425.0,5250.0,5275.0,3575.075927734375,44421700,ASII.JK,0.6777395123667062
2021-06-14,5350.0,5350.0,5150.0,5175.0,3507.302001953125,40699500,ASII.JK,0.677739517285628
2021-06-15,5175.0,5200.0,5125.0,5150.0,3490.357666015625,35915800,ASII.JK,0.6777393526243932
2021-06-16,5200.0,5200.0,5125.0,5150.0,3490.357666015625,29144900,ASII.JK,0.6777393526243932
2021-06-17,5125.0,5150.0,5075.0,5100.0,3456.4716796875,38074600,ASII.JK,0.6777395450367647
2021-06-18,5075.0,5125.0,4900.0,5000.0,3388.697265625,112157600,ASII.JK,0.677739453125
2021-06-21,4920.0,4970.0,4760.0,4920.0,3334.478515625,48183300,ASII.JK,0.6777395356961382
2021-06-22,4920.0,5025.0,4900.0,4920.0,3334.478515625,47156200,ASII.JK,0.6777395356961382
2021-06-23,4980.0,5025.0,4920.0,4930.0,3341.255615234375,46351900,ASII.JK,0.6777394757067697
2021-06-24,4930.0,4980.0,4910.0,4940.0,3348.032958984375,24665200,ASII.JK,0.6777394653814525
2021-06-25,4940.0,4980.0,4910.0,4920.0,3334.478515625,33125300,ASII.JK,0.6777395356961382
2021-06-28,4920.0,4930.0,4710.0,4710.0,3192.153564453125,53083400,ASII.JK,0.6777396102872877
2021-06-29,4730.0,4920.0,4710.0,4840.0,3280.25927734375,70425700,ASII.JK,0.6777395201123451
2021-06-30,4830.0,5000.0,4820.0,4940.0,3348.032958984375,34641700,ASII.JK,0.6777394653814525
2021-07-01,4990.0,5100.0,4950.0,5025.0,3405.640869140625,42856900,ASII.JK,0.6777394764458955
2021-07-02,5025.0,5075.0,4980.0,5000.0,3388.697265625,22436900,ASII.JK,0.677739453125
2021-07-05,5050.0,5075.0,4920.0,4940.0,3348.032958984375,27554100,ASII.JK,0.6777394653814525
2021-07-06,4970.0,4970.0,4890.0,4900.0,3320.923828125,31280100,ASII.JK,0.677739556760204
2021-07-07,4900.0,4990.0,4860.0,4900.0,3320.923828125,35907800,ASII.JK,0.677739556760204
2021-07-08,4930.0,4960.0,4850.0,4880.0,3307.3681640625,40566600,ASII.JK,0.6777393778816598
2021-07-09,4880.0,4920.0,4870.0,4910.0,3327.70068359375,21088500,ASII.JK,0.6777394467604378
2021-07-12,4910.0,4950.0,4880.0,4920.0,3334.478515625,26816600,ASII.JK,0.6777395356961382
2021-07-13,4950.0,4960.0,4850.0,4900.0,3320.923828125,28998600,ASII.JK,0.677739556760204
2021-07-14,4920.0,4920.0,4730.0,4730.0,3205.707763671875,43408700,ASII.JK,0.6777394849200581
2021-07-15,4730.0,4840.0,4640.0,4810.0,3259.926513671875,50750700,ASII.JK,0.6777393999317828
2021-07-16,4840.0,4910.0,4820.0,4880.0,3307.3681640625,32544000,ASII.JK,0.6777393778816598
2021-07-19,4850.0,4870.0,4780.0,4780.0,3239.594482421875,25106100,ASII.JK,0.6777394314690115
2021-07-21,4780.0,4930.0,4780.0,4870.0,3300.59130859375,41716000,ASII.JK,0.6777394884176078
2021-07-22,4930.0,5025.0,4900.0,4980.0,3375.14306640625,36287300,ASII.JK,0.6777395715675201
2021-07-23,5000.0,5000.0,4910.0,4950.0,3354.810791015625,26847700,ASII.JK,0.6777395537405303
2021-07-26,4950.0,4970.0,4770.0,4770.0,3232.817626953125,43373400,ASII.JK,0.6777395444346174
2021-07-27,4770.0,4830.0,4730.0,4760.0,3226.03955078125,42635500,ASII.JK,0.6777394014246324
2021-07-28,4780.0,4790.0,4710.0,4710.0,3192.153564453125,24083000,ASII.JK,0.6777396102872877
2021-07-29,4720.0,4740.0,4650.0,4650.0,3151.48876953125,50238500,ASII.JK,0.6777395203293011
2021-07-30,4710.0,4840.0,4670.0,4720.0,3198.93017578125,65379500,ASII.JK,0.6777394440214513
2021-08-02,4730.0,4820.0,4730.0,4820.0,3266.704345703125,39192600,ASII.JK,0.677739490809777
2021-08-03,4840.0,4970.0,4830.0,4940.0,3348.032958984375,46414100,ASII.JK,0.6777394653814525
2021-08-04,4970.0,4970.0,4870.0,4900.0,3320.923828125,25646900,ASII.JK,0.677739556760204
2021-08-05,4900.0,4930.0,4860.0,4890.0,3314.145751953125,31304900,ASII.JK,0.6777394175773261
2021-08-06,4940.0,4980.0,4880.0,4940.0,3348.032958984375,45454600,ASII.JK,0.6777394653814525
2021-08-09,4940.0,4950.0,4830.0,4860.0,3293.8134765625,31858700,ASII.JK,0.6777393984696503
2021-08-10,4900.0,4930.0,4840.0,4910.0,3327.70068359375,41920300,ASII.JK,0.6777394467604378
2021-08-12,4940.0,4960.0,4880.0,4940.0,3348.032958984375,22191700,ASII.JK,0.6777394653814525
2021-08-13,4960.0,5075.0,4960.0,5025.0,3405.640869140625,62673300,ASII.JK,0.6777394764458955
2021-08-16,5050.0,5075.0,4990.0,5075.0,3439.527587890625,46949700,ASII.JK,0.6777394261853448
2021-08-18,5100.0,5300.0,5075.0,5225.0,3541.188720703125,102560600,ASII.JK,0.6777394680771531
2021-08-19,5225.0,5275.0,5075.0,5150.0,3490.357666015625,53594900,ASII.JK,0.6777393526243932
2021-08-20,5150.0,5150.0,5000.0,5100.0,3456.4716796875,32878200,ASII.JK,0.6777395450367647
2021-08-23,5100.0,5150.0,5050.0,5100.0,3456.4716796875,30921500,ASII.JK,0.6777395450367647
2021-08-24,5175.0,5175.0,5050.0,5075.0,3439.527587890625,32783500,ASII.JK,0.6777394261853448
2021-08-25,5150.0,5200.0,5075.0,5150.0,3490.357666015625,26870400,ASII.JK,0.6777393526243932
2021-08-26,5200.0,5200.0,5050.0,5100.0,3456.4716796875,28757400,ASII.JK,0.6777395450367647
2021-08-27,5100.0,5100.0,5050.0,5050.0,3422.58447265625,26966100,ASII.JK,0.6777394995358911
2021-08-30,5100.0,5275.0,5100.0,5275.0,3575.075927734375,51914600,ASII.JK,0.6777395123667062
2021-08-31,5275.0,5300.0,5200.0,5225.0,3541.188720703125,45649200,ASII.JK,0.6777394680771531
2021-09-01,5225.0,5275.0,5100.0,5175.0,3507.302001953125,26732500,ASII.JK,0.677739517285628
2021-09-02,5200.0,5250.0,5175.0,5250.0,3558.131591796875,17335000,ASII.JK,0.6777393508184524
2021-09-03,5250.0,5350.0,5200.0,5350.0,3625.906005859375,28004500,ASII.JK,0.6777394403475467
2021-09-06,5375.0,5450.0,5325.0,5425.0,3676.736572265625,28315200,ASII.JK,0.6777394603254608
2021-09-07,5425.0,5450.0,5300.0,5350.0,3625.906005859375,23685800,ASII.JK,0.6777394403475467
2021-09-08,5375.0,5375.0,5250.0,5250.0,3558.131591796875,44076000,ASII.JK,0.6777393508184524
2021-09-09,5250.0,5450.0,5250.0,5450.0,3693.68017578125,49118000,ASII.JK,0.6777394817947248
2021-09-10,5450.0,5475.0,5375.0,5425.0,3676.736572265625,31997100,ASII.JK,0.6777394603254608
2021-09-13,5425.0,5500.0,5350.0,5450.0,3693.68017578125,29796400,ASII.JK,0.6777394817947248
2021-09-14,5500.0,5550.0,5450.0,5525.0,3744.5107421875,34356900,ASII.JK,0.6777395008484163
2021-09-15,5525.0,5550.0,5375.0,5400.0,3659.792724609375,61522300,ASII.JK,0.6777393934461805
2021-09-16,5425.0,5475.0,5350.0,5375.0,3642.849853515625,27187700,ASII.JK,0.6777395076308139
2021-09-17,5375.0,5425.0,5275.0,5425.0,3676.736572265625,44004000,ASII.JK,0.6777394603254608
2021-09-20,5425.0,5425.0,5225.0,5300.0,3592.01904296875,46896100,ASII.JK,0.6777394420695755
2021-09-21,5275.0,5275.0,5150.0,5225.0,3541.188720703125,23656300,ASII.JK,0.6777394680771531
2021-09-22,5225.0,5350.0,5200.0,5275.0,3575.075927734375,21750800,ASII.JK,0.6777395123667062
2021-09-23,5275.0,5325.0,5150.0,5150.0,3490.357666015625,27178400,ASII.JK,0.6777393526243932
2021-09-24,5150.0,5225.0,5125.0,5150.0,3490.357666015625,29394300,ASII.JK,0.6777393526243932
2021-09-27,5150.0,5225.0,5125.0,5175.0,3507.302001953125,25252300,ASII.JK,0.677739517285628
2021-09-28,5175.0,5200.0,5075.0,5075.0,3439.527587890625,35640900,ASII.JK,0.6777394261853448
2021-09-29,5075.0,5350.0,5050.0,5325.0,3608.962646484375,42995900,ASII.JK,0.6777394641285212
2021-09-30,5375.0,5500.0,5300.0,5500.0,3727.56689453125,44723000,ASII.JK,0.6777394353693181
2021-10-01,5450.0,5500.0,5400.0,5450.0,3693.68017578125,27484100,ASII.JK,0.6777394817947248
2021-10-04,5500.0,5625.0,5475.0,5575.0,3778.39794921875,52074900,ASII.JK,0.6777395424607623
2021-10-05,5575.0,5650.0,5500.0,5550.0,3761.453857421875,27128000,ASII.JK,0.6777394337697072
2021-10-06,5600.0,6100.0,5575.0,5975.0,4049.493408203125,168237500,ASII.JK,0.677739482544456
2021-10-07,5975.0,6000.0,5700.0,5700.0,3863.11474609375,97516000,ASII.JK,0.6777394291392543
2021-10-08,5700.0,5975.0,5625.0,5900.0,4030.482666015625,91094200,ASII.JK,0.6831326552568856
2021-10-11,5925.0,5950.0,5775.0,5775.0,3945.091064453125,38994500,ASII.JK,0.683132651853355
2021-10-12,5800.0,5950.0,5775.0,5875.0,4013.404296875,68823100,ASII.JK,0.6831326462765958
2021-10-13,5950.0,6300.0,5925.0,6275.0,4286.6572265625,143652900,ASII.JK,0.683132625747012
2021-10-14,6300.0,6450.0,6125.0,6225.0,4252.50048828125,104502800,ASII.JK,0.683132608559237
2021-10-15,6275.0,6300.0,6125.0,6250.0,4269.5791015625,82896700,ASII.JK,0.68313265625
2021-10-18,6275.0,6350.0,6200.0,6225.0,4252.50048828125,61419000,ASII.JK,0.683132608559237
2021-10-19,6275.0,6375.0,6200.0,6350.0,4337.892578125,52117000,ASII.JK,0.6831326894685039
2021-10-21,6350.0,6350.0,6125.0,6150.0,4201.265625,132905200,ASII.JK,0.6831326219512195
2021-10-22,6150.0,6225.0,6125.0,6175.0,4218.3447265625,26886400,ASII.JK,0.6831327492408907
2021-10-25,6200.0,6225.0,6025.0,6050.0,4132.95263671875,51872000,ASII.JK,0.6831326672262397
2021-10-26,6050.0,6175.0,6050.0,6150.0,4201.265625,25950500,ASII.JK,0.6831326219512195
2021-10-27,6100.0,6125.0,6000.0,6000.0,4098.7958984375,40588700,ASII.JK,0.6831326497395833
2021-10-28,6000.0,6175.0,5950.0,6000.0,4098.7958984375,50046900,ASII.JK,0.6831326497395833
2021-10-29,6225.0,6250.0,6025.0,6025.0,4115.8740234375,82397400,ASII.JK,0.6831326179979254
2021-11-01,6050.0,6150.0,6025.0,6025.0,4115.8740234375,37254100,ASII.JK,0.6831326179979254
2021-11-02,6025.0,6100.0,5900.0,5900.0,4030.482666015625,25293400,ASII.JK,0.6831326552568856
2021-11-03,5900.0,6025.0,5825.0,5975.0,4081.7177734375,90495000,ASII.JK,0.6831326817468619
2021-11-04,6075.0,6075.0,5950.0,5975.0,4081.7177734375,41774200,ASII.JK,0.6831326817468619
2021-11-05,5900.0,5975.0,5850.0,5925.0,4047.561279296875,80775400,ASII.JK,0.6831327053665612
2021-11-08,5925.0,6000.0,5900.0,5925.0,4047.561279296875,23177300,ASII.JK,0.6831327053665612
2021-11-09,5900.0,5950.0,5850.0,5850.0,3996.325439453125,41112200,ASII.JK,0.6831325537526709
2021-11-10,5925.0,6250.0,5875.0,6175.0,4218.3447265625,104312600,ASII.JK,0.6831327492408907
2021-11-11,6200.0,6250.0,6150.0,6175.0,4218.3447265625,51111700,ASII.JK,0.6831327492408907
2021-11-12,6200.0,6225.0,6075.0,6150.0,4201.265625,26920800,ASII.JK,0.6831326219512195
2021-11-15,6150.0,6175.0,6050.0,6125.0,4184.1875,22148900,ASII.JK,0.6831326530612245
2021-11-16,6125.0,6250.0,6100.0,6175.0,4218.3447265625,42681000,ASII.JK,0.6831327492408907
2021-11-17,6225.0,6250.0,6175.0,6250.0,4269.5791015625,49120900,ASII.JK,0.68313265625
2021-11-18,6250.0,6250.0,6175.0,6200.0,4235.42236328125,29629900,ASII.JK,0.6831326392389113
2021-11-19,6225.0,6250.0,6200.0,6225.0,4252.50048828125,37505200,ASII.JK,0.683132608559237
2021-11-22,6250.0,6375.0,6125.0,6200.0,4235.42236328125,62612600,ASII.JK,0.6831326392389113
2021-11-23,6250.0,6300.0,6175.0,6250.0,4269.5791015625,31557400,ASII.JK,0.68313265625
2021-11-24,6275.0,6275.0,6200.0,6225.0,4252.50048828125,25645300,ASII.JK,0.683132608559237
2021-11-25,6250.0,6300.0,6175.0,6225.0,4252.50048828125,32763500,ASII.JK,0.683132608559237
2021-11-26,6200.0,6225.0,5875.0,5900.0,4030.482666015625,93634100,ASII.JK,0.6831326552568856
2021-11-29,5900.0,6000.0,5750.0,5975.0,4081.7177734375,87367400,ASII.JK,0.6831326817468619
2021-11-30,5950.0,5975.0,5750.0,5775.0,3945.091064453125,97592700,ASII.JK,0.683132651853355
2021-12-01,5825.0,5850.0,5625.0,5650.0,3859.699462890625,102412800,ASII.JK,0.6831326482992257
2021-12-02,5650.0,5875.0,5600.0,5850.0,3996.325439453125,48422300,ASII.JK,0.6831325537526709
2021-12-03,5900.0,5925.0,5725.0,5750.0,3928.012451171875,31882900,ASII.JK,0.6831326002038044
2021-12-06,5750.0,5800.0,5650.0,5650.0,3859.699462890625,53112400,ASII.JK,0.6831326482992257
2021-12-07,5700.0,5925.0,5700.0,5925.0,4047.561279296875,39679500,ASII.JK,0.6831327053665612
2021-12-08,5925.0,5950.0,5775.0,5800.0,3962.1689453125,44189500,ASII.JK,0.6831325767780172
2021-12-09,5900.0,6000.0,5800.0,6000.0,4098.7958984375,35386900,ASII.JK,0.6831326497395833
2021-12-10,5950.0,5950.0,5800.0,5925.0,4047.561279296875,55629400,ASII.JK,0.6831327053665612
2021-12-13,5925.0,5975.0,5875.0,5900.0,4030.482666015625,30655800,ASII.JK,0.6831326552568856
2021-12-14,5925.0,5925.0,5850.0,5875.0,4013.404296875,17233700,ASII.JK,0.6831326462765958
2021-12-15,5900.0,6050.0,5875.0,6000.0,4098.7958984375,51113700,ASII.JK,0.6831326497395833
2021-12-16,6025.0,6050.0,5800.0,5800.0,3962.1689453125,56929600,ASII.JK,0.6831325767780172
2021-12-17,5800.0,5825.0,5725.0,5800.0,3962.1689453125,55854900,ASII.JK,0.6831325767780172
2021-12-20,5750.0,5775.0,5675.0,5675.0,3876.777587890625,26290000,ASII.JK,0.6831326146062775
2021-12-21,5675.0,5750.0,5650.0,5650.0,3859.699462890625,29127800,ASII.JK,0.6831326482992257
2021-12-22,5700.0,5775.0,5625.0,5625.0,3842.620849609375,33727100,ASII.JK,0.6831325954861112
2021-12-23,5650.0,5750.0,5625.0,5725.0,3910.93408203125,21744100,ASII.JK,0.6831325907478166
2021-12-24,5725.0,5750.0,5650.0,5675.0,3876.777587890625,16203800,ASII.JK,0.6831326146062775
2021-12-27,5725.0,5750.0,5650.0,5675.0,3876.777587890625,20426700,ASII.JK,0.6831326146062775
2021-12-28,5675.0,5750.0,5650.0,5725.0,3910.93408203125,21833300,ASII.JK,0.6831325907478166
2021-12-29,5750.0,5775.0,5675.0,5750.0,3928.012451171875,14260000,ASII.JK,0.6831326002038044
2021-12-30,5775.0,5775.0,5700.0,5700.0,3893.855712890625,17144000,ASII.JK,0.6831325812088815
2022-01-03,5675.0,5750.0,5625.0,5725.0,3910.93408203125,27052300,ASII.JK,0.6831325907478166
2022-01-04,5750.0,5875.0,5725.0,5775.0,3945.091064453125,29770700,ASII.JK,0.683132651853355
2022-01-05,5725.0,5775.0,5550.0,5575.0,3808.464599609375,50423900,ASII.JK,0.6831326636070628
2022-01-06,5600.0,5675.0,5575.0,5675.0,3876.777587890625,32155800,ASII.JK,0.6831326146062775
2022-01-07,5725.0,5750.0,5650.0,5700.0,3893.855712890625,25014800,ASII.JK,0.6831325812088815
2022-01-10,5675.0,5725.0,5650.0,5650.0,3859.699462890625,15379400,ASII.JK,0.6831326482992257
2022-01-11,5700.0,5700.0,5650.0,5700.0,3893.855712890625,21800300,ASII.JK,0.6831325812088815
2022-01-12,5725.0,5725.0,5650.0,5725.0,3910.93408203125,21283700,ASII.JK,0.6831325907478166
2022-01-13,5725.0,5775.0,5675.0,5775.0,3945.091064453125,18618100,ASII.JK,0.683132651853355
2022-01-14,5775.0,5800.0,5700.0,5725.0,3910.93408203125,17719100,ASII.JK,0.6831325907478166
2022-01-17,5775.0,5775.0,5650.0,5675.0,3876.777587890625,15859100,ASII.JK,0.6831326146062775
2022-01-18,5675.0,5725.0,5575.0,5650.0,3859.699462890625,28165300,ASII.JK,0.6831326482992257
2022-01-19,5650.0,5675.0,5575.0,5600.0,3825.542724609375,38051800,ASII.JK,0.6831326293945312
2022-01-20,5600.0,5625.0,5500.0,5525.0,3774.30810546875,46564600,ASII.JK,0.6831326887726245
2022-01-21,5525.0,5625.0,5500.0,5600.0,3825.542724609375,40709600,ASII.JK,0.6831326293945312
2022-01-24,5600.0,5625.0,5525.0,5525.0,3774.30810546875,27127800,ASII.JK,0.6831326887726245
2022-01-25,5500.0,5500.0,5375.0,5450.0,3723.072509765625,56709200,ASII.JK,0.6831325705991973
2022-01-26,5500.0,5500.0,5425.0,5450.0,3723.072509765625,27985700,ASII.JK,0.6831325705991973
2022-01-27,5425.0,5525.0,5400.0,5475.0,3740.151611328125,34574800,ASII.JK,0.6831327143978311
2022-01-28,5475.0,5525.0,5450.0,5475.0,3740.151611328125,27378500,ASII.JK,0.6831327143978311
2022-01-31,5475.0,5550.0,5450.0,5475.0,3740.151611328125,32006300,ASII.JK,0.6831327143978311
2022-02-02,5500.0,5525.0,5425.0,5500.0,3757.229248046875,33450400,ASII.JK,0.6831325905539772
2022-02-03,5500.0,5550.0,5450.0,5500.0,3757.229248046875,38565600,ASII.JK,0.6831325905539772
2022-02-04,5525.0,5525.0,5475.0,5500.0,3757.229248046875,16052500,ASII.JK,0.6831325905539772
2022-02-07,5500.0,5525.0,5450.0,5475.0,3740.151611328125,46685400,ASII.JK,0.6831327143978311
2022-02-08,5525.0,5700.0,5500.0,5550.0,3791.386474609375,95691000,ASII.JK,0.6831326981278153
2022-02-09,5550.0,5650.0,5475.0,5550.0,3791.386474609375,80244900,ASII.JK,0.6831326981278153
2022-02-10,5575.0,5625.0,5450.0,5450.0,3723.072509765625,93265400,ASII.JK,0.6831325705991973
2022-02-11,5450.0,5475.0,5400.0,5450.0,3723.072509765625,36376700,ASII.JK,0.6831325705991973
2022-02-14,5400.0,5425.0,5250.0,5300.0,3620.6025390625,74307400,ASII.JK,0.6831325545400944
2022-02-15,5300.0,5525.0,5300.0,5500.0,3757.229248046875,77964800,ASII.JK,0.6831325905539772
2022-02-16,5550.0,5600.0,5475.0,5475.0,3740.151611328125,46730000,ASII.JK,0.6831327143978311
2022-02-17,5500.0,5525.0,5425.0,5475.0,3740.151611328125,47572000,ASII.JK,0.6831327143978311
2022-02-18,5450.0,5625.0,5425.0,5600.0,3825.542724609375,53981400,ASII.JK,0.6831326293945312
2022-02-21,5625.0,5650.0,5550.0,5575.0,3808.464599609375,27509200,ASII.JK,0.6831326636070628
2022-02-22,5525.0,5575.0,5450.0,5575.0,3808.464599609375,49233600,ASII.JK,0.6831326636070628
2022-02-23,5575.0,5650.0,5525.0,5650.0,3859.699462890625,44299100,ASII.JK,0.6831326482992257
2022-02-24,5625.0,5775.0,5525.0,5700.0,3893.855712890625,76492000,ASII.JK,0.6831325812088815
2022-02-25,5700.0,5800.0,5650.0,5800.0,3962.1689453125,97598000,ASII.JK,0.6831325767780172
2022-03-01,5800.0,5950.0,5700.0,5700.0,3893.855712890625,101227600,ASII.JK,0.6831325812088815
2022-03-02,5650.0,5700.0,5500.0,5525.0,3774.30810546875,80565600,ASII.JK,0.6831326887726245
2022-03-04,5575.0,5675.0,5525.0,5625.0,3842.620849609375,50348400,ASII.JK,0.6831325954861112
2022-03-07,5600.0,5825.0,5550.0,5800.0,3962.1689453125,59978000,ASII.JK,0.6831325767780172
2022-03-08,6000.0,6550.0,5975.0,6250.0,4269.5791015625,256655000,ASII.JK,0.68313265625
2022-03-09,6500.0,6500.0,6225.0,6300.0,4303.73583984375,107853200,ASII.JK,0.6831326729910714
2022-03-10,6300.0,6300.0,6150.0,6250.0,4269.5791015625,56584100,ASII.JK,0.68313265625
2022-03-11,6175.0,6300.0,6125.0,6275.0,4286.6572265625,32940500,ASII.JK,0.683132625747012
2022-03-14,6350.0,6425.0,6300.0,6375.0,4354.970703125,61811900,ASII.JK,0.6831326593137255
2022-03-15,6425.0,6450.0,6275.0,6300.0,4303.73583984375,57193600,ASII.JK,0.6831326729910714
2022-03-16,6325.0,6400.0,6300.0,6400.0,4372.048828125,55776300,ASII.JK,0.6831326293945312
2022-03-17,6400.0,6475.0,6350.0,6425.0,4389.126953125,53844700,ASII.JK,0.6831325997081712
2022-03-18,6450.0,6450.0,6325.0,6400.0,4372.048828125,69493500,ASII.JK,0.6831326293945312
2022-03-21,6450.0,6600.0,6450.0,6600.0,4508.67578125,72452300,ASII.JK,0.6831326941287879
2022-03-22,6600.0,6600.0,6500.0,6575.0,4491.59716796875,39260600,ASII.JK,0.6831326491207225
2022-03-23,6575.0,6575.0,6450.0,6475.0,4423.2841796875,27348900,ASII.JK,0.6831326918436293
2022-03-24,6425.0,6575.0,6425.0,6575.0,4491.59716796875,37635100,ASII.JK,0.6831326491207225
2022-03-25,6550.0,6575.0,6375.0,6400.0,4372.048828125,42984300,ASII.JK,0.6831326293945312
2022-03-28,6400.0,6775.0,6400.0,6700.0,4576.9892578125,68545500,ASII.JK,0.6831327250466418
2022-03-29,6600.0,6700.0,6550.0,6550.0,4474.51806640625,24901500,ASII.JK,0.6831325292223283
2022-03-30,6550.0,6650.0,6500.0,6650.0,4542.83203125,34320500,ASII.JK,0.6831326362781955
2022-03-31,6675.0,6675.0,6575.0,6575.0,4491.59716796875,41346500,ASII.JK,0.6831326491207225
2022-04-01,6775.0,6775.0,6625.0,6700.0,4576.9892578125,35365600,ASII.JK,0.6831327250466418
2022-04-04,6775.0,6825.0,6675.0,6825.0,4662.38037109375,29374100,ASII.JK,0.6831326551053114
2022-04-05,6825.0,6900.0,6725.0,6900.0,4713.61474609375,28581200,ASII.JK,0.683132571897645
2022-04-06,6825.0,7000.0,6800.0,7000.0,4781.92822265625,48854700,ASII.JK,0.6831326032366072
2022-04-07,6950.0,7000.0,6850.0,6900.0,4713.61474609375,41492600,ASII.JK,0.683132571897645
2022-04-08,7000.0,7075.0,6900.0,7000.0,4781.92822265625,55006300,ASII.JK,0.6831326032366072
2022-04-11,6975.0,7000.0,6750.0,6850.0,4679.458984375,51481700,ASII.JK,0.6831326984489051
2022-04-12,6875.0,6950.0,6825.0,6950.0,4747.771484375,41879800,ASII.JK,0.6831325876798561
2022-04-13,6950.0,7000.0,6875.0,6975.0,4764.85009765625,52818100,ASII.JK,0.6831326304883513
2022-04-14,6975.0,7050.0,6875.0,6875.0,4696.53662109375,23891600,ASII.JK,0.6831325994318181
2022-04-18,6900.0,7050.0,6900.0,7000.0,4781.92822265625,32962100,ASII.JK,0.6831326032366072
2022-04-19,7050.0,7050.0,6800.0,6900.0,4713.61474609375,29237600,ASII.JK,0.683132571897645
2022-04-20,6900.0,6975.0,6825.0,6900.0,4713.61474609375,39881900,ASII.JK,0.683132571897645
2022-04-21,6925.0,7100.0,6900.0,7000.0,4781.92822265625,51438900,ASII.JK,0.6831326032366072
2022-04-22,6975.0,7100.0,6875.0,7050.0,4816.0849609375,39795300,ASII.JK,0.683132618572695
2022-04-25,7050.0,7150.0,6875.0,7075.0,4833.1630859375,52305700,ASII.JK,0.6831325916519435
2022-04-26,7100.0,7200.0,7000.0,7200.0,4918.5546875,39223700,ASII.JK,0.6831325954861112
2022-04-27,7175.0,7200.0,7050.0,7125.0,4867.3203125,34988500,ASII.JK,0.6831326754385965
2022-04-28,7250.0,7700.0,7225.0,7575.0,5174.7294921875,118152200,ASII.JK,0.6831326062293729
2022-05-09,7425.0,7425.0,7050.0,7050.0,4942.66943359375,81089600,ASII.JK,0.7010878629210993
2022-05-10,6650.0,7000.0,6625.0,7000.0,4907.615234375,118477400,ASII.JK,0.701087890625
2022-05-11,7025.0,7225.0,6900.0,6900.0,4837.505859375,71287600,ASII.JK,0.7010878057065217
2022-05-12,6900.0,7025.0,6725.0,6850.0,4802.4521484375,45587500,ASII.JK,0.7010879048813868
2022-05-13,6900.0,7225.0,6850.0,7125.0,4995.2509765625,73260300,ASII.JK,0.7010878563596491
2022-05-17,7250.0,7300.0,7000.0,7000.0,4907.615234375,40279200,ASII.JK,0.701087890625
2022-05-18,6975.0,7200.0,6925.0,7100.0,4977.7236328125,44859900,ASII.JK,0.7010878356073944
2022-05-19,6925.0,7125.0,6850.0,7000.0,4907.615234375,27558300,ASII.JK,0.701087890625
2022-05-20,7050.0,7200.0,7050.0,7125.0,4995.2509765625,37674800,ASII.JK,0.7010878563596491
2022-05-23,7125.0,7175.0,6825.0,6950.0,4872.560546875,46368600,ASII.JK,0.7010878484712231
2022-05-24,7025.0,7200.0,7025.0,7150.0,5012.77880859375,52177200,ASII.JK,0.7010879452578671
2022-05-25,7100.0,7175.0,7050.0,7100.0,4977.7236328125,51200500,ASII.JK,0.7010878356073944
2022-05-27,7200.0,7300.0,7150.0,7225.0,5065.35986328125,34766600,ASII.JK,0.701087870350346
2022-05-30,7275.0,7275.0,7125.0,7250.0,5082.88720703125,37147800,ASII.JK,0.701087890625
2022-05-31,7250.0,7475.0,7250.0,7350.0,5152.99560546875,90800300,ASII.JK,0.7010878374787415
2022-06-02,7300.0,7500.0,7250.0,7325.0,5135.46923828125,72733400,ASII.JK,0.7010879506186006
2022-06-03,7350.0,7475.0,7300.0,7300.0,5117.94140625,43947400,ASII.JK,0.701087863869863
2022-06-06,7200.0,7250.0,7075.0,7225.0,5065.35986328125,53388400,ASII.JK,0.701087870350346
2022-06-07,7300.0,7400.0,7200.0,7200.0,5047.8330078125,54814500,ASII.JK,0.7010879177517361
2022-06-08,7150.0,7350.0,7150.0,7175.0,5030.30615234375,33478600,ASII.JK,0.7010879654834494
2022-06-09,7150.0,7350.0,7150.0,7200.0,5047.8330078125,37787500,ASII.JK,0.7010879177517361
2022-06-10,7100.0,7175.0,6925.0,6925.0,4855.033203125,57621000,ASII.JK,0.701087827166065
2022-06-13,6900.0,7100.0,6725.0,7025.0,4925.142578125,59781700,ASII.JK,0.7010879114768683
2022-06-14,6875.0,7000.0,6875.0,6975.0,4890.087890625,38001800,ASII.JK,0.7010878696236559
2022-06-15,6975.0,6975.0,6700.0,6700.0,4697.2890625,50804600,ASII.JK,0.7010879197761194
2022-06-16,6850.0,6950.0,6750.0,6850.0,4802.4521484375,74982600,ASII.JK,0.7010879048813868
2022-06-17,6675.0,6950.0,6675.0,6950.0,4872.560546875,63931400,ASII.JK,0.7010878484712231
2022-06-20,6950.0,6975.0,6750.0,6925.0,4855.033203125,44263700,ASII.JK,0.701087827166065
2022-06-21,6900.0,6975.0,6850.0,6850.0,4802.4521484375,31247000,ASII.JK,0.7010879048813868
2022-06-22,6850.0,6925.0,6775.0,6800.0,4767.3974609375,35536800,ASII.JK,0.7010878619025736
2022-06-23,6850.0,6875.0,6750.0,6875.0,4819.978515625,30137200,ASII.JK,0.7010877840909091
2022-06-24,6900.0,6900.0,6650.0,6675.0,4679.76220703125,42386000,ASII.JK,0.701087971090824
2022-06-27,6700.0,6750.0,6550.0,6650.0,4662.23486328125,48277300,ASII.JK,0.7010879493656015
2022-06-28,6650.0,6700.0,6600.0,6700.0,4697.2890625,36838200,ASII.JK,0.7010879197761194
2022-06-29,6625.0,6700.0,6500.0,6500.0,4557.0712890625,46682700,ASII.JK,0.701087890625
2022-06-30,6525.0,6650.0,6500.0,6625.0,4644.70751953125,52839200,ASII.JK,0.7010879274764151
2022-07-01,6675.0,6675.0,6500.0,6525.0,4574.59814453125,52387100,ASII.JK,0.7010878382423371
2022-07-04,6500.0,6575.0,6300.0,6500.0,4557.0712890625,43087400,ASII.JK,0.701087890625
2022-07-05,6500.0,6525.0,6325.0,6325.0,4434.380859375,39700000,ASII.JK,0.7010878829051383
2022-07-06,6300.0,6400.0,6050.0,6075.0,4259.109375,67773900,ASII.JK,0.7010879629629629
2022-07-07,6025.0,6125.0,5900.0,5950.0,4171.47265625,62871600,ASII.JK,0.7010878413865547
2022-07-08,6025.0,6075.0,5950.0,5975.0,4189.0,78131700,ASII.JK,0.7010878661087866
2022-07-11,5975.0,6075.0,5925.0,6050.0,4241.58203125,49946600,ASII.JK,0.7010879390495868
2022-07-12,6050.0,6150.0,6050.0,6100.0,4276.63623046875,22900800,ASII.JK,0.7010879066342213
2022-07-13,6100.0,6100.0,5825.0,5825.0,4083.837158203125,56747900,ASII.JK,0.701087924155043
2022-07-14,5825.0,6100.0,5825.0,6100.0,4276.63623046875,59847700,ASII.JK,0.7010879066342213
2022-07-15,6000.0,6075.0,5925.0,5950.0,4171.47265625,32403800,ASII.JK,0.7010878413865547
2022-07-18,5975.0,6025.0,5950.0,6025.0,4224.0546875,27618400,ASII.JK,0.7010879149377593
2022-07-19,6025.0,6150.0,6025.0,6075.0,4259.109375,50725600,ASII.JK,0.7010879629629629
2022-07-20,6175.0,6275.0,6100.0,6275.0,4399.32666015625,70493600,ASII.JK,0.7010879139691235
2022-07-21,6200.0,6250.0,6050.0,6175.0,4329.21826171875,55415500,ASII.JK,0.7010879776062753
2022-07-22,6175.0,6175.0,6050.0,6075.0,4259.109375,37583800,ASII.JK,0.7010879629629629
2022-07-25,6050.0,6150.0,6050.0,6075.0,4259.109375,24674200,ASII.JK,0.7010879629629629
2022-07-26,6100.0,6125.0,6075.0,6100.0,4276.63623046875,21937400,ASII.JK,0.7010879066342213
2022-07-27,6125.0,6125.0,6000.0,6100.0,4276.63623046875,35066000,ASII.JK,0.7010879066342213
2022-07-28,6125.0,6150.0,6025.0,6050.0,4241.58203125,51909300,ASII.JK,0.7010879390495868
2022-07-29,6150.0,6425.0,6125.0,6325.0,4434.380859375,150285200,ASII.JK,0.7010878829051383
2022-08-01,6425.0,6550.0,6350.0,6475.0,4539.54443359375,55511700,ASII.JK,0.7010879434121622
2022-08-02,6475.0,6475.0,6275.0,6475.0,4539.54443359375,53235100,ASII.JK,0.7010879434121622
2022-08-03,6450.0,6600.0,6375.0,6600.0,4627.18017578125,40666300,ASII.JK,0.7010879054214015
2022-08-04,6700.0,6700.0,6450.0,6600.0,4627.18017578125,66966300,ASII.JK,0.7010879054214015
2022-08-05,6600.0,6650.0,6475.0,6625.0,4644.70751953125,46702100,ASII.JK,0.7010879274764151
2022-08-08,6625.0,6700.0,6525.0,6700.0,4697.2890625,32971000,ASII.JK,0.7010879197761194
2022-08-09,6725.0,6825.0,6700.0,6750.0,4732.3427734375,61001700,ASII.JK,0.701087818287037
2022-08-10,6775.0,6850.0,6600.0,6850.0,4802.4521484375,37086500,ASII.JK,0.7010879048813868
2022-08-11,6975.0,7000.0,6900.0,6950.0,4872.560546875,42007400,ASII.JK,0.7010878484712231
2022-08-12,6950.0,7000.0,6850.0,6950.0,4872.560546875,58469000,ASII.JK,0.7010878484712231
2022-08-15,6925.0,6950.0,6800.0,6875.0,4819.978515625,35283300,ASII.JK,0.7010877840909091
2022-08-16,6875.0,7050.0,6875.0,6975.0,4890.087890625,61907800,ASII.JK,0.7010878696236559
2022-08-18,6975.0,7000.0,6850.0,6975.0,4890.087890625,25190000,ASII.JK,0.7010878696236559
2022-08-19,6975.0,7000.0,6900.0,6975.0,4890.087890625,32914500,ASII.JK,0.7010878696236559
2022-08-22,6875.0,6925.0,6800.0,6925.0,4855.033203125,48266600,ASII.JK,0.701087827166065
2022-08-23,6900.0,7025.0,6850.0,6975.0,4890.087890625,56381000,ASII.JK,0.7010878696236559
2022-08-24,6925.0,7050.0,6900.0,7050.0,4942.66943359375,30605000,ASII.JK,0.7010878629210993
2022-08-25,7050.0,7050.0,6950.0,6975.0,4890.087890625,22793800,ASII.JK,0.7010878696236559
2022-08-26,6975.0,7025.0,6850.0,6875.0,4819.978515625,31120500,ASII.JK,0.7010877840909091
2022-08-29,6800.0,6900.0,6750.0,6825.0,4784.9248046875,29722100,ASII.JK,0.701087883470696
2022-08-30,6850.0,7025.0,6850.0,6900.0,4837.505859375,45566100,ASII.JK,0.7010878057065217
2022-08-31,6875.0,6975.0,6775.0,6975.0,4890.087890625,55714900,ASII.JK,0.7010878696236559
2022-09-01,6975.0,7025.0,6900.0,6925.0,4855.033203125,36691900,ASII.JK,0.701087827166065
2022-09-02,6950.0,7000.0,6875.0,6925.0,4855.033203125,26077700,ASII.JK,0.701087827166065
2022-09-05,6900.0,6925.0,6850.0,6875.0,4819.978515625,24953800,ASII.JK,0.7010877840909091
2022-09-06,6875.0,6950.0,6850.0,6900.0,4837.505859375,18626800,ASII.JK,0.7010878057065217
2022-09-07,6800.0,6875.0,6625.0,6650.0,4662.23486328125,77218400,ASII.JK,0.7010879493656015
2022-09-08,6650.0,6750.0,6625.0,6650.0,4662.23486328125,39405200,ASII.JK,0.7010879493656015
2022-09-09,6675.0,6775.0,6625.0,6775.0,4749.86962890625,31904200,ASII.JK,0.7010877681042436
2022-09-12,6775.0,6975.0,6725.0,6975.0,4890.087890625,51563200,ASII.JK,0.7010878696236559
2022-09-13,7025.0,7225.0,6950.0,7200.0,5047.8330078125,70555900,ASII.JK,0.7010879177517361
2022-09-14,7100.0,7300.0,7050.0,7150.0,5012.77880859375,56832100,ASII.JK,0.7010879452578671
2022-09-15,7125.0,7225.0,7050.0,7050.0,4942.66943359375,63346200,ASII.JK,0.7010878629210993
2022-09-16,7000.0,7050.0,6900.0,6900.0,4837.505859375,65885100,ASII.JK,0.7010878057065217
2022-09-19,6950.0,7225.0,6925.0,7125.0,4995.2509765625,52232700,ASII.JK,0.7010878563596491
2022-09-20,7150.0,7250.0,7100.0,7175.0,5030.30615234375,47337700,ASII.JK,0.7010879654834494
2022-09-21,7125.0,7200.0,7100.0,7150.0,5012.77880859375,26007500,ASII.JK,0.7010879452578671
2022-09-22,7025.0,7225.0,7000.0,7175.0,5030.30615234375,26295200,ASII.JK,0.7010879654834494
2022-09-23,7100.0,7175.0,7050.0,7150.0,5012.77880859375,22258800,ASII.JK,0.7010879452578671
2022-09-26,7000.0,7025.0,6850.0,6975.0,4890.087890625,61422800,ASII.JK,0.7010878696236559
2022-09-27,7000.0,7050.0,6950.0,6950.0,4872.560546875,42809400,ASII.JK,0.7010878484712231
2022-09-28,6950.0,7000.0,6800.0,6800.0,4767.3974609375,50825400,ASII.JK,0.7010878619025736
2022-09-29,6850.0,6900.0,6700.0,6775.0,4749.86962890625,36653400,ASII.JK,0.7010877681042436
2022-09-30,6700.0,6750.0,6600.0,6625.0,4644.70751953125,71017400,ASII.JK,0.7010879274764151
2022-10-03,6650.0,6700.0,6600.0,6625.0,4644.70751953125,27280600,ASII.JK,0.7010879274764151
2022-10-04,6725.0,6800.0,6700.0,6725.0,4714.8154296875,33322400,ASII.JK,0.7010877962360594
2022-10-05,6800.0,6825.0,6675.0,6675.0,4679.76220703125,31019300,ASII.JK,0.701087971090824
2022-10-06,6675.0,6750.0,6600.0,6600.0,4627.18017578125,37002600,ASII.JK,0.7010879054214015
2022-10-07,6550.0,6575.0,6450.0,6475.0,4539.54443359375,54850200,ASII.JK,0.7010879434121622
2022-10-10,6425.0,6525.0,6375.0,6500.0,4557.0712890625,34319700,ASII.JK,0.701087890625
2022-10-11,6400.0,6575.0,6400.0,6525.0,4574.59814453125,35320000,ASII.JK,0.7010878382423371
2022-10-12,6450.0,6475.0,6350.0,6350.0,4512.77001953125,72794100,ASII.JK,0.7106724440206693
2022-10-13,6375.0,6400.0,6275.0,6350.0,4512.77001953125,44281200,ASII.JK,0.7106724440206693
2022-10-14,6500.0,6500.0,6350.0,6350.0,4512.77001953125,45496900,ASII.JK,0.7106724440206693
2022-10-17,6325.0,6525.0,6200.0,6425.0,4566.06982421875,50710300,ASII.JK,0.7106723461819067
2022-10-18,6450.0,6500.0,6350.0,6350.0,4512.77001953125,42600400,ASII.JK,0.7106724440206693
2022-10-19,6425.0,6525.0,6400.0,6525.0,4637.1376953125,25542800,ASII.JK,0.7106724437260536
2022-10-20,6500.0,6525.0,6400.0,6425.0,4566.06982421875,32226200,ASII.JK,0.7106723461819067
2022-10-21,6475.0,6675.0,6450.0,6575.0,4672.671875,52148500,ASII.JK,0.7106725285171103
2022-10-24,6575.0,6700.0,6575.0,6650.0,4725.9716796875,37202900,ASII.JK,0.7106724330357143
2022-10-25,6700.0,6700.0,6600.0,6700.0,4761.5048828125,37836000,ASII.JK,0.7106723705690299
2022-10-26,6700.0,6700.0,6575.0,6575.0,4672.671875,36289700,ASII.JK,0.7106725285171103
2022-10-27,6575.0,6675.0,6525.0,6650.0,4725.9716796875,30429800,ASII.JK,0.7106724330357143
2022-10-28,6650.0,6650.0,6500.0,6550.0,4654.904296875,28492900,ASII.JK,0.7106724117366412
2022-10-31,6550.0,6650.0,6550.0,6650.0,4725.9716796875,45774000,ASII.JK,0.7106724330357143
2022-11-01,6650.0,6675.0,6475.0,6575.0,4672.671875,59240700,ASII.JK,0.7106725285171103
2022-11-02,6525.0,6550.0,6375.0,6425.0,4566.06982421875,59695600,ASII.JK,0.7106723461819067
2022-11-03,6375.0,6425.0,6350.0,6375.0,4530.53662109375,29905800,ASII.JK,0.7106724111519608
2022-11-04,6350.0,6425.0,6350.0,6425.0,4566.06982421875,60465200,ASII.JK,0.7106723461819067
2022-11-07,6425.0,6500.0,6425.0,6500.0,4619.37158203125,41824000,ASII.JK,0.7106725510817308
2022-11-08,6500.0,6525.0,6450.0,6525.0,4637.1376953125,35241500,ASII.JK,0.7106724437260536
2022-11-09,6525.0,6550.0,6475.0,6550.0,4654.904296875,45144800,ASII.JK,0.7106724117366412
2022-11-10,6550.0,6550.0,6450.0,6525.0,4637.1376953125,33770400,ASII.JK,0.7106724437260536
2022-11-11,6600.0,6625.0,6450.0,6450.0,4583.8369140625,50938200,ASII.JK,0.7106723897771318
2022-11-14,6450.0,6475.0,6300.0,6300.0,4477.236328125,46011200,ASII.JK,0.7106724330357143
2022-11-15,6300.0,6350.0,6200.0,6225.0,4423.93603515625,65536000,ASII.JK,0.7106724554467871
2022-11-16,6175.0,6200.0,6100.0,6175.0,4388.40185546875,60298900,ASII.JK,0.7106723652580972
2022-11-17,6200.0,6300.0,6050.0,6300.0,4477.236328125,35165100,ASII.JK,0.7106724330357143
2022-11-18,6275.0,6300.0,6200.0,6225.0,4423.93603515625,29302300,ASII.JK,0.7106724554467871
2022-11-21,6275.0,6350.0,6250.0,6325.0,4495.0029296875,19074900,ASII.JK,0.7106723999505928
2022-11-22,6325.0,6350.0,6225.0,6225.0,4423.93603515625,33102700,ASII.JK,0.7106724554467871
2022-11-23,6275.0,6300.0,6200.0,6200.0,4406.16943359375,30863200,ASII.JK,0.7106724892893145
2022-11-24,6200.0,6275.0,6200.0,6200.0,4406.16943359375,21534300,ASII.JK,0.7106724892893145
2022-11-25,6175.0,6200.0,6125.0,6175.0,4388.40185546875,40948100,ASII.JK,0.7106723652580972
2022-11-28,6175.0,6275.0,6150.0,6225.0,4423.93603515625,37901700,ASII.JK,0.7106724554467871
2022-11-29,6125.0,6150.0,6025.0,6050.0,4299.568359375,121505900,ASII.JK,0.7106724560950414
2022-11-30,6050.0,6200.0,6025.0,6050.0,4299.568359375,191276100,ASII.JK,0.7106724560950414
2022-12-01,6100.0,6200.0,6100.0,6175.0,4388.40185546875,88307900,ASII.JK,0.7106723652580972
2022-12-02,6175.0,6175.0,6050.0,6125.0,4352.86865234375,51843800,ASII.JK,0.7106724330357143
2022-12-05,6075.0,6100.0,6000.0,6025.0,4281.80126953125,64357800,ASII.JK,0.7106724098807053
2022-12-06,6000.0,6025.0,5800.0,5875.0,4175.20068359375,69873000,ASII.JK,0.7106724567819149
2022-12-07,5800.0,5900.0,5700.0,5725.0,4068.599609375,116677600,ASII.JK,0.7106724208515284
2022-12-08,5650.0,5800.0,5550.0,5675.0,4033.066162109375,161238600,ASII.JK,0.7106724514730176
2022-12-09,5700.0,5750.0,5650.0,5675.0,4033.066162109375,55355700,ASII.JK,0.7106724514730176
2022-12-12,5675.0,5725.0,5625.0,5675.0,4033.066162109375,92687900,ASII.JK,0.7106724514730176
2022-12-13,5700.0,5900.0,5675.0,5825.0,4139.66748046875,113893000,ASII.JK,0.7106725288358369
2022-12-14,5925.0,5950.0,5775.0,5825.0,4139.66748046875,78775300,ASII.JK,0.7106725288358369
2022-12-15,5825.0,5850.0,5750.0,5800.0,4121.89990234375,61581800,ASII.JK,0.710672396955819
2022-12-16,5775.0,5800.0,5700.0,5775.0,4104.1337890625,95271600,ASII.JK,0.7106725175865801
2022-12-19,5850.0,5850.0,5650.0,5700.0,4050.832763671875,57531200,ASII.JK,0.7106724146792763
2022-12-20,5675.0,5750.0,5675.0,5700.0,4050.832763671875,25876100,ASII.JK,0.7106724146792763
2022-12-21,5700.0,5725.0,5650.0,5700.0,4050.832763671875,34940600,ASII.JK,0.7106724146792763
2022-12-22,5700.0,5775.0,5675.0,5775.0,4104.1337890625,32103400,ASII.JK,0.7106725175865801
2022-12-23,5750.0,5775.0,5650.0,5675.0,4033.066162109375,31969000,ASII.JK,0.7106724514730176
2022-12-26,5675.0,5725.0,5625.0,5650.0,4015.299560546875,13540500,ASII.JK,0.7106724885923672
2022-12-27,5700.0,5750.0,5650.0,5675.0,4033.066162109375,13680300,ASII.JK,0.7106724514730176
2022-12-28,5725.0,5725.0,5575.0,5625.0,3997.532470703125,29919100,ASII.JK,0.7106724392361111
2022-12-29,5600.0,5675.0,5550.0,5650.0,4015.299560546875,32241500,ASII.JK,0.7106724885923672
2022-12-30,5675.0,5750.0,5650.0,5700.0,4050.832763671875,36384500,ASII.JK,0.7106724146792763
2023-01-02,5725.0,5725.0,5625.0,5700.0,4050.832763671875,12068800,ASII.JK,0.7106724146792763
2023-01-03,5675.0,5700.0,5625.0,5650.0,4015.299560546875,22854400,ASII.JK,0.7106724885923672
2023-01-04,5650.0,5700.0,5625.0,5675.0,4033.066162109375,32578900,ASII.JK,0.7106724514730176
2023-01-05,5650.0,5700.0,5375.0,5375.0,3819.8642578125,106047000,ASII.JK,0.7106724200581396
2023-01-06,5400.0,5525.0,5350.0,5450.0,3873.16455078125,59754600,ASII.JK,0.7106723946387614
2023-01-09,5500.0,5500.0,5275.0,5350.0,3802.097412109375,63437700,ASII.JK,0.7106724134783878
2023-01-10,5375.0,5375.0,5275.0,5325.0,3784.33056640625,62964600,ASII.JK,0.7106724068368545
2023-01-11,5325.0,5350.0,5200.0,5225.0,3713.263427734375,45514800,ASII.JK,0.710672426360646
2023-01-12,5200.0,5375.0,5200.0,5350.0,3802.097412109375,61374300,ASII.JK,0.7106724134783878
2023-01-13,5375.0,5500.0,5300.0,5450.0,3873.16455078125,52039800,ASII.JK,0.7106723946387614
2023-01-16,5525.0,5600.0,5475.0,5600.0,3979.76513671875,48458700,ASII.JK,0.710672345842634
2023-01-17,5600.0,5650.0,5500.0,5550.0,3944.2314453125,66999600,ASII.JK,0.7106723324887387
2023-01-18,5550.0,5650.0,5550.0,5650.0,4015.299560546875,28120700,ASII.JK,0.7106724885923672
2023-01-19,5650.0,5875.0,5650.0,5850.0,4157.43408203125,95543300,ASII.JK,0.7106724926549145
2023-01-20,5875.0,5900.0,5775.0,5900.0,4192.966796875,54173000,ASII.JK,0.7106723384533898
2023-01-24,5900.0,5950.0,5850.0,5925.0,4210.734375,26217800,ASII.JK,0.7106724683544304
2023-01-25,5900.0,5950.0,5850.0,5950.0,4228.5009765625,18115800,ASII.JK,0.7106724330357143
2023-01-26,5925.0,5950.0,5850.0,5900.0,4192.966796875,40168400,ASII.JK,0.7106723384533898
2023-01-27,5925.0,5950.0,5875.0,5875.0,4175.20068359375,31869800,ASII.JK,0.7106724567819149
2023-01-30,5875.0,5900.0,5775.0,5875.0,4175.20068359375,34817500,ASII.JK,0.7106724567819149
2023-01-31,5925.0,6025.0,5900.0,6000.0,4264.0341796875,89064100,ASII.JK,0.71067236328125
2023-02-01,6000.0,6000.0,5925.0,6000.0,4264.0341796875,35355300,ASII.JK,0.71067236328125
2023-02-02,5950.0,5975.0,5875.0,5925.0,4210.734375,30039900,ASII.JK,0.7106724683544304
2023-02-03,5975.0,5975.0,5875.0,5875.0,4175.20068359375,24629700,ASII.JK,0.7106724567819149
2023-02-06,5875.0,5900.0,5825.0,5850.0,4157.43408203125,31033700,ASII.JK,0.7106724926549145
2023-02-07,5825.0,5925.0,5825.0,5875.0,4175.20068359375,29536700,ASII.JK,0.7106724567819149
2023-02-08,5875.0,5900.0,5775.0,5800.0,4121.89990234375,27235100,ASII.JK,0.710672396955819
2023-02-09,5825.0,5850.0,5675.0,5675.0,4033.066162109375,48263600,ASII.JK,0.7106724514730176
2023-02-10,5600.0,5700.0,5550.0,5700.0,4050.832763671875,71158200,ASII.JK,0.7106724146792763
2023-02-13,5700.0,5750.0,5675.0,5725.0,4068.599609375,22154800,ASII.JK,0.7106724208515284
2023-02-14,5750.0,5800.0,5700.0,5725.0,4068.599609375,31292000,ASII.JK,0.7106724208515284
2023-02-15,5725.0,5725.0,5575.0,5675.0,4033.066162109375,38862100,ASII.JK,0.7106724514730176
2023-02-16,5700.0,5700.0,5625.0,5700.0,4050.832763671875,19014100,ASII.JK,0.7106724146792763
2023-02-17,5700.0,5725.0,5625.0,5675.0,4033.066162109375,31273200,ASII.JK,0.7106724514730176
2023-02-20,5675.0,5700.0,5575.0,5600.0,3979.76513671875,29576500,ASII.JK,0.710672345842634
2023-02-21,5600.0,5650.0,5550.0,5575.0,3961.99853515625,26985200,ASII.JK,0.7106723829876682
2023-02-22,5550.0,5650.0,5550.0,5625.0,3997.532470703125,24822300,ASII.JK,0.7106724392361111
2023-02-23,5650.0,5700.0,5575.0,5650.0,4015.299560546875,33406700,ASII.JK,0.7106724885923672
2023-02-24,5675.0,5800.0,5650.0,5750.0,4086.36669921875,30869400,ASII.JK,0.7106724694293478
2023-02-27,5725.0,5800.0,5700.0,5800.0,4121.89990234375,28650400,ASII.JK,0.710672396955819
2023-02-28,6200.0,6275.0,6100.0,6100.0,4335.10205078125,154669700,ASII.JK,0.7106724673411885
2023-03-01,6100.0,6175.0,6050.0,6150.0,4370.634765625,49851200,ASII.JK,0.7106723196138212
2023-03-02,6150.0,6175.0,6075.0,6150.0,4370.634765625,26943600,ASII.JK,0.7106723196138212
2023-03-03,6150.0,6150.0,6025.0,6050.0,4299.568359375,32818500,ASII.JK,0.7106724560950414
2023-03-06,6100.0,6125.0,6050.0,6075.0,4317.3349609375,22141000,ASII.JK,0.710672421553498
2023-03-07,6050.0,6075.0,5900.0,5950.0,4228.5009765625,41630000,ASII.JK,0.7106724330357143
2023-03-08,5900.0,5975.0,5875.0,5925.0,4210.734375,40374900,ASII.JK,0.7106724683544304
2023-03-09,5975.0,6050.0,5950.0,6025.0,4281.80126953125,23104400,ASII.JK,0.7106724098807053
2023-03-10,5975.0,6000.0,5900.0,5975.0,4246.267578125,33330500,ASII.JK,0.7106723980125523
2023-03-13,5900.0,5975.0,5850.0,5925.0,4210.734375,28402600,ASII.JK,0.7106724683544304
2023-03-14,5900.0,5925.0,5750.0,5775.0,4104.1337890625,56988600,ASII.JK,0.7106725175865801
2023-03-15,5850.0,5875.0,5775.0,5775.0,4104.1337890625,40170800,ASII.JK,0.7106725175865801
2023-03-16,5775.0,5875.0,5675.0,5850.0,4157.43408203125,33947700,ASII.JK,0.7106724926549145
2023-03-17,5875.0,5925.0,5850.0,5850.0,4157.43408203125,74811900,ASII.JK,0.7106724926549145
2023-03-20,5850.0,5900.0,5800.0,5875.0,4175.20068359375,22146000,ASII.JK,0.7106724567819149
2023-03-21,5850.0,5975.0,5850.0,5875.0,4175.20068359375,40671600,ASII.JK,0.7106724567819149
2023-03-24,5925.0,6000.0,5900.0,5950.0,4228.5009765625,60721800,ASII.JK,0.7106724330357143
2023-03-27,5950.0,5975.0,5875.0,5875.0,4175.20068359375,32493100,ASII.JK,0.7106724567819149
2023-03-28,5900.0,5925.0,5850.0,5850.0,4157.43408203125,42944400,ASII.JK,0.7106724926549145
2023-03-29,5850.0,6050.0,5850.0,5950.0,4228.5009765625,81945000,ASII.JK,0.7106724330357143
2023-03-30,5975.0,5975.0,5900.0,5900.0,4192.966796875,40174400,ASII.JK,0.7106723384533898
2023-03-31,5950.0,6025.0,5925.0,6000.0,4264.0341796875,40364100,ASII.JK,0.71067236328125
2023-04-03,6050.0,6100.0,5975.0,6000.0,4264.0341796875,44636200,ASII.JK,0.71067236328125
2023-04-04,6025.0,6050.0,5950.0,6025.0,4281.80126953125,35612700,ASII.JK,0.7106724098807053
2023-04-05,6025.0,6050.0,5975.0,6000.0,4264.0341796875,27556300,ASII.JK,0.71067236328125
2023-04-06,6000.0,6000.0,5925.0,5925.0,4210.734375,32964500,ASII.JK,0.7106724683544304
2023-04-10,5950.0,5975.0,5875.0,5975.0,4246.267578125,40039500,ASII.JK,0.7106723980125523
2023-04-11,5950.0,6100.0,5925.0,6075.0,4317.3349609375,37545800,ASII.JK,0.710672421553498
2023-04-12,6150.0,6300.0,6125.0,6250.0,4441.7021484375,126817700,ASII.JK,0.71067234375
2023-04-13,6225.0,6275.0,6175.0,6250.0,4441.7021484375,35138600,ASII.JK,0.71067234375
2023-04-14,6275.0,6300.0,6200.0,6200.0,4406.16943359375,45556300,ASII.JK,0.7106724892893145
2023-04-17,6200.0,6275.0,6200.0,6225.0,4423.93603515625,33965200,ASII.JK,0.7106724554467871
2023-04-18,6275.0,6475.0,6275.0,6425.0,4566.06982421875,101792500,ASII.JK,0.7106723461819067
2023-04-26,6625.0,6700.0,6500.0,6700.0,4761.5048828125,182919200,ASII.JK,0.7106723705690299
2023-04-27,6675.0,6725.0,6625.0,6700.0,4761.5048828125,45762900,ASII.JK,0.7106723705690299
2023-04-28,6700.0,6750.0,6675.0,6750.0,4797.0390625,64976400,ASII.JK,0.7106724537037037
2023-05-02,6775.0,6775.0,6600.0,6675.0,4743.73828125,62972600,ASII.JK,0.7106724016853933
2023-05-03,6700.0,6725.0,6550.0,6625.0,4708.205078125,106341300,ASII.JK,0.7106724646226416
2023-05-04,6600.0,6625.0,6550.0,6600.0,4690.4384765625,132167800,ASII.JK,0.7106724964488637
2023-05-05,6150.0,6150.0,6150.0,6150.0,4769.5419921875,82270600,ASII.JK,0.7755352832825203
2023-05-08,6150.0,6175.0,6050.0,6125.0,4750.154296875,95087500,ASII.JK,0.7755353954081633
2023-05-09,6125.0,6325.0,6075.0,6325.0,4905.26123046875,96938100,ASII.JK,0.7755353724061265
2023-05-10,6350.0,6425.0,6300.0,6325.0,4905.26123046875,52404700,ASII.JK,0.7755353724061265
2023-05-11,6350.0,6350.0,6175.0,6250.0,4847.095703125,39596900,ASII.JK,0.7755353125
2023-05-12,6225.0,6275.0,6175.0,6225.0,4827.7080078125,67576500,ASII.JK,0.775535422941767
2023-05-15,6275.0,6350.0,6175.0,6350.0,4924.6494140625,42039400,ASII.JK,0.7755353407972441
2023-05-16,6350.0,6400.0,6250.0,6275.0,4866.48388671875,19445400,ASII.JK,0.7755352807519921
2023-05-17,6350.0,6350.0,6275.0,6325.0,4905.26123046875,29480000,ASII.JK,0.7755353724061265
2023-05-19,6400.0,6550.0,6350.0,6475.0,5021.59130859375,75548600,ASII.JK,0.775535337234556
2023-05-22,6525.0,6650.0,6425.0,6600.0,5118.53369140625,63793800,ASII.JK,0.7755354077888258
2023-05-23,6600.0,6650.0,6550.0,6600.0,5118.53369140625,49261900,ASII.JK,0.7755354077888258
2023-05-24,6575.0,6675.0,6500.0,6675.0,5176.69873046875,54136600,ASII.JK,0.775535390332397
2023-05-25,6700.0,6700.0,6525.0,6600.0,5118.53369140625,43564900,ASII.JK,0.7755354077888258
2023-05-26,6600.0,6600.0,6525.0,6600.0,5118.53369140625,25356200,ASII.JK,0.7755354077888258
2023-05-29,6625.0,6625.0,6475.0,6600.0,5118.53369140625,27939400,ASII.JK,0.7755354077888258
2023-05-30,6575.0,6600.0,6500.0,6500.0,5040.98046875,23340800,ASII.JK,0.7755354567307692
2023-05-31,6500.0,6600.0,6450.0,6450.0,5002.203125,154796300,ASII.JK,0.7755353682170543
2023-06-05,6525.0,7000.0,6500.0,6825.0,5293.02880859375,200252000,ASII.JK,0.7755353565705129
2023-06-06,6800.0,6925.0,6750.0,6800.0,5273.64111328125,65282100,ASII.JK,0.775535457835478
2023-06-07,6800.0,6850.0,6675.0,6800.0,5273.64111328125,81991400,ASII.JK,0.775535457835478
2023-06-08,6725.0,6775.0,6700.0,6775.0,5254.251953125,32704900,ASII.JK,0.7755353436346863
2023-06-09,6750.0,6800.0,6700.0,6800.0,5273.64111328125,24893400,ASII.JK,0.775535457835478
2023-06-12,6800.0,6800.0,6675.0,6775.0,5254.251953125,37558000,ASII.JK,0.7755353436346863
2023-06-13,6775.0,6825.0,6750.0,6750.0,5234.86376953125,23911800,ASII.JK,0.7755353732638889
2023-06-14,6750.0,6900.0,6750.0,6900.0,5351.1943359375,34146100,ASII.JK,0.7755354110054348
2023-06-15,6900.0,6900.0,6825.0,6875.0,5331.80517578125,16414000,ASII.JK,0.7755352982954545
2023-06-16,6850.0,6875.0,6775.0,6850.0,5312.4169921875,63892800,ASII.JK,0.7755353273266423
2023-06-19,6800.0,6875.0,6775.0,6875.0,5331.80517578125,12514200,ASII.JK,0.7755352982954545
2023-06-20,6825.0,6850.0,6775.0,6800.0,5273.64111328125,24394300,ASII.JK,0.775535457835478
2023-06-21,6775.0,6975.0,6750.0,6925.0,5370.58251953125,37629300,ASII.JK,0.775535381881769
2023-06-22,6875.0,6900.0,6775.0,6775.0,5254.251953125,51199300,ASII.JK,0.7755353436346863
2023-06-23,6775.0,6825.0,6700.0,6775.0,5254.251953125,32156800,ASII.JK,0.7755353436346863
2023-06-26,6800.0,6900.0,6775.0,6800.0,5273.64111328125,31726400,ASII.JK,0.775535457835478
2023-06-27,6800.0,6850.0,6775.0,6775.0,5254.251953125,36422700,ASII.JK,0.7755353436346863
2023-07-03,6775.0,6825.0,6750.0,6825.0,5293.02880859375,37348600,ASII.JK,0.7755353565705129
2023-07-04,6825.0,6825.0,6700.0,6775.0,5254.251953125,20047800,ASII.JK,0.7755353436346863
2023-07-05,6775.0,6775.0,6700.0,6775.0,5254.251953125,34751800,ASII.JK,0.7755353436346863
2023-07-06,6775.0,6800.0,6750.0,6800.0,5273.64111328125,35473800,ASII.JK,0.775535457835478
2023-07-07,6775.0,6825.0,6750.0,6825.0,5293.02880859375,28755500,ASII.JK,0.7755353565705129
2023-07-10,6825.0,6825.0,6775.0,6775.0,5254.251953125,15301300,ASII.JK,0.7755353436346863
2023-07-11,6775.0,6800.0,6750.0,6800.0,5273.64111328125,32949200,ASII.JK,0.775535457835478
2023-07-12,6775.0,6825.0,6750.0,6775.0,5254.251953125,29210200,ASII.JK,0.7755353436346863
2023-07-13,6775.0,6825.0,6750.0,6800.0,5273.64111328125,31298400,ASII.JK,0.775535457835478
2023-07-14,6775.0,6825.0,6700.0,6750.0,5234.86376953125,56060600,ASII.JK,0.7755353732638889
2023-07-17,6750.0,6775.0,6675.0,6675.0,5176.69873046875,41698600,ASII.JK,0.775535390332397
2023-07-18,6675.0,6700.0,6475.0,6575.0,5099.1455078125,68904700,ASII.JK,0.7755354384505704
2023-07-20,6575.0,6575.0,6450.0,6525.0,5060.3681640625,64069100,ASII.JK,0.7755353508141762
2023-07-21,6500.0,6525.0,6375.0,6450.0,5002.203125,64037700,ASII.JK,0.7755353682170543
2023-07-24,6400.0,6600.0,6400.0,6550.0,5079.7568359375,40830500,ASII.JK,0.7755353947996183
2023-07-25,6600.0,6625.0,6500.0,6500.0,5040.98046875,23958900,ASII.JK,0.7755354567307692
2023-07-26,6575.0,6625.0,6500.0,6600.0,5118.53369140625,38599800,ASII.JK,0.7755354077888258
2023-07-27,6600.0,6600.0,6500.0,6525.0,5060.3681640625,27816700,ASII.JK,0.7755353508141762
2023-07-28,6500.0,6625.0,6475.0,6625.0,5137.92236328125,28288300,ASII.JK,0.7755354510613207
2023-07-31,6750.0,6950.0,6725.0,6850.0,5312.4169921875,87828900,ASII.JK,0.7755353273266423
2023-08-01,6875.0,6900.0,6800.0,6875.0,5331.80517578125,29425300,ASII.JK,0.7755352982954545
2023-08-02,6825.0,6850.0,6775.0,6850.0,5312.4169921875,29463700,ASII.JK,0.7755353273266423
2023-08-03,6800.0,6900.0,6775.0,6825.0,5293.02880859375,29272000,ASII.JK,0.7755353565705129
2023-08-04,6825.0,6850.0,6750.0,6800.0,5273.64111328125,16646300,ASII.JK,0.775535457835478
2023-08-07,6825.0,6900.0,6750.0,6875.0,5331.80517578125,32608000,ASII.JK,0.7755352982954545
2023-08-08,6850.0,6900.0,6825.0,6850.0,5312.4169921875,16515100,ASII.JK,0.7755353273266423
2023-08-09,6850.0,6875.0,6825.0,6875.0,5331.80517578125,13781700,ASII.JK,0.7755352982954545
2023-08-10,6850.0,6875.0,6750.0,6750.0,5234.86376953125,32076700,ASII.JK,0.7755353732638889
2023-08-11,6750.0,6775.0,6650.0,6750.0,5234.86376953125,42320900,ASII.JK,0.7755353732638889
2023-08-14,6700.0,6800.0,6700.0,6800.0,5273.64111328125,27616200,ASII.JK,0.775535457835478
2023-08-15,6725.0,6775.0,6675.0,6725.0,5215.4755859375,32385400,ASII.JK,0.7755354031133829
2023-08-16,6675.0,6750.0,6650.0,6750.0,5234.86376953125,24913200,ASII.JK,0.7755353732638889
2023-08-18,6675.0,6700.0,6500.0,6525.0,5060.3681640625,69001300,ASII.JK,0.7755353508141762
2023-08-21,6525.0,6550.0,6425.0,6475.0,5021.59130859375,34702500,ASII.JK,0.775535337234556
2023-08-22,6450.0,6600.0,6450.0,6550.0,5079.7568359375,37704700,ASII.JK,0.7755353947996183
2023-08-23,6550.0,6600.0,6525.0,6550.0,5079.7568359375,27624900,ASII.JK,0.7755353947996183
2023-08-24,6550.0,6600.0,6475.0,6475.0,5021.59130859375,33278500,ASII.JK,0.775535337234556
2023-08-25,6475.0,6500.0,6400.0,6450.0,5002.203125,35673300,ASII.JK,0.7755353682170543
2023-08-28,6500.0,6500.0,6400.0,6425.0,4982.81396484375,14871100,ASII.JK,0.775535247446498
2023-08-29,6450.0,6450.0,6375.0,6400.0,4963.42578125,29937800,ASII.JK,0.7755352783203125
2023-08-30,6450.0,6525.0,6400.0,6450.0,5002.203125,41993300,ASII.JK,0.7755353682170543
2023-08-31,6450.0,6475.0,6400.0,6450.0,5002.203125,44502000,ASII.JK,0.7755353682170543
2023-09-01,6475.0,6575.0,6475.0,6550.0,5079.7568359375,26069500,ASII.JK,0.7755353947996183
2023-09-04,6575.0,6600.0,6525.0,6600.0,5118.53369140625,17384000,ASII.JK,0.7755354077888258
2023-09-05,6600.0,6650.0,6550.0,6600.0,5118.53369140625,23070700,ASII.JK,0.7755354077888258
2023-09-06,6575.0,6625.0,6525.0,6525.0,5060.3681640625,18421300,ASII.JK,0.7755353508141762
2023-09-07,6475.0,6500.0,6350.0,6400.0,4963.42578125,49921600,ASII.JK,0.7755352783203125
2023-09-08,6450.0,6450.0,6350.0,6400.0,4963.42578125,32416900,ASII.JK,0.7755352783203125
2023-09-11,6400.0,6425.0,6300.0,6375.0,4944.0380859375,33422100,ASII.JK,0.7755353860294117
2023-09-12,6375.0,6375.0,6300.0,6300.0,4885.87255859375,30225600,ASII.JK,0.7755353267609127
2023-09-13,6325.0,6325.0,6225.0,6300.0,4885.87255859375,40040900,ASII.JK,0.7755353267609127
2023-09-14,6325.0,6375.0,6250.0,6325.0,4905.26123046875,40259300,ASII.JK,0.7755353724061265
2023-09-15,6250.0,6325.0,6200.0,6300.0,4885.87255859375,132198700,ASII.JK,0.7755353267609127
2023-09-18,6275.0,6325.0,6250.0,6300.0,4885.87255859375,35517300,ASII.JK,0.7755353267609127
2023-09-19,6300.0,6375.0,6275.0,6350.0,4924.6494140625,31439200,ASII.JK,0.7755353407972441
2023-09-20,6350.0,6400.0,6300.0,6300.0,4885.87255859375,39764900,ASII.JK,0.7755353267609127
2023-09-21,6300.0,6325.0,6200.0,6200.0,4808.3193359375,46231100,ASII.JK,0.7755353767641129
2023-09-22,6200.0,6275.0,6175.0,6200.0,4808.3193359375,30610900,ASII.JK,0.7755353767641129
2023-09-25,6225.0,6275.0,6200.0,6250.0,4847.095703125,32700500,ASII.JK,0.7755353125
2023-09-26,6225.0,6300.0,6200.0,6200.0,4808.3193359375,43217400,ASII.JK,0.7755353767641129
2023-09-27,6200.0,6250.0,6125.0,6150.0,4769.5419921875,31688400,ASII.JK,0.7755352832825203
2023-09-29,6250.0,6275.0,6200.0,6225.0,4827.7080078125,20902300,ASII.JK,0.775535422941767
2023-10-02,6275.0,6350.0,6250.0,6275.0,4866.48388671875,23884400,ASII.JK,0.7755352807519921
2023-10-03,6275.0,6275.0,6200.0,6200.0,4808.3193359375,25350100,ASII.JK,0.7755353767641129
2023-10-04,6175.0,6200.0,6050.0,6075.0,4711.376953125,55496200,ASII.JK,0.7755353009259259
2023-10-05,6125.0,6175.0,6025.0,6025.0,4672.6005859375,55924900,ASII.JK,0.7755353669605809
2023-10-06,6050.0,6150.0,6050.0,6075.0,4711.376953125,18104300,ASII.JK,0.7755353009259259
2023-10-09,6150.0,6225.0,6100.0,6125.0,4750.154296875,43718300,ASII.JK,0.7755353954081633
2023-10-10,6175.0,6175.0,6050.0,6050.0,4691.98876953125,36797700,ASII.JK,0.7755353338068182
2023-10-11,6075.0,6125.0,6050.0,6050.0,4691.98876953125,45959600,ASII.JK,0.7755353338068182
2023-10-12,6000.0,6025.0,5950.0,5950.0,4690.41259765625,71954600,ASII.JK,0.7883046382615546
2023-10-13,6000.0,6025.0,5950.0,5975.0,4710.11962890625,32794800,ASII.JK,0.7883045404027197
2023-10-16,5925.0,5975.0,5825.0,5850.0,4611.58203125,52414600,ASII.JK,0.7883046207264958
2023-10-17,5875.0,5925.0,5850.0,5850.0,4611.58203125,40295600,ASII.JK,0.7883046207264958
2023-10-18,5850.0,6000.0,5825.0,5825.0,4591.87451171875,53751300,ASII.JK,0.7883046372049356
2023-10-19,5825.0,5850.0,5700.0,5725.0,4513.0439453125,60258300,ASII.JK,0.788304619268559
2023-10-20,5675.0,5750.0,5650.0,5700.0,4493.3359375,56606100,ASII.JK,0.7883045504385965
2023-10-23,5725.0,5750.0,5600.0,5600.0,4414.50537109375,57516800,ASII.JK,0.7883045305524553
2023-10-24,5600.0,5850.0,5600.0,5800.0,4572.16650390625,57283100,ASII.JK,0.7883045696390086
2023-10-25,5825.0,5925.0,5775.0,5775.0,4552.45947265625,51542400,ASII.JK,0.7883046705898269
2023-10-26,5775.0,5800.0,5675.0,5725.0,4513.0439453125,18969800,ASII.JK,0.788304619268559
2023-10-27,5750.0,5775.0,5725.0,5725.0,4513.0439453125,35328800,ASII.JK,0.788304619268559
2023-10-30,5750.0,5825.0,5675.0,5800.0,4572.16650390625,17820800,ASII.JK,0.7883045696390086
2023-10-31,5850.0,5900.0,5775.0,5775.0,4552.45947265625,46118000,ASII.JK,0.7883046705898269
2023-11-01,5900.0,6000.0,5800.0,5800.0,4572.16650390625,91836500,ASII.JK,0.7883045696390086
2023-11-02,5850.0,5900.0,5800.0,5800.0,4572.16650390625,46166200,ASII.JK,0.7883045696390086
2023-11-03,5850.0,5925.0,5825.0,5900.0,4650.99658203125,43395900,ASII.JK,0.7883045054290254
2023-11-06,5925.0,5950.0,5900.0,5925.0,4670.705078125,29757300,ASII.JK,0.788304654535865
2023-11-07,5925.0,5950.0,5775.0,5825.0,4591.87451171875,30298200,ASII.JK,0.7883046372049356
2023-11-08,5800.0,5825.0,5675.0,5725.0,4513.0439453125,38367700,ASII.JK,0.788304619268559
2023-11-09,5775.0,5825.0,5725.0,5750.0,4532.751953125,20420100,ASII.JK,0.7883046875
2023-11-10,5725.0,5775.0,5725.0,5775.0,4552.45947265625,15229800,ASII.JK,0.7883046705898269
2023-11-13,5825.0,5825.0,5650.0,5650.0,4453.92138671875,24673700,ASII.JK,0.7883046702157079
2023-11-14,5675.0,5725.0,5650.0,5675.0,4473.62890625,12066000,ASII.JK,0.7883046530837005
2023-11-15,5750.0,5850.0,5700.0,5750.0,4532.751953125,34814300,ASII.JK,0.7883046875
2023-11-16,5750.0,5825.0,5725.0,5825.0,4591.87451171875,17422800,ASII.JK,0.7883046372049356
2023-11-17,5800.0,5825.0,5700.0,5700.0,4493.3359375,27116700,ASII.JK,0.7883045504385965
2023-11-20,5725.0,5850.0,5700.0,5800.0,4572.16650390625,22940000,ASII.JK,0.7883045696390086
2023-11-21,5800.0,5850.0,5750.0,5775.0,4552.45947265625,17153300,ASII.JK,0.7883046705898269
2023-11-22,5775.0,5775.0,5650.0,5675.0,4473.62890625,36329500,ASII.JK,0.7883046530837005
2023-11-23,5675.0,5725.0,5675.0,5700.0,4493.3359375,43425400,ASII.JK,0.7883045504385965
2023-11-24,5700.0,5750.0,5700.0,5725.0,4513.0439453125,9347300,ASII.JK,0.788304619268559
2023-11-27,5725.0,5750.0,5600.0,5625.0,4434.21337890625,63360900,ASII.JK,0.7883046006944444
2023-11-28,5675.0,5675.0,5550.0,5550.0,4375.08984375,86907600,ASII.JK,0.7883044763513514
2023-11-29,5600.0,5650.0,5525.0,5525.0,4355.3828125,75070800,ASII.JK,0.7883045814479638
2023-11-30,5575.0,5575.0,5400.0,5400.0,4256.84521484375,161684600,ASII.JK,0.7883046694155093
2023-12-01,5450.0,5750.0,5450.0,5750.0,4532.751953125,145374400,ASII.JK,0.7883046875
2023-12-04,5750.0,5825.0,5725.0,5750.0,4532.751953125,57590700,ASII.JK,0.7883046875
2023-12-05,5775.0,5800.0,5675.0,5725.0,4513.0439453125,25787200,ASII.JK,0.788304619268559
2023-12-06,5700.0,5825.0,5700.0,5725.0,4513.0439453125,41363700,ASII.JK,0.788304619268559
2023-12-07,5750.0,5750.0,5600.0,5675.0,4473.62890625,40599000,ASII.JK,0.7883046530837005
2023-12-08,5675.0,5700.0,5625.0,5675.0,4473.62890625,26972000,ASII.JK,0.7883046530837005
2023-12-11,5650.0,5675.0,5525.0,5600.0,4414.50537109375,39510200,ASII.JK,0.7883045305524553
2023-12-12,5675.0,5675.0,5550.0,5575.0,4394.7978515625,19272900,ASII.JK,0.7883045473654708
2023-12-13,5550.0,5600.0,5525.0,5525.0,4355.3828125,31196600,ASII.JK,0.7883045814479638
2023-12-14,5600.0,5650.0,5575.0,5625.0,4434.21337890625,65510200,ASII.JK,0.7883046006944444
2023-12-15,5625.0,5700.0,5600.0,5650.0,4453.92138671875,93580400,ASII.JK,0.7883046702157079
2023-12-18,5650.0,5650.0,5550.0,5600.0,4414.50537109375,39134200,ASII.JK,0.7883045305524553
2023-12-19,5625.0,5650.0,5600.0,5625.0,4434.21337890625,33668300,ASII.JK,0.7883046006944444
2023-12-20,5650.0,5700.0,5625.0,5625.0,4434.21337890625,27178500,ASII.JK,0.7883046006944444
2023-12-21,5600.0,5600.0,5475.0,5550.0,4375.08984375,114749900,ASII.JK,0.7883044763513514
2023-12-22,5550.0,5600.0,5500.0,5550.0,4375.08984375,38055800,ASII.JK,0.7883044763513514
2023-12-27,5550.0,5575.0,5500.0,5550.0,4375.08984375,34332400,ASII.JK,0.7883044763513514
2023-12-28,5575.0,5600.0,5550.0,5600.0,4414.50537109375,31643200,ASII.JK,0.7883045305524553
2023-12-29,5600.0,5675.0,5575.0,5650.0,4453.92138671875,36245000,ASII.JK,0.7883046702157079
2024-01-02,5625.0,5700.0,5575.0,5700.0,4493.3359375,36479600,ASII.JK,0.7883045504385965
2024-01-03,5700.0,5700.0,5600.0,5600.0,4414.50537109375,37187300,ASII.JK,0.7883045305524553
2024-01-04,5600.0,5750.0,5600.0,5700.0,4493.3359375,52008000,ASII.JK,0.7883045504385965
2024-01-05,5725.0,5750.0,5625.0,5625.0,4434.21337890625,39167600,ASII.JK,0.7883046006944444
2024-01-08,5625.0,5675.0,5550.0,5575.0,4394.7978515625,39614600,ASII.JK,0.7883045473654708
2024-01-09,5600.0,5600.0,5525.0,5575.0,4394.7978515625,36777600,ASII.JK,0.7883045473654708
2024-01-10,5500.0,5575.0,5450.0,5525.0,4355.3828125,75423900,ASII.JK,0.7883045814479638
2024-01-11,5550.0,5625.0,5525.0,5550.0,4375.08984375,39941000,ASII.JK,0.7883044763513514
2024-01-12,5550.0,5625.0,5550.0,5600.0,4414.50537109375,28821000,ASII.JK,0.7883045305524553
2024-01-15,5600.0,5600.0,5500.0,5525.0,4355.3828125,79502600,ASII.JK,0.7883045814479638
2024-01-16,5525.0,5525.0,5475.0,5500.0,4335.67529296875,44840900,ASII.JK,0.7883045987215909
2024-01-17,5500.0,5525.0,5350.0,5400.0,4256.84521484375,114587100,ASII.JK,0.7883046694155093
2024-01-18,5400.0,5400.0,5325.0,5375.0,4237.13720703125,71517600,ASII.JK,0.7883045966569767
2024-01-19,5375.0,5400.0,5300.0,5350.0,4217.4296875,52865000,ASII.JK,0.7883046144859813
2024-01-22,5350.0,5425.0,5225.0,5225.0,4118.8916015625,169967200,ASII.JK,0.7883046127392345
2024-01-23,5150.0,5200.0,5075.0,5125.0,4040.06103515625,176612600,ASII.JK,0.7883045922256098
2024-01-24,5150.0,5175.0,4980.0,5075.0,4000.645751953125,246293300,ASII.JK,0.7883045816656404
2024-01-25,5075.0,5150.0,5025.0,5050.0,3980.93798828125,81025300,ASII.JK,0.788304552134901
2024-01-26,5050.0,5075.0,4990.0,5075.0,4000.645751953125,71861600,ASII.JK,0.7883045816656404
2024-01-29,5075.0,5075.0,4910.0,4930.0,3886.341552734375,132819200,ASII.JK,0.7883045745911511
2024-01-30,4920.0,5175.0,4900.0,5100.0,4020.353515625,165689300,ASII.JK,0.7883046109068628
2024-01-31,5125.0,5150.0,5050.0,5125.0,4040.06103515625,79343600,ASII.JK,0.7883045922256098
2024-02-01,5100.0,5175.0,5075.0,5125.0,4040.06103515625,55358600,ASII.JK,0.7883045922256098
2024-02-02,5150.0,5325.0,5125.0,5325.0,4197.7216796875,104840200,ASII.JK,0.788304540786385
2024-02-05,5325.0,5350.0,5150.0,5175.0,4079.475830078125,88826000,ASII.JK,0.788304508227657
2024-02-06,5175.0,5275.0,5150.0,5250.0,4138.599609375,46257400,ASII.JK,0.7883046875
2024-02-07,5250.0,5325.0,5250.0,5325.0,4197.7216796875,68376900,ASII.JK,0.788304540786385
2024-02-12,5300.0,5350.0,5225.0,5300.0,4178.01416015625,80552600,ASII.JK,0.7883045585200472
2024-02-13,5300.0,5300.0,5150.0,5200.0,4099.18359375,63689100,ASII.JK,0.7883045372596154
2024-02-15,5325.0,5325.0,5075.0,5125.0,4040.06103515625,124120800,ASII.JK,0.7883045922256098
2024-02-16,5125.0,5200.0,5100.0,5200.0,4099.18359375,75502700,ASII.JK,0.7883045372596154
2024-02-19,5200.0,5250.0,5075.0,5125.0,4040.06103515625,89709800,ASII.JK,0.7883045922256098
2024-02-20,5125.0,5250.0,5125.0,5200.0,4099.18359375,41623800,ASII.JK,0.7883045372596154
2024-02-21,5200.0,5300.0,5175.0,5250.0,4138.599609375,68374800,ASII.JK,0.7883046875
2024-02-22,5275.0,5300.0,5275.0,5275.0,4158.306640625,41938600,ASII.JK,0.788304576421801
2024-02-23,5250.0,5275.0,5100.0,5125.0,4040.06103515625,81214600,ASII.JK,0.7883045922256098
2024-02-26,5150.0,5200.0,5075.0,5125.0,4040.06103515625,50291500,ASII.JK,0.7883045922256098
2024-02-27,5125.0,5175.0,5050.0,5175.0,4079.475830078125,46555200,ASII.JK,0.788304508227657
2024-02-28,5325.0,5425.0,5200.0,5225.0,4118.8916015625,216020000,ASII.JK,0.7883046127392345
2024-02-29,5250.0,5300.0,5200.0,5225.0,4118.8916015625,85412900,ASII.JK,0.7883046127392345
2024-03-01,5225.0,5275.0,5150.0,5225.0,4118.8916015625,64835200,ASII.JK,0.7883046127392345
2024-03-04,5250.0,5275.0,5175.0,5200.0,4099.18359375,57118400,ASII.JK,0.7883045372596154
2024-03-05,5225.0,5225.0,5100.0,5100.0,4020.353515625,53172900,ASII.JK,0.7883046109068628
2024-03-06,5125.0,5200.0,5100.0,5175.0,4079.475830078125,29210000,ASII.JK,0.788304508227657
2024-03-07,5175.0,5200.0,5100.0,5125.0,4040.06103515625,55244400,ASII.JK,0.7883045922256098
2024-03-08,5150.0,5175.0,5125.0,5150.0,4059.768798828125,39983000,ASII.JK,0.7883046211316748
2024-03-13,5150.0,5200.0,5125.0,5150.0,4059.768798828125,63672300,ASII.JK,0.7883046211316748
2024-03-14,5175.0,5300.0,5150.0,5275.0,4158.306640625,79465800,ASII.JK,0.788304576421801
2024-03-15,5300.0,5300.0,5175.0,5175.0,4079.475830078125,164222200,ASII.JK,0.788304508227657
2024-03-18,5200.0,5250.0,5150.0,5150.0,4059.768798828125,50943600,ASII.JK,0.7883046211316748
2024-03-19,5150.0,5250.0,5150.0,5225.0,4118.8916015625,48398600,ASII.JK,0.7883046127392345
2024-03-20,5225.0,5275.0,5225.0,5275.0,4158.306640625,56191300,ASII.JK,0.788304576421801
2024-03-21,5300.0,5400.0,5275.0,5350.0,4217.4296875,67351800,ASII.JK,0.7883046144859813
2024-03-22,5375.0,5375.0,5325.0,5375.0,4237.13720703125,46341000,ASII.JK,0.7883045966569767
2024-03-25,5425.0,5425.0,5325.0,5350.0,4217.4296875,39759600,ASII.JK,0.7883046144859813
2024-03-26,5375.0,5375.0,5250.0,5300.0,4178.01416015625,57175300,ASII.JK,0.7883045585200472
2024-03-27,5300.0,5325.0,5250.0,5275.0,4158.306640625,47174800,ASII.JK,0.788304576421801
2024-03-28,5275.0,5275.0,5100.0,5150.0,4059.768798828125,107123600,ASII.JK,0.7883046211316748
2024-04-01,5175.0,5225.0,5150.0,5200.0,4099.18359375,42828200,ASII.JK,0.7883045372596154
2024-04-02,5225.0,5275.0,5175.0,5275.0,4158.306640625,41029100,ASII.JK,0.788304576421801
2024-04-03,5275.0,5275.0,5200.0,5250.0,4138.599609375,39260600,ASII.JK,0.7883046875
2024-04-04,5250.0,5250.0,5150.0,5175.0,4079.475830078125,48395600,ASII.JK,0.788304508227657
2024-04-05,5150.0,5325.0,5150.0,5275.0,4158.306640625,59190300,ASII.JK,0.788304576421801
2024-04-16,5175.0,5225.0,5100.0,5100.0,4020.353515625,137258300,ASII.JK,0.7883046109068628
2024-04-17,5150.0,5175.0,5100.0,5125.0,4040.06103515625,47211000,ASII.JK,0.7883045922256098
2024-04-18,5150.0,5150.0,5050.0,5100.0,4020.353515625,81583700,ASII.JK,0.7883046109068628
2024-04-19,5050.0,5075.0,4870.0,4900.0,3862.69287109375,185008500,ASII.JK,0.788304667570153
2024-04-22,4940.0,4990.0,4940.0,4950.0,3902.10791015625,57689200,ASII.JK,0.788304628314394
2024-04-23,4990.0,5075.0,4990.0,5025.0,3961.230712890625,49438000,ASII.JK,0.7883046194807214
2024-04-24,5000.0,5050.0,4910.0,4910.0,3870.57568359375,65796800,ASII.JK,0.7883046198765274
2024-04-25,4910.0,4980.0,4910.0,4950.0,3902.10791015625,52139300,ASII.JK,0.788304628314394
2024-04-26,4980.0,4980.0,4880.0,4880.0,3846.92626953125,70877700,ASII.JK,0.7883045634285348
2024-04-29,4920.0,5050.0,4900.0,5025.0,3961.230712890625,68303100,ASII.JK,0.7883046194807214
2024-04-30,5050.0,5225.0,4980.0,5150.0,4059.768798828125,142632100,ASII.JK,0.7883046211316748
2024-05-02,5225.0,5275.0,5175.0,5175.0,4079.475830078125,100889100,ASII.JK,0.788304508227657
2024-05-03,5225.0,5250.0,5200.0,5225.0,4118.8916015625,44094400,ASII.JK,0.7883046127392345
2024-05-06,5250.0,5250.0,5075.0,5100.0,4020.353515625,70400000,ASII.JK,0.7883046109068628
2024-05-07,5100.0,5125.0,5025.0,5050.0,3980.93798828125,58780600,ASII.JK,0.788304552134901
2024-05-08,5075.0,5150.0,5000.0,5125.0,4040.06103515625,86738900,ASII.JK,0.7883045922256098
2024-05-13,5150.0,5175.0,5075.0,5075.0,4000.645751953125,143316000,ASII.JK,0.7883045816656404
2024-05-14,4680.0,4690.0,4580.0,4580.0,3937.034423828125,264535600,ASII.JK,0.8596145030192412
2024-05-15,4570.0,4620.0,4530.0,4530.0,3894.053466796875,109962400,ASII.JK,0.8596144518315397
2024-05-16,4590.0,4720.0,4540.0,4710.0,4048.784423828125,149039700,ASII.JK,0.8596145273520436
2024-05-17,4710.0,4810.0,4690.0,4800.0,4126.14990234375,101492400,ASII.JK,0.8596145629882812
2024-05-20,4800.0,4830.0,4730.0,4740.0,4074.572509765625,58021800,ASII.JK,0.8596144535370517
2024-05-21,4750.0,4770.0,4700.0,4700.0,4040.18798828125,57558000,ASII.JK,0.8596144655917554
2024-05-22,4720.0,4730.0,4700.0,4710.0,4048.784423828125,25932300,ASII.JK,0.8596145273520436
2024-05-27,4700.0,4720.0,4550.0,4550.0,3911.245849609375,86050000,ASII.JK,0.8596144724416209
2024-05-28,4560.0,4600.0,4510.0,4510.0,3876.861572265625,42542400,ASII.JK,0.8596145393050166
2024-05-29,4800.0,4800.0,4370.0,4460.0,3833.880615234375,148814900,ASII.JK,0.8596144877207119
2024-05-30,4450.0,4450.0,4310.0,4320.0,3713.534423828125,112636300,ASII.JK,0.8596144499602141
2024-05-31,4340.0,4370.0,4290.0,4290.0,3687.746337890625,144592700,ASII.JK,0.8596145309768357
2024-06-03,4330.0,4530.0,4330.0,4500.0,3868.264892578125,77444200,ASII.JK,0.8596144205729167
2024-06-04,4510.0,4630.0,4480.0,4580.0,3937.034423828125,92676800,ASII.JK,0.8596145030192412
2024-06-05,4560.0,4640.0,4550.0,4600.0,3954.226318359375,65856400,ASII.JK,0.8596144170346467
2024-06-06,4620.0,4620.0,4530.0,4560.0,3919.842041015625,43632400,ASII.JK,0.8596144826788651
2024-06-07,4550.0,4570.0,4530.0,4560.0,3919.842041015625,34027900,ASII.JK,0.8596144826788651
2024-06-10,4560.0,4560.0,4500.0,4510.0,3876.861572265625,19932200,ASII.JK,0.8596145393050166
2024-06-11,4500.0,4500.0,4350.0,4350.0,3739.322998046875,71234400,ASII.JK,0.8596144823096264
2024-06-12,4350.0,4410.0,4290.0,4360.0,3747.919189453125,65665400,ASII.JK,0.859614492993836
2024-06-13,4410.0,4480.0,4400.0,4460.0,3833.880615234375,55824400,ASII.JK,0.8596144877207119
2024-06-14,4480.0,4530.0,4410.0,4420.0,3799.49560546875,57967500,ASII.JK,0.8596143903775453
2024-06-19,4450.0,4510.0,4420.0,4450.0,3825.284423828125,48727600,ASII.JK,0.8596144772647472
2024-06-20,4440.0,4470.0,4360.0,4450.0,3825.284423828125,35160300,ASII.JK,0.8596144772647472
2024-06-21,4450.0,4530.0,4410.0,4490.0,3859.669189453125,98313200,ASII.JK,0.8596145188091593
2024-06-24,4480.0,4500.0,4410.0,4430.0,3808.092041015625,36677200,ASII.JK,0.859614456211202
2024-06-25,4440.0,4440.0,4360.0,4400.0,3782.303466796875,50385000,ASII.JK,0.8596144242720171
2024-06-26,4400.0,4450.0,4370.0,4420.0,3799.49560546875,38397100,ASII.JK,0.8596143903775453
2024-06-27,4430.0,4440.0,4400.0,4430.0,3808.092041015625,21784700,ASII.JK,0.859614456211202
2024-06-28,4430.0,4560.0,4430.0,4460.0,3833.880615234375,127293900,ASII.JK,0.8596144877207119
2024-07-01,4490.0,4620.0,4490.0,4620.0,3971.4189453125,141627300,ASII.JK,0.8596144903273809
2024-07-02,4610.0,4620.0,4510.0,4530.0,3894.053466796875,72229800,ASII.JK,0.8596144518315397
2024-07-03,4550.0,4580.0,4520.0,4570.0,3928.437744140625,30743200,ASII.JK,0.859614386026395
2024-07-04,4580.0,4610.0,4550.0,4550.0,3911.245849609375,44755400,ASII.JK,0.8596144724416209
2024-07-05,4570.0,4610.0,4540.0,4580.0,3937.034423828125,53196500,ASII.JK,0.8596145030192412
2024-07-08,4600.0,4640.0,4560.0,4640.0,3988.611083984375,69535000,ASII.JK,0.8596144577552532
2024-07-09,4620.0,4620.0,4540.0,4560.0,3919.842041015625,84784500,ASII.JK,0.8596144826788651
2024-07-10,4570.0,4580.0,4520.0,4540.0,3902.650146484375,44563900,ASII.JK,0.8596145697102148
2024-07-11,4550.0,4600.0,4500.0,4510.0,3876.861572265625,71140800,ASII.JK,0.8596145393050166
2024-07-12,4510.0,4570.0,4500.0,4540.0,3902.650146484375,54299700,ASII.JK,0.8596145697102148
2024-07-15,4540.0,4550.0,4460.0,4470.0,3842.476318359375,53234000,ASII.JK,0.8596143888947148
2024-07-16,4480.0,4490.0,4380.0,4380.0,3765.111572265625,83814800,ASII.JK,0.8596145142158961
2024-07-17,4420.0,4470.0,4400.0,4460.0,3833.880615234375,49379700,ASII.JK,0.8596144877207119
2024-07-18,4470.0,4540.0,4460.0,4540.0,3902.650146484375,54184300,ASII.JK,0.8596145697102148
2024-07-19,4520.0,4540.0,4480.0,4530.0,3894.053466796875,40785800,ASII.JK,0.8596144518315397
2024-07-22,4530.0,4540.0,4480.0,4520.0,3885.457275390625,33128600,ASII.JK,0.8596144414581028
2024-07-23,4510.0,4530.0,4450.0,4450.0,3825.284423828125,46427300,ASII.JK,0.8596144772647472
2024-07-24,4470.0,4560.0,4460.0,4530.0,3894.053466796875,50741700,ASII.JK,0.8596144518315397
2024-07-25,4530.0,4530.0,4450.0,4490.0,3859.669189453125,40364400,ASII.JK,0.8596145188091593
2024-07-26,4500.0,4620.0,4500.0,4610.0,3962.822998046875,92236800,ASII.JK,0.8596145331988883
2024-07-29,4620.0,4630.0,4580.0,4610.0,3962.822998046875,42232800,ASII.JK,0.8596145331988883
2024-07-30,4610.0,4610.0,4520.0,4540.0,3902.650146484375,40995800,ASII.JK,0.8596145697102148
2024-07-31,4620.0,4730.0,4590.0,4720.0,4057.38037109375,170406600,ASII.JK,0.8596144854012182
2024-08-01,4700.0,4740.0,4660.0,4740.0,4074.572509765625,50775700,ASII.JK,0.8596144535370517
2024-08-02,4710.0,4740.0,4670.0,4690.0,4031.591552734375,47509800,ASII.JK,0.859614403568097
2024-08-05,4640.0,4650.0,4520.0,4560.0,3919.842041015625,93952300,ASII.JK,0.8596144826788651
2024-08-06,4600.0,4620.0,4540.0,4610.0,3962.822998046875,56748800,ASII.JK,0.8596145331988883
2024-08-07,4600.0,4630.0,4560.0,4630.0,3980.014892578125,72464900,ASII.JK,0.8596144476410638
2024-08-08,4620.0,4750.0,4600.0,4740.0,4074.572509765625,116387300,ASII.JK,0.8596144535370517
2024-08-09,4760.0,4790.0,4730.0,4760.0,4091.76513671875,44489500,ASII.JK,0.8596145245207458
2024-08-12,4760.0,4780.0,4720.0,4760.0,4091.76513671875,34027600,ASII.JK,0.8596145245207458
2024-08-13,4800.0,4800.0,4740.0,4760.0,4091.76513671875,43904800,ASII.JK,0.8596145245207458
2024-08-14,4800.0,4930.0,4770.0,4890.0,4203.5146484375,91874600,ASII.JK,0.8596144475332311
2024-08-15,4890.0,4920.0,4840.0,4890.0,4203.5146484375,46694800,ASII.JK,0.8596144475332311
2024-08-16,4900.0,4990.0,4900.0,4970.0,4272.28369140625,65502100,ASII.JK,0.8596144248302314
2024-08-19,4970.0,5050.0,4940.0,5025.0,4319.56298828125,54296700,ASII.JK,0.8596145250310945
2024-08-20,5050.0,5150.0,5025.0,5125.0,4405.52392578125,94493800,ASII.JK,0.8596144245426829
2024-08-21,5150.0,5225.0,5075.0,5075.0,4362.54345703125,94502800,ASII.JK,0.8596144742918719
2024-08-22,5025.0,5050.0,4990.0,5000.0,4298.07275390625,63177200,ASII.JK,0.85961455078125
2024-08-23,5050.0,5175.0,5050.0,5100.0,4384.0341796875,52275100,ASII.JK,0.8596145450367647
2024-08-26,5125.0,5200.0,5125.0,5150.0,4427.0146484375,30540900,ASII.JK,0.859614494842233
2024-08-27,5150.0,5175.0,5075.0,5150.0,4427.0146484375,30475700,ASII.JK,0.859614494842233
2024-08-28,5150.0,5150.0,5000.0,5025.0,4319.56298828125,64090900,ASII.JK,0.8596145250310945
2024-08-29,5050.0,5075.0,5000.0,5075.0,4362.54345703125,42502100,ASII.JK,0.8596144742918719
2024-08-30,5075.0,5125.0,5025.0,5100.0,4384.0341796875,74429400,ASII.JK,0.8596145450367647
2024-09-02,5100.0,5225.0,5100.0,5200.0,4469.99560546875,84858600,ASII.JK,0.8596145395132212
2024-09-03,5225.0,5225.0,5125.0,5125.0,4405.52392578125,34864300,ASII.JK,0.8596144245426829
2024-09-04,5050.0,5100.0,5025.0,5050.0,4341.05322265625,45331200,ASII.JK,0.8596144995358911
2024-09-05,5075.0,5125.0,5050.0,5075.0,4362.54345703125,34711100,ASII.JK,0.8596144742918719
2024-09-06,5050.0,5125.0,5050.0,5050.0,4341.05322265625,32014300,ASII.JK,0.8596144995358911
2024-09-09,5050.0,5100.0,5000.0,5025.0,4319.56298828125,55466500,ASII.JK,0.8596145250310945
2024-09-10,5075.0,5100.0,5000.0,5025.0,4319.56298828125,58871700,ASII.JK,0.8596145250310945
2024-09-11,5025.0,5050.0,5000.0,5025.0,4319.56298828125,27381100,ASII.JK,0.8596145250310945
2024-09-12,5025.0,5075.0,5025.0,5025.0,4319.56298828125,24718300,ASII.JK,0.8596145250310945
2024-09-13,5025.0,5075.0,5025.0,5075.0,4362.54345703125,24921900,ASII.JK,0.8596144742918719
2024-09-17,5075.0,5100.0,5025.0,5075.0,4362.54345703125,35574000,ASII.JK,0.8596144742918719
2024-09-18,5100.0,5275.0,5075.0,5250.0,4512.97607421875,123540100,ASII.JK,0.8596144903273809
2024-09-19,5275.0,5275.0,5200.0,5275.0,4534.46630859375,57254000,ASII.JK,0.8596144660841232
2024-09-20,5275.0,5275.0,5200.0,5225.0,4491.48583984375,47509500,ASII.JK,0.8596145148026316
2024-09-23,5250.0,5275.0,5225.0,5225.0,4491.48583984375,23362800,ASII.JK,0.8596145148026316
2024-09-24,5250.0,5275.0,5225.0,5275.0,4534.46630859375,43482600,ASII.JK,0.8596144660841232
2024-09-25,5300.0,5300.0,5150.0,5225.0,4491.48583984375,63437200,ASII.JK,0.8596145148026316
2024-09-26,5250.0,5275.0,5175.0,5250.0,4512.97607421875,56030300,ASII.JK,0.8596144903273809
2024-09-27,5275.0,5275.0,5050.0,5100.0,4384.0341796875,57476200,ASII.JK,0.8596145450367647
2024-09-30,5100.0,5100.0,5000.0,5050.0,4341.05322265625,66737800,ASII.JK,0.8596144995358911
2024-10-01,5100.0,5175.0,5075.0,5175.0,4448.5048828125,39024000,ASII.JK,0.8596144701086956
2024-10-02,5150.0,5150.0,5050.0,5150.0,4427.0146484375,39888600,ASII.JK,0.859614494842233
2024-10-03,5175.0,5250.0,5100.0,5250.0,4512.97607421875,56763900,ASII.JK,0.8596144903273809
2024-10-04,5250.0,5250.0,5100.0,5150.0,4427.0146484375,35939300,ASII.JK,0.859614494842233
2024-10-07,5150.0,5175.0,5075.0,5100.0,4384.0341796875,27889100,ASII.JK,0.8596145450367647
2024-10-08,5100.0,5225.0,5075.0,5225.0,4491.48583984375,42347600,ASII.JK,0.8596145148026316
2024-10-09,5225.0,5225.0,5075.0,5075.0,4362.54345703125,33544900,ASII.JK,0.8596144742918719
2024-10-10,5100.0,5125.0,5075.0,5125.0,4405.52392578125,27734400,ASII.JK,0.8596144245426829
2024-10-11,5125.0,5150.0,5075.0,5075.0,4362.54345703125,39320000,ASII.JK,0.8596144742918719
2024-10-14,5025.0,5025.0,4920.0,4930.0,4321.3466796875,71369100,ASII.JK,0.8765409086587221
2024-10-15,4930.0,4970.0,4900.0,4930.0,4321.3466796875,61263600,ASII.JK,0.8765409086587221
2024-10-16,4950.0,4960.0,4900.0,4960.0,4347.64208984375,80530100,ASII.JK,0.8765407439201108
2024-10-17,4950.0,4970.0,4930.0,4950.0,4338.876953125,54164800,ASII.JK,0.8765407986111111
2024-10-18,4960.0,4960.0,4920.0,4920.0,4312.58056640625,39805400,ASII.JK,0.8765407655297256
2024-10-21,4950.0,5100.0,4930.0,5100.0,4470.3583984375,88954300,ASII.JK,0.8765408624387255
2024-10-22,5125.0,5275.0,5100.0,5275.0,4623.75244140625,132222000,ASII.JK,0.8765407471860189
2024-10-23,5275.0,5300.0,5175.0,5300.0,4645.666015625,64519100,ASII.JK,0.8765407576650943
2024-10-24,5300.0,5300.0,5200.0,5275.0,4623.75244140625,50777100,ASII.JK,0.8765407471860189
2024-10-25,5275.0,5275.0,5200.0,5225.0,4579.92578125,27247500,ASII.JK,0.8765408193779904
2024-10-28,5250.0,5250.0,5125.0,5250.0,4601.83935546875,40165900,ASII.JK,0.8765408296130952
2024-10-29,5250.0,5250.0,5125.0,5125.0,4492.271484375,45247600,ASII.JK,0.8765407774390244
2024-10-30,5125.0,5200.0,5050.0,5200.0,4558.01220703125,33200300,ASII.JK,0.8765408090444712
2024-10-31,5300.0,5300.0,5100.0,5100.0,4470.3583984375,77263000,ASII.JK,0.8765408624387255
2024-11-01,5125.0,5175.0,5050.0,5075.0,4448.4443359375,54219100,ASII.JK,0.8765407558497537
2024-11-04,5075.0,5125.0,4980.0,5125.0,4492.271484375,52362100,ASII.JK,0.8765407774390244
2024-11-05,5125.0,5200.0,5075.0,5175.0,4536.0986328125,31165800,ASII.JK,0.8765407986111111
2024-11-06,5175.0,5175.0,5025.0,5050.0,4426.53125,32975900,ASII.JK,0.8765408415841585
2024-11-07,5050.0,5075.0,5000.0,5000.0,4382.7041015625,46053500,ASII.JK,0.8765408203125
2024-11-08,5050.0,5075.0,4950.0,4960.0,4347.64208984375,32828900,ASII.JK,0.8765407439201108
2024-11-11,4960.0,4990.0,4850.0,4970.0,4356.40771484375,49885000,ASII.JK,0.8765407876949195
2024-11-12,5000.0,5000.0,4930.0,4970.0,4356.40771484375,43239600,ASII.JK,0.8765407876949195
2024-11-13,5000.0,5025.0,4950.0,5025.0,4404.61767578125,24479600,ASII.JK,0.8765408310012438
2024-11-14,5025.0,5025.0,4930.0,4950.0,4338.876953125,38255700,ASII.JK,0.8765407986111111
2024-11-15,4940.0,4960.0,4920.0,4940.0,4330.111328125,14867600,ASII.JK,0.8765407546811741
2024-11-18,4950.0,4970.0,4910.0,4930.0,4321.3466796875,17408700,ASII.JK,0.8765409086587221
2024-11-19,4930.0,4970.0,4900.0,4970.0,4356.40771484375,36816800,ASII.JK,0.8765407876949195
2024-11-20,4970.0,5025.0,4950.0,5000.0,4382.7041015625,18634300,ASII.JK,0.8765408203125
2024-11-21,4990.0,4990.0,4890.0,4890.0,4286.2841796875,27662900,ASII.JK,0.8765407320424335
2024-11-22,4900.0,4960.0,4860.0,4910.0,4303.81494140625,21241800,ASII.JK,0.8765407212640021
2024-11-25,4950.0,5175.0,4940.0,5175.0,4536.0986328125,84518400,ASII.JK,0.8765407986111111
2024-11-26,5150.0,5200.0,5100.0,5150.0,4514.18505859375,45059300,ASII.JK,0.8765407880764563
2024-11-28,5200.0,5225.0,5125.0,5125.0,4492.271484375,30554200,ASII.JK,0.8765407774390244
2024-11-29,5125.0,5125.0,5025.0,5100.0,4470.3583984375,48756800,ASII.JK,0.8765408624387255
2024-12-02,5100.0,5150.0,4900.0,4940.0,4330.111328125,47373200,ASII.JK,0.8765407546811741
2024-12-03,4980.0,5125.0,4970.0,5125.0,4492.271484375,46752800,ASII.JK,0.8765407774390244
2024-12-04,5100.0,5225.0,5075.0,5225.0,4579.92578125,51733400,ASII.JK,0.8765408193779904
2024-12-05,5225.0,5225.0,5125.0,5200.0,4558.01220703125,21948400,ASII.JK,0.8765408090444712
2024-12-06,5150.0,5175.0,5050.0,5150.0,4514.18505859375,36599600,ASII.JK,0.8765407880764563
2024-12-09,5150.0,5225.0,5100.0,5225.0,4579.92578125,37208600,ASII.JK,0.8765408193779904
2024-12-10,5200.0,5225.0,5150.0,5225.0,4579.92578125,41536400,ASII.JK,0.8765408193779904
2024-12-11,5175.0,5250.0,5175.0,5250.0,4601.83935546875,41090000,ASII.JK,0.8765408296130952
2024-12-12,5150.0,5225.0,5050.0,5100.0,4470.3583984375,37254100,ASII.JK,0.8765408624387255
2024-12-13,5100.0,5150.0,5050.0,5125.0,4492.271484375,27732300,ASII.JK,0.8765407774390244
2024-12-16,5075.0,5150.0,5000.0,5125.0,4492.271484375,35937800,ASII.JK,0.8765407774390244
2024-12-17,5100.0,5150.0,4950.0,4980.0,4365.17333984375,48682400,ASII.JK,0.8765408312939257
2024-12-18,4980.0,5050.0,4960.0,5000.0,4382.7041015625,27412000,ASII.JK,0.8765408203125
2024-12-19,4950.0,4950.0,4860.0,4880.0,4277.51904296875,39151900,ASII.JK,0.8765407874935963
2024-12-20,4880.0,4900.0,4850.0,4870.0,4268.75390625,44851200,ASII.JK,0.8765408431724846
2024-12-23,4900.0,4950.0,4870.0,4950.0,4338.876953125,29678900,ASII.JK,0.8765407986111111
2024-12-24,4940.0,4980.0,4880.0,4880.0,4277.51904296875,22600500,ASII.JK,0.8765407874935963
2024-12-27,4890.0,4940.0,4880.0,4930.0,4321.3466796875,14456700,ASII.JK,0.8765409086587221
2024-12-30,4930.0,4940.0,4880.0,4900.0,4295.05029296875,23926400,ASII.JK,0.8765408761160715
2025-01-02,4910.0,4970.0,4900.0,4950.0,4338.876953125,17924000,ASII.JK,0.8765407986111111
2025-01-03,4950.0,4970.0,4920.0,4950.0,4338.876953125,12711800,ASII.JK,0.8765407986111111
2025-01-06,4950.0,5000.0,4860.0,4860.0,4259.98779296875,18412500,ASII.JK,0.8765406981417181
2025-01-07,4860.0,4920.0,4850.0,4920.0,4312.58056640625,20452200,ASII.JK,0.8765407655297256
2025-01-08,4880.0,4910.0,4810.0,4810.0,4216.1611328125,23739400,ASII.JK,0.8765407760524948
2025-01-09,4830.0,4950.0,4830.0,4930.0,4321.3466796875,23802600,ASII.JK,0.8765409086587221
2025-01-10,4940.0,4960.0,4860.0,4900.0,4295.05029296875,31951800,ASII.JK,0.8765408761160715
2025-01-13,4910.0,4920.0,4720.0,4750.0,4163.568359375,46247300,ASII.JK,0.8765407072368421
2025-01-14,4770.0,4850.0,4750.0,4750.0,4163.568359375,28096700,ASII.JK,0.8765407072368421
2025-01-15,4790.0,4940.0,4780.0,4940.0,4330.111328125,27497200,ASII.JK,0.8765407546811741
2025-01-16,5025.0,5025.0,4880.0,4880.0,4277.51904296875,30520200,ASII.JK,0.8765407874935963
2025-01-17,4860.0,4970.0,4840.0,4940.0,4330.111328125,23691900,ASII.JK,0.8765407546811741
2025-01-20,4940.0,4960.0,4900.0,4910.0,4303.81494140625,11873200,ASII.JK,0.8765407212640021
2025-01-21,4930.0,4970.0,4900.0,4910.0,4303.81494140625,21762200,ASII.JK,0.8765407212640021
2025-01-22,4920.0,4980.0,4880.0,4960.0,4347.64208984375,33116700,ASII.JK,0.8765407439201108
2025-01-23,4960.0,4980.0,4900.0,4900.0,4295.05029296875,17049700,ASII.JK,0.8765408761160715
2025-01-24,4900.0,4960.0,4870.0,4870.0,4268.75390625,19663900,ASII.JK,0.8765408431724846
2025-01-30,4870.0,4870.0,4780.0,4780.0,4189.86474609375,28147100,ASII.JK,0.8765407418606171
2025-01-31,4790.0,4840.0,4790.0,4800.0,4207.39599609375,27064100,ASII.JK,0.8765408325195313
2025-02-03,4800.0,4800.0,4740.0,4760.0,4172.33447265625,33116100,ASII.JK,0.8765408556000526
2025-02-04,4770.0,4840.0,4760.0,4800.0,4207.39599609375,20631500,ASII.JK,0.8765408325195313
2025-02-05,4850.0,4850.0,4730.0,4740.0,4154.80322265625,20436200,ASII.JK,0.8765407642734705
2025-02-06,4740.0,4740.0,4520.0,4550.0,3988.260498046875,61645400,ASII.JK,0.876540768801511
2025-02-07,4610.0,4670.0,4530.0,4650.0,4075.91455078125,33223300,ASII.JK,0.876540763608871
2025-02-10,4610.0,4650.0,4520.0,4570.0,4005.791015625,40230000,ASII.JK,0.8765407036378556
2025-02-11,4590.0,4650.0,4570.0,4610.0,4040.853271484375,32956400,ASII.JK,0.8765408398013829
2025-02-12,4680.0,4680.0,4620.0,4640.0,4067.149169921875,30762900,ASII.JK,0.8765407693797145
2025-02-13,4640.0,4670.0,4580.0,4660.0,4084.68017578125,21320200,ASII.JK,0.8765408102534872
2025-02-14,4660.0,4730.0,4640.0,4680.0,4102.2109375,31409000,ASII.JK,0.8765407986111111
2025-02-17,4680.0,4780.0,4670.0,4740.0,4154.80322265625,30270200,ASII.JK,0.8765407642734705
2025-02-18,4740.0,4840.0,4740.0,4800.0,4207.39599609375,31828200,ASII.JK,0.8765408325195313
2025-02-19,4820.0,4840.0,4610.0,4700.0,4119.74169921875,47951400,ASII.JK,0.8765407870678191
2025-02-20,4700.0,4740.0,4650.0,4720.0,4137.2724609375,23653800,ASII.JK,0.8765407756223517
2025-02-21,4740.0,4800.0,4600.0,4750.0,4163.568359375,31937400,ASII.JK,0.8765407072368421
2025-02-24,4750.0,4770.0,4660.0,4700.0,4119.74169921875,22303600,ASII.JK,0.8765407870678191
2025-02-25,4710.0,4750.0,4550.0,4560.0,3997.026123046875,42728600,ASII.JK,0.876540816457648
2025-02-26,4560.0,4600.0,4520.0,4580.0,4014.556884765625,19351300,ASII.JK,0.8765408045339793
2025-02-27,4550.0,4590.0,4480.0,4590.0,4023.322021484375,37731000,ASII.JK,0.8765407454214325
2025-02-28,4650.0,4650.0,4370.0,4530.0,3970.729736328125,70620000,ASII.JK,0.8765407806463852
2025-03-03,4530.0,4720.0,4500.0,4680.0,4102.2109375,65345600,ASII.JK,0.8765407986111111
2025-03-04,4680.0,4700.0,4590.0,4690.0,4110.97607421875,40873900,ASII.JK,0.8765407407715885
2025-03-05,4700.0,4900.0,4690.0,4900.0,4295.05029296875,86703900,ASII.JK,0.8765408761160715
2025-03-06,4900.0,4960.0,4860.0,4900.0,4295.05029296875,51276300,ASII.JK,0.8765408761160715
2025-03-07,4900.0,4970.0,4790.0,4930.0,4321.3466796875,59830500,ASII.JK,0.8765409086587221
2025-03-10,4900.0,4900.0,4750.0,4770.0,4181.099609375,53139600,ASII.JK,0.8765407986111111
2025-03-11,4720.0,4800.0,4700.0,4800.0,4207.39599609375,35571600,ASII.JK,0.8765408325195313
2025-03-12,4760.0,4830.0,4740.0,4810.0,4216.1611328125,29264500,ASII.JK,0.8765407760524948
2025-03-13,4790.0,4810.0,4680.0,4730.0,4146.0380859375,41066600,ASII.JK,0.8765408215512684
2025-03-14,4730.0,4730.0,4610.0,4620.0,4049.618408203125,35967600,ASII.JK,0.8765407809963474
2025-03-17,4660.0,4670.0,4610.0,4620.0,4049.618408203125,23856300,ASII.JK,0.8765407809963474
2025-03-18,4630.0,4650.0,4460.0,4650.0,4075.91455078125,66583100,ASII.JK,0.876540763608871
2025-03-19,4650.0,4700.0,4610.0,4690.0,4110.97607421875,37556400,ASII.JK,0.8765407407715885
2025-03-20,4690.0,4750.0,4640.0,4710.0,4128.50732421875,23310500,ASII.JK,0.8765408331674629
2025-03-21,4720.0,4840.0,4630.0,4840.0,4242.45703125,57730500,ASII.JK,0.8765407089359504
2025-03-24,4780.0,4780.0,4540.0,4690.0,4110.97607421875,29695400,ASII.JK,0.8765407407715885
2025-03-25,4700.0,4700.0,4610.0,4650.0,4075.91455078125,26320300,ASII.JK,0.876540763608871
2025-03-26,4660.0,4840.0,4660.0,4800.0,4207.39599609375,30508200,ASII.JK,0.8765408325195313
2025-03-27,4800.0,4920.0,4790.0,4920.0,4312.58056640625,44551200,ASII.JK,0.8765407655297256
2025-04-08,4800.0,4800.0,4450.0,4480.0,3926.90283203125,94752400,ASII.JK,0.8765408107212611
2025-04-09,4480.0,4660.0,4470.0,4620.0,4049.618408203125,46086300,ASII.JK,0.8765407809963474
2025-04-10,4750.0,4840.0,4690.0,4710.0,4128.50732421875,43115600,ASII.JK,0.8765408331674629
2025-04-11,4660.0,4740.0,4620.0,4710.0,4128.50732421875,31446100,ASII.JK,0.8765408331674629
2025-04-14,4740.0,4930.0,4710.0,4930.0,4321.3466796875,39843200,ASII.JK,0.8765409086587221
2025-04-15,4930.0,4950.0,4800.0,4870.0,4268.75390625,56488100,ASII.JK,0.8765408431724846
2025-04-16,4850.0,4860.0,4690.0,4780.0,4189.86474609375,44479500,ASII.JK,0.8765407418606171
2025-04-17,4770.0,4770.0,4710.0,4750.0,4163.568359375,28099700,ASII.JK,0.8765407072368421
2025-04-21,4750.0,4810.0,4740.0,4790.0,4198.63037109375,14313200,ASII.JK,0.8765407872847077
2025-04-22,4750.0,4780.0,4720.0,4740.0,4154.80322265625,29906300,ASII.JK,0.8765407642734705
2025-04-23,4770.0,4840.0,4770.0,4820.0,4224.9267578125,38609800,ASII.JK,0.8765408211229253
2025-04-24,4830.0,4840.0,4770.0,4770.0,4181.099609375,42307000,ASII.JK,0.8765407986111111
2025-04-25,4790.0,4910.0,4790.0,4860.0,4259.98779296875,45465200,ASII.JK,0.8765406981417181
2025-04-28,4880.0,4930.0,4870.0,4890.0,4286.2841796875,22380800,ASII.JK,0.8765407320424335
2025-04-29,4910.0,4910.0,4800.0,4800.0,4207.39599609375,46881000,ASII.JK,0.8765408325195313
2025-04-30,4800.0,4840.0,4780.0,4800.0,4207.39599609375,46038900,ASII.JK,0.8765408325195313
2025-05-02,4810.0,4860.0,4760.0,4790.0,4198.63037109375,61301400,ASII.JK,0.8765407872847077
2025-05-05,4800.0,4810.0,4770.0,4780.0,4189.86474609375,30747900,ASII.JK,0.8765407418606171
2025-05-06,4780.0,4800.0,4750.0,4750.0,4163.568359375,53222000,ASII.JK,0.8765407072368421
2025-05-07,4780.0,4840.0,4770.0,4830.0,4233.69189453125,47790800,ASII.JK,0.8765407649133022
2025-05-08,4860.0,4930.0,4780.0,4780.0,4189.86474609375,92459500,ASII.JK,0.8765407418606171
2025-05-09,4790.0,4830.0,4780.0,4780.0,4189.86474609375,38964000,ASII.JK,0.8765407418606171
2025-05-14,4860.0,4880.0,4800.0,4810.0,4216.1611328125,92389200,ASII.JK,0.8765407760524948
2025-05-15,4820.0,4850.0,4810.0,4820.0,4224.9267578125,69701600,ASII.JK,0.8765408211229253
2025-05-16,4840.0,4880.0,4810.0,4880.0,4277.51904296875,64271600,ASII.JK,0.8765407874935963
2025-05-19,4890.0,4960.0,4880.0,4940.0,4330.111328125,97782400,ASII.JK,0.8765407546811741
2025-05-20,4960.0,4960.0,4860.0,4860.0,4259.98779296875,127610600,ASII.JK,0.8765406981417181
2025-05-21,4600.0,4690.0,4570.0,4670.0,4370.41845703125,115335300,ASII.JK,0.9358497766662206
2025-05-22,4680.0,4710.0,4630.0,4630.0,4332.984375,52032700,ASII.JK,0.9358497570194384
2025-05-23,4770.0,4780.0,4730.0,4740.0,4435.927734375,42300400,ASII.JK,0.9358497329905063
2025-05-26,4770.0,4780.0,4690.0,4730.0,4426.5693359375,40971400,ASII.JK,0.9358497538979915
2025-05-27,4710.0,4730.0,4660.0,4700.0,4398.49365234375,38680100,ASII.JK,0.9358497132646276
2025-05-28,4710.0,4850.0,4660.0,4850.0,4538.87158203125,188036300,ASII.JK,0.9358498107280928
2025-06-02,4780.0,4800.0,4730.0,4780.0,4473.36181640625,115876200,ASII.JK,0.9358497523862448
2025-06-03,4750.0,4760.0,4650.0,4700.0,4398.49365234375,51574100,ASII.JK,0.9358497132646276
2025-06-04,4760.0,4760.0,4610.0,4610.0,4314.267578125,55901000,ASII.JK,0.9358498000271149
2025-06-05,4640.0,4670.0,4610.0,4610.0,4314.267578125,38381400,ASII.JK,0.9358498000271149
2025-06-10,4670.0,4670.0,4600.0,4600.0,4304.90869140625,60469600,ASII.JK,0.9358497155230978
2025-06-11,4610.0,4630.0,4580.0,4610.0,4314.267578125,50550100,ASII.JK,0.9358498000271149
2025-06-12,4610.0,4620.0,4560.0,4560.0,4267.47509765625,54629900,ASII.JK,0.9358498021175987
2025-06-13,4580.0,4600.0,4560.0,4570.0,4276.8330078125,38510500,ASII.JK,0.9358496734819475
2025-06-16,4570.0,4630.0,4560.0,4610.0,4314.267578125,29939400,ASII.JK,0.9358498000271149
2025-06-17,4640.0,4640.0,4590.0,4600.0,4304.90869140625,29978400,ASII.JK,0.9358497155230978
2025-06-18,4610.0,4620.0,4590.0,4590.0,4295.55029296875,19386900,ASII.JK,0.9358497370302288
2025-06-19,4590.0,4600.0,4500.0,4530.0,4239.3994140625,30832700,ASII.JK,0.9358497602786976
2025-06-20,4530.0,4530.0,4480.0,4490.0,4201.9658203125,50116600,ASII.JK,0.9358498486219377
2025-06-23,4470.0,4470.0,4400.0,4430.0,4145.814453125,28820000,ASII.JK,0.9358497636851015
2025-06-24,4470.0,4500.0,4430.0,4470.0,4183.248046875,37523200,ASII.JK,0.9358496749161074
2025-06-25,4530.0,4530.0,4420.0,4470.0,4183.248046875,33217200,ASII.JK,0.9358496749161074
2025-06-26,4440.0,4450.0,4410.0,4450.0,4164.53125,26909800,ASII.JK,0.9358497191011236
2025-06-30,4470.0,4520.0,4450.0,4500.0,4211.32373046875,41865200,ASII.JK,0.9358497178819445
2025-07-01,4490.0,4510.0,4440.0,4450.0,4164.53125,27410600,ASII.JK,0.9358497191011236
2025-07-02,4450.0,4550.0,4440.0,4540.0,4248.75830078125,34231600,ASII.JK,0.9358498459870594
2025-07-03,4540.0,4590.0,4530.0,4570.0,4276.8330078125,24120100,ASII.JK,0.9358496734819475
2025-07-04,4600.0,4650.0,4570.0,4620.0,4323.6259765625,25298100,ASII.JK,0.9358497784767316
2025-07-07,4620.0,4680.0,4590.0,4680.0,4379.77685546875,20181800,ASII.JK,0.9358497554420406
2025-07-08,4670.0,4670.0,4620.0,4660.0,4361.06005859375,21173700,ASII.JK,0.9358497979814914
2025-07-09,4680.0,4720.0,4670.0,4720.0,4417.2109375,32577400,ASII.JK,0.9358497748940678
2025-07-10,4720.0,4730.0,4680.0,4680.0,4379.77685546875,21464100,ASII.JK,0.9358497554420406
2025-07-11,4720.0,4720.0,4680.0,4710.0,4407.8525390625,19382400,ASII.JK,0.9358497959792994
2025-07-14,4710.0,4750.0,4650.0,4700.0,4398.49365234375,32985800,ASII.JK,0.9358497132646276
2025-07-15,4700.0,4700.0,4630.0,4700.0,4398.49365234375,25045900,ASII.JK,0.9358497132646276
2025-07-16,4700.0,4810.0,4690.0,4750.0,4445.2861328125,53394000,ASII.JK,0.9358497121710526
2025-07-17,4750.0,4820.0,4730.0,4790.0,4482.72021484375,37859000,ASII.JK,0.9358497317001566
2025-07-18,4810.0,4840.0,4750.0,4750.0,4445.2861328125,23680400,ASII.JK,0.9358497121710526
2025-07-21,4810.0,4810.0,4720.0,4760.0,4454.64501953125,17018900,ASII.JK,0.9358497940191701
2025-07-22,4760.0,4760.0,4680.0,4690.0,4389.13525390625,47232600,ASII.JK,0.9358497343083688
2025-07-23,4740.0,4950.0,4720.0,4950.0,4632.45654296875,94669900,ASII.JK,0.9358498066603536
2025-07-24,4990.0,5075.0,4980.0,5050.0,4726.04150390625,72459700,ASII.JK,0.9358498027537129
2025-07-25,5000.0,5050.0,4950.0,5000.0,4679.2490234375,28079000,ASII.JK,0.9358498046875
2025-07-28,5025.0,5100.0,4990.0,5100.0,4772.833984375,59414600,ASII.JK,0.9358498008578431
2025-07-29,5100.0,5125.0,5025.0,5100.0,4772.833984375,36861000,ASII.JK,0.9358498008578431
2025-07-30,5100.0,5150.0,5075.0,5150.0,4819.62646484375,53075600,ASII.JK,0.9358497989987864
2025-07-31,5150.0,5175.0,5100.0,5100.0,4772.833984375,44048400,ASII.JK,0.9358498008578431
2025-08-01,5125.0,5150.0,4960.0,5000.0,4679.2490234375,33392000,ASII.JK,0.9358498046875
2025-08-04,5000.0,5050.0,4940.0,5025.0,4702.64501953125,21561700,ASII.JK,0.935849755130597
2025-08-05,5050.0,5050.0,4990.0,5025.0,4702.64501953125,20210600,ASII.JK,0.935849755130597
2025-08-06,5025.0,5025.0,4900.0,4900.0,4585.6640625,24786300,ASII.JK,0.9358498086734693
2025-08-07,4920.0,5025.0,4920.0,4960.0,4641.814453125,25930000,ASII.JK,0.9358496881300403
2025-08-08,4950.0,4990.0,4920.0,4920.0,4604.380859375,20639400,ASII.JK,0.9358497681656504
2025-08-11,4920.0,4930.0,4870.0,4900.0,4585.6640625,21955000,ASII.JK,0.9358498086734693
2025-08-12,4900.0,5025.0,4890.0,4990.0,4669.89013671875,22725500,ASII.JK,0.9358497267973447
2025-08-13,5100.0,5250.0,5025.0,5175.0,4843.0224609375,103458500,ASII.JK,0.9358497509057971
2025-08-14,5125.0,5150.0,5075.0,5100.0,4772.833984375,31796500,ASII.JK,0.9358498008578431
2025-08-15,5100.0,5125.0,5025.0,5025.0,4702.64501953125,16434700,ASII.JK,0.935849755130597
2025-08-19,5275.0,5575.0,5200.0,5525.0,5170.56982421875,260942000,ASII.JK,0.9358497419400452
2025-08-20,5525.0,5550.0,5450.0,5525.0,5170.56982421875,74517000,ASII.JK,0.9358497419400452
2025-08-21,5525.0,5650.0,5500.0,5625.0,5264.1552734375,76746200,ASII.JK,0.9358498263888889
2025-08-22,5650.0,5775.0,5600.0,5700.0,5334.34375,73126900,ASII.JK,0.9358497807017544
2025-08-25,5750.0,5775.0,5675.0,5750.0,5381.13623046875,60737900,ASII.JK,0.9358497792119566
2025-08-26,5725.0,5725.0,5475.0,5625.0,5264.1552734375,79136200,ASII.JK,0.9358498263888889
2025-08-27,5650.0,5725.0,5500.0,5500.0,5147.17333984375,33172600,ASII.JK,0.9358496981534091
2025-08-28,5525.0,5650.0,5525.0,5575.0,5217.3623046875,18032900,ASII.JK,0.935849740751121
2025-08-29,5450.0,5625.0,5425.0,5500.0,5147.17333984375,62869000,ASII.JK,0.9358496981534091
2025-09-01,5200.0,5500.0,5200.0,5450.0,5100.380859375,67904000,ASII.JK,0.9358496989678899
2025-09-02,5500.0,5550.0,5400.0,5475.0,5123.77734375,21623300,ASII.JK,0.9358497431506849
2025-09-03,5525.0,5650.0,5450.0,5500.0,5147.17333984375,45471600,ASII.JK,0.9358496981534091
2025-09-04,5500.0,5500.0,5400.0,5500.0,5147.17333984375,26987400,ASII.JK,0.9358496981534091
2025-09-08,5600.0,5600.0,5350.0,5425.0,5076.98486328125,57081800,ASII.JK,0.9358497443836405
2025-09-09,5400.0,5600.0,5350.0,5525.0,5170.56982421875,49240100,ASII.JK,0.9358497419400452
2025-09-10,5525.0,5525.0,5400.0,5475.0,5123.77734375,22964700,ASII.JK,0.9358497431506849
2025-09-11,5475.0,5600.0,5450.0,5550.0,5193.9658203125,28151500,ASII.JK,0.9358496973536036
2025-09-12,5625.0,5700.0,5600.0,5675.0,5310.94775390625,30653500,ASII.JK,0.9358498244768723
2025-09-15,5675.0,5700.0,5600.0,5625.0,5264.1552734375,26368000,ASII.JK,0.9358498263888889
2025-09-16,5650.0,5675.0,5600.0,5650.0,5287.55126953125,15987900,ASII.JK,0.9358497822179204
2025-09-17,5650.0,5700.0,5600.0,5700.0,5334.34375,23879700,ASII.JK,0.9358497807017544
2025-09-18,5700.0,5725.0,5550.0,5575.0,5217.3623046875,27261300,ASII.JK,0.935849740751121
2025-09-19,5575.0,5750.0,5575.0,5725.0,5357.740234375,52162200,ASII.JK,0.9358498225982532
2025-09-22,5725.0,5725.0,5625.0,5700.0,5334.34375,35106300,ASII.JK,0.9358497807017544
2025-09-23,5675.0,5950.0,5650.0,5900.0,5521.513671875,41044200,ASII.JK,0.9358497748940678
2025-09-24,5950.0,5950.0,5850.0,5900.0,5521.513671875,61167600,ASII.JK,0.9358497748940678
2025-09-25,5900.0,5900.0,5750.0,5775.0,5404.53271484375,35805100,ASII.JK,0.9358498207521645
2025-09-26,5875.0,6000.0,5775.0,5875.0,5498.11767578125,42677800,ASII.JK,0.9358498171542553
2025-09-29,5875.0,5900.0,5750.0,5775.0,5404.53271484375,20892700,ASII.JK,0.9358498207521645
2025-09-30,5750.0,5825.0,5700.0,5775.0,5404.53271484375,41266900,ASII.JK,0.9358498207521645
2025-10-01,5825.0,5850.0,5650.0,5675.0,5310.94775390625,26508200,ASII.JK,0.9358498244768723
2025-10-02,5750.0,5750.0,5625.0,5700.0,5334.34375,29346300,ASII.JK,0.9358497807017544
2025-10-03,5750.0,5850.0,5750.0,5825.0,5451.3251953125,27951100,ASII.JK,0.9358498189377682
2025-10-06,5900.0,5925.0,5800.0,5825.0,5451.3251953125,21809400,ASII.JK,0.9358498189377682
2025-10-07,5925.0,6050.0,5725.0,5750.0,5381.13623046875,43328700,ASII.JK,0.9358497792119566
2025-10-08,5825.0,5875.0,5650.0,5725.0,5357.740234375,30080700,ASII.JK,0.9358498225982532
2025-10-09,5775.0,5925.0,5750.0,5925.0,5544.90966796875,27699300,ASII.JK,0.9358497329905063
2025-10-10,5925.0,5950.0,5850.0,5900.0,5521.513671875,27133800,ASII.JK,0.9358497748940678
2025-10-13,5850.0,5925.0,5775.0,5800.0,5427.9287109375,29034500,ASII.JK,0.9358497777478448
2025-10-14,5800.0,6025.0,5800.0,5825.0,5545.0166015625,53096200,ASII.JK,0.9519341805257511
2025-10-15,5950.0,5950.0,5750.0,5775.0,5497.419921875,96604500,ASII.JK,0.9519341856060606
2025-10-16,5850.0,5850.0,5750.0,5750.0,5473.62158203125,15044500,ASII.JK,0.9519341881793478
2025-10-17,5725.0,5800.0,5575.0,5625.0,5354.6298828125,31793700,ASII.JK,0.9519342013888888
2025-10-20,5625.0,5925.0,5625.0,5925.0,5640.2099609375,29959700,ASII.JK,0.9519341706223629
2025-10-21,6000.0,6050.0,5900.0,6000.0,5711.60498046875,46181700,ASII.JK,0.9519341634114583
2025-10-22,6050.0,6300.0,6000.0,6175.0,5878.193359375,98615300,ASII.JK,0.9519341472672065
2025-10-23,6075.0,6400.0,6075.0,6325.0,6020.9833984375,60009000,ASII.JK,0.9519341341403162
2025-10-24,6375.0,6675.0,6350.0,6575.0,6258.96728515625,93344500,ASII.JK,0.9519341878564639
2025-10-27,6600.0,6725.0,6375.0,6600.0,6282.765625,64262300,ASII.JK,0.9519341856060606
2025-10-28,6600.0,6600.0,6275.0,6325.0,6020.9833984375,37953500,ASII.JK,0.9519341341403162
2025-10-29,6250.0,6500.0,6225.0,6475.0,6163.7734375,39818900,ASII.JK,0.9519341216216216
2025-10-30,6425.0,6450.0,6250.0,6275.0,5973.38671875,28976800,ASII.JK,0.9519341384462151
2025-10-31,6250.0,6300.0,6125.0,6150.0,5854.39501953125,64790000,ASII.JK,0.9519341495172764
2025-11-03,6150.0,6450.0,6150.0,6350.0,6044.78173828125,59085000,ASII.JK,0.9519341320127953
2025-11-04,6300.0,6375.0,6250.0,6300.0,5997.18505859375,62249200,ASII.JK,0.9519341362847222
2025-11-05,6250.0,6325.0,6175.0,6250.0,5949.58837890625,43439100,ASII.JK,0.951934140625
2025-11-06,6300.0,6350.0,6200.0,6325.0,6020.9833984375,48979900,ASII.JK,0.9519341341403162
2025-11-07,6325.0,6450.0,6300.0,6425.0,6116.1767578125,42960800,ASII.JK,0.951934125729572
2025-11-10,6500.0,6500.0,6400.0,6425.0,6116.1767578125,45533400,ASII.JK,0.951934125729572
2025-11-11,6550.0,6600.0,6450.0,6525.0,6211.37060546875,43529600,ASII.JK,0.9519341924090038
2025-11-12,6550.0,6575.0,6400.0,6450.0,6139.97509765625,37083400,ASII.JK,0.9519341236676356
2025-11-13,6425.0,6425.0,6350.0,6375.0,6068.580078125,21200000,ASII.JK,0.9519341299019608
2025-11-14,6375.0,6450.0,6325.0,6400.0,6092.37841796875,23431700,ASII.JK,0.9519341278076172
2025-11-17,6400.0,6500.0,6375.0,6450.0,6139.97509765625,40681500,ASII.JK,0.9519341236676356
2025-11-18,6475.0,6550.0,6400.0,6425.0,6116.1767578125,27510900,ASII.JK,0.951934125729572
2025-11-19,6425.0,6475.0,6275.0,6400.0,6092.37841796875,45476700,ASII.JK,0.9519341278076172
2025-11-20,6450.0,6500.0,6375.0,6425.0,6116.1767578125,30547700,ASII.JK,0.951934125729572
2025-11-21,6400.0,6425.0,6325.0,6425.0,6116.1767578125,43653200,ASII.JK,0.951934125729572
2025-11-24,6500.0,6525.0,6425.0,6475.0,6163.7734375,71721700,ASII.JK,0.9519341216216216
2025-11-25,6425.0,6475.0,6375.0,6450.0,6139.97509765625,20954400,ASII.JK,0.9519341236676356
2025-11-26,6500.0,6600.0,6425.0,6600.0,6282.765625,29331000,ASII.JK,0.9519341856060606
2025-11-27,6600.0,6600.0,6450.0,6575.0,6258.96728515625,23737100,ASII.JK,0.9519341878564639
2025-11-28,6600.0,6600.0,6500.0,6550.0,6235.1689453125,38378700,ASII.JK,0.9519341901240458
2025-12-01,6375.0,6500.0,6325.0,6375.0,6068.580078125,38669000,ASII.JK,0.9519341299019608
2025-12-02,6575.0,6625.0,6500.0,6625.0,6306.56396484375,53567600,ASII.JK,0.9519341833726415
2025-12-03,6600.0,6650.0,6550.0,6600.0,6282.765625,24386200,ASII.JK,0.9519341856060606
2025-12-04,6575.0,6725.0,6550.0,6725.0,6401.75732421875,38510600,ASII.JK,0.9519341746050186
2025-12-05,6725.0,6900.0,6700.0,6700.0,6377.958984375,67707300,ASII.JK,0.951934176772388
2025-12-08,6825.0,6825.0,6625.0,6725.0,6401.75732421875,38776000,ASII.JK,0.9519341746050186
2025-12-09,6775.0,6775.0,6450.0,6600.0,6282.765625,38482800,ASII.JK,0.9519341856060606
2025-12-10,6700.0,6725.0,6550.0,6625.0,6306.56396484375,34524000,ASII.JK,0.9519341833726415
2025-12-11,6650.0,6675.0,6350.0,6450.0,6139.97509765625,42116700,ASII.JK,0.9519341236676356
2025-12-12,6550.0,6600.0,6425.0,6600.0,6282.765625,28841900,ASII.JK,0.9519341856060606
2025-12-15,6725.0,6725.0,6525.0,6600.0,6282.765625,38096700,ASII.JK,0.9519341856060606
2025-12-16,6575.0,6600.0,6500.0,6600.0,6282.765625,34723600,ASII.JK,0.9519341856060606
2025-12-17,6550.0,6600.0,6500.0,6600.0,6282.765625,32681400,ASII.JK,0.9519341856060606
2025-12-18,6600.0,6600.0,6475.0,6500.0,6187.572265625,20454400,ASII.JK,0.9519341947115385
2025-12-19,6575.0,6575.0,6425.0,6525.0,6211.37060546875,61201100,ASII.JK,0.9519341924090038
2025-12-22,6450.0,6600.0,6450.0,6575.0,6258.96728515625,30755900,ASII.JK,0.9519341878564639
2025-12-23,6500.0,6575.0,6450.0,6500.0,6187.572265625,13756700,ASII.JK,0.9519341947115385
2025-12-24,6450.0,6675.0,6450.0,6625.0,6306.56396484375,20273000,ASII.JK,0.9519341833726415
2025-12-29,6625.0,6725.0,6600.0,6675.0,6354.16064453125,20982300,ASII.JK,0.9519341789559925
2025-12-30,6675.0,6725.0,6600.0,6700.0,6377.958984375,23486000,ASII.JK,0.951934176772388
2026-01-02,6600.0,6800.0,6600.0,6800.0,6473.15234375,19569100,ASII.JK,0.9519341681985294
2026-01-05,6775.0,6875.0,6675.0,6875.0,6544.54736328125,30633400,ASII.JK,0.9519341619318182
2026-01-06,6875.0,6900.0,6700.0,6900.0,6568.345703125,33964700,ASII.JK,0.9519341598731884
2026-01-07,6800.0,7075.0,6800.0,7025.0,6687.33740234375,55249800,ASII.JK,0.951934149799822
2026-01-08,7025.0,7100.0,6975.0,7000.0,6663.5390625,30845500,ASII.JK,0.9519341517857143
2026-01-09,7000.0,7100.0,6825.0,6875.0,6544.54736328125,29171000,ASII.JK,0.9519341619318182
2026-01-12,6925.0,7000.0,6900.0,7000.0,6663.5390625,24915100,ASII.JK,0.9519341517857143
2026-01-13,7075.0,7300.0,7025.0,7300.0,6949.119140625,65659900,ASII.JK,0.9519341288527398
2026-01-14,7200.0,7225.0,7025.0,7125.0,6782.53076171875,40658400,ASII.JK,0.951934141995614
2026-01-15,7200.0,7200.0,7000.0,7050.0,6711.1357421875,26410300,ASII.JK,0.9519341478280142
2026-01-19,7200.0,7475.0,7175.0,7400.0,7044.31298828125,51590900,ASII.JK,0.9519341876055744
2026-01-20,7350.0,7375.0,7225.0,7275.0,6925.32080078125,21167100,ASII.JK,0.9519341306915807
2026-01-21,6300.0,6800.0,6300.0,6600.0,6282.765625,269454100,ASII.JK,0.9519341856060606
2026-01-22,6700.0,6850.0,6625.0,6775.0,6449.35400390625,70220500,ASII.JK,0.9519341703182657
2026-01-23,6800.0,6900.0,6650.0,6825.0,6496.95068359375,52227800,ASII.JK,0.9519341660943224
2026-01-26,6850.0,6875.0,6700.0,6875.0,6544.54736328125,55468700,ASII.JK,0.9519341619318182
2026-01-27,6775.0,6800.0,6225.0,6300.0,5997.18505859375,145465800,ASII.JK,0.9519341362847222
2026-01-28,6200.0,6475.0,5775.0,6175.0,5878.193359375,200262500,ASII.JK,0.9519341472672065
2026-01-29,6200.0,6475.0,5725.0,6475.0,6163.7734375,136295200,ASII.JK,0.9519341216216216
2026-01-30,6525.0,6550.0,6300.0,6350.0,6044.78173828125,101087200,ASII.JK,0.9519341320127953
2026-02-02,6350.0,6400.0,6175.0,6275.0,5973.38671875,71571500,ASII.JK,0.9519341384462151
2026-02-03,6375.0,6800.0,6325.0,6800.0,6473.15234375,63526500,ASII.JK,0.9519341681985294
2026-02-04,6800.0,6825.0,6625.0,6675.0,6354.16064453125,58211100,ASII.JK,0.9519341789559925
2026-02-05,6725.0,7000.0,6725.0,6950.0,6615.9423828125,72792600,ASII.JK,0.9519341558003597
2026-02-06,6800.0,6800.0,6575.0,6700.0,6377.958984375,49547300,ASII.JK,0.951934176772388
2026-02-09,6750.0,6750.0,6525.0,6650.0,6330.3623046875,34797900,ASII.JK,0.951934181156015
2026-02-10,6700.0,6850.0,6650.0,6850.0,6520.7490234375,45371100,ASII.JK,0.9519341640054745
2026-02-11,6800.0,6825.0,6700.0,6750.0,6425.5556640625,41050100,ASII.JK,0.9519341724537037
2026-02-12,6775.0,6900.0,6750.0,6775.0,6449.35400390625,26536900,ASII.JK,0.9519341703182657
2026-02-13,6775.0,6775.0,6575.0,6650.0,6330.3623046875,31212900,ASII.JK,0.951934181156015
2026-02-18,6750.0,6750.0,6650.0,6700.0,6377.958984375,25858200,ASII.JK,0.951934176772388
2026-02-19,6700.0,6775.0,6550.0,6600.0,6282.765625,46704000,ASII.JK,0.9519341856060606
2026-02-20,6600.0,6650.0,6550.0,6550.0,6235.1689453125,28160900,ASII.JK,0.9519341901240458
2026-02-23,6625.0,6650.0,6550.0,6625.0,6306.56396484375,38075400,ASII.JK,0.9519341833726415
2026-02-24,6650.0,6725.0,6550.0,6550.0,6235.1689453125,51297100,ASII.JK,0.9519341901240458
2026-02-25,6600.0,6675.0,6575.0,6650.0,6330.3623046875,45214100,ASII.JK,0.951934181156015
2026-02-26,6700.0,6725.0,6575.0,6725.0,6401.75732421875,30901600,ASII.JK,0.9519341746050186
2026-02-27,6725.0,6750.0,6575.0,6675.0,6354.16064453125,68396400,ASII.JK,0.9519341789559925
2026-03-02,6600.0,6625.0,6275.0,6300.0,5997.18505859375,60477400,ASII.JK,0.9519341362847222
2026-03-03,6400.0,6425.0,6250.0,6275.0,5973.38671875,31573300,ASII.JK,0.9519341384462151
2026-03-04,6275.0,6325.0,6000.0,6150.0,5854.39501953125,49747800,ASII.JK,0.9519341495172764
2026-03-05,6300.0,6350.0,6200.0,6325.0,6020.9833984375,38471400,ASII.JK,0.9519341341403162
2026-03-06,6300.0,6300.0,6050.0,6125.0,5830.5966796875,38071100,ASII.JK,0.9519341517857143
2026-03-09,5900.0,5900.0,5800.0,5850.0,5568.81494140625,46625500,ASII.JK,0.9519341780181624
2026-03-10,5900.0,6150.0,5900.0,6000.0,5711.60498046875,33964900,ASII.JK,0.9519341634114583
2026-03-11,6000.0,6050.0,5875.0,5950.0,5664.00830078125,18403300,ASII.JK,0.9519341681985294
2026-03-12,5975.0,6050.0,5900.0,5950.0,5664.00830078125,20628100,ASII.JK,0.9519341681985294
2026-03-13,5900.0,5950.0,5775.0,5825.0,5545.0166015625,27856000,ASII.JK,0.9519341805257511
2026-03-16,5875.0,5900.0,5675.0,5850.0,5568.81494140625,37696400,ASII.JK,0.9519341780181624
2026-03-17,5925.0,5925.0,5750.0,5800.0,5521.21826171875,89895700,ASII.JK,0.9519341830549569
2026-03-25,6300.0,6600.0,6100.0,6600.0,6282.765625,134276600,ASII.JK,0.9519341856060606
2026-03-26,6575.0,6575.0,6225.0,6250.0,5949.58837890625,45012000,ASII.JK,0.951934140625
2026-03-27,6200.0,6225.0,6050.0,6125.0,5830.5966796875,32993200,ASII.JK,0.9519341517857143
2026-03-30,6100.0,6400.0,6000.0,6350.0,6044.78173828125,48246100,ASII.JK,0.9519341320127953
2026-03-31,6350.0,6350.0,6175.0,6250.0,5949.58837890625,31516100,ASII.JK,0.951934140625
2026-04-01,6275.0,6350.0,6125.0,6250.0,5949.58837890625,37708800,ASII.JK,0.951934140625
2026-04-02,6150.0,6300.0,6025.0,6075.0,5783.0,37842500,ASII.JK,0.9519341563786008
2026-04-06,6075.0,6125.0,6025.0,6100.0,5806.79833984375,15705000,ASII.JK,0.951934154072746
2026-04-07,6075.0,6075.0,5875.0,5900.0,5616.41162109375,22912400,ASII.JK,0.9519341730667373
2026-04-08,6050.0,6250.0,6025.0,6200.0,5901.99169921875,28419500,ASII.JK,0.9519341450352823
2026-04-09,6150.0,6175.0,6050.0,6175.0,5878.193359375,25785600,ASII.JK,0.9519341472672065
2026-04-10,6225.0,6350.0,6200.0,6300.0,5997.18505859375,37451300,ASII.JK,0.9519341362847222
2026-04-13,6275.0,6275.0,6150.0,6175.0,5878.193359375,35616700,ASII.JK,0.9519341472672065
2026-04-14,6250.0,6275.0,6100.0,6150.0,5854.39501953125,35499900,ASII.JK,0.9519341495172764
2026-04-15,6250.0,6400.0,6225.0,6300.0,5997.18505859375,54204700,ASII.JK,0.9519341362847222
2026-04-16,6350.0,6375.0,6175.0,6200.0,5901.99169921875,28237100,ASII.JK,0.9519341450352823
2026-04-17,6275.0,6475.0,6250.0,6375.0,6068.580078125,25291100,ASII.JK,0.9519341299019608
2026-04-20,6375.0,6450.0,6275.0,6350.0,6044.78173828125,18307400,ASII.JK,0.9519341320127953
2026-04-21,6450.0,6450.0,6300.0,6325.0,6020.9833984375,25696400,ASII.JK,0.9519341341403162
2026-04-22,6425.0,6625.0,6375.0,6600.0,6282.765625,42250100,ASII.JK,0.9519341856060606
2026-04-23,6600.0,6625.0,6325.0,6325.0,6020.9833984375,31725300,ASII.JK,0.9519341341403162
2026-04-24,6400.0,6475.0,6275.0,6325.0,6020.9833984375,27751700,ASII.JK,0.9519341341403162
2026-04-27,6375.0,6375.0,6125.0,6125.0,5830.5966796875,19496400,ASII.JK,0.9519341517857143
2026-04-28,6150.0,6200.0,6025.0,6025.0,5735.4033203125,36965000,ASII.JK,0.9519341610477179
2026-04-29,6125.0,6250.0,6025.0,6050.0,5759.20166015625,26325800,ASII.JK,0.9519341587035124
2026-04-30,6075.0,6075.0,5975.0,5975.0,5687.806640625,47690300,ASII.JK,0.951934165794979
2026-05-04,6050.0,6125.0,6025.0,6075.0,5783.0,33999000,ASII.JK,0.9519341563786008
2026-05-05,5825.0,5950.0,5725.0,5875.0,5875.0,38038400,ASII.JK,1.0
2026-05-06,5950.0,5975.0,5750.0,5750.0,5750.0,27273500,ASII.JK,1.0
2026-05-07,5800.0,5900.0,5775.0,5850.0,5850.0,37017100,ASII.JK,1.0
2026-05-08,5875.0,6000.0,5800.0,5825.0,5825.0,36425000,ASII.JK,1.0
2026-05-11,5925.0,6050.0,5825.0,6050.0,6050.0,26376000,ASII.JK,1.0
2026-05-12,6050.0,6100.0,5850.0,5850.0,5850.0,25658100,ASII.JK,1.0
2026-05-13,5850.0,5900.0,5750.0,5750.0,5750.0,32026500,ASII.JK,1.0
2026-05-18,5825.0,6000.0,5775.0,6000.0,6000.0,54305300,ASII.JK,1.0
2026-05-19,6000.0,6050.0,5925.0,5950.0,5950.0,34901400,ASII.JK,1.0
2026-05-20,5950.0,6100.0,5900.0,5975.0,5975.0,37175000,ASII.JK,1.0
2026-05-21,6000.0,6025.0,5600.0,5600.0,5600.0,57790800,ASII.JK,1.0
2026-05-22,5625.0,5650.0,5300.0,5400.0,5400.0,65064200,ASII.JK,1.0
2026-05-25,5425.0,5625.0,5325.0,5600.0,5600.0,92115700,ASII.JK,1.0
2026-05-26,5575.0,5600.0,5125.0,5125.0,5125.0,82648100,ASII.JK,1.0
2026-05-29,4800.0,5200.0,4800.0,5000.0,5000.0,481573900,ASII.JK,1.0
2026-06-02,5000.0,5050.0,4840.0,4900.0,4900.0,156532600,ASII.JK,1.0
2026-06-03,4900.0,4920.0,4670.0,4840.0,4840.0,101108500,ASII.JK,1.0
2026-06-04,4810.0,4840.0,4570.0,4630.0,4630.0,160423900,ASII.JK,1.0
2026-06-05,4600.0,4620.0,4530.0,4570.0,4570.0,64364700,ASII.JK,1.0
2026-06-08,4550.0,4550.0,4350.0,4360.0,4360.0,85460100,ASII.JK,1.0
2026-06-09,4360.0,4680.0,4360.0,4670.0,4670.0,84193600,ASII.JK,1.0
2026-06-10,4650.0,4750.0,4530.0,4700.0,4700.0,91880000,ASII.JK,1.0
2026-06-11,4700.0,4950.0,4680.0,4700.0,4700.0,85205900,ASII.JK,1.0
2026-06-12,4760.0,4810.0,4720.0,4740.0,4740.0,66162000,ASII.JK,1.0
2026-06-15,4900.0,4980.0,4880.0,4890.0,4890.0,89864300,ASII.JK,1.0
2026-06-17,4880.0,4910.0,4790.0,4800.0,4800.0,72821600,ASII.JK,1.0
2026-06-18,4800.0,4830.0,4710.0,4770.0,4770.0,60565200,ASII.JK,1.0
2026-06-19,4770.0,4830.0,4750.0,4810.0,4810.0,229098200,ASII.JK,1.0
2026-06-22,4880.0,4880.0,4710.0,4730.0,4730.0,46627400,ASII.JK,1.0
2026-06-23,4730.0,4780.0,4650.0,4680.0,4680.0,57376700,ASII.JK,1.0
2026-06-24,4830.0,4830.0,4630.0,4640.0,4640.0,53683100,ASII.JK,1.0
2026-06-25,4640.0,4950.0,4640.0,4920.0,4920.0,88497000,ASII.JK,1.0
2026-06-26,4920.0,4930.0,4710.0,4760.0,4760.0,64841400,ASII.JK,1.0
2026-06-29,4770.0,4770.0,4680.0,4710.0,4710.0,25237300,ASII.JK,1.0
2026-06-30,4710.0,4720.0,4470.0,4520.0,4520.0,81706000,ASII.JK,1.0
2026-07-01,4530.0,4650.0,4500.0,4600.0,4600.0,30899300,ASII.JK,1.0
2026-07-02,4620.0,4680.0,4580.0,4580.0,4580.0,52263400,ASII.JK,1.0
2026-07-03,4600.0,4830.0,4600.0,4810.0,4810.0,24908400,ASII.JK,1.0
2026-07-06,4810.0,4810.0,4690.0,4780.0,4780.0,31139400,ASII.JK,1.0
2026-07-07,4790.0,4980.0,4780.0,4930.0,4930.0,44556600,ASII.JK,1.0
2026-07-08,4930.0,4980.0,4870.0,4890.0,4890.0,44811600,ASII.JK,1.0
2026-07-09,4900.0,4900.0,4760.0,4880.0,4880.0,43391100,ASII.JK,1.0
2026-07-10,4850.0,4870.0,4770.0,4810.0,4810.0,24557100,ASII.JK,1.0
2026-07-13,4810.0,4860.0,4730.0,4850.0,4850.0,43780800,ASII.JK,1.0
2026-07-14,4850.0,4910.0,4810.0,4880.0,4880.0,50811200,ASII.JK,1.0
2026-07-15,4880.0,4930.0,4850.0,4850.0,4850.0,37729500,ASII.JK,1.0
2026-07-16,4850.0,5150.0,4840.0,5100.0,5100.0,72624500,ASII.JK,1.0
2026-07-17,5125.0,5200.0,5025.0,5100.0,5100.0,65960600,ASII.JK,1.0
2026-07-20,5125.0,5250.0,5050.0,5050.0,5050.0,67793400,ASII.JK,1.0
2026-07-21,5100.0,5150.0,5050.0,5100.0,5100.0,40894600,ASII.JK,1.0
2026-07-22,5150.0,5300.0,5100.0,5150.0,5150.0,93334100,ASII.JK,1.0
2026-07-23,5150.0,5175.0,5000.0,5000.0,5000.0,66257200,ASII.JK,1.0
2026-07-24,4980.0,4980.0,4900.0,4980.0,4980.0,73314000,ASII.JK,1.0
2026-07-27,4950.0,4950.0,4900.0,4910.0,4910.0,21049300,ASII.JK,1.0
2026-07-28,4920.0,5025.0,4920.0,4970.0,4970.0,34388400,ASII.JK,1.0
2026-07-29,5000.0,5025.0,4950.0,4960.0,4960.0,23808100,ASII.JK,1.0
2026-07-30,4920.0,4950.0,4870.0,4950.0,4950.0,33910100,ASII.JK,1.0
2026-07-31,5000.0,5175.0,5000.0,5100.0,5100.0,46139800,ASII.JK,1.0
2026-08-03,5275.0,5275.0,5000.0,5050.0,5050.0,30943600,ASII.JK,1.0
2026-08-04,5050.0,5125.0,5000.0,5125.0,5125.0,39489500,ASII.JK,1.0
2026-08-05,5150.0,5175.0,5000.0,5025.0,5025.0,49014700,ASII.JK,1.0
2026-08-06,5050.0,5125.0,5025.0,5100.0,5100.0,53209500,ASII.JK,1.0
2026-08-07,5050.0,5175.0,5025.0,5100.0,5100.0,34507300,ASII.JK,1.0
2026-08-10,5100.0,5100.0,4960.0,5000.0,5000.0,70515600,ASII.JK,1.0
2026-08-11,5000.0,5025.0,4860.0,4870.0,4870.0,49228200,ASII.JK,1.0
2026-08-12,4870.0,4920.0,4810.0,4860.0,4860.0,62946100,ASII.JK,1.0
2026-08-13,4880.0,4890.0,4780.0,4800.0,4800.0,48407300,ASII.JK,1.0
2026-08-14,4800.0,4820.0,4760.0,4780.0,4780.0,31883200,ASII.JK,1.0
2026-08-18,4800.0,4820.0,4760.0,4790.0,4790.0,59420100,ASII.JK,1.0
2026-08-19,4790.0,4800.0,4720.0,4730.0,4730.0,44815500,ASII.JK,1.0
2026-08-20,4750.0,4790.0,4730.0,4790.0,4790.0,40700200,ASII.JK,1.0
2026-08-21,4840.0,4850.0,4780.0,4780.0,4780.0,48756800,ASII.JK,1.0
2026-08-24,4800.0,4800.0,4730.0,4790.0,4790.0,35455200,ASII.JK,1.0
2026-08-26,4800.0,4810.0,4740.0,4780.0,4780.0,47671400,ASII.JK,1.0
2026-08-27,4780.0,4810.0,4740.0,4790.0,4790.0,37802400,ASII.JK,1.0
2026-08-28,4790.0,4860.0,4760.0,4800.0,4800.0,53631000,ASII.JK,1.0
2026-08-31,4800.0,4830.0,4770.0,4800.0,4800.0,79688700,ASII.JK,1.0
2026-09-01,4800.0,4930.0,4790.0,4920.0,4920.0,72626100,ASII.JK,1.0
2018-01-02,4380.0,4505.0,4365.0,4380.0,3530.62939453125,82303500,BBCA.JK,0.8060797704409246
2018-01-03,4385.0,4390.0,4265.0,4380.0,3530.62939453125,68214000,BBCA.JK,0.8060797704409246
2018-01-04,4380.0,4445.0,4380.0,4445.0,3583.024169921875,76567000,BBCA.JK,0.8060796782726378
2018-01-05,4460.0,4480.0,4435.0,4450.0,3587.054931640625,65268000,BBCA.JK,0.8060797599192415
2018-01-08,4450.0,4515.0,4445.0,4470.0,3603.176513671875,57928000,BBCA.JK,0.8060797569735738
2018-01-09,4500.0,4510.0,4490.0,4505.0,3631.389404296875,61213000,BBCA.JK,0.8060797789782187
2018-01-10,4505.0,4545.0,4465.0,4490.0,3619.297607421875,47292000,BBCA.JK,0.8060796453055401
2018-01-11,4490.0,4540.0,4460.0,4540.0,3659.602783203125,57569000,BBCA.JK,0.8060799081945209
2018-01-12,4540.0,4545.0,4465.0,4485.0,3615.267333984375,66590500,BBCA.JK,0.8060796731291806
2018-01-15,4490.0,4500.0,4460.0,4495.0,3623.32861328125,41875000,BBCA.JK,0.8060797804852614
2018-01-16,4490.0,4535.0,4490.0,4520.0,3643.47998046875,50055000,BBCA.JK,0.8060796416966262
2018-01-17,4540.0,4540.0,4430.0,4430.0,3570.932861328125,183003000,BBCA.JK,0.8060796526700057
2018-01-18,4450.0,4520.0,4450.0,4515.0,3639.4501953125,84980500,BBCA.JK,0.8060797774778516
2018-01-19,4525.0,4530.0,4480.0,4490.0,3619.297607421875,50450500,BBCA.JK,0.8060796453055401
2018-01-22,4510.0,4515.0,4485.0,4495.0,3623.32861328125,81367500,BBCA.JK,0.8060797804852614
2018-01-23,4530.0,4540.0,4505.0,4530.0,3651.541015625,68752000,BBCA.JK,0.8060796943984547
2018-01-24,4525.0,4525.0,4500.0,4515.0,3639.4501953125,94254500,BBCA.JK,0.8060797774778516
2018-01-25,4510.0,4530.0,4490.0,4515.0,3639.4501953125,53653500,BBCA.JK,0.8060797774778516
2018-01-26,4525.0,4570.0,4505.0,4540.0,3659.602783203125,58121000,BBCA.JK,0.8060799081945209
2018-01-29,4560.0,4565.0,4510.0,4560.0,3675.7236328125,114814500,BBCA.JK,0.8060797440378289
2018-01-30,4540.0,4690.0,4530.0,4560.0,3675.7236328125,114055000,BBCA.JK,0.8060797440378289
2018-01-31,4560.0,4580.0,4540.0,4545.0,3663.63232421875,106803000,BBCA.JK,0.806079719300055
2018-02-01,4570.0,4685.0,4570.0,4675.0,3768.421875,138208000,BBCA.JK,0.8060795454545454
2018-02-02,4725.0,4940.0,4720.0,4795.0,3865.15234375,98474000,BBCA.JK,0.806079738008342
2018-02-05,4750.0,4805.0,4700.0,4760.0,3836.940185546875,49501500,BBCA.JK,0.806079870913209
2018-02-06,4690.0,4735.0,4660.0,4705.0,3792.60546875,117589500,BBCA.JK,0.8060798020722636
2018-02-07,4730.0,4795.0,4695.0,4700.0,3788.574462890625,121947000,BBCA.JK,0.8060796729554521
2018-02-08,4710.0,4760.0,4700.0,4740.0,3820.817138671875,68461000,BBCA.JK,0.8060795651206487
2018-02-09,4680.0,4745.0,4670.0,4715.0,3800.66552734375,71076500,BBCA.JK,0.8060796452478791
2018-02-12,4760.0,4760.0,4700.0,4700.0,3788.574462890625,38409500,BBCA.JK,0.8060796729554521
2018-02-13,4760.0,4785.0,4750.0,4760.0,3836.940185546875,59406000,BBCA.JK,0.806079870913209
2018-02-14,4745.0,4775.0,4710.0,4740.0,3820.817138671875,75553000,BBCA.JK,0.8060795651206487
2018-02-15,4780.0,4785.0,4690.0,4690.0,3780.51416015625,52958500,BBCA.JK,0.8060797782849147
2018-02-19,4735.0,4850.0,4730.0,4850.0,3909.48681640625,50185500,BBCA.JK,0.8060797559600515
2018-02-20,4820.0,4840.0,4775.0,4805.0,3873.213134765625,34830000,BBCA.JK,0.806079736683793
2018-02-21,4790.0,4835.0,4745.0,4805.0,3873.213134765625,62499000,BBCA.JK,0.806079736683793
2018-02-22,4820.0,4835.0,4750.0,4780.0,3853.060546875,47217000,BBCA.JK,0.8060796123169456
2018-02-23,4805.0,4895.0,4790.0,4850.0,3909.48681640625,82233000,BBCA.JK,0.8060797559600515
2018-02-26,4830.0,4845.0,4700.0,4705.0,3792.60546875,85227500,BBCA.JK,0.8060798020722636
2018-02-27,4745.0,4755.0,4660.0,4710.0,3796.6357421875,87429500,BBCA.JK,0.8060797754113588
2018-02-28,4680.0,4690.0,4615.0,4635.0,3736.1796875,132869000,BBCA.JK,0.8060797599784251
2018-03-01,4620.0,4645.0,4620.0,4635.0,3736.1796875,125474500,BBCA.JK,0.8060797599784251
2018-03-02,4615.0,4625.0,4550.0,4575.0,3687.814208984375,151511000,BBCA.JK,0.8060796085211749
2018-03-05,4630.0,4660.0,4575.0,4575.0,3687.814208984375,87744000,BBCA.JK,0.8060796085211749
2018-03-06,4635.0,4640.0,4545.0,4555.0,3671.693115234375,75907000,BBCA.JK,0.8060797179438803
2018-03-07,4620.0,4630.0,4505.0,4520.0,3643.47998046875,106152000,BBCA.JK,0.8060796416966262
2018-03-08,4600.0,4680.0,4550.0,4660.0,3756.330810546875,102994500,BBCA.JK,0.8060795730787286
2018-03-09,4660.0,4660.0,4595.0,4660.0,3756.330810546875,66797000,BBCA.JK,0.8060795730787286
2018-03-12,4680.0,4730.0,4670.0,4725.0,3808.7265625,111180500,BBCA.JK,0.8060796957671957
2018-03-13,4720.0,4740.0,4655.0,4690.0,3780.51416015625,80643000,BBCA.JK,0.8060797782849147
2018-03-14,4695.0,4720.0,4645.0,4680.0,3772.453857421875,54505500,BBCA.JK,0.8060798840645033
2018-03-15,4680.0,4685.0,4650.0,4675.0,3768.421875,60774500,BBCA.JK,0.8060795454545454
2018-03-16,4730.0,4735.0,4600.0,4670.0,3764.39208984375,193122000,BBCA.JK,0.8060796766260707
2018-03-19,4660.0,4675.0,4640.0,4670.0,3764.39208984375,74200000,BBCA.JK,0.8060796766260707
2018-03-20,4655.0,4660.0,4600.0,4655.0,3752.30029296875,89683500,BBCA.JK,0.8060795473617078
2018-03-21,4670.0,4705.0,4655.0,4675.0,3768.421875,67617500,BBCA.JK,0.8060795454545454
2018-03-22,4695.0,4700.0,4670.0,4690.0,3780.51416015625,60791500,BBCA.JK,0.8060797782849147
2018-03-23,4600.0,4760.0,4600.0,4760.0,3836.940185546875,62978000,BBCA.JK,0.806079870913209
2018-03-26,4680.0,4690.0,4640.0,4655.0,3752.30029296875,100407000,BBCA.JK,0.8060795473617078
2018-03-27,4730.0,4755.0,4685.0,4690.0,3780.51416015625,66088000,BBCA.JK,0.8060797782849147
2018-03-28,4690.0,4690.0,4630.0,4665.0,3760.36181640625,36212500,BBCA.JK,0.8060797034096999
2018-03-29,4630.0,4665.0,4565.0,4660.0,3756.330810546875,77650500,BBCA.JK,0.8060795730787286
2018-04-02,4690.0,4695.0,4620.0,4680.0,3772.453857421875,37162500,BBCA.JK,0.8060798840645033
2018-04-03,4675.0,4700.0,4665.0,4680.0,3772.453857421875,56261000,BBCA.JK,0.8060798840645033
2018-04-04,4700.0,4700.0,4605.0,4660.0,3756.330810546875,49877000,BBCA.JK,0.8060795730787286
2018-04-05,4700.0,4700.0,4610.0,4610.0,3716.02734375,22521500,BBCA.JK,0.806079684110629
2018-04-06,4625.0,4625.0,4520.0,4545.0,3663.63232421875,47941500,BBCA.JK,0.806079719300055
2018-04-09,4570.0,4580.0,4515.0,4555.0,3671.693115234375,51013000,BBCA.JK,0.8060797179438803
2018-04-10,4575.0,4690.0,4560.0,4660.0,3756.330810546875,79533500,BBCA.JK,0.8060795730787286
2018-04-11,4700.0,4730.0,4660.0,4665.0,3760.36181640625,41891500,BBCA.JK,0.8060797034096999
2018-04-12,4665.0,4665.0,4610.0,4630.0,3732.14892578125,45957000,BBCA.JK,0.8060796815942225
2018-04-13,4620.0,4630.0,4580.0,4580.0,3719.9658203125,70179500,BBCA.JK,0.8122196114219432
2018-04-18,4565.0,4595.0,4545.0,4595.0,3732.148681640625,43716000,BBCA.JK,0.8122195172232046
2018-04-23,4640.0,4640.0,4585.0,4600.0,3736.2099609375,46236000,BBCA.JK,0.8122195567255435
2018-04-24,4620.0,4625.0,4575.0,4585.0,3724.02685546875,72223500,BBCA.JK,0.8122195977031079
2018-04-30,4300.0,4480.0,4290.0,4420.0,3590.0107421875,90414000,BBCA.JK,0.8122196249292987
2018-05-02,4420.0,4580.0,4420.0,4580.0,3719.9658203125,82346000,BBCA.JK,0.8122196114219432
2018-05-03,4560.0,4575.0,4460.0,4460.0,3622.49951171875,138704500,BBCA.JK,0.8122196214616031
2018-05-04,4460.0,4465.0,4400.0,4405.0,3577.82763671875,74133500,BBCA.JK,0.8122196678135641
2018-05-07,4410.0,4460.0,4360.0,4460.0,3622.49951171875,49054500,BBCA.JK,0.8122196214616031
2018-05-08,4400.0,4405.0,4340.0,4405.0,3577.82763671875,70739000,BBCA.JK,0.8122196678135641
2018-05-09,4305.0,4580.0,4305.0,4580.0,3719.9658203125,72094000,BBCA.JK,0.8122196114219432
2018-05-11,4550.0,4610.0,4510.0,4550.0,3695.599609375,80000500,BBCA.JK,0.8122196943681319
2018-05-14,4490.0,4595.0,4465.0,4595.0,3732.148681640625,57370500,BBCA.JK,0.8122195172232046
2018-05-15,4535.0,4540.0,4400.0,4440.0,3606.2548828125,130583000,BBCA.JK,0.8122195682010135
2018-05-16,4380.0,4480.0,4380.0,4475.0,3634.68310546875,87185000,BBCA.JK,0.812219688372905
2018-05-17,4440.0,4455.0,4400.0,4400.0,3573.766357421875,84030500,BBCA.JK,0.8122196266867898
2018-05-18,4400.0,4405.0,4340.0,4340.0,3525.033203125,88681000,BBCA.JK,0.8122196320564516
2018-05-21,4310.0,4345.0,4295.0,4330.0,3516.91162109375,82237000,BBCA.JK,0.8122197739246536
2018-05-22,4390.0,4420.0,4340.0,4400.0,3573.766357421875,62761000,BBCA.JK,0.8122196266867898
2018-05-23,4420.0,4470.0,4400.0,4400.0,3573.766357421875,79515500,BBCA.JK,0.8122196266867898
2018-05-24,4460.0,4525.0,4455.0,4490.0,3646.865966796875,77697000,BBCA.JK,0.8122195917142261
2018-05-25,4485.0,4535.0,4475.0,4510.0,3663.1103515625,63913500,BBCA.JK,0.8122195901468958
2018-05-28,4500.0,4600.0,4480.0,4570.0,3711.843505859375,64104500,BBCA.JK,0.8122195855272155
2018-05-30,4570.0,4595.0,4490.0,4540.0,3687.4775390625,109761500,BBCA.JK,0.8122197222604626
2018-05-31,4575.0,4590.0,4490.0,4540.0,3687.4775390625,178023000,BBCA.JK,0.8122197222604626
2018-06-04,4590.0,4595.0,4560.0,4585.0,3724.02685546875,89585000,BBCA.JK,0.8122195977031079
2018-06-05,4560.0,4585.0,4480.0,4545.0,3691.538330078125,77233000,BBCA.JK,0.8122196545826458
2018-06-06,4545.0,4630.0,4525.0,4605.0,3740.271240234375,57913500,BBCA.JK,0.8122195961421009
2018-06-07,4630.0,4630.0,4580.0,4595.0,3732.148681640625,40681500,BBCA.JK,0.8122195172232046
2018-06-08,4570.0,4600.0,4420.0,4450.0,3614.37744140625,170845000,BBCA.JK,0.8122196497542135
2018-06-20,4400.0,4405.0,4230.0,4300.0,3492.54443359375,253439000,BBCA.JK,0.8122196357194768
2018-06-21,4325.0,4390.0,4230.0,4230.0,3435.68896484375,90593500,BBCA.JK,0.8122196134382388
2018-06-22,4280.0,4385.0,4220.0,4385.0,3561.58251953125,96509500,BBCA.JK,0.8122195027437287
2018-06-25,4385.0,4495.0,4365.0,4440.0,3606.2548828125,62513000,BBCA.JK,0.8122195682010135
2018-06-26,4420.0,4460.0,4275.0,4275.0,3472.23876953125,54763500,BBCA.JK,0.8122195952119883
2018-06-27,4280.0,4340.0,4270.0,4270.0,3468.177734375,67309500,BBCA.JK,0.8122196099238876
2018-06-28,4275.0,4275.0,4185.0,4190.0,3403.19970703125,118098500,BBCA.JK,0.8122195004847852
2018-06-29,4190.0,4295.0,4165.0,4295.0,3488.483154296875,119188000,BBCA.JK,0.8122195935499127
2018-07-02,4330.0,4330.0,4285.0,4290.0,3484.42236328125,59441500,BBCA.JK,0.8122196651005245
2018-07-03,4320.0,4325.0,4120.0,4120.0,3346.3447265625,73038000,BBCA.JK,0.8122195938258495
2018-07-04,4195.0,4280.0,4140.0,4245.0,3447.872314453125,61994500,BBCA.JK,0.8122196264907244
2018-07-05,4210.0,4260.0,4200.0,4245.0,3447.872314453125,34144000,BBCA.JK,0.8122196264907244
2018-07-06,4195.0,4210.0,4185.0,4185.0,3399.139404296875,37609000,BBCA.JK,0.8122196903935185
2018-07-09,4240.0,4400.0,4215.0,4380.0,3557.522216796875,80049500,BBCA.JK,0.8122196842001997
2018-07-10,4370.0,4400.0,4280.0,4380.0,3557.522216796875,116639500,BBCA.JK,0.8122196842001997
2018-07-11,4300.0,4490.0,4300.0,4465.0,3626.560791015625,95570000,BBCA.JK,0.8122196620415734
2018-07-12,4440.0,4580.0,4435.0,4565.0,3707.782470703125,79008000,BBCA.JK,0.812219599277793
2018-07-13,4600.0,4615.0,4560.0,4605.0,3740.271240234375,73936000,BBCA.JK,0.8122195961421009
2018-07-16,4610.0,4625.0,4580.0,4625.0,3756.516357421875,71571000,BBCA.JK,0.8122197529560811
2018-07-17,4585.0,4600.0,4505.0,4545.0,3691.538330078125,30322000,BBCA.JK,0.8122196545826458
2018-07-18,4590.0,4640.0,4590.0,4640.0,3768.698974609375,80090500,BBCA.JK,0.8122196065968481
2018-07-19,4620.0,4640.0,4610.0,4640.0,3768.698974609375,76925500,BBCA.JK,0.8122196065968481
2018-07-20,4630.0,4630.0,4585.0,4620.0,3752.45458984375,57104000,BBCA.JK,0.8122196081912879
2018-07-23,4640.0,4700.0,4620.0,4670.0,3793.0654296875,70157500,BBCA.JK,0.8122195780915418
2018-07-24,4700.0,4705.0,4660.0,4705.0,3821.493408203125,88291000,BBCA.JK,0.8122196404257439
2018-07-25,4705.0,4715.0,4685.0,4715.0,3829.615234375,50131500,BBCA.JK,0.8122195619034994
2018-07-26,4645.0,4725.0,4645.0,4665.0,3789.004638671875,54317500,BBCA.JK,0.8122196438739282
2018-07-27,4660.0,4670.0,4625.0,4645.0,3772.760498046875,46642500,BBCA.JK,0.8122196981801668
2018-07-30,4680.0,4680.0,4600.0,4655.0,3780.8818359375,40096500,BBCA.JK,0.8122195136278195
2018-07-31,4640.0,4660.0,4530.0,4655.0,3780.8818359375,66803000,BBCA.JK,0.8122195136278195
2018-08-01,4680.0,4695.0,4650.0,4695.0,3813.370849609375,56594000,BBCA.JK,0.812219563282082
2018-08-02,4720.0,4780.0,4690.0,4690.0,3809.310302734375,79333000,BBCA.JK,0.8122196807535981
2018-08-03,4690.0,4730.0,4670.0,4690.0,3809.310302734375,41404000,BBCA.JK,0.8122196807535981
2018-08-06,4680.0,4760.0,4680.0,4760.0,3866.166015625,63000500,BBCA.JK,0.8122197511817227
2018-08-07,4740.0,4775.0,4740.0,4760.0,3866.166015625,114379000,BBCA.JK,0.8122197511817227
2018-08-08,4780.0,4790.0,4710.0,4785.0,3886.470703125,64702500,BBCA.JK,0.8122195826802507
2018-08-09,4800.0,4820.0,4780.0,4820.0,3914.8994140625,65947500,BBCA.JK,0.8122197954486514
2018-08-10,4800.0,4815.0,4740.0,4775.0,3878.34912109375,80348000,BBCA.JK,0.812219711223822
2018-08-13,4705.0,4710.0,4610.0,4665.0,3789.004638671875,80184000,BBCA.JK,0.8122196438739282
2018-08-14,4690.0,4780.0,4605.0,4700.0,3817.43212890625,85527500,BBCA.JK,0.8122196018949468
2018-08-15,4720.0,4720.0,4660.0,4690.0,3809.310302734375,57330500,BBCA.JK,0.8122196807535981
2018-08-16,4690.0,4695.0,4640.0,4675.0,3797.1259765625,52903500,BBCA.JK,0.8122194602272728
2018-08-20,4700.0,4780.0,4685.0,4780.0,3882.40966796875,96832000,BBCA.JK,0.8122195958093619
2018-08-21,4770.0,4795.0,4770.0,4775.0,3878.34912109375,67938000,BBCA.JK,0.812219711223822
2018-08-23,4760.0,4930.0,4755.0,4915.0,3992.0595703125,145868000,BBCA.JK,0.8122196480798576
2018-08-24,4920.0,5095.0,4915.0,5015.0,4073.281494140625,103975000,BBCA.JK,0.8122196399083998
2018-08-27,5020.0,5070.0,4935.0,4955.0,4024.54931640625,91285000,BBCA.JK,0.8122198418579717
2018-08-28,5020.0,5020.0,4910.0,4995.0,4057.037353515625,63353500,BBCA.JK,0.8122196903935185
2018-08-29,4900.0,4960.0,4895.0,4960.0,4028.609375,87695500,BBCA.JK,0.8122196320564516
2018-08-30,4995.0,5030.0,4985.0,5015.0,4073.281494140625,96273500,BBCA.JK,0.8122196399083998
2018-08-31,5000.0,5010.0,4960.0,4960.0,4028.609375,111563000,BBCA.JK,0.8122196320564516
2018-09-03,5010.0,5015.0,4920.0,4955.0,4024.54931640625,38489500,BBCA.JK,0.8122198418579717
2018-09-04,4965.0,4980.0,4900.0,4950.0,4020.487548828125,42271500,BBCA.JK,0.8122197068339646
2018-09-05,4900.0,4900.0,4730.0,4800.0,3898.654052734375,95608500,BBCA.JK,0.8122195943196615
2018-09-06,4805.0,5040.0,4720.0,4940.0,4012.364501953125,95265000,BBCA.JK,0.8122195348083249
2018-09-07,4965.0,4970.0,4875.0,4970.0,4036.73193359375,72551500,BBCA.JK,0.8122197049484406
2018-09-10,4920.0,4950.0,4830.0,4950.0,4020.487548828125,66696500,BBCA.JK,0.8122197068339646
2018-09-12,4950.0,4965.0,4765.0,4780.0,3882.40966796875,87900500,BBCA.JK,0.8122195958093619
2018-09-13,4840.0,4875.0,4780.0,4800.0,3898.654052734375,94051000,BBCA.JK,0.8122195943196615
2018-09-14,4780.0,4840.0,4740.0,4795.0,3894.593017578125,72473500,BBCA.JK,0.8122196074198383
2018-09-17,4750.0,4795.0,4750.0,4785.0,3886.470703125,39478000,BBCA.JK,0.8122195826802507
2018-09-18,4740.0,4850.0,4740.0,4800.0,3898.654052734375,75119500,BBCA.JK,0.8122195943196615
2018-09-19,4815.0,4845.0,4765.0,4800.0,3898.654052734375,111558500,BBCA.JK,0.8122195943196615
2018-09-20,4840.0,4845.0,4780.0,4790.0,3890.53271484375,60786000,BBCA.JK,0.81221977345381
2018-09-21,4780.0,4830.0,4740.0,4740.0,3849.920654296875,152052000,BBCA.JK,0.8122195473200158
2018-09-24,4780.0,4815.0,4760.0,4785.0,3886.470703125,59902000,BBCA.JK,0.8122195826802507
2018-09-25,4800.0,4800.0,4765.0,4785.0,3886.470703125,42771000,BBCA.JK,0.8122195826802507
2018-09-26,4760.0,4860.0,4760.0,4840.0,3931.142822265625,71715500,BBCA.JK,0.8122195913771952
2018-09-27,4780.0,4825.0,4770.0,4800.0,3898.654052734375,71001000,BBCA.JK,0.8122195943196615
2018-09-28,4780.0,4830.0,4780.0,4830.0,3923.021240234375,96975000,BBCA.JK,0.8122197184750258
2018-10-01,4800.0,4840.0,4790.0,4790.0,3890.53271484375,36388000,BBCA.JK,0.81221977345381
2018-10-02,4815.0,4840.0,4750.0,4790.0,3890.53271484375,50639500,BBCA.JK,0.81221977345381
2018-10-03,4750.0,4795.0,4745.0,4785.0,3886.470703125,33524500,BBCA.JK,0.8122195826802507
2018-10-04,4785.0,4785.0,4700.0,4720.0,3833.677001953125,67869500,BBCA.JK,0.8122197038036282
2018-10-05,4710.0,4710.0,4595.0,4610.0,3744.33251953125,98249500,BBCA.JK,0.8122196354731562
2018-10-08,4615.0,4790.0,4615.0,4690.0,3809.310302734375,57250000,BBCA.JK,0.8122196807535981
2018-10-09,4700.0,4750.0,4680.0,4750.0,3858.043212890625,36940000,BBCA.JK,0.8122196237664474
2018-10-10,4780.0,4825.0,4650.0,4675.0,3797.1259765625,59394500,BBCA.JK,0.8122194602272728
2018-10-11,4600.0,4660.0,4495.0,4545.0,3691.538330078125,102336000,BBCA.JK,0.8122196545826458
2018-10-12,4600.0,4695.0,4600.0,4650.0,3776.8212890625,82574500,BBCA.JK,0.8122196320564516
2018-10-15,4700.0,4770.0,4695.0,4770.0,3874.287109375,65950000,BBCA.JK,0.8122195197851153
2018-10-16,4770.0,4820.0,4700.0,4820.0,3914.8994140625,47449000,BBCA.JK,0.8122197954486514
2018-10-17,4830.0,4835.0,4755.0,4805.0,3902.71533203125,38359000,BBCA.JK,0.8122196320564516
2018-10-18,4760.0,4775.0,4720.0,4720.0,3833.677001953125,29360500,BBCA.JK,0.8122197038036282
2018-10-19,4660.0,4730.0,4645.0,4675.0,3797.1259765625,45219500,BBCA.JK,0.8122194602272728
2018-10-22,4675.0,4720.0,4630.0,4630.0,3760.57666015625,63484000,BBCA.JK,0.8122195810272678
2018-10-23,4680.0,4685.0,4575.0,4590.0,3728.088134765625,62162500,BBCA.JK,0.8122196372038398
2018-10-24,4600.0,4630.0,4530.0,4530.0,3679.354736328125,59493500,BBCA.JK,0.812219588593405
2018-10-25,4435.0,4635.0,4435.0,4580.0,3719.9658203125,87732500,BBCA.JK,0.8122196114219432
2018-10-26,4620.0,4720.0,4600.0,4720.0,3833.677001953125,83994000,BBCA.JK,0.8122197038036282
2018-10-29,4660.0,4710.0,4625.0,4625.0,3756.516357421875,34553000,BBCA.JK,0.8122197529560811
2018-10-30,4625.0,4730.0,4620.0,4700.0,3817.43212890625,68882500,BBCA.JK,0.8122196018949468
2018-10-31,4750.0,4775.0,4700.0,4730.0,3841.798583984375,128908500,BBCA.JK,0.8122195737810518
2018-11-01,4770.0,4810.0,4745.0,4760.0,3866.166015625,117906500,BBCA.JK,0.8122197511817227
2018-11-02,4800.0,4835.0,4760.0,4800.0,3898.654052734375,114054500,BBCA.JK,0.8122195943196615
2018-11-05,4800.0,4850.0,4790.0,4835.0,3927.080810546875,76754500,BBCA.JK,0.8122194023881851
2018-11-06,4860.0,4945.0,4850.0,4880.0,3963.631103515625,94410500,BBCA.JK,0.812219488425333
2018-11-07,4920.0,4920.0,4780.0,4820.0,3914.8994140625,83875500,BBCA.JK,0.8122197954486514
2018-11-08,4880.0,4900.0,4780.0,4800.0,3898.654052734375,99739000,BBCA.JK,0.8122195943196615
2018-11-09,4800.0,4810.0,4785.0,4800.0,3898.654052734375,62938500,BBCA.JK,0.8122195943196615
2018-11-12,4830.0,4835.0,4740.0,4740.0,3849.920654296875,65125000,BBCA.JK,0.8122195473200158
2018-11-13,4740.0,4820.0,4670.0,4815.0,3910.8369140625,61231500,BBCA.JK,0.8122195044781931
2018-11-14,4815.0,4850.0,4780.0,4810.0,3906.777099609375,68511500,BBCA.JK,0.8122197712285603
2018-11-15,4855.0,4870.0,4790.0,4835.0,3927.080810546875,87085500,BBCA.JK,0.8122194023881851
2018-11-16,4870.0,4980.0,4860.0,4965.0,4032.670654296875,134145500,BBCA.JK,0.8122196685391491
2018-11-19,5000.0,5080.0,4980.0,5020.0,4077.343017578125,103822500,BBCA.JK,0.8122197246171564
2018-11-21,5000.0,5010.0,4955.0,4960.0,4028.609375,107889000,BBCA.JK,0.8122196320564516
2018-11-22,4940.0,5040.0,4940.0,5020.0,4077.343017578125,87270000,BBCA.JK,0.8122197246171564
2018-11-23,5060.0,5090.0,4975.0,5020.0,4077.343017578125,57460000,BBCA.JK,0.8122197246171564
2018-11-26,4960.0,5080.0,4960.0,5045.0,4097.64794921875,64336500,BBCA.JK,0.8122196133238355
2018-11-27,5040.0,5100.0,5000.0,5100.0,4142.31982421875,73989000,BBCA.JK,0.8122195733762255
2018-11-28,5125.0,5125.0,5080.0,5090.0,4134.1982421875,90687500,BBCA.JK,0.8122196939464637
2018-11-29,5100.0,5240.0,5100.0,5240.0,4256.03173828125,113847500,BBCA.JK,0.812219797381918
2018-11-30,5240.0,5240.0,5155.0,5210.0,4231.66357421875,178034500,BBCA.JK,0.8122194960112764
2018-12-03,5215.0,5395.0,5100.0,5160.0,4204.7734375,100923000,BBCA.JK,0.8148785731589148
2018-12-04,5160.0,5295.0,5155.0,5240.0,4269.96484375,119232500,BBCA.JK,0.8148787869751909
2018-12-05,5120.0,5230.0,5115.0,5230.0,4261.81494140625,74994000,BBCA.JK,0.8148785738826482
2018-12-06,5170.0,5260.0,5120.0,5260.0,4286.2607421875,75450000,BBCA.JK,0.8148784680964829
2018-12-07,5190.0,5210.0,5160.0,5190.0,4229.21875,71070000,BBCA.JK,0.8148783718689788
2018-12-10,5120.0,5205.0,5120.0,5180.0,4221.07080078125,81221000,BBCA.JK,0.8148785329693533
2018-12-11,5130.0,5200.0,5125.0,5160.0,4204.7734375,93017000,BBCA.JK,0.8148785731589148
2018-12-12,5190.0,5190.0,5130.0,5165.0,4208.84716796875,121623000,BBCA.JK,0.8148784449116651
2018-12-13,5200.0,5205.0,5145.0,5165.0,4208.84716796875,84280500,BBCA.JK,0.8148784449116651
2018-12-14,5160.0,5180.0,5140.0,5165.0,4208.84716796875,184435000,BBCA.JK,0.8148784449116651
2018-12-17,5185.0,5200.0,5150.0,5165.0,4208.84716796875,101438500,BBCA.JK,0.8148784449116651
2018-12-18,5100.0,5115.0,4980.0,5065.0,4127.3603515625,132039000,BBCA.JK,0.8148786478899309
2018-12-19,5040.0,5230.0,5040.0,5230.0,4261.81494140625,102220500,BBCA.JK,0.8148785738826482
2018-12-20,5120.0,5170.0,5070.0,5115.0,4168.10302734375,94455000,BBCA.JK,0.8148784022177419
2018-12-21,5040.0,5175.0,5040.0,5170.0,4212.92138671875,89979500,BBCA.JK,0.8148784113575919
2018-12-26,5170.0,5225.0,5140.0,5225.0,4257.740234375,66511500,BBCA.JK,0.8148785137559809
2018-12-27,5240.0,5255.0,5180.0,5195.0,4233.2939453125,50265500,BBCA.JK,0.8148785265279115
2018-12-28,5195.0,5240.0,5180.0,5200.0,4237.36865234375,54467500,BBCA.JK,0.8148785869891827
2019-01-02,5200.0,5245.0,5200.0,5240.0,4269.96484375,35956000,BBCA.JK,0.8148787869751909
2019-01-03,5200.0,5220.0,5115.0,5180.0,4221.07080078125,72358000,BBCA.JK,0.8148785329693533
2019-01-04,5175.0,5205.0,5125.0,5205.0,4241.44287109375,51465000,BBCA.JK,0.8148785535242555
2019-01-07,5265.0,5325.0,5245.0,5245.0,4274.03759765625,73438000,BBCA.JK,0.8148784742909915
2019-01-08,5230.0,5320.0,5205.0,5240.0,4269.96484375,66247500,BBCA.JK,0.8148787869751909
2019-01-09,5300.0,5320.0,5225.0,5255.0,4282.1875,84871000,BBCA.JK,0.8148786869647955
2019-01-10,5300.0,5300.0,5190.0,5255.0,4282.1875,114314500,BBCA.JK,0.8148786869647955
2019-01-11,5280.0,5300.0,5235.0,5250.0,4278.11181640625,84826500,BBCA.JK,0.8148784412202381
2019-01-14,5220.0,5235.0,5150.0,5200.0,4237.36865234375,87547500,BBCA.JK,0.8148785869891827
2019-01-15,5230.0,5260.0,5190.0,5260.0,4286.2607421875,87763000,BBCA.JK,0.8148784680964829
2019-01-16,5260.0,5285.0,5245.0,5285.0,4306.6328125,94972500,BBCA.JK,0.8148784886471144
2019-01-17,5290.0,5330.0,5285.0,5330.0,4343.3017578125,91654000,BBCA.JK,0.8148783785764541
2019-01-18,5340.0,5425.0,5315.0,5425.0,4420.7158203125,100873500,BBCA.JK,0.8148784922235023
2019-01-21,5425.0,5600.0,5390.0,5545.0,4518.501953125,87118000,BBCA.JK,0.8148786209422904
2019-01-22,5600.0,5620.0,5450.0,5600.0,4563.31884765625,91907000,BBCA.JK,0.8148783656529018
2019-01-23,5600.0,5600.0,5475.0,5500.0,4481.83203125,98512500,BBCA.JK,0.8148785511363636
2019-01-24,5430.0,5485.0,5355.0,5460.0,4449.23681640625,106781000,BBCA.JK,0.8148785378033425
2019-01-25,5400.0,5520.0,5400.0,5500.0,4481.83203125,68944000,BBCA.JK,0.8148785511363636
2019-01-28,5515.0,5515.0,5475.0,5495.0,4477.75732421875,69704000,BBCA.JK,0.8148784939433577
2019-01-29,5445.0,5550.0,5440.0,5540.0,4514.4267578125,77679000,BBCA.JK,0.8148784761394404
2019-01-30,5560.0,5560.0,5495.0,5520.0,4498.12939453125,76285000,BBCA.JK,0.814878513502038
2019-01-31,5520.0,5640.0,5520.0,5635.0,4591.84033203125,135904500,BBCA.JK,0.8148784972548803
2019-02-01,5680.0,5750.0,5560.0,5635.0,4591.84033203125,57719500,BBCA.JK,0.8148784972548803
2019-02-04,5635.0,5635.0,5500.0,5500.0,4481.83203125,113846500,BBCA.JK,0.8148785511363636
2019-02-06,5500.0,5540.0,5495.0,5535.0,4510.3525390625,121996500,BBCA.JK,0.8148785075090335
2019-02-07,5535.0,5535.0,5505.0,5530.0,4506.27880859375,63697500,BBCA.JK,0.8148786272321429
2019-02-08,5530.0,5535.0,5500.0,5520.0,4498.12939453125,65268500,BBCA.JK,0.814878513502038
2019-02-11,5520.0,5530.0,5460.0,5495.0,4477.75732421875,37639000,BBCA.JK,0.8148784939433577
2019-02-12,5530.0,5530.0,5450.0,5460.0,4449.23681640625,95883500,BBCA.JK,0.8148785378033425
2019-02-13,5460.0,5490.0,5410.0,5420.0,4416.6416015625,103115500,BBCA.JK,0.814878524273524
2019-02-14,5405.0,5405.0,5380.0,5380.0,4384.0478515625,108738500,BBCA.JK,0.8148787828183085
2019-02-15,5360.0,5410.0,5335.0,5360.0,4367.7490234375,81340000,BBCA.JK,0.8148785491487873
2019-02-18,5410.0,5500.0,5410.0,5480.0,4465.53369140625,62991000,BBCA.JK,0.8148784108405566
2019-02-19,5420.0,5480.0,5380.0,5380.0,4384.0478515625,64469000,BBCA.JK,0.8148787828183085
2019-02-20,5450.0,5595.0,5440.0,5500.0,4481.83203125,89583000,BBCA.JK,0.8148785511363636
2019-02-21,5540.0,5560.0,5470.0,5505.0,4485.9072265625,54561500,BBCA.JK,0.8148786969232515
2019-02-22,5475.0,5525.0,5460.0,5490.0,4473.68310546875,48271500,BBCA.JK,0.8148785255862933
2019-02-25,5490.0,5500.0,5455.0,5490.0,4473.68310546875,47887000,BBCA.JK,0.8148785255862933
2019-02-26,5500.0,5555.0,5495.0,5555.0,4526.64990234375,98446000,BBCA.JK,0.8148784702689019
2019-02-27,5565.0,5570.0,5545.0,5565.0,4534.79833984375,78519500,BBCA.JK,0.8148784078784815
2019-02-28,5570.0,5580.0,5510.0,5515.0,4494.0546875,99366000,BBCA.JK,0.8148784564823209
2019-03-01,5565.0,5600.0,5535.0,5540.0,4514.4267578125,72589500,BBCA.JK,0.8148784761394404
2019-03-04,5520.0,5540.0,5515.0,5535.0,4510.3525390625,63910500,BBCA.JK,0.8148785075090335
2019-03-05,5500.0,5505.0,5440.0,5495.0,4477.75732421875,46499500,BBCA.JK,0.8148784939433577
2019-03-06,5555.0,5555.0,5490.0,5490.0,4473.68310546875,37777000,BBCA.JK,0.8148785255862933
2019-03-08,5545.0,5570.0,5440.0,5440.0,4432.93896484375,61126000,BBCA.JK,0.8148784861845129
2019-03-11,5530.0,5530.0,5460.0,5505.0,4485.9072265625,32469000,BBCA.JK,0.8148786969232515
2019-03-12,5540.0,5540.0,5450.0,5500.0,4481.83203125,40178500,BBCA.JK,0.8148785511363636
2019-03-13,5450.0,5505.0,5450.0,5500.0,4481.83203125,17722000,BBCA.JK,0.8148785511363636
2019-03-14,5450.0,5495.0,5450.0,5480.0,4465.53369140625,41096000,BBCA.JK,0.8148784108405566
2019-03-15,5520.0,5545.0,5485.0,5540.0,4514.4267578125,41759500,BBCA.JK,0.8148784761394404
2019-03-18,5555.0,5560.0,5535.0,5550.0,4522.57568359375,42791000,BBCA.JK,0.8148785015484235
2019-03-19,5540.0,5545.0,5485.0,5490.0,4473.68310546875,51527000,BBCA.JK,0.8148785255862933
2019-03-20,5540.0,5555.0,5465.0,5470.0,4457.38525390625,42388500,BBCA.JK,0.8148784742058958
2019-03-21,5490.0,5520.0,5465.0,5475.0,4461.4599609375,39866000,BBCA.JK,0.8148785316780822
2019-03-22,5465.0,5500.0,5465.0,5485.0,4469.609375,29601000,BBCA.JK,0.814878646308113
2019-03-25,5440.0,5500.0,5440.0,5455.0,4445.16259765625,23054500,BBCA.JK,0.814878569689505
2019-03-26,5480.0,5510.0,5455.0,5470.0,4457.38525390625,19895500,BBCA.JK,0.8148784742058958
2019-03-27,5510.0,5510.0,5460.0,5485.0,4469.609375,17804500,BBCA.JK,0.814878646308113
2019-03-28,5460.0,5485.0,5425.0,5470.0,4457.38525390625,32187500,BBCA.JK,0.8148784742058958
2019-03-29,5515.0,5530.0,5460.0,5510.0,4489.97998046875,36234000,BBCA.JK,0.8148783993591198
2019-04-01,5550.0,5550.0,5480.0,5500.0,4481.83203125,21786000,BBCA.JK,0.8148785511363636
2019-04-02,5530.0,5570.0,5480.0,5500.0,4481.83203125,36853000,BBCA.JK,0.8148785511363636
2019-04-04,5540.0,5560.0,5490.0,5540.0,4514.4267578125,48112000,BBCA.JK,0.8148784761394404
2019-04-05,5560.0,5560.0,5525.0,5530.0,4506.27880859375,21913500,BBCA.JK,0.8148786272321429
2019-04-08,5505.0,5540.0,5450.0,5480.0,4465.53369140625,39910000,BBCA.JK,0.8148784108405566
2019-04-09,5535.0,5550.0,5515.0,5535.0,4510.3525390625,29447000,BBCA.JK,0.8148785075090335
2019-04-10,5550.0,5555.0,5515.0,5525.0,4502.20361328125,19508500,BBCA.JK,0.8148784820418552
2019-04-11,5560.0,5560.0,5480.0,5480.0,4465.53369140625,25356000,BBCA.JK,0.8148784108405566
2019-04-12,5460.0,5510.0,5460.0,5500.0,4481.83203125,18577000,BBCA.JK,0.8148785511363636
2019-04-15,5560.0,5570.0,5490.0,5505.0,4485.9072265625,68152000,BBCA.JK,0.8148786969232515
2019-04-16,5495.0,5505.0,5475.0,5495.0,4477.75732421875,71017000,BBCA.JK,0.8148784939433577
2019-04-18,5600.0,5805.0,5580.0,5625.0,4583.69189453125,129332500,BBCA.JK,0.8148785590277777
2019-04-22,5625.0,5680.0,5585.0,5625.0,4583.69189453125,62837500,BBCA.JK,0.8148785590277777
2019-04-23,5680.0,5710.0,5595.0,5630.0,4587.76611328125,48654000,BBCA.JK,0.8148785281138987
2019-04-24,5640.0,5640.0,5600.0,5630.0,4629.70458984375,46975000,BBCA.JK,0.8223276358514654
2019-04-25,5535.0,5620.0,5525.0,5595.0,4600.92333984375,61482500,BBCA.JK,0.8223276746816354
2019-04-26,5585.0,5645.0,5570.0,5620.0,4621.48095703125,66204500,BBCA.JK,0.8223275724254894
2019-04-29,5610.0,5695.0,5595.0,5685.0,4674.93212890625,65480500,BBCA.JK,0.8223275512587951
2019-04-30,5670.0,5760.0,5670.0,5750.0,4728.3837890625,107607500,BBCA.JK,0.8223276154891305
2019-05-02,5800.0,5810.0,5675.0,5685.0,4674.93212890625,80879500,BBCA.JK,0.8223275512587951
2019-05-03,5680.0,5750.0,5615.0,5675.0,4666.708984375,58244500,BBCA.JK,0.822327574339207
2019-05-06,5600.0,5660.0,5595.0,5620.0,4621.48095703125,36649500,BBCA.JK,0.8223275724254894
2019-05-07,5675.0,5710.0,5650.0,5660.0,4654.37451171875,59177000,BBCA.JK,0.822327652247129
2019-05-08,5600.0,5700.0,5595.0,5700.0,4687.267578125,59062000,BBCA.JK,0.8223276452850877
2019-05-09,5700.0,5700.0,5625.0,5630.0,4629.70458984375,126636500,BBCA.JK,0.8223276358514654
2019-05-10,5610.0,5680.0,5600.0,5610.0,4613.2587890625,76130500,BBCA.JK,0.8223277698863637
2019-05-13,5680.0,5695.0,5600.0,5610.0,4613.2587890625,63720500,BBCA.JK,0.8223277698863637
2019-05-14,5560.0,5630.0,5495.0,5495.0,4518.6904296875,114800500,BBCA.JK,0.8223276487147406
2019-05-15,5555.0,5555.0,5445.0,5460.0,4489.9091796875,72065000,BBCA.JK,0.8223276885874542
2019-05-16,5460.0,5480.0,5280.0,5280.0,4341.890625,87939000,BBCA.JK,0.8223277698863637
2019-05-17,5280.0,5310.0,5180.0,5180.0,4259.6572265625,74207000,BBCA.JK,0.8223276499155405
2019-05-20,5180.0,5390.0,5140.0,5380.0,4424.1240234375,54764500,BBCA.JK,0.8223278853973048
2019-05-21,5470.0,5495.0,5400.0,5460.0,4489.9091796875,97371000,BBCA.JK,0.8223276885874542
2019-05-22,5530.0,5530.0,5400.0,5460.0,4489.9091796875,38519000,BBCA.JK,0.8223276885874542
2019-05-23,5440.0,5605.0,5340.0,5605.0,4609.14599609375,54926000,BBCA.JK,0.8223275639774754
2019-05-24,5610.0,5630.0,5605.0,5610.0,4613.2587890625,37402000,BBCA.JK,0.8223277698863637
2019-05-27,5535.0,5700.0,5530.0,5685.0,4674.93212890625,68564000,BBCA.JK,0.8223275512587951
2019-05-28,5655.0,5770.0,5655.0,5735.0,4716.04931640625,209923000,BBCA.JK,0.8223276924858326
2019-05-29,5800.0,5895.0,5730.0,5740.0,4720.16064453125,133044500,BBCA.JK,0.8223276384200784
2019-05-31,5740.0,5870.0,5735.0,5820.0,4785.947265625,96875000,BBCA.JK,0.822327708870275
2019-06-10,6000.0,6190.0,5810.0,5880.0,4835.28662109375,179238000,BBCA.JK,0.822327656648597
2019-06-11,5900.0,5960.0,5845.0,5910.0,4859.9560546875,72901000,BBCA.JK,0.8223275896256346
2019-06-12,5840.0,5900.0,5820.0,5845.0,4806.50537109375,69255500,BBCA.JK,0.8223276939424722
2019-06-13,5885.0,5885.0,5790.0,5805.0,4773.61279296875,78802500,BBCA.JK,0.8223277851798019
2019-06-14,5845.0,5845.0,5790.0,5800.0,4769.49951171875,57220500,BBCA.JK,0.8223275020204741
2019-06-17,5810.0,5840.0,5790.0,5795.0,4765.388671875,83624000,BBCA.JK,0.8223276396678171
2019-06-18,5795.0,5900.0,5795.0,5900.0,4851.73388671875,78788000,BBCA.JK,0.8223277774099577
2019-06-19,5900.0,5960.0,5890.0,5940.0,4884.62646484375,66944500,BBCA.JK,0.822327687684133
2019-06-20,5900.0,5940.0,5805.0,5910.0,4859.9560546875,59504500,BBCA.JK,0.8223275896256346
2019-06-21,5910.0,5935.0,5840.0,5880.0,4835.28662109375,144149000,BBCA.JK,0.822327656648597
2019-06-24,5895.0,5900.0,5865.0,5875.0,4831.17529296875,30084000,BBCA.JK,0.8223277094414894
2019-06-25,5930.0,5960.0,5875.0,5910.0,4859.9560546875,40561500,BBCA.JK,0.8223275896256346
2019-06-26,5940.0,5940.0,5860.0,5865.0,4822.95166015625,59334500,BBCA.JK,0.8223276487904945
2019-06-27,5850.0,5935.0,5805.0,5935.0,4880.5146484375,77525000,BBCA.JK,0.8223276576979781
2019-06-28,5980.0,5995.0,5960.0,5995.0,4929.85498046875,80919000,BBCA.JK,0.8223277698863637
2019-07-01,5995.0,6025.0,5965.0,5990.0,4925.7421875,56612500,BBCA.JK,0.82232757721202
2019-07-02,5990.0,6000.0,5950.0,6000.0,4933.9658203125,48563500,BBCA.JK,0.82232763671875
2019-07-03,5950.0,6000.0,5940.0,6000.0,4933.9658203125,43640000,BBCA.JK,0.82232763671875
2019-07-04,6000.0,6010.0,5965.0,5990.0,4925.7421875,28224500,BBCA.JK,0.82232757721202
2019-07-05,6020.0,6020.0,5970.0,5970.0,4909.2958984375,32722500,BBCA.JK,0.8223276211788108
2019-07-08,5935.0,5960.0,5865.0,5880.0,4835.28662109375,38361000,BBCA.JK,0.822327656648597
2019-07-09,5870.0,6000.0,5870.0,6000.0,4933.9658203125,47740500,BBCA.JK,0.82232763671875
2019-07-10,6000.0,6040.0,5995.0,6000.0,4933.9658203125,52183500,BBCA.JK,0.82232763671875
2019-07-11,6020.0,6025.0,5980.0,6025.0,4954.5244140625,34279500,BBCA.JK,0.8223277035788382
2019-07-12,6000.0,6030.0,5995.0,6010.0,4942.18994140625,29838000,BBCA.JK,0.8223277772722546
2019-07-15,6060.0,6115.0,6035.0,6105.0,5020.310546875,61453500,BBCA.JK,0.822327689905815
2019-07-16,6080.0,6105.0,6070.0,6085.0,5003.86376953125,38075000,BBCA.JK,0.8223276531686524
2019-07-17,6080.0,6150.0,6045.0,6150.0,5057.314453125,45487000,BBCA.JK,0.8223275533536586
2019-07-18,6100.0,6170.0,6055.0,6145.0,5053.20263671875,43625500,BBCA.JK,0.8223275242829536
2019-07-19,6195.0,6210.0,6150.0,6200.0,5098.4306640625,43973500,BBCA.JK,0.8223275264616936
2019-07-22,6260.0,6290.0,6200.0,6290.0,5172.43994140625,37314500,BBCA.JK,0.8223274946591812
2019-07-23,6240.0,6290.0,6205.0,6235.0,5127.212890625,39129500,BBCA.JK,0.8223276488572574
2019-07-24,6260.0,6265.0,6165.0,6250.0,5139.5478515625,51343500,BBCA.JK,0.82232765625
2019-07-25,6270.0,6275.0,6200.0,6250.0,5139.5478515625,53477500,BBCA.JK,0.82232765625
2019-07-26,6250.0,6250.0,6190.0,6195.0,5094.3203125,51797500,BBCA.JK,0.8223277340597256
2019-07-29,6220.0,6230.0,6160.0,6190.0,5090.20849609375,68509500,BBCA.JK,0.8223277053463247
2019-07-30,6205.0,6250.0,6190.0,6220.0,5114.8779296875,38225500,BBCA.JK,0.8223276414288585
2019-07-31,6190.0,6240.0,6180.0,6190.0,5090.20849609375,64129000,BBCA.JK,0.8223277053463247
2019-08-01,6190.0,6270.0,6185.0,6210.0,5106.65478515625,78228000,BBCA.JK,0.8223276626660628
2019-08-02,6160.0,6205.0,6160.0,6165.0,5069.64990234375,62989500,BBCA.JK,0.8223276402828467
2019-08-05,6215.0,6215.0,6000.0,6000.0,4933.9658203125,90924000,BBCA.JK,0.82232763671875
2019-08-06,5880.0,5955.0,5765.0,5880.0,4835.28662109375,183296000,BBCA.JK,0.822327656648597
2019-08-07,5975.0,6050.0,5905.0,6010.0,4942.18994140625,92102000,BBCA.JK,0.8223277772722546
2019-08-08,6010.0,6080.0,5980.0,6005.0,4938.0771484375,58295500,BBCA.JK,0.8223275850853455
2019-08-09,6055.0,6120.0,6055.0,6065.0,4987.4169921875,48118500,BBCA.JK,0.8223276161892004
2019-08-12,6070.0,6080.0,6000.0,6040.0,4966.857421875,52705000,BBCA.JK,0.822327387727649
2019-08-13,6000.0,6040.0,6000.0,6015.0,4946.30126953125,84406000,BBCA.JK,0.8223277256078554
2019-08-14,6040.0,6060.0,5980.0,6010.0,4942.18994140625,81942000,BBCA.JK,0.8223277772722546
2019-08-15,5920.0,6000.0,5860.0,6000.0,4933.9658203125,52561500,BBCA.JK,0.82232763671875
2019-08-16,6040.0,6040.0,5960.0,5960.0,4901.072265625,49821500,BBCA.JK,0.8223275613464766
2019-08-19,6030.0,6030.0,5965.0,6015.0,4946.30126953125,30619000,BBCA.JK,0.8223277256078554
2019-08-20,6035.0,6035.0,5985.0,5985.0,4921.630859375,58393500,BBCA.JK,0.822327628968254
2019-08-21,6000.0,6005.0,5975.0,5975.0,4913.4072265625,55927500,BBCA.JK,0.8223275692991632
2019-08-22,5925.0,6000.0,5920.0,6000.0,4933.9658203125,65888000,BBCA.JK,0.82232763671875
2019-08-23,5920.0,5995.0,5905.0,5995.0,4929.85498046875,33083500,BBCA.JK,0.8223277698863637
2019-08-26,5940.0,6000.0,5860.0,5990.0,4925.7421875,41388500,BBCA.JK,0.82232757721202
2019-08-27,6040.0,6040.0,5950.0,6005.0,4938.0771484375,123780000,BBCA.JK,0.8223275850853455
2019-08-28,6000.0,6020.0,5985.0,5995.0,4929.85498046875,55688000,BBCA.JK,0.8223277698863637
2019-08-29,5990.0,6025.0,5985.0,6005.0,4938.0771484375,51525500,BBCA.JK,0.8223275850853455
2019-08-30,6080.0,6100.0,6005.0,6100.0,5016.19873046875,73650000,BBCA.JK,0.822327660732582
2019-09-02,6100.0,6100.0,6000.0,6000.0,4933.9658203125,42429000,BBCA.JK,0.82232763671875
2019-09-03,6000.0,6055.0,6000.0,6055.0,4979.19384765625,42743500,BBCA.JK,0.8223276379283649
2019-09-04,6060.0,6060.0,6005.0,6020.0,4950.412109375,41979000,BBCA.JK,0.8223275929194352
2019-09-05,6085.0,6085.0,6015.0,6040.0,4966.857421875,53650500,BBCA.JK,0.822327387727649
2019-09-06,6060.0,6060.0,6025.0,6025.0,4954.5244140625,54349000,BBCA.JK,0.8223277035788382
2019-09-09,6050.0,6055.0,5980.0,6035.0,4962.74755859375,25912000,BBCA.JK,0.8223276816228252
2019-09-10,6020.0,6055.0,5985.0,6055.0,4979.19384765625,40291000,BBCA.JK,0.8223276379283649
2019-09-11,6050.0,6100.0,6010.0,6100.0,5016.19873046875,45243500,BBCA.JK,0.822327660732582
2019-09-12,6100.0,6105.0,6010.0,6020.0,4950.412109375,40034000,BBCA.JK,0.8223275929194352
2019-09-13,6080.0,6090.0,6010.0,6030.0,4958.63623046875,28419500,BBCA.JK,0.8223277330793947
2019-09-16,6000.0,6015.0,5985.0,6005.0,4938.0771484375,77289000,BBCA.JK,0.8223275850853455
2019-09-17,5990.0,6035.0,5985.0,6030.0,4958.63623046875,92037500,BBCA.JK,0.8223277330793947
2019-09-18,5990.0,6040.0,5990.0,6040.0,4966.857421875,28667000,BBCA.JK,0.822327387727649
2019-09-19,6015.0,6045.0,6000.0,6030.0,4958.63623046875,61988500,BBCA.JK,0.8223277330793947
2019-09-20,6050.0,6050.0,5990.0,5990.0,4925.7421875,133433000,BBCA.JK,0.82232757721202
2019-09-23,6030.0,6030.0,6000.0,6025.0,4954.5244140625,47231500,BBCA.JK,0.8223277035788382
2019-09-24,5980.0,6000.0,5940.0,5945.0,4888.73779296875,79718500,BBCA.JK,0.8223276354867536
2019-09-25,5900.0,5935.0,5780.0,5935.0,4880.5146484375,88620000,BBCA.JK,0.8223276576979781
2019-09-26,6000.0,6060.0,5970.0,6060.0,4983.30517578125,109859000,BBCA.JK,0.8223275867625826
2019-09-27,6005.0,6075.0,6000.0,6070.0,4991.5283203125,48010000,BBCA.JK,0.8223275651256178
2019-09-30,6070.0,6070.0,6005.0,6070.0,4991.5283203125,73391000,BBCA.JK,0.8223275651256178
2019-10-01,6010.0,6065.0,6010.0,6040.0,4966.857421875,40057000,BBCA.JK,0.822327387727649
2019-10-02,6010.0,6070.0,6010.0,6050.0,4975.0830078125,52376500,BBCA.JK,0.8223277698863637
2019-10-03,6010.0,6045.0,5950.0,6040.0,4966.857421875,50269000,BBCA.JK,0.822327387727649
2019-10-04,5980.0,6065.0,5980.0,6045.0,4970.97021484375,56890500,BBCA.JK,0.8223275789650538
2019-10-07,6070.0,6080.0,6050.0,6070.0,4991.5283203125,56705500,BBCA.JK,0.8223275651256178
2019-10-08,6080.0,6100.0,6015.0,6100.0,5016.19873046875,46997500,BBCA.JK,0.822327660732582
2019-10-09,6100.0,6100.0,6050.0,6070.0,4991.5283203125,41496500,BBCA.JK,0.8223275651256178
2019-10-10,6020.0,6110.0,6020.0,6110.0,5024.42236328125,65806500,BBCA.JK,0.8223277190313012
2019-10-11,6080.0,6155.0,6080.0,6125.0,5036.75634765625,40863500,BBCA.JK,0.8223275669642857
2019-10-14,6130.0,6200.0,6130.0,6200.0,5098.4306640625,37514500,BBCA.JK,0.8223275264616936
2019-10-15,6190.0,6190.0,6145.0,6175.0,5077.87353515625,40935000,BBCA.JK,0.8223276980010121
2019-10-16,6200.0,6215.0,6175.0,6215.0,5110.765625,65776500,BBCA.JK,0.8223275341914722
2019-10-17,6185.0,6210.0,6105.0,6115.0,5028.53369140625,45666500,BBCA.JK,0.8223276682594031
2019-10-18,6160.0,6170.0,6140.0,6160.0,5065.53857421875,41008500,BBCA.JK,0.8223276906199269
2019-10-21,6200.0,6255.0,6185.0,6220.0,5114.8779296875,59971500,BBCA.JK,0.8223276414288585
2019-10-22,6270.0,6300.0,6225.0,6300.0,5180.66455078125,67259500,BBCA.JK,0.8223277064732143
2019-10-23,6300.0,6305.0,6260.0,6275.0,5160.1064453125,62219000,BBCA.JK,0.8223277203685259
2019-10-24,6290.0,6320.0,6270.0,6300.0,5180.66455078125,73101000,BBCA.JK,0.8223277064732143
2019-10-25,6320.0,6325.0,6175.0,6200.0,5098.4306640625,61929500,BBCA.JK,0.8223275264616936
2019-10-28,6200.0,6250.0,6200.0,6205.0,5102.54345703125,43249500,BBCA.JK,0.8223277126561241
2019-10-29,6205.0,6240.0,6150.0,6220.0,5114.8779296875,79861500,BBCA.JK,0.8223276414288585
2019-10-30,6280.0,6285.0,6200.0,6265.0,5151.8818359375,60738000,BBCA.JK,0.8223275077314446
2019-10-31,6270.0,6300.0,6250.0,6290.0,5172.43994140625,58420500,BBCA.JK,0.8223274946591812
2019-11-01,6300.0,6325.0,6275.0,6325.0,5201.22265625,42080500,BBCA.JK,0.8223276926877471
2019-11-04,6350.0,6380.0,6260.0,6275.0,5160.1064453125,43794500,BBCA.JK,0.8223277203685259
2019-11-05,6350.0,6360.0,6270.0,6360.0,5230.00341796875,66161500,BBCA.JK,0.8223275814416273
2019-11-06,6380.0,6380.0,6295.0,6295.0,5176.552734375,63393000,BBCA.JK,0.8223276782168387
2019-11-07,6335.0,6335.0,6250.0,6285.0,5168.3291015625,61972000,BBCA.JK,0.8223276215692125
2019-11-08,6315.0,6315.0,6250.0,6280.0,5164.2177734375,90040500,BBCA.JK,0.8223276709295382
2019-11-11,6335.0,6340.0,6265.0,6295.0,5176.552734375,70207000,BBCA.JK,0.8223276782168387
2019-11-12,6220.0,6280.0,6220.0,6265.0,5151.8818359375,47635500,BBCA.JK,0.8223275077314446
2019-11-13,6265.0,6285.0,6265.0,6280.0,5164.2177734375,40083500,BBCA.JK,0.8223276709295382
2019-11-14,6265.0,6280.0,6210.0,6270.0,5155.9951171875,37862000,BBCA.JK,0.8223277698863637
2019-11-15,6280.0,6290.0,6255.0,6275.0,5160.1064453125,47138000,BBCA.JK,0.8223277203685259
2019-11-18,6245.0,6285.0,6210.0,6280.0,5164.2177734375,65599000,BBCA.JK,0.8223276709295382
2019-11-19,6330.0,6350.0,6300.0,6315.0,5192.9990234375,60115000,BBCA.JK,0.8223276363321457
2019-11-20,6255.0,6350.0,6255.0,6350.0,5221.77978515625,43229500,BBCA.JK,0.8223275252214567
2019-11-21,6350.0,6350.0,6300.0,6300.0,5180.66455078125,57523500,BBCA.JK,0.8223277064732143
2019-11-22,6280.0,6310.0,6270.0,6305.0,5184.775390625,56035000,BBCA.JK,0.8223275797977796
2019-11-25,6330.0,6335.0,6275.0,6275.0,5160.1064453125,55133500,BBCA.JK,0.8223277203685259
2019-11-26,6330.0,6330.0,6270.0,6285.0,5168.3291015625,192783500,BBCA.JK,0.8223276215692125
2019-11-27,6270.0,6300.0,6240.0,6300.0,5180.66455078125,58833500,BBCA.JK,0.8223277064732143
2019-11-28,6295.0,6295.0,6245.0,6250.0,5139.5478515625,44248000,BBCA.JK,0.82232765625
2019-11-29,6230.0,6295.0,6225.0,6280.0,5164.2177734375,52954500,BBCA.JK,0.8223276709295382
2019-12-02,6280.0,6425.0,6270.0,6425.0,5283.455078125,49909000,BBCA.JK,0.8223276386186771
2019-12-03,6420.0,6420.0,6345.0,6375.0,5242.33837890625,42823000,BBCA.JK,0.8223275888480392
2019-12-04,6360.0,6400.0,6355.0,6365.0,5234.11572265625,37552000,BBCA.JK,0.8223276861989395
2019-12-05,6360.0,6385.0,6330.0,6340.0,5213.5576171875,54168000,BBCA.JK,0.8223276998718454
2019-12-06,6340.0,6395.0,6320.0,6395.0,5275.4267578125,69920500,BBCA.JK,0.8249299073983581
2019-12-09,6370.0,6395.0,6360.0,6395.0,5275.4267578125,51667500,BBCA.JK,0.8249299073983581
2019-12-10,6395.0,6400.0,6360.0,6365.0,5250.6787109375,57654000,BBCA.JK,0.8249298838864886
2019-12-11,6365.0,6385.0,6350.0,6380.0,5263.05322265625,48469000,BBCA.JK,0.824929972203174
2019-12-12,6400.0,6405.0,6340.0,6340.0,5230.05517578125,79198500,BBCA.JK,0.8249298384513013
2019-12-13,6395.0,6420.0,6350.0,6360.0,5246.5537109375,70822500,BBCA.JK,0.8249298287637579
2019-12-16,6340.0,6395.0,6340.0,6360.0,5246.5537109375,78684000,BBCA.JK,0.8249298287637579
2019-12-17,6395.0,6500.0,6365.0,6500.0,5362.0439453125,102914500,BBCA.JK,0.8249298377403846
2019-12-18,6500.0,6800.0,6440.0,6755.0,5572.40185546875,181804000,BBCA.JK,0.8249299563980385
2019-12-19,6700.0,6720.0,6590.0,6600.0,5444.53759765625,74171000,BBCA.JK,0.8249299390388257
2019-12-20,6680.0,6740.0,6610.0,6660.0,5494.033203125,99453000,BBCA.JK,0.8249299103791291
2019-12-23,6680.0,6730.0,6650.0,6660.0,5494.033203125,46558500,BBCA.JK,0.8249299103791291
2019-12-26,6660.0,6725.0,6660.0,6680.0,5510.53271484375,38188500,BBCA.JK,0.8249300471322979
2019-12-27,6670.0,6700.0,6670.0,6695.0,5522.90673828125,29945000,BBCA.JK,0.8249300579957057
2019-12-30,6680.0,6720.0,6670.0,6685.0,5514.65673828125,61168000,BBCA.JK,0.8249299533704189
2020-01-02,6695.0,6780.0,6680.0,6690.0,5518.78173828125,49445000,BBCA.JK,0.8249300057221599
2020-01-03,6750.0,6800.0,6725.0,6800.0,5609.52392578125,47755500,BBCA.JK,0.824929989085478
2020-01-06,6720.0,6750.0,6690.0,6735.0,5555.9033203125,27300000,BBCA.JK,0.8249299658964365
2020-01-07,6735.0,6770.0,6730.0,6740.0,5560.02734375,45022500,BBCA.JK,0.8249298729599407
2020-01-08,6670.0,6745.0,6670.0,6680.0,5510.53271484375,53692500,BBCA.JK,0.8249300471322979
2020-01-09,6740.0,6755.0,6730.0,6740.0,5560.02734375,40363500,BBCA.JK,0.8249298729599407
2020-01-10,6765.0,6825.0,6710.0,6725.0,5547.65380859375,73362000,BBCA.JK,0.8249299343633829
2020-01-13,6740.0,6760.0,6735.0,6745.0,5564.1533203125,67855000,BBCA.JK,0.824930069727576
2020-01-14,6745.0,6885.0,6740.0,6870.0,5667.26904296875,93582000,BBCA.JK,0.824929991698508
2020-01-15,6870.0,7060.0,6800.0,6835.0,5638.396484375,75623500,BBCA.JK,0.8249299903986832
2020-01-16,6805.0,6890.0,6795.0,6850.0,5650.77001953125,88931500,BBCA.JK,0.8249299298585766
2020-01-17,6840.0,6890.0,6800.0,6875.0,5671.3935546875,38249500,BBCA.JK,0.8249299715909091
2020-01-20,6950.0,6975.0,6830.0,6835.0,5638.396484375,93554500,BBCA.JK,0.8249299903986832
2020-01-21,6885.0,6895.0,6825.0,6830.0,5634.27197265625,103984500,BBCA.JK,0.8249300106378111
2020-01-22,6855.0,6895.0,6835.0,6840.0,5642.52099609375,94311500,BBCA.JK,0.8249299701891447
2020-01-23,6885.0,6895.0,6830.0,6840.0,5642.52099609375,87728000,BBCA.JK,0.8249299701891447
2020-01-24,6820.0,6880.0,6810.0,6810.0,5617.7724609375,69653500,BBCA.JK,0.8249298767896476
2020-01-27,6865.0,6940.0,6815.0,6840.0,5642.52099609375,39679000,BBCA.JK,0.8249299701891447
2020-01-28,6835.0,6845.0,6755.0,6790.0,5601.2734375,82615000,BBCA.JK,0.8249298140648011
2020-01-29,6800.0,6845.0,6770.0,6785.0,5597.1494140625,43821000,BBCA.JK,0.8249299062730288
2020-01-30,6845.0,6845.0,6730.0,6740.0,5560.02734375,71990000,BBCA.JK,0.8249298729599407
2020-01-31,6800.0,6805.0,6480.0,6480.0,5345.5458984375,163136500,BBCA.JK,0.8249299225983796
2020-02-03,6480.0,6585.0,6370.0,6440.0,5312.54931640625,149797000,BBCA.JK,0.8249300180755047
2020-02-04,6570.0,6620.0,6520.0,6600.0,5444.53759765625,113316500,BBCA.JK,0.8249299390388257
2020-02-05,6780.0,6780.0,6650.0,6730.0,5551.77783203125,123002500,BBCA.JK,0.8249298413122214
2020-02-06,6740.0,6780.0,6680.0,6740.0,5560.02734375,154693500,BBCA.JK,0.8249298729599407
2020-02-07,6710.0,6780.0,6705.0,6760.0,5576.52685546875,82609000,BBCA.JK,0.8249300082054364
2020-02-10,6760.0,6785.0,6630.0,6785.0,5597.1494140625,66578500,BBCA.JK,0.8249299062730288
2020-02-11,6785.0,6785.0,6745.0,6780.0,5593.02490234375,77526500,BBCA.JK,0.8249299265993731
2020-02-12,6800.0,6800.0,6760.0,6800.0,5609.52392578125,69971500,BBCA.JK,0.824929989085478
2020-02-13,6820.0,6820.0,6740.0,6790.0,5601.2734375,49737000,BBCA.JK,0.8249298140648011
2020-02-14,6780.0,6795.0,6675.0,6680.0,5510.53271484375,147028500,BBCA.JK,0.8249300471322979
2020-02-17,6680.0,6750.0,6680.0,6720.0,5543.529296875,115319000,BBCA.JK,0.8249299548921131
2020-02-18,6685.0,6720.0,6670.0,6695.0,5522.90673828125,98436500,BBCA.JK,0.8249300579957057
2020-02-19,6665.0,6760.0,6665.0,6695.0,5522.90673828125,74594000,BBCA.JK,0.8249300579957057
2020-02-20,6690.0,6695.0,6565.0,6595.0,5440.4130859375,136724500,BBCA.JK,0.8249299599601971
2020-02-21,6600.0,6660.0,6595.0,6615.0,5456.912109375,98261000,BBCA.JK,0.8249300240929706
2020-02-24,6565.0,6600.0,6510.0,6525.0,5382.66845703125,84910000,BBCA.JK,0.8249300317289272
2020-02-25,6550.0,6560.0,6510.0,6530.0,5386.79248046875,86446500,BBCA.JK,0.8249299357532542
2020-02-26,6500.0,6535.0,6420.0,6420.0,5296.05029296875,92824500,BBCA.JK,0.8249299521758178
2020-02-27,6470.0,6475.0,6200.0,6290.0,5188.81005859375,129254500,BBCA.JK,0.8249300570101351
2020-02-28,6200.0,6290.0,6035.0,6290.0,5188.81005859375,169946500,BBCA.JK,0.8249300570101351
2020-03-02,6290.0,6290.0,6035.0,6080.0,5015.57373046875,144871500,BBCA.JK,0.8249298898797286
2020-03-03,6200.0,6350.0,6200.0,6320.0,5213.5576171875,114663500,BBCA.JK,0.8249300027195411
2020-03-04,6315.0,6500.0,6260.0,6440.0,5312.54931640625,83025000,BBCA.JK,0.8249300180755047
2020-03-05,6540.0,6540.0,6340.0,6435.0,5308.42431640625,77583000,BBCA.JK,0.8249299636994949
2020-03-06,6350.0,6350.0,6200.0,6200.0,5114.56591796875,77835500,BBCA.JK,0.8249299867691532
2020-03-09,6000.0,6040.0,5785.0,5785.0,4772.2197265625,140889500,BBCA.JK,0.8249299440903198
2020-03-10,5840.0,6010.0,5840.0,5925.0,4887.7109375,133667000,BBCA.JK,0.8249301160337553
2020-03-11,5950.0,5980.0,5790.0,5850.0,4825.84033203125,93204500,BBCA.JK,0.8249299712873932
2020-03-12,5600.0,5640.0,5460.0,5560.0,4586.60986328125,129845500,BBCA.JK,0.8249298315254047
2020-03-17,5495.0,5505.0,5120.0,5120.0,4223.6416015625,212200000,BBCA.JK,0.8249300003051758
2020-03-18,5120.0,5380.0,4765.0,5000.0,4124.64990234375,180053500,BBCA.JK,0.82492998046875
2020-03-19,4995.0,4995.0,4650.0,4650.0,3835.924560546875,264419000,BBCA.JK,0.8249300130208334
2020-03-20,4600.0,5385.0,4325.0,4735.0,3906.04345703125,335132000,BBCA.JK,0.8249299803656283
2020-03-23,4760.0,5000.0,4405.0,4430.0,3654.439208984375,217843500,BBCA.JK,0.8249298440145316
2020-03-24,4450.0,4995.0,4450.0,4500.0,3712.184814453125,253971000,BBCA.JK,0.8249299587673611
2020-03-26,4650.0,5395.0,4650.0,5280.0,4355.63037109375,331633000,BBCA.JK,0.8249299945253314
2020-03-27,5360.0,5895.0,5355.0,5510.0,4545.36328125,269683000,BBCA.JK,0.824929815108893
2020-03-30,5480.0,5555.0,5155.0,5495.0,4532.990234375,159964500,BBCA.JK,0.8249299789581438
2020-03-31,5660.0,5710.0,5485.0,5525.0,4557.73779296875,182638500,BBCA.JK,0.8249299172794118
2020-04-01,5560.0,5750.0,5425.0,5480.0,4520.61572265625,152831500,BBCA.JK,0.8249298763971259
2020-04-02,5470.0,5470.0,5360.0,5410.0,4462.8720703125,136623500,BBCA.JK,0.8249301423867837
2020-04-03,5460.0,5530.0,5365.0,5495.0,4532.990234375,110506000,BBCA.JK,0.8249299789581438
2020-04-06,5520.0,5740.0,5495.0,5735.0,4730.97265625,78184000,BBCA.JK,0.8249298441586748
2020-04-07,5735.0,6100.0,5580.0,5655.0,4664.97900390625,149153500,BBCA.JK,0.8249299741655615
2020-04-08,5655.0,5660.0,5480.0,5635.0,4648.48046875,106111500,BBCA.JK,0.824929985581189
2020-04-09,5600.0,5695.0,5500.0,5595.0,4615.48291015625,89997000,BBCA.JK,0.8249299213862824
2020-04-13,5540.0,5615.0,5480.0,5500.0,4537.115234375,58043000,BBCA.JK,0.8249300426136363
2020-04-14,5505.0,5590.0,5445.0,5515.0,4549.48828125,95796000,BBCA.JK,0.8249298787398005
2020-04-15,5515.0,5630.0,5445.0,5485.0,4524.7412109375,95342000,BBCA.JK,0.8249300293413856
2020-04-16,5485.0,5520.0,5185.0,5240.0,4322.6328125,176990500,BBCA.JK,0.8249299260496183
2020-04-17,5300.0,5445.0,5280.0,5425.0,4475.24560546875,160935500,BBCA.JK,0.8249300655241936
2020-04-20,5430.0,5500.0,5330.0,5355.0,4417.49951171875,90744000,BBCA.JK,0.8249298808064892
2020-04-21,5355.0,5355.0,5160.0,5160.0,4330.224609375,73431000,BBCA.JK,0.8391908157703488
2020-04-22,5160.0,5235.0,5045.0,5145.0,4317.6357421875,107263500,BBCA.JK,0.8391906204446065
2020-04-23,5180.0,5245.0,5120.0,5120.0,4296.65625,105419500,BBCA.JK,0.839190673828125
2020-04-24,5120.0,5140.0,4920.0,4920.0,4128.818359375,131149500,BBCA.JK,0.8391907234502033
2020-04-27,4940.0,5020.0,4855.0,4960.0,4162.38525390625,151103500,BBCA.JK,0.8391905753843246
2020-04-28,4960.0,4975.0,4805.0,4830.0,4053.290771484375,180488000,BBCA.JK,0.8391906359180901
2020-04-29,4825.0,4850.0,4800.0,4850.0,4070.07568359375,121161000,BBCA.JK,0.8391908625966494
2020-04-30,4880.0,5250.0,4880.0,5170.0,4338.61572265625,174081000,BBCA.JK,0.8391906620224855
2020-05-04,5150.0,5300.0,5000.0,5220.0,4380.57568359375,114497500,BBCA.JK,0.839190743983477
2020-05-05,5220.0,5340.0,5200.0,5285.0,4435.12255859375,118643500,BBCA.JK,0.8391906449562441
2020-05-06,5315.0,5370.0,5300.0,5355.0,4493.86572265625,86395500,BBCA.JK,0.8391906111402895
2020-05-08,5345.0,5400.0,5150.0,5245.0,4401.55517578125,123028000,BBCA.JK,0.8391906912833651
2020-05-11,5245.0,5325.0,5245.0,5295.0,4443.51513671875,40615500,BBCA.JK,0.8391907718071294
2020-05-12,5340.0,5340.0,5030.0,5220.0,4380.57568359375,118660000,BBCA.JK,0.839190743983477
2020-05-13,5160.0,5170.0,5085.0,5110.0,4288.263671875,94973000,BBCA.JK,0.8391905424412915
2020-05-14,5070.0,5110.0,4905.0,4920.0,4128.818359375,131268000,BBCA.JK,0.8391907234502033
2020-05-15,4920.0,4995.0,4680.0,4785.0,4015.52783203125,205790000,BBCA.JK,0.8391907694945141
2020-05-18,4800.0,4845.0,4750.0,4765.0,3998.74365234375,139997500,BBCA.JK,0.8391906930417103
2020-05-19,4840.0,4960.0,4680.0,4680.0,3927.412841796875,128504500,BBCA.JK,0.8391907781617254
2020-05-20,4720.0,4800.0,4690.0,4765.0,3998.74365234375,119158000,BBCA.JK,0.8391906930417103
2020-05-26,4775.0,5000.0,4775.0,4970.0,4170.77734375,176076500,BBCA.JK,0.8391906124245473
2020-05-27,4970.0,5000.0,4855.0,4965.0,4166.5810546875,151753500,BBCA.JK,0.8391905447507553
2020-05-28,5000.0,5320.0,5000.0,5295.0,4443.51513671875,229233000,BBCA.JK,0.8391907718071294
2020-05-29,5295.0,5295.0,5190.0,5190.0,4355.39990234375,399414000,BBCA.JK,0.8391907326288536
2020-06-02,5260.0,5500.0,5240.0,5360.0,4498.06201171875,181369500,BBCA.JK,0.839190673828125
2020-06-03,5410.0,5780.0,5400.0,5780.0,4850.521484375,279673500,BBCA.JK,0.8391905682309688
2020-06-04,5780.0,5990.0,5600.0,5790.0,4858.9140625,236158500,BBCA.JK,0.8391906843696028
2020-06-05,5790.0,5855.0,5585.0,5725.0,4804.36669921875,88157500,BBCA.JK,0.839190689819869
2020-06-08,5755.0,5925.0,5755.0,5900.0,4951.22607421875,173557500,BBCA.JK,0.8391908600370763
2020-06-09,5940.0,5995.0,5795.0,5805.0,4871.50244140625,100110000,BBCA.JK,0.8391907737133937
2020-06-10,5800.0,5865.0,5595.0,5800.0,4867.30517578125,115382500,BBCA.JK,0.8391905475484914
2020-06-11,5750.0,5810.0,5605.0,5680.0,4766.60205078125,85187500,BBCA.JK,0.8391905018981074
2020-06-12,5680.0,5680.0,5480.0,5670.0,4758.2109375,96044000,BBCA.JK,0.8391906415343915
2020-06-15,5680.0,5710.0,5500.0,5500.0,4615.54736328125,100844500,BBCA.JK,0.8391904296875
2020-06-16,5580.0,5795.0,5580.0,5760.0,4833.7392578125,91518500,BBCA.JK,0.8391908433702256
2020-06-17,5800.0,5800.0,5680.0,5720.0,4800.1708984375,79800000,BBCA.JK,0.8391907165100524
2020-06-18,5720.0,5740.0,5585.0,5585.0,4686.88134765625,68032000,BBCA.JK,0.8391909306457028
2020-06-19,5600.0,5650.0,5545.0,5575.0,4678.48828125,110071000,BBCA.JK,0.8391907230941704
2020-06-22,5595.0,5660.0,5530.0,5540.0,4649.1171875,51590500,BBCA.JK,0.839190828068592
2020-06-23,5570.0,5660.0,5520.0,5620.0,4716.251953125,69954000,BBCA.JK,0.8391907389902136
2020-06-24,5650.0,5760.0,5640.0,5705.0,4787.58349609375,57333000,BBCA.JK,0.8391907968613058
2020-06-25,5700.0,5745.0,5640.0,5725.0,4804.36669921875,51415000,BBCA.JK,0.839190689819869
2020-06-26,5720.0,5760.0,5640.0,5645.0,4737.2314453125,57467500,BBCA.JK,0.8391906900465014
2020-06-29,5640.0,5695.0,5585.0,5675.0,4762.40673828125,48796500,BBCA.JK,0.8391906146751101
2020-06-30,5700.0,5740.0,5660.0,5695.0,4779.19091796875,74474000,BBCA.JK,0.8391906791867867
2020-07-01,5700.0,5800.0,5675.0,5800.0,4867.30517578125,63959000,BBCA.JK,0.8391905475484914
2020-07-02,5775.0,5870.0,5760.0,5870.0,4926.0498046875,75585500,BBCA.JK,0.8391907674084327
2020-07-03,5870.0,5905.0,5840.0,5870.0,4926.0498046875,52219000,BBCA.JK,0.8391907674084327
2020-07-06,5860.0,5935.0,5850.0,5935.0,4980.5966796875,67800000,BBCA.JK,0.8391906789700927
2020-07-07,5940.0,5995.0,5900.0,5990.0,5026.75244140625,74168000,BBCA.JK,0.8391907247756678
2020-07-08,5990.0,6265.0,5980.0,6200.0,5202.98193359375,106444500,BBCA.JK,0.8391906344506048
2020-07-09,6210.0,6240.0,6030.0,6100.0,5119.0634765625,93543500,BBCA.JK,0.8391907338627049
2020-07-10,6100.0,6240.0,6080.0,6200.0,5202.98193359375,67224000,BBCA.JK,0.8391906344506048
2020-07-13,6230.0,6240.0,6140.0,6175.0,5182.001953125,86006000,BBCA.JK,0.8391905996963562
2020-07-14,6175.0,6200.0,6110.0,6200.0,5202.98193359375,45616500,BBCA.JK,0.8391906344506048
2020-07-15,6200.0,6240.0,6150.0,6150.0,5161.0234375,61468000,BBCA.JK,0.8391908028455285
2020-07-16,6150.0,6200.0,6140.0,6180.0,5186.1982421875,66520500,BBCA.JK,0.8391906540756473
2020-07-17,6135.0,6180.0,6040.0,6120.0,5135.84765625,73348000,BBCA.JK,0.839190793504902
2020-07-20,6120.0,6160.0,6060.0,6140.0,5152.630859375,59794500,BBCA.JK,0.8391906937092833
2020-07-21,6100.0,6235.0,6100.0,6200.0,5202.98193359375,84159500,BBCA.JK,0.8391906344506048
2020-07-22,6210.0,6250.0,6130.0,6180.0,5186.1982421875,44725500,BBCA.JK,0.8391906540756473
2020-07-23,6180.0,6215.0,6140.0,6200.0,5202.98193359375,84026500,BBCA.JK,0.8391906344506048
2020-07-24,6200.0,6200.0,6100.0,6100.0,5119.0634765625,58366500,BBCA.JK,0.8391907338627049
2020-07-27,6100.0,6140.0,6000.0,6100.0,5119.0634765625,41972500,BBCA.JK,0.8391907338627049
2020-07-28,6120.0,6200.0,6060.0,6185.0,5190.39404296875,65279000,BBCA.JK,0.8391906294209782
2020-07-29,6185.0,6185.0,6100.0,6135.0,5148.43408203125,50262500,BBCA.JK,0.8391905594182967
2020-07-30,6135.0,6240.0,6055.0,6240.0,5236.55029296875,80533500,BBCA.JK,0.8391907520783253
2020-08-03,6220.0,6235.0,5825.0,6130.0,5144.2392578125,137079000,BBCA.JK,0.8391907435256933
2020-08-04,6155.0,6220.0,6130.0,6210.0,5211.3740234375,79357000,BBCA.JK,0.8391906639995974
2020-08-05,6200.0,6220.0,6100.0,6205.0,5207.17822265625,49393000,BBCA.JK,0.8391906885827961
2020-08-06,6215.0,6295.0,6185.0,6260.0,5253.33447265625,55258500,BBCA.JK,0.8391908103284744
2020-08-07,6265.0,6285.0,6160.0,6180.0,5186.1982421875,43621000,BBCA.JK,0.8391906540756473
2020-08-10,6180.0,6200.0,6105.0,6120.0,5135.84765625,37774500,BBCA.JK,0.839190793504902
2020-08-11,6140.0,6200.0,6130.0,6175.0,5182.001953125,38795500,BBCA.JK,0.8391905996963562
2020-08-12,6175.0,6260.0,6160.0,6260.0,5253.33447265625,35612000,BBCA.JK,0.8391908103284744
2020-08-13,6260.0,6300.0,6180.0,6300.0,5286.9013671875,48581000,BBCA.JK,0.8391906932043651
2020-08-14,6300.0,6405.0,6240.0,6405.0,5375.01708984375,57316000,BBCA.JK,0.8391908024736534
2020-08-18,6405.0,6425.0,6300.0,6360.0,5337.25341796875,81563500,BBCA.JK,0.8391907889887972
2020-08-19,6360.0,6410.0,6310.0,6330.0,5312.0771484375,58793500,BBCA.JK,0.8391907027547393
2020-08-24,6340.0,6380.0,6280.0,6315.0,5299.48974609375,66882500,BBCA.JK,0.8391907753117577
2020-08-25,6320.0,6380.0,6305.0,6365.0,5341.44873046875,49211000,BBCA.JK,0.839190688211901
2020-08-26,6385.0,6390.0,6305.0,6340.0,5320.4697265625,42983000,BBCA.JK,0.8391908086060725
2020-08-27,6365.0,6600.0,6340.0,6600.0,5538.65869140625,68326000,BBCA.JK,0.8391907108191288
2020-08-28,6560.0,6600.0,6425.0,6495.0,5450.54296875,52292500,BBCA.JK,0.8391906033487297
2020-08-31,6500.0,6540.0,6275.0,6275.0,5265.921875,97032000,BBCA.JK,0.8391907370517928
2020-09-01,6280.0,6520.0,6240.0,6520.0,5471.52294921875,67446000,BBCA.JK,0.8391906363832439
2020-09-02,6520.0,6560.0,6365.0,6435.0,5400.1923828125,66065000,BBCA.JK,0.839190735479798
2020-09-03,6465.0,6500.0,6300.0,6500.0,5454.73974609375,68208500,BBCA.JK,0.8391907301682693
2020-09-04,6450.0,6450.0,6265.0,6380.0,5354.03662109375,80613500,BBCA.JK,0.8391906929614028
2020-09-07,6335.0,6360.0,6200.0,6285.0,5274.31298828125,64249500,BBCA.JK,0.8391906107050517
2020-09-08,6285.0,6360.0,6285.0,6335.0,5316.27294921875,39649000,BBCA.JK,0.8391906786454223
2020-09-09,6300.0,6320.0,6210.0,6245.0,5240.74609375,49285000,BBCA.JK,0.8391907275820657
2020-09-10,6220.0,6220.0,5810.0,5810.0,4875.6982421875,175735000,BBCA.JK,0.8391907473644579
2020-09-11,5800.0,5975.0,5620.0,5905.0,4955.421875,403032500,BBCA.JK,0.83919083403895
2020-09-14,6000.0,6115.0,5985.0,6050.0,5077.10400390625,138115000,BBCA.JK,0.839190744447314
2020-09-15,6040.0,6100.0,5860.0,5860.0,4917.6572265625,170087000,BBCA.JK,0.8391906529970137
2020-09-16,5860.0,5870.0,5745.0,5750.0,4825.34716796875,158565500,BBCA.JK,0.8391908118206521
2020-09-17,5750.0,5855.0,5665.0,5755.0,4829.5419921875,138796000,BBCA.JK,0.8391906154973936
2020-09-18,5700.0,5735.0,5570.0,5630.0,4724.64306640625,316912000,BBCA.JK,0.8391905979407194
2020-09-21,5640.0,5735.0,5595.0,5605.0,4703.6640625,112443000,BBCA.JK,0.839190733719893
2020-09-22,5520.0,5565.0,5430.0,5450.0,4573.58935546875,163442500,BBCA.JK,0.8391907074254588
2020-09-23,5450.0,5585.0,5425.0,5505.0,4619.74462890625,100517000,BBCA.JK,0.839190668284514
2020-09-24,5430.0,5535.0,5390.0,5445.0,4569.39306640625,88618500,BBCA.JK,0.8391906458046373
2020-09-25,5480.0,5625.0,5460.0,5610.0,4707.8603515625,100705000,BBCA.JK,0.839190793504902
2020-09-28,5650.0,5695.0,5500.0,5515.0,4628.13671875,93522000,BBCA.JK,0.8391907014959202
2020-09-29,5575.0,5635.0,5460.0,5505.0,4619.74462890625,117778500,BBCA.JK,0.839190668284514
2020-09-30,5565.0,5565.0,5420.0,5420.0,4548.4140625,107377000,BBCA.JK,0.8391907864391144
2020-10-01,5485.0,5570.0,5480.0,5570.0,4674.29150390625,56893000,BBCA.JK,0.8391905752075853
2020-10-02,5560.0,5565.0,5440.0,5505.0,4619.74462890625,66848000,BBCA.JK,0.839190668284514
2020-10-05,5515.0,5560.0,5460.0,5520.0,4632.33251953125,58291000,BBCA.JK,0.839190673828125
2020-10-06,5630.0,5715.0,5600.0,5700.0,4783.38720703125,141955500,BBCA.JK,0.8391907380756579
2020-10-07,5600.0,5755.0,5580.0,5755.0,4829.5419921875,89937500,BBCA.JK,0.8391906154973936
2020-10-08,5790.0,5800.0,5710.0,5780.0,4850.521484375,77384500,BBCA.JK,0.8391905682309688
2020-10-09,5750.0,5775.0,5720.0,5775.0,4846.326171875,54250500,BBCA.JK,0.8391906791125541
2020-10-12,5840.0,5875.0,5830.0,5855.0,4913.4609375,82918500,BBCA.JK,0.8391905956447481
2020-10-13,5840.0,5860.0,5770.0,5855.0,4913.4609375,48250500,BBCA.JK,0.8391905956447481
2020-10-14,5840.0,5900.0,5810.0,5900.0,4951.22607421875,83117500,BBCA.JK,0.8391908600370763
2020-10-15,5875.0,5880.0,5760.0,5785.0,4854.71875,82067000,BBCA.JK,0.8391907951598963
2020-10-16,5785.0,5790.0,5730.0,5760.0,4833.7392578125,89051500,BBCA.JK,0.8391908433702256
2020-10-19,5750.0,5900.0,5710.0,5900.0,4951.22607421875,56871500,BBCA.JK,0.8391908600370763
2020-10-20,5880.0,5880.0,5785.0,5805.0,4871.50244140625,74995500,BBCA.JK,0.8391907737133937
2020-10-21,5860.0,5865.0,5730.0,5780.0,4850.521484375,77944000,BBCA.JK,0.8391905682309688
2020-10-22,5740.0,5800.0,5705.0,5800.0,4867.30517578125,96872500,BBCA.JK,0.8391905475484914
2020-10-23,5840.0,5840.0,5750.0,5770.0,4842.13037109375,66328000,BBCA.JK,0.839190705562175
2020-10-26,5725.0,5835.0,5725.0,5815.0,4879.89404296875,70452500,BBCA.JK,0.839190721060834
2020-10-27,5815.0,5830.0,5755.0,5790.0,4858.9140625,89482000,BBCA.JK,0.8391906843696028
2020-11-02,5760.0,5825.0,5720.0,5820.0,4884.0888671875,151006500,BBCA.JK,0.8391905270081615
2020-11-03,5840.0,5895.0,5835.0,5890.0,4942.8330078125,78152000,BBCA.JK,0.8391906634656197
2020-11-04,5900.0,5940.0,5785.0,5820.0,4884.0888671875,78626000,BBCA.JK,0.8391905270081615
2020-11-05,5900.0,6180.0,5900.0,6150.0,5161.0234375,161090000,BBCA.JK,0.8391908028455285
2020-11-06,6160.0,6300.0,6060.0,6300.0,5286.9013671875,137303500,BBCA.JK,0.8391906932043651
2020-11-09,6300.0,6400.0,6215.0,6285.0,5274.31298828125,82739500,BBCA.JK,0.8391906107050517
2020-11-10,6395.0,6600.0,6380.0,6480.0,5437.95654296875,191073500,BBCA.JK,0.8391908245322145
2020-11-11,6540.0,6565.0,6480.0,6540.0,5488.30810546875,131383500,BBCA.JK,0.8391908418147935
2020-11-12,6410.0,6495.0,6405.0,6420.0,5387.60400390625,83082500,BBCA.JK,0.8391906548140576
2020-11-13,6420.0,6450.0,6320.0,6390.0,5362.42724609375,82374500,BBCA.JK,0.8391904923464397
2020-11-16,6485.0,6485.0,6385.0,6480.0,5437.95654296875,54905000,BBCA.JK,0.8391908245322145
2020-11-17,6500.0,6565.0,6490.0,6550.0,5496.69970703125,119784000,BBCA.JK,0.8391907949666031
2020-11-18,6550.0,6575.0,6540.0,6570.0,5513.482421875,99789000,BBCA.JK,0.8391906273782344
2020-11-19,6520.0,6640.0,6515.0,6615.0,5551.24658203125,147346500,BBCA.JK,0.8391907153486394
2020-11-20,6640.0,6650.0,6550.0,6600.0,5538.65869140625,68468500,BBCA.JK,0.8391907108191288
2020-11-23,6600.0,6610.0,6550.0,6600.0,5538.65869140625,75265500,BBCA.JK,0.8391907108191288
2020-11-24,6600.0,6600.0,6545.0,6565.0,5509.2861328125,72349500,BBCA.JK,0.8391905762090632
2020-11-25,6580.0,6585.0,6380.0,6410.0,5379.21240234375,170140500,BBCA.JK,0.8391907023937207
2020-11-26,6350.0,6490.0,6300.0,6480.0,5437.95654296875,64339000,BBCA.JK,0.8391908245322145
2020-11-27,6480.0,6490.0,6380.0,6385.0,5358.232421875,87361500,BBCA.JK,0.8391906690485513
2020-11-30,6385.0,6400.0,6135.0,6205.0,5207.17822265625,393091500,BBCA.JK,0.8391906885827961
2020-12-01,6220.0,6435.0,6220.0,6395.0,5366.62548828125,114563500,BBCA.JK,0.8391908503958171
2020-12-02,6460.0,6485.0,6340.0,6450.0,5412.7802734375,93897500,BBCA.JK,0.8391907400678295
2020-12-03,6500.0,6525.0,6425.0,6460.0,5421.17236328125,98210000,BBCA.JK,0.839190768309791
2020-12-04,6460.0,6465.0,6360.0,6390.0,5362.42724609375,64995500,BBCA.JK,0.8391904923464397
2020-12-07,6500.0,6580.0,6480.0,6520.0,5471.52294921875,96636000,BBCA.JK,0.8391906363832439
2020-12-08,6520.0,6520.0,6425.0,6490.0,5462.84619140625,70561500,BBCA.JK,0.8417328492151387
2020-12-10,6590.0,6600.0,6540.0,6575.0,5534.39306640625,151420500,BBCA.JK,0.8417327857652092
2020-12-11,6600.0,6780.0,6595.0,6735.0,5669.0693359375,214160000,BBCA.JK,0.8417326408221975
2020-12-14,6800.0,6830.0,6795.0,6820.0,5740.61767578125,179785500,BBCA.JK,0.8417327970353738
2020-12-15,6830.0,6900.0,6605.0,6790.0,5715.36572265625,164024500,BBCA.JK,0.8417328015694036
2020-12-16,6860.0,6950.0,6840.0,6950.0,5850.04248046875,138674000,BBCA.JK,0.8417327310026979
2020-12-17,6965.0,7000.0,6820.0,6935.0,5837.4169921875,91920000,BBCA.JK,0.8417328034877434
2020-12-18,6935.0,6935.0,6755.0,6800.0,5723.78271484375,147238500,BBCA.JK,0.8417327521829044
2020-12-21,6890.0,6890.0,6800.0,6830.0,5749.03466796875,93692500,BBCA.JK,0.8417327478724378
2020-12-22,6740.0,6820.0,6710.0,6715.0,5652.236328125,61790500,BBCA.JK,0.8417328857967238
2020-12-23,6905.0,6905.0,6620.0,6725.0,5660.65283203125,76948000,BBCA.JK,0.8417327631273234
2020-12-28,6790.0,6820.0,6660.0,6780.0,5706.94775390625,60234000,BBCA.JK,0.8417327070658186
2020-12-29,6775.0,6810.0,6740.0,6765.0,5694.322265625,34212500,BBCA.JK,0.8417327813192904
2020-12-30,6800.0,6800.0,6700.0,6770.0,5698.5302734375,52675500,BBCA.JK,0.8417326844073116
2021-01-04,6800.0,6855.0,6720.0,6835.0,5753.2431640625,47937000,BBCA.JK,0.8417327233449159
2021-01-05,6860.0,7090.0,6850.0,7090.0,5967.884765625,104831000,BBCA.JK,0.8417326890867419
2021-01-06,7050.0,7075.0,6880.0,6945.0,5845.83447265625,89753500,BBCA.JK,0.8417328254364651
2021-01-07,7000.0,7050.0,6910.0,6965.0,5862.66845703125,71360000,BBCA.JK,0.8417327289348528
2021-01-08,7035.0,7080.0,6975.0,7050.0,5934.21630859375,75033500,BBCA.JK,0.84173280972961
2021-01-11,7150.0,7360.0,7145.0,7345.0,6182.52734375,169034500,BBCA.JK,0.8417327901633764
2021-01-12,7345.0,7380.0,7160.0,7160.0,6026.8076171875,95235000,BBCA.JK,0.8417329074284218
2021-01-13,7245.0,7275.0,7070.0,7120.0,5993.1376953125,76581500,BBCA.JK,0.8417328223753511
2021-01-14,7050.0,7090.0,6995.0,7020.0,5908.96484375,89319500,BBCA.JK,0.8417328837250713
2021-01-15,7095.0,7100.0,6840.0,6955.0,5854.25146484375,89853500,BBCA.JK,0.8417327771162832
2021-01-18,6955.0,7125.0,6845.0,7120.0,5993.1376953125,86343000,BBCA.JK,0.8417328223753511
2021-01-19,7120.0,7120.0,7005.0,7095.0,5972.09375,73777000,BBCA.JK,0.8417327343199437
2021-01-20,7165.0,7295.0,7070.0,7095.0,5972.09375,107216000,BBCA.JK,0.8417327343199437
2021-01-21,7280.0,7300.0,7060.0,7075.0,5955.25927734375,66428000,BBCA.JK,0.8417327600485865
2021-01-22,7075.0,7160.0,7075.0,7080.0,5959.46826171875,80829000,BBCA.JK,0.841732805327507
2021-01-25,7200.0,7200.0,7000.0,7035.0,5921.58984375,76836500,BBCA.JK,0.8417327425373134
2021-01-26,6955.0,7000.0,6820.0,6820.0,5740.61767578125,98658000,BBCA.JK,0.8417327970353738
2021-01-27,6820.0,6930.0,6705.0,6790.0,5715.36572265625,97920000,BBCA.JK,0.8417328015694036
2021-01-28,6790.0,6925.0,6790.0,6900.0,5807.95654296875,104627000,BBCA.JK,0.8417328323143116
2021-01-29,6900.0,7000.0,6760.0,6760.0,5690.11376953125,132762500,BBCA.JK,0.8417328061436761
2021-02-01,6760.0,6920.0,6595.0,6820.0,5740.61767578125,113129000,BBCA.JK,0.8417327970353738
2021-02-02,6965.0,6980.0,6800.0,6800.0,5723.78271484375,86741000,BBCA.JK,0.8417327521829044
2021-02-03,7000.0,7000.0,6825.0,6825.0,5744.826171875,67291000,BBCA.JK,0.8417327724358974
2021-02-04,6920.0,7000.0,6835.0,6855.0,5770.078125,80950500,BBCA.JK,0.8417327680525164
2021-02-05,6870.0,6950.0,6855.0,6915.0,5820.58251953125,51602000,BBCA.JK,0.8417328300117498
2021-02-08,7050.0,7055.0,6880.0,6920.0,5824.791015625,45604000,BBCA.JK,0.841732805726156
2021-02-09,7000.0,7030.0,6955.0,6980.0,5875.294921875,75574000,BBCA.JK,0.8417327968302293
2021-02-10,7050.0,7050.0,6900.0,6920.0,5824.791015625,44984500,BBCA.JK,0.841732805726156
2021-02-11,6985.0,6985.0,6840.0,6880.0,5791.12158203125,36926000,BBCA.JK,0.8417327880859375
2021-02-15,6830.0,6890.0,6720.0,6800.0,5723.78271484375,83922000,BBCA.JK,0.8417327521829044
2021-02-16,6880.0,6945.0,6830.0,6940.0,5841.62548828125,47221000,BBCA.JK,0.8417327792912463
2021-02-17,6890.0,6960.0,6850.0,6900.0,5807.95654296875,66011500,BBCA.JK,0.8417328323143116
2021-02-18,6850.0,6900.0,6735.0,6735.0,5669.0693359375,91204000,BBCA.JK,0.8417326408221975
2021-02-19,6780.0,6850.0,6760.0,6825.0,5744.826171875,70487500,BBCA.JK,0.8417327724358974
2021-02-22,6900.0,6940.0,6790.0,6790.0,5715.36572265625,68913000,BBCA.JK,0.8417328015694036
2021-02-23,6820.0,6845.0,6775.0,6825.0,5744.826171875,58360000,BBCA.JK,0.8417327724358974
2021-02-24,6825.0,6835.0,6725.0,6725.0,5660.65283203125,71869000,BBCA.JK,0.8417327631273234
2021-02-25,6740.0,6770.0,6680.0,6705.0,5643.81787109375,78688000,BBCA.JK,0.8417327175382178
2021-02-26,6705.0,6810.0,6645.0,6710.0,5648.0263671875,173631500,BBCA.JK,0.8417326925763785
2021-03-01,6830.0,7045.0,6800.0,7045.0,5930.00732421875,205539000,BBCA.JK,0.8417327642610007
2021-03-02,7120.0,7160.0,7000.0,7015.0,5904.7568359375,81446500,BBCA.JK,0.8417329773253742
2021-03-03,7065.0,7085.0,7000.0,7000.0,5892.1298828125,84470000,BBCA.JK,0.8417328404017858
2021-03-04,6905.0,7000.0,6720.0,6720.0,5656.4443359375,120802500,BBCA.JK,0.8417327880859375
2021-03-05,6720.0,6925.0,6720.0,6800.0,5723.78271484375,111871500,BBCA.JK,0.8417327521829044
2021-03-08,6950.0,6950.0,6720.0,6720.0,5656.4443359375,90883000,BBCA.JK,0.8417327880859375
2021-03-09,6700.0,6715.0,6600.0,6605.0,5559.6455078125,135582000,BBCA.JK,0.8417328550813777
2021-03-10,6720.0,6720.0,6620.0,6705.0,5643.81787109375,50302000,BBCA.JK,0.8417327175382178
2021-03-12,6875.0,6880.0,6715.0,6765.0,5694.322265625,74328000,BBCA.JK,0.8417327813192904
2021-03-15,6815.0,6820.0,6665.0,6665.0,5610.14892578125,57416000,BBCA.JK,0.8417327720602026
2021-03-16,6710.0,6710.0,6620.0,6625.0,5576.4794921875,70755500,BBCA.JK,0.8417327535377358
2021-03-17,6650.0,6665.0,6605.0,6610.0,5563.85400390625,71474500,BBCA.JK,0.8417328296378593
2021-03-18,6620.0,6720.0,6610.0,6705.0,5643.81787109375,70067500,BBCA.JK,0.8417327175382178
2021-03-19,6770.0,6770.0,6625.0,6760.0,5690.11376953125,125853000,BBCA.JK,0.8417328061436761
2021-03-22,6640.0,6680.0,6610.0,6620.0,5572.271484375,67523500,BBCA.JK,0.8417328526246224
2021-03-23,6720.0,6720.0,6555.0,6565.0,5525.97509765625,127762500,BBCA.JK,0.8417326881426124
2021-03-24,6515.0,6550.0,6420.0,6440.0,5420.759765625,152050000,BBCA.JK,0.8417328828610249
2021-03-25,6400.0,6440.0,6330.0,6370.0,5361.83740234375,119101500,BBCA.JK,0.8417327162235086
2021-03-26,6370.0,6445.0,6300.0,6415.0,5399.71630859375,134467500,BBCA.JK,0.8417328618228761
2021-03-29,6410.0,6515.0,6360.0,6360.0,5353.4208984375,113370500,BBCA.JK,0.8417328456662736
2021-03-30,6370.0,6455.0,6370.0,6395.0,5382.88134765625,83115500,BBCA.JK,0.8417328143324864
2021-03-31,6390.0,6395.0,6145.0,6215.0,5231.369140625,223390500,BBCA.JK,0.8417327659895414
2021-04-01,6215.0,6270.0,6155.0,6225.0,5239.7861328125,112286000,BBCA.JK,0.8417327120983936
2021-04-05,6250.0,6290.0,6155.0,6155.0,5180.86572265625,73311500,BBCA.JK,0.8417328550213241
2021-04-06,6135.0,6170.0,6080.0,6165.0,5189.2822265625,80215000,BBCA.JK,0.8417327212591241
2021-04-07,6155.0,6275.0,6135.0,6250.0,5260.830078125,107908000,BBCA.JK,0.8417328125
2021-04-08,6200.0,6215.0,6125.0,6135.0,5236.4189453125,123697500,BBCA.JK,0.8535320204258354
2021-04-09,6315.0,6320.0,6145.0,6200.0,5291.8984375,116961000,BBCA.JK,0.8535320060483871
2021-04-12,6295.0,6295.0,6060.0,6065.0,5176.67138671875,110411500,BBCA.JK,0.8535319681316983
2021-04-13,6050.0,6060.0,5980.0,6000.0,5121.19189453125,119211500,BBCA.JK,0.853531982421875
2021-04-14,6105.0,6305.0,6060.0,6305.0,5381.51904296875,135519500,BBCA.JK,0.8535319655779143
2021-04-15,6305.0,6310.0,6180.0,6280.0,5360.1806640625,102686500,BBCA.JK,0.8535319528761943
2021-04-16,6370.0,6370.0,6215.0,6275.0,5355.91357421875,79293500,BBCA.JK,0.8535320437001992
2021-04-19,6275.0,6280.0,6230.0,6270.0,5351.6455078125,47095000,BBCA.JK,0.8535319789174641
2021-04-20,6200.0,6250.0,6185.0,6235.0,5321.77197265625,72721000,BBCA.JK,0.8535319924067762
2021-04-21,6200.0,6225.0,6165.0,6165.0,5262.0244140625,68397000,BBCA.JK,0.8535319406427413
2021-04-22,6200.0,6275.0,6180.0,6215.0,5304.70166015625,63758000,BBCA.JK,0.8535320450774336
2021-04-23,6280.0,6395.0,6225.0,6390.0,5454.06884765625,108498500,BBCA.JK,0.8535319010416667
2021-04-26,6395.0,6400.0,6280.0,6285.0,5364.4482421875,108742000,BBCA.JK,0.8535319398866349
2021-04-27,6370.0,6435.0,6355.0,6405.0,5466.87255859375,132650000,BBCA.JK,0.8535320153932474
2021-04-28,6400.0,6405.0,6315.0,6320.0,5394.32177734375,87660000,BBCA.JK,0.8535319267948972
2021-04-29,6460.0,6460.0,6360.0,6410.0,5471.14013671875,57355000,BBCA.JK,0.8535320026082294
2021-04-30,6450.0,6450.0,6380.0,6405.0,5466.87255859375,65829500,BBCA.JK,0.8535320153932474
2021-05-03,6480.0,6480.0,6345.0,6390.0,5454.06884765625,42065500,BBCA.JK,0.8535319010416667
2021-05-04,6350.0,6430.0,6340.0,6400.0,5462.60498046875,50123500,BBCA.JK,0.8535320281982421
2021-05-05,6420.0,6430.0,6400.0,6425.0,5483.9423828125,51685000,BBCA.JK,0.8535318883754864
2021-05-06,6400.0,6450.0,6400.0,6425.0,5483.9423828125,38115500,BBCA.JK,0.8535318883754864
2021-05-07,6460.0,6460.0,6385.0,6400.0,5462.60498046875,48864000,BBCA.JK,0.8535320281982421
2021-05-10,6400.0,6420.0,6395.0,6420.0,5479.6748046875,68180500,BBCA.JK,0.8535319010416667
2021-05-11,6400.0,6480.0,6305.0,6480.0,5530.8876953125,70680000,BBCA.JK,0.8535320517457562
2021-05-17,6500.0,6500.0,6375.0,6500.0,5547.95751953125,129058500,BBCA.JK,0.8535319260817308
2021-05-18,6400.0,6455.0,6365.0,6390.0,5454.06884765625,73563000,BBCA.JK,0.8535319010416667
2021-05-19,6380.0,6400.0,6335.0,6345.0,5415.66064453125,64912500,BBCA.JK,0.8535320164745863
2021-05-20,6390.0,6435.0,6350.0,6380.0,5445.5341796875,64950000,BBCA.JK,0.853532003085815
2021-05-21,6450.0,6450.0,6260.0,6360.0,5428.4638671875,92620000,BBCA.JK,0.8535320545892295
2021-05-24,6355.0,6380.0,6290.0,6325.0,5398.58984375,59210000,BBCA.JK,0.8535319911067194
2021-05-25,6300.0,6440.0,6300.0,6355.0,5424.19580078125,87470000,BBCA.JK,0.85353199068155
2021-05-27,6440.0,6480.0,6270.0,6270.0,5351.6455078125,537971500,BBCA.JK,0.8535319789174641
2021-05-28,6330.0,6370.0,6330.0,6340.0,5411.3935546875,102108500,BBCA.JK,0.8535321064175867
2021-05-31,6360.0,6390.0,6325.0,6375.0,5441.26611328125,101442000,BBCA.JK,0.8535319393382353
2021-06-02,6500.0,6515.0,6420.0,6465.0,5518.0849609375,141732500,BBCA.JK,0.8535320898588554
2021-06-03,6495.0,6600.0,6430.0,6600.0,5633.3115234375,133810500,BBCA.JK,0.8535320490056818
2021-06-04,6620.0,6620.0,6500.0,6580.0,5616.240234375,62108500,BBCA.JK,0.853531950512918
2021-06-07,6560.0,6570.0,6430.0,6530.0,5573.56298828125,62576000,BBCA.JK,0.8535318511916156
2021-06-08,6575.0,6575.0,6430.0,6430.0,5488.2109375,64348000,BBCA.JK,0.8535320276049767
2021-06-09,6360.0,6535.0,6360.0,6530.0,5573.56298828125,77198000,BBCA.JK,0.8535318511916156
2021-06-10,6555.0,6620.0,6490.0,6620.0,5650.38232421875,73262500,BBCA.JK,0.8535320731448263
2021-06-11,6570.0,6580.0,6460.0,6470.0,5522.35205078125,72780500,BBCA.JK,0.8535320016663447
2021-06-14,6520.0,6520.0,6400.0,6410.0,5471.14013671875,61478500,BBCA.JK,0.8535320026082294
2021-06-15,6445.0,6470.0,6405.0,6470.0,5522.35205078125,87799000,BBCA.JK,0.8535320016663447
2021-06-16,6420.0,6435.0,6360.0,6385.0,5449.80224609375,48984000,BBCA.JK,0.8535320667335552
2021-06-17,6390.0,6390.0,6275.0,6330.0,5402.85791015625,68448500,BBCA.JK,0.8535320553169431
2021-06-18,6300.0,6345.0,6280.0,6325.0,5398.58984375,118043000,BBCA.JK,0.8535319911067194
2021-06-21,6300.0,6300.0,6210.0,6250.0,5334.5751953125,60823500,BBCA.JK,0.85353203125
2021-06-22,6250.0,6390.0,6240.0,6340.0,5411.3935546875,65824000,BBCA.JK,0.8535321064175867
2021-06-23,6295.0,6340.0,6230.0,6230.0,5317.50390625,52451000,BBCA.JK,0.8535319271669342
2021-06-24,6310.0,6310.0,6200.0,6210.0,5300.43359375,56010000,BBCA.JK,0.8535319796698873
2021-06-25,6230.0,6260.0,6190.0,6190.0,5283.36328125,68939500,BBCA.JK,0.8535320325121163
2021-06-28,6100.0,6150.0,6055.0,6055.0,5168.13720703125,84420500,BBCA.JK,0.8535321564048307
2021-06-29,6050.0,6090.0,6040.0,6045.0,5159.60107421875,53704000,BBCA.JK,0.8535320222032672
2021-06-30,6000.0,6070.0,6000.0,6025.0,5142.52978515625,65795000,BBCA.JK,0.8535319145487552
2021-07-01,6060.0,6075.0,6000.0,6025.0,5142.52978515625,58153000,BBCA.JK,0.8535319145487552
2021-07-02,6070.0,6140.0,6040.0,6100.0,5206.54541015625,67392500,BBCA.JK,0.8535320344518442
2021-07-05,6100.0,6130.0,6070.0,6110.0,5215.0810546875,39710500,BBCA.JK,0.8535320875102291
2021-07-06,6110.0,6110.0,6055.0,6055.0,5168.13720703125,34279500,BBCA.JK,0.8535321564048307
2021-07-07,6180.0,6180.0,6030.0,6065.0,5176.67138671875,35595000,BBCA.JK,0.8535319681316983
2021-07-08,6000.0,6040.0,5980.0,6015.0,5133.99560546875,47297000,BBCA.JK,0.8535321039848296
2021-07-09,6010.0,6020.0,5990.0,6020.0,5138.26220703125,40707500,BBCA.JK,0.8535319280782807
2021-07-12,6070.0,6180.0,6020.0,6170.0,5266.2919921875,65981500,BBCA.JK,0.8535319274209886
2021-07-13,6170.0,6175.0,6015.0,6045.0,5159.60107421875,65946500,BBCA.JK,0.8535320222032672
2021-07-14,6020.0,6030.0,5980.0,5990.0,5112.65673828125,59321000,BBCA.JK,0.853532009729758
2021-07-15,6000.0,6115.0,5995.0,6115.0,5219.34814453125,49724000,BBCA.JK,0.8535319941997138
2021-07-16,6170.0,6170.0,6055.0,6110.0,5215.0810546875,47998500,BBCA.JK,0.8535320875102291
2021-07-19,6110.0,6110.0,6005.0,6005.0,5125.4599609375,47119000,BBCA.JK,0.853532050114488
2021-07-21,6050.0,6120.0,6010.0,6010.0,5129.72705078125,55009500,BBCA.JK,0.8535319552048669
2021-07-22,6115.0,6155.0,6050.0,6155.0,5253.48974609375,60792000,BBCA.JK,0.853532046481519
2021-07-23,6180.0,6190.0,6025.0,6035.0,5151.064453125,79938000,BBCA.JK,0.8535318066487159
2021-07-26,6040.0,6060.0,6005.0,6005.0,5125.4599609375,48171500,BBCA.JK,0.853532050114488
2021-07-27,6005.0,6060.0,6000.0,6005.0,5125.4599609375,53107500,BBCA.JK,0.853532050114488
2021-07-28,6005.0,6010.0,5970.0,5980.0,5104.12109375,74133000,BBCA.JK,0.8535319554765887
2021-07-29,6055.0,6085.0,5980.0,6040.0,5155.333984375,84605000,BBCA.JK,0.8535321166183775
2021-07-30,6040.0,6100.0,5960.0,5970.0,5095.58544921875,105685000,BBCA.JK,0.8535319010416667
2021-08-02,6060.0,6065.0,5905.0,5960.0,5087.05078125,119981500,BBCA.JK,0.8535320102768457
2021-08-03,6025.0,6180.0,5985.0,6145.0,5244.95361328125,110071500,BBCA.JK,0.8535319142849878
2021-08-04,6145.0,6150.0,6060.0,6120.0,5223.6162109375,41112000,BBCA.JK,0.8535320606107026
2021-08-05,6170.0,6310.0,6140.0,6300.0,5377.25146484375,93768000,BBCA.JK,0.853531978546627
2021-08-06,6360.0,6360.0,6135.0,6160.0,5257.75732421875,67285000,BBCA.JK,0.8535320331523945
2021-08-09,6135.0,6200.0,6105.0,6200.0,5291.8984375,52858500,BBCA.JK,0.8535320060483871
2021-08-10,6250.0,6300.0,6115.0,6300.0,5377.25146484375,60446000,BBCA.JK,0.853531978546627
2021-08-12,6120.0,6320.0,6120.0,6300.0,5377.25146484375,118325500,BBCA.JK,0.853531978546627
2021-08-13,6350.0,6435.0,6325.0,6410.0,5471.14013671875,86929000,BBCA.JK,0.8535320026082294
2021-08-16,6420.0,6420.0,6305.0,6420.0,5479.6748046875,69282000,BBCA.JK,0.8535319010416667
2021-08-18,6520.0,6760.0,6460.0,6600.0,5633.3115234375,186354500,BBCA.JK,0.8535320490056818
2021-08-19,6600.0,6600.0,6530.0,6600.0,5633.3115234375,100926000,BBCA.JK,0.8535320490056818
2021-08-20,6600.0,6600.0,6510.0,6600.0,5633.3115234375,120163500,BBCA.JK,0.8535320490056818
2021-08-23,6515.0,6590.0,6515.0,6590.0,5624.77587890625,68253000,BBCA.JK,0.8535319998340288
2021-08-24,6570.0,6600.0,6500.0,6600.0,5633.3115234375,59561500,BBCA.JK,0.8535320490056818
2021-08-25,6600.0,6605.0,6585.0,6600.0,5633.3115234375,80751500,BBCA.JK,0.8535320490056818
2021-08-26,6560.0,6580.0,6470.0,6560.0,5599.16943359375,74337000,BBCA.JK,0.8535319258527058
2021-08-27,6490.0,6530.0,6490.0,6510.0,5556.49365234375,71572500,BBCA.JK,0.8535320510512673
2021-08-30,6530.0,6580.0,6520.0,6565.0,5603.43701171875,74564500,BBCA.JK,0.853531913437738
2021-08-31,6520.0,6570.0,6515.0,6550.0,5590.63427734375,115373500,BBCA.JK,0.8535319507395038
2021-09-01,6550.0,6600.0,6535.0,6565.0,5603.43701171875,67362500,BBCA.JK,0.853531913437738
2021-09-02,6525.0,6575.0,6455.0,6540.0,5582.099609375,53257000,BBCA.JK,0.8535320503631498
2021-09-03,6560.0,6600.0,6515.0,6600.0,5633.3115234375,35764500,BBCA.JK,0.8535320490056818
2021-09-06,6600.0,6605.0,6550.0,6575.0,5611.97265625,36780000,BBCA.JK,0.8535319629277567
2021-09-07,6595.0,6605.0,6570.0,6570.0,5607.705078125,53902000,BBCA.JK,0.8535319753614916
2021-09-08,6550.0,6595.0,6420.0,6440.0,5496.74609375,77888000,BBCA.JK,0.8535320021350932
2021-09-09,6410.0,6570.0,6410.0,6570.0,5607.705078125,110074000,BBCA.JK,0.8535319753614916
2021-09-10,6495.0,6565.0,6495.0,6520.0,5565.02880859375,41483500,BBCA.JK,0.8535320258579371
2021-09-13,6560.0,6560.0,6525.0,6555.0,5594.90234375,29929000,BBCA.JK,0.8535320127765065
2021-09-14,6590.0,6595.0,6495.0,6545.0,5586.36669921875,51990500,BBCA.JK,0.8535319632114209
2021-09-15,6545.0,6550.0,6485.0,6495.0,5543.6904296875,44514000,BBCA.JK,0.853532013808699
2021-09-16,6580.0,6580.0,6480.0,6500.0,5547.95751953125,58672500,BBCA.JK,0.8535319260817308
2021-09-17,6490.0,6535.0,6480.0,6520.0,5565.02880859375,117540000,BBCA.JK,0.8535320258579371
2021-09-20,6570.0,6590.0,6510.0,6585.0,5620.50830078125,73157500,BBCA.JK,0.8535320122674639
2021-09-21,6510.0,6535.0,6470.0,6490.0,5539.42333984375,57115500,BBCA.JK,0.8535321016708397
2021-09-22,6500.0,6580.0,6500.0,6555.0,5594.90234375,68722000,BBCA.JK,0.8535320127765065
2021-09-23,6555.0,6590.0,6545.0,6580.0,5616.240234375,60998500,BBCA.JK,0.853531950512918
2021-09-24,6500.0,6585.0,6500.0,6585.0,5620.50830078125,60539500,BBCA.JK,0.8535320122674639
2021-09-27,6585.0,6595.0,6555.0,6580.0,5616.240234375,55052500,BBCA.JK,0.853531950512918
2021-09-28,6540.0,6560.0,6500.0,6520.0,5565.02880859375,80186000,BBCA.JK,0.8535320258579371
2021-09-29,6520.0,6580.0,6515.0,6580.0,5616.240234375,74079000,BBCA.JK,0.853531950512918
2021-09-30,6600.0,7000.0,6595.0,7000.0,5974.724609375,156848000,BBCA.JK,0.8535320870535714
2021-10-01,6900.0,6900.0,6710.0,6760.0,5769.87646484375,103954500,BBCA.JK,0.8535320214265902
2021-10-04,6740.0,6960.0,6740.0,6960.0,5940.5830078125,74719000,BBCA.JK,0.8535320413523707
2021-10-05,6910.0,6945.0,6860.0,6945.0,5927.77978515625,54986500,BBCA.JK,0.8535320065019798
2021-10-06,6980.0,7180.0,6970.0,7180.0,6128.35986328125,174312000,BBCA.JK,0.8535320143845752
2021-10-07,7175.0,7175.0,7080.0,7160.0,6111.2900390625,107263500,BBCA.JK,0.8535321283606844
2021-10-08,7200.0,7300.0,7175.0,7290.0,6222.248046875,94643500,BBCA.JK,0.853531968021262
2021-10-11,7240.0,7290.0,7230.0,7255.0,6192.37548828125,47201000,BBCA.JK,0.8535321141669538
2021-10-12,7255.0,7320.0,7245.0,7320.0,6247.8544921875,91067000,BBCA.JK,0.8535320344518442
2021-10-13,7400.0,8250.0,7400.0,7525.0,6422.82763671875,210893300,BBCA.JK,0.8535319118563123
2021-10-14,7600.0,7900.0,7600.0,7750.0,6614.873046875,138811900,BBCA.JK,0.8535320060483871
2021-10-15,7800.0,7875.0,7450.0,7650.0,6529.52001953125,142378200,BBCA.JK,0.8535320286968954
2021-10-18,7650.0,7675.0,7475.0,7525.0,6422.82763671875,116644300,BBCA.JK,0.8535319118563123
2021-10-19,7475.0,7525.0,7350.0,7500.0,6401.49072265625,134601200,BBCA.JK,0.8535320963541667
2021-10-21,7500.0,7550.0,7350.0,7400.0,6316.13671875,106120100,BBCA.JK,0.8535319890202703
2021-10-22,7450.0,7550.0,7425.0,7525.0,6422.82763671875,96730700,BBCA.JK,0.8535319118563123
2021-10-25,7400.0,7525.0,7400.0,7525.0,6422.82763671875,60329800,BBCA.JK,0.8535319118563123
2021-10-26,7600.0,7600.0,7500.0,7525.0,6422.82763671875,70103000,BBCA.JK,0.8535319118563123
2021-10-27,7575.0,7575.0,7425.0,7450.0,6358.81396484375,57067000,BBCA.JK,0.853532075817953
2021-10-28,7350.0,7425.0,7350.0,7375.0,6294.798828125,75271900,BBCA.JK,0.8535320444915254
2021-10-29,7450.0,7475.0,7375.0,7475.0,6380.1513671875,60639200,BBCA.JK,0.8535319554765887
2021-11-01,7550.0,7550.0,7400.0,7400.0,6316.13671875,38593400,BBCA.JK,0.8535319890202703
2021-11-02,7375.0,7425.0,7250.0,7300.0,6230.78369140625,90535400,BBCA.JK,0.8535320125214041
2021-11-03,7300.0,7400.0,7250.0,7350.0,6273.46044921875,61621500,BBCA.JK,0.8535320339073129
2021-11-04,7425.0,7475.0,7375.0,7375.0,6294.798828125,61081400,BBCA.JK,0.8535320444915254
2021-11-05,7475.0,7475.0,7375.0,7450.0,6358.81396484375,43120400,BBCA.JK,0.853532075817953
2021-11-08,7500.0,7600.0,7450.0,7575.0,6465.5048828125,85441700,BBCA.JK,0.8535319977310231
2021-11-09,7600.0,7675.0,7575.0,7675.0,6550.85791015625,101785800,BBCA.JK,0.853531975264658
2021-11-10,7675.0,7675.0,7575.0,7650.0,6529.52001953125,47503900,BBCA.JK,0.8535320286968954
2021-11-11,7700.0,7750.0,7600.0,7675.0,6550.85791015625,55790000,BBCA.JK,0.853531975264658
2021-11-12,7750.0,7750.0,7525.0,7525.0,6422.82763671875,52590100,BBCA.JK,0.8535319118563123
2021-11-15,7625.0,7625.0,7500.0,7500.0,6401.49072265625,67344200,BBCA.JK,0.8535320963541667
2021-11-16,7400.0,7475.0,7325.0,7475.0,6380.1513671875,98616900,BBCA.JK,0.8535319554765887
2021-11-17,7500.0,7575.0,7425.0,7575.0,6487.201171875,61968100,BBCA.JK,0.8563961943069307
2021-11-18,7425.0,7500.0,7400.0,7400.0,6337.33154296875,78839600,BBCA.JK,0.8563961544552365
2021-11-19,7425.0,7450.0,7375.0,7425.0,6358.7421875,68203700,BBCA.JK,0.8563962542087542
2021-11-22,7425.0,7525.0,7400.0,7475.0,6401.56103515625,66328300,BBCA.JK,0.856396125104515
2021-11-23,7400.0,7500.0,7400.0,7475.0,6401.56103515625,43477500,BBCA.JK,0.856396125104515
2021-11-24,7575.0,7575.0,7425.0,7475.0,6401.56103515625,35181400,BBCA.JK,0.856396125104515
2021-11-25,7450.0,7525.0,7425.0,7425.0,6358.7421875,40216100,BBCA.JK,0.8563962542087542
2021-11-26,7400.0,7450.0,7250.0,7275.0,6230.2822265625,113288400,BBCA.JK,0.8563961823453609
2021-11-29,7275.0,7425.0,7175.0,7400.0,6337.33154296875,87907900,BBCA.JK,0.8563961544552365
2021-11-30,7325.0,7425.0,7275.0,7275.0,6230.2822265625,144923700,BBCA.JK,0.8563961823453609
2021-12-01,7275.0,7450.0,7275.0,7300.0,6251.6923828125,76538100,BBCA.JK,0.8563962168236301
2021-12-02,7375.0,7500.0,7300.0,7500.0,6422.9716796875,66831000,BBCA.JK,0.8563962239583334
2021-12-03,7525.0,7525.0,7350.0,7375.0,6315.921875,63283700,BBCA.JK,0.8563961864406779
2021-12-06,7450.0,7475.0,7350.0,7350.0,6294.51220703125,56944100,BBCA.JK,0.8563962186437075
2021-12-07,7450.0,7475.0,7350.0,7350.0,6294.51220703125,51258200,BBCA.JK,0.8563962186437075
2021-12-08,7450.0,7475.0,7400.0,7425.0,6358.7421875,74775000,BBCA.JK,0.8563962542087542
2021-12-09,7400.0,7450.0,7350.0,7350.0,6294.51220703125,54886400,BBCA.JK,0.8563962186437075
2021-12-10,7325.0,7375.0,7275.0,7375.0,6315.921875,91092400,BBCA.JK,0.8563961864406779
2021-12-13,7375.0,7400.0,7300.0,7300.0,6251.6923828125,59977100,BBCA.JK,0.8563962168236301
2021-12-14,7300.0,7375.0,7275.0,7300.0,6251.6923828125,49763600,BBCA.JK,0.8563962168236301
2021-12-15,7300.0,7375.0,7275.0,7300.0,6251.6923828125,52477600,BBCA.JK,0.8563962168236301
2021-12-16,7375.0,7400.0,7275.0,7275.0,6230.2822265625,95171400,BBCA.JK,0.8563961823453609
2021-12-17,7325.0,7500.0,7300.0,7500.0,6422.9716796875,107096800,BBCA.JK,0.8563962239583334
2021-12-20,7350.0,7400.0,7325.0,7375.0,6315.921875,74753000,BBCA.JK,0.8563961864406779
2021-12-21,7325.0,7400.0,7325.0,7375.0,6315.921875,52386100,BBCA.JK,0.8563961864406779
2021-12-22,7425.0,7425.0,7325.0,7325.0,6273.10205078125,33232000,BBCA.JK,0.8563961844069966
2021-12-23,7325.0,7350.0,7300.0,7300.0,6251.6923828125,37136400,BBCA.JK,0.8563962168236301
2021-12-24,7300.0,7350.0,7300.0,7300.0,6251.6923828125,30802100,BBCA.JK,0.8563962168236301
2021-12-27,7300.0,7350.0,7300.0,7350.0,6294.51220703125,20722100,BBCA.JK,0.8563962186437075
2021-12-28,7375.0,7400.0,7325.0,7350.0,6294.51220703125,39343800,BBCA.JK,0.8563962186437075
2021-12-29,7350.0,7375.0,7300.0,7300.0,6251.6923828125,42079500,BBCA.JK,0.8563962168236301
2021-12-30,7350.0,7350.0,7300.0,7300.0,6251.6923828125,49954700,BBCA.JK,0.8563962168236301
2022-01-03,7325.0,7400.0,7300.0,7325.0,6273.10205078125,54287400,BBCA.JK,0.8563961844069966
2022-01-04,7325.0,7450.0,7325.0,7400.0,6337.33154296875,70624000,BBCA.JK,0.8563961544552365
2022-01-05,7450.0,7525.0,7375.0,7450.0,6380.15185546875,76164900,BBCA.JK,0.8563962222105704
2022-01-06,7500.0,7525.0,7425.0,7475.0,6401.56103515625,63657100,BBCA.JK,0.856396125104515
2022-01-07,7550.0,7700.0,7500.0,7650.0,6551.4306640625,143433300,BBCA.JK,0.8563961652369281
2022-01-10,7575.0,7650.0,7550.0,7600.0,6508.61083984375,45351900,BBCA.JK,0.8563961631373356
2022-01-11,7650.0,7700.0,7625.0,7700.0,6594.25048828125,110334600,BBCA.JK,0.8563961673092533
2022-01-12,7700.0,7700.0,7650.0,7700.0,6594.25048828125,62606000,BBCA.JK,0.8563961673092533
2022-01-13,7700.0,7750.0,7650.0,7700.0,6594.25048828125,50025200,BBCA.JK,0.8563961673092533
2022-01-14,7700.0,7850.0,7650.0,7850.0,6722.71044921875,65898700,BBCA.JK,0.8563962355692675
2022-01-17,7900.0,7900.0,7700.0,7750.0,6637.07080078125,63902600,BBCA.JK,0.856396232358871
2022-01-18,7775.0,7775.0,7550.0,7675.0,6572.8408203125,71476300,BBCA.JK,0.8563961980863192
2022-01-19,7650.0,7725.0,7575.0,7675.0,6572.8408203125,60389700,BBCA.JK,0.8563961980863192
2022-01-20,7725.0,7775.0,7625.0,7775.0,6658.48046875,59925500,BBCA.JK,0.8563962017684887
2022-01-21,7775.0,7950.0,7700.0,7950.0,6808.34912109375,63370500,BBCA.JK,0.8563961158608491
2022-01-24,7825.0,7850.0,7775.0,7800.0,6679.89013671875,40278300,BBCA.JK,0.8563961713741988
2022-01-25,7675.0,7775.0,7625.0,7775.0,6658.48046875,106796900,BBCA.JK,0.8563962017684887
2022-01-26,7700.0,7750.0,7650.0,7700.0,6594.25048828125,53350200,BBCA.JK,0.8563961673092533
2022-01-27,7625.0,7800.0,7625.0,7800.0,6679.89013671875,71945100,BBCA.JK,0.8563961713741988
2022-01-28,7800.0,7825.0,7700.0,7775.0,6658.48046875,70595000,BBCA.JK,0.8563962017684887
2022-01-31,7775.0,7775.0,7625.0,7625.0,6530.02099609375,68122000,BBCA.JK,0.8563961962090164
2022-02-02,7775.0,7800.0,7675.0,7800.0,6679.89013671875,65308100,BBCA.JK,0.8563961713741988
2022-02-03,7800.0,7825.0,7700.0,7725.0,6615.66064453125,35100600,BBCA.JK,0.8563961999393204
2022-02-04,7750.0,7800.0,7700.0,7725.0,6615.66064453125,39324700,BBCA.JK,0.8563961999393204
2022-02-07,7775.0,7800.0,7700.0,7800.0,6679.89013671875,56813200,BBCA.JK,0.8563961713741988
2022-02-08,7750.0,7850.0,7725.0,7725.0,6615.66064453125,61883100,BBCA.JK,0.8563961999393204
2022-02-09,7850.0,7950.0,7800.0,7950.0,6808.34912109375,108922200,BBCA.JK,0.8563961158608491
2022-02-10,7950.0,7950.0,7750.0,7750.0,6637.07080078125,93277000,BBCA.JK,0.856396232358871
2022-02-11,7675.0,7825.0,7650.0,7825.0,6701.2998046875,71968800,BBCA.JK,0.8563961411741214
2022-02-14,7750.0,7775.0,7700.0,7700.0,6594.25048828125,57710700,BBCA.JK,0.8563961673092533
2022-02-15,7750.0,7875.0,7725.0,7875.0,6744.11962890625,55617000,BBCA.JK,0.8563961433531746
2022-02-16,7850.0,7975.0,7825.0,7975.0,6829.75927734375,77055100,BBCA.JK,0.8563961476293104
2022-02-17,7850.0,7925.0,7800.0,7900.0,6765.52978515625,48704600,BBCA.JK,0.8563961753362341
2022-02-18,7950.0,7950.0,7850.0,7925.0,6786.93994140625,56813400,BBCA.JK,0.8563962071175079
2022-02-21,7925.0,7975.0,7900.0,7950.0,6808.34912109375,43821700,BBCA.JK,0.8563961158608491
2022-02-22,7900.0,7950.0,7850.0,7900.0,6765.52978515625,80095500,BBCA.JK,0.8563961753362341
2022-02-23,7900.0,8100.0,7875.0,8050.0,6893.9892578125,99240300,BBCA.JK,0.8563961810947205
2022-02-24,8125.0,8150.0,7925.0,8000.0,6851.16943359375,124947700,BBCA.JK,0.8563961791992187
2022-02-25,7950.0,8175.0,7925.0,8050.0,6893.9892578125,135899900,BBCA.JK,0.8563961810947205
2022-03-01,8000.0,8175.0,8000.0,8050.0,6893.9892578125,136616800,BBCA.JK,0.8563961810947205
2022-03-02,8225.0,8225.0,7975.0,7975.0,6829.75927734375,100301000,BBCA.JK,0.8563961476293104
2022-03-04,7975.0,8025.0,7900.0,7900.0,6765.52978515625,132983400,BBCA.JK,0.8563961753362341
2022-03-07,7800.0,7850.0,7700.0,7700.0,6594.25048828125,130990900,BBCA.JK,0.8563961673092533
2022-03-08,7700.0,7850.0,7650.0,7650.0,6551.4306640625,119256500,BBCA.JK,0.8563961652369281
2022-03-09,7700.0,7950.0,7650.0,7850.0,6722.71044921875,132814500,BBCA.JK,0.8563962355692675
2022-03-10,7925.0,7975.0,7800.0,7925.0,6786.93994140625,86484000,BBCA.JK,0.8563962071175079
2022-03-11,7725.0,7950.0,7725.0,7950.0,6808.34912109375,61053900,BBCA.JK,0.8563961158608491
2022-03-14,8050.0,8100.0,7950.0,8075.0,6915.400390625,78432100,BBCA.JK,0.8563963332043344
2022-03-15,8150.0,8200.0,8075.0,8150.0,6979.62939453125,111214500,BBCA.JK,0.8563962447277608
2022-03-16,8275.0,8275.0,8075.0,8200.0,7022.44921875,149761300,BBCA.JK,0.8563962461890244
2022-03-17,8300.0,8300.0,8000.0,8000.0,6851.16943359375,132439400,BBCA.JK,0.8563961791992187
2022-03-18,8000.0,8100.0,7900.0,7900.0,6765.52978515625,143981700,BBCA.JK,0.8563961753362341
2022-03-21,7800.0,7950.0,7800.0,7900.0,6765.52978515625,85485500,BBCA.JK,0.8563961753362341
2022-03-22,7900.0,7950.0,7875.0,7925.0,6786.93994140625,60010900,BBCA.JK,0.8563962071175079
2022-03-23,7925.0,7950.0,7825.0,7900.0,6765.52978515625,82208000,BBCA.JK,0.8563961753362341
2022-03-24,7850.0,7950.0,7800.0,7925.0,6786.93994140625,95245100,BBCA.JK,0.8563962071175079
2022-03-25,7900.0,7950.0,7900.0,7950.0,6808.34912109375,85101200,BBCA.JK,0.8563961158608491
2022-03-28,7825.0,7900.0,7800.0,7900.0,6869.21630859375,83911500,BBCA.JK,0.8695210517207278
2022-03-29,7875.0,7900.0,7825.0,7850.0,6825.740234375,62180600,BBCA.JK,0.8695210489649682
2022-03-30,7900.0,7900.0,7825.0,7875.0,6847.47802734375,71430600,BBCA.JK,0.8695210193452381
2022-03-31,7925.0,8000.0,7875.0,7975.0,6934.4296875,112691900,BBCA.JK,0.8695209639498432
2022-04-01,8075.0,8075.0,7850.0,7925.0,6890.9541015625,105575400,BBCA.JK,0.8695210222791798
2022-04-04,7925.0,7925.0,7825.0,7900.0,6869.21630859375,57321200,BBCA.JK,0.8695210517207278
2022-04-05,7900.0,7900.0,7850.0,7900.0,6869.21630859375,48528300,BBCA.JK,0.8695210517207278
2022-04-06,7825.0,7850.0,7750.0,7750.0,6738.78857421875,119263000,BBCA.JK,0.8695211063508065
2022-04-07,7725.0,7825.0,7700.0,7750.0,6738.78857421875,68619400,BBCA.JK,0.8695211063508065
2022-04-08,7800.0,7875.0,7775.0,7850.0,6825.740234375,69791600,BBCA.JK,0.8695210489649682
2022-04-11,7825.0,7875.0,7725.0,7725.0,6717.05029296875,62776200,BBCA.JK,0.8695210735234628
2022-04-12,7725.0,7800.0,7700.0,7800.0,6782.263671875,73471300,BBCA.JK,0.869520983573718
2022-04-13,7800.0,7850.0,7750.0,7800.0,6782.263671875,57622100,BBCA.JK,0.869520983573718
2022-04-14,7800.0,7800.0,7700.0,7700.0,6695.31201171875,93342900,BBCA.JK,0.8695210404829545
2022-04-18,7700.0,7725.0,7625.0,7700.0,6695.31201171875,68464700,BBCA.JK,0.8695210404829545
2022-04-19,7700.0,7700.0,7625.0,7625.0,6630.09765625,98632000,BBCA.JK,0.8695210040983606
2022-04-20,7725.0,7725.0,7625.0,7650.0,6651.8359375,124388800,BBCA.JK,0.8695210375816993
2022-04-21,7800.0,7925.0,7750.0,7925.0,6890.9541015625,129323400,BBCA.JK,0.8695210222791798
2022-04-22,7850.0,7925.0,7800.0,7875.0,6847.47802734375,85956100,BBCA.JK,0.8695210193452381
2022-04-25,7875.0,8000.0,7825.0,8000.0,6956.16845703125,91279600,BBCA.JK,0.8695210571289063
2022-04-26,7925.0,8125.0,7925.0,8125.0,7064.85791015625,128360900,BBCA.JK,0.8695209735576923
2022-04-27,8075.0,8200.0,8075.0,8200.0,7130.0732421875,89463100,BBCA.JK,0.8695211270960366
2022-04-28,8250.0,8250.0,8075.0,8125.0,7064.85791015625,133730600,BBCA.JK,0.8695209735576923
2022-05-09,7875.0,7900.0,7600.0,7600.0,6608.35986328125,456796600,BBCA.JK,0.8695210346422697
2022-05-10,7250.0,7600.0,7250.0,7525.0,6543.1455078125,268445700,BBCA.JK,0.8695209977159468
2022-05-11,7525.0,7700.0,7450.0,7650.0,6651.8359375,156535200,BBCA.JK,0.8695210375816993
2022-05-12,7525.0,7550.0,7275.0,7275.0,6325.76513671875,240529600,BBCA.JK,0.869520980992268
2022-05-13,7250.0,7475.0,7250.0,7325.0,6369.2412109375,212968600,BBCA.JK,0.8695209844283276
2022-05-17,7275.0,7475.0,7275.0,7400.0,6434.455078125,159657600,BBCA.JK,0.8695209565033784
2022-05-18,7500.0,7575.0,7375.0,7575.0,6586.6220703125,153514300,BBCA.JK,0.8695210653877887
2022-05-19,7400.0,7475.0,7375.0,7450.0,6477.931640625,140908900,BBCA.JK,0.8695210255872483
2022-05-20,7425.0,7475.0,7400.0,7400.0,6434.455078125,86520200,BBCA.JK,0.8695209565033784
2022-05-23,7450.0,7475.0,7350.0,7375.0,6412.7177734375,71603500,BBCA.JK,0.8695210540254237
2022-05-24,7325.0,7475.0,7325.0,7350.0,6390.97998046875,108710800,BBCA.JK,0.8695210857780612
2022-05-25,7400.0,7450.0,7350.0,7375.0,6412.7177734375,76747400,BBCA.JK,0.8695210540254237
2022-05-27,7525.0,7575.0,7475.0,7575.0,6586.6220703125,84336900,BBCA.JK,0.8695210653877887
2022-05-30,7575.0,7600.0,7475.0,7575.0,6586.6220703125,105411400,BBCA.JK,0.8695210653877887
2022-05-31,7600.0,7750.0,7525.0,7750.0,6738.78857421875,286292700,BBCA.JK,0.8695211063508065
2022-06-02,7625.0,7675.0,7525.0,7575.0,6586.6220703125,149226300,BBCA.JK,0.8695210653877887
2022-06-03,7600.0,7675.0,7575.0,7600.0,6608.35986328125,80563100,BBCA.JK,0.8695210346422697
2022-06-06,7550.0,7575.0,7425.0,7450.0,6477.931640625,81140300,BBCA.JK,0.8695210255872483
2022-06-07,7300.0,7475.0,7300.0,7375.0,6412.7177734375,129242500,BBCA.JK,0.8695210540254237
2022-06-08,7500.0,7600.0,7425.0,7600.0,6608.35986328125,108910500,BBCA.JK,0.8695210346422697
2022-06-09,7500.0,7575.0,7500.0,7500.0,6521.408203125,107828300,BBCA.JK,0.86952109375
2022-06-10,7400.0,7450.0,7350.0,7350.0,6390.97998046875,111768600,BBCA.JK,0.8695210857780612
2022-06-13,7300.0,7400.0,7275.0,7350.0,6390.97998046875,85539500,BBCA.JK,0.8695210857780612
2022-06-14,7300.0,7400.0,7250.0,7400.0,6434.455078125,80865100,BBCA.JK,0.8695209565033784
2022-06-15,7300.0,7375.0,7300.0,7325.0,6369.2412109375,130367100,BBCA.JK,0.8695209844283276
2022-06-16,7400.0,7600.0,7375.0,7575.0,6586.6220703125,132666300,BBCA.JK,0.8695210653877887
2022-06-17,7425.0,7550.0,7425.0,7500.0,6521.408203125,117839400,BBCA.JK,0.86952109375
2022-06-20,7600.0,7650.0,7500.0,7625.0,6630.09765625,88138700,BBCA.JK,0.8695210040983606
2022-06-21,7600.0,7650.0,7550.0,7650.0,6651.8359375,44295700,BBCA.JK,0.8695210375816993
2022-06-22,7625.0,7650.0,7500.0,7500.0,6521.408203125,53041800,BBCA.JK,0.86952109375
2022-06-23,7450.0,7575.0,7450.0,7525.0,6543.1455078125,60443000,BBCA.JK,0.8695209977159468
2022-06-24,7600.0,7600.0,7475.0,7475.0,6499.669921875,57956600,BBCA.JK,0.8695210597826087
2022-06-27,7475.0,7500.0,7350.0,7350.0,6390.97998046875,76354100,BBCA.JK,0.8695210857780612
2022-06-28,7300.0,7400.0,7300.0,7300.0,6347.50390625,146078100,BBCA.JK,0.8695210830479452
2022-06-29,7325.0,7400.0,7275.0,7275.0,6325.76513671875,98517800,BBCA.JK,0.869520980992268
2022-06-30,7300.0,7400.0,7250.0,7250.0,6304.02734375,101343900,BBCA.JK,0.8695210129310345
2022-07-01,7300.0,7325.0,7250.0,7250.0,6304.02734375,68738800,BBCA.JK,0.8695210129310345
2022-07-04,7250.0,7275.0,7000.0,7050.0,6130.12353515625,102238600,BBCA.JK,0.8695210688164894
2022-07-05,7100.0,7325.0,7100.0,7250.0,6304.02734375,69172900,BBCA.JK,0.8695210129310345
2022-07-06,7300.0,7325.0,7175.0,7300.0,6347.50390625,66801100,BBCA.JK,0.8695210830479452
2022-07-07,7225.0,7250.0,7100.0,7100.0,6173.599609375,86126800,BBCA.JK,0.8695210717429578
2022-07-08,7125.0,7175.0,7075.0,7150.0,6217.076171875,64312400,BBCA.JK,0.8695211429195804
2022-07-11,7200.0,7200.0,7125.0,7125.0,6195.3369140625,36830800,BBCA.JK,0.8695209703947369
2022-07-12,7175.0,7250.0,7150.0,7175.0,6238.814453125,34269000,BBCA.JK,0.8695211781358885
2022-07-13,7100.0,7125.0,7000.0,7000.0,6086.64794921875,71988200,BBCA.JK,0.8695211356026785
2022-07-14,7025.0,7100.0,7000.0,7025.0,6108.384765625,83316300,BBCA.JK,0.8695209630782919
2022-07-15,7100.0,7100.0,7000.0,7000.0,6086.64794921875,57419900,BBCA.JK,0.8695211356026785
2022-07-18,7025.0,7150.0,7025.0,7150.0,6217.076171875,60077700,BBCA.JK,0.8695211429195804
2022-07-19,7100.0,7175.0,7100.0,7175.0,6238.814453125,59641000,BBCA.JK,0.8695211781358885
2022-07-20,7200.0,7400.0,7175.0,7400.0,6434.455078125,105792900,BBCA.JK,0.8695209565033784
2022-07-21,7400.0,7400.0,7250.0,7400.0,6434.455078125,64337100,BBCA.JK,0.8695209565033784
2022-07-22,7400.0,7400.0,7300.0,7325.0,6369.2412109375,38956500,BBCA.JK,0.8695209844283276
2022-07-25,7350.0,7375.0,7300.0,7300.0,6347.50390625,31247600,BBCA.JK,0.8695210830479452
2022-07-26,7250.0,7375.0,7250.0,7300.0,6347.50390625,44379900,BBCA.JK,0.8695210830479452
2022-07-27,7325.0,7350.0,7275.0,7325.0,6369.2412109375,58465500,BBCA.JK,0.8695209844283276
2022-07-28,7375.0,7450.0,7325.0,7350.0,6390.97998046875,86909700,BBCA.JK,0.8695210857780612
2022-07-29,7400.0,7475.0,7350.0,7350.0,6390.97998046875,131553000,BBCA.JK,0.8695210857780612
2022-08-01,7350.0,7500.0,7350.0,7500.0,6521.408203125,104841600,BBCA.JK,0.86952109375
2022-08-02,7600.0,7625.0,7500.0,7600.0,6608.35986328125,106466900,BBCA.JK,0.8695210346422697
2022-08-03,7625.0,7625.0,7575.0,7625.0,6630.09765625,60170600,BBCA.JK,0.8695210040983606
2022-08-04,7675.0,7800.0,7650.0,7800.0,6782.263671875,164221000,BBCA.JK,0.869520983573718
2022-08-05,7825.0,7875.0,7725.0,7875.0,6847.47802734375,118734200,BBCA.JK,0.8695210193452381
2022-08-08,7875.0,7925.0,7750.0,7875.0,6847.47802734375,84328900,BBCA.JK,0.8695210193452381
2022-08-09,7875.0,7975.0,7875.0,7900.0,6869.21630859375,92875800,BBCA.JK,0.8695210517207278
2022-08-10,7800.0,7900.0,7725.0,7900.0,6869.21630859375,104376300,BBCA.JK,0.8695210517207278
2022-08-11,7850.0,7950.0,7825.0,7950.0,6912.69140625,73204700,BBCA.JK,0.8695209316037736
2022-08-12,7925.0,7975.0,7850.0,7925.0,6890.9541015625,59381200,BBCA.JK,0.8695210222791798
2022-08-15,7950.0,7975.0,7900.0,7950.0,6912.69140625,81411000,BBCA.JK,0.8695209316037736
2022-08-16,7950.0,7975.0,7850.0,7975.0,6934.4296875,83556700,BBCA.JK,0.8695209639498432
2022-08-18,7900.0,8025.0,7875.0,8000.0,6956.16845703125,86136900,BBCA.JK,0.8695210571289063
2022-08-19,8050.0,8050.0,7900.0,7900.0,6869.21630859375,58194900,BBCA.JK,0.8695210517207278
2022-08-22,7850.0,8000.0,7825.0,8000.0,6956.16845703125,97293300,BBCA.JK,0.8695210571289063
2022-08-23,8000.0,8000.0,7900.0,7900.0,6869.21630859375,71671800,BBCA.JK,0.8695210517207278
2022-08-24,7950.0,8025.0,7900.0,7950.0,6912.69140625,108892400,BBCA.JK,0.8695209316037736
2022-08-25,8000.0,8100.0,7900.0,8075.0,7021.3828125,99503500,BBCA.JK,0.8695210913312693
2022-08-26,8025.0,8125.0,8000.0,8000.0,6956.16845703125,80472400,BBCA.JK,0.8695210571289063
2022-08-29,8000.0,8150.0,7950.0,8150.0,7086.5966796875,57762100,BBCA.JK,0.8695210649923313
2022-08-30,8100.0,8275.0,8075.0,8175.0,7108.33447265625,124467000,BBCA.JK,0.8695210364105505
2022-08-31,8075.0,8225.0,8050.0,8200.0,7130.0732421875,137659900,BBCA.JK,0.8695211270960366
2022-09-01,8150.0,8250.0,8125.0,8150.0,7086.5966796875,74960800,BBCA.JK,0.8695210649923313
2022-09-02,8150.0,8225.0,8150.0,8225.0,7151.8115234375,71430600,BBCA.JK,0.8695211578647416
2022-09-05,8225.0,8300.0,8200.0,8275.0,7195.28662109375,62906000,BBCA.JK,0.8695210418240181
2022-09-06,8300.0,8350.0,8250.0,8275.0,7195.28662109375,67079900,BBCA.JK,0.8695210418240181
2022-09-07,8250.0,8375.0,8250.0,8375.0,7282.23828125,117931700,BBCA.JK,0.8695209888059702
2022-09-08,8400.0,8500.0,8350.0,8350.0,7260.5009765625,132777400,BBCA.JK,0.8695210750374252
2022-09-09,8500.0,8500.0,8275.0,8375.0,7282.23828125,91234600,BBCA.JK,0.8695209888059702
2022-09-12,8325.0,8425.0,8325.0,8375.0,7282.23828125,52395300,BBCA.JK,0.8695209888059702
2022-09-13,8375.0,8575.0,8375.0,8525.0,7412.6669921875,124485200,BBCA.JK,0.8695210548020528
2022-09-14,8375.0,8650.0,8375.0,8500.0,7390.927734375,116642400,BBCA.JK,0.8695209099264706
2022-09-15,8500.0,8875.0,8500.0,8750.0,7608.31005859375,190404800,BBCA.JK,0.8695211495535714
2022-09-16,8700.0,8725.0,8450.0,8450.0,7347.45263671875,363127600,BBCA.JK,0.8695210220968935
2022-09-19,8475.0,8750.0,8450.0,8650.0,7521.35693359375,102530600,BBCA.JK,0.8695210327854046
2022-09-20,8550.0,8650.0,8550.0,8550.0,7434.404296875,89238400,BBCA.JK,0.8695209703947369
2022-09-21,8525.0,8600.0,8425.0,8475.0,7369.18994140625,90933700,BBCA.JK,0.8695209370390855
2022-09-22,8375.0,8525.0,8375.0,8475.0,7369.18994140625,61908500,BBCA.JK,0.8695209370390855
2022-09-23,8375.0,8475.0,8375.0,8375.0,7282.23828125,60567600,BBCA.JK,0.8695209888059702
2022-09-26,8200.0,8500.0,8200.0,8425.0,7325.71484375,106228200,BBCA.JK,0.869521049703264
2022-09-27,8375.0,8450.0,8300.0,8300.0,7217.02392578125,89567100,BBCA.JK,0.8695209549134036
2022-09-28,8250.0,8425.0,8250.0,8325.0,7238.7626953125,89153400,BBCA.JK,0.869521044481982
2022-09-29,8325.0,8450.0,8325.0,8375.0,7282.23828125,62643700,BBCA.JK,0.8695209888059702
2022-09-30,8375.0,8575.0,8275.0,8550.0,7434.404296875,176524800,BBCA.JK,0.8695209703947369
2022-10-03,8450.0,8525.0,8450.0,8500.0,7390.927734375,115079600,BBCA.JK,0.8695209099264706
2022-10-04,8525.0,8625.0,8525.0,8550.0,7434.404296875,80524500,BBCA.JK,0.8695209703947369
2022-10-05,8525.0,8550.0,8425.0,8450.0,7347.45263671875,63788000,BBCA.JK,0.8695210220968935
2022-10-06,8475.0,8500.0,8425.0,8425.0,7325.71484375,43967400,BBCA.JK,0.869521049703264
2022-10-07,8325.0,8375.0,8200.0,8200.0,7130.0732421875,112043400,BBCA.JK,0.8695211270960366
2022-10-10,8150.0,8375.0,8125.0,8300.0,7217.02392578125,80238200,BBCA.JK,0.8695209549134036
2022-10-11,8200.0,8300.0,8150.0,8250.0,7173.548828125,64060000,BBCA.JK,0.8695210700757576
2022-10-12,8200.0,8325.0,8175.0,8325.0,7238.7626953125,47569700,BBCA.JK,0.869521044481982
2022-10-13,8275.0,8375.0,8275.0,8275.0,7195.28662109375,62282800,BBCA.JK,0.8695210418240181
2022-10-14,8300.0,8350.0,8250.0,8250.0,7173.548828125,70642900,BBCA.JK,0.8695210700757576
2022-10-17,8250.0,8300.0,8175.0,8250.0,7173.548828125,56387500,BBCA.JK,0.8695210700757576
2022-10-18,8275.0,8475.0,8250.0,8300.0,7217.02392578125,85665300,BBCA.JK,0.8695209549134036
2022-10-19,8250.0,8350.0,8225.0,8275.0,7195.28662109375,66753500,BBCA.JK,0.8695210418240181
2022-10-20,8250.0,8500.0,8250.0,8500.0,7390.927734375,91812300,BBCA.JK,0.8695209099264706
2022-10-21,8450.0,8725.0,8450.0,8650.0,7521.35693359375,122777800,BBCA.JK,0.8695210327854046
2022-10-24,8750.0,8900.0,8725.0,8900.0,7738.73681640625,89416500,BBCA.JK,0.8695209906074438
2022-10-25,8825.0,8875.0,8700.0,8700.0,7564.833984375,84696300,BBCA.JK,0.8695211476293103
2022-10-26,8625.0,8650.0,8550.0,8550.0,7434.404296875,98962100,BBCA.JK,0.8695209703947369
2022-10-27,8550.0,8700.0,8550.0,8700.0,7564.833984375,77003400,BBCA.JK,0.8695211476293103
2022-10-28,8650.0,8750.0,8650.0,8750.0,7608.31005859375,84980600,BBCA.JK,0.8695211495535714
2022-10-31,8850.0,8850.0,8775.0,8800.0,7651.78466796875,138922800,BBCA.JK,0.8695209849964488
2022-11-01,9000.0,9000.0,8725.0,8800.0,7651.78466796875,118118400,BBCA.JK,0.8695209849964488
2022-11-02,8800.0,8825.0,8725.0,8750.0,7608.31005859375,68323600,BBCA.JK,0.8695211495535714
2022-11-03,8700.0,8825.0,8700.0,8800.0,7651.78466796875,81856300,BBCA.JK,0.8695209849964488
2022-11-04,8775.0,8800.0,8675.0,8775.0,7630.046875,84458300,BBCA.JK,0.8695210113960113
2022-11-07,8725.0,8850.0,8675.0,8850.0,7695.26123046875,94794000,BBCA.JK,0.8695210429908192
2022-11-08,8850.0,8875.0,8725.0,8750.0,7608.31005859375,42525500,BBCA.JK,0.8695211495535714
2022-11-09,8675.0,8875.0,8675.0,8875.0,7716.99951171875,96599500,BBCA.JK,0.8695210717429578
2022-11-10,8725.0,8800.0,8725.0,8800.0,7651.78466796875,89463000,BBCA.JK,0.8695209849964488
2022-11-11,8900.0,8925.0,8825.0,8850.0,7695.26123046875,59597900,BBCA.JK,0.8695210429908192
2022-11-14,8875.0,8900.0,8750.0,8750.0,7608.31005859375,49208200,BBCA.JK,0.8695211495535714
2022-11-15,8775.0,8850.0,8750.0,8800.0,7651.78466796875,59092900,BBCA.JK,0.8695209849964488
2022-11-16,8625.0,8675.0,8550.0,8600.0,7477.88134765625,143424800,BBCA.JK,0.8695210869367732
2022-11-17,8625.0,8825.0,8600.0,8725.0,7586.5712890625,72679800,BBCA.JK,0.8695210646489971
2022-11-18,8725.0,8900.0,8725.0,8825.0,7673.52294921875,83556900,BBCA.JK,0.8695210140757791
2022-11-21,8875.0,8900.0,8725.0,8725.0,7586.5712890625,35901000,BBCA.JK,0.8695210646489971
2022-11-22,8900.0,8950.0,8850.0,8900.0,7738.73681640625,84684200,BBCA.JK,0.8695209906074438
2022-11-23,8900.0,8975.0,8875.0,8875.0,7716.99951171875,84642100,BBCA.JK,0.8695210717429578
2022-11-24,8975.0,9000.0,8950.0,9000.0,7825.68994140625,53520800,BBCA.JK,0.8695211046006944
2022-11-25,9000.0,9000.0,8900.0,8975.0,7803.9501953125,75048300,BBCA.JK,0.869520913126741
2022-11-28,9050.0,9100.0,8975.0,9025.0,7847.42724609375,96209700,BBCA.JK,0.8695210244979225
2022-11-29,8975.0,9075.0,8925.0,8975.0,7803.9501953125,91562100,BBCA.JK,0.869520913126741
2022-11-30,8875.0,9400.0,8850.0,9300.0,8086.54638671875,644359600,BBCA.JK,0.8695211168514785
2022-12-01,9275.0,9350.0,9000.0,9000.0,7825.68994140625,155775400,BBCA.JK,0.8695211046006944
2022-12-02,8900.0,8975.0,8900.0,8900.0,7768.94921875,130982100,BBCA.JK,0.8729156425561798
2022-12-05,8800.0,8900.0,8775.0,8775.0,7659.83544921875,114656300,BBCA.JK,0.8729157207086895
2022-12-06,8725.0,8750.0,8575.0,8675.0,7572.5439453125,180553800,BBCA.JK,0.8729157285662824
2022-12-07,8500.0,8575.0,8450.0,8450.0,7376.13818359375,229308700,BBCA.JK,0.8729157613720414
2022-12-08,8375.0,8575.0,8350.0,8500.0,7419.7841796875,172590100,BBCA.JK,0.8729157858455883
2022-12-09,8500.0,8600.0,8450.0,8575.0,7485.2529296875,90851300,BBCA.JK,0.8729157935495627
2022-12-12,8525.0,8700.0,8475.0,8700.0,7594.3671875,102851800,BBCA.JK,0.8729157686781609
2022-12-13,8625.0,8700.0,8550.0,8700.0,7594.3671875,104580200,BBCA.JK,0.8729157686781609
2022-12-14,8600.0,8700.0,8525.0,8625.0,7528.8974609375,118164300,BBCA.JK,0.8729156476449276
2022-12-15,8575.0,8600.0,8500.0,8500.0,7419.7841796875,113255700,BBCA.JK,0.8729157858455883
2022-12-16,8425.0,8650.0,8400.0,8600.0,7507.07568359375,181516700,BBCA.JK,0.8729157771620639
2022-12-19,8650.0,8700.0,8600.0,8650.0,7550.72021484375,67482900,BBCA.JK,0.8729156317738439
2022-12-20,8550.0,8650.0,8550.0,8575.0,7485.2529296875,41243700,BBCA.JK,0.8729157935495627
2022-12-21,8600.0,8700.0,8575.0,8675.0,7572.5439453125,33617700,BBCA.JK,0.8729157285662824
2022-12-22,8650.0,8675.0,8575.0,8575.0,7485.2529296875,59591500,BBCA.JK,0.8729157935495627
2022-12-23,8525.0,8575.0,8500.0,8500.0,7419.7841796875,47393000,BBCA.JK,0.8729157858455883
2022-12-26,8500.0,8625.0,8500.0,8575.0,7485.2529296875,20495900,BBCA.JK,0.8729157935495627
2022-12-27,8600.0,8650.0,8575.0,8600.0,7507.07568359375,27193800,BBCA.JK,0.8729157771620639
2022-12-28,8650.0,8650.0,8550.0,8650.0,7550.72021484375,40420200,BBCA.JK,0.8729156317738439
2022-12-29,8525.0,8600.0,8500.0,8575.0,7485.2529296875,47020900,BBCA.JK,0.8729157935495627
2022-12-30,8575.0,8650.0,8550.0,8550.0,7463.42919921875,44681400,BBCA.JK,0.8729156958150585
2023-01-02,8575.0,8600.0,8500.0,8550.0,7463.42919921875,10653900,BBCA.JK,0.8729156958150585
2023-01-03,8550.0,8600.0,8525.0,8550.0,7463.42919921875,27399100,BBCA.JK,0.8729156958150585
2023-01-04,8525.0,8575.0,8350.0,8350.0,7288.84619140625,90918800,BBCA.JK,0.8729157115456587
2023-01-05,8350.0,8375.0,8150.0,8250.0,7201.5546875,128838500,BBCA.JK,0.8729157196969697
2023-01-06,8100.0,8325.0,8100.0,8300.0,7245.2001953125,69286600,BBCA.JK,0.8729156861822289
2023-01-09,8325.0,8450.0,8325.0,8450.0,7376.13818359375,86916900,BBCA.JK,0.8729157613720414
2023-01-10,8400.0,8425.0,8150.0,8175.0,7136.0859375,101759100,BBCA.JK,0.8729157110091743
2023-01-11,8050.0,8150.0,8000.0,8125.0,7092.43994140625,96069100,BBCA.JK,0.8729156850961538
2023-01-12,8150.0,8275.0,8125.0,8175.0,7136.0859375,103804600,BBCA.JK,0.8729157110091743
2023-01-13,8150.0,8175.0,8025.0,8050.0,7026.97119140625,119748200,BBCA.JK,0.872915675951087
2023-01-16,8050.0,8200.0,8050.0,8150.0,7114.263671875,105710700,BBCA.JK,0.8729157879601227
2023-01-17,8175.0,8375.0,8150.0,8325.0,7267.02294921875,88695900,BBCA.JK,0.8729156695758258
2023-01-18,8200.0,8325.0,8175.0,8300.0,7245.2001953125,96814600,BBCA.JK,0.8729156861822289
2023-01-19,8350.0,8350.0,8250.0,8325.0,7267.02294921875,66391800,BBCA.JK,0.8729156695758258
2023-01-20,8275.0,8325.0,8250.0,8300.0,7245.2001953125,96859500,BBCA.JK,0.8729156861822289
2023-01-24,8300.0,8350.0,8225.0,8225.0,7179.73193359375,42474500,BBCA.JK,0.8729157366071428
2023-01-25,8300.0,8300.0,8200.0,8200.0,7157.9091796875,66124500,BBCA.JK,0.8729157536204268
2023-01-26,8225.0,8475.0,8225.0,8475.0,7397.96044921875,77582300,BBCA.JK,0.8729156872234514
2023-01-27,8700.0,8850.0,8550.0,8700.0,7594.3671875,196804700,BBCA.JK,0.8729157686781609
2023-01-30,8725.0,8775.0,8575.0,8700.0,7594.3671875,68544300,BBCA.JK,0.8729157686781609
2023-01-31,8625.0,8675.0,8475.0,8475.0,7397.96044921875,200589000,BBCA.JK,0.8729156872234514
2023-02-01,8575.0,8575.0,8450.0,8500.0,7419.7841796875,77396200,BBCA.JK,0.8729157858455883
2023-02-02,8425.0,8525.0,8400.0,8450.0,7376.13818359375,99109500,BBCA.JK,0.8729157613720414
2023-02-03,8550.0,8700.0,8500.0,8700.0,7594.3671875,71716700,BBCA.JK,0.8729157686781609
2023-02-06,8750.0,8750.0,8650.0,8725.0,7616.189453125,117757700,BBCA.JK,0.8729156966332379
2023-02-07,8775.0,8850.0,8750.0,8850.0,7725.3046875,116014700,BBCA.JK,0.872915783898305
2023-02-08,8825.0,8850.0,8800.0,8825.0,7703.48193359375,54495500,BBCA.JK,0.8729157998406516
2023-02-09,8825.0,8900.0,8800.0,8900.0,7768.94921875,72381700,BBCA.JK,0.8729156425561798
2023-02-10,8875.0,8900.0,8700.0,8825.0,7703.48193359375,62060900,BBCA.JK,0.8729157998406516
2023-02-13,8875.0,8900.0,8775.0,8875.0,7747.126953125,63775000,BBCA.JK,0.8729157130281691
2023-02-14,8850.0,8950.0,8825.0,8950.0,7812.59521484375,81678200,BBCA.JK,0.8729156664629888
2023-02-15,8875.0,8900.0,8750.0,8875.0,7747.126953125,38037000,BBCA.JK,0.8729157130281691
2023-02-16,8825.0,8850.0,8700.0,8700.0,7594.3671875,66040400,BBCA.JK,0.8729157686781609
2023-02-17,8775.0,8850.0,8725.0,8725.0,7616.189453125,43588900,BBCA.JK,0.8729156966332379
2023-02-20,8725.0,8825.0,8700.0,8750.0,7638.0126953125,40077000,BBCA.JK,0.8729157366071428
2023-02-21,8775.0,8800.0,8700.0,8700.0,7594.3671875,25390500,BBCA.JK,0.8729157686781609
2023-02-22,8700.0,8750.0,8625.0,8675.0,7572.5439453125,38671900,BBCA.JK,0.8729157285662824
2023-02-23,8625.0,8750.0,8625.0,8725.0,7616.189453125,53412300,BBCA.JK,0.8729156966332379
2023-02-24,8775.0,8850.0,8675.0,8675.0,7572.5439453125,44123400,BBCA.JK,0.8729157285662824
2023-02-27,8675.0,8775.0,8650.0,8775.0,7659.83544921875,59983900,BBCA.JK,0.8729157207086895
2023-02-28,8775.0,8775.0,8675.0,8750.0,7638.0126953125,106349400,BBCA.JK,0.8729157366071428
2023-03-01,8725.0,8750.0,8600.0,8600.0,7507.07568359375,67034700,BBCA.JK,0.8729157771620639
2023-03-02,8600.0,8700.0,8600.0,8625.0,7528.8974609375,56672000,BBCA.JK,0.8729156476449276
2023-03-03,8650.0,8675.0,8475.0,8475.0,7397.96044921875,95376900,BBCA.JK,0.8729156872234514
2023-03-06,8550.0,8550.0,8400.0,8400.0,7332.4921875,92652000,BBCA.JK,0.8729157366071428
2023-03-07,8350.0,8475.0,8350.0,8425.0,7354.31494140625,106115600,BBCA.JK,0.8729157200482196
2023-03-08,8400.0,8575.0,8400.0,8575.0,7485.2529296875,79350900,BBCA.JK,0.8729157935495627
2023-03-09,8650.0,8650.0,8550.0,8575.0,7485.2529296875,54201400,BBCA.JK,0.8729157935495627
2023-03-10,8500.0,8550.0,8450.0,8450.0,7376.13818359375,59580100,BBCA.JK,0.8729157613720414
2023-03-13,8450.0,8625.0,8450.0,8550.0,7463.42919921875,82077700,BBCA.JK,0.8729156958150585
2023-03-14,8425.0,8475.0,8325.0,8325.0,7267.02294921875,90495300,BBCA.JK,0.8729156695758258
2023-03-15,8450.0,8475.0,8325.0,8325.0,7267.02294921875,86747400,BBCA.JK,0.8729156695758258
2023-03-16,8300.0,8350.0,8250.0,8300.0,7245.2001953125,105894000,BBCA.JK,0.8729156861822289
2023-03-17,8375.0,8450.0,8325.0,8375.0,7310.6689453125,198558600,BBCA.JK,0.8729156949626866
2023-03-20,8400.0,8475.0,8375.0,8400.0,7332.4921875,37277900,BBCA.JK,0.8729157366071428
2023-03-21,8400.0,8500.0,8375.0,8500.0,7419.7841796875,91617400,BBCA.JK,0.8729157858455883
2023-03-24,8700.0,8825.0,8625.0,8825.0,7703.48193359375,145603600,BBCA.JK,0.8729157998406516
2023-03-27,8825.0,8825.0,8700.0,8700.0,7594.3671875,110692800,BBCA.JK,0.8729157686781609
2023-03-28,8800.0,8800.0,8675.0,8675.0,7572.5439453125,98296600,BBCA.JK,0.8729157285662824
2023-03-29,8675.0,8800.0,8625.0,8800.0,7835.20068359375,101068200,BBCA.JK,0.8903637140447443
2023-03-30,8900.0,8900.0,8800.0,8825.0,7857.46044921875,118912100,BBCA.JK,0.890363790279745
2023-03-31,8825.0,8850.0,8725.0,8750.0,7790.68359375,97146900,BBCA.JK,0.8903638392857143
2023-04-03,8825.0,8825.0,8750.0,8800.0,7835.20068359375,60288900,BBCA.JK,0.8903637140447443
2023-04-04,8825.0,8825.0,8650.0,8775.0,7812.94189453125,60975800,BBCA.JK,0.8903637486645299
2023-04-05,8775.0,8800.0,8725.0,8725.0,7768.423828125,36922100,BBCA.JK,0.8903637625358166
2023-04-06,8700.0,8775.0,8700.0,8750.0,7790.68359375,45489400,BBCA.JK,0.8903638392857143
2023-04-10,8725.0,8800.0,8700.0,8800.0,7835.20068359375,32996000,BBCA.JK,0.8903637140447443
2023-04-11,8825.0,8825.0,8750.0,8825.0,7857.46044921875,44554300,BBCA.JK,0.890363790279745
2023-04-12,8900.0,8900.0,8825.0,8900.0,7924.23681640625,91903600,BBCA.JK,0.8903636872366573
2023-04-13,8950.0,8950.0,8875.0,8925.0,7946.49609375,51726500,BBCA.JK,0.8903637079831933
2023-04-14,9000.0,9000.0,8950.0,9000.0,8013.2734375,110354200,BBCA.JK,0.8903637152777778
2023-04-17,9025.0,9050.0,8900.0,9025.0,8035.53369140625,83946900,BBCA.JK,0.8903638439231302
2023-04-18,9050.0,9175.0,9025.0,9125.0,8124.5693359375,91178700,BBCA.JK,0.8903637628424658
2023-04-26,9125.0,9200.0,9000.0,9200.0,8191.34619140625,186928200,BBCA.JK,0.8903637164572011
2023-04-27,9100.0,9175.0,9075.0,9150.0,8146.8291015625,54842400,BBCA.JK,0.8903638362363387
2023-04-28,9100.0,9125.0,9050.0,9050.0,8057.7919921875,145775300,BBCA.JK,0.8903637560428177
2023-05-02,9100.0,9100.0,8900.0,9050.0,8057.7919921875,83645900,BBCA.JK,0.8903637560428177
2023-05-03,9050.0,9050.0,8875.0,8925.0,7946.49609375,83728800,BBCA.JK,0.8903637079831933
2023-05-04,8925.0,9025.0,8875.0,9000.0,8013.2734375,67565000,BBCA.JK,0.8903637152777778
2023-05-05,9000.0,9050.0,8950.0,9000.0,8013.2734375,64815100,BBCA.JK,0.8903637152777778
2023-05-08,9000.0,9075.0,8950.0,9000.0,8013.2734375,84754500,BBCA.JK,0.8903637152777778
2023-05-09,8950.0,8975.0,8900.0,8925.0,7946.49609375,40929600,BBCA.JK,0.8903637079831933
2023-05-10,8925.0,8950.0,8900.0,8925.0,7946.49609375,45322600,BBCA.JK,0.8903637079831933
2023-05-11,8900.0,8900.0,8800.0,8825.0,7857.46044921875,81993900,BBCA.JK,0.890363790279745
2023-05-12,8750.0,8875.0,8725.0,8800.0,7835.20068359375,96525600,BBCA.JK,0.8903637140447443
2023-05-15,8875.0,8875.0,8725.0,8775.0,7812.94189453125,64830300,BBCA.JK,0.8903637486645299
2023-05-16,8800.0,8825.0,8700.0,8700.0,7746.1650390625,49497000,BBCA.JK,0.8903637975933908
2023-05-17,8775.0,8850.0,8750.0,8775.0,7812.94189453125,69996100,BBCA.JK,0.8903637486645299
2023-05-19,8900.0,9000.0,8825.0,9000.0,8013.2734375,123592500,BBCA.JK,0.8903637152777778
2023-05-22,9000.0,9075.0,8925.0,9000.0,8013.2734375,91000000,BBCA.JK,0.8903637152777778
2023-05-23,9050.0,9150.0,9025.0,9125.0,8124.5693359375,102980500,BBCA.JK,0.8903637628424658
2023-05-24,9200.0,9200.0,9025.0,9025.0,8035.53369140625,77392900,BBCA.JK,0.8903638439231302
2023-05-25,9100.0,9150.0,9050.0,9050.0,8057.7919921875,76325700,BBCA.JK,0.8903637560428177
2023-05-26,9175.0,9200.0,9100.0,9150.0,8146.8291015625,55675900,BBCA.JK,0.8903638362363387
2023-05-29,9250.0,9250.0,9075.0,9150.0,8146.8291015625,79148200,BBCA.JK,0.8903638362363387
2023-05-30,9200.0,9325.0,9150.0,9250.0,8235.8642578125,97189500,BBCA.JK,0.8903637035472973
2023-05-31,9300.0,9325.0,9050.0,9050.0,8057.7919921875,722827900,BBCA.JK,0.8903637560428177
2023-06-05,9150.0,9325.0,9100.0,9200.0,8191.34619140625,163535600,BBCA.JK,0.8903637164572011
2023-06-06,9050.0,9200.0,9050.0,9150.0,8146.8291015625,74872200,BBCA.JK,0.8903638362363387
2023-06-07,9125.0,9175.0,9075.0,9100.0,8102.31005859375,87492200,BBCA.JK,0.8903637427026099
2023-06-08,9075.0,9125.0,9075.0,9125.0,8124.5693359375,53188400,BBCA.JK,0.8903637628424658
2023-06-09,9175.0,9175.0,9100.0,9100.0,8102.31005859375,44632400,BBCA.JK,0.8903637427026099
2023-06-12,9150.0,9150.0,9100.0,9150.0,8146.8291015625,38082300,BBCA.JK,0.8903638362363387
2023-06-13,9175.0,9175.0,9100.0,9150.0,8146.8291015625,45552600,BBCA.JK,0.8903638362363387
2023-06-14,9100.0,9125.0,9050.0,9075.0,8080.05126953125,72223700,BBCA.JK,0.890363776256887
2023-06-15,9100.0,9100.0,9050.0,9050.0,8057.7919921875,59073000,BBCA.JK,0.8903637560428177
2023-06-16,9100.0,9100.0,8975.0,9050.0,8057.7919921875,112769400,BBCA.JK,0.8903637560428177
2023-06-19,9000.0,9050.0,9000.0,9000.0,8013.2734375,32330600,BBCA.JK,0.8903637152777778
2023-06-20,9025.0,9050.0,8950.0,9050.0,8057.7919921875,54990100,BBCA.JK,0.8903637560428177
2023-06-21,9050.0,9125.0,9000.0,9125.0,8124.5693359375,42676300,BBCA.JK,0.8903637628424658
2023-06-22,9125.0,9150.0,9050.0,9050.0,8057.7919921875,48291100,BBCA.JK,0.8903637560428177
2023-06-23,9025.0,9150.0,9025.0,9050.0,8057.7919921875,47813500,BBCA.JK,0.8903637560428177
2023-06-26,9025.0,9125.0,9025.0,9075.0,8080.05126953125,36389900,BBCA.JK,0.890363776256887
2023-06-27,9050.0,9150.0,9050.0,9150.0,8146.8291015625,36225100,BBCA.JK,0.8903638362363387
2023-07-03,9025.0,9075.0,9025.0,9075.0,8080.05126953125,108855900,BBCA.JK,0.890363776256887
2023-07-04,9150.0,9150.0,9050.0,9050.0,8057.7919921875,35049300,BBCA.JK,0.8903637560428177
2023-07-05,9050.0,9075.0,9025.0,9050.0,8057.7919921875,44609200,BBCA.JK,0.8903637560428177
2023-07-06,9050.0,9100.0,9025.0,9075.0,8080.05126953125,52532400,BBCA.JK,0.890363776256887
2023-07-07,9025.0,9100.0,9025.0,9025.0,8035.53369140625,37641300,BBCA.JK,0.8903638439231302
2023-07-10,9100.0,9100.0,9050.0,9050.0,8057.7919921875,28981500,BBCA.JK,0.8903637560428177
2023-07-11,9100.0,9100.0,9025.0,9025.0,8035.53369140625,43703500,BBCA.JK,0.8903638439231302
2023-07-12,9075.0,9175.0,9050.0,9175.0,8169.08837890625,61566500,BBCA.JK,0.8903638560115804
2023-07-13,9200.0,9225.0,9125.0,9125.0,8124.5693359375,65230900,BBCA.JK,0.8903637628424658
2023-07-14,9175.0,9200.0,9125.0,9200.0,8191.34619140625,55554500,BBCA.JK,0.8903637164572011
2023-07-17,9200.0,9250.0,9175.0,9175.0,8169.08837890625,62550100,BBCA.JK,0.8903638560115804
2023-07-18,9200.0,9250.0,9100.0,9150.0,8146.8291015625,52924600,BBCA.JK,0.8903638362363387
2023-07-20,9200.0,9225.0,9125.0,9150.0,8146.8291015625,83476600,BBCA.JK,0.8903638362363387
2023-07-21,9150.0,9175.0,9125.0,9150.0,8146.8291015625,42667800,BBCA.JK,0.8903638362363387
2023-07-24,9200.0,9200.0,9100.0,9100.0,8102.31005859375,62061200,BBCA.JK,0.8903637427026099
2023-07-25,9175.0,9300.0,9150.0,9150.0,8146.8291015625,122802700,BBCA.JK,0.8903638362363387
2023-07-26,9175.0,9350.0,9125.0,9350.0,8324.9013671875,113868700,BBCA.JK,0.8903637825868984
2023-07-27,9400.0,9400.0,9225.0,9225.0,8213.60546875,77848400,BBCA.JK,0.8903637364498646
2023-07-28,9200.0,9225.0,9125.0,9125.0,8124.5693359375,74510200,BBCA.JK,0.8903637628424658
2023-07-31,9175.0,9200.0,9100.0,9125.0,8124.5693359375,80868000,BBCA.JK,0.8903637628424658
2023-08-01,9175.0,9175.0,9100.0,9125.0,8124.5693359375,49756400,BBCA.JK,0.8903637628424658
2023-08-02,9125.0,9200.0,9125.0,9200.0,8191.34619140625,60629900,BBCA.JK,0.8903637164572011
2023-08-03,9150.0,9300.0,9150.0,9250.0,8235.8642578125,64596100,BBCA.JK,0.8903637035472973
2023-08-04,9250.0,9275.0,9125.0,9150.0,8146.8291015625,52675900,BBCA.JK,0.8903638362363387
2023-08-07,9150.0,9275.0,9150.0,9275.0,8258.125,55589300,BBCA.JK,0.8903638814016173
2023-08-08,9275.0,9300.0,9200.0,9200.0,8191.34619140625,43373400,BBCA.JK,0.8903637164572011
2023-08-09,9275.0,9400.0,9250.0,9400.0,8369.41796875,77056800,BBCA.JK,0.8903636136968085
2023-08-10,9400.0,9425.0,9350.0,9400.0,8369.41796875,76738100,BBCA.JK,0.8903636136968085
2023-08-11,9425.0,9450.0,9375.0,9400.0,8369.41796875,68898600,BBCA.JK,0.8903636136968085
2023-08-14,9325.0,9350.0,9225.0,9350.0,8324.9013671875,75495400,BBCA.JK,0.8903637825868984
2023-08-15,9325.0,9375.0,9300.0,9300.0,8280.3828125,59303700,BBCA.JK,0.8903637432795699
2023-08-16,9275.0,9325.0,9250.0,9300.0,8280.3828125,53440000,BBCA.JK,0.8903637432795699
2023-08-18,9250.0,9350.0,9250.0,9250.0,8235.8642578125,79328900,BBCA.JK,0.8903637035472973
2023-08-21,9225.0,9250.0,9175.0,9175.0,8169.08837890625,73573000,BBCA.JK,0.8903638560115804
2023-08-22,9150.0,9325.0,9150.0,9300.0,8280.3828125,65664600,BBCA.JK,0.8903637432795699
2023-08-23,9300.0,9325.0,9275.0,9300.0,8280.3828125,63749800,BBCA.JK,0.8903637432795699
2023-08-24,9250.0,9325.0,9200.0,9200.0,8191.34619140625,53725900,BBCA.JK,0.8903637164572011
2023-08-25,9200.0,9275.0,9175.0,9275.0,8258.125,50379000,BBCA.JK,0.8903638814016173
2023-08-28,9250.0,9250.0,9200.0,9200.0,8191.34619140625,44423100,BBCA.JK,0.8903637164572011
2023-08-29,9275.0,9300.0,9200.0,9250.0,8235.8642578125,45428500,BBCA.JK,0.8903637035472973
2023-08-30,9300.0,9300.0,9200.0,9200.0,8191.34619140625,56227000,BBCA.JK,0.8903637164572011
2023-08-31,9200.0,9225.0,9100.0,9175.0,8169.08837890625,136107200,BBCA.JK,0.8903638560115804
2023-09-01,9200.0,9275.0,9175.0,9225.0,8213.60546875,42152700,BBCA.JK,0.8903637364498646
2023-09-04,9225.0,9275.0,9175.0,9225.0,8213.60546875,40610600,BBCA.JK,0.8903637364498646
2023-09-05,9250.0,9250.0,9200.0,9225.0,8213.60546875,42007200,BBCA.JK,0.8903637364498646
2023-09-06,9200.0,9250.0,9150.0,9150.0,8146.8291015625,49318400,BBCA.JK,0.8903638362363387
2023-09-07,9125.0,9175.0,9100.0,9175.0,8169.08837890625,61405200,BBCA.JK,0.8903638560115804
2023-09-08,9100.0,9150.0,9050.0,9125.0,8124.5693359375,80732300,BBCA.JK,0.8903637628424658
2023-09-11,9075.0,9125.0,9075.0,9125.0,8124.5693359375,53155900,BBCA.JK,0.8903637628424658
2023-09-12,9100.0,9125.0,9075.0,9100.0,8102.31005859375,66479000,BBCA.JK,0.8903637427026099
2023-09-13,9050.0,9075.0,9000.0,9075.0,8080.05126953125,69490200,BBCA.JK,0.890363776256887
2023-09-14,9000.0,9125.0,9000.0,9100.0,8102.31005859375,112757900,BBCA.JK,0.8903637427026099
2023-09-15,9050.0,9100.0,9000.0,9000.0,8013.2734375,121005300,BBCA.JK,0.8903637152777778
2023-09-18,9050.0,9075.0,9000.0,9000.0,8013.2734375,34272200,BBCA.JK,0.8903637152777778
2023-09-19,9000.0,9075.0,8975.0,9075.0,8080.05126953125,33325800,BBCA.JK,0.890363776256887
2023-09-20,9125.0,9175.0,9075.0,9150.0,8146.8291015625,54305500,BBCA.JK,0.8903638362363387
2023-09-21,9125.0,9150.0,9075.0,9125.0,8124.5693359375,40607000,BBCA.JK,0.8903637628424658
2023-09-22,9125.0,9150.0,9075.0,9075.0,8080.05126953125,42445300,BBCA.JK,0.890363776256887
2023-09-25,9075.0,9075.0,9000.0,9000.0,8013.2734375,56132200,BBCA.JK,0.8903637152777778
2023-09-26,9000.0,9025.0,8950.0,8950.0,7968.75537109375,73544700,BBCA.JK,0.8903637286138268
2023-09-27,8900.0,9000.0,8875.0,8875.0,7901.97802734375,84345000,BBCA.JK,0.8903637213908451
2023-09-29,8825.0,8900.0,8825.0,8825.0,7857.46044921875,118960000,BBCA.JK,0.890363790279745
2023-10-02,8900.0,9100.0,8875.0,9075.0,8080.05126953125,93663000,BBCA.JK,0.890363776256887
2023-10-03,9075.0,9200.0,9025.0,9200.0,8191.34619140625,98380200,BBCA.JK,0.8903637164572011
2023-10-04,9200.0,9250.0,9125.0,9200.0,8191.34619140625,112582800,BBCA.JK,0.8903637164572011
2023-10-05,9200.0,9200.0,9075.0,9075.0,8080.05126953125,72855700,BBCA.JK,0.890363776256887
2023-10-06,9100.0,9100.0,9025.0,9025.0,8035.53369140625,53344400,BBCA.JK,0.8903638439231302
2023-10-09,9025.0,9125.0,9025.0,9050.0,8057.7919921875,43774500,BBCA.JK,0.8903637560428177
2023-10-10,9000.0,9000.0,8925.0,8925.0,7946.49609375,71966100,BBCA.JK,0.8903637079831933
2023-10-11,8925.0,9025.0,8925.0,8925.0,7946.49609375,84305800,BBCA.JK,0.8903637079831933
2023-10-12,9000.0,9100.0,9000.0,9050.0,8057.7919921875,71064500,BBCA.JK,0.8903637560428177
2023-10-13,9100.0,9125.0,9025.0,9075.0,8080.05126953125,62941800,BBCA.JK,0.890363776256887
2023-10-16,9125.0,9125.0,9050.0,9100.0,8102.31005859375,29429200,BBCA.JK,0.8903637427026099
2023-10-17,9050.0,9075.0,8950.0,8950.0,7968.75537109375,59606000,BBCA.JK,0.8903637286138268
2023-10-18,8925.0,8950.0,8850.0,8850.0,7879.71923828125,50919200,BBCA.JK,0.8903637557379943
2023-10-19,8825.0,8850.0,8750.0,8750.0,7790.68359375,89509700,BBCA.JK,0.8903638392857143
2023-10-20,8725.0,9025.0,8725.0,8975.0,7991.0146484375,64554500,BBCA.JK,0.8903637491295264
2023-10-23,8875.0,8925.0,8850.0,8850.0,7879.71923828125,50633500,BBCA.JK,0.8903637557379943
2023-10-24,8775.0,8875.0,8775.0,8775.0,7812.94189453125,76963200,BBCA.JK,0.8903637486645299
2023-10-25,8825.0,8925.0,8825.0,8875.0,7901.97802734375,54748400,BBCA.JK,0.8903637213908451
2023-10-26,8925.0,8950.0,8725.0,8725.0,7768.423828125,63199400,BBCA.JK,0.8903637625358166
2023-10-27,8725.0,8800.0,8700.0,8700.0,7746.1650390625,52450700,BBCA.JK,0.8903637975933908
2023-10-30,8700.0,8850.0,8700.0,8850.0,7879.71923828125,51958200,BBCA.JK,0.8903637557379943
2023-10-31,8800.0,8825.0,8725.0,8750.0,7790.68359375,64907600,BBCA.JK,0.8903638392857143
2023-11-01,8750.0,8775.0,8600.0,8600.0,7657.12841796875,67027600,BBCA.JK,0.89036376953125
2023-11-02,8725.0,8900.0,8725.0,8850.0,7879.71923828125,56050900,BBCA.JK,0.8903637557379943
2023-11-03,8925.0,8950.0,8850.0,8900.0,7924.23681640625,60414100,BBCA.JK,0.8903636872366573
2023-11-06,8975.0,9050.0,8950.0,9050.0,8057.7919921875,84994200,BBCA.JK,0.8903637560428177
2023-11-07,9000.0,9025.0,8900.0,8975.0,7991.0146484375,60648200,BBCA.JK,0.8903637491295264
2023-11-08,8950.0,9000.0,8900.0,9000.0,8013.2734375,31829300,BBCA.JK,0.8903637152777778
2023-11-09,8900.0,9050.0,8900.0,9000.0,8013.2734375,46076800,BBCA.JK,0.8903637152777778
2023-11-10,8950.0,9000.0,8825.0,8825.0,7857.46044921875,50754600,BBCA.JK,0.890363790279745
2023-11-13,8875.0,8925.0,8850.0,8875.0,7901.97802734375,20827700,BBCA.JK,0.8903637213908451
2023-11-14,8900.0,8950.0,8875.0,8925.0,7946.49609375,37195700,BBCA.JK,0.8903637079831933
2023-11-15,8975.0,9050.0,8950.0,9050.0,8057.7919921875,84977900,BBCA.JK,0.8903637560428177
2023-11-16,9050.0,9075.0,8950.0,9075.0,8080.05126953125,48714300,BBCA.JK,0.890363776256887
2023-11-17,9025.0,9075.0,8975.0,9075.0,8080.05126953125,57050500,BBCA.JK,0.890363776256887
2023-11-20,8975.0,9025.0,8875.0,8875.0,7901.97802734375,49216000,BBCA.JK,0.8903637213908451
2023-11-21,8825.0,8900.0,8775.0,8775.0,7812.94189453125,107614800,BBCA.JK,0.8903637486645299
2023-11-22,8775.0,8875.0,8775.0,8875.0,7901.97802734375,40364800,BBCA.JK,0.8903637213908451
2023-11-23,8850.0,8975.0,8850.0,8925.0,7946.49609375,55542100,BBCA.JK,0.8903637079831933
2023-11-24,8925.0,8975.0,8900.0,8925.0,7946.49609375,43631900,BBCA.JK,0.8903637079831933
2023-11-27,8900.0,8950.0,8875.0,8875.0,7901.97802734375,35679000,BBCA.JK,0.8903637213908451
2023-11-28,8875.0,8950.0,8850.0,8875.0,7901.97802734375,69070600,BBCA.JK,0.8903637213908451
2023-11-29,8900.0,8950.0,8900.0,8900.0,7924.23681640625,54715600,BBCA.JK,0.8903636872366573
2023-11-30,8925.0,8975.0,8900.0,8975.0,7991.0146484375,205312100,BBCA.JK,0.8903637491295264
2023-12-01,8925.0,8975.0,8900.0,8950.0,7968.75537109375,80566400,BBCA.JK,0.8903637286138268
2023-12-04,8950.0,9025.0,8925.0,8925.0,7984.41064453125,54747400,BBCA.JK,0.8946118369222689
2023-12-05,8950.0,8950.0,8825.0,8900.0,7962.04541015625,94363900,BBCA.JK,0.8946118438377809
2023-12-06,8850.0,8950.0,8800.0,8800.0,7872.58447265625,81852800,BBCA.JK,0.8946118718927557
2023-12-07,8750.0,8825.0,8725.0,8825.0,7894.9501953125,91322500,BBCA.JK,0.8946119201487253
2023-12-08,8800.0,8850.0,8750.0,8750.0,7827.8544921875,43891600,BBCA.JK,0.8946119419642857
2023-12-11,8675.0,8775.0,8675.0,8750.0,7827.8544921875,78642800,BBCA.JK,0.8946119419642857
2023-12-12,8700.0,8750.0,8700.0,8700.0,7783.12353515625,87589300,BBCA.JK,0.8946119005926724
2023-12-13,8700.0,8750.0,8675.0,8675.0,7760.75830078125,51560500,BBCA.JK,0.8946119078710375
2023-12-14,8775.0,9050.0,8750.0,9050.0,8096.2373046875,115332800,BBCA.JK,0.894611856871547
2023-12-15,9125.0,9225.0,9075.0,9225.0,8252.794921875,275013500,BBCA.JK,0.8946119156504065
2023-12-18,9200.0,9225.0,9150.0,9200.0,8230.4287109375,111712200,BBCA.JK,0.89461181640625
2023-12-19,9125.0,9250.0,9125.0,9250.0,8275.16015625,65174500,BBCA.JK,0.8946119087837838
2023-12-20,9250.0,9300.0,9225.0,9300.0,8319.890625,72938100,BBCA.JK,0.8946118951612904
2023-12-21,9300.0,9325.0,9250.0,9325.0,8342.2548828125,88116700,BBCA.JK,0.8946117836796247
2023-12-22,9275.0,9350.0,9275.0,9325.0,8342.2548828125,64449600,BBCA.JK,0.8946117836796247
2023-12-27,9375.0,9400.0,9325.0,9375.0,8386.986328125,64464700,BBCA.JK,0.894611875
2023-12-28,9325.0,9425.0,9325.0,9400.0,8409.3505859375,70184600,BBCA.JK,0.8946117644614362
2023-12-29,9425.0,9450.0,9350.0,9400.0,8409.3505859375,79903400,BBCA.JK,0.8946117644614362
2024-01-02,9400.0,9425.0,9350.0,9425.0,8431.7177734375,30545200,BBCA.JK,0.8946119653514589
2024-01-03,9425.0,9425.0,9325.0,9350.0,8364.62109375,34603300,BBCA.JK,0.894611881684492
2024-01-04,9400.0,9475.0,9375.0,9475.0,8476.4482421875,56501800,BBCA.JK,0.8946119516820581
2024-01-05,9500.0,9600.0,9475.0,9575.0,8565.9091796875,85290100,BBCA.JK,0.8946119247715405
2024-01-08,9600.0,9625.0,9475.0,9575.0,8565.9091796875,50896000,BBCA.JK,0.8946119247715405
2024-01-09,9600.0,9625.0,9575.0,9625.0,8610.6396484375,59848600,BBCA.JK,0.8946119115259741
2024-01-10,9650.0,9650.0,9550.0,9550.0,8543.544921875,52774900,BBCA.JK,0.8946120337041885
2024-01-11,9625.0,9650.0,9575.0,9575.0,8565.9091796875,39381500,BBCA.JK,0.8946119247715405
2024-01-12,9650.0,9700.0,9600.0,9700.0,8677.7353515625,68253400,BBCA.JK,0.8946118919136598
2024-01-15,9750.0,9750.0,9650.0,9725.0,8700.1005859375,88399500,BBCA.JK,0.8946118854434447
2024-01-16,9700.0,9750.0,9675.0,9700.0,8677.7353515625,44869200,BBCA.JK,0.8946118919136598
2024-01-17,9750.0,9750.0,9650.0,9750.0,8722.4658203125,107706100,BBCA.JK,0.8946118790064103
2024-01-18,9675.0,9750.0,9625.0,9675.0,8655.37109375,71048900,BBCA.JK,0.8946119993540051
2024-01-19,9775.0,9775.0,9600.0,9625.0,8610.6396484375,63176500,BBCA.JK,0.8946119115259741
2024-01-22,9600.0,9650.0,9525.0,9625.0,8610.6396484375,52868300,BBCA.JK,0.8946119115259741
2024-01-23,9450.0,9600.0,9450.0,9600.0,8588.2734375,92348600,BBCA.JK,0.89461181640625
2024-01-24,9600.0,9600.0,9475.0,9525.0,8521.1787109375,84906000,BBCA.JK,0.894611938156168
2024-01-25,9450.0,9575.0,9450.0,9500.0,8498.8125,63212700,BBCA.JK,0.8946118421052631
2024-01-26,9400.0,9450.0,9300.0,9350.0,8364.62109375,78977300,BBCA.JK,0.894611881684492
2024-01-29,9400.0,9550.0,9375.0,9550.0,8543.544921875,73452800,BBCA.JK,0.8946120337041885
2024-01-30,9500.0,9650.0,9475.0,9650.0,8633.0048828125,73136400,BBCA.JK,0.8946119049546633
2024-01-31,9700.0,9700.0,9550.0,9550.0,8543.544921875,102581200,BBCA.JK,0.8946120337041885
2024-02-01,9650.0,9725.0,9575.0,9700.0,8677.7353515625,104208700,BBCA.JK,0.8946118919136598
2024-02-02,9775.0,9800.0,9625.0,9700.0,8677.7353515625,99324000,BBCA.JK,0.8946118919136598
2024-02-05,9675.0,9675.0,9525.0,9575.0,8565.9091796875,57983300,BBCA.JK,0.8946119247715405
2024-02-06,9750.0,9750.0,9625.0,9625.0,8610.6396484375,87651000,BBCA.JK,0.8946119115259741
2024-02-07,9700.0,9725.0,9650.0,9700.0,8677.7353515625,92953500,BBCA.JK,0.8946118919136598
2024-02-12,9750.0,9800.0,9700.0,9800.0,8767.197265625,87949400,BBCA.JK,0.8946119658801021
2024-02-13,9750.0,9800.0,9700.0,9725.0,8700.1005859375,66072400,BBCA.JK,0.8946118854434447
2024-02-15,9950.0,9975.0,9850.0,9850.0,8811.9267578125,164748900,BBCA.JK,0.8946118535850254
2024-02-16,9975.0,10000.0,9875.0,9950.0,8901.3876953125,142277200,BBCA.JK,0.8946118286746231
2024-02-19,9900.0,9975.0,9825.0,9875.0,8834.29296875,53341300,BBCA.JK,0.8946119462025316
2024-02-20,9850.0,10025.0,9850.0,10025.0,8968.484375,63997700,BBCA.JK,0.8946119077306733
2024-02-21,9950.0,10000.0,9850.0,9975.0,8923.7529296875,75371600,BBCA.JK,0.8946118225250627
2024-02-22,9975.0,9975.0,9875.0,9875.0,8834.29296875,66913000,BBCA.JK,0.8946119462025316
2024-02-23,9900.0,9925.0,9800.0,9825.0,8789.5615234375,55192300,BBCA.JK,0.8946118598918575
2024-02-26,9750.0,9875.0,9725.0,9800.0,8767.197265625,41356000,BBCA.JK,0.8946119658801021
2024-02-27,9750.0,9900.0,9750.0,9875.0,8834.29296875,43735800,BBCA.JK,0.8946119462025316
2024-02-28,9975.0,10000.0,9900.0,10000.0,8946.1201171875,54043100,BBCA.JK,0.89461201171875
2024-02-29,10000.0,10000.0,9850.0,9875.0,8834.29296875,126671200,BBCA.JK,0.8946119462025316
2024-03-01,9900.0,9925.0,9800.0,9825.0,8789.5615234375,51520600,BBCA.JK,0.8946118598918575
2024-03-04,9800.0,9825.0,9750.0,9750.0,8722.4658203125,43822900,BBCA.JK,0.8946118790064103
2024-03-05,9900.0,9900.0,9775.0,9800.0,8767.197265625,61952900,BBCA.JK,0.8946119658801021
2024-03-06,9900.0,10000.0,9775.0,9950.0,8901.3876953125,70242200,BBCA.JK,0.8946118286746231
2024-03-07,10050.0,10175.0,10000.0,10125.0,9057.9462890625,118369300,BBCA.JK,0.8946119791666667
2024-03-08,10250.0,10300.0,10125.0,10150.0,9080.3125,100947200,BBCA.JK,0.8946120689655173
2024-03-13,10400.0,10400.0,10000.0,10000.0,8946.1201171875,141622600,BBCA.JK,0.89461201171875
2024-03-14,10050.0,10325.0,10025.0,10325.0,9236.8671875,110681100,BBCA.JK,0.8946118341404359
2024-03-15,10200.0,10300.0,10050.0,10150.0,9080.3125,154176800,BBCA.JK,0.8946120689655173
2024-03-18,10175.0,10275.0,10150.0,10150.0,9080.3125,62444100,BBCA.JK,0.8946120689655173
2024-03-19,10150.0,10250.0,10150.0,10175.0,9102.6748046875,55004800,BBCA.JK,0.8946117744164619
2024-03-20,10100.0,10150.0,10075.0,10125.0,9057.9462890625,66269700,BBCA.JK,0.8946119791666667
2024-03-21,10175.0,10225.0,10050.0,10125.0,9057.9462890625,90279400,BBCA.JK,0.8946119791666667
2024-03-22,10000.0,10125.0,9950.0,10100.0,9035.5810546875,91968200,BBCA.JK,0.8946119856126238
2024-03-25,10075.0,10075.0,9925.0,10075.0,9220.9140625,66971000,BBCA.JK,0.9152272022332506
2024-03-26,10050.0,10050.0,9950.0,10050.0,9198.0322265625,65742700,BBCA.JK,0.9152270872201492
2024-03-27,10025.0,10075.0,10000.0,10075.0,9220.9140625,39514100,BBCA.JK,0.9152272022332506
2024-03-28,10025.0,10100.0,9975.0,10075.0,9220.9140625,79229700,BBCA.JK,0.9152272022332506
2024-04-01,10075.0,10100.0,9825.0,9850.0,9014.9873046875,79248700,BBCA.JK,0.9152271375317259
2024-04-02,9925.0,9950.0,9800.0,9900.0,9060.7490234375,76763100,BBCA.JK,0.915227174084596
2024-04-03,9750.0,9800.0,9525.0,9525.0,8717.5390625,177418400,BBCA.JK,0.9152271981627297
2024-04-04,9575.0,9850.0,9575.0,9850.0,9014.9873046875,75993500,BBCA.JK,0.9152271375317259
2024-04-05,9950.0,9950.0,9825.0,9825.0,8992.107421875,70428600,BBCA.JK,0.9152272185114504
2024-04-16,9350.0,9575.0,9250.0,9475.0,8671.77734375,283265900,BBCA.JK,0.9152271602902374
2024-04-17,9550.0,9675.0,9525.0,9525.0,8717.5390625,95620700,BBCA.JK,0.9152271981627297
2024-04-18,9525.0,9575.0,9450.0,9475.0,8671.77734375,127134000,BBCA.JK,0.9152271602902374
2024-04-19,9350.0,9500.0,9300.0,9475.0,8671.77734375,147784300,BBCA.JK,0.9152271602902374
2024-04-22,9400.0,9425.0,9350.0,9350.0,8557.373046875,128908000,BBCA.JK,0.9152270638368984
2024-04-23,9400.0,9775.0,9400.0,9725.0,8900.583984375,178833000,BBCA.JK,0.9152271449228792
2024-04-24,9825.0,9950.0,9750.0,9950.0,9106.5107421875,132832700,BBCA.JK,0.9152272102701005
2024-04-25,10000.0,10000.0,9700.0,9775.0,8946.345703125,104874100,BBCA.JK,0.9152271819053709
2024-04-26,9700.0,9825.0,9625.0,9625.0,8809.0615234375,100932900,BBCA.JK,0.9152271712662338
2024-04-29,9525.0,9850.0,9525.0,9800.0,8969.2275390625,90063500,BBCA.JK,0.9152272999043367
2024-04-30,10050.0,10050.0,9800.0,9800.0,8969.2275390625,109623000,BBCA.JK,0.9152272999043367
2024-05-02,9900.0,9900.0,9500.0,9550.0,8740.4189453125,97079400,BBCA.JK,0.9152271146924084
2024-05-03,9750.0,9850.0,9675.0,9850.0,9014.9873046875,81200400,BBCA.JK,0.9152271375317259
2024-05-06,9850.0,9875.0,9775.0,9800.0,8969.2275390625,53076200,BBCA.JK,0.9152272999043367
2024-05-07,9700.0,9750.0,9625.0,9700.0,8877.7041015625,66746800,BBCA.JK,0.9152272269652062
2024-05-08,9600.0,9700.0,9375.0,9375.0,8580.25390625,112808900,BBCA.JK,0.9152270833333334
2024-05-13,9200.0,9525.0,9200.0,9525.0,8717.5390625,145469900,BBCA.JK,0.9152271981627297
2024-05-14,9625.0,9675.0,9525.0,9550.0,8740.4189453125,95363500,BBCA.JK,0.9152271146924084
2024-05-15,9500.0,9600.0,9425.0,9500.0,8694.658203125,54741900,BBCA.JK,0.9152271792763158
2024-05-16,9575.0,9675.0,9525.0,9600.0,8786.181640625,61126000,BBCA.JK,0.9152272542317709
2024-05-17,9600.0,9850.0,9575.0,9750.0,8923.46484375,99848500,BBCA.JK,0.9152271634615384
2024-05-20,9700.0,9800.0,9475.0,9475.0,8671.77734375,87890100,BBCA.JK,0.9152271602902374
2024-05-21,9450.0,9575.0,9375.0,9375.0,8580.25390625,75311400,BBCA.JK,0.9152270833333334
2024-05-22,9475.0,9575.0,9325.0,9425.0,8626.017578125,121712700,BBCA.JK,0.9152273292440318
2024-05-27,9300.0,9375.0,9275.0,9300.0,8511.61328125,128578500,BBCA.JK,0.9152272345430108
2024-05-28,9300.0,9400.0,9300.0,9300.0,8511.61328125,73945700,BBCA.JK,0.9152272345430108
2024-05-29,9275.0,9325.0,9150.0,9150.0,8374.330078125,117351600,BBCA.JK,0.915227330942623
2024-05-30,9000.0,9250.0,8775.0,9000.0,8237.0439453125,207115100,BBCA.JK,0.9152271050347223
2024-05-31,9100.0,9250.0,9025.0,9250.0,8465.8515625,756431600,BBCA.JK,0.9152271959459459
2024-06-03,9350.0,9350.0,9225.0,9275.0,8488.732421875,72197700,BBCA.JK,0.915227215296496
2024-06-04,9525.0,9525.0,9350.0,9350.0,8557.373046875,75353100,BBCA.JK,0.9152270638368984
2024-06-05,9500.0,9500.0,9300.0,9450.0,8648.896484375,82087300,BBCA.JK,0.9152271412037037
2024-06-06,9525.0,9525.0,9450.0,9475.0,8671.77734375,44991300,BBCA.JK,0.9152271602902374
2024-06-07,9500.0,9500.0,9325.0,9325.0,8534.4931640625,51599800,BBCA.JK,0.915227148961126
2024-06-10,9500.0,9525.0,9450.0,9525.0,8717.5390625,45584700,BBCA.JK,0.9152271981627297
2024-06-11,9550.0,9550.0,9300.0,9300.0,8511.61328125,68690900,BBCA.JK,0.9152272345430108
2024-06-12,9300.0,9325.0,9250.0,9250.0,8465.8515625,49785700,BBCA.JK,0.9152271959459459
2024-06-13,9475.0,9475.0,9200.0,9200.0,8420.0888671875,84652200,BBCA.JK,0.91522705078125
2024-06-14,9200.0,9250.0,9100.0,9200.0,8420.0888671875,52986300,BBCA.JK,0.91522705078125
2024-06-19,9250.0,9250.0,9050.0,9050.0,8282.806640625,100051000,BBCA.JK,0.9152272531077348
2024-06-20,9150.0,9425.0,9100.0,9425.0,8626.017578125,81474800,BBCA.JK,0.9152273292440318
2024-06-21,9475.0,9675.0,9400.0,9600.0,8786.181640625,166841200,BBCA.JK,0.9152272542317709
2024-06-24,9600.0,9750.0,9575.0,9600.0,8786.181640625,79592300,BBCA.JK,0.9152272542317709
2024-06-25,9600.0,9600.0,9450.0,9600.0,8786.181640625,80029000,BBCA.JK,0.9152272542317709
2024-06-26,9525.0,9650.0,9450.0,9500.0,8694.658203125,77913200,BBCA.JK,0.9152271792763158
2024-06-27,9575.0,9750.0,9550.0,9750.0,8923.46484375,89150700,BBCA.JK,0.9152271634615384
2024-06-28,9800.0,9975.0,9775.0,9925.0,9083.62890625,166172300,BBCA.JK,0.9152270938287154
2024-07-01,9850.0,9900.0,9825.0,9875.0,9037.869140625,68634600,BBCA.JK,0.9152272547468354
2024-07-02,10000.0,10000.0,9850.0,9900.0,9060.7490234375,78848500,BBCA.JK,0.915227174084596
2024-07-03,9975.0,10000.0,9925.0,10000.0,9152.2724609375,55860200,BBCA.JK,0.91522724609375
2024-07-04,9975.0,10000.0,9825.0,9825.0,8992.107421875,67054000,BBCA.JK,0.9152272185114504
2024-07-05,9925.0,9975.0,9875.0,9950.0,9106.5107421875,36946900,BBCA.JK,0.9152272102701005
2024-07-08,10000.0,10050.0,9950.0,10050.0,9198.0322265625,72903600,BBCA.JK,0.9152270872201492
2024-07-09,10100.0,10150.0,10075.0,10075.0,9220.9140625,61853200,BBCA.JK,0.9152272022332506
2024-07-10,10175.0,10225.0,10050.0,10100.0,9243.794921875,62325900,BBCA.JK,0.9152272199876238
2024-07-11,10000.0,10125.0,10000.0,10075.0,9220.9140625,55908400,BBCA.JK,0.9152272022332506
2024-07-12,10050.0,10100.0,10025.0,10075.0,9220.9140625,62646500,BBCA.JK,0.9152272022332506
2024-07-15,10050.0,10075.0,9950.0,10050.0,9198.0322265625,36682600,BBCA.JK,0.9152270872201492
2024-07-16,9975.0,10025.0,9950.0,9950.0,9106.5107421875,37192700,BBCA.JK,0.9152272102701005
2024-07-17,9900.0,9950.0,9800.0,9800.0,8969.2275390625,90666000,BBCA.JK,0.9152272999043367
2024-07-18,9800.0,10100.0,9800.0,10100.0,9243.794921875,65383200,BBCA.JK,0.9152272199876238
2024-07-19,10050.0,10125.0,9975.0,10125.0,9266.6748046875,53880300,BBCA.JK,0.9152271412037037
2024-07-22,10125.0,10150.0,10100.0,10100.0,9243.794921875,31285300,BBCA.JK,0.9152272199876238
2024-07-23,10200.0,10200.0,10125.0,10175.0,9312.4365234375,39321100,BBCA.JK,0.9152271767506143
2024-07-24,10125.0,10175.0,10075.0,10075.0,9220.9140625,24658000,BBCA.JK,0.9152272022332506
2024-07-25,10225.0,10300.0,10200.0,10300.0,9426.83984375,98088100,BBCA.JK,0.9152271692961165
2024-07-26,10375.0,10400.0,10300.0,10325.0,9449.7197265625,75565800,BBCA.JK,0.9152270921610169
2024-07-29,10400.0,10425.0,10175.0,10250.0,9381.078125,69092500,BBCA.JK,0.9152271341463415
2024-07-30,10300.0,10300.0,10175.0,10175.0,9312.4365234375,32122900,BBCA.JK,0.9152271767506143
2024-07-31,10350.0,10350.0,10225.0,10275.0,9403.9609375,82519900,BBCA.JK,0.9152273418491484
2024-08-01,10200.0,10375.0,10200.0,10375.0,9495.4814453125,61176200,BBCA.JK,0.9152271272590361
2024-08-02,10275.0,10350.0,10200.0,10200.0,9335.3173828125,55699900,BBCA.JK,0.9152271943933824
2024-08-05,10000.0,10150.0,9875.0,9875.0,9037.869140625,126328300,BBCA.JK,0.9152272547468354
2024-08-06,10075.0,10075.0,9950.0,10000.0,9152.2724609375,78473900,BBCA.JK,0.91522724609375
2024-08-07,10000.0,10100.0,10000.0,10100.0,9243.794921875,52327400,BBCA.JK,0.9152272199876238
2024-08-08,10150.0,10225.0,10075.0,10225.0,9358.197265625,54162100,BBCA.JK,0.9152271164425427
2024-08-09,10225.0,10250.0,10100.0,10150.0,9289.556640625,47062400,BBCA.JK,0.9152272552339902
2024-08-12,10100.0,10200.0,10075.0,10200.0,9335.3173828125,40364100,BBCA.JK,0.9152271943933824
2024-08-13,10250.0,10300.0,10175.0,10300.0,9426.83984375,55207100,BBCA.JK,0.9152271692961165
2024-08-14,10300.0,10300.0,10200.0,10200.0,9335.3173828125,47999100,BBCA.JK,0.9152271943933824
2024-08-15,10200.0,10300.0,10175.0,10225.0,9358.197265625,33396600,BBCA.JK,0.9152271164425427
2024-08-16,10300.0,10325.0,10250.0,10325.0,9449.7197265625,40731400,BBCA.JK,0.9152270921610169
2024-08-19,10325.0,10425.0,10275.0,10375.0,9495.4814453125,51054400,BBCA.JK,0.9152271272590361
2024-08-20,10325.0,10450.0,10300.0,10425.0,9541.2431640625,60304400,BBCA.JK,0.9152271620203837
2024-08-21,10500.0,10500.0,10425.0,10425.0,9541.2431640625,84848800,BBCA.JK,0.9152271620203837
2024-08-22,10350.0,10400.0,10225.0,10325.0,9449.7197265625,56611600,BBCA.JK,0.9152270921610169
2024-08-23,10325.0,10375.0,10300.0,10325.0,9449.7197265625,46651600,BBCA.JK,0.9152270921610169
2024-08-26,10275.0,10375.0,10250.0,10325.0,9449.7197265625,35145600,BBCA.JK,0.9152270921610169
2024-08-27,10275.0,10300.0,10175.0,10200.0,9335.3173828125,60448400,BBCA.JK,0.9152271943933824
2024-08-28,10300.0,10350.0,10250.0,10350.0,9472.6015625,38489900,BBCA.JK,0.9152272041062802
2024-08-29,10500.0,10500.0,10225.0,10225.0,9358.197265625,53004700,BBCA.JK,0.9152271164425427
2024-08-30,10325.0,10325.0,10200.0,10325.0,9449.7197265625,158403700,BBCA.JK,0.9152270921610169
2024-09-02,10375.0,10375.0,10200.0,10275.0,9403.9609375,72008600,BBCA.JK,0.9152273418491484
2024-09-03,10325.0,10325.0,10150.0,10175.0,9312.4365234375,50950200,BBCA.JK,0.9152271767506143
2024-09-04,10150.0,10300.0,10125.0,10300.0,9426.83984375,44817000,BBCA.JK,0.9152271692961165
2024-09-05,10350.0,10350.0,10250.0,10250.0,9381.078125,39332900,BBCA.JK,0.9152271341463415
2024-09-06,10225.0,10300.0,10225.0,10300.0,9426.83984375,31541800,BBCA.JK,0.9152271692961165
2024-09-09,10300.0,10350.0,10200.0,10275.0,9403.9609375,36185100,BBCA.JK,0.9152273418491484
2024-09-10,10350.0,10350.0,10275.0,10350.0,9472.6015625,55093100,BBCA.JK,0.9152272041062802
2024-09-11,10425.0,10425.0,10350.0,10425.0,9541.2431640625,64621300,BBCA.JK,0.9152271620203837
2024-09-12,10450.0,10500.0,10375.0,10475.0,9587.0048828125,70759100,BBCA.JK,0.9152271964498807
2024-09-13,10400.0,10425.0,10325.0,10425.0,9541.2431640625,70057100,BBCA.JK,0.9152271620203837
2024-09-17,10450.0,10500.0,10350.0,10500.0,9609.884765625,89745000,BBCA.JK,0.9152271205357143
2024-09-18,10500.0,10625.0,10450.0,10625.0,9724.2890625,65420200,BBCA.JK,0.915227205882353
2024-09-19,10700.0,10900.0,10650.0,10900.0,9975.9755859375,140886600,BBCA.JK,0.9152271179759174
2024-09-20,10900.0,10900.0,10775.0,10775.0,9861.572265625,142194600,BBCA.JK,0.9152271244199536
2024-09-23,10725.0,10950.0,10725.0,10950.0,10021.7373046875,72553800,BBCA.JK,0.9152271511130137
2024-09-24,10775.0,10950.0,10775.0,10800.0,9884.4541015625,105191100,BBCA.JK,0.9152272316261574
2024-09-25,10675.0,10850.0,10525.0,10850.0,9930.21484375,158369100,BBCA.JK,0.9152271745391705
2024-09-26,10875.0,10875.0,10675.0,10700.0,9792.9306640625,84960100,BBCA.JK,0.9152271648656543
2024-09-27,10500.0,10750.0,10400.0,10650.0,9747.169921875,93027400,BBCA.JK,0.9152272227112676
2024-09-30,10475.0,10550.0,10325.0,10325.0,9449.7197265625,144692100,BBCA.JK,0.9152270921610169
2024-10-01,10400.0,10550.0,10375.0,10550.0,9655.6474609375,59797700,BBCA.JK,0.9152272474822275
2024-10-02,10325.0,10550.0,10325.0,10500.0,9609.884765625,86746200,BBCA.JK,0.9152271205357143
2024-10-03,10450.0,10525.0,10400.0,10450.0,9564.1240234375,60887000,BBCA.JK,0.9152271792763158
2024-10-04,10400.0,10475.0,10350.0,10475.0,9587.0048828125,58500400,BBCA.JK,0.9152271964498807
2024-10-07,10350.0,10375.0,10250.0,10300.0,9426.83984375,91867900,BBCA.JK,0.9152271692961165
2024-10-08,10200.0,10500.0,10150.0,10400.0,9518.36328125,99622900,BBCA.JK,0.9152272385817307
2024-10-09,10400.0,10525.0,10400.0,10425.0,9541.2431640625,56835200,BBCA.JK,0.9152271620203837
2024-10-10,10425.0,10500.0,10400.0,10500.0,9609.884765625,51080000,BBCA.JK,0.9152271205357143
2024-10-11,10575.0,10575.0,10375.0,10375.0,9495.4814453125,44632100,BBCA.JK,0.9152271272590361
2024-10-14,10375.0,10500.0,10375.0,10500.0,9609.884765625,31738600,BBCA.JK,0.9152271205357143
2024-10-15,10550.0,10625.0,10450.0,10625.0,9724.2890625,66635200,BBCA.JK,0.915227205882353
2024-10-16,10700.0,10725.0,10475.0,10475.0,9587.0048828125,63255900,BBCA.JK,0.9152271964498807
2024-10-17,10550.0,10800.0,10500.0,10725.0,9815.8115234375,66993300,BBCA.JK,0.9152271816724942
2024-10-18,10875.0,10875.0,10725.0,10750.0,9838.69140625,56299600,BBCA.JK,0.9152271075581395
2024-10-21,10850.0,10850.0,10675.0,10675.0,9770.05078125,36472500,BBCA.JK,0.9152272394613583
2024-10-22,10475.0,10600.0,10475.0,10500.0,9609.884765625,94799500,BBCA.JK,0.9152271205357143
2024-10-23,10475.0,10650.0,10475.0,10650.0,9747.169921875,48903000,BBCA.JK,0.9152272227112676
2024-10-24,10725.0,10850.0,10700.0,10700.0,9792.9306640625,85341200,BBCA.JK,0.9152271648656543
2024-10-25,10650.0,10750.0,10625.0,10750.0,9838.69140625,34847500,BBCA.JK,0.9152271075581395
2024-10-28,10825.0,10825.0,10600.0,10600.0,9701.4072265625,39061500,BBCA.JK,0.9152270968455188
2024-10-29,10525.0,10575.0,10500.0,10500.0,9609.884765625,49680100,BBCA.JK,0.9152271205357143
2024-10-30,10275.0,10400.0,10275.0,10350.0,9472.6015625,114484100,BBCA.JK,0.9152272041062802
2024-10-31,10325.0,10475.0,10250.0,10250.0,9381.078125,97553400,BBCA.JK,0.9152271341463415
2024-11-01,10275.0,10425.0,10275.0,10425.0,9541.2431640625,47710000,BBCA.JK,0.9152271620203837
2024-11-04,10425.0,10500.0,10300.0,10375.0,9495.4814453125,49275700,BBCA.JK,0.9152271272590361
2024-11-05,10300.0,10575.0,10300.0,10500.0,9609.884765625,50296500,BBCA.JK,0.9152271205357143
2024-11-06,10475.0,10500.0,10375.0,10450.0,9564.1240234375,50324900,BBCA.JK,0.9152271792763158
2024-11-07,10325.0,10450.0,10175.0,10175.0,9312.4365234375,131579100,BBCA.JK,0.9152271767506143
2024-11-08,10200.0,10225.0,10050.0,10075.0,9220.9140625,92166100,BBCA.JK,0.9152272022332506
2024-11-11,9800.0,10050.0,9800.0,10050.0,9198.0322265625,128707600,BBCA.JK,0.9152270872201492
2024-11-12,10100.0,10225.0,10000.0,10150.0,9289.556640625,80378500,BBCA.JK,0.9152272552339902
2024-11-13,10225.0,10250.0,10150.0,10150.0,9289.556640625,62933100,BBCA.JK,0.9152272552339902
2024-11-14,10125.0,10175.0,10050.0,10100.0,9243.794921875,56381400,BBCA.JK,0.9152272199876238
2024-11-15,10050.0,10275.0,10050.0,10175.0,9312.4365234375,63598200,BBCA.JK,0.9152271767506143
2024-11-18,10075.0,10125.0,10000.0,10000.0,9152.2724609375,65716200,BBCA.JK,0.91522724609375
2024-11-19,9900.0,10025.0,9900.0,9925.0,9083.62890625,85295300,BBCA.JK,0.9152270938287154
2024-11-20,10025.0,10150.0,10000.0,10075.0,9220.9140625,58584400,BBCA.JK,0.9152272022332506
2024-11-21,10000.0,10000.0,9850.0,9850.0,9059.9501953125,93181200,BBCA.JK,0.919791898001269
2024-11-22,9925.0,9950.0,9850.0,9850.0,9059.9501953125,58396100,BBCA.JK,0.919791898001269
2024-11-25,9950.0,10200.0,9900.0,10175.0,9358.8828125,165369400,BBCA.JK,0.9197919226044226
2024-11-26,10250.0,10250.0,10000.0,10000.0,9197.919921875,62310100,BBCA.JK,0.9197919921875
2024-11-28,9975.0,10075.0,9925.0,10000.0,9197.919921875,57443500,BBCA.JK,0.9197919921875
2024-11-29,10000.0,10100.0,9950.0,10000.0,9197.919921875,76886000,BBCA.JK,0.9197919921875
2024-12-02,10000.0,10050.0,9750.0,9750.0,8967.970703125,87879600,BBCA.JK,0.9197918669871795
2024-12-03,10025.0,10225.0,9900.0,10200.0,9381.8779296875,126087100,BBCA.JK,0.9197919538909314
2024-12-04,10175.0,10250.0,10050.0,10200.0,9381.8779296875,97876300,BBCA.JK,0.9197919538909314
2024-12-05,10250.0,10350.0,10225.0,10250.0,9427.8671875,96904400,BBCA.JK,0.9197919207317073
2024-12-06,10100.0,10175.0,10050.0,10075.0,9266.904296875,68247200,BBCA.JK,0.919791989764268
2024-12-09,10025.0,10350.0,10000.0,10350.0,9519.8466796875,64458400,BBCA.JK,0.9197919497282608
2024-12-10,10325.0,10350.0,10275.0,10350.0,9519.8466796875,61230400,BBCA.JK,0.9197919497282608
2024-12-11,10225.0,10425.0,10225.0,10425.0,9588.8310546875,37934300,BBCA.JK,0.9197919476918465
2024-12-12,10300.0,10375.0,10175.0,10175.0,9358.8828125,44780100,BBCA.JK,0.9197919226044226
2024-12-13,10125.0,10225.0,10025.0,10050.0,9243.908203125,75126400,BBCA.JK,0.9197918610074627
2024-12-16,10000.0,10125.0,10000.0,10100.0,9289.8984375,57746100,BBCA.JK,0.9197919245049505
2024-12-17,9950.0,10050.0,9900.0,9900.0,9105.9404296875,99845900,BBCA.JK,0.919791962594697
2024-12-18,9900.0,10025.0,9800.0,9800.0,9013.9619140625,84868500,BBCA.JK,0.9197920320471938
2024-12-19,9700.0,9775.0,9550.0,9675.0,8898.9873046875,104254100,BBCA.JK,0.9197919694767441
2024-12-20,9650.0,9750.0,9625.0,9650.0,8875.9912109375,91576900,BBCA.JK,0.9197918353303108
2024-12-23,9700.0,9850.0,9700.0,9775.0,8990.9658203125,43292100,BBCA.JK,0.9197918997762148
2024-12-24,9850.0,9900.0,9750.0,9750.0,8967.970703125,32415700,BBCA.JK,0.9197918669871795
2024-12-27,9800.0,9825.0,9725.0,9800.0,9013.9619140625,24016700,BBCA.JK,0.9197920320471938
2024-12-30,9800.0,9825.0,9675.0,9675.0,8898.9873046875,56350100,BBCA.JK,0.9197919694767441
2025-01-02,9650.0,9900.0,9650.0,9900.0,9105.9404296875,38124800,BBCA.JK,0.919791962594697
2025-01-03,9850.0,9925.0,9825.0,9850.0,9059.9501953125,41916000,BBCA.JK,0.919791898001269
2025-01-06,9850.0,9875.0,9650.0,9675.0,8898.9873046875,41593900,BBCA.JK,0.9197919694767441
2025-01-07,9675.0,9725.0,9525.0,9525.0,8761.0185546875,71318600,BBCA.JK,0.9197919742454068
2025-01-08,9675.0,9775.0,9575.0,9675.0,8898.9873046875,55943100,BBCA.JK,0.9197919694767441
2025-01-09,9750.0,9875.0,9725.0,9850.0,9059.9501953125,42733800,BBCA.JK,0.919791898001269
2025-01-10,9800.0,9925.0,9725.0,9725.0,8944.9765625,72531300,BBCA.JK,0.9197919344473008
2025-01-13,9625.0,9725.0,9625.0,9675.0,8898.9873046875,88270100,BBCA.JK,0.9197919694767441
2025-01-14,9600.0,9725.0,9525.0,9525.0,8761.0185546875,70942600,BBCA.JK,0.9197919742454068
2025-01-15,9575.0,9800.0,9550.0,9800.0,9013.9619140625,77098000,BBCA.JK,0.9197920320471938
2025-01-16,9850.0,9925.0,9750.0,9750.0,8967.970703125,76979000,BBCA.JK,0.9197918669871795
2025-01-17,9750.0,9900.0,9650.0,9900.0,9105.9404296875,71033100,BBCA.JK,0.919791962594697
2025-01-20,9850.0,9875.0,9625.0,9625.0,8852.9970703125,112111200,BBCA.JK,0.9197919034090909
2025-01-21,9600.0,9675.0,9550.0,9575.0,8807.0078125,124547900,BBCA.JK,0.9197919386422977
2025-01-22,9650.0,9675.0,9575.0,9600.0,8830.0029296875,90154800,BBCA.JK,0.9197919718424479
2025-01-23,9600.0,9750.0,9600.0,9600.0,8830.0029296875,120515400,BBCA.JK,0.9197919718424479
2025-01-24,9625.0,9650.0,9350.0,9350.0,8600.0537109375,152057000,BBCA.JK,0.9197918407419786
2025-01-30,9150.0,9275.0,9150.0,9150.0,8416.09765625,154645800,BBCA.JK,0.919792093579235
2025-01-31,9250.0,9500.0,9225.0,9450.0,8692.033203125,112982800,BBCA.JK,0.9197918733465609
2025-02-03,9400.0,9400.0,9225.0,9350.0,8600.0537109375,90439900,BBCA.JK,0.9197918407419786
2025-02-04,9350.0,9400.0,9175.0,9175.0,8439.0908203125,94607700,BBCA.JK,0.919791915020436
2025-02-05,9100.0,9175.0,9100.0,9125.0,8393.1015625,98229900,BBCA.JK,0.9197919520547945
2025-02-06,9075.0,9100.0,8850.0,8950.0,8232.138671875,171477800,BBCA.JK,0.919792030377095
2025-02-07,8950.0,9350.0,8825.0,9350.0,8600.0537109375,131162200,BBCA.JK,0.9197918407419786
2025-02-10,9025.0,9250.0,9025.0,9150.0,8416.09765625,76209100,BBCA.JK,0.919792093579235
2025-02-11,9025.0,9100.0,9000.0,9075.0,8347.111328125,71188300,BBCA.JK,0.9197918818870523
2025-02-12,8950.0,9150.0,8950.0,9150.0,8416.09765625,121172600,BBCA.JK,0.919792093579235
2025-02-13,9100.0,9150.0,9000.0,9000.0,8278.126953125,90439700,BBCA.JK,0.9197918836805555
2025-02-14,9000.0,9075.0,8950.0,8975.0,8255.1318359375,116274500,BBCA.JK,0.9197918480153203
2025-02-17,8975.0,9325.0,8975.0,9325.0,8577.0595703125,89096400,BBCA.JK,0.9197919110254692
2025-02-18,9325.0,9575.0,9250.0,9300.0,8554.0654296875,107318300,BBCA.JK,0.919791981686828
2025-02-19,9225.0,9250.0,8950.0,8950.0,8232.138671875,154438200,BBCA.JK,0.919792030377095
2025-02-20,8975.0,9025.0,8950.0,9000.0,8278.126953125,119260800,BBCA.JK,0.9197918836805555
2025-02-21,8950.0,9000.0,8925.0,9000.0,8278.126953125,106054700,BBCA.JK,0.9197918836805555
2025-02-24,8925.0,8975.0,8875.0,8925.0,8209.142578125,108530300,BBCA.JK,0.9197918855042017
2025-02-25,8900.0,9000.0,8825.0,8825.0,8117.1640625,101592700,BBCA.JK,0.9197919617563739
2025-02-26,8800.0,8900.0,8725.0,8775.0,8071.173828125,117843500,BBCA.JK,0.9197918892450142
2025-02-27,8800.0,8800.0,8500.0,8525.0,7841.2255859375,199991600,BBCA.JK,0.9197918575879765
2025-02-28,8525.0,8675.0,8425.0,8425.0,7749.24658203125,293095000,BBCA.JK,0.9197918791728487
2025-03-03,8600.0,8900.0,8550.0,8800.0,8094.1689453125,192944300,BBCA.JK,0.9197919256036932
2025-03-04,8900.0,8925.0,8675.0,8850.0,8140.158203125,125418500,BBCA.JK,0.919791887358757
2025-03-05,8825.0,9175.0,8825.0,9000.0,8278.126953125,155207900,BBCA.JK,0.9197918836805555
2025-03-06,9200.0,9200.0,8975.0,8975.0,8255.1318359375,96270100,BBCA.JK,0.9197918480153203
2025-03-07,9000.0,9000.0,8925.0,8925.0,8209.142578125,82295300,BBCA.JK,0.9197918855042017
2025-03-10,8750.0,8975.0,8725.0,8925.0,8209.142578125,97652100,BBCA.JK,0.9197918855042017
2025-03-11,8950.0,9050.0,8875.0,8925.0,8209.142578125,109295600,BBCA.JK,0.9197918855042017
2025-03-12,9025.0,9125.0,8975.0,9125.0,8393.1015625,87968900,BBCA.JK,0.9197919520547945
2025-03-13,9150.0,9175.0,8975.0,8975.0,8255.1318359375,83030700,BBCA.JK,0.9197918480153203
2025-03-14,8800.0,8925.0,8750.0,8750.0,8048.1796875,111397800,BBCA.JK,0.9197919642857143
2025-03-17,8750.0,8775.0,8550.0,8600.0,7910.21142578125,151365700,BBCA.JK,0.9197920262536338
2025-03-18,8500.0,8550.0,8075.0,8300.0,7634.27294921875,417305700,BBCA.JK,0.9197919215926205
2025-03-19,8300.0,8400.0,8225.0,8325.0,7657.267578125,214108200,BBCA.JK,0.9197919012762763
2025-03-20,8450.0,8475.0,8350.0,8375.0,7703.25732421875,152917300,BBCA.JK,0.9197919193097015
2025-03-21,8275.0,8275.0,7900.0,7900.0,7489.9365234375,377916400,BBCA.JK,0.9480932308148734
2025-03-24,7825.0,8100.0,7625.0,7950.0,7537.3408203125,331836800,BBCA.JK,0.9480931849449685
2025-03-25,8075.0,8150.0,8000.0,8050.0,7632.150390625,136341700,BBCA.JK,0.9480932162267081
2025-03-26,8300.0,8650.0,8275.0,8525.0,8082.494140625,283104600,BBCA.JK,0.9480931543255132
2025-03-27,8425.0,8575.0,8375.0,8500.0,8058.7919921875,122943900,BBCA.JK,0.9480931755514705
2025-04-08,7400.0,8000.0,7275.0,7775.0,7371.4248046875,533073600,BBCA.JK,0.9480932224678457
2025-04-09,7700.0,7950.0,7675.0,7925.0,7513.638671875,136753900,BBCA.JK,0.948093207807571
2025-04-10,8500.0,8650.0,8175.0,8225.0,7798.06689453125,144148600,BBCA.JK,0.9480932394566869
2025-04-11,8200.0,8325.0,8050.0,8275.0,7845.47119140625,82603000,BBCA.JK,0.9480931953361027
2025-04-14,8250.0,8400.0,8250.0,8400.0,7963.98291015625,83319300,BBCA.JK,0.9480932035900298
2025-04-15,8575.0,8600.0,8450.0,8575.0,8129.8994140625,83431800,BBCA.JK,0.9480932261297376
2025-04-16,8500.0,8550.0,8425.0,8475.0,8035.08935546875,76874900,BBCA.JK,0.948093139288348
2025-04-17,8450.0,8500.0,8350.0,8500.0,8058.7919921875,83540600,BBCA.JK,0.9480931755514705
2025-04-21,8500.0,8500.0,8300.0,8300.0,7869.17333984375,40683800,BBCA.JK,0.9480931734751507
2025-04-22,8325.0,8500.0,8325.0,8500.0,8058.7919921875,56537100,BBCA.JK,0.9480931755514705
2025-04-23,8550.0,8725.0,8550.0,8725.0,8272.11328125,92329600,BBCA.JK,0.9480932127507163
2025-04-24,8850.0,8850.0,8475.0,8475.0,8035.08935546875,143675300,BBCA.JK,0.948093139288348
2025-04-25,8650.0,8650.0,8575.0,8600.0,8153.6015625,58297000,BBCA.JK,0.9480932049418604
2025-04-28,8750.0,8775.0,8650.0,8775.0,8319.517578125,73235400,BBCA.JK,0.9480931712962963
2025-04-29,8800.0,8825.0,8700.0,8725.0,8272.11328125,60315700,BBCA.JK,0.9480932127507163
2025-04-30,8800.0,8925.0,8675.0,8825.0,8366.9228515625,164597500,BBCA.JK,0.9480932409702549
2025-05-02,9000.0,9000.0,8850.0,8975.0,8509.1357421875,92219000,BBCA.JK,0.9480931189066852
2025-05-05,9000.0,9050.0,8975.0,8975.0,8509.1357421875,86385600,BBCA.JK,0.9480931189066852
2025-05-06,9050.0,9050.0,8975.0,9025.0,8556.541015625,48860500,BBCA.JK,0.9480931873268698
2025-05-07,9075.0,9100.0,9000.0,9075.0,8603.9453125,77382000,BBCA.JK,0.9480931473829202
2025-05-08,9075.0,9200.0,8925.0,8975.0,8509.1357421875,99614500,BBCA.JK,0.9480931189066852
2025-05-09,9050.0,9050.0,8975.0,9000.0,8532.837890625,47167500,BBCA.JK,0.9480930989583334
2025-05-14,9250.0,9300.0,9150.0,9275.0,8793.5634765625,149002900,BBCA.JK,0.9480930972035041
2025-05-15,9275.0,9400.0,9250.0,9275.0,8793.5634765625,101401300,BBCA.JK,0.9480930972035041
2025-05-16,9300.0,9325.0,9225.0,9300.0,8817.265625,63007500,BBCA.JK,0.9480930779569893
2025-05-19,9275.0,9500.0,9250.0,9500.0,9006.8857421875,111597200,BBCA.JK,0.9480932360197368
2025-05-20,9500.0,9675.0,9475.0,9475.0,8983.18359375,160614800,BBCA.JK,0.9480932552770448
2025-05-21,9700.0,9725.0,9550.0,9700.0,9196.50390625,169739200,BBCA.JK,0.9480931862113402
2025-05-22,9800.0,9800.0,9650.0,9650.0,9149.0986328125,103113000,BBCA.JK,0.9480931225712436
2025-05-23,9675.0,9700.0,9625.0,9675.0,9172.80078125,48521800,BBCA.JK,0.948093104005168
2025-05-26,9600.0,9650.0,9500.0,9625.0,9125.3974609375,56625300,BBCA.JK,0.9480932426948052
2025-05-27,9550.0,9600.0,9450.0,9450.0,8959.48046875,93212000,BBCA.JK,0.9480931712962963
2025-05-28,9450.0,9550.0,9400.0,9400.0,8912.076171875,236950800,BBCA.JK,0.9480932097739362
2025-06-02,9025.0,9175.0,9025.0,9100.0,8627.6484375,264428700,BBCA.JK,0.9480932348901099
2025-06-03,9050.0,9125.0,8950.0,9050.0,8580.2431640625,128318100,BBCA.JK,0.9480931672997237
2025-06-04,9100.0,9125.0,8950.0,8975.0,8509.1357421875,93357200,BBCA.JK,0.9480931189066852
2025-06-05,9000.0,9050.0,8900.0,8925.0,8461.73046875,95529000,BBCA.JK,0.948093049719888
2025-06-10,8975.0,9100.0,8950.0,9100.0,8627.6484375,80406400,BBCA.JK,0.9480932348901099
2025-06-11,9100.0,9125.0,9050.0,9050.0,8580.2431640625,56632600,BBCA.JK,0.9480931672997237
2025-06-12,9000.0,9125.0,9000.0,9125.0,8651.3505859375,41337300,BBCA.JK,0.9480932148972603
2025-06-13,9100.0,9125.0,8975.0,9025.0,8556.541015625,83318000,BBCA.JK,0.9480931873268698
2025-06-16,8925.0,9000.0,8900.0,8925.0,8461.73046875,57825000,BBCA.JK,0.948093049719888
2025-06-17,8975.0,9100.0,8975.0,9075.0,8603.9453125,54927900,BBCA.JK,0.9480931473829202
2025-06-18,8950.0,9025.0,8900.0,8900.0,8438.029296875,86270200,BBCA.JK,0.9480931794241573
2025-06-19,8900.0,8925.0,8750.0,8775.0,8319.517578125,78879500,BBCA.JK,0.9480931712962963
2025-06-20,8700.0,8875.0,8625.0,8700.0,8248.4111328125,445915100,BBCA.JK,0.9480932336566092
2025-06-23,8575.0,8700.0,8500.0,8625.0,8177.30419921875,87324500,BBCA.JK,0.9480932404891305
2025-06-24,8725.0,8850.0,8700.0,8775.0,8319.517578125,110158900,BBCA.JK,0.9480931712962963
2025-06-25,8725.0,8775.0,8475.0,8600.0,8153.6015625,117561000,BBCA.JK,0.9480932049418604
2025-06-26,8525.0,8650.0,8525.0,8650.0,8201.005859375,117281700,BBCA.JK,0.948093162933526
2025-06-30,8575.0,8825.0,8550.0,8675.0,8224.7080078125,185441800,BBCA.JK,0.948093142110951
2025-07-01,8750.0,8775.0,8600.0,8700.0,8248.4111328125,82364500,BBCA.JK,0.9480932336566092
2025-07-02,8575.0,8675.0,8575.0,8675.0,8224.7080078125,68545100,BBCA.JK,0.948093142110951
2025-07-03,8700.0,8750.0,8600.0,8600.0,8153.6015625,50370800,BBCA.JK,0.9480932049418604
2025-07-04,8650.0,8700.0,8550.0,8650.0,8201.005859375,43593300,BBCA.JK,0.948093162933526
2025-07-07,8625.0,8650.0,8550.0,8625.0,8177.30419921875,49936900,BBCA.JK,0.9480932404891305
2025-07-08,8550.0,8600.0,8425.0,8500.0,8058.7919921875,215611000,BBCA.JK,0.9480931755514705
2025-07-09,8500.0,8550.0,8450.0,8500.0,8058.7919921875,94459300,BBCA.JK,0.9480931755514705
2025-07-10,8525.0,8650.0,8500.0,8600.0,8153.6015625,111769400,BBCA.JK,0.9480932049418604
2025-07-11,8575.0,8675.0,8575.0,8625.0,8177.30419921875,135986500,BBCA.JK,0.9480932404891305
2025-07-14,8650.0,8675.0,8450.0,8525.0,8082.494140625,125196000,BBCA.JK,0.9480931543255132
2025-07-15,8600.0,8600.0,8475.0,8550.0,8106.19677734375,77219300,BBCA.JK,0.9480931903326023
2025-07-16,8550.0,8600.0,8500.0,8525.0,8082.494140625,97475300,BBCA.JK,0.9480931543255132
2025-07-17,8500.0,8550.0,8500.0,8525.0,8082.494140625,86016400,BBCA.JK,0.9480931543255132
2025-07-18,8550.0,8575.0,8425.0,8425.0,7987.685546875,80432200,BBCA.JK,0.9480932399851631
2025-07-21,8450.0,8500.0,8375.0,8450.0,8011.38720703125,95383500,BBCA.JK,0.9480931605954142
2025-07-22,8450.0,8475.0,8400.0,8400.0,7963.98291015625,77981700,BBCA.JK,0.9480932035900298
2025-07-23,8450.0,8500.0,8400.0,8425.0,7987.685546875,70969500,BBCA.JK,0.9480932399851631
2025-07-24,8475.0,8550.0,8450.0,8500.0,8058.7919921875,138256800,BBCA.JK,0.9480931755514705
2025-07-25,8500.0,8525.0,8450.0,8450.0,8011.38720703125,58682800,BBCA.JK,0.9480931605954142
2025-07-28,8625.0,8625.0,8475.0,8500.0,8058.7919921875,99484300,BBCA.JK,0.9480931755514705
2025-07-29,8500.0,8500.0,8375.0,8400.0,7963.98291015625,104240300,BBCA.JK,0.9480932035900298
2025-07-30,8475.0,8475.0,8325.0,8375.0,7940.2802734375,98098100,BBCA.JK,0.9480931669776119
2025-07-31,8350.0,8375.0,8250.0,8275.0,7845.47119140625,206006300,BBCA.JK,0.9480931953361027
2025-08-01,8400.0,8425.0,8300.0,8300.0,7869.17333984375,86196100,BBCA.JK,0.9480931734751507
2025-08-04,8325.0,8350.0,8275.0,8275.0,7845.47119140625,49054500,BBCA.JK,0.9480931953361027
2025-08-05,8350.0,8450.0,8325.0,8425.0,7987.685546875,69475900,BBCA.JK,0.9480932399851631
2025-08-06,8425.0,8425.0,8300.0,8300.0,7869.17333984375,56325400,BBCA.JK,0.9480931734751507
2025-08-07,8325.0,8350.0,8300.0,8300.0,7869.17333984375,43621300,BBCA.JK,0.9480931734751507
2025-08-08,8325.0,8400.0,8300.0,8300.0,7869.17333984375,68378700,BBCA.JK,0.9480931734751507
2025-08-11,8500.0,8550.0,8425.0,8550.0,8106.19677734375,128561300,BBCA.JK,0.9480931903326023
2025-08-12,8625.0,8875.0,8575.0,8850.0,8390.625,171015700,BBCA.JK,0.948093220338983
2025-08-13,8975.0,8975.0,8725.0,8925.0,8461.73046875,129083900,BBCA.JK,0.948093049719888
2025-08-14,8925.0,8950.0,8750.0,8775.0,8319.517578125,122930900,BBCA.JK,0.9480931712962963
2025-08-15,8825.0,8850.0,8700.0,8700.0,8248.4111328125,68754200,BBCA.JK,0.9480932336566092
2025-08-19,8600.0,8600.0,8450.0,8500.0,8058.7919921875,128591700,BBCA.JK,0.9480931755514705
2025-08-20,8375.0,8600.0,8350.0,8525.0,8082.494140625,202260200,BBCA.JK,0.9480931543255132
2025-08-21,8550.0,8575.0,8500.0,8550.0,8106.19677734375,69470200,BBCA.JK,0.9480931903326023
2025-08-22,8575.0,8575.0,8450.0,8450.0,8011.38720703125,66394100,BBCA.JK,0.9480931605954142
2025-08-25,8525.0,8550.0,8475.0,8475.0,8035.08935546875,64052700,BBCA.JK,0.948093139288348
2025-08-26,8450.0,8475.0,8250.0,8250.0,7821.76904296875,326794200,BBCA.JK,0.9480932173295454
2025-08-27,8250.0,8350.0,8200.0,8300.0,7869.17333984375,111915700,BBCA.JK,0.9480931734751507
2025-08-28,8350.0,8375.0,8275.0,8325.0,7892.87548828125,81281400,BBCA.JK,0.9480931517454955
2025-08-29,8250.0,8275.0,8075.0,8075.0,7655.85302734375,236499300,BBCA.JK,0.9480932541602167
2025-09-01,7650.0,8050.0,7600.0,8000.0,7584.74560546875,421127500,BBCA.JK,0.9480932006835937
2025-09-02,8000.0,8175.0,8000.0,8000.0,7584.74560546875,155531500,BBCA.JK,0.9480932006835937
2025-09-03,7900.0,8000.0,7900.0,7975.0,7561.04296875,212372700,BBCA.JK,0.9480931622257053
2025-09-04,7975.0,8000.0,7925.0,8000.0,7584.74560546875,103534800,BBCA.JK,0.9480932006835937
2025-09-08,8025.0,8025.0,7700.0,7700.0,7300.31787109375,321191900,BBCA.JK,0.9480932300121753
2025-09-09,7625.0,7725.0,7475.0,7525.0,7134.4013671875,595368700,BBCA.JK,0.9480932049418604
2025-09-10,7550.0,7800.0,7550.0,7800.0,7395.126953125,246849600,BBCA.JK,0.9480931991185897
2025-09-11,7900.0,7975.0,7850.0,7850.0,7442.53173828125,235173400,BBCA.JK,0.9480932150676752
2025-09-12,7975.0,7975.0,7850.0,7925.0,7513.638671875,156084700,BBCA.JK,0.948093207807571
2025-09-15,8000.0,8100.0,7975.0,8025.0,7608.44775390625,142567700,BBCA.JK,0.9480931780568536
2025-09-16,8050.0,8075.0,7900.0,7925.0,7513.638671875,129312900,BBCA.JK,0.948093207807571
2025-09-17,7850.0,7900.0,7800.0,7850.0,7442.53173828125,183725900,BBCA.JK,0.9480932150676752
2025-09-18,7850.0,7900.0,7650.0,7700.0,7300.31787109375,275378700,BBCA.JK,0.9480932300121753
2025-09-19,7650.0,7825.0,7650.0,7800.0,7395.126953125,149025300,BBCA.JK,0.9480931991185897
2025-09-22,7800.0,7825.0,7725.0,7725.0,7324.01953125,92588800,BBCA.JK,0.9480931432038835
2025-09-23,7750.0,7900.0,7750.0,7875.0,7466.23388671875,102606200,BBCA.JK,0.9480931919642858
2025-09-24,7950.0,7950.0,7725.0,7775.0,7371.4248046875,150428400,BBCA.JK,0.9480932224678457
2025-09-25,7725.0,7775.0,7700.0,7700.0,7300.31787109375,147986600,BBCA.JK,0.9480932300121753
2025-09-26,7575.0,7700.0,7575.0,7625.0,7229.2109375,121657700,BBCA.JK,0.948093237704918
2025-09-29,7750.0,7800.0,7700.0,7775.0,7371.4248046875,116454700,BBCA.JK,0.9480932224678457
2025-09-30,7700.0,7775.0,7625.0,7625.0,7229.2109375,170666700,BBCA.JK,0.948093237704918
2025-10-01,7600.0,7675.0,7500.0,7500.0,7110.69873046875,202433400,BBCA.JK,0.9480931640625
2025-10-02,7500.0,7600.0,7500.0,7500.0,7110.69873046875,126952400,BBCA.JK,0.9480931640625
2025-10-03,7525.0,7550.0,7500.0,7525.0,7134.4013671875,76787500,BBCA.JK,0.9480932049418604
2025-10-06,7500.0,7550.0,7450.0,7500.0,7110.69873046875,104032400,BBCA.JK,0.9480931640625
2025-10-07,7550.0,7600.0,7500.0,7575.0,7181.8056640625,74282600,BBCA.JK,0.9480931569719472
2025-10-08,7500.0,7525.0,7375.0,7375.0,6992.18701171875,168080800,BBCA.JK,0.948093154131356
2025-10-09,7375.0,7700.0,7300.0,7550.0,7158.103515625,293567400,BBCA.JK,0.9480931808774834
2025-10-10,7450.0,7450.0,7350.0,7400.0,7015.8896484375,107426000,BBCA.JK,0.9480931957347973
2025-10-13,7300.0,7375.0,7300.0,7325.0,6944.78271484375,101847900,BBCA.JK,0.9480932033916383
2025-10-14,7275.0,7350.0,7250.0,7250.0,6873.67578125,151862300,BBCA.JK,0.9480932112068966
2025-10-15,7250.0,7350.0,7225.0,7250.0,6873.67578125,133206400,BBCA.JK,0.9480932112068966
2025-10-16,7250.0,7325.0,7225.0,7300.0,6921.080078125,120611200,BBCA.JK,0.9480931613869863
2025-10-17,7300.0,7525.0,7275.0,7500.0,7110.69873046875,157334400,BBCA.JK,0.9480931640625
2025-10-20,7700.0,8000.0,7625.0,7875.0,7466.23388671875,393421800,BBCA.JK,0.9480931919642858
2025-10-21,8100.0,8475.0,8100.0,8475.0,8035.08935546875,529802600,BBCA.JK,0.948093139288348
2025-10-22,8700.0,8700.0,8200.0,8200.0,7774.3642578125,392957200,BBCA.JK,0.9480932021722561
2025-10-23,8200.0,8350.0,8150.0,8325.0,7892.87548828125,187003900,BBCA.JK,0.9480931517454955
2025-10-24,8300.0,8375.0,8275.0,8275.0,7845.47119140625,133355100,BBCA.JK,0.9480931953361027
2025-10-27,8325.0,8425.0,8200.0,8350.0,7916.578125,182275600,BBCA.JK,0.9480931886227545
2025-10-28,8350.0,8400.0,8250.0,8275.0,7845.47119140625,180270000,BBCA.JK,0.9480931953361027
2025-10-29,8300.0,8600.0,8275.0,8600.0,8153.6015625,239156800,BBCA.JK,0.9480932049418604
2025-10-30,8575.0,8750.0,8475.0,8525.0,8082.494140625,259009800,BBCA.JK,0.9480931543255132
2025-10-31,8550.0,8650.0,8525.0,8525.0,8082.494140625,177088000,BBCA.JK,0.9480931543255132
2025-11-03,8650.0,8650.0,8525.0,8650.0,8201.005859375,115007100,BBCA.JK,0.948093162933526
2025-11-04,8650.0,8700.0,8625.0,8650.0,8201.005859375,155231500,BBCA.JK,0.948093162933526
2025-11-05,8625.0,8700.0,8600.0,8700.0,8248.4111328125,125731500,BBCA.JK,0.9480932336566092
2025-11-06,8625.0,8675.0,8550.0,8550.0,8106.19677734375,89756900,BBCA.JK,0.9480931903326023
2025-11-07,8550.0,8675.0,8550.0,8675.0,8224.7080078125,75241900,BBCA.JK,0.948093142110951
2025-11-10,8675.0,8675.0,8575.0,8575.0,8129.8994140625,79897700,BBCA.JK,0.9480932261297376
2025-11-11,8575.0,8600.0,8400.0,8400.0,7963.98291015625,130897600,BBCA.JK,0.9480932035900298
2025-11-12,8425.0,8550.0,8400.0,8500.0,8058.7919921875,85415600,BBCA.JK,0.9480931755514705
2025-11-13,8400.0,8475.0,8375.0,8375.0,7940.2802734375,104113800,BBCA.JK,0.9480931669776119
2025-11-14,8375.0,8500.0,8375.0,8425.0,7987.685546875,89815300,BBCA.JK,0.9480932399851631
2025-11-17,8500.0,8575.0,8475.0,8575.0,8129.8994140625,129411100,BBCA.JK,0.9480932261297376
2025-11-18,8550.0,8575.0,8400.0,8400.0,7963.98291015625,119377900,BBCA.JK,0.9480932035900298
2025-11-19,8350.0,8500.0,8325.0,8475.0,8035.08935546875,114209700,BBCA.JK,0.948093139288348
2025-11-20,8475.0,8600.0,8400.0,8425.0,7987.685546875,124087400,BBCA.JK,0.9480932399851631
2025-11-21,8375.0,8425.0,8350.0,8400.0,7963.98291015625,103917100,BBCA.JK,0.9480932035900298
2025-11-24,8400.0,8475.0,8350.0,8475.0,8035.08935546875,279590600,BBCA.JK,0.948093139288348
2025-11-25,8475.0,8500.0,8375.0,8500.0,8058.7919921875,98807700,BBCA.JK,0.9480931755514705
2025-11-26,8400.0,8450.0,8375.0,8425.0,7987.685546875,77094400,BBCA.JK,0.9480932399851631
2025-11-27,8425.0,8450.0,8325.0,8325.0,7892.87548828125,71051300,BBCA.JK,0.9480931517454955
2025-11-28,8325.0,8350.0,8275.0,8275.0,7845.47119140625,67559300,BBCA.JK,0.9480931953361027
2025-12-01,8450.0,8450.0,8350.0,8400.0,7963.98291015625,76359200,BBCA.JK,0.9480932035900298
2025-12-02,8350.0,8425.0,8350.0,8375.0,7940.2802734375,97044000,BBCA.JK,0.9480931669776119
2025-12-03,8350.0,8400.0,8300.0,8300.0,7921.193359375,103550900,BBCA.JK,0.9543606457078313
2025-12-04,8325.0,8350.0,8225.0,8225.0,7849.61669921875,71410400,BBCA.JK,0.9543606929141337
2025-12-05,8200.0,8300.0,8200.0,8300.0,7921.193359375,71162300,BBCA.JK,0.9543606457078313
2025-12-08,8350.0,8350.0,8250.0,8300.0,7921.193359375,61745200,BBCA.JK,0.9543606457078313
2025-12-09,8300.0,8300.0,8100.0,8100.0,7730.3212890625,113057200,BBCA.JK,0.954360652970679
2025-12-10,8100.0,8175.0,8025.0,8075.0,7706.46240234375,143418300,BBCA.JK,0.9543606690208978
2025-12-11,8175.0,8200.0,7900.0,8000.0,7634.88525390625,140766000,BBCA.JK,0.9543606567382813
2025-12-12,7900.0,8000.0,7850.0,8000.0,7634.88525390625,100006800,BBCA.JK,0.9543606567382813
2025-12-15,7925.0,8300.0,7925.0,8300.0,7921.193359375,143105700,BBCA.JK,0.9543606457078313
2025-12-16,8375.0,8375.0,8025.0,8075.0,7706.46240234375,122332000,BBCA.JK,0.9543606690208978
2025-12-17,8000.0,8125.0,7975.0,8025.0,7658.744140625,89802700,BBCA.JK,0.954360640576324
2025-12-18,8025.0,8250.0,8025.0,8175.0,7801.8984375,88497200,BBCA.JK,0.9543606651376146
2025-12-19,8200.0,8225.0,8050.0,8050.0,7682.603515625,131069800,BBCA.JK,0.9543606851708074
2025-12-22,8050.0,8175.0,8025.0,8175.0,7801.8984375,72424200,BBCA.JK,0.9543606651376146
2025-12-23,8100.0,8125.0,7975.0,8025.0,7658.744140625,85044100,BBCA.JK,0.954360640576324
2025-12-24,8025.0,8075.0,8000.0,8025.0,7658.744140625,71260500,BBCA.JK,0.954360640576324
2025-12-29,8025.0,8025.0,7950.0,8025.0,7658.744140625,78399400,BBCA.JK,0.954360640576324
2025-12-30,7950.0,8175.0,7950.0,8075.0,7706.46240234375,101995600,BBCA.JK,0.9543606690208978
2026-01-02,8075.0,8075.0,8000.0,8025.0,7658.744140625,68612400,BBCA.JK,0.954360640576324
2026-01-05,8000.0,8100.0,8000.0,8075.0,7706.46240234375,73408800,BBCA.JK,0.9543606690208978
2026-01-06,8175.0,8175.0,8075.0,8175.0,7801.8984375,97624300,BBCA.JK,0.9543606651376146
2026-01-07,8125.0,8175.0,8025.0,8150.0,7778.03955078125,93152500,BBCA.JK,0.954360681077454
2026-01-08,8100.0,8150.0,8050.0,8050.0,7682.603515625,79823700,BBCA.JK,0.9543606851708074
2026-01-09,8125.0,8175.0,8050.0,8125.0,7754.18017578125,79484700,BBCA.JK,0.9543606370192308
2026-01-12,8075.0,8100.0,8000.0,8025.0,7658.744140625,82935700,BBCA.JK,0.954360640576324
2026-01-13,8025.0,8075.0,8000.0,8075.0,7706.46240234375,80536300,BBCA.JK,0.9543606690208978
2026-01-14,8025.0,8050.0,7950.0,8000.0,7634.88525390625,105724300,BBCA.JK,0.9543606567382813
2026-01-15,8000.0,8175.0,7975.0,8075.0,7706.46240234375,151753100,BBCA.JK,0.9543606690208978
2026-01-19,8075.0,8125.0,7975.0,8125.0,7754.18017578125,172100000,BBCA.JK,0.9543606370192308
2026-01-20,8050.0,8125.0,8000.0,8000.0,7634.88525390625,82672500,BBCA.JK,0.9543606567382813
2026-01-21,7925.0,7950.0,7700.0,7700.0,7348.5771484375,301825600,BBCA.JK,0.9543606686282468
2026-01-22,7700.0,7775.0,7600.0,7650.0,7300.85888671875,268025900,BBCA.JK,0.9543606387867647
2026-01-23,7600.0,7675.0,7550.0,7650.0,7300.85888671875,202878600,BBCA.JK,0.9543606387867647
2026-01-26,7550.0,7675.0,7525.0,7650.0,7300.85888671875,213044100,BBCA.JK,0.9543606387867647
2026-01-27,7575.0,7625.0,7500.0,7500.0,7157.70458984375,259830900,BBCA.JK,0.9543606119791667
2026-01-28,7050.0,7400.0,6925.0,7025.0,6704.3837890625,1027287500,BBCA.JK,0.9543606817170819
2026-01-29,6675.0,7275.0,6375.0,7200.0,6871.39697265625,1432993400,BBCA.JK,0.9543606906467014
2026-01-30,7200.0,7600.0,7200.0,7400.0,7062.26904296875,528434900,BBCA.JK,0.9543606814822635
2026-02-02,7600.0,7600.0,7325.0,7600.0,7253.14111328125,326948700,BBCA.JK,0.9543606728001645
2026-02-03,7600.0,7650.0,7375.0,7650.0,7300.85888671875,206015400,BBCA.JK,0.9543606387867647
2026-02-04,7650.0,7825.0,7600.0,7800.0,7444.0126953125,193370800,BBCA.JK,0.954360601963141
2026-02-05,7800.0,7925.0,7800.0,7800.0,7444.0126953125,142332400,BBCA.JK,0.954360601963141
2026-02-06,7700.0,7775.0,7600.0,7675.0,7324.7177734375,176352600,BBCA.JK,0.954360621946254
2026-02-09,7675.0,7725.0,7450.0,7500.0,7157.70458984375,174758300,BBCA.JK,0.9543606119791667
2026-02-10,7500.0,7550.0,7450.0,7475.0,7133.84619140625,127704200,BBCA.JK,0.9543606945025084
2026-02-11,7475.0,7525.0,7400.0,7450.0,7109.98681640625,213505000,BBCA.JK,0.9543606464974832
2026-02-12,7450.0,7475.0,7300.0,7325.0,6990.69189453125,237465300,BBCA.JK,0.9543606681953924
2026-02-13,7325.0,7325.0,7200.0,7200.0,6871.39697265625,356015300,BBCA.JK,0.9543606906467014
2026-02-18,7225.0,7375.0,7225.0,7275.0,6942.97412109375,125301200,BBCA.JK,0.9543607039304124
2026-02-19,7325.0,7325.0,7175.0,7175.0,6847.53759765625,133463400,BBCA.JK,0.9543606407883275
2026-02-20,7175.0,7250.0,7150.0,7225.0,6895.25537109375,122959500,BBCA.JK,0.9543606049956748
2026-02-23,7300.0,7350.0,7275.0,7300.0,6966.83251953125,100443800,BBCA.JK,0.9543606191138698
2026-02-24,7275.0,7325.0,7225.0,7225.0,6895.25537109375,159225400,BBCA.JK,0.9543606049956748
2026-02-25,7275.0,7375.0,7250.0,7325.0,6990.69189453125,133278000,BBCA.JK,0.9543606681953924
2026-02-26,7350.0,7375.0,7200.0,7300.0,6966.83251953125,127811900,BBCA.JK,0.9543606191138698
2026-02-27,7200.0,7275.0,7175.0,7175.0,6847.53759765625,193104700,BBCA.JK,0.9543606407883275
2026-03-02,7075.0,7150.0,6975.0,7025.0,6704.3837890625,156182700,BBCA.JK,0.9543606817170819
2026-03-03,7075.0,7125.0,7025.0,7075.0,6752.1015625,103031100,BBCA.JK,0.9543606448763251
2026-03-04,7075.0,7075.0,6825.0,6875.0,6561.2294921875,216518700,BBCA.JK,0.9543606534090909
2026-03-05,6975.0,7125.0,6950.0,7100.0,6775.96044921875,110256300,BBCA.JK,0.9543606266505281
2026-03-06,7075.0,7100.0,7000.0,7000.0,6680.5244140625,102725700,BBCA.JK,0.9543606305803571
2026-03-09,6900.0,6950.0,6825.0,6875.0,6561.2294921875,150426400,BBCA.JK,0.9543606534090909
2026-03-10,6950.0,7050.0,6925.0,6975.0,6656.66552734375,129977900,BBCA.JK,0.9543606490815412
2026-03-11,6975.0,7000.0,6825.0,6825.0,6513.51171875,91723400,BBCA.JK,0.9543606913919414
2026-03-12,6825.0,7025.0,6825.0,6900.0,6585.0888671875,98787400,BBCA.JK,0.9543607053894928
2026-03-13,6850.0,7025.0,6850.0,6875.0,6561.2294921875,107940600,BBCA.JK,0.9543606534090909
2026-03-16,6850.0,6875.0,6700.0,6750.0,6441.9345703125,127757500,BBCA.JK,0.9543606770833334
2026-03-17,6750.0,6825.0,6750.0,6775.0,6465.79345703125,160903900,BBCA.JK,0.9543606578643912
2026-03-25,6675.0,6925.0,6675.0,6900.0,6585.0888671875,314281100,BBCA.JK,0.9543607053894928
2026-03-26,6900.0,6975.0,6850.0,6875.0,6561.2294921875,145934900,BBCA.JK,0.9543606534090909
2026-03-27,6775.0,6850.0,6700.0,6700.0,6394.21630859375,283556500,BBCA.JK,0.9543606430736941
2026-03-30,6400.0,6500.0,6350.0,6450.0,6425.0966796875,242278100,BBCA.JK,0.9961390201065892
2026-03-31,6450.0,6550.0,6450.0,6450.0,6425.0966796875,150657800,BBCA.JK,0.9961390201065892
2026-04-01,6550.0,6650.0,6500.0,6500.0,6474.9033203125,132798100,BBCA.JK,0.9961389723557692
2026-04-02,6550.0,6600.0,6500.0,6575.0,6549.61376953125,72725400,BBCA.JK,0.9961389763545627
2026-04-06,6600.0,6625.0,6450.0,6500.0,6474.9033203125,57914600,BBCA.JK,0.9961389723557692
2026-04-07,6500.0,6525.0,6450.0,6500.0,6474.9033203125,65168700,BBCA.JK,0.9961389723557692
2026-04-08,6650.0,6850.0,6625.0,6750.0,6723.93798828125,163594000,BBCA.JK,0.9961389612268519
2026-04-09,6775.0,6800.0,6450.0,6475.0,6450.0,182409800,BBCA.JK,0.9961389961389961
2026-04-10,6525.0,6700.0,6475.0,6700.0,6674.13134765625,167336100,BBCA.JK,0.9961390071128732
2026-04-13,6650.0,6700.0,6575.0,6575.0,6549.61376953125,81955300,BBCA.JK,0.9961389763545627
2026-04-14,6675.0,6800.0,6675.0,6750.0,6723.93798828125,105010900,BBCA.JK,0.9961389612268519
2026-04-15,6775.0,6800.0,6550.0,6550.0,6524.71044921875,104880600,BBCA.JK,0.9961389998807252
2026-04-16,6575.0,6650.0,6500.0,6525.0,6499.80712890625,122416100,BBCA.JK,0.9961390235871648
2026-04-17,6500.0,6550.0,6425.0,6425.0,6400.19287109375,156827000,BBCA.JK,0.9961389682636187
2026-04-20,6450.0,6575.0,6425.0,6475.0,6450.0,137435700,BBCA.JK,0.9961389961389961
2026-04-21,6475.0,6525.0,6425.0,6500.0,6474.9033203125,112151900,BBCA.JK,0.9961389723557692
2026-04-22,6475.0,6525.0,6450.0,6450.0,6425.0966796875,95673700,BBCA.JK,0.9961390201065892
2026-04-23,6450.0,6550.0,6425.0,6425.0,6400.19287109375,95913400,BBCA.JK,0.9961389682636187
2026-04-24,6400.0,6425.0,6050.0,6050.0,6026.64111328125,435004800,BBCA.JK,0.9961390269886363
2026-04-27,6025.0,6050.0,5950.0,5975.0,5951.9306640625,273263100,BBCA.JK,0.9961390232740586
2026-04-28,6025.0,6075.0,5950.0,6000.0,5976.833984375,174091200,BBCA.JK,0.9961389973958333
2026-04-29,6000.0,6050.0,5950.0,5975.0,5951.9306640625,176050900,BBCA.JK,0.9961390232740586
2026-04-30,5950.0,5975.0,5800.0,5850.0,5827.4130859375,303405400,BBCA.JK,0.9961389890491453
2026-05-04,5800.0,5950.0,5800.0,5900.0,5877.22021484375,207566700,BBCA.JK,0.9961390194650424
2026-05-05,5900.0,6075.0,5875.0,5950.0,5927.02685546875,179928300,BBCA.JK,0.9961389673056723
2026-05-06,5950.0,6000.0,5900.0,5950.0,5927.02685546875,90843100,BBCA.JK,0.9961389673056723
2026-05-07,6000.0,6325.0,6000.0,6225.0,6200.96533203125,238690900,BBCA.JK,0.9961390091616465
2026-05-08,6225.0,6425.0,6175.0,6175.0,6151.158203125,201784700,BBCA.JK,0.996138980263158
2026-05-11,6225.0,6275.0,6100.0,6150.0,6126.2548828125,126301300,BBCA.JK,0.9961390053353658
2026-05-12,6125.0,6150.0,6050.0,6125.0,6101.35107421875,107394400,BBCA.JK,0.9961389508928571
2026-05-13,6125.0,6200.0,6025.0,6100.0,6076.44775390625,147339600,BBCA.JK,0.996138976050205
2026-05-18,5950.0,6125.0,5900.0,6125.0,6101.35107421875,208748400,BBCA.JK,0.9961389508928571
2026-05-19,6050.0,6200.0,5950.0,5950.0,5927.02685546875,184830100,BBCA.JK,0.9961389673056723
2026-05-20,5975.0,6100.0,5875.0,5975.0,5951.9306640625,195107100,BBCA.JK,0.9961390232740586
2026-05-21,6000.0,6150.0,5925.0,5950.0,5927.02685546875,210976100,BBCA.JK,0.9961389673056723
2026-05-22,5900.0,5975.0,5825.0,5900.0,5877.22021484375,288919700,BBCA.JK,0.9961390194650424
2026-05-25,5950.0,6175.0,5925.0,6100.0,6076.44775390625,263179200,BBCA.JK,0.996138976050205
2026-05-26,6050.0,6100.0,5950.0,5975.0,5951.9306640625,225158700,BBCA.JK,0.9961390232740586
2026-05-29,5750.0,5875.0,5700.0,5700.0,5677.9921875,1014028000,BBCA.JK,0.996138980263158
2026-06-02,5750.0,5875.0,5700.0,5825.0,5802.509765625,346305200,BBCA.JK,0.9961390155579399
2026-06-03,5775.0,5825.0,5525.0,5525.0,5503.66796875,353332300,BBCA.JK,0.9961389988687783
2026-06-04,5475.0,5600.0,5300.0,5425.0,5404.05419921875,550059500,BBCA.JK,0.9961390228974655
2026-06-05,5325.0,5375.0,5075.0,5075.0,5055.4052734375,572612000,BBCA.JK,0.9961389701354679
2026-06-08,4950.0,5050.0,4850.0,4850.0,4831.27392578125,705093300,BBCA.JK,0.9961389537693299
2026-06-09,4850.0,5150.0,4820.0,5150.0,5130.11572265625,772898000,BBCA.JK,0.9961389752730583
2026-06-10,5175.0,5700.0,5175.0,5650.0,5628.18505859375,747366000,BBCA.JK,0.9961389484236726
2026-06-11,5650.0,5875.0,5550.0,5825.0,5802.509765625,543032300,BBCA.JK,0.9961390155579399
2026-06-12,6000.0,6100.0,5900.0,5925.0,5902.12353515625,415872300,BBCA.JK,0.9961389932753164
2026-06-15,6100.0,6425.0,6100.0,6275.0,6250.77197265625,480395000,BBCA.JK,0.9961389597858565
2026-06-17,6400.0,6550.0,6275.0,6275.0,6250.77197265625,467494300,BBCA.JK,0.9961389597858565
2026-06-18,6250.0,6275.0,6075.0,6075.0,6051.54443359375,232489300,BBCA.JK,0.9961390014146091
2026-06-19,6050.0,6300.0,6050.0,6300.0,6275.67578125,366595500,BBCA.JK,0.9961390128968254
2026-06-22,6400.0,6400.0,6125.0,6225.0,6200.96533203125,193401600,BBCA.JK,0.9961390091616465
2026-06-23,6150.0,6200.0,6075.0,6125.0,6101.35107421875,144561900,BBCA.JK,0.9961389508928571
2026-06-24,6125.0,6200.0,5925.0,5925.0,5902.12353515625,144928800,BBCA.JK,0.9961389932753164
2026-06-25,5900.0,6175.0,5900.0,6025.0,6001.7373046875,197935000,BBCA.JK,0.9961389717323651
2026-06-26,6050.0,6175.0,6025.0,6175.0,6151.158203125,163378700,BBCA.JK,0.996138980263158
2026-06-29,6175.0,6200.0,5925.0,5925.0,5902.12353515625,189886600,BBCA.JK,0.9961389932753164
2026-06-30,5775.0,5825.0,5550.0,5550.0,5528.5712890625,440738300,BBCA.JK,0.9961389710022522
2026-07-01,5550.0,5750.0,5550.0,5600.0,5578.37841796875,124123800,BBCA.JK,0.9961390032087054
2026-07-02,5650.0,5875.0,5625.0,5800.0,5777.60595703125,145119400,BBCA.JK,0.9961389581088362
2026-07-03,5925.0,6150.0,5900.0,6050.0,6026.64111328125,200465200,BBCA.JK,0.9961390269886363
2026-07-06,6050.0,6175.0,5975.0,6125.0,6101.35107421875,148684900,BBCA.JK,0.9961389508928571
2026-07-07,6200.0,6300.0,6150.0,6300.0,6275.67578125,183472100,BBCA.JK,0.9961390128968254
2026-07-08,6300.0,6325.0,6175.0,6175.0,6151.158203125,181123400,BBCA.JK,0.996138980263158
2026-07-09,6100.0,6200.0,6050.0,6200.0,6176.0615234375,181155800,BBCA.JK,0.9961389553931451
2026-07-10,6300.0,6300.0,6125.0,6175.0,6151.158203125,138050500,BBCA.JK,0.996138980263158
2026-07-13,6150.0,6250.0,6075.0,6225.0,6200.96533203125,180061600,BBCA.JK,0.9961390091616465
2026-07-14,6225.0,6250.0,6075.0,6125.0,6101.35107421875,159868800,BBCA.JK,0.9961389508928571
2026-07-15,6125.0,6200.0,6075.0,6125.0,6101.35107421875,140824900,BBCA.JK,0.9961389508928571
2026-07-16,6125.0,6225.0,6100.0,6225.0,6200.96533203125,94235100,BBCA.JK,0.9961390091616465
2026-07-17,6225.0,6500.0,6200.0,6475.0,6450.0,314564200,BBCA.JK,0.9961389961389961
2026-07-20,6525.0,6625.0,6475.0,6475.0,6450.0,298183300,BBCA.JK,0.9961389961389961
2026-07-21,6550.0,6550.0,6425.0,6525.0,6499.80712890625,146064700,BBCA.JK,0.9961390235871648
2026-07-22,6525.0,6550.0,6400.0,6500.0,6474.9033203125,112178900,BBCA.JK,0.9961389723557692
2026-07-23,6450.0,6475.0,6250.0,6275.0,6250.77197265625,207037900,BBCA.JK,0.9961389597858565
2026-07-24,6200.0,6300.0,6125.0,6275.0,6250.77197265625,191428900,BBCA.JK,0.9961389597858565
2026-07-27,6225.0,6325.0,6125.0,6300.0,6275.67578125,125142500,BBCA.JK,0.9961390128968254
2026-07-28,6250.0,6300.0,6200.0,6225.0,6200.96533203125,122920300,BBCA.JK,0.9961390091616465
2026-07-29,6175.0,6300.0,6175.0,6275.0,6250.77197265625,122379600,BBCA.JK,0.9961389597858565
2026-07-30,6325.0,6450.0,6250.0,6450.0,6425.0966796875,152663200,BBCA.JK,0.9961390201065892
2026-07-31,6425.0,6450.0,6325.0,6325.0,6300.5791015625,153174800,BBCA.JK,0.996138988389328
2026-08-03,6300.0,6325.0,6275.0,6300.0,6275.67578125,68143700,BBCA.JK,0.9961390128968254
2026-08-04,6375.0,6500.0,6350.0,6500.0,6474.9033203125,138953100,BBCA.JK,0.9961389723557692
2026-08-05,6500.0,6500.0,6425.0,6450.0,6425.0966796875,101666100,BBCA.JK,0.9961390201065892
2026-08-06,6450.0,6475.0,6350.0,6350.0,6325.482421875,80734000,BBCA.JK,0.9961389640748032
2026-08-07,6375.0,6450.0,6325.0,6375.0,6350.38623046875,111930800,BBCA.JK,0.9961390165441176
2026-08-10,6400.0,6450.0,6350.0,6375.0,6350.38623046875,88666100,BBCA.JK,0.9961390165441176
2026-08-11,6375.0,6400.0,6200.0,6300.0,6275.67578125,112490800,BBCA.JK,0.9961390128968254
2026-08-12,6300.0,6350.0,6225.0,6350.0,6325.482421875,87177100,BBCA.JK,0.9961389640748032
2026-08-13,6350.0,6375.0,6250.0,6375.0,6350.38623046875,83208000,BBCA.JK,0.9961390165441176
2026-08-14,6300.0,6350.0,6275.0,6350.0,6325.482421875,56953500,BBCA.JK,0.9961389640748032
2026-08-18,6375.0,6450.0,6300.0,6300.0,6275.67578125,114945500,BBCA.JK,0.9961390128968254
2026-08-19,6300.0,6425.0,6300.0,6300.0,6275.67578125,68105000,BBCA.JK,0.9961390128968254
2026-08-20,6350.0,6400.0,6300.0,6400.0,6375.28955078125,67749800,BBCA.JK,0.9961389923095703
2026-08-21,6400.0,6475.0,6400.0,6450.0,6425.0966796875,100684300,BBCA.JK,0.9961390201065892
2026-08-24,6450.0,6450.0,6350.0,6400.0,6375.28955078125,81295600,BBCA.JK,0.9961389923095703
2026-08-26,6450.0,6450.0,6350.0,6350.0,6325.482421875,86115900,BBCA.JK,0.9961389640748032
2026-08-27,6350.0,6425.0,6325.0,6400.0,6375.28955078125,60556000,BBCA.JK,0.9961389923095703
2026-08-28,6425.0,6525.0,6400.0,6475.0,6450.0,156445200,BBCA.JK,0.9961389961389961
2026-08-31,6450.0,6525.0,6400.0,6475.0,6475.0,230904500,BBCA.JK,1.0
2026-09-01,6450.0,6600.0,6425.0,6600.0,6600.0,117969900,BBCA.JK,1.0
2018-01-02,3354.487548828125,3381.759765625,3281.761474609375,3299.943115234375,2067.212890625,100241541,BBRI.JK,0.6264389471083893
2018-01-03,3299.943115234375,3299.943115234375,3236.3076171875,3281.761474609375,2055.82373046875,77164902,BBRI.JK,0.6264391078920362
2018-01-04,3281.761474609375,3281.761474609375,3145.400146484375,3227.217041015625,2021.654541015625,172049901,BBRI.JK,0.6264389767783941
2018-01-05,3227.217041015625,3263.580078125,3199.94482421875,3263.580078125,2044.4337158203125,95806814,BBRI.JK,0.6264389617780991
2018-01-08,3263.580078125,3263.580078125,3236.3076171875,3263.580078125,2044.4337158203125,60016046,BBRI.JK,0.6264389617780991
2018-01-09,3272.670654296875,3272.670654296875,3209.035400390625,3245.3984375,2033.0439453125,99669091,BBRI.JK,0.6264389363786708
2018-01-10,3254.4892578125,3263.580078125,3181.76318359375,3209.035400390625,2010.2650146484373,128052221,BBRI.JK,0.6264390272552726
2018-01-11,3218.126220703125,3218.126220703125,3163.581787109375,3218.126220703125,2015.9599609375,125818963,BBRI.JK,0.6264390588437003
2018-01-12,3227.217041015625,3254.4892578125,3181.76318359375,3218.126220703125,2015.9599609375,146792365,BBRI.JK,0.6264390588437003
2018-01-15,3218.126220703125,3245.3984375,3218.126220703125,3227.217041015625,2021.654541015625,95279025,BBRI.JK,0.6264389767783941
2018-01-16,3209.035400390625,3281.761474609375,3209.035400390625,3281.761474609375,2055.82373046875,101318790,BBRI.JK,0.6264391078920362
2018-01-17,3290.852294921875,3299.943115234375,3254.4892578125,3299.943115234375,2067.212890625,89613597,BBRI.JK,0.6264389471083893
2018-01-18,3299.943115234375,3318.12451171875,3263.580078125,3290.852294921875,2061.5185546875,87056383,BBRI.JK,0.6264391014657923
2018-01-19,3290.852294921875,3299.943115234375,3254.4892578125,3290.852294921875,2061.5185546875,87535331,BBRI.JK,0.6264391014657923
2018-01-22,3290.852294921875,3336.305908203125,3281.761474609375,3318.12451171875,2078.6025390625,128524019,BBRI.JK,0.6264389813346118
2018-01-23,3345.396728515625,3563.57470703125,3336.305908203125,3563.57470703125,2232.362060546875,186238386,BBRI.JK,0.6264389676305161
2018-01-24,3545.393310546875,3545.393310546875,3472.667236328125,3481.758056640625,2181.109375,165077211,BBRI.JK,0.626439097581767
2018-01-25,3509.0302734375,3509.0302734375,3381.759765625,3427.213623046875,2146.9404296875,155403974,BBRI.JK,0.6264390451911248
2018-01-26,3445.39501953125,3509.0302734375,3436.30419921875,3499.939453125,2192.49853515625,149193706,BBRI.JK,0.6264389897369876
2018-01-29,3499.939453125,3499.939453125,3418.122802734375,3454.48583984375,2164.02490234375,134887519,BBRI.JK,0.6264390715932507
2018-01-30,3454.48583984375,3454.48583984375,3372.6689453125,3381.759765625,2118.46630859375,197268607,BBRI.JK,0.6264390303910975
2018-01-31,3363.578369140625,3381.759765625,3299.943115234375,3363.578369140625,2107.076416015625,289533250,BBRI.JK,0.6264389244939671
2018-02-01,3390.8505859375,3418.122802734375,3363.578369140625,3363.578369140625,2107.076416015625,160147366,BBRI.JK,0.6264389244939671
2018-02-02,3399.941162109375,3409.031982421875,3372.6689453125,3399.941162109375,2129.856201171875,125526688,BBRI.JK,0.6264391351556449
2018-02-05,3318.12451171875,3445.39501953125,3318.12451171875,3436.30419921875,2152.635009765625,123946840,BBRI.JK,0.6264390126622172
2018-02-06,3354.487548828125,3381.759765625,3327.21533203125,3345.396728515625,2095.68701171875,286316245,BBRI.JK,0.626439009118246
2018-02-07,3372.6689453125,3409.031982421875,3363.578369140625,3363.578369140625,2107.076416015625,151721770,BBRI.JK,0.6264389244939671
2018-02-08,3345.396728515625,3390.8505859375,3345.396728515625,3381.759765625,2118.46630859375,122222231,BBRI.JK,0.6264390303910975
2018-02-09,3354.487548828125,3390.8505859375,3345.396728515625,3372.6689453125,2112.771484375,102455989,BBRI.JK,0.6264390364525498
2018-02-12,3363.578369140625,3454.48583984375,3363.578369140625,3454.48583984375,2164.02490234375,89670248,BBRI.JK,0.6264390715932507
2018-02-13,3463.576416015625,3536.302490234375,3463.576416015625,3527.2119140625,2209.583251953125,119062096,BBRI.JK,0.626439041880026
2018-02-14,3545.393310546875,3554.484130859375,3481.758056640625,3509.0302734375,2198.193603515625,74433005,BBRI.JK,0.6264390535913618
2018-02-15,3509.0302734375,3518.12109375,3472.667236328125,3490.848876953125,2186.803955078125,58183854,BBRI.JK,0.6264390216132204
2018-02-19,3499.939453125,3509.0302734375,3472.667236328125,3509.0302734375,2198.193603515625,69751104,BBRI.JK,0.6264390535913618
2018-02-20,3490.848876953125,3509.0302734375,3436.30419921875,3454.48583984375,2164.02490234375,100658888,BBRI.JK,0.6264390715932507
2018-02-21,3454.48583984375,3454.48583984375,3409.031982421875,3454.48583984375,2164.02490234375,120299507,BBRI.JK,0.6264390715932507
2018-02-22,3436.30419921875,3445.39501953125,3418.122802734375,3427.213623046875,2146.9404296875,114220142,BBRI.JK,0.6264390451911248
2018-02-23,3418.122802734375,3463.576416015625,3418.122802734375,3445.39501953125,2158.32958984375,118526277,BBRI.JK,0.6264389359155088
2018-02-26,3409.031982421875,3445.39501953125,3390.8505859375,3399.941162109375,2129.856201171875,107300693,BBRI.JK,0.6264391351556449
2018-02-27,3399.941162109375,3445.39501953125,3390.8505859375,3427.213623046875,2146.9404296875,84161903,BBRI.JK,0.6264390451911248
2018-02-28,3436.30419921875,3445.39501953125,3399.941162109375,3436.30419921875,2152.635009765625,138929979,BBRI.JK,0.6264390126622172
2018-03-01,3454.48583984375,3472.667236328125,3436.30419921875,3445.39501953125,2158.32958984375,118792591,BBRI.JK,0.6264389359155088
2018-03-02,3445.39501953125,3445.39501953125,3399.941162109375,3445.39501953125,2158.32958984375,68018134,BBRI.JK,0.6264389359155088
2018-03-05,3454.48583984375,3454.48583984375,3427.213623046875,3427.213623046875,2146.9404296875,60785289,BBRI.JK,0.6264390451911248
2018-03-06,3436.30419921875,3463.576416015625,3363.578369140625,3390.8505859375,2124.1611328125,100183130,BBRI.JK,0.6264390243621464
2018-03-07,3381.759765625,3390.8505859375,3318.12451171875,3327.21533203125,2084.297607421875,155776220,BBRI.JK,0.6264390487012516
2018-03-08,3390.8505859375,3427.213623046875,3354.487548828125,3427.213623046875,2146.9404296875,143707692,BBRI.JK,0.6264390451911248
2018-03-09,3381.759765625,3409.031982421875,3345.396728515625,3354.487548828125,2101.38232421875,109099004,BBRI.JK,0.6264391486421997
2018-03-12,3363.578369140625,3418.122802734375,3363.578369140625,3418.122802734375,2141.24560546875,158650900,BBRI.JK,0.6264390512113347
2018-03-13,3418.122802734375,3427.213623046875,3381.759765625,3418.122802734375,2141.24560546875,140515107,BBRI.JK,0.6264390512113347
2018-03-14,3409.031982421875,3409.031982421875,3363.578369140625,3409.031982421875,2135.55078125,64433502,BBRI.JK,0.6264390572636526
2018-03-15,3363.578369140625,3381.759765625,3309.03369140625,3309.03369140625,2072.907470703125,165019570,BBRI.JK,0.626438913597823
2018-03-16,3309.03369140625,3345.396728515625,3227.217041015625,3345.396728515625,2095.68701171875,249097762,BBRI.JK,0.626439009118246
2018-03-19,3354.487548828125,3381.759765625,3336.305908203125,3354.487548828125,2101.38232421875,99120072,BBRI.JK,0.6264391486421997
2018-03-20,3381.759765625,3399.941162109375,3327.21533203125,3399.941162109375,2129.856201171875,115814840,BBRI.JK,0.6264391351556449
2018-03-21,3409.031982421875,3472.667236328125,3399.941162109375,3463.576416015625,2169.7197265625,147523988,BBRI.JK,0.626439109739195
2018-03-22,3454.48583984375,3454.48583984375,3327.21533203125,3336.305908203125,2089.991943359375,159015446,BBRI.JK,0.6264389420108684
2018-03-23,3236.3076171875,3272.670654296875,3136.3095703125,3272.670654296875,2050.12890625,216369227,BBRI.JK,0.6264391143539817
2018-03-26,3254.4892578125,3281.761474609375,3218.126220703125,3272.670654296875,2050.12890625,98906118,BBRI.JK,0.6264391143539817
2018-03-27,3327.21533203125,3336.305908203125,3245.3984375,3272.670654296875,2050.12890625,112691006,BBRI.JK,0.6264391143539817
2018-03-28,3309.03369140625,3318.12451171875,3181.76318359375,3227.217041015625,2021.654541015625,108206998,BBRI.JK,0.6264389767783941
2018-03-29,3263.580078125,3272.670654296875,3199.94482421875,3272.670654296875,2050.12890625,143949036,BBRI.JK,0.6264391143539817
2018-04-02,3181.76318359375,3272.670654296875,3172.67236328125,3272.670654296875,2112.776611328125,76216686,BBRI.JK,0.6455817998533219
2018-04-03,3209.035400390625,3272.670654296875,3209.035400390625,3272.670654296875,2112.776611328125,50078034,BBRI.JK,0.6455817998533219
2018-04-04,3272.670654296875,3272.670654296875,3145.400146484375,3172.67236328125,2048.219482421875,97768588,BBRI.JK,0.6455817833971232
2018-04-05,3190.85400390625,3218.126220703125,3154.490966796875,3154.490966796875,2036.48193359375,88018240,BBRI.JK,0.645581792761204
2018-04-06,3154.490966796875,3172.67236328125,3136.3095703125,3163.581787109375,2042.3505859375,74313983,BBRI.JK,0.6455817245691109
2018-04-09,3209.035400390625,3209.035400390625,3163.581787109375,3209.035400390625,2071.694580078125,53455753,BBRI.JK,0.6455817158719859
2018-04-10,3218.126220703125,3299.943115234375,3209.035400390625,3254.4892578125,2101.038818359375,94237087,BBRI.JK,0.6455817340050417
2018-04-11,3318.12451171875,3336.305908203125,3299.943115234375,3318.12451171875,2142.1201171875,96474306,BBRI.JK,0.6455815957544965
2018-04-12,3336.305908203125,3336.305908203125,3245.3984375,3263.580078125,2106.907470703125,68189737,BBRI.JK,0.6455816680660676
2018-04-13,3309.03369140625,3318.12451171875,3227.217041015625,3227.217041015625,2083.432373046875,64579915,BBRI.JK,0.645581733911273
2018-04-18,3309.03369140625,3327.21533203125,3290.852294921875,3327.21533203125,2147.989501953125,74694590,BBRI.JK,0.645581751584977
2018-04-23,3299.943115234375,3309.03369140625,3254.4892578125,3254.4892578125,2101.038818359375,96494986,BBRI.JK,0.6455817340050417
2018-04-24,3245.3984375,3254.4892578125,3163.581787109375,3172.67236328125,2048.219482421875,111607927,BBRI.JK,0.6455817833971232
2018-04-30,2899.949951171875,2981.7666015625,2872.677734375,2927.22216796875,1889.76123046875,143226213,BBRI.JK,0.6455817570485564
2018-05-02,2936.31298828125,2945.403564453125,2899.949951171875,2936.31298828125,1895.6298828125,130874320,BBRI.JK,0.645581683689004
2018-05-03,2909.040771484375,2909.040771484375,2854.49609375,2863.5869140625,1848.6793212890625,159331482,BBRI.JK,0.6455817046133888
2018-05-04,2863.5869140625,2881.768310546875,2736.31640625,2754.497802734375,1778.253662109375,200761167,BBRI.JK,0.6455818045467716
2018-05-07,2799.95166015625,2818.133056640625,2718.134765625,2772.679443359375,1789.9908447265625,202507337,BBRI.JK,0.64558160483125
2018-05-08,2809.04248046875,2809.04248046875,2745.4072265625,2790.86083984375,1801.7288818359373,121509198,BBRI.JK,0.6455817703676008
2018-05-09,2836.314697265625,2936.31298828125,2790.86083984375,2918.13134765625,1883.892333984375,203973553,BBRI.JK,0.6455817472018377
2018-05-11,2963.585205078125,2999.9482421875,2872.677734375,2872.677734375,1854.548583984375,177597297,BBRI.JK,0.6455818422625341
2018-05-14,2863.5869140625,2899.949951171875,2818.133056640625,2899.949951171875,1872.1549072265625,105848998,BBRI.JK,0.6455817992548532
2018-05-15,2927.22216796875,2927.22216796875,2781.77001953125,2790.86083984375,1801.7288818359373,118834392,BBRI.JK,0.6455817703676008
2018-05-16,2736.31640625,2790.86083984375,2681.77197265625,2790.86083984375,1801.7288818359373,328823179,BBRI.JK,0.6455817703676008
2018-05-17,2790.86083984375,2818.133056640625,2718.134765625,2718.134765625,1754.778076171875,190119473,BBRI.JK,0.6455817049116718
2018-05-18,2727.2255859375,2763.588623046875,2654.49951171875,2672.68115234375,1725.4342041015625,236572616,BBRI.JK,0.6455817606931826
2018-05-21,2636.318115234375,2654.49951171875,2499.956787109375,2509.047607421875,1619.7952880859375,569723380,BBRI.JK,0.6455817272237125
2018-05-22,2518.138427734375,2581.773681640625,2472.6845703125,2472.6845703125,1596.31982421875,365772377,BBRI.JK,0.6455816659287867
2018-05-23,2527.22900390625,2654.49951171875,2518.138427734375,2618.136474609375,1690.2208251953125,450918248,BBRI.JK,0.6455816347188291
2018-05-24,2663.59033203125,2790.86083984375,2654.49951171875,2781.77001953125,1795.85986328125,277046605,BBRI.JK,0.6455817161994817
2018-05-25,2809.04248046875,2845.405517578125,2745.4072265625,2836.314697265625,1831.0728759765625,211478322,BBRI.JK,0.6455817042240852
2018-05-28,2845.405517578125,2990.857421875,2836.314697265625,2954.494384765625,1907.367431640625,204653144,BBRI.JK,0.6455816743046318
2018-05-30,2954.494384765625,2981.7666015625,2854.49609375,2854.49609375,1842.810546875,336856508,BBRI.JK,0.6455817371443898
2018-05-31,2881.768310546875,2899.949951171875,2790.86083984375,2799.95166015625,1807.59765625,343554524,BBRI.JK,0.6455817369893907
2018-06-04,2863.5869140625,2881.768310546875,2818.133056640625,2845.405517578125,1836.9417724609373,233134066,BBRI.JK,0.645581714491246
2018-06-05,2863.5869140625,2872.677734375,2809.04248046875,2827.223876953125,1825.2039794921875,149580143,BBRI.JK,0.645581693890897
2018-06-06,2836.314697265625,2872.677734375,2809.04248046875,2863.5869140625,1848.6793212890625,109462340,BBRI.JK,0.6455817046133888
2018-06-07,2890.859130859375,2972.676025390625,2872.677734375,2972.676025390625,1919.10546875,202124311,BBRI.JK,0.645581776271035
2018-06-08,2918.13134765625,2954.494384765625,2827.223876953125,2854.49609375,1842.810546875,289274526,BBRI.JK,0.6455817371443898
2018-06-20,2745.4072265625,2754.497802734375,2681.77197265625,2690.862548828125,1737.1715087890625,391042344,BBRI.JK,0.6455816591395958
2018-06-21,2681.77197265625,2718.134765625,2645.408935546875,2645.408935546875,1707.82763671875,149165766,BBRI.JK,0.6455817147097137
2018-06-22,2636.318115234375,2709.044189453125,2609.0458984375,2709.044189453125,1748.9091796875,232759070,BBRI.JK,0.6455816359498191
2018-06-25,2709.044189453125,2727.2255859375,2609.0458984375,2627.227294921875,1696.0899658203125,157345947,BBRI.JK,0.6455817390062357
2018-06-26,2554.501220703125,2645.408935546875,2554.501220703125,2563.592041015625,1655.008056640625,204397610,BBRI.JK,0.6455816799871777
2018-06-27,2618.136474609375,2618.136474609375,2572.682861328125,2581.773681640625,1666.745849609375,146981678,BBRI.JK,0.645581702788998
2018-06-28,2563.592041015625,2590.8642578125,2490.865966796875,2499.956787109375,1613.9261474609375,217214701,BBRI.JK,0.6455816179635137
2018-06-29,2545.41064453125,2636.318115234375,2527.22900390625,2581.773681640625,1666.745849609375,238570030,BBRI.JK,0.645581702788998
2018-07-02,2627.227294921875,2645.408935546875,2563.592041015625,2590.8642578125,1672.6143798828125,166470935,BBRI.JK,0.6455816335569129
2018-07-03,2590.8642578125,2599.955078125,2518.138427734375,2572.682861328125,1660.8768310546875,97720407,BBRI.JK,0.6455816439797303
2018-07-04,2572.682861328125,2681.77197265625,2536.31982421875,2663.59033203125,1719.5650634765625,141800039,BBRI.JK,0.6455816582594459
2018-07-05,2627.227294921875,2654.49951171875,2599.955078125,2645.408935546875,1707.82763671875,69844936,BBRI.JK,0.6455817147097137
2018-07-06,2645.408935546875,2645.408935546875,2581.773681640625,2581.773681640625,1666.745849609375,84006801,BBRI.JK,0.645581702788998
2018-07-09,2599.955078125,2754.497802734375,2599.955078125,2736.31640625,1766.515869140625,140680769,BBRI.JK,0.6455817262600696
2018-07-10,2763.588623046875,2799.95166015625,2709.044189453125,2772.679443359375,1789.9908447265625,144808151,BBRI.JK,0.64558160483125
2018-07-11,2727.2255859375,2727.2255859375,2681.77197265625,2718.134765625,1754.778076171875,146347957,BBRI.JK,0.6455817049116718
2018-07-12,2690.862548828125,2727.2255859375,2681.77197265625,2699.953369140625,1743.0408935546875,100852711,BBRI.JK,0.6455818509597018
2018-07-13,2690.862548828125,2754.497802734375,2690.862548828125,2699.953369140625,1743.0408935546875,112109646,BBRI.JK,0.6455818509597018
2018-07-16,2727.2255859375,2736.31640625,2627.227294921875,2699.953369140625,1743.0408935546875,95277155,BBRI.JK,0.6455818509597018
2018-07-17,2663.59033203125,2672.68115234375,2599.955078125,2609.0458984375,1684.3525390625,150798524,BBRI.JK,0.6455817968059594
2018-07-18,2609.0458984375,2636.318115234375,2590.8642578125,2590.8642578125,1672.6143798828125,125471907,BBRI.JK,0.6455816335569129
2018-07-19,2636.318115234375,2690.862548828125,2609.0458984375,2627.227294921875,1696.0899658203125,156549643,BBRI.JK,0.6455817390062357
2018-07-20,2627.227294921875,2709.044189453125,2609.0458984375,2709.044189453125,1748.9091796875,79807478,BBRI.JK,0.6455816359498191
2018-07-23,2727.2255859375,2772.679443359375,2718.134765625,2763.588623046875,1784.122314453125,97874520,BBRI.JK,0.6455817264459999
2018-07-24,2781.77001953125,2790.86083984375,2736.31640625,2736.31640625,1766.515869140625,80259146,BBRI.JK,0.6455817262600696
2018-07-25,2709.044189453125,2745.4072265625,2681.77197265625,2718.134765625,1754.778076171875,79152417,BBRI.JK,0.6455817049116718
2018-07-26,2772.679443359375,2790.86083984375,2754.497802734375,2763.588623046875,1784.122314453125,93167319,BBRI.JK,0.6455817264459999
2018-07-27,2781.77001953125,2809.04248046875,2745.4072265625,2809.04248046875,1813.466552734375,60176759,BBRI.JK,0.6455817472834225
2018-07-30,2818.133056640625,2827.223876953125,2790.86083984375,2799.95166015625,1807.59765625,73543200,BBRI.JK,0.6455817369893907
2018-07-31,2799.95166015625,2799.95166015625,2727.2255859375,2790.86083984375,1801.7288818359373,118206281,BBRI.JK,0.6455817703676008
2018-08-01,2790.86083984375,2909.040771484375,2772.679443359375,2899.949951171875,1872.1549072265625,161810924,BBRI.JK,0.6455817992548532
2018-08-02,2909.040771484375,2963.585205078125,2899.949951171875,2954.494384765625,1907.367431640625,174250489,BBRI.JK,0.6455816743046318
2018-08-03,2972.676025390625,3045.40185546875,2936.31298828125,3027.220458984375,1954.3179931640625,110650581,BBRI.JK,0.6455816547367453
2018-08-06,3045.40185546875,3109.037109375,3036.311279296875,3099.946533203125,2001.268798828125,157644712,BBRI.JK,0.6455817148433995
2018-08-07,3045.40185546875,3090.855712890625,3027.220458984375,3045.40185546875,1966.055908203125,98346098,BBRI.JK,0.6455817660557998
2018-08-08,3090.855712890625,3090.855712890625,3009.038818359375,3027.220458984375,1954.3179931640625,99782943,BBRI.JK,0.6455816547367453
2018-08-09,3027.220458984375,3045.40185546875,2999.9482421875,3027.220458984375,1954.3179931640625,76621053,BBRI.JK,0.6455816547367453
2018-08-10,3045.40185546875,3154.490966796875,3045.40185546875,3081.764892578125,1989.53125,127559853,BBRI.JK,0.6455817751676733
2018-08-13,2999.9482421875,3018.129638671875,2845.405517578125,2854.49609375,1842.810546875,197264867,BBRI.JK,0.6455817371443898
2018-08-14,2809.04248046875,2863.5869140625,2763.588623046875,2845.405517578125,1836.9417724609373,170317811,BBRI.JK,0.645581714491246
2018-08-15,2863.5869140625,2927.22216796875,2745.4072265625,2918.13134765625,1883.892333984375,152206658,BBRI.JK,0.6455817472018377
2018-08-16,2890.859130859375,2890.859130859375,2772.679443359375,2772.679443359375,1789.9908447265625,180034939,BBRI.JK,0.64558160483125
2018-08-20,2799.95166015625,2899.949951171875,2799.95166015625,2890.859130859375,1866.28564453125,111516626,BBRI.JK,0.6455816627690375
2018-08-21,2845.405517578125,2890.859130859375,2836.314697265625,2863.5869140625,1848.6793212890625,65465430,BBRI.JK,0.6455817046133888
2018-08-23,2890.859130859375,2972.676025390625,2845.405517578125,2972.676025390625,1919.10546875,171421680,BBRI.JK,0.645581776271035
2018-08-24,2972.676025390625,2990.857421875,2936.31298828125,2972.676025390625,1919.10546875,106494709,BBRI.JK,0.645581776271035
2018-08-27,3018.129638671875,3072.67431640625,2990.857421875,3072.67431640625,1983.662109375,123606274,BBRI.JK,0.6455816351194222
2018-08-28,3027.220458984375,3072.67431640625,2999.9482421875,3027.220458984375,1954.3179931640625,109603913,BBRI.JK,0.6455816547367453
2018-08-29,2963.585205078125,2999.9482421875,2954.494384765625,2990.857421875,1930.843017578125,87007762,BBRI.JK,0.6455817664379532
2018-08-30,2990.857421875,3009.038818359375,2899.949951171875,2899.949951171875,1872.1549072265625,91898887,BBRI.JK,0.6455817992548532
2018-08-31,2890.859130859375,2890.859130859375,2827.223876953125,2890.859130859375,1866.28564453125,156934320,BBRI.JK,0.6455816627690375
2018-09-03,2890.859130859375,2927.22216796875,2872.677734375,2881.768310546875,1860.416748046875,70837593,BBRI.JK,0.6455816525006559
2018-09-04,2909.040771484375,2909.040771484375,2809.04248046875,2827.223876953125,1825.2039794921875,83758086,BBRI.JK,0.645581693890897
2018-09-05,2790.86083984375,2790.86083984375,2636.318115234375,2663.59033203125,1719.5650634765625,233835878,BBRI.JK,0.6455816582594459
2018-09-06,2645.408935546875,2718.134765625,2645.408935546875,2690.862548828125,1737.1715087890625,226602703,BBRI.JK,0.6455816591395958
2018-09-07,2709.044189453125,2754.497802734375,2690.862548828125,2754.497802734375,1778.253662109375,155714509,BBRI.JK,0.6455818045467716
2018-09-10,2754.497802734375,2754.497802734375,2690.862548828125,2699.953369140625,1743.0408935546875,95204004,BBRI.JK,0.6455818509597018
2018-09-12,2709.044189453125,2736.31640625,2645.408935546875,2645.408935546875,1707.82763671875,129887933,BBRI.JK,0.6455817147097137
2018-09-13,2690.862548828125,2736.31640625,2690.862548828125,2727.2255859375,1760.647216796875,138077684,BBRI.JK,0.6455818051412282
2018-09-14,2754.497802734375,2790.86083984375,2727.2255859375,2790.86083984375,1801.7288818359373,115639387,BBRI.JK,0.6455817703676008
2018-09-17,2781.77001953125,2781.77001953125,2681.77197265625,2699.953369140625,1743.0408935546875,100504005,BBRI.JK,0.6455818509597018
2018-09-18,2699.953369140625,2709.044189453125,2654.49951171875,2672.68115234375,1725.4342041015625,152222609,BBRI.JK,0.6455817606931826
2018-09-19,2699.953369140625,2745.4072265625,2699.953369140625,2727.2255859375,1760.647216796875,115947612,BBRI.JK,0.6455818051412282
2018-09-20,2772.679443359375,2836.314697265625,2745.4072265625,2809.04248046875,1813.466552734375,170051827,BBRI.JK,0.6455817472834225
2018-09-21,2863.5869140625,2899.949951171875,2836.314697265625,2836.314697265625,1831.0728759765625,223538491,BBRI.JK,0.6455817042240852
2018-09-24,2836.314697265625,2836.314697265625,2727.2255859375,2736.31640625,1766.515869140625,104783739,BBRI.JK,0.6455817262600696
2018-09-25,2736.31640625,2754.497802734375,2709.044189453125,2754.497802734375,1778.253662109375,121129032,BBRI.JK,0.6455818045467716
2018-09-26,2754.497802734375,2781.77001953125,2718.134765625,2718.134765625,1754.778076171875,73480719,BBRI.JK,0.6455817049116718
2018-09-27,2727.2255859375,2799.95166015625,2727.2255859375,2790.86083984375,1801.7288818359373,135712644,BBRI.JK,0.6455817703676008
2018-09-28,2809.04248046875,2881.768310546875,2799.95166015625,2863.5869140625,1848.6793212890625,170043797,BBRI.JK,0.6455817046133888
2018-10-01,2863.5869140625,2899.949951171875,2863.5869140625,2890.859130859375,1866.28564453125,100581667,BBRI.JK,0.6455816627690375
2018-10-02,2863.5869140625,2890.859130859375,2799.95166015625,2827.223876953125,1825.2039794921875,145599614,BBRI.JK,0.645581693890897
2018-10-03,2863.5869140625,2863.5869140625,2799.95166015625,2818.133056640625,1819.335205078125,77064031,BBRI.JK,0.6455817268070643
2018-10-04,2781.77001953125,2781.77001953125,2709.044189453125,2727.2255859375,1760.647216796875,161892546,BBRI.JK,0.6455818051412282
2018-10-05,2727.2255859375,2763.588623046875,2690.862548828125,2709.044189453125,1748.9091796875,160008103,BBRI.JK,0.6455816359498191
2018-10-08,2699.953369140625,2736.31640625,2690.862548828125,2699.953369140625,1743.0408935546875,71328312,BBRI.JK,0.6455818509597018
2018-10-09,2699.953369140625,2754.497802734375,2699.953369140625,2745.4072265625,1772.385009765625,56325372,BBRI.JK,0.6455818257551585
2018-10-10,2754.497802734375,2763.588623046875,2736.31640625,2736.31640625,1766.515869140625,67385623,BBRI.JK,0.6455817262600696
2018-10-11,2663.59033203125,2681.77197265625,2609.0458984375,2645.408935546875,1707.82763671875,193058944,BBRI.JK,0.6455817147097137
2018-10-12,2663.59033203125,2718.134765625,2654.49951171875,2681.77197265625,1731.3028564453125,130162058,BBRI.JK,0.6455816803583364
2018-10-15,2690.862548828125,2754.497802734375,2690.862548828125,2727.2255859375,1760.647216796875,94319479,BBRI.JK,0.6455818051412282
2018-10-16,2727.2255859375,2745.4072265625,2690.862548828125,2727.2255859375,1760.647216796875,71567346,BBRI.JK,0.6455818051412282
2018-10-17,2781.77001953125,2799.95166015625,2754.497802734375,2790.86083984375,1801.7288818359373,88091831,BBRI.JK,0.6455817703676008
2018-10-18,2790.86083984375,2818.133056640625,2772.679443359375,2809.04248046875,1813.466552734375,71647977,BBRI.JK,0.6455817472834225
2018-10-19,2790.86083984375,2809.04248046875,2745.4072265625,2745.4072265625,1772.385009765625,89090208,BBRI.JK,0.6455818257551585
2018-10-22,2736.31640625,2799.95166015625,2736.31640625,2772.679443359375,1789.9908447265625,53687637,BBRI.JK,0.64558160483125
2018-10-23,2763.588623046875,2790.86083984375,2736.31640625,2745.4072265625,1772.385009765625,64410732,BBRI.JK,0.6455818257551585
2018-10-24,2727.2255859375,2763.588623046875,2681.77197265625,2681.77197265625,1731.3028564453125,93019806,BBRI.JK,0.6455816803583364
2018-10-25,2645.408935546875,2727.2255859375,2645.408935546875,2727.2255859375,1760.647216796875,144333712,BBRI.JK,0.6455818051412282
2018-10-26,2727.2255859375,2745.4072265625,2709.044189453125,2718.134765625,1754.778076171875,72852718,BBRI.JK,0.6455817049116718
2018-10-29,2727.2255859375,2745.4072265625,2681.77197265625,2681.77197265625,1731.3028564453125,56418764,BBRI.JK,0.6455816803583364
2018-10-30,2690.862548828125,2754.497802734375,2681.77197265625,2754.497802734375,1778.253662109375,79624985,BBRI.JK,0.6455818045467716
2018-10-31,2772.679443359375,2863.5869140625,2754.497802734375,2863.5869140625,1848.6793212890625,240391992,BBRI.JK,0.6455817046133888
2018-11-01,2899.949951171875,2954.494384765625,2872.677734375,2909.040771484375,1878.0233154296875,216901746,BBRI.JK,0.645581641150874
2018-11-02,2945.403564453125,2990.857421875,2899.949951171875,2981.7666015625,1924.9737548828125,184006228,BBRI.JK,0.6455816340132361
2018-11-05,2963.585205078125,2981.7666015625,2927.22216796875,2972.676025390625,1919.10546875,87555902,BBRI.JK,0.645581776271035
2018-11-06,2981.7666015625,3027.220458984375,2963.585205078125,3027.220458984375,1954.3179931640625,153414589,BBRI.JK,0.6455816547367453
2018-11-07,3036.311279296875,3063.58349609375,3009.038818359375,3063.58349609375,1977.7933349609373,178995971,BBRI.JK,0.6455816652239904
2018-11-08,3090.855712890625,3172.67236328125,3081.764892578125,3136.3095703125,2024.743896484375,220276054,BBRI.JK,0.6455816465472924
2018-11-09,3118.1279296875,3118.1279296875,3027.220458984375,3036.311279296875,1960.187255859375,126597116,BBRI.JK,0.6455817851170055
2018-11-12,3018.129638671875,3054.49267578125,2981.7666015625,2981.7666015625,1924.9737548828125,84809154,BBRI.JK,0.6455816340132361
2018-11-13,2981.7666015625,3054.49267578125,2936.31298828125,3045.40185546875,1966.055908203125,112074555,BBRI.JK,0.6455817660557998
2018-11-14,3045.40185546875,3109.037109375,3045.40185546875,3045.40185546875,1966.055908203125,125174682,BBRI.JK,0.6455817660557998
2018-11-15,3063.58349609375,3109.037109375,3027.220458984375,3099.946533203125,2001.268798828125,117577840,BBRI.JK,0.6455817148433995
2018-11-16,3118.1279296875,3227.217041015625,3109.037109375,3172.67236328125,2048.219482421875,191148871,BBRI.JK,0.6455817833971232
2018-11-19,3218.126220703125,3218.126220703125,3136.3095703125,3199.94482421875,2065.825439453125,86540804,BBRI.JK,0.6455815812253843
2018-11-21,3109.037109375,3154.490966796875,3045.40185546875,3118.1279296875,2013.0064697265625,151878633,BBRI.JK,0.6455817449184347
2018-11-22,3118.1279296875,3227.217041015625,3118.1279296875,3227.217041015625,2083.432373046875,130140277,BBRI.JK,0.645581733911273
2018-11-23,3209.035400390625,3254.4892578125,3154.490966796875,3163.581787109375,2042.3505859375,85703360,BBRI.JK,0.6455817245691109
2018-11-26,3136.3095703125,3227.217041015625,3136.3095703125,3218.126220703125,2077.563720703125,90217398,BBRI.JK,0.6455818007813255
2018-11-27,3163.581787109375,3290.852294921875,3163.581787109375,3272.670654296875,2112.776611328125,190169964,BBRI.JK,0.6455817998533219
2018-11-28,3318.12451171875,3327.21533203125,3254.4892578125,3318.12451171875,2142.1201171875,105678495,BBRI.JK,0.6455815957544965
2018-11-29,3363.578369140625,3418.122802734375,3345.396728515625,3372.6689453125,2177.333251953125,152003595,BBRI.JK,0.6455816705577608
2018-11-30,3327.21533203125,3354.487548828125,3281.761474609375,3290.852294921875,2124.514404296875,233078735,BBRI.JK,0.6455818170797942
2018-12-03,3381.759765625,3436.30419921875,3354.487548828125,3354.487548828125,2165.59619140625,150413738,BBRI.JK,0.6455818243125664
2018-12-04,3354.487548828125,3409.031982421875,3345.396728515625,3372.6689453125,2177.333251953125,147855643,BBRI.JK,0.6455816705577608
2018-12-05,3309.03369140625,3345.396728515625,3281.761474609375,3318.12451171875,2142.1201171875,154153142,BBRI.JK,0.6455815957544965
2018-12-06,3309.03369140625,3345.396728515625,3281.761474609375,3318.12451171875,2142.1201171875,119712097,BBRI.JK,0.6455815957544965
2018-12-07,3309.03369140625,3327.21533203125,3281.761474609375,3290.852294921875,2124.514404296875,122365123,BBRI.JK,0.6455818170797942
2018-12-10,3281.761474609375,3299.943115234375,3245.3984375,3281.761474609375,2118.6455078125,102384708,BBRI.JK,0.6455818084904176
2018-12-11,3281.761474609375,3299.943115234375,3254.4892578125,3290.852294921875,2124.514404296875,123936060,BBRI.JK,0.6455818170797942
2018-12-12,3290.852294921875,3309.03369140625,3263.580078125,3290.852294921875,2124.514404296875,97374011,BBRI.JK,0.6455818170797942
2018-12-13,3354.487548828125,3354.487548828125,3318.12451171875,3345.396728515625,2159.72705078125,116914199,BBRI.JK,0.6455817429281505
2018-12-14,3336.305908203125,3354.487548828125,3309.03369140625,3345.396728515625,2159.72705078125,135202785,BBRI.JK,0.6455817429281505
2018-12-17,3318.12451171875,3345.396728515625,3272.670654296875,3272.670654296875,2112.776611328125,137139148,BBRI.JK,0.6455817998533219
2018-12-18,3227.217041015625,3309.03369140625,3227.217041015625,3299.943115234375,2130.3828125,130615046,BBRI.JK,0.6455816776552804
2018-12-19,3272.670654296875,3336.305908203125,3272.670654296875,3336.305908203125,2153.858154296875,146409778,BBRI.JK,0.6455817342771498
2018-12-20,3281.761474609375,3327.21533203125,3281.761474609375,3318.12451171875,2142.1201171875,74063179,BBRI.JK,0.6455815957544965
2018-12-21,3281.761474609375,3299.943115234375,3272.670654296875,3290.852294921875,2124.514404296875,191917014,BBRI.JK,0.6455818170797942
2018-12-26,3227.217041015625,3299.943115234375,3199.94482421875,3272.670654296875,2112.776611328125,91749064,BBRI.JK,0.6455817998533219
2018-12-27,3318.12451171875,3336.305908203125,3290.852294921875,3327.21533203125,2147.989501953125,78890942,BBRI.JK,0.645581751584977
2018-12-28,3345.396728515625,3345.396728515625,3318.12451171875,3327.21533203125,2147.989501953125,135242605,BBRI.JK,0.645581751584977
2019-01-02,3281.761474609375,3309.03369140625,3263.580078125,3281.761474609375,2118.6455078125,82441033,BBRI.JK,0.6455818084904176
2019-01-03,3254.4892578125,3309.03369140625,3254.4892578125,3290.852294921875,2124.514404296875,102805905,BBRI.JK,0.6455818170797942
2019-01-04,3290.852294921875,3327.21533203125,3281.761474609375,3327.21533203125,2147.989501953125,125907734,BBRI.JK,0.645581751584977
2019-01-07,3363.578369140625,3372.6689453125,3327.21533203125,3327.21533203125,2147.989501953125,82106628,BBRI.JK,0.645581751584977
2019-01-08,3327.21533203125,3345.396728515625,3299.943115234375,3345.396728515625,2159.72705078125,89499635,BBRI.JK,0.6455817429281505
2019-01-09,3372.6689453125,3399.941162109375,3354.487548828125,3381.759765625,2183.2021484375,131331598,BBRI.JK,0.6455816792870298
2019-01-10,3399.941162109375,3409.031982421875,3372.6689453125,3409.031982421875,2200.80908203125,156122176,BBRI.JK,0.6455818230451835
2019-01-11,3418.122802734375,3427.213623046875,3363.578369140625,3390.8505859375,2189.0712890625,118649479,BBRI.JK,0.6455817599693108
2019-01-14,3390.8505859375,3445.39501953125,3390.8505859375,3445.39501953125,2224.283935546875,126576436,BBRI.JK,0.6455816888739484
2019-01-15,3427.213623046875,3445.39501953125,3399.941162109375,3436.30419921875,2218.4150390625,154948896,BBRI.JK,0.6455816803316949
2019-01-16,3445.39501953125,3454.48583984375,3418.122802734375,3436.30419921875,2218.4150390625,114151831,BBRI.JK,0.6455816803316949
2019-01-17,3445.39501953125,3490.848876953125,3436.30419921875,3463.576416015625,2236.02197265625,131847617,BBRI.JK,0.6455818218177182
2019-01-18,3499.939453125,3499.939453125,3445.39501953125,3472.667236328125,2241.890380859375,105708085,BBRI.JK,0.6455816893155217
2019-01-21,3454.48583984375,3481.758056640625,3454.48583984375,3454.48583984375,2230.153076171875,89020137,BBRI.JK,0.6455817680447482
2019-01-22,3427.213623046875,3445.39501953125,3399.941162109375,3427.213623046875,2212.54638671875,131658634,BBRI.JK,0.6455816969914304
2019-01-23,3418.122802734375,3463.576416015625,3390.8505859375,3427.213623046875,2212.54638671875,179807675,BBRI.JK,0.6455816969914304
2019-01-24,3409.031982421875,3463.576416015625,3409.031982421875,3445.39501953125,2224.283935546875,193786497,BBRI.JK,0.6455816888739484
2019-01-25,3472.667236328125,3472.667236328125,3436.30419921875,3436.30419921875,2218.4150390625,139857845,BBRI.JK,0.6455816803316949
2019-01-28,3409.031982421875,3445.39501953125,3409.031982421875,3436.30419921875,2218.4150390625,102940988,BBRI.JK,0.6455816803316949
2019-01-29,3436.30419921875,3472.667236328125,3318.12451171875,3354.487548828125,2165.59619140625,206378414,BBRI.JK,0.6455818243125664
2019-01-30,3363.578369140625,3418.122802734375,3363.578369140625,3409.031982421875,2200.80908203125,159225000,BBRI.JK,0.6455818230451835
2019-01-31,3454.48583984375,3518.12109375,3454.48583984375,3499.939453125,2259.496826171875,277698146,BBRI.JK,0.6455816897502134
2019-02-01,3527.2119140625,3572.66552734375,3518.12109375,3563.57470703125,2300.578369140625,154119152,BBRI.JK,0.6455816303223219
2019-02-04,3590.84716796875,3590.84716796875,3536.302490234375,3545.393310546875,2288.841064453125,83552603,BBRI.JK,0.645581706730324
2019-02-06,3563.57470703125,3581.75634765625,3554.484130859375,3563.57470703125,2300.578369140625,85882773,BBRI.JK,0.6455816303223219
2019-02-07,3572.66552734375,3572.66552734375,3536.302490234375,3572.66552734375,2306.447509765625,91233705,BBRI.JK,0.6455817070232296
2019-02-08,3509.0302734375,3554.484130859375,3499.939453125,3536.302490234375,2282.97216796875,86321790,BBRI.JK,0.6455816984755288
2019-02-11,3536.302490234375,3563.57470703125,3509.0302734375,3518.12109375,2271.234619140625,61147416,BBRI.JK,0.6455817064328772
2019-02-12,3545.393310546875,3545.393310546875,3472.667236328125,3499.939453125,2259.496826171875,104459344,BBRI.JK,0.6455816897502134
2019-02-13,3536.302490234375,3536.302490234375,3436.30419921875,3445.39501953125,2224.283935546875,119001265,BBRI.JK,0.6455816888739484
2019-02-14,3472.667236328125,3499.939453125,3409.031982421875,3454.48583984375,2230.153076171875,131498911,BBRI.JK,0.6455817680447482
2019-02-15,3490.848876953125,3490.848876953125,3409.031982421875,3427.213623046875,2212.54638671875,96513687,BBRI.JK,0.6455816969914304
2019-02-18,3445.39501953125,3509.0302734375,3445.39501953125,3490.848876953125,2253.62841796875,103030419,BBRI.JK,0.6455817760681055
2019-02-19,3545.393310546875,3636.30078125,3527.2119140625,3554.484130859375,2294.709716796875,153943258,BBRI.JK,0.6455816462576465
2019-02-20,3554.484130859375,3581.75634765625,3509.0302734375,3536.302490234375,2282.97216796875,136475507,BBRI.JK,0.6455816984755288
2019-02-21,3481.758056640625,3581.75634765625,3481.758056640625,3554.484130859375,2294.709716796875,125997166,BBRI.JK,0.6455816462576465
2019-02-22,3509.0302734375,3554.484130859375,3509.0302734375,3545.393310546875,2288.841064453125,89872212,BBRI.JK,0.645581706730324
2019-02-25,3581.75634765625,3609.028564453125,3545.393310546875,3599.937744140625,2324.053955078125,117405577,BBRI.JK,0.6455817073116974
2019-02-26,3599.937744140625,3609.028564453125,3554.484130859375,3581.75634765625,2312.31640625,67561846,BBRI.JK,0.6455817151725248
2019-02-27,3554.484130859375,3563.57470703125,3499.939453125,3518.12109375,2271.234619140625,96869983,BBRI.JK,0.6455817064328772
2019-02-28,3499.939453125,3518.12109375,3490.848876953125,3499.939453125,2259.496826171875,117143553,BBRI.JK,0.6455816897502134
2019-03-01,3518.12109375,3536.302490234375,3509.0302734375,3518.12109375,2271.234619140625,78576447,BBRI.JK,0.6455817064328772
2019-03-04,3545.393310546875,3563.57470703125,3527.2119140625,3527.2119140625,2277.103515625,62730673,BBRI.JK,0.6455817147097137
2019-03-05,3545.393310546875,3545.393310546875,3509.0302734375,3509.0302734375,2265.365966796875,77678611,BBRI.JK,0.6455817676881105
2019-03-06,3536.302490234375,3563.57470703125,3509.0302734375,3545.393310546875,2288.841064453125,62160643,BBRI.JK,0.645581706730324
2019-03-08,3472.667236328125,3527.2119140625,3463.576416015625,3499.939453125,2259.496826171875,142765635,BBRI.JK,0.6455816897502134
2019-03-11,3545.393310546875,3545.393310546875,3481.758056640625,3509.0302734375,2265.365966796875,51418628,BBRI.JK,0.6455817676881105
2019-03-12,3527.2119140625,3536.302490234375,3463.576416015625,3490.848876953125,2253.62841796875,69851316,BBRI.JK,0.6455817760681055
2019-03-13,3454.48583984375,3463.576416015625,3436.30419921875,3445.39501953125,2224.283935546875,51432598,BBRI.JK,0.6455816888739484
2019-03-14,3436.30419921875,3499.939453125,3436.30419921875,3490.848876953125,2253.62841796875,99175072,BBRI.JK,0.6455817760681055
2019-03-15,3545.393310546875,3590.84716796875,3536.302490234375,3590.84716796875,2318.18505859375,106867285,BBRI.JK,0.6455816552908565
2019-03-18,3627.2099609375,3663.572998046875,3618.119384765625,3636.30078125,2347.529296875,102196275,BBRI.JK,0.6455817156214516
2019-03-19,3672.663818359375,3681.754638671875,3609.028564453125,3618.119384765625,2335.79150390625,63741150,BBRI.JK,0.6455816559678166
2019-03-20,3599.937744140625,3645.3916015625,3599.937744140625,3627.2099609375,2341.66064453125,94567643,BBRI.JK,0.6455817749039311
2019-03-21,3645.3916015625,3672.663818359375,3609.028564453125,3627.2099609375,2341.66064453125,121229463,BBRI.JK,0.6455817749039311
2019-03-22,3663.572998046875,3699.93603515625,3636.30078125,3681.754638671875,2376.873291015625,104102388,BBRI.JK,0.6455816653423266
2019-03-25,3663.572998046875,3672.663818359375,3627.2099609375,3645.3916015625,2353.39794921875,90384491,BBRI.JK,0.6455816566346476
2019-03-26,3681.754638671875,3709.02685546875,3645.3916015625,3690.845458984375,2382.7421875,75475383,BBRI.JK,0.6455816733534189
2019-03-27,3709.02685546875,3709.02685546875,3672.663818359375,3681.754638671875,2376.873291015625,56170270,BBRI.JK,0.6455816653423266
2019-03-28,3699.93603515625,3709.02685546875,3663.572998046875,3699.93603515625,2388.611083984375,67263631,BBRI.JK,0.6455817239239118
2019-03-29,3681.754638671875,3763.5712890625,3681.754638671875,3736.299072265625,2412.08642578125,71215890,BBRI.JK,0.6455817318495877
2019-04-01,3763.5712890625,3781.7529296875,3754.480712890625,3772.662109375,2435.561767578125,73530330,BBRI.JK,0.6455817396224793
2019-04-02,3790.843505859375,3790.843505859375,3754.480712890625,3772.662109375,2435.561767578125,48845023,BBRI.JK,0.6455817396224793
2019-04-04,3799.934326171875,3890.841796875,3763.5712890625,3836.29736328125,2476.643310546875,69303837,BBRI.JK,0.6455816835920561
2019-04-05,3872.660400390625,3899.9326171875,3863.569580078125,3881.751220703125,2505.987548828125,54041183,BBRI.JK,0.6455816991729316
2019-04-08,3899.9326171875,3899.9326171875,3827.20654296875,3863.569580078125,2494.25,82999953,BBRI.JK,0.645581747216667
2019-04-09,3890.841796875,3954.47705078125,3872.660400390625,3909.0234375,2523.593994140625,80659003,BBRI.JK,0.6455816994933598
2019-04-10,3909.0234375,3927.204833984375,3872.660400390625,3918.1142578125,2529.462890625,116840608,BBRI.JK,0.6455817069605341
2019-04-11,3909.0234375,3927.204833984375,3890.841796875,3909.0234375,2523.593994140625,188618827,BBRI.JK,0.6455816994933598
2019-04-12,3909.0234375,3927.204833984375,3890.841796875,3918.1142578125,2529.462890625,84244625,BBRI.JK,0.6455817069605341
2019-04-15,3954.47705078125,3963.56787109375,3918.1142578125,3954.47705078125,2552.938232421875,70577659,BBRI.JK,0.6455817544616966
2019-04-16,3936.295654296875,3963.56787109375,3927.204833984375,3945.386474609375,2547.069580078125,99923195,BBRI.JK,0.6455817691042055
2019-04-18,4045.384765625,4299.92578125,3981.74951171875,4054.475341796875,2617.4951171875,200241958,BBRI.JK,0.6455817082432842
2019-04-22,4054.475341796875,4054.475341796875,4009.021728515625,4036.2939453125,2605.7578125,112161787,BBRI.JK,0.645581775709414
2019-04-23,4009.021728515625,4045.384765625,4009.021728515625,4027.203125,2599.888427734375,60325921,BBRI.JK,0.6455816473708103
2019-04-24,4009.021728515625,4027.203125,3999.930908203125,3999.930908203125,2582.2822265625,190094393,BBRI.JK,0.6455817077406794
2019-04-25,3981.74951171875,3990.840087890625,3872.660400390625,3936.295654296875,2541.200439453125,202913024,BBRI.JK,0.6455816998093477
2019-04-26,3854.478759765625,3963.56787109375,3827.20654296875,3936.295654296875,2541.200439453125,146163924,BBRI.JK,0.6455816998093477
2019-04-29,3899.9326171875,3954.47705078125,3890.841796875,3945.386474609375,2547.069580078125,84609831,BBRI.JK,0.6455817691042055
2019-04-30,3990.840087890625,4009.021728515625,3945.386474609375,3972.65869140625,2564.675537109375,140586828,BBRI.JK,0.6455816460289786
2019-05-02,4018.1123046875,4018.1123046875,3945.386474609375,3972.65869140625,2564.675537109375,139594281,BBRI.JK,0.6455816460289786
2019-05-03,3936.295654296875,3999.930908203125,3918.1142578125,3981.74951171875,2570.544677734375,120435690,BBRI.JK,0.6455817148137933
2019-05-06,3909.0234375,3909.0234375,3809.025146484375,3845.38818359375,2482.512451171875,157313497,BBRI.JK,0.6455817547272472
2019-05-07,3827.20654296875,3890.841796875,3827.20654296875,3863.569580078125,2494.25,124070152,BBRI.JK,0.645581747216667
2019-05-08,3863.569580078125,3863.569580078125,3799.934326171875,3836.29736328125,2476.643310546875,132170032,BBRI.JK,0.6455816835920561
2019-05-09,3763.5712890625,3781.7529296875,3745.389892578125,3745.389892578125,2417.955322265625,179677103,BBRI.JK,0.6455817395825871
2019-05-10,3727.208251953125,3781.7529296875,3718.11767578125,3745.389892578125,2417.955322265625,132313475,BBRI.JK,0.6455817395825871
2019-05-13,3754.480712890625,3763.5712890625,3727.208251953125,3727.208251953125,2406.217529296875,79066285,BBRI.JK,0.645581724078866
2019-05-14,3636.30078125,3718.11767578125,3609.028564453125,3681.754638671875,2376.873291015625,126601626,BBRI.JK,0.6455816653423266
2019-05-15,3681.754638671875,3690.845458984375,3536.302490234375,3536.302490234375,2282.97216796875,184137240,BBRI.JK,0.6455816984755288
2019-05-16,3581.75634765625,3627.2099609375,3472.667236328125,3509.0302734375,2265.365966796875,158507017,BBRI.JK,0.6455817676881105
2019-05-17,3554.484130859375,3554.484130859375,3427.213623046875,3445.39501953125,2224.283935546875,170721848,BBRI.JK,0.6455816888739484
2019-05-20,3454.48583984375,3499.939453125,3327.21533203125,3409.031982421875,2200.80908203125,181806520,BBRI.JK,0.6455818230451835
2019-05-21,3454.48583984375,3490.848876953125,3372.6689453125,3409.031982421875,2200.80908203125,227189674,BBRI.JK,0.6455818230451835
2019-05-22,3372.6689453125,3481.758056640625,3372.6689453125,3427.213623046875,2212.54638671875,130499434,BBRI.JK,0.6455816969914304
2019-05-23,3472.667236328125,3536.302490234375,3454.48583984375,3499.939453125,2259.496826171875,230153565,BBRI.JK,0.6455816897502134
2019-05-24,3436.30419921875,3572.66552734375,3427.213623046875,3499.939453125,2339.825439453125,165441097,BBRI.JK,0.6685331191555212
2019-05-27,3545.393310546875,3609.028564453125,3509.0302734375,3563.57470703125,2382.367431640625,135938587,BBRI.JK,0.6685330398546162
2019-05-28,3572.66552734375,3590.84716796875,3463.576416015625,3463.576416015625,2315.515625,414291135,BBRI.JK,0.6685331423014154
2019-05-29,3536.302490234375,3590.84716796875,3509.0302734375,3581.75634765625,2394.5224609375,153687174,BBRI.JK,0.6685330403628305
2019-05-31,3627.2099609375,3745.389892578125,3618.119384765625,3727.208251953125,2491.76220703125,287219580,BBRI.JK,0.6685331321976767
2019-06-10,3836.29736328125,3881.751220703125,3818.115966796875,3845.38818359375,2570.769287109375,216423568,BBRI.JK,0.6685331010475083
2019-06-11,3863.569580078125,3863.569580078125,3772.662109375,3845.38818359375,2570.769287109375,127900199,BBRI.JK,0.6685331010475083
2019-06-12,3790.843505859375,3827.20654296875,3790.843505859375,3827.20654296875,2558.6142578125,102196275,BBRI.JK,0.6685331008625922
2019-06-13,3863.569580078125,3863.569580078125,3799.934326171875,3818.115966796875,2552.536865234375,128510489,BBRI.JK,0.668533089993013
2019-06-14,3790.843505859375,3854.478759765625,3790.843505859375,3845.38818359375,2570.769287109375,79530053,BBRI.JK,0.6685331010475083
2019-06-17,3863.569580078125,3863.569580078125,3818.115966796875,3818.115966796875,2552.536865234375,60714008,BBRI.JK,0.668533089993013
2019-06-18,3799.934326171875,3872.660400390625,3799.934326171875,3872.660400390625,2589.001708984375,174179428,BBRI.JK,0.6685331119463068
2019-06-19,3927.204833984375,3945.386474609375,3890.841796875,3899.9326171875,2607.234130859375,183945837,BBRI.JK,0.6685331226926747
2019-06-20,3936.295654296875,3936.295654296875,3890.841796875,3918.1142578125,2619.38916015625,118489316,BBRI.JK,0.6685331227728581
2019-06-21,3899.9326171875,3963.56787109375,3872.660400390625,3963.56787109375,2649.7763671875,187213443,BBRI.JK,0.6685331129340021
2019-06-24,3918.1142578125,3954.47705078125,3899.9326171875,3918.1142578125,2619.38916015625,90828128,BBRI.JK,0.6685331227728581
2019-06-25,3954.47705078125,3954.47705078125,3899.9326171875,3936.295654296875,2631.5439453125,65402729,BBRI.JK,0.668533102293751
2019-06-26,3936.295654296875,3972.65869140625,3927.204833984375,3963.56787109375,2649.7763671875,113137174,BBRI.JK,0.6685331129340021
2019-06-27,3981.74951171875,3990.840087890625,3954.47705078125,3981.74951171875,2661.931396484375,89922813,BBRI.JK,0.6685331130574644
2019-06-28,3972.65869140625,3999.930908203125,3954.47705078125,3963.56787109375,2649.7763671875,112840719,BBRI.JK,0.6685331129340021
2019-07-01,3999.930908203125,4018.1123046875,3981.74951171875,4018.1123046875,2686.2412109375,115331382,BBRI.JK,0.6685331337811915
2019-07-02,4018.1123046875,4018.1123046875,3963.56787109375,4009.021728515625,2680.16357421875,147886774,BBRI.JK,0.6685330626060497
2019-07-03,3990.840087890625,4018.1123046875,3963.56787109375,3999.930908203125,2674.086181640625,81810503,BBRI.JK,0.6685330929483217
2019-07-04,3963.56787109375,3999.930908203125,3963.56787109375,3990.840087890625,2668.0087890625,42557425,BBRI.JK,0.6685331234288285
2019-07-05,4018.1123046875,4018.1123046875,3981.74951171875,3999.930908203125,2674.086181640625,59149341,BBRI.JK,0.6685330929483217
2019-07-08,3981.74951171875,4009.021728515625,3972.65869140625,3999.930908203125,2674.086181640625,50857398,BBRI.JK,0.6685330929483217
2019-07-09,3972.65869140625,4009.021728515625,3972.65869140625,4009.021728515625,2680.16357421875,71191359,BBRI.JK,0.6685330626060497
2019-07-10,4009.021728515625,4072.656982421875,3999.930908203125,4063.566162109375,2716.62841796875,89077008,BBRI.JK,0.6685330838955906
2019-07-11,4081.74755859375,4127.20166015625,4072.656982421875,4099.92919921875,2740.938232421875,100559886,BBRI.JK,0.6685330646549131
2019-07-12,4099.92919921875,4127.20166015625,4081.74755859375,4099.92919921875,2740.938232421875,71034166,BBRI.JK,0.6685330646549131
2019-07-15,4127.20166015625,4145.3828125,4109.02001953125,4118.11083984375,2753.093505859375,75851590,BBRI.JK,0.668533124272059
2019-07-16,4090.83837890625,4136.2919921875,4090.83837890625,4136.2919921875,2765.248046875,92926745,BBRI.JK,0.6685330852120486
2019-07-17,4109.02001953125,4136.2919921875,4090.83837890625,4109.02001953125,2747.01611328125,71834980,BBRI.JK,0.6685331539452136
2019-07-18,4090.83837890625,4099.92919921875,4036.2939453125,4045.384765625,2704.4736328125,84732483,BBRI.JK,0.6685331036477236
2019-07-19,4045.384765625,4081.74755859375,4036.2939453125,4072.656982421875,2722.705810546875,70769832,BBRI.JK,0.6685330540476236
2019-07-22,4090.83837890625,4099.92919921875,4054.475341796875,4090.83837890625,2734.861083984375,46139636,BBRI.JK,0.6685331540073169
2019-07-23,4090.83837890625,4090.83837890625,4063.566162109375,4081.74755859375,2728.783447265625,47649853,BBRI.JK,0.6685331241321915
2019-07-24,4109.02001953125,4109.02001953125,4036.2939453125,4045.384765625,2704.4736328125,58359418,BBRI.JK,0.6685331036477236
2019-07-25,4063.566162109375,4072.656982421875,4045.384765625,4054.475341796875,2710.551025390625,66445547,BBRI.JK,0.668533113877406
2019-07-26,4009.021728515625,4063.566162109375,3999.930908203125,4036.2939453125,2698.39599609375,85121120,BBRI.JK,0.6685330733227441
2019-07-29,4072.656982421875,4072.656982421875,4036.2939453125,4054.475341796875,2710.551025390625,101066445,BBRI.JK,0.668533113877406
2019-07-30,4090.83837890625,4090.83837890625,4054.475341796875,4090.83837890625,2734.861083984375,75632686,BBRI.JK,0.6685331540073169
2019-07-31,4090.83837890625,4099.92919921875,4045.384765625,4072.656982421875,2722.705810546875,116420070,BBRI.JK,0.6685330540476236
2019-08-01,4081.74755859375,4099.92919921875,4009.021728515625,4045.384765625,2704.4736328125,157991988,BBRI.JK,0.6685331036477236
2019-08-02,3999.930908203125,4063.566162109375,3990.840087890625,4045.384765625,2704.4736328125,131279017,BBRI.JK,0.6685331036477236
2019-08-05,4009.021728515625,4018.1123046875,3881.751220703125,3881.751220703125,2595.0791015625,165923785,BBRI.JK,0.6685330805647142
2019-08-06,3727.208251953125,3827.20654296875,3654.482421875,3727.208251953125,2491.76220703125,272405185,BBRI.JK,0.6685331321976767
2019-08-07,3763.5712890625,3899.9326171875,3763.5712890625,3863.569580078125,2582.92431640625,161676832,BBRI.JK,0.6685331434755786
2019-08-08,3863.569580078125,3927.204833984375,3863.569580078125,3899.9326171875,2607.234130859375,102671923,BBRI.JK,0.6685331226926747
2019-08-09,3936.295654296875,3954.47705078125,3909.0234375,3936.295654296875,2631.5439453125,90719996,BBRI.JK,0.668533102293751
2019-08-12,3981.74951171875,3981.74951171875,3899.9326171875,3909.0234375,2613.311767578125,56163890,BBRI.JK,0.6685331539606879
2019-08-13,3936.295654296875,3936.295654296875,3863.569580078125,3890.841796875,2601.15625,88148482,BBRI.JK,0.6685330285310407
2019-08-14,3936.295654296875,3954.47705078125,3918.1142578125,3936.295654296875,2631.5439453125,102602292,BBRI.JK,0.668533102293751
2019-08-15,3827.20654296875,3890.841796875,3799.934326171875,3863.569580078125,2582.92431640625,126758709,BBRI.JK,0.6685331434755786
2019-08-16,3863.569580078125,3872.660400390625,3818.115966796875,3827.20654296875,2558.6142578125,102969368,BBRI.JK,0.6685331008625922
2019-08-19,3754.480712890625,3836.29736328125,3754.480712890625,3799.934326171875,2540.382080078125,66407047,BBRI.JK,0.6685331540025202
2019-08-20,3799.934326171875,3818.115966796875,3718.11767578125,3727.208251953125,2491.76220703125,112883069,BBRI.JK,0.6685331321976767
2019-08-21,3727.208251953125,3790.843505859375,3672.663818359375,3681.754638671875,2461.37451171875,92826643,BBRI.JK,0.668533010284098
2019-08-22,3690.845458984375,3763.5712890625,3636.30078125,3699.93603515625,2473.52978515625,136489697,BBRI.JK,0.6685331210196966
2019-08-23,3663.572998046875,3727.208251953125,3654.482421875,3709.02685546875,2479.607177734375,64061696,BBRI.JK,0.6685330881544669
2019-08-26,3654.482421875,3699.93603515625,3636.30078125,3699.93603515625,2473.52978515625,71268030,BBRI.JK,0.6685331210196966
2019-08-27,3754.480712890625,3827.20654296875,3709.02685546875,3818.115966796875,2552.536865234375,196025365,BBRI.JK,0.668533089993013
2019-08-28,3836.29736328125,3854.478759765625,3809.025146484375,3809.025146484375,2546.45947265625,109954819,BBRI.JK,0.6685331219213824
2019-08-29,3836.29736328125,3836.29736328125,3781.7529296875,3818.115966796875,2552.536865234375,74831102,BBRI.JK,0.668533089993013
2019-08-30,3809.025146484375,3881.751220703125,3745.389892578125,3881.751220703125,2595.0791015625,119899980,BBRI.JK,0.6685330805647142
2019-09-02,3881.751220703125,3890.841796875,3827.20654296875,3836.29736328125,2564.691650390625,75321490,BBRI.JK,0.6685330691354439
2019-09-03,3799.934326171875,3881.751220703125,3754.480712890625,3772.662109375,2522.149658203125,83772936,BBRI.JK,0.6685331431976447
2019-09-04,3799.934326171875,3799.934326171875,3727.208251953125,3781.7529296875,2528.227294921875,84356057,BBRI.JK,0.6685331754686554
2019-09-05,3836.29736328125,3845.38818359375,3799.934326171875,3836.29736328125,2564.691650390625,84846225,BBRI.JK,0.6685330691354439
2019-09-06,3872.660400390625,3899.9326171875,3863.569580078125,3881.751220703125,2595.0791015625,125869894,BBRI.JK,0.6685330805647142
2019-09-09,3899.9326171875,3899.9326171875,3790.843505859375,3790.843505859375,2534.304443359375,75150988,BBRI.JK,0.6685331218348076
2019-09-10,3799.934326171875,3809.025146484375,3772.662109375,3809.025146484375,2546.45947265625,76217016,BBRI.JK,0.6685331219213824
2019-09-11,3772.662109375,3872.660400390625,3772.662109375,3863.569580078125,2582.92431640625,125741191,BBRI.JK,0.6685331434755786
2019-09-12,3909.0234375,3954.47705078125,3881.751220703125,3890.841796875,2601.15625,95813194,BBRI.JK,0.6685330285310407
2019-09-13,3927.204833984375,3927.204833984375,3890.841796875,3918.1142578125,2619.38916015625,61703145,BBRI.JK,0.6685331227728581
2019-09-16,3899.9326171875,3899.9326171875,3727.208251953125,3809.025146484375,2546.45947265625,145880779,BBRI.JK,0.6685331219213824
2019-09-17,3781.7529296875,3863.569580078125,3754.480712890625,3863.569580078125,2582.92431640625,117840195,BBRI.JK,0.6685331434755786
2019-09-18,3854.478759765625,3872.660400390625,3827.20654296875,3854.478759765625,2576.8466796875,84048931,BBRI.JK,0.6685331118141088
2019-09-19,3818.115966796875,3845.38818359375,3818.115966796875,3836.29736328125,2564.691650390625,101320660,BBRI.JK,0.6685330691354439
2019-09-20,3818.115966796875,3836.29736328125,3754.480712890625,3781.7529296875,2528.227294921875,239258752,BBRI.JK,0.6685331754686554
2019-09-23,3781.7529296875,3818.115966796875,3781.7529296875,3799.934326171875,2540.382080078125,93391943,BBRI.JK,0.6685331540025202
2019-09-24,3781.7529296875,3781.7529296875,3736.299072265625,3736.299072265625,2497.839599609375,104585626,BBRI.JK,0.6685330995451415
2019-09-25,3699.93603515625,3745.389892578125,3654.482421875,3709.02685546875,2479.607177734375,91472409,BBRI.JK,0.6685330881544669
2019-09-26,3736.299072265625,3827.20654296875,3727.208251953125,3827.20654296875,2558.6142578125,88134402,BBRI.JK,0.6685331008625922
2019-09-27,3827.20654296875,3827.20654296875,3781.7529296875,3799.934326171875,2540.382080078125,63434135,BBRI.JK,0.6685331540025202
2019-09-30,3818.115966796875,3818.115966796875,3736.299072265625,3745.389892578125,2503.91748046875,83981500,BBRI.JK,0.6685331974197185
2019-10-01,3745.389892578125,3754.480712890625,3699.93603515625,3699.93603515625,2473.52978515625,87507501,BBRI.JK,0.6685331210196966
2019-10-02,3681.754638671875,3718.11767578125,3563.57470703125,3572.66552734375,2388.445068359375,182983980,BBRI.JK,0.6685330742772235
2019-10-03,3518.12109375,3536.302490234375,3463.576416015625,3463.576416015625,2315.515625,195391424,BBRI.JK,0.6685331423014154
2019-10-04,3527.2119140625,3599.937744140625,3509.0302734375,3590.84716796875,2400.60009765625,103236563,BBRI.JK,0.6685330746098581
2019-10-07,3609.028564453125,3627.2099609375,3509.0302734375,3545.393310546875,2370.212646484375,139378677,BBRI.JK,0.668533062166457
2019-10-08,3599.937744140625,3599.937744140625,3536.302490234375,3572.66552734375,2388.445068359375,131777876,BBRI.JK,0.6685330742772235
2019-10-09,3590.84716796875,3627.2099609375,3563.57470703125,3599.937744140625,2406.677490234375,129617548,BBRI.JK,0.6685330862044937
2019-10-10,3609.028564453125,3627.2099609375,3527.2119140625,3536.302490234375,2364.13525390625,118644859,BBRI.JK,0.6685330964856353
2019-10-11,3590.84716796875,3599.937744140625,3554.484130859375,3563.57470703125,2382.367431640625,112429201,BBRI.JK,0.6685330398546162
2019-10-14,3590.84716796875,3618.119384765625,3554.484130859375,3563.57470703125,2382.367431640625,120763165,BBRI.JK,0.6685330398546162
2019-10-15,3609.028564453125,3609.028564453125,3536.302490234375,3581.75634765625,2394.5224609375,140902423,BBRI.JK,0.6685330403628305
2019-10-16,3599.937744140625,3627.2099609375,3581.75634765625,3627.2099609375,2424.90966796875,90212558,BBRI.JK,0.6685330306443028
2019-10-17,3636.30078125,3681.754638671875,3627.2099609375,3681.754638671875,2461.37451171875,115003686,BBRI.JK,0.668533010284098
2019-10-18,3681.754638671875,3809.025146484375,3681.754638671875,3790.843505859375,2534.304443359375,113976708,BBRI.JK,0.6685331218348076
2019-10-21,3790.843505859375,3809.025146484375,3736.299072265625,3745.389892578125,2503.91748046875,89234971,BBRI.JK,0.6685331974197185
2019-10-22,3709.02685546875,3763.5712890625,3699.93603515625,3763.5712890625,2516.072021484375,90846609,BBRI.JK,0.6685331107707342
2019-10-23,3772.662109375,3799.934326171875,3709.02685546875,3799.934326171875,2540.382080078125,139892606,BBRI.JK,0.6685331540025202
2019-10-24,3799.934326171875,3909.0234375,3799.934326171875,3909.0234375,2613.311767578125,172727403,BBRI.JK,0.6685331539606879
2019-10-25,3909.0234375,3927.204833984375,3836.29736328125,3845.38818359375,2570.769287109375,123528393,BBRI.JK,0.6685331010475083
2019-10-28,3845.38818359375,3872.660400390625,3836.29736328125,3845.38818359375,2570.769287109375,42188588,BBRI.JK,0.6685331010475083
2019-10-29,3854.478759765625,3863.569580078125,3799.934326171875,3845.38818359375,2570.769287109375,90745077,BBRI.JK,0.6685331010475083
2019-10-30,3872.660400390625,3872.660400390625,3809.025146484375,3863.569580078125,2582.92431640625,52187101,BBRI.JK,0.6685331434755786
2019-10-31,3827.20654296875,3854.478759765625,3781.7529296875,3827.20654296875,2558.6142578125,83146256,BBRI.JK,0.6685331008625922
2019-11-01,3836.29736328125,3836.29736328125,3772.662109375,3799.934326171875,2540.382080078125,69610742,BBRI.JK,0.6685331540025202
2019-11-04,3799.934326171875,3827.20654296875,3772.662109375,3781.7529296875,2528.227294921875,55300375,BBRI.JK,0.6685331754686554
2019-11-05,3809.025146484375,3909.0234375,3790.843505859375,3909.0234375,2613.311767578125,145802018,BBRI.JK,0.6685331539606879
2019-11-06,3936.295654296875,3936.295654296875,3781.7529296875,3781.7529296875,2528.227294921875,145752957,BBRI.JK,0.6685331754686554
2019-11-07,3781.7529296875,3781.7529296875,3599.937744140625,3636.30078125,2430.9873046875,321561514,BBRI.JK,0.6685330644875405
2019-11-08,3645.3916015625,3663.572998046875,3618.119384765625,3627.2099609375,2424.90966796875,148082467,BBRI.JK,0.6685330306443028
2019-11-11,3590.84716796875,3636.30078125,3590.84716796875,3636.30078125,2430.9873046875,125489617,BBRI.JK,0.6685330644875405
2019-11-12,3636.30078125,3663.572998046875,3618.119384765625,3636.30078125,2430.9873046875,120754695,BBRI.JK,0.6685330644875405
2019-11-13,3636.30078125,3645.3916015625,3563.57470703125,3599.937744140625,2406.677490234375,165100201,BBRI.JK,0.6685330862044937
2019-11-14,3590.84716796875,3609.028564453125,3545.393310546875,3581.75634765625,2394.5224609375,129874843,BBRI.JK,0.6685330403628305
2019-11-15,3636.30078125,3727.208251953125,3599.937744140625,3718.11767578125,2485.684326171875,134210348,BBRI.JK,0.668532989787523
2019-11-18,3718.11767578125,3763.5712890625,3681.754638671875,3745.389892578125,2503.91748046875,102464019,BBRI.JK,0.6685331974197185
2019-11-19,3772.662109375,3809.025146484375,3709.02685546875,3809.025146484375,2546.45947265625,155302002,BBRI.JK,0.6685331219213824
2019-11-20,3790.843505859375,3872.660400390625,3772.662109375,3836.29736328125,2564.691650390625,170292181,BBRI.JK,0.6685330691354439
2019-11-21,3818.115966796875,3845.38818359375,3763.5712890625,3836.29736328125,2564.691650390625,125613039,BBRI.JK,0.6685330691354439
2019-11-22,3845.38818359375,3863.569580078125,3781.7529296875,3827.20654296875,2558.6142578125,82167459,BBRI.JK,0.6685331008625922
2019-11-25,3772.662109375,3799.934326171875,3745.389892578125,3754.480712890625,2509.99462890625,62254255,BBRI.JK,0.668533099740915
2019-11-26,3772.662109375,3799.934326171875,3727.208251953125,3772.662109375,2522.149658203125,244288809,BBRI.JK,0.6685331431976447
2019-11-27,3727.208251953125,3827.20654296875,3727.208251953125,3790.843505859375,2534.304443359375,72910799,BBRI.JK,0.6685331218348076
2019-11-28,3754.480712890625,3790.843505859375,3681.754638671875,3681.754638671875,2461.37451171875,67893172,BBRI.JK,0.668533010284098
2019-11-29,3690.845458984375,3745.389892578125,3645.3916015625,3718.11767578125,2485.684326171875,70620339,BBRI.JK,0.668532989787523
2019-12-02,3772.662109375,3827.20654296875,3745.389892578125,3827.20654296875,2558.6142578125,60937642,BBRI.JK,0.6685331008625922
2019-12-03,3827.20654296875,3836.29736328125,3781.7529296875,3790.843505859375,2534.304443359375,48090300,BBRI.JK,0.6685331218348076
2019-12-04,3818.115966796875,3818.115966796875,3745.389892578125,3754.480712890625,2509.99462890625,55684281,BBRI.JK,0.668533099740915
2019-12-05,3818.115966796875,3845.38818359375,3790.843505859375,3836.29736328125,2564.691650390625,80063892,BBRI.JK,0.6685330691354439
2019-12-06,3863.569580078125,3863.569580078125,3790.843505859375,3790.843505859375,2534.304443359375,73924136,BBRI.JK,0.6685331218348076
2019-12-09,3809.025146484375,3827.20654296875,3772.662109375,3799.934326171875,2540.382080078125,52623808,BBRI.JK,0.6685331540025202
2019-12-10,3763.5712890625,3799.934326171875,3754.480712890625,3790.843505859375,2534.304443359375,88013950,BBRI.JK,0.6685331218348076
2019-12-11,3809.025146484375,3827.20654296875,3781.7529296875,3827.20654296875,2558.6142578125,69260056,BBRI.JK,0.6685331008625922
2019-12-12,3845.38818359375,3881.751220703125,3827.20654296875,3863.569580078125,2582.92431640625,138108485,BBRI.JK,0.6685331434755786
2019-12-13,3890.841796875,3899.9326171875,3854.478759765625,3890.841796875,2601.15625,184381444,BBRI.JK,0.6685330285310407
2019-12-16,3909.0234375,3954.47705078125,3899.9326171875,3936.295654296875,2631.5439453125,196854450,BBRI.JK,0.668533102293751
2019-12-17,3963.56787109375,3963.56787109375,3909.0234375,3954.47705078125,2643.69921875,155154269,BBRI.JK,0.6685332054785116
2019-12-18,3981.74951171875,3999.930908203125,3954.47705078125,3999.930908203125,2674.086181640625,174183278,BBRI.JK,0.6685330929483217
2019-12-19,3954.47705078125,3972.65869140625,3927.204833984375,3954.47705078125,2643.69921875,103421146,BBRI.JK,0.6685332054785116
2019-12-20,3954.47705078125,3972.65869140625,3927.204833984375,3963.56787109375,2649.7763671875,171838258,BBRI.JK,0.6685331129340021
2019-12-23,4045.384765625,4063.566162109375,3963.56787109375,4045.384765625,2704.4736328125,135606712,BBRI.JK,0.6685331036477236
2019-12-26,4018.1123046875,4045.384765625,3999.930908203125,4009.021728515625,2680.16357421875,55258354,BBRI.JK,0.6685330626060497
2019-12-27,3981.74951171875,4036.2939453125,3981.74951171875,4027.203125,2692.318603515625,62113562,BBRI.JK,0.6685331034837297
2019-12-30,4045.384765625,4045.384765625,3963.56787109375,3999.930908203125,2674.086181640625,73085482,BBRI.JK,0.6685330929483217
2020-01-02,3999.930908203125,4009.021728515625,3963.56787109375,4009.021728515625,2680.16357421875,45886302,BBRI.JK,0.6685330626060497
2020-01-03,4018.1123046875,4036.2939453125,3990.840087890625,4018.1123046875,2686.2412109375,91189705,BBRI.JK,0.6685331337811915
2020-01-06,3963.56787109375,3990.840087890625,3927.204833984375,3972.65869140625,2655.853759765625,48648450,BBRI.JK,0.6685330822682631
2020-01-07,4009.021728515625,4009.021728515625,3981.74951171875,3999.930908203125,2674.086181640625,114344885,BBRI.JK,0.6685330929483217
2020-01-08,3981.74951171875,3999.930908203125,3945.386474609375,3981.74951171875,2661.931396484375,188929583,BBRI.JK,0.6685331130574644
2020-01-09,3999.930908203125,4018.1123046875,3972.65869140625,3999.930908203125,2674.086181640625,79280569,BBRI.JK,0.6685330929483217
2020-01-10,4027.203125,4027.203125,3990.840087890625,4009.021728515625,2680.16357421875,137292491,BBRI.JK,0.6685330626060497
2020-01-13,4027.203125,4099.92919921875,4018.1123046875,4099.92919921875,2740.938232421875,122488655,BBRI.JK,0.6685330646549131
2020-01-14,4127.20166015625,4181.74609375,4109.02001953125,4154.4736328125,2777.403076171875,174258629,BBRI.JK,0.6685330854517003
2020-01-15,4154.4736328125,4163.564453125,4118.11083984375,4163.564453125,2783.48046875,112825318,BBRI.JK,0.6685330562520376
2020-01-16,4154.4736328125,4172.6552734375,4099.92919921875,4154.4736328125,2777.403076171875,147387255,BBRI.JK,0.6685330854517003
2020-01-17,4199.92724609375,4218.10888671875,4181.74609375,4209.01806640625,2813.8681640625,133295352,BBRI.JK,0.6685331637136547
2020-01-20,4263.5625,4263.5625,4209.01806640625,4236.29052734375,2832.100830078125,90022804,BBRI.JK,0.6685331923761887
2020-01-21,4245.38134765625,4254.47216796875,4218.10888671875,4245.38134765625,2838.177978515625,81224962,BBRI.JK,0.6685331060029506
2020-01-22,4254.47216796875,4281.744140625,4245.38134765625,4281.744140625,2862.488037109375,90609115,BBRI.JK,0.6685331825295712
2020-01-23,4290.8349609375,4327.19775390625,4263.5625,4309.0166015625,2880.720458984375,153849977,BBRI.JK,0.6685331539311758
2020-01-24,4299.92578125,4318.107421875,4254.47216796875,4309.0166015625,2880.720458984375,105620964,BBRI.JK,0.6685331539311758
2020-01-27,4272.6533203125,4272.6533203125,4218.10888671875,4227.19970703125,2826.023193359375,103076840,BBRI.JK,0.6685331636115396
2020-01-28,4163.564453125,4218.10888671875,4154.4736328125,4199.92724609375,2807.7900390625,104935872,BBRI.JK,0.6685330184407259
2020-01-29,4199.92724609375,4236.29052734375,4181.74609375,4199.92724609375,2807.7900390625,214362682,BBRI.JK,0.6685330184407259
2020-01-30,4272.6533203125,4272.6533203125,4163.564453125,4163.564453125,2783.48046875,96500596,BBRI.JK,0.6685330562520376
2020-01-31,4154.4736328125,4163.564453125,4054.475341796875,4054.475341796875,2710.551025390625,150763654,BBRI.JK,0.668533113877406
2020-02-03,4054.475341796875,4081.74755859375,4045.384765625,4054.475341796875,2710.551025390625,144745560,BBRI.JK,0.668533113877406
2020-02-04,4263.5625,4263.5625,4109.02001953125,4145.3828125,2771.32568359375,123617275,BBRI.JK,0.6685331147794327
2020-02-05,4154.4736328125,4163.564453125,4099.92919921875,4145.3828125,2771.32568359375,100395764,BBRI.JK,0.6685331147794327
2020-02-06,4172.6552734375,4172.6552734375,4118.11083984375,4136.2919921875,2765.248046875,104342852,BBRI.JK,0.6685330852120486
2020-02-07,4163.564453125,4163.564453125,4127.20166015625,4136.2919921875,2765.248046875,146349277,BBRI.JK,0.6685330852120486
2020-02-10,4090.83837890625,4118.11083984375,3999.930908203125,4090.83837890625,2734.861083984375,187982906,BBRI.JK,0.6685331540073169
2020-02-11,4127.20166015625,4127.20166015625,4072.656982421875,4099.92919921875,2740.938232421875,93666727,BBRI.JK,0.6685330646549131
2020-02-12,4109.02001953125,4145.3828125,4109.02001953125,4118.11083984375,2753.093505859375,143167912,BBRI.JK,0.668533124272059
2020-02-13,4163.564453125,4172.6552734375,4127.20166015625,4154.4736328125,2777.403076171875,87683284,BBRI.JK,0.6685330854517003
2020-02-14,4118.11083984375,4172.6552734375,4118.11083984375,4136.2919921875,2765.248046875,139707803,BBRI.JK,0.6685330852120486
2020-02-17,4072.656982421875,4127.20166015625,4063.566162109375,4063.566162109375,2716.62841796875,131738165,BBRI.JK,0.6685330838955906
2020-02-18,4063.566162109375,4090.83837890625,3999.930908203125,3999.930908203125,2674.086181640625,97565635,BBRI.JK,0.6685330929483217
2020-02-19,4054.475341796875,4072.656982421875,4045.384765625,4072.656982421875,2722.705810546875,110893685,BBRI.JK,0.6685330540476236
2020-02-20,4109.02001953125,4163.564453125,4099.92919921875,4145.3828125,2771.32568359375,108000305,BBRI.JK,0.6685331147794327
2020-02-21,4145.3828125,4145.3828125,4099.92919921875,4099.92919921875,2740.938232421875,117658802,BBRI.JK,0.6685330646549131
2020-02-24,4127.20166015625,4127.20166015625,4063.566162109375,4081.74755859375,2728.783447265625,113200755,BBRI.JK,0.6685331241321915
2020-02-25,4054.475341796875,4136.2919921875,4054.475341796875,4090.83837890625,2734.861083984375,125324724,BBRI.JK,0.6685331540073169
2020-02-26,4090.83837890625,4099.92919921875,4063.566162109375,4072.656982421875,2722.705810546875,164120194,BBRI.JK,0.6685330540476236
2020-02-27,3981.74951171875,3981.74951171875,3745.389892578125,3754.480712890625,2607.9091796875,227877075,BBRI.JK,0.6946124854852792
2020-02-28,3627.2099609375,3809.025146484375,3554.484130859375,3809.025146484375,2645.7958984375,211162617,BBRI.JK,0.6946123474347489
2020-03-02,3809.025146484375,3818.115966796875,3618.119384765625,3618.119384765625,2513.19091796875,206428685,BBRI.JK,0.6946124908290028
2020-03-03,3681.754638671875,3799.934326171875,3636.30078125,3727.208251953125,2588.96533203125,218258509,BBRI.JK,0.6946124705198817
2020-03-04,3763.5712890625,3854.478759765625,3754.480712890625,3836.29736328125,2664.73974609375,127937929,BBRI.JK,0.6946124071608862
2020-03-05,3899.9326171875,3909.0234375,3754.480712890625,3772.662109375,2620.5380859375,146949558,BBRI.JK,0.6946124540084065
2020-03-06,3672.663818359375,3681.754638671875,3636.30078125,3645.3916015625,2532.134033203125,175334118,BBRI.JK,0.6946123516929685
2020-03-09,3545.393310546875,3590.84716796875,3409.031982421875,3409.031982421875,2367.955810546875,163934401,BBRI.JK,0.6946123775772296
2020-03-10,3436.30419921875,3663.572998046875,3436.30419921875,3554.484130859375,2468.988525390625,182576203,BBRI.JK,0.6946123359942228
2020-03-11,3590.84716796875,3663.572998046875,3527.2119140625,3554.484130859375,2468.988525390625,195275262,BBRI.JK,0.6946123359942228
2020-03-12,3472.667236328125,3490.848876953125,3272.670654296875,3281.761474609375,2279.55224609375,167137546,BBRI.JK,0.6946124097471413
2020-03-13,3281.761474609375,3427.213623046875,3054.49267578125,3381.759765625,2349.01220703125,295725807,BBRI.JK,0.6946123822598372
2020-03-16,3409.031982421875,3409.031982421875,3145.400146484375,3181.76318359375,2210.09228515625,196265939,BBRI.JK,0.6946124389622192
2020-03-17,3181.76318359375,3245.3984375,2963.585205078125,2963.585205078125,2058.54296875,229429422,BBRI.JK,0.6946123786900649
2020-03-18,2972.676025390625,3127.21875,2809.04248046875,2854.49609375,1982.7686767578125,272919333,BBRI.JK,0.6946125030961299
2020-03-19,2845.405517578125,2854.49609375,2663.59033203125,2663.59033203125,1850.162841796875,151744210,BBRI.JK,0.6946123882293654
2020-03-20,2663.59033203125,2699.953369140625,2481.775390625,2554.501220703125,1774.38818359375,658210668,BBRI.JK,0.6946123842936942
2020-03-23,2409.04931640625,2454.503173828125,2381.777099609375,2381.777099609375,1654.4122314453125,180848183,BBRI.JK,0.694612536041532
2020-03-24,2345.4140625,2499.956787109375,2218.1435546875,2218.1435546875,1540.7498779296875,544651637,BBRI.JK,0.6946123368226967
2020-03-26,2272.68798828125,2727.2255859375,2272.68798828125,2672.68115234375,1856.477294921875,698059077,BBRI.JK,0.6946123346190687
2020-03-27,2727.2255859375,3336.305908203125,2727.2255859375,2936.31298828125,2039.599365234375,529032687,BBRI.JK,0.6946123840933729
2020-03-30,2863.5869140625,2863.5869140625,2736.31640625,2736.31640625,1900.679443359375,239264252,BBRI.JK,0.6946124501603861
2020-03-31,2818.133056640625,2909.040771484375,2699.953369140625,2745.4072265625,1906.994140625,346502244,BBRI.JK,0.6946124866920855
2020-04-01,2736.31640625,2799.95166015625,2636.318115234375,2663.59033203125,1850.162841796875,298923123,BBRI.JK,0.6946123882293654
2020-04-02,2590.8642578125,2636.318115234375,2545.41064453125,2609.0458984375,1812.27587890625,329876337,BBRI.JK,0.694612494165619
2020-04-03,2663.59033203125,2681.77197265625,2572.682861328125,2627.227294921875,1824.9049072265625,322467159,BBRI.JK,0.6946124953687455
2020-04-06,2681.77197265625,2754.497802734375,2645.408935546875,2745.4072265625,1906.994140625,313615306,BBRI.JK,0.6946124866920855
2020-04-07,2818.133056640625,2945.403564453125,2681.77197265625,2754.497802734375,1913.308349609375,445935822,BBRI.JK,0.6946124072816628
2020-04-08,2727.2255859375,2763.588623046875,2563.592041015625,2563.592041015625,1780.702880859375,322246825,BBRI.JK,0.694612423649868
2020-04-09,2599.955078125,2645.408935546875,2499.956787109375,2536.31982421875,1761.7591552734375,292370749,BBRI.JK,0.6946123822598372
2020-04-13,2536.31982421875,2581.773681640625,2454.503173828125,2518.138427734375,1749.1302490234375,136106890,BBRI.JK,0.6946124286730213
2020-04-14,2536.31982421875,2636.318115234375,2518.138427734375,2636.318115234375,1831.2188720703125,241711574,BBRI.JK,0.6946122554362195
2020-04-15,2636.318115234375,2718.134765625,2481.775390625,2509.047607421875,1742.8155517578125,351010672,BBRI.JK,0.6946123886220756
2020-04-16,2518.138427734375,2518.138427734375,2345.4140625,2372.686279296875,1648.097412109375,404530667,BBRI.JK,0.6946124426520367
2020-04-17,2427.230712890625,2581.773681640625,2418.14013671875,2572.682861328125,1787.017333984375,442565694,BBRI.JK,0.6946123678306166
2020-04-20,2618.136474609375,2636.318115234375,2509.047607421875,2527.22900390625,1755.4449462890625,244213568,BBRI.JK,0.6946125355382248
2020-04-21,2499.956787109375,2536.31982421875,2445.412353515625,2472.6845703125,1717.5576171875,146163154,BBRI.JK,0.6946125024634394
2020-04-22,2454.503173828125,2572.682861328125,2409.04931640625,2536.31982421875,1761.7591552734375,197501041,BBRI.JK,0.6946123822598372
2020-04-23,2572.682861328125,2618.136474609375,2536.31982421875,2545.41064453125,1768.07373046875,237791877,BBRI.JK,0.6946123739473674
2020-04-24,2545.41064453125,2545.41064453125,2390.86767578125,2390.86767578125,1660.7261962890625,323088010,BBRI.JK,0.6946123422520222
2020-04-27,2436.321533203125,2454.503173828125,2372.686279296875,2418.14013671875,1679.670166015625,200872709,BBRI.JK,0.6946124174154861
2020-04-28,2436.321533203125,2445.412353515625,2336.3232421875,2354.5048828125,1635.46826171875,295130807,BBRI.JK,0.6946123890663385
2020-04-29,2363.595458984375,2381.777099609375,2327.232421875,2345.4140625,1629.1539306640625,230054013,BBRI.JK,0.6946125022067665
2020-04-30,2381.777099609375,2490.865966796875,2372.686279296875,2481.775390625,1723.8719482421875,475289499,BBRI.JK,0.6946123951241433
2020-05-04,2427.230712890625,2436.321533203125,2363.595458984375,2390.86767578125,1660.7261962890625,220673601,BBRI.JK,0.6946123422520222
2020-05-05,2390.86767578125,2436.321533203125,2372.686279296875,2390.86767578125,1660.7261962890625,203241160,BBRI.JK,0.6946123422520222
2020-05-06,2390.86767578125,2409.04931640625,2363.595458984375,2381.777099609375,1654.4122314453125,190361478,BBRI.JK,0.694612536041532
2020-05-08,2399.95849609375,2418.14013671875,2345.4140625,2354.5048828125,1635.46826171875,226345299,BBRI.JK,0.6946123890663385
2020-05-11,2390.86767578125,2399.95849609375,2363.595458984375,2381.777099609375,1654.4122314453125,170062057,BBRI.JK,0.694612536041532
2020-05-12,2381.777099609375,2390.86767578125,2245.415771484375,2263.59716796875,1572.3228759765625,405546974,BBRI.JK,0.6946124947609358
2020-05-13,2236.324951171875,2290.86962890625,2218.1435546875,2245.415771484375,1559.69384765625,372457853,BBRI.JK,0.6946124933580495
2020-05-14,2218.1435546875,2254.506591796875,2118.145263671875,2136.32666015625,1483.9190673828125,517300545,BBRI.JK,0.6946124368799851
2020-05-15,2163.598876953125,2181.780517578125,2009.05615234375,2036.3284912109373,1414.4588623046875,654135428,BBRI.JK,0.6946123223289753
2020-05-18,2045.419189453125,2063.600830078125,1963.6024169921875,1972.6932373046875,1370.2572021484375,501017513,BBRI.JK,0.6946124091856446
2020-05-19,2045.419189453125,2199.9619140625,2045.419189453125,2154.50830078125,1496.548095703125,584451204,BBRI.JK,0.6946123601196891
2020-05-20,2145.41748046875,2272.68798828125,2109.054443359375,2254.506591796875,1566.008056640625,433842983,BBRI.JK,0.6946123210899523
2020-05-26,2318.141845703125,2318.141845703125,2245.415771484375,2290.86962890625,1591.2664794921875,444514707,BBRI.JK,0.6946124124278167
2020-05-27,2309.051025390625,2390.86767578125,2290.86962890625,2390.86767578125,1660.7261962890625,476102523,BBRI.JK,0.6946123422520222
2020-05-28,2399.95849609375,2527.22900390625,2399.95849609375,2481.775390625,1723.8719482421875,498739044,BBRI.JK,0.6946123951241433
2020-05-29,2454.503173828125,2681.77197265625,2454.503173828125,2681.77197265625,1862.7919921875,959884609,BBRI.JK,0.6946123724092902
2020-06-02,2681.77197265625,2990.857421875,2681.77197265625,2890.859130859375,2008.02685546875,514215761,BBRI.JK,0.6946124887350763
2020-06-03,2909.040771484375,2981.7666015625,2736.31640625,2818.133056640625,1957.51025390625,481917223,BBRI.JK,0.6946124311957483
2020-06-04,2836.314697265625,2909.040771484375,2754.497802734375,2781.77001953125,1932.2520751953125,275162272,BBRI.JK,0.6946124451801059
2020-06-05,2790.86083984375,2845.405517578125,2690.862548828125,2827.223876953125,1963.824951171875,294137820,BBRI.JK,0.6946124667312418
2020-06-08,2890.859130859375,3063.58349609375,2881.768310546875,2999.9482421875,2083.80126953125,422772612,BBRI.JK,0.6946124070499914
2020-06-09,3045.40185546875,3054.49267578125,2918.13134765625,2918.13134765625,2026.970458984375,279951975,BBRI.JK,0.694612482269646
2020-06-10,2890.859130859375,2890.859130859375,2727.2255859375,2754.497802734375,1913.308349609375,487562851,BBRI.JK,0.6946124072816628
2020-06-11,2845.405517578125,2845.405517578125,2636.318115234375,2699.953369140625,1875.421142578125,409589324,BBRI.JK,0.69461241961192
2020-06-12,2636.318115234375,2763.588623046875,2545.41064453125,2754.497802734375,1913.308349609375,519350210,BBRI.JK,0.6946124072816628
2020-06-15,2763.588623046875,2772.679443359375,2627.227294921875,2636.318115234375,1831.2188720703125,253847754,BBRI.JK,0.6946122554362195
2020-06-16,2699.953369140625,2863.5869140625,2690.862548828125,2845.405517578125,1976.453857421875,372556634,BBRI.JK,0.694612365517636
2020-06-17,2909.040771484375,2909.040771484375,2799.95166015625,2818.133056640625,1957.51025390625,240003025,BBRI.JK,0.6946124311957483
2020-06-18,2772.679443359375,2836.314697265625,2763.588623046875,2772.679443359375,1925.9376220703125,144039347,BBRI.JK,0.6946124358814623
2020-06-19,2799.95166015625,2827.223876953125,2781.77001953125,2818.133056640625,1957.51025390625,183669732,BBRI.JK,0.6946124311957483
2020-06-22,2818.133056640625,2827.223876953125,2754.497802734375,2781.77001953125,1932.2520751953125,104916512,BBRI.JK,0.6946124451801059
2020-06-23,2745.4072265625,2781.77001953125,2709.044189453125,2736.31640625,1900.679443359375,188566907,BBRI.JK,0.6946124501603861
2020-06-24,2772.679443359375,2854.49609375,2736.31640625,2836.314697265625,1970.139404296875,339338591,BBRI.JK,0.6946124159622364
2020-06-25,2818.133056640625,2827.223876953125,2763.588623046875,2781.77001953125,1932.2520751953125,174033235,BBRI.JK,0.6946124451801059
2020-06-26,2818.133056640625,2836.314697265625,2745.4072265625,2754.497802734375,1913.308349609375,162039618,BBRI.JK,0.6946124072816628
2020-06-29,2763.588623046875,2781.77001953125,2709.044189453125,2763.588623046875,1919.623291015625,130693147,BBRI.JK,0.6946125320559569
2020-06-30,2790.86083984375,2827.223876953125,2754.497802734375,2754.497802734375,1913.308349609375,147418716,BBRI.JK,0.6946124072816628
2020-07-01,2763.588623046875,2790.86083984375,2754.497802734375,2781.77001953125,1932.2520751953125,111421694,BBRI.JK,0.6946124451801059
2020-07-02,2809.04248046875,2809.04248046875,2763.588623046875,2781.77001953125,1932.2520751953125,186436280,BBRI.JK,0.6946124451801059
2020-07-03,2781.77001953125,2809.04248046875,2763.588623046875,2772.679443359375,1925.9376220703125,54421019,BBRI.JK,0.6946124358814623
2020-07-06,2790.86083984375,2818.133056640625,2754.497802734375,2763.588623046875,1919.623291015625,148148028,BBRI.JK,0.6946125320559569
2020-07-07,2790.86083984375,2799.95166015625,2754.497802734375,2754.497802734375,1913.308349609375,228112810,BBRI.JK,0.6946124072816628
2020-07-08,2763.588623046875,2909.040771484375,2754.497802734375,2899.949951171875,2014.34130859375,373640813,BBRI.JK,0.694612439011146
2020-07-09,2899.949951171875,2936.31298828125,2854.49609375,2854.49609375,1982.7686767578125,211404181,BBRI.JK,0.6946125030961299
2020-07-10,2845.405517578125,2863.5869140625,2818.133056640625,2827.223876953125,1963.824951171875,117829855,BBRI.JK,0.6946124667312418
2020-07-13,2845.405517578125,2890.859130859375,2772.679443359375,2872.677734375,1995.39794921875,105451891,BBRI.JK,0.6946125300939414
2020-07-14,2872.677734375,2954.494384765625,2845.405517578125,2881.768310546875,2001.712158203125,232365483,BBRI.JK,0.6946124540536913
2020-07-15,2909.040771484375,2945.403564453125,2845.405517578125,2845.405517578125,1976.453857421875,182296468,BBRI.JK,0.694612365517636
2020-07-16,2845.405517578125,2872.677734375,2845.405517578125,2854.49609375,1982.7686767578125,128809144,BBRI.JK,0.6946125030961299
2020-07-17,2854.49609375,2863.5869140625,2818.133056640625,2818.133056640625,1957.51025390625,131548742,BBRI.JK,0.6946124311957483
2020-07-20,2818.133056640625,2845.405517578125,2754.497802734375,2772.679443359375,1925.9376220703125,150206164,BBRI.JK,0.6946124358814623
2020-07-21,2772.679443359375,2890.859130859375,2772.679443359375,2863.5869140625,1989.083251953125,224576578,BBRI.JK,0.6946124953236574
2020-07-22,2872.677734375,2881.768310546875,2809.04248046875,2818.133056640625,1957.51025390625,190916547,BBRI.JK,0.6946124311957483
2020-07-23,2836.314697265625,2872.677734375,2818.133056640625,2854.49609375,1982.7686767578125,162646279,BBRI.JK,0.6946125030961299
2020-07-24,2845.405517578125,2854.49609375,2809.04248046875,2809.04248046875,1951.19580078125,104287961,BBRI.JK,0.6946124219722196
2020-07-27,2809.04248046875,2863.5869140625,2809.04248046875,2863.5869140625,1989.083251953125,103970385,BBRI.JK,0.6946124953236574
2020-07-28,2872.677734375,2881.768310546875,2818.133056640625,2854.49609375,1982.7686767578125,113763744,BBRI.JK,0.6946125030961299
2020-07-29,2854.49609375,2863.5869140625,2818.133056640625,2836.314697265625,1970.139404296875,73895646,BBRI.JK,0.6946124159622364
2020-07-30,2845.405517578125,2881.768310546875,2827.223876953125,2872.677734375,1995.39794921875,86328061,BBRI.JK,0.6946125300939414
2020-08-03,2881.768310546875,2890.859130859375,2699.953369140625,2718.134765625,1888.05029296875,373214336,BBRI.JK,0.6946124661830803
2020-08-04,2727.2255859375,2799.95166015625,2727.2255859375,2799.95166015625,1944.88134765625,171919769,BBRI.JK,0.6946124732552407
2020-08-05,2818.133056640625,2827.223876953125,2763.588623046875,2799.95166015625,1944.88134765625,177648668,BBRI.JK,0.6946124732552407
2020-08-06,2818.133056640625,2845.405517578125,2809.04248046875,2827.223876953125,1963.824951171875,126064817,BBRI.JK,0.6946124667312418
2020-08-07,2827.223876953125,2845.405517578125,2781.77001953125,2827.223876953125,1963.824951171875,98910738,BBRI.JK,0.6946124667312418
2020-08-10,2827.223876953125,2863.5869140625,2818.133056640625,2845.405517578125,1976.453857421875,100613457,BBRI.JK,0.694612365517636
2020-08-11,2845.405517578125,2927.22216796875,2845.405517578125,2899.949951171875,2014.34130859375,189708286,BBRI.JK,0.694612439011146
2020-08-12,2899.949951171875,3063.58349609375,2899.949951171875,3045.40185546875,2115.3740234375,505369848,BBRI.JK,0.6946124432277593
2020-08-13,3045.40185546875,3136.3095703125,2999.9482421875,3027.220458984375,2102.744873046875,235648930,BBRI.JK,0.6946124015534504
2020-08-14,3027.220458984375,3045.40185546875,2981.7666015625,3036.311279296875,2109.0595703125,109069303,BBRI.JK,0.6946124347306378
2020-08-18,3036.311279296875,3209.035400390625,3036.311279296875,3199.94482421875,2222.72119140625,288206078,BBRI.JK,0.6946123491203996
2020-08-19,3199.94482421875,3309.03369140625,3199.94482421875,3236.3076171875,2247.9794921875,239290433,BBRI.JK,0.6946124281415181
2020-08-24,3209.035400390625,3318.12451171875,3199.94482421875,3309.03369140625,2298.495849609375,214473234,BBRI.JK,0.694612404696483
2020-08-25,3336.305908203125,3454.48583984375,3309.03369140625,3454.48583984375,2399.52880859375,197233406,BBRI.JK,0.6946124314413988
2020-08-26,3454.48583984375,3472.667236328125,3363.578369140625,3399.941162109375,2361.641357421875,178162157,BBRI.JK,0.6946124196916034
2020-08-27,3399.941162109375,3436.30419921875,3327.21533203125,3363.578369140625,2336.383544921875,206786961,BBRI.JK,0.6946124895906045
2020-08-28,3372.6689453125,3399.941162109375,3318.12451171875,3354.487548828125,2330.069091796875,85678499,BBRI.JK,0.6946125325791935
2020-08-31,3363.578369140625,3399.941162109375,3181.76318359375,3190.85400390625,2216.40673828125,292651694,BBRI.JK,0.6946123939133286
2020-09-01,3227.217041015625,3299.943115234375,3163.581787109375,3281.761474609375,2279.55224609375,216658972,BBRI.JK,0.6946124097471413
2020-09-02,3290.852294921875,3327.21533203125,3263.580078125,3327.21533203125,2311.12548828125,117619091,BBRI.JK,0.6946125386090711
2020-09-03,3327.21533203125,3354.487548828125,3227.217041015625,3254.4892578125,2260.608642578125,197577052,BBRI.JK,0.6946124148824475
2020-09-04,3281.761474609375,3281.761474609375,3163.581787109375,3227.217041015625,2241.6650390625,148013826,BBRI.JK,0.6946124201045475
2020-09-07,3227.217041015625,3245.3984375,3181.76318359375,3190.85400390625,2216.40673828125,104297421,BBRI.JK,0.6946123939133286
2020-09-08,3190.85400390625,3245.3984375,3190.85400390625,3199.94482421875,2222.72119140625,89521636,BBRI.JK,0.6946123491203996
2020-09-09,3163.581787109375,3172.67236328125,3072.67431640625,3099.946533203125,2153.26123046875,196282440,BBRI.JK,0.6946123771508471
2020-09-10,2999.9482421875,2999.9482421875,2890.859130859375,2890.859130859375,2008.02685546875,305637969,BBRI.JK,0.6946124887350763
2020-09-11,2745.4072265625,3009.038818359375,2736.31640625,2954.494384765625,2052.228271484375,641858446,BBRI.JK,0.6946123445237736
2020-09-14,2999.9482421875,3136.3095703125,2999.9482421875,3127.21875,2172.205078125,303482811,BBRI.JK,0.6946124501603861
2020-09-15,3127.21875,3145.400146484375,3009.038818359375,3027.220458984375,2102.744873046875,215087925,BBRI.JK,0.6946124015534504
2020-09-16,3063.58349609375,3081.764892578125,2945.403564453125,2963.585205078125,2058.54296875,152384862,BBRI.JK,0.6946123786900649
2020-09-17,2972.676025390625,3009.038818359375,2881.768310546875,2909.040771484375,2020.65576171875,184375724,BBRI.JK,0.6946123895979928
2020-09-18,2909.040771484375,2972.676025390625,2899.949951171875,2927.22216796875,2033.284912109375,223172404,BBRI.JK,0.6946124330290606
2020-09-21,2909.040771484375,2954.494384765625,2863.5869140625,2899.949951171875,2014.34130859375,125587849,BBRI.JK,0.694612439011146
2020-09-22,2827.223876953125,2899.949951171875,2818.133056640625,2845.405517578125,1976.453857421875,148046607,BBRI.JK,0.694612365517636
2020-09-23,2881.768310546875,2890.859130859375,2772.679443359375,2799.95166015625,1944.88134765625,132670981,BBRI.JK,0.6946124732552407
2020-09-24,2754.497802734375,2799.95166015625,2736.31640625,2754.497802734375,1913.308349609375,180569548,BBRI.JK,0.6946124072816628
2020-09-25,2781.77001953125,2890.859130859375,2763.588623046875,2872.677734375,1995.39794921875,186363128,BBRI.JK,0.6946125300939414
2020-09-28,2890.859130859375,2936.31298828125,2799.95166015625,2809.04248046875,1951.19580078125,149014953,BBRI.JK,0.6946124219722196
2020-09-29,2836.314697265625,2872.677734375,2745.4072265625,2763.588623046875,1919.623291015625,200970281,BBRI.JK,0.6946125320559569
2020-09-30,2781.77001953125,2799.95166015625,2727.2255859375,2763.588623046875,1919.623291015625,184622458,BBRI.JK,0.6946125320559569
2020-10-01,2809.04248046875,2881.768310546875,2781.77001953125,2872.677734375,1995.39794921875,143036570,BBRI.JK,0.6946125300939414
2020-10-02,2890.859130859375,2918.13134765625,2781.77001953125,2818.133056640625,1957.51025390625,172772944,BBRI.JK,0.6946124311957483
2020-10-05,2872.677734375,2881.768310546875,2827.223876953125,2872.677734375,1995.39794921875,101996951,BBRI.JK,0.6946125300939414
2020-10-06,2927.22216796875,2945.403564453125,2890.859130859375,2899.949951171875,2014.34130859375,132900775,BBRI.JK,0.694612439011146
2020-10-07,2872.677734375,2881.768310546875,2799.95166015625,2836.314697265625,1970.139404296875,317619596,BBRI.JK,0.6946124159622364
2020-10-08,2863.5869140625,2881.768310546875,2827.223876953125,2863.5869140625,1989.083251953125,136318754,BBRI.JK,0.6946124953236574
2020-10-09,2863.5869140625,2881.768310546875,2836.314697265625,2863.5869140625,1989.083251953125,89241681,BBRI.JK,0.6946124953236574
2020-10-12,2872.677734375,2918.13134765625,2863.5869140625,2899.949951171875,2014.34130859375,172174643,BBRI.JK,0.694612439011146
2020-10-13,2899.949951171875,2999.9482421875,2863.5869140625,2981.7666015625,2071.171875,224885904,BBRI.JK,0.694612339515329
2020-10-14,2999.9482421875,3072.67431640625,2990.857421875,3054.49267578125,2121.6884765625,213271353,BBRI.JK,0.6946123961550617
2020-10-15,3054.49267578125,3072.67431640625,3009.038818359375,3009.038818359375,2090.11572265625,201627762,BBRI.JK,0.694612415733423
2020-10-16,3036.311279296875,3054.49267578125,2918.13134765625,2954.494384765625,2052.228271484375,154490628,BBRI.JK,0.6946123445237736
2020-10-19,2963.585205078125,2990.857421875,2936.31298828125,2981.7666015625,2071.171875,105821057,BBRI.JK,0.694612339515329
2020-10-20,2981.7666015625,2990.857421875,2918.13134765625,2954.494384765625,2052.228271484375,147444676,BBRI.JK,0.6946123445237736
2020-10-21,2981.7666015625,3009.038818359375,2936.31298828125,2945.403564453125,2045.913818359375,128682202,BBRI.JK,0.6946123930352618
2020-10-22,2927.22216796875,2999.9482421875,2909.040771484375,2999.9482421875,2083.80126953125,176153302,BBRI.JK,0.6946124070499914
2020-10-23,3045.40185546875,3045.40185546875,2972.676025390625,2990.857421875,2077.486572265625,128973377,BBRI.JK,0.6946123733852972
2020-10-26,2999.9482421875,3054.49267578125,2990.857421875,3036.311279296875,2109.0595703125,111346673,BBRI.JK,0.6946124347306378
2020-10-27,3036.311279296875,3090.855712890625,3027.220458984375,3054.49267578125,2121.6884765625,201640192,BBRI.JK,0.6946123961550617
2020-11-02,3054.49267578125,3081.764892578125,2999.9482421875,3072.67431640625,2134.318115234375,172465378,BBRI.JK,0.6946125412115394
2020-11-03,3081.764892578125,3090.855712890625,3054.49267578125,3072.67431640625,2134.318115234375,133604017,BBRI.JK,0.6946125412115394
2020-11-04,3109.037109375,3109.037109375,2990.857421875,2990.857421875,2077.486572265625,152055736,BBRI.JK,0.6946123733852972
2020-11-05,3063.58349609375,3172.67236328125,3054.49267578125,3172.67236328125,2203.77783203125,258276321,BBRI.JK,0.6946124842692716
2020-11-06,3190.85400390625,3272.670654296875,3154.490966796875,3236.3076171875,2247.9794921875,295649686,BBRI.JK,0.6946124281415181
2020-11-09,3345.396728515625,3354.487548828125,3254.4892578125,3354.487548828125,2330.069091796875,283205831,BBRI.JK,0.6946125325791935
2020-11-10,3454.48583984375,3645.3916015625,3427.213623046875,3636.30078125,2525.819580078125,622129055,BBRI.JK,0.6946123910051961
2020-11-11,3609.028564453125,3809.025146484375,3590.84716796875,3745.389892578125,2601.5947265625,392814584,BBRI.JK,0.6946125239772306
2020-11-12,3727.208251953125,3727.208251953125,3563.57470703125,3590.84716796875,2494.247314453125,366633582,BBRI.JK,0.6946124960990909
2020-11-13,3609.028564453125,3709.02685546875,3599.937744140625,3636.30078125,2525.819580078125,261115910,BBRI.JK,0.6946123910051961
2020-11-16,3681.754638671875,3699.93603515625,3572.66552734375,3599.937744140625,2500.5615234375,212327977,BBRI.JK,0.6946124353143314
2020-11-17,3636.30078125,3654.482421875,3572.66552734375,3599.937744140625,2500.5615234375,198939646,BBRI.JK,0.6946124353143314
2020-11-18,3618.119384765625,3681.754638671875,3609.028564453125,3672.663818359375,2551.077880859375,200926500,BBRI.JK,0.6946124140485511
2020-11-19,3645.3916015625,3754.480712890625,3618.119384765625,3672.663818359375,2551.077880859375,219674674,BBRI.JK,0.6946124140485511
2020-11-20,3672.663818359375,3709.02685546875,3627.2099609375,3654.482421875,2538.44873046875,137266310,BBRI.JK,0.6946123793821265
2020-11-23,3645.3916015625,3727.208251953125,3645.3916015625,3709.02685546875,2576.3359375,135864336,BBRI.JK,0.6946123708167112
2020-11-24,3745.389892578125,3845.38818359375,3709.02685546875,3818.115966796875,2652.11083984375,226784757,BBRI.JK,0.6946124378900624
2020-11-25,3927.204833984375,3990.840087890625,3863.569580078125,3927.204833984375,2727.88525390625,311676963,BBRI.JK,0.6946124200857263
2020-11-26,3836.29736328125,3927.204833984375,3836.29736328125,3899.9326171875,2708.94189453125,150181303,BBRI.JK,0.694612487044673
2020-11-27,3936.295654296875,3972.65869140625,3881.751220703125,3881.751220703125,2696.312744140625,126437063,BBRI.JK,0.6946124547497986
2020-11-30,3863.569580078125,3890.841796875,3627.2099609375,3718.11767578125,2582.650634765625,493687757,BBRI.JK,0.6946123979852141
2020-12-01,3754.480712890625,3872.660400390625,3699.93603515625,3854.478759765625,2677.368896484375,251258199,BBRI.JK,0.6946124400610719
2020-12-02,3927.204833984375,3945.386474609375,3863.569580078125,3909.0234375,2715.25634765625,149985830,BBRI.JK,0.6946124501603861
2020-12-03,3954.47705078125,3999.930908203125,3909.0234375,3999.930908203125,2778.401611328125,218887830,BBRI.JK,0.6946124008367576
2020-12-04,3999.930908203125,3999.930908203125,3881.751220703125,3909.0234375,2715.25634765625,165420527,BBRI.JK,0.6946124501603861
2020-12-07,3954.47705078125,4018.1123046875,3954.47705078125,3999.930908203125,2778.401611328125,154937236,BBRI.JK,0.6946124008367576
2020-12-08,3999.930908203125,3999.930908203125,3945.386474609375,3999.930908203125,2778.401611328125,89400744,BBRI.JK,0.6946124008367576
2020-12-10,4045.384765625,4045.384765625,3936.295654296875,3936.295654296875,2734.199951171875,212997338,BBRI.JK,0.6946124456345681
2020-12-11,3999.930908203125,3999.930908203125,3872.660400390625,3890.841796875,2702.627197265625,191894904,BBRI.JK,0.69461246135381
2020-12-14,3909.0234375,3918.1142578125,3881.751220703125,3890.841796875,2702.627197265625,140126140,BBRI.JK,0.69461246135381
2020-12-15,3890.841796875,3899.9326171875,3854.478759765625,3890.841796875,2702.627197265625,147085740,BBRI.JK,0.69461246135381
2020-12-16,3945.386474609375,3954.47705078125,3909.0234375,3927.204833984375,2727.88525390625,143051750,BBRI.JK,0.6946124200857263
2020-12-17,3963.56787109375,3963.56787109375,3918.1142578125,3936.295654296875,2734.199951171875,155902502,BBRI.JK,0.6946124456345681
2020-12-18,3881.751220703125,3909.0234375,3881.751220703125,3890.841796875,2702.627197265625,228155710,BBRI.JK,0.69461246135381
2020-12-21,3936.295654296875,3945.386474609375,3827.20654296875,3827.20654296875,2658.425048828125,240869950,BBRI.JK,0.6946123808531103
2020-12-22,3854.478759765625,3890.841796875,3745.389892578125,3754.480712890625,2607.9091796875,188635658,BBRI.JK,0.6946124854852792
2020-12-23,3772.662109375,3799.934326171875,3590.84716796875,3781.7529296875,2626.8525390625,187175822,BBRI.JK,0.6946124159622364
2020-12-28,3863.569580078125,3872.660400390625,3781.7529296875,3863.569580078125,2683.683349609375,94730336,BBRI.JK,0.6946124028534018
2020-12-29,3863.569580078125,3890.841796875,3790.843505859375,3799.934326171875,2639.481689453125,82725388,BBRI.JK,0.6946124492925614
2020-12-30,3809.025146484375,3827.20654296875,3754.480712890625,3790.843505859375,2633.1669921875,99024700,BBRI.JK,0.6946124228334685
2021-01-04,3772.662109375,3927.204833984375,3772.662109375,3918.1142578125,2721.571044921875,106226854,BBRI.JK,0.694612475758004
2021-01-05,3909.0234375,3909.0234375,3854.478759765625,3881.751220703125,2696.312744140625,106964857,BBRI.JK,0.6946124547497986
2021-01-06,3890.841796875,3909.0234375,3781.7529296875,3818.115966796875,2652.11083984375,128299616,BBRI.JK,0.6946124378900624
2021-01-07,3872.660400390625,3899.9326171875,3827.20654296875,3890.841796875,2702.627197265625,141798389,BBRI.JK,0.69461246135381
2021-01-08,3936.295654296875,3990.840087890625,3909.0234375,3990.840087890625,2772.087158203125,205011531,BBRI.JK,0.6946124367685008
2021-01-11,4018.1123046875,4236.29052734375,4009.021728515625,4227.19970703125,2936.265625,422093240,BBRI.JK,0.694612468891878
2021-01-12,4254.47216796875,4336.28857421875,4245.38134765625,4290.8349609375,2980.46728515625,260390447,BBRI.JK,0.6946124267862893
2021-01-13,4336.28857421875,4399.923828125,4318.107421875,4354.47021484375,3024.6689453125,231181533,BBRI.JK,0.694612385911344
2021-01-14,4381.74267578125,4390.8330078125,4290.8349609375,4336.28857421875,3012.0400390625,146980798,BBRI.JK,0.6946124519872772
2021-01-15,4336.28857421875,4336.28857421875,4136.2919921875,4163.564453125,2892.0634765625,225189839,BBRI.JK,0.694612395009722
2021-01-18,4163.564453125,4227.19970703125,4127.20166015625,4199.92724609375,2917.3212890625,182568723,BBRI.JK,0.6946123392436927
2021-01-19,4272.6533203125,4272.6533203125,4190.8369140625,4199.92724609375,2917.3212890625,152430182,BBRI.JK,0.6946123392436927
2021-01-20,4245.38134765625,4472.64990234375,4227.19970703125,4445.3779296875,3087.81494140625,277723446,BBRI.JK,0.6946124694561833
2021-01-21,4472.64990234375,4499.92236328125,4336.28857421875,4354.47021484375,3024.6689453125,177275431,BBRI.JK,0.694612385911344
2021-01-22,4418.10546875,4418.10546875,4254.47216796875,4290.8349609375,2980.46728515625,183332136,BBRI.JK,0.6946124267862893
2021-01-25,4354.47021484375,4354.47021484375,4190.8369140625,4345.37939453125,3018.354248046875,165278734,BBRI.JK,0.6946123626962323
2021-01-26,4345.37939453125,4354.47021484375,4199.92724609375,4227.19970703125,2936.265625,163850580,BBRI.JK,0.694612468891878
2021-01-27,4227.19970703125,4290.8349609375,4090.83837890625,4199.92724609375,2917.3212890625,198692361,BBRI.JK,0.6946123392436927
2021-01-28,4163.564453125,4227.19970703125,4018.1123046875,4063.566162109375,2822.603271484375,176270344,BBRI.JK,0.6946123574420102
2021-01-29,4154.4736328125,4190.8369140625,3799.934326171875,3799.934326171875,2639.481689453125,308226863,BBRI.JK,0.6946124492925614
2021-02-01,3799.934326171875,4036.2939453125,3599.937744140625,3999.930908203125,2778.401611328125,355113743,BBRI.JK,0.6946124008367576
2021-02-02,4081.74755859375,4081.74755859375,3872.660400390625,3963.56787109375,2753.143310546875,167527833,BBRI.JK,0.6946123795748558
2021-02-03,4072.656982421875,4072.656982421875,3963.56787109375,3981.74951171875,2765.772705078125,124241205,BBRI.JK,0.6946124302742138
2021-02-04,4045.384765625,4163.564453125,3972.65869140625,4081.74755859375,2835.232666015625,162519997,BBRI.JK,0.6946124485445699
2021-02-05,4127.20166015625,4127.20166015625,4018.1123046875,4063.566162109375,2822.603271484375,99005120,BBRI.JK,0.6946123574420102
2021-02-08,4118.11083984375,4118.11083984375,4045.384765625,4054.475341796875,2816.2890625,120218986,BBRI.JK,0.6946124529276008
2021-02-09,4090.83837890625,4336.28857421875,4090.83837890625,4199.92724609375,2917.3212890625,464366860,BBRI.JK,0.6946123392436927
2021-02-10,4209.01806640625,4281.744140625,4181.74609375,4227.19970703125,2936.265625,202155881,BBRI.JK,0.694612468891878
2021-02-11,4272.6533203125,4281.744140625,4209.01806640625,4254.47216796875,2955.209228515625,99681961,BBRI.JK,0.6946124247244886
2021-02-15,4281.744140625,4345.37939453125,4272.6533203125,4281.744140625,2974.15283203125,93158189,BBRI.JK,0.6946124603319052
2021-02-16,4309.0166015625,4309.0166015625,4236.29052734375,4245.38134765625,2948.89453125,71623667,BBRI.JK,0.6946124010456676
2021-02-17,4281.744140625,4299.92578125,4199.92724609375,4209.01806640625,2923.63623046875,101529553,BBRI.JK,0.6946124213158851
2021-02-18,4272.6533203125,4336.28857421875,4227.19970703125,4245.38134765625,2948.89453125,152089286,BBRI.JK,0.6946124010456676
2021-02-19,4181.74609375,4354.47021484375,4181.74609375,4354.47021484375,3024.6689453125,109884637,BBRI.JK,0.694612385911344
2021-02-22,4409.0146484375,4427.1962890625,4327.19775390625,4354.47021484375,3024.6689453125,157619632,BBRI.JK,0.694612385911344
2021-02-23,4372.65185546875,4390.8330078125,4309.0166015625,4354.47021484375,3024.6689453125,107810772,BBRI.JK,0.694612385911344
2021-02-24,4354.47021484375,4381.74267578125,4281.744140625,4299.92578125,2986.78173828125,105582023,BBRI.JK,0.6946123933825166
2021-02-25,4336.28857421875,4336.28857421875,4245.38134765625,4299.92578125,2986.78173828125,131635423,BBRI.JK,0.6946123933825166
2021-02-26,4299.92578125,4318.107421875,4272.6533203125,4281.744140625,2974.15283203125,161796404,BBRI.JK,0.6946124603319052
2021-03-01,4363.56103515625,4390.8330078125,4290.8349609375,4390.8330078125,3049.927490234375,127020403,BBRI.JK,0.6946124994523168
2021-03-02,4427.1962890625,4436.287109375,4363.56103515625,4363.56103515625,3030.983642578125,75195758,BBRI.JK,0.6946124090297254
2021-03-03,4363.56103515625,4409.0146484375,4309.0166015625,4409.0146484375,3062.55615234375,85026738,BBRI.JK,0.6946123786250249
2021-03-04,4409.0146484375,4409.0146484375,4299.92578125,4327.19775390625,3005.725830078125,117897176,BBRI.JK,0.6946125416534973
2021-03-05,4309.0166015625,4336.28857421875,4272.6533203125,4336.28857421875,3012.0400390625,71188389,BBRI.JK,0.6946124519872772
2021-03-08,4363.56103515625,4381.74267578125,4299.92578125,4299.92578125,2986.78173828125,69917647,BBRI.JK,0.6946123933825166
2021-03-09,4318.107421875,4318.107421875,4145.3828125,4163.564453125,2892.0634765625,165527119,BBRI.JK,0.694612395009722
2021-03-10,4227.19970703125,4236.29052734375,4172.6552734375,4209.01806640625,2923.63623046875,77405916,BBRI.JK,0.6946124213158851
2021-03-12,4263.5625,4263.5625,4127.20166015625,4163.564453125,2892.0634765625,152360111,BBRI.JK,0.694612395009722
2021-03-15,4163.564453125,4209.01806640625,4145.3828125,4154.4736328125,2885.748779296875,95483079,BBRI.JK,0.6946123707477421
2021-03-16,4236.29052734375,4336.28857421875,4190.8369140625,4290.8349609375,2980.46728515625,151028868,BBRI.JK,0.6946124267862893
2021-03-17,4254.47216796875,4272.6533203125,4181.74609375,4245.38134765625,2948.89453125,116245827,BBRI.JK,0.6946124010456676
2021-03-18,4281.744140625,4336.28857421875,4263.5625,4327.19775390625,3005.725830078125,95635541,BBRI.JK,0.6946125416534973
2021-03-19,4318.107421875,4318.107421875,4245.38134765625,4245.38134765625,2948.89453125,166398004,BBRI.JK,0.6946124010456676
2021-03-22,4272.6533203125,4272.6533203125,4199.92724609375,4209.01806640625,2923.63623046875,67100278,BBRI.JK,0.6946124213158851
2021-03-23,4290.8349609375,4290.8349609375,4227.19970703125,4245.38134765625,2948.89453125,115036356,BBRI.JK,0.6946124010456676
2021-03-24,4299.92578125,4299.92578125,4227.19970703125,4245.38134765625,2948.89453125,120514341,BBRI.JK,0.6946124010456676
2021-03-25,4272.6533203125,4272.6533203125,4163.564453125,4199.92724609375,2917.3212890625,95145043,BBRI.JK,0.6946123392436927
2021-03-26,4209.01806640625,4290.8349609375,4199.92724609375,4290.8349609375,2980.46728515625,106978057,BBRI.JK,0.6946124267862893
2021-03-29,4345.37939453125,4345.37939453125,4290.8349609375,4290.8349609375,2980.46728515625,106807554,BBRI.JK,0.6946124267862893
2021-03-30,4272.6533203125,4272.6533203125,4072.656982421875,4090.83837890625,2841.54736328125,214898061,BBRI.JK,0.6946124730649912
2021-03-31,4045.384765625,4072.656982421875,3872.660400390625,3999.930908203125,2778.401611328125,323139711,BBRI.JK,0.6946124008367576
2021-04-01,3954.47705078125,3972.65869140625,3827.20654296875,3899.9326171875,2708.94189453125,340183845,BBRI.JK,0.694612487044673
2021-04-05,3927.204833984375,3936.295654296875,3781.7529296875,3818.115966796875,2652.11083984375,345533898,BBRI.JK,0.6946124378900624
2021-04-06,3790.843505859375,3845.38818359375,3772.662109375,3818.115966796875,2716.0712890625,167319270,BBRI.JK,0.7113642730294252
2021-04-07,3845.38818359375,3854.478759765625,3781.7529296875,3818.115966796875,2716.0712890625,116953800,BBRI.JK,0.7113642730294252
2021-04-08,3863.569580078125,3963.56787109375,3845.38818359375,3954.47705078125,2813.07421875,158572578,BBRI.JK,0.7113644061214736
2021-04-09,3981.74951171875,3999.930908203125,3954.47705078125,3954.47705078125,2813.07421875,125277643,BBRI.JK,0.7113644061214736
2021-04-12,3990.840087890625,3990.840087890625,3818.115966796875,3827.20654296875,2722.5380859375,115119078,BBRI.JK,0.7113642954387398
2021-04-13,3827.20654296875,3872.660400390625,3745.389892578125,3781.7529296875,2690.20458984375,120186645,BBRI.JK,0.711364449201617
2021-04-14,3890.841796875,3954.47705078125,3836.29736328125,3954.47705078125,2813.07421875,113531640,BBRI.JK,0.7113644061214736
2021-04-15,3990.840087890625,4009.021728515625,3890.841796875,4009.021728515625,2851.875,86272180,BBRI.JK,0.7113643160661869
2021-04-16,4045.384765625,4054.475341796875,3918.1142578125,3945.386474609375,2806.60693359375,74495706,BBRI.JK,0.7113642609300086
2021-04-19,3963.56787109375,3981.74951171875,3918.1142578125,3981.74951171875,2832.474609375,62185614,BBRI.JK,0.7113643389767988
2021-04-20,3899.9326171875,3936.295654296875,3836.29736328125,3918.1142578125,2787.20703125,98216076,BBRI.JK,0.7113644084504339
2021-04-21,3854.478759765625,3899.9326171875,3845.38818359375,3845.38818359375,2735.471923828125,51954007,BBRI.JK,0.7113643131008063
2021-04-22,3845.38818359375,3872.660400390625,3818.115966796875,3818.115966796875,2716.0712890625,118813822,BBRI.JK,0.7113642730294252
2021-04-23,3818.115966796875,3890.841796875,3809.025146484375,3863.569580078125,2748.405517578125,120513461,BBRI.JK,0.711364312357628
2021-04-26,3854.478759765625,3863.569580078125,3754.480712890625,3763.5712890625,2677.270263671875,157367288,BBRI.JK,0.7113643021596062
2021-04-27,3818.115966796875,3818.115966796875,3772.662109375,3790.843505859375,2696.670654296875,146082083,BBRI.JK,0.7113642781952684
2021-04-28,3790.843505859375,3836.29736328125,3754.480712890625,3754.480712890625,2670.8037109375,126586116,BBRI.JK,0.7113643444132152
2021-04-29,3809.025146484375,3818.115966796875,3763.5712890625,3781.7529296875,2690.20458984375,124711354,BBRI.JK,0.711364449201617
2021-04-30,3772.662109375,3781.7529296875,3681.754638671875,3681.754638671875,2619.068603515625,257497837,BBRI.JK,0.7113642435608923
2021-05-03,3690.845458984375,3699.93603515625,3636.30078125,3645.3916015625,2593.201416015625,124235705,BBRI.JK,0.7113642920843177
2021-05-04,3654.482421875,3699.93603515625,3645.3916015625,3690.845458984375,2625.535400390625,84287635,BBRI.JK,0.7113642198156691
2021-05-05,3736.299072265625,3754.480712890625,3709.02685546875,3718.11767578125,2644.935791015625,117321536,BBRI.JK,0.7113641959865812
2021-05-06,3754.480712890625,3754.480712890625,3699.93603515625,3736.299072265625,2657.869873046875,86226199,BBRI.JK,0.7113643264737879
2021-05-07,3763.5712890625,3763.5712890625,3672.663818359375,3681.754638671875,2619.068603515625,83358229,BBRI.JK,0.7113642435608923
2021-05-10,3681.754638671875,3718.11767578125,3681.754638671875,3681.754638671875,2619.068603515625,81377755,BBRI.JK,0.7113642435608923
2021-05-11,3663.572998046875,3672.663818359375,3618.119384765625,3627.2099609375,2580.267822265625,167031505,BBRI.JK,0.7113643406511602
2021-05-17,3599.937744140625,3636.30078125,3545.393310546875,3545.393310546875,2522.066162109375,214824800,BBRI.JK,0.7113642806869142
2021-05-18,3599.937744140625,3599.937744140625,3536.302490234375,3545.393310546875,2522.066162109375,127276708,BBRI.JK,0.7113642806869142
2021-05-19,3499.939453125,3581.75634765625,3499.939453125,3518.12109375,2502.665771484375,135307947,BBRI.JK,0.7113643063424968
2021-05-20,3490.848876953125,3572.66552734375,3472.667236328125,3527.2119140625,2509.1328125,164832677,BBRI.JK,0.7113643505502005
2021-05-21,3563.57470703125,3590.84716796875,3509.0302734375,3536.302490234375,2515.599365234375,121124632,BBRI.JK,0.7113643055652881
2021-05-24,3609.028564453125,3690.845458984375,3554.484130859375,3672.663818359375,2612.60205078125,147190132,BBRI.JK,0.7113643338987482
2021-05-25,3699.93603515625,3763.5712890625,3672.663818359375,3690.845458984375,2625.535400390625,168676803,BBRI.JK,0.7113642198156691
2021-05-27,3763.5712890625,3809.025146484375,3590.84716796875,3590.84716796875,2554.400634765625,622692705,BBRI.JK,0.7113643425293936
2021-05-28,3672.663818359375,3790.843505859375,3654.482421875,3699.93603515625,2632.00244140625,274099434,BBRI.JK,0.7113643091116572
2021-05-31,3754.480712890625,3890.841796875,3736.299072265625,3872.660400390625,2754.872314453125,326538660,BBRI.JK,0.7113642895657074
2021-06-02,3954.47705078125,3981.74951171875,3845.38818359375,3872.660400390625,2754.872314453125,312257333,BBRI.JK,0.7113642895657074
2021-06-03,3881.751220703125,3963.56787109375,3836.29736328125,3963.56787109375,2819.540771484375,173444725,BBRI.JK,0.7113643220410706
2021-06-04,3981.74951171875,3990.840087890625,3899.9326171875,3945.386474609375,2806.60693359375,138144236,BBRI.JK,0.7113642609300086
2021-06-07,3945.386474609375,3954.47705078125,3827.20654296875,3863.569580078125,2748.405517578125,152755788,BBRI.JK,0.711364312357628
2021-06-08,3890.841796875,3890.841796875,3809.025146484375,3818.115966796875,2716.0712890625,108888570,BBRI.JK,0.7113642730294252
2021-06-09,3727.208251953125,3881.751220703125,3727.208251953125,3836.29736328125,2729.005126953125,107433795,BBRI.JK,0.7113643361105253
2021-06-10,3890.841796875,3927.204833984375,3872.660400390625,3909.0234375,2780.73974609375,106984877,BBRI.JK,0.7113643063424968
2021-06-11,3954.47705078125,3954.47705078125,3890.841796875,3890.841796875,2767.805908203125,57809408,BBRI.JK,0.7113642889377149
2021-06-14,3936.295654296875,3954.47705078125,3890.841796875,3954.47705078125,2813.07421875,133363443,BBRI.JK,0.7113644061214736
2021-06-15,3954.47705078125,3954.47705078125,3827.20654296875,3845.38818359375,2735.471923828125,200713646,BBRI.JK,0.7113643131008063
2021-06-16,3772.662109375,3790.843505859375,3645.3916015625,3645.3916015625,2593.201416015625,481002668,BBRI.JK,0.7113642920843177
2021-06-17,3618.119384765625,3699.93603515625,3572.66552734375,3663.572998046875,2606.135009765625,336253477,BBRI.JK,0.7113642914048686
2021-06-18,3690.845458984375,3690.845458984375,3554.484130859375,3554.484130859375,2528.532958984375,325605954,BBRI.JK,0.7113642559357963
2021-06-21,3527.2119140625,3609.028564453125,3509.0302734375,3581.75634765625,2547.93359375,159544775,BBRI.JK,0.7113642990867484
2021-06-22,3581.75634765625,3699.93603515625,3563.57470703125,3672.663818359375,2612.60205078125,132832794,BBRI.JK,0.7113643338987482
2021-06-23,3681.754638671875,3699.93603515625,3581.75634765625,3581.75634765625,2547.93359375,178751767,BBRI.JK,0.7113642990867484
2021-06-24,3636.30078125,3645.3916015625,3599.937744140625,3627.2099609375,2580.267822265625,55421157,BBRI.JK,0.7113643406511602
2021-06-25,3663.572998046875,3672.663818359375,3627.2099609375,3627.2099609375,2580.267822265625,83150216,BBRI.JK,0.7113643406511602
2021-06-28,3618.119384765625,3627.2099609375,3572.66552734375,3572.66552734375,2541.466796875,155357663,BBRI.JK,0.7113643237587263
2021-06-29,3509.0302734375,3554.484130859375,3509.0302734375,3545.393310546875,2522.066162109375,133952393,BBRI.JK,0.7113642806869142
2021-06-30,3545.393310546875,3609.028564453125,3536.302490234375,3581.75634765625,2547.93359375,124133954,BBRI.JK,0.7113642990867484
2021-07-01,3581.75634765625,3609.028564453125,3554.484130859375,3581.75634765625,2547.93359375,105240907,BBRI.JK,0.7113642990867484
2021-07-02,3636.30078125,3663.572998046875,3609.028564453125,3627.2099609375,2580.267822265625,93832940,BBRI.JK,0.7113643406511602
2021-07-05,3572.66552734375,3599.937744140625,3527.2119140625,3545.393310546875,2522.066162109375,93466744,BBRI.JK,0.7113642806869142
2021-07-06,3590.84716796875,3590.84716796875,3536.302490234375,3536.302490234375,2515.599365234375,60849751,BBRI.JK,0.7113643055652881
2021-07-07,3563.57470703125,3581.75634765625,3463.576416015625,3472.667236328125,2470.331787109375,163599005,BBRI.JK,0.7113643833382136
2021-07-08,3536.302490234375,3545.393310546875,3472.667236328125,3518.12109375,2502.665771484375,162349164,BBRI.JK,0.7113643063424968
2021-07-09,3509.0302734375,3518.12109375,3436.30419921875,3454.48583984375,2457.39794921875,140611578,BBRI.JK,0.7113643138655623
2021-07-12,3454.48583984375,3472.667236328125,3409.031982421875,3418.122802734375,2431.531005859375,131702194,BBRI.JK,0.711364437788554
2021-07-13,3454.48583984375,3454.48583984375,3418.122802734375,3436.30419921875,2444.464111328125,175683484,BBRI.JK,0.7113642941983653
2021-07-14,3436.30419921875,3454.48583984375,3363.578369140625,3372.6689453125,2399.1962890625,115704508,BBRI.JK,0.7113643016747968
2021-07-15,3409.031982421875,3490.848876953125,3390.8505859375,3463.576416015625,2463.864501953125,139855425,BBRI.JK,0.7113642680323673
2021-07-16,3499.939453125,3509.0302734375,3463.576416015625,3490.848876953125,2483.265380859375,108336691,BBRI.JK,0.7113643323989474
2021-07-19,3499.939453125,3499.939453125,3436.30419921875,3436.30419921875,2444.464111328125,69326497,BBRI.JK,0.7113642941983653
2021-07-21,3499.939453125,3527.2119140625,3463.576416015625,3472.667236328125,2470.331787109375,111008747,BBRI.JK,0.7113643833382136
2021-07-22,3518.12109375,3554.484130859375,3490.848876953125,3545.393310546875,2522.066162109375,93842180,BBRI.JK,0.7113642806869142
2021-07-23,3581.75634765625,3590.84716796875,3481.758056640625,3518.12109375,2502.665771484375,95960267,BBRI.JK,0.7113643063424968
2021-07-26,3545.393310546875,3545.393310546875,3472.667236328125,3481.758056640625,2476.79833984375,90198037,BBRI.JK,0.7113642876821514
2021-07-27,3509.0302734375,3509.0302734375,3427.213623046875,3454.48583984375,2457.39794921875,99741692,BBRI.JK,0.7113643138655623
2021-07-28,3454.48583984375,3463.576416015625,3381.759765625,3390.8505859375,2412.13037109375,77777283,BBRI.JK,0.7113643936708128
2021-07-29,3418.122802734375,3490.848876953125,3409.031982421875,3427.213623046875,2437.997314453125,102817895,BBRI.JK,0.7113642692297911
2021-07-30,3481.758056640625,3481.758056640625,3372.6689453125,3372.6689453125,2399.1962890625,113633172,BBRI.JK,0.7113643016747968
2021-08-02,3427.213623046875,3427.213623046875,3363.578369140625,3399.941162109375,2418.5966796875,105807637,BBRI.JK,0.7113642749590896
2021-08-03,3399.941162109375,3436.30419921875,3381.759765625,3409.031982421875,2425.063720703125,87862477,BBRI.JK,0.7113643207830187
2021-08-04,3445.39501953125,3499.939453125,3427.213623046875,3499.939453125,2489.732177734375,91847406,BBRI.JK,0.7113643567494751
2021-08-05,3545.393310546875,3718.11767578125,3545.393310546875,3681.754638671875,2619.068603515625,294149590,BBRI.JK,0.7113642435608923
2021-08-06,3681.754638671875,3690.845458984375,3545.393310546875,3572.66552734375,2541.466796875,152456913,BBRI.JK,0.7113643237587263
2021-08-09,3581.75634765625,3590.84716796875,3472.667236328125,3499.939453125,2489.732177734375,102404178,BBRI.JK,0.7113643567494751
2021-08-10,3536.302490234375,3536.302490234375,3463.576416015625,3472.667236328125,2470.331787109375,94349949,BBRI.JK,0.7113643833382136
2021-08-12,3499.939453125,3499.939453125,3454.48583984375,3463.576416015625,2463.864501953125,94464021,BBRI.JK,0.7113642680323673
2021-08-13,3472.667236328125,3527.2119140625,3472.667236328125,3518.12109375,2502.665771484375,104829940,BBRI.JK,0.7113643063424968
2021-08-16,3518.12109375,3572.66552734375,3490.848876953125,3572.66552734375,2541.466796875,70083530,BBRI.JK,0.7113643237587263
2021-08-18,3627.2099609375,3718.11767578125,3572.66552734375,3699.93603515625,2632.00244140625,247351372,BBRI.JK,0.7113643091116572
2021-08-19,3636.30078125,3654.482421875,3509.0302734375,3527.2119140625,2509.1328125,218214729,BBRI.JK,0.7113643505502005
2021-08-20,3527.2119140625,3581.75634765625,3481.758056640625,3572.66552734375,2541.466796875,88330535,BBRI.JK,0.7113643237587263
2021-08-23,3618.119384765625,3627.2099609375,3572.66552734375,3599.937744140625,2560.8671875,68133856,BBRI.JK,0.7113642983599231
2021-08-24,3590.84716796875,3599.937744140625,3481.758056640625,3536.302490234375,2515.599365234375,150882016,BBRI.JK,0.7113643055652881
2021-08-25,3499.939453125,3545.393310546875,3499.939453125,3536.302490234375,2515.599365234375,86571495,BBRI.JK,0.7113643055652881
2021-08-26,3536.302490234375,3545.393310546875,3490.848876953125,3518.12109375,2502.665771484375,69144334,BBRI.JK,0.7113643063424968
2021-08-27,3536.302490234375,3536.302490234375,3481.758056640625,3490.848876953125,2483.265380859375,79498923,BBRI.JK,0.7113643323989474
2021-08-30,3499.939453125,3581.75634765625,3490.848876953125,3581.75634765625,2547.93359375,128539860,BBRI.JK,0.7113642990867484
2021-08-31,3581.75634765625,3590.84716796875,3518.12109375,3572.66552734375,2541.466796875,134879489,BBRI.JK,0.7113643237587263
2021-09-01,3572.66552734375,3572.66552734375,3527.2119140625,3536.302490234375,2515.599365234375,97691477,BBRI.JK,0.7113643055652881
2021-09-02,3509.0302734375,3536.302490234375,3490.848876953125,3518.12109375,2502.665771484375,81242343,BBRI.JK,0.7113643063424968
2021-09-03,3499.939453125,3572.66552734375,3463.576416015625,3572.66552734375,2541.466796875,165056860,BBRI.JK,0.7113643237587263
2021-09-06,3590.84716796875,3618.119384765625,3499.939453125,3499.939453125,2489.732177734375,188929693,BBRI.JK,0.7113643567494751
2021-09-07,3536.302490234375,3563.57470703125,3518.12109375,3554.484130859375,2528.532958984375,140380354,BBRI.JK,0.7113642559357963
2021-09-08,3820.0,3880.0,3720.0,3730.0,2653.388916015625,228087900,BBRI.JK,0.7113643206476207
2021-09-09,3700.0,3770.0,3650.0,3730.0,2653.388916015625,306319600,BBRI.JK,0.7113643206476207
2021-09-10,3710.0,3790.0,3670.0,3780.0,2688.95703125,177033000,BBRI.JK,0.7113642939814815
2021-09-13,3710.0,3750.0,3660.0,3700.0,2632.048095703125,169825000,BBRI.JK,0.7113643501900337
2021-09-14,3720.0,3730.0,3660.0,3700.0,2632.048095703125,216363400,BBRI.JK,0.7113643501900337
2021-09-15,3670.0,3670.0,3620.0,3660.0,2603.59326171875,263544000,BBRI.JK,0.7113642791581284
2021-09-16,3650.0,3660.0,3610.0,3640.0,2589.366455078125,194782800,BBRI.JK,0.7113644107357486
2021-09-17,3630.0,3640.0,3570.0,3610.0,2568.025146484375,346529100,BBRI.JK,0.7113643065053671
2021-09-20,3590.0,3590.0,3510.0,3590.0,2553.7978515625,357971300,BBRI.JK,0.7113643040564067
2021-09-21,3510.0,3580.0,3500.0,3570.0,2539.570556640625,410533900,BBRI.JK,0.711364301580007
2021-09-22,3520.0,3650.0,3520.0,3610.0,2568.025146484375,416087300,BBRI.JK,0.7113643065053671
2021-09-23,3600.0,3770.0,3590.0,3770.0,2681.84375,432390800,BBRI.JK,0.7113643899204244
2021-09-24,3790.0,3860.0,3770.0,3820.0,2717.411865234375,634549600,BBRI.JK,0.7113643626267997
2021-09-27,3770.0,3800.0,3730.0,3750.0,2667.615966796875,380151200,BBRI.JK,0.7113642578125
2021-09-28,3770.0,3770.0,3690.0,3720.0,2646.275146484375,306827400,BBRI.JK,0.7113642866893481
2021-09-29,3720.0,3750.0,3690.0,3740.0,2660.50244140625,143081800,BBRI.JK,0.7113642891460561
2021-09-30,3760.0,3870.0,3750.0,3850.0,2738.752685546875,416099000,BBRI.JK,0.7113643339082792
2021-10-01,3850.0,3920.0,3830.0,3900.0,2774.32080078125,359864700,BBRI.JK,0.7113643078926282
2021-10-04,3900.0,4010.0,3890.0,3970.0,2824.11669921875,335762600,BBRI.JK,0.711364407863665
2021-10-05,3950.0,3980.0,3910.0,3930.0,2795.661865234375,236562700,BBRI.JK,0.7113643422988232
2021-10-06,3920.0,4150.0,3920.0,4120.0,2930.821044921875,446708800,BBRI.JK,0.7113643312917173
2021-10-07,4150.0,4170.0,4070.0,4120.0,2930.821044921875,264905400,BBRI.JK,0.7113643312917173
2021-10-08,4190.0,4240.0,4130.0,4160.0,2959.275634765625,196631600,BBRI.JK,0.7113643352801983
2021-10-11,4160.0,4200.0,4130.0,4180.0,2973.502685546875,146720100,BBRI.JK,0.7113642788389654
2021-10-12,4180.0,4240.0,4180.0,4220.0,3001.957763671875,241196000,BBRI.JK,0.711364398974378
2021-10-13,4230.0,4300.0,4220.0,4280.0,3044.639404296875,264629400,BBRI.JK,0.7113643467983353
2021-10-14,4280.0,4350.0,4230.0,4250.0,3023.298583984375,196989500,BBRI.JK,0.7113643727022059
2021-10-15,4250.0,4330.0,4220.0,4320.0,3073.093994140625,318189600,BBRI.JK,0.711364350495515
2021-10-18,4350.0,4410.0,4340.0,4410.0,3137.116455078125,286829000,BBRI.JK,0.7113642755279195
2021-10-19,4450.0,4450.0,4360.0,4400.0,3130.00341796875,161256300,BBRI.JK,0.7113644131747159
2021-10-21,4450.0,4460.0,4320.0,4360.0,3101.548095703125,319230200,BBRI.JK,0.7113642421337443
2021-10-22,4340.0,4400.0,4320.0,4400.0,3130.00341796875,160459300,BBRI.JK,0.7113644131747159
2021-10-25,4330.0,4370.0,4300.0,4300.0,3058.866455078125,128240100,BBRI.JK,0.7113642918786337
2021-10-26,4280.0,4370.0,4270.0,4350.0,3094.434814453125,108782400,BBRI.JK,0.711364325161638
2021-10-27,4330.0,4340.0,4260.0,4290.0,3051.752685546875,258038300,BBRI.JK,0.711364262365239
2021-10-28,4210.0,4300.0,4200.0,4240.0,3016.1845703125,159645200,BBRI.JK,0.7113642854510613
2021-10-29,4300.0,4300.0,4220.0,4250.0,3023.298583984375,155011100,BBRI.JK,0.7113643727022059
2021-11-01,4330.0,4330.0,4220.0,4230.0,3009.0712890625,102079300,BBRI.JK,0.7113643709367612
2021-11-02,4270.0,4270.0,4210.0,4210.0,2994.843505859375,124799700,BBRI.JK,0.7113642531732483
2021-11-03,4250.0,4300.0,4210.0,4290.0,3051.752685546875,100486300,BBRI.JK,0.711364262365239
2021-11-04,4330.0,4340.0,4250.0,4250.0,3023.298583984375,119591100,BBRI.JK,0.7113643727022059
2021-11-05,4270.0,4270.0,4210.0,4240.0,3016.1845703125,74347000,BBRI.JK,0.7113642854510613
2021-11-08,4250.0,4260.0,4220.0,4230.0,3009.0712890625,79465600,BBRI.JK,0.7113643709367612
2021-11-09,4230.0,4250.0,4220.0,4250.0,3023.298583984375,92453200,BBRI.JK,0.7113643727022059
2021-11-10,4230.0,4260.0,4210.0,4250.0,3023.298583984375,69475400,BBRI.JK,0.7113643727022059
2021-11-11,4290.0,4300.0,4230.0,4250.0,3023.298583984375,149637700,BBRI.JK,0.7113643727022059
2021-11-12,4270.0,4290.0,4210.0,4220.0,3001.957763671875,80234400,BBRI.JK,0.711364398974378
2021-11-15,4220.0,4220.0,4140.0,4160.0,2959.275634765625,220142300,BBRI.JK,0.7113643352801983
2021-11-16,4120.0,4170.0,4120.0,4130.0,2937.9345703125,163555000,BBRI.JK,0.7113643027391041
2021-11-17,4170.0,4200.0,4160.0,4200.0,2987.72998046875,126523700,BBRI.JK,0.7113642810639881
2021-11-18,4150.0,4190.0,4140.0,4180.0,2973.502685546875,114881200,BBRI.JK,0.7113642788389654
2021-11-19,4220.0,4290.0,4220.0,4280.0,3044.639404296875,182167700,BBRI.JK,0.7113643467983353
2021-11-22,4310.0,4310.0,4250.0,4280.0,3044.639404296875,151514000,BBRI.JK,0.7113643467983353
2021-11-23,4280.0,4280.0,4200.0,4210.0,2994.843505859375,104294200,BBRI.JK,0.7113642531732483
2021-11-24,4200.0,4230.0,4190.0,4210.0,2994.843505859375,111072800,BBRI.JK,0.7113642531732483
2021-11-25,4180.0,4250.0,4180.0,4220.0,3001.957763671875,123609400,BBRI.JK,0.711364398974378
2021-11-26,4190.0,4220.0,4150.0,4160.0,2959.275634765625,148652500,BBRI.JK,0.7113643352801983
2021-11-29,4150.0,4190.0,4080.0,4170.0,2966.38916015625,164312800,BBRI.JK,0.7113643069919064
2021-11-30,4150.0,4220.0,4090.0,4090.0,2909.480224609375,316653200,BBRI.JK,0.7113643580952017
2021-12-01,4090.0,4180.0,4070.0,4080.0,2902.366455078125,163457900,BBRI.JK,0.7113643272250306
2021-12-02,4060.0,4220.0,4060.0,4200.0,2987.72998046875,139281800,BBRI.JK,0.7113642810639881
2021-12-03,4210.0,4220.0,4170.0,4170.0,2966.38916015625,93227100,BBRI.JK,0.7113643069919064
2021-12-06,4200.0,4220.0,4110.0,4110.0,2923.70703125,106610000,BBRI.JK,0.7113642411800487
2021-12-07,4190.0,4230.0,4160.0,4230.0,3009.0712890625,182048000,BBRI.JK,0.7113643709367612
2021-12-08,4250.0,4250.0,4170.0,4210.0,2994.843505859375,143230200,BBRI.JK,0.7113642531732483
2021-12-09,4220.0,4220.0,4160.0,4190.0,2980.616455078125,90471500,BBRI.JK,0.711364309087858
2021-12-10,4130.0,4160.0,4130.0,4130.0,2937.9345703125,122999200,BBRI.JK,0.7113643027391041
2021-12-13,4170.0,4200.0,4160.0,4160.0,2959.275634765625,86848900,BBRI.JK,0.7113643352801983
2021-12-14,4150.0,4160.0,4130.0,4130.0,2937.9345703125,100110000,BBRI.JK,0.7113643027391041
2021-12-15,4150.0,4230.0,4140.0,4200.0,2987.72998046875,124522800,BBRI.JK,0.7113642810639881
2021-12-16,4220.0,4220.0,4120.0,4140.0,2945.048095703125,136646600,BBRI.JK,0.7113642743244263
2021-12-17,4090.0,4140.0,4090.0,4110.0,2923.70703125,153165400,BBRI.JK,0.7113642411800487
2021-12-20,4070.0,4130.0,4060.0,4120.0,2930.821044921875,89198900,BBRI.JK,0.7113643312917173
2021-12-21,4100.0,4120.0,4080.0,4080.0,2902.366455078125,109561800,BBRI.JK,0.7113643272250306
2021-12-22,4100.0,4110.0,4050.0,4050.0,2881.025390625,104738000,BBRI.JK,0.7113642939814815
2021-12-23,4090.0,4110.0,4060.0,4100.0,2916.59375,72736800,BBRI.JK,0.7113643292682926
2021-12-24,4100.0,4120.0,4050.0,4070.0,2895.253173828125,59795000,BBRI.JK,0.7113644161739865
2021-12-27,4070.0,4110.0,4060.0,4060.0,2888.138916015625,65491200,BBRI.JK,0.711364265028479
2021-12-28,4090.0,4110.0,4070.0,4090.0,2909.480224609375,52952500,BBRI.JK,0.7113643580952017
2021-12-29,4090.0,4100.0,4070.0,4080.0,2902.366455078125,27676500,BBRI.JK,0.7113643272250306
2021-12-30,4080.0,4140.0,4060.0,4110.0,2923.70703125,146989400,BBRI.JK,0.7113642411800487
2022-01-03,4120.0,4190.0,4090.0,4180.0,2973.502685546875,90842500,BBRI.JK,0.7113642788389654
2022-01-04,4200.0,4210.0,4160.0,4160.0,2959.275634765625,93950000,BBRI.JK,0.7113643352801983
2022-01-05,4180.0,4230.0,4130.0,4210.0,2994.843505859375,174376400,BBRI.JK,0.7113642531732483
2022-01-06,4240.0,4240.0,4140.0,4160.0,2959.275634765625,137280000,BBRI.JK,0.7113643352801983
2022-01-07,4170.0,4200.0,4150.0,4190.0,2980.616455078125,101275000,BBRI.JK,0.711364309087858
2022-01-10,4190.0,4210.0,4180.0,4180.0,2973.502685546875,70722600,BBRI.JK,0.7113642788389654
2022-01-11,4180.0,4180.0,4130.0,4150.0,2952.162109375,99404900,BBRI.JK,0.7113643637048193
2022-01-12,4170.0,4180.0,4130.0,4160.0,2959.275634765625,65907000,BBRI.JK,0.7113643352801983
2022-01-13,4180.0,4190.0,4170.0,4190.0,2980.616455078125,103522400,BBRI.JK,0.711364309087858
2022-01-14,4190.0,4210.0,4160.0,4180.0,2973.502685546875,110213800,BBRI.JK,0.7113642788389654
2022-01-17,4200.0,4210.0,4180.0,4210.0,2994.843505859375,102957100,BBRI.JK,0.7113642531732483
2022-01-18,4240.0,4240.0,4140.0,4190.0,2980.616455078125,120275000,BBRI.JK,0.711364309087858
2022-01-19,4210.0,4210.0,4130.0,4130.0,2937.9345703125,109954700,BBRI.JK,0.7113643027391041
2022-01-20,4130.0,4160.0,4110.0,4130.0,2937.9345703125,86394600,BBRI.JK,0.7113643027391041
2022-01-21,4130.0,4170.0,4110.0,4170.0,2966.38916015625,84972500,BBRI.JK,0.7113643069919064
2022-01-24,4140.0,4160.0,4100.0,4120.0,2930.821044921875,76709900,BBRI.JK,0.7113643312917173
2022-01-25,4100.0,4110.0,4000.0,4070.0,2895.253173828125,185007800,BBRI.JK,0.7113644161739865
2022-01-26,4030.0,4100.0,4030.0,4090.0,2909.480224609375,97589500,BBRI.JK,0.7113643580952017
2022-01-27,4070.0,4140.0,4060.0,4140.0,2945.048095703125,80682900,BBRI.JK,0.7113642743244263
2022-01-28,4170.0,4170.0,4090.0,4140.0,2945.048095703125,84812100,BBRI.JK,0.7113642743244263
2022-01-31,4170.0,4170.0,4070.0,4070.0,2895.253173828125,78498500,BBRI.JK,0.7113644161739865
2022-02-02,4120.0,4120.0,4060.0,4070.0,2895.253173828125,81546300,BBRI.JK,0.7113644161739865
2022-02-03,4180.0,4180.0,4130.0,4130.0,2937.9345703125,157898800,BBRI.JK,0.7113643027391041
2022-02-04,4170.0,4210.0,4150.0,4210.0,2994.843505859375,236602900,BBRI.JK,0.7113642531732483
2022-02-07,4240.0,4410.0,4220.0,4400.0,3130.00341796875,468016600,BBRI.JK,0.7113644131747159
2022-02-08,4450.0,4550.0,4400.0,4440.0,3158.45751953125,310878100,BBRI.JK,0.711364306200732
2022-02-09,4400.0,4500.0,4380.0,4450.0,3165.571533203125,149000100,BBRI.JK,0.7113643894838483
2022-02-10,4500.0,4500.0,4450.0,4470.0,3179.798583984375,112521600,BBRI.JK,0.7113643364618288
2022-02-11,4420.0,4450.0,4380.0,4450.0,3165.571533203125,103418200,BBRI.JK,0.7113643894838483
2022-02-14,4450.0,4450.0,4380.0,4410.0,3137.116455078125,105260000,BBRI.JK,0.7113642755279195
2022-02-15,4440.0,4450.0,4390.0,4430.0,3151.34375,96658500,BBRI.JK,0.7113642776523702
2022-02-16,4470.0,4470.0,4410.0,4420.0,3144.230224609375,89636300,BBRI.JK,0.7113643042102659
2022-02-17,4390.0,4410.0,4340.0,4400.0,3130.00341796875,118305100,BBRI.JK,0.7113644131747159
2022-02-18,4400.0,4440.0,4370.0,4430.0,3151.34375,127058000,BBRI.JK,0.7113642776523702
2022-02-21,4460.0,4490.0,4440.0,4490.0,3194.025634765625,133717300,BBRI.JK,0.7113642839121659
2022-02-22,4440.0,4470.0,4420.0,4430.0,3151.34375,109060900,BBRI.JK,0.7113642776523702
2022-02-23,4520.0,4520.0,4460.0,4480.0,3186.912109375,160827800,BBRI.JK,0.7113643101283482
2022-02-24,4470.0,4470.0,4370.0,4390.0,3122.889404296875,217523600,BBRI.JK,0.7113643289970103
2022-02-25,4450.0,4550.0,4410.0,4550.0,3236.707275390625,301346400,BBRI.JK,0.7113642363495879
2022-03-01,4850.0,4860.0,4630.0,4630.0,3293.616455078125,494657800,BBRI.JK,0.7113642451572624
2022-03-02,4680.0,4690.0,4550.0,4560.0,3243.8212890625,186635200,BBRI.JK,0.711364317776864
2022-03-04,4720.0,4730.0,4610.0,4670.0,3322.0712890625,292022600,BBRI.JK,0.7113643017264454
2022-03-07,4580.0,4630.0,4520.0,4520.0,3215.366455078125,224515800,BBRI.JK,0.7113642599730365
2022-03-08,4500.0,4560.0,4430.0,4430.0,3151.34375,214870200,BBRI.JK,0.7113642776523702
2022-03-09,4530.0,4590.0,4500.0,4570.0,3250.93505859375,191967100,BBRI.JK,0.7113643454253282
2022-03-10,4640.0,4640.0,4510.0,4570.0,3250.93505859375,225575800,BBRI.JK,0.7113643454253282
2022-03-11,4400.0,4440.0,4370.0,4400.0,3254.079345703125,275965300,BBRI.JK,0.7395634876598012
2022-03-14,4440.0,4540.0,4410.0,4520.0,3342.826904296875,212052100,BBRI.JK,0.7395634744019635
2022-03-15,4550.0,4640.0,4530.0,4610.0,3409.387451171875,357755700,BBRI.JK,0.7395634384320771
2022-03-16,4650.0,4660.0,4610.0,4650.0,3438.969970703125,226817000,BBRI.JK,0.7395634345598119
2022-03-17,4690.0,4700.0,4610.0,4650.0,3438.969970703125,224068000,BBRI.JK,0.7395634345598119
2022-03-18,4700.0,4700.0,4580.0,4580.0,3387.200439453125,257863400,BBRI.JK,0.7395634147277566
2022-03-21,4600.0,4630.0,4560.0,4590.0,3394.596435546875,118791900,BBRI.JK,0.7395634935831972
2022-03-22,4690.0,4710.0,4640.0,4640.0,3431.574462890625,177758500,BBRI.JK,0.7395634618298761
2022-03-23,4680.0,4690.0,4620.0,4650.0,3438.969970703125,146545100,BBRI.JK,0.7395634345598119
2022-03-24,4640.0,4730.0,4620.0,4730.0,3498.134765625,206271600,BBRI.JK,0.7395633753964059
2022-03-25,4760.0,4760.0,4650.0,4710.0,3483.34423828125,137104800,BBRI.JK,0.7395635325437898
2022-03-28,4730.0,4740.0,4670.0,4730.0,3498.134765625,106801800,BBRI.JK,0.7395633753964059
2022-03-29,4750.0,4750.0,4670.0,4690.0,3468.552734375,93155100,BBRI.JK,0.7395634828091684
2022-03-30,4740.0,4740.0,4690.0,4710.0,3483.34423828125,83364400,BBRI.JK,0.7395635325437898
2022-03-31,4700.0,4750.0,4660.0,4660.0,3446.365478515625,158650000,BBRI.JK,0.7395634074067865
2022-04-01,4690.0,4730.0,4630.0,4730.0,3498.134765625,145105000,BBRI.JK,0.7395633753964059
2022-04-04,4730.0,4730.0,4660.0,4700.0,3475.9482421875,103902000,BBRI.JK,0.7395634557845745
2022-04-05,4730.0,4740.0,4670.0,4700.0,3475.9482421875,76154300,BBRI.JK,0.7395634557845745
2022-04-06,4690.0,4690.0,4600.0,4600.0,3401.991455078125,111009800,BBRI.JK,0.7395633597995924
2022-04-07,4670.0,4670.0,4620.0,4630.0,3424.17822265625,91942500,BBRI.JK,0.7395633310272678
2022-04-08,4630.0,4650.0,4600.0,4610.0,3409.387451171875,125657900,BBRI.JK,0.7395634384320771
2022-04-11,4600.0,4620.0,4570.0,4570.0,3379.804931640625,109861100,BBRI.JK,0.739563442372128
2022-04-12,4550.0,4610.0,4550.0,4610.0,3409.387451171875,96961200,BBRI.JK,0.7395634384320771
2022-04-13,4640.0,4640.0,4590.0,4610.0,3409.387451171875,112327600,BBRI.JK,0.7395634384320771
2022-04-14,4600.0,4610.0,4530.0,4540.0,3357.6181640625,150659600,BBRI.JK,0.7395634722604626
2022-04-18,4550.0,4580.0,4540.0,4550.0,3365.013671875,82795100,BBRI.JK,0.7395634443681318
2022-04-19,4550.0,4600.0,4540.0,4570.0,3379.804931640625,148475600,BBRI.JK,0.739563442372128
2022-04-20,4610.0,4870.0,4600.0,4850.0,3586.8828125,404383100,BBRI.JK,0.7395634664948454
2022-04-21,4850.0,4850.0,4760.0,4800.0,3549.904541015625,208253300,BBRI.JK,0.7395634460449219
2022-04-22,4750.0,4850.0,4720.0,4750.0,3512.92626953125,174349500,BBRI.JK,0.7395634251644737
2022-04-25,4700.0,4850.0,4670.0,4840.0,3579.48779296875,235752400,BBRI.JK,0.7395635935885847
2022-04-26,4840.0,4980.0,4830.0,4940.0,3653.443603515625,262734300,BBRI.JK,0.7395634824930415
2022-04-27,4900.0,4930.0,4850.0,4850.0,3586.8828125,191955100,BBRI.JK,0.7395634664948454
2022-04-28,4870.0,4930.0,4860.0,4870.0,3601.674072265625,193821200,BBRI.JK,0.7395634645309291
2022-05-09,4750.0,4760.0,4530.0,4530.0,3350.22265625,561600400,BBRI.JK,0.7395635002759382
2022-05-10,4260.0,4530.0,4260.0,4530.0,3350.22265625,435782800,BBRI.JK,0.7395635002759382
2022-05-11,4550.0,4580.0,4480.0,4490.0,3320.64013671875,205233800,BBRI.JK,0.7395635048371381
2022-05-12,4490.0,4490.0,4300.0,4320.0,3194.914306640625,207373600,BBRI.JK,0.7395634969075521
2022-05-13,4250.0,4360.0,4250.0,4250.0,3143.144775390625,336711300,BBRI.JK,0.7395634765625
2022-05-17,4270.0,4520.0,4270.0,4450.0,3291.0576171875,272650400,BBRI.JK,0.7395635094803371
2022-05-18,4500.0,4530.0,4430.0,4450.0,3291.0576171875,129716500,BBRI.JK,0.7395635094803371
2022-05-19,4350.0,4460.0,4300.0,4440.0,3283.661865234375,132614900,BBRI.JK,0.7395634831608953
2022-05-20,4440.0,4490.0,4410.0,4430.0,3276.265869140625,122101000,BBRI.JK,0.7395634016118793
2022-05-23,4410.0,4440.0,4320.0,4330.0,3202.309814453125,175709000,BBRI.JK,0.7395634675411374
2022-05-24,4320.0,4500.0,4320.0,4460.0,3298.453125,165758600,BBRI.JK,0.739563480941704
2022-05-25,4430.0,4450.0,4350.0,4350.0,3217.10107421875,138961700,BBRI.JK,0.7395634653376437
2022-05-27,4500.0,4540.0,4440.0,4540.0,3357.6181640625,209962100,BBRI.JK,0.7395634722604626
2022-05-30,4540.0,4540.0,4390.0,4430.0,3276.265869140625,193724500,BBRI.JK,0.7395634016118793
2022-05-31,4470.0,4630.0,4450.0,4630.0,3424.17822265625,379626500,BBRI.JK,0.7395633310272678
2022-06-02,4540.0,4600.0,4480.0,4480.0,3313.244140625,225697500,BBRI.JK,0.7395634242466518
2022-06-03,4530.0,4570.0,4510.0,4520.0,3342.826904296875,117643300,BBRI.JK,0.7395634744019635
2022-06-06,4470.0,4510.0,4400.0,4430.0,3276.265869140625,157277700,BBRI.JK,0.7395634016118793
2022-06-07,4460.0,4460.0,4400.0,4400.0,3254.079345703125,133318000,BBRI.JK,0.7395634876598012
2022-06-08,4400.0,4470.0,4380.0,4470.0,3305.848876953125,150604000,BBRI.JK,0.7395635071483501
2022-06-09,4500.0,4520.0,4480.0,4490.0,3320.64013671875,161768800,BBRI.JK,0.7395635048371381
2022-06-10,4470.0,4470.0,4360.0,4400.0,3254.079345703125,222410400,BBRI.JK,0.7395634876598012
2022-06-13,4260.0,4350.0,4260.0,4340.0,3209.70556640625,164017200,BBRI.JK,0.7395634945636521
2022-06-14,4300.0,4410.0,4300.0,4360.0,3224.496337890625,150381800,BBRI.JK,0.7395633802501433
2022-06-15,4360.0,4450.0,4360.0,4450.0,3291.0576171875,160729900,BBRI.JK,0.7395635094803371
2022-06-16,4420.0,4530.0,4410.0,4430.0,3276.265869140625,240023000,BBRI.JK,0.7395634016118793
2022-06-17,4370.0,4400.0,4350.0,4370.0,3231.892578125,185763100,BBRI.JK,0.7395635190217391
2022-06-20,4400.0,4410.0,4340.0,4400.0,3254.079345703125,95058800,BBRI.JK,0.7395634876598012
2022-06-21,4430.0,4430.0,4380.0,4380.0,3239.2880859375,103964600,BBRI.JK,0.7395634899400685
2022-06-22,4410.0,4410.0,4310.0,4320.0,3194.914306640625,106208500,BBRI.JK,0.7395634969075521
2022-06-23,4300.0,4360.0,4300.0,4310.0,3187.518310546875,127600700,BBRI.JK,0.7395634131199246
2022-06-24,4320.0,4350.0,4310.0,4340.0,3209.70556640625,66083900,BBRI.JK,0.7395634945636521
2022-06-27,4310.0,4330.0,4270.0,4280.0,3165.331298828125,152306100,BBRI.JK,0.7395633875766647
2022-06-28,4320.0,4330.0,4280.0,4300.0,3180.12255859375,178535800,BBRI.JK,0.7395633857194768
2022-06-29,4280.0,4310.0,4180.0,4180.0,3091.375,228536100,BBRI.JK,0.7395633971291866
2022-06-30,4120.0,4220.0,4120.0,4150.0,3069.1884765625,239939100,BBRI.JK,0.7395634883283132
2022-07-01,4150.0,4200.0,4110.0,4140.0,3061.792724609375,154659500,BBRI.JK,0.7395634600505737
2022-07-04,4090.0,4120.0,3960.0,4040.0,2987.836181640625,246853600,BBRI.JK,0.7395634112971844
2022-07-05,4040.0,4160.0,4040.0,4090.0,3024.814697265625,180648400,BBRI.JK,0.739563495663967
2022-07-06,4050.0,4100.0,4020.0,4080.0,3017.4189453125,125309100,BBRI.JK,0.7395634669883578
2022-07-07,4040.0,4110.0,4040.0,4050.0,2995.232177734375,172127500,BBRI.JK,0.7395635006751543
2022-07-08,4090.0,4200.0,4050.0,4200.0,3106.166259765625,112914000,BBRI.JK,0.7395633951822916
2022-07-11,4150.0,4170.0,4100.0,4120.0,3047.00146484375,80867700,BBRI.JK,0.739563462340716
2022-07-12,4120.0,4140.0,4100.0,4110.0,3039.606201171875,56085200,BBRI.JK,0.7395635525965633
2022-07-13,4110.0,4130.0,4030.0,4060.0,3002.627685546875,165745200,BBRI.JK,0.739563469346521
2022-07-14,4010.0,4090.0,4010.0,4070.0,3010.0234375,188729700,BBRI.JK,0.7395634981572482
2022-07-15,4060.0,4120.0,4050.0,4110.0,3039.606201171875,91362800,BBRI.JK,0.7395635525965633
2022-07-18,4110.0,4140.0,4080.0,4140.0,3061.792724609375,135284500,BBRI.JK,0.7395634600505737
2022-07-19,4150.0,4150.0,4110.0,4110.0,3039.606201171875,122905900,BBRI.JK,0.7395635525965633
2022-07-20,4180.0,4300.0,4160.0,4300.0,3180.12255859375,220223600,BBRI.JK,0.7395633857194768
2022-07-21,4300.0,4310.0,4230.0,4310.0,3187.518310546875,130405400,BBRI.JK,0.7395634131199246
2022-07-22,4330.0,4330.0,4270.0,4270.0,3157.935791015625,86561100,BBRI.JK,0.739563417099678
2022-07-25,4250.0,4300.0,4250.0,4250.0,3143.144775390625,60952800,BBRI.JK,0.7395634765625
2022-07-26,4270.0,4350.0,4260.0,4330.0,3202.309814453125,97709800,BBRI.JK,0.7395634675411374
2022-07-27,4380.0,4380.0,4300.0,4320.0,3194.914306640625,88570800,BBRI.JK,0.7395634969075521
2022-07-28,4340.0,4400.0,4340.0,4360.0,3224.496337890625,136421400,BBRI.JK,0.7395633802501433
2022-07-29,4390.0,4430.0,4340.0,4360.0,3224.496337890625,228669400,BBRI.JK,0.7395633802501433
2022-08-01,4390.0,4410.0,4330.0,4360.0,3224.496337890625,200791700,BBRI.JK,0.7395633802501433
2022-08-02,4360.0,4400.0,4300.0,4400.0,3254.079345703125,173931000,BBRI.JK,0.7395634876598012
2022-08-03,4410.0,4420.0,4350.0,4380.0,3239.2880859375,103412300,BBRI.JK,0.7395634899400685
2022-08-04,4380.0,4390.0,4350.0,4360.0,3224.496337890625,120175700,BBRI.JK,0.7395633802501433
2022-08-05,4360.0,4400.0,4320.0,4360.0,3224.496337890625,168879400,BBRI.JK,0.7395633802501433
2022-08-08,4360.0,4400.0,4340.0,4370.0,3231.892578125,107242600,BBRI.JK,0.7395635190217391
2022-08-09,4400.0,4470.0,4390.0,4410.0,3261.47509765625,181747100,BBRI.JK,0.7395635142077664
2022-08-10,4350.0,4370.0,4300.0,4310.0,3187.518310546875,205341100,BBRI.JK,0.7395634131199246
2022-08-11,4380.0,4410.0,4340.0,4350.0,3217.10107421875,193329000,BBRI.JK,0.7395634653376437
2022-08-12,4340.0,4350.0,4320.0,4320.0,3194.914306640625,103916700,BBRI.JK,0.7395634969075521
2022-08-15,4330.0,4350.0,4300.0,4300.0,3180.12255859375,135099400,BBRI.JK,0.7395633857194768
2022-08-16,4350.0,4350.0,4270.0,4280.0,3165.331298828125,205432400,BBRI.JK,0.7395633875766647
2022-08-18,4330.0,4340.0,4310.0,4330.0,3202.309814453125,138795300,BBRI.JK,0.7395634675411374
2022-08-19,4340.0,4340.0,4300.0,4300.0,3180.12255859375,84552100,BBRI.JK,0.7395633857194768
2022-08-22,4320.0,4330.0,4270.0,4270.0,3157.935791015625,121124400,BBRI.JK,0.739563417099678
2022-08-23,4260.0,4310.0,4260.0,4300.0,3180.12255859375,107799500,BBRI.JK,0.7395633857194768
2022-08-24,4300.0,4330.0,4280.0,4290.0,3172.727294921875,75055900,BBRI.JK,0.739563472009761
2022-08-25,4280.0,4300.0,4270.0,4270.0,3157.935791015625,117653800,BBRI.JK,0.739563417099678
2022-08-26,4280.0,4290.0,4270.0,4270.0,3157.935791015625,87375200,BBRI.JK,0.739563417099678
2022-08-29,4250.0,4270.0,4220.0,4250.0,3143.144775390625,88409800,BBRI.JK,0.7395634765625
2022-08-30,4250.0,4300.0,4250.0,4260.0,3150.54052734375,157219500,BBRI.JK,0.7395635040713028
2022-08-31,4250.0,4350.0,4240.0,4340.0,3209.70556640625,191475700,BBRI.JK,0.7395634945636521
2022-09-01,4320.0,4390.0,4310.0,4390.0,3246.683349609375,139929300,BBRI.JK,0.7395634053779897
2022-09-02,4410.0,4450.0,4380.0,4450.0,3291.0576171875,220616600,BBRI.JK,0.7395635094803371
2022-09-05,4430.0,4600.0,4420.0,4590.0,3394.596435546875,261126600,BBRI.JK,0.7395634935831972
2022-09-06,4670.0,4690.0,4550.0,4560.0,3372.409423828125,188042700,BBRI.JK,0.7395634701377467
2022-09-07,4510.0,4550.0,4460.0,4460.0,3298.453125,231936700,BBRI.JK,0.739563480941704
2022-09-08,4480.0,4620.0,4480.0,4600.0,3401.991455078125,250373200,BBRI.JK,0.7395633597995924
2022-09-09,4640.0,4640.0,4570.0,4610.0,3409.387451171875,119286700,BBRI.JK,0.7395634384320771
2022-09-12,4610.0,4630.0,4560.0,4560.0,3372.409423828125,97988000,BBRI.JK,0.7395634701377467
2022-09-13,4560.0,4640.0,4560.0,4580.0,3387.200439453125,141828800,BBRI.JK,0.7395634147277566
2022-09-14,4520.0,4610.0,4510.0,4580.0,3387.200439453125,149960600,BBRI.JK,0.7395634147277566
2022-09-15,4600.0,4700.0,4590.0,4610.0,3409.387451171875,295664100,BBRI.JK,0.7395634384320771
2022-09-16,4610.0,4620.0,4500.0,4500.0,3328.035888671875,282492200,BBRI.JK,0.7395635308159723
2022-09-19,4520.0,4600.0,4500.0,4570.0,3379.804931640625,134432000,BBRI.JK,0.739563442372128
2022-09-20,4570.0,4600.0,4490.0,4490.0,3320.64013671875,138695500,BBRI.JK,0.7395635048371381
2022-09-21,4490.0,4550.0,4470.0,4550.0,3365.013671875,159976900,BBRI.JK,0.7395634443681318
2022-09-22,4500.0,4580.0,4500.0,4560.0,3372.409423828125,100425300,BBRI.JK,0.7395634701377467
2022-09-23,4540.0,4560.0,4480.0,4480.0,3313.244140625,139074000,BBRI.JK,0.7395634242466518
2022-09-26,4480.0,4540.0,4410.0,4540.0,3357.6181640625,280747500,BBRI.JK,0.7395634722604626
2022-09-27,4500.0,4550.0,4480.0,4530.0,3350.22265625,213704600,BBRI.JK,0.7395635002759382
2022-09-28,4510.0,4560.0,4480.0,4520.0,3342.826904296875,161815300,BBRI.JK,0.7395634744019635
2022-09-29,4520.0,4540.0,4460.0,4480.0,3313.244140625,169368600,BBRI.JK,0.7395634242466518
2022-09-30,4450.0,4510.0,4410.0,4490.0,3320.64013671875,224229200,BBRI.JK,0.7395635048371381
2022-10-03,4500.0,4550.0,4480.0,4530.0,3350.22265625,159559600,BBRI.JK,0.7395635002759382
2022-10-04,4560.0,4650.0,4560.0,4640.0,3431.574462890625,256367100,BBRI.JK,0.7395634618298761
2022-10-05,4660.0,4660.0,4540.0,4540.0,3357.6181640625,182246200,BBRI.JK,0.7395634722604626
2022-10-06,4540.0,4570.0,4510.0,4510.0,3335.430908203125,123346200,BBRI.JK,0.7395633942800721
2022-10-07,4480.0,4490.0,4430.0,4440.0,3283.661865234375,133678600,BBRI.JK,0.7395634831608953
2022-10-10,4420.0,4430.0,4340.0,4370.0,3231.892578125,193923600,BBRI.JK,0.7395635190217391
2022-10-11,4390.0,4430.0,4370.0,4430.0,3276.265869140625,133742200,BBRI.JK,0.7395634016118793
2022-10-12,4470.0,4470.0,4400.0,4400.0,3254.079345703125,128741800,BBRI.JK,0.7395634876598012
2022-10-13,4390.0,4420.0,4350.0,4350.0,3217.10107421875,104269900,BBRI.JK,0.7395634653376437
2022-10-14,4380.0,4390.0,4270.0,4270.0,3157.935791015625,180841100,BBRI.JK,0.739563417099678
2022-10-17,4270.0,4320.0,4260.0,4300.0,3180.12255859375,145506000,BBRI.JK,0.7395633857194768
2022-10-18,4280.0,4340.0,4280.0,4290.0,3172.727294921875,161444100,BBRI.JK,0.739563472009761
2022-10-19,4280.0,4340.0,4280.0,4300.0,3180.12255859375,81682300,BBRI.JK,0.7395633857194768
2022-10-20,4280.0,4400.0,4280.0,4390.0,3246.683349609375,149521700,BBRI.JK,0.7395634053779897
2022-10-21,4360.0,4460.0,4360.0,4430.0,3276.265869140625,165052200,BBRI.JK,0.7395634016118793
2022-10-24,4430.0,4540.0,4430.0,4500.0,3328.035888671875,186997700,BBRI.JK,0.7395635308159723
2022-10-25,4560.0,4610.0,4550.0,4590.0,3394.596435546875,233948800,BBRI.JK,0.7395634935831972
2022-10-26,4600.0,4610.0,4500.0,4530.0,3350.22265625,178298500,BBRI.JK,0.7395635002759382
2022-10-27,4550.0,4600.0,4530.0,4600.0,3401.991455078125,131385300,BBRI.JK,0.7395633597995924
2022-10-28,4600.0,4630.0,4560.0,4630.0,3424.17822265625,227256400,BBRI.JK,0.7395633310272678
2022-10-31,4630.0,4680.0,4630.0,4650.0,3438.969970703125,275184000,BBRI.JK,0.7395634345598119
2022-11-01,4690.0,4700.0,4630.0,4660.0,3446.365478515625,230590200,BBRI.JK,0.7395634074067865
2022-11-02,4680.0,4680.0,4570.0,4610.0,3409.387451171875,163816900,BBRI.JK,0.7395634384320771
2022-11-03,4630.0,4660.0,4590.0,4650.0,3438.969970703125,174423000,BBRI.JK,0.7395634345598119
2022-11-04,4650.0,4660.0,4610.0,4650.0,3438.969970703125,85292300,BBRI.JK,0.7395634345598119
2022-11-07,4650.0,4690.0,4610.0,4690.0,3468.552734375,112070500,BBRI.JK,0.7395634828091684
2022-11-08,4690.0,4690.0,4610.0,4620.0,3416.783203125,80916300,BBRI.JK,0.7395634638798702
2022-11-09,4600.0,4650.0,4600.0,4650.0,3438.969970703125,126493900,BBRI.JK,0.7395634345598119
2022-11-10,4560.0,4580.0,4520.0,4530.0,3350.22265625,196277400,BBRI.JK,0.7395635002759382
2022-11-11,4620.0,4650.0,4590.0,4650.0,3438.969970703125,153238500,BBRI.JK,0.7395634345598119
2022-11-14,4620.0,4640.0,4550.0,4580.0,3387.200439453125,140187600,BBRI.JK,0.7395634147277566
2022-11-15,4580.0,4610.0,4560.0,4580.0,3387.200439453125,87986300,BBRI.JK,0.7395634147277566
2022-11-16,4590.0,4610.0,4490.0,4520.0,3342.826904296875,245789200,BBRI.JK,0.7395634744019635
2022-11-17,4520.0,4670.0,4500.0,4670.0,3453.76171875,214514600,BBRI.JK,0.7395635372055674
2022-11-18,4670.0,4680.0,4610.0,4610.0,3409.387451171875,105313200,BBRI.JK,0.7395634384320771
2022-11-21,4620.0,4630.0,4560.0,4590.0,3394.596435546875,82279300,BBRI.JK,0.7395634935831972
2022-11-22,4570.0,4670.0,4570.0,4590.0,3394.596435546875,154866000,BBRI.JK,0.7395634935831972
2022-11-23,4640.0,4670.0,4630.0,4670.0,3453.76171875,147280600,BBRI.JK,0.7395635372055674
2022-11-24,4700.0,4740.0,4670.0,4720.0,3490.739501953125,156735700,BBRI.JK,0.7395634538036282
2022-11-25,4700.0,4750.0,4690.0,4750.0,3512.92626953125,177861100,BBRI.JK,0.7395634251644737
2022-11-28,4730.0,4830.0,4730.0,4820.0,3564.695556640625,214611600,BBRI.JK,0.7395633934939057
2022-11-29,4820.0,4860.0,4790.0,4850.0,3586.8828125,184916300,BBRI.JK,0.7395634664948454
2022-11-30,4810.0,4980.0,4800.0,4980.0,3683.026123046875,560639800,BBRI.JK,0.7395634785234688
2022-12-01,5000.0,5025.0,4900.0,4940.0,3653.443603515625,267382600,BBRI.JK,0.7395634824930415
2022-12-02,4900.0,4930.0,4860.0,4890.0,3616.46533203125,199981400,BBRI.JK,0.7395634625830777
2022-12-05,4910.0,4930.0,4860.0,4890.0,3616.46533203125,88463000,BBRI.JK,0.7395634625830777
2022-12-06,4860.0,4890.0,4800.0,4860.0,3594.27880859375,151325300,BBRI.JK,0.7395635408629115
2022-12-07,4840.0,4840.0,4740.0,4760.0,3520.322265625,253330100,BBRI.JK,0.7395635011817226
2022-12-08,4760.0,4840.0,4710.0,4840.0,3579.48779296875,154313900,BBRI.JK,0.7395635935885847
2022-12-09,4830.0,4840.0,4760.0,4800.0,3549.904541015625,203573100,BBRI.JK,0.7395634460449219
2022-12-12,4800.0,4850.0,4760.0,4850.0,3586.8828125,139582400,BBRI.JK,0.7395634664948454
2022-12-13,4870.0,4980.0,4840.0,4970.0,3675.6298828125,194233200,BBRI.JK,0.7395633567027163
2022-12-14,5000.0,5000.0,4870.0,4980.0,3683.026123046875,201275800,BBRI.JK,0.7395634785234688
2022-12-15,4900.0,4940.0,4880.0,4910.0,3631.256591796875,170702300,BBRI.JK,0.7395634606510947
2022-12-16,4820.0,4980.0,4820.0,4980.0,3683.026123046875,594601900,BBRI.JK,0.7395634785234688
2022-12-19,4970.0,4980.0,4920.0,4970.0,3675.6298828125,82959800,BBRI.JK,0.7395633567027163
2022-12-20,4930.0,4970.0,4890.0,4910.0,3631.256591796875,78671600,BBRI.JK,0.7395634606510947
2022-12-21,4910.0,4940.0,4870.0,4890.0,3616.46533203125,71277800,BBRI.JK,0.7395634625830777
2022-12-22,4910.0,4970.0,4900.0,4960.0,3668.23486328125,87321400,BBRI.JK,0.739563480500252
2022-12-23,4920.0,4940.0,4880.0,4880.0,3609.069580078125,53350600,BBRI.JK,0.7395634385405994
2022-12-26,4900.0,4930.0,4890.0,4930.0,3646.04833984375,43581100,BBRI.JK,0.7395635577776369
2022-12-27,4930.0,4950.0,4860.0,4870.0,3601.674072265625,74123800,BBRI.JK,0.7395634645309291
2022-12-28,4870.0,4880.0,4810.0,4820.0,3564.695556640625,117912500,BBRI.JK,0.7395633934939057
2022-12-29,4820.0,4870.0,4800.0,4870.0,3601.674072265625,106690700,BBRI.JK,0.7395634645309291
2022-12-30,4870.0,4950.0,4870.0,4940.0,3653.443603515625,182091500,BBRI.JK,0.7395634824930415
2023-01-02,4910.0,4920.0,4820.0,4870.0,3601.674072265625,100200100,BBRI.JK,0.7395634645309291
2023-01-03,4830.0,4900.0,4830.0,4850.0,3586.8828125,95136500,BBRI.JK,0.7395634664948454
2023-01-04,4850.0,4850.0,4770.0,4770.0,3527.7177734375,188071000,BBRI.JK,0.7395634745151992
2023-01-05,4750.0,4760.0,4570.0,4640.0,3431.574462890625,292142000,BBRI.JK,0.7395634618298761
2023-01-06,4550.0,4640.0,4550.0,4620.0,3416.783203125,175932000,BBRI.JK,0.7395634638798702
2023-01-09,4580.0,4640.0,4550.0,4590.0,3394.596435546875,166164900,BBRI.JK,0.7395634935831972
2023-01-10,4550.0,4570.0,4410.0,4430.0,3317.46337890625,282510000,BBRI.JK,0.7488630652158578
2023-01-11,4410.0,4430.0,4360.0,4380.0,3280.020263671875,211610100,BBRI.JK,0.7488630738976884
2023-01-12,4480.0,4520.0,4410.0,4500.0,3369.884033203125,210887800,BBRI.JK,0.7488631184895833
2023-01-13,4510.0,4530.0,4420.0,4480.0,3354.906982421875,134592100,BBRI.JK,0.7488631657191686
2023-01-16,4430.0,4530.0,4420.0,4520.0,3384.861328125,172170900,BBRI.JK,0.7488631256913717
2023-01-17,4520.0,4580.0,4510.0,4560.0,3414.815673828125,150577400,BBRI.JK,0.7488630863658169
2023-01-18,4560.0,4620.0,4560.0,4600.0,3444.77001953125,178026000,BBRI.JK,0.7488630477241848
2023-01-19,4590.0,4630.0,4580.0,4610.0,3452.258544921875,117204100,BBRI.JK,0.7488630249288232
2023-01-20,4630.0,4670.0,4620.0,4650.0,3482.213623046875,116038300,BBRI.JK,0.7488631447412635
2023-01-24,4660.0,4680.0,4590.0,4620.0,3459.74755859375,81964700,BBRI.JK,0.7488631079207251
2023-01-25,4620.0,4620.0,4550.0,4560.0,3414.815673828125,84009300,BBRI.JK,0.7488630863658169
2023-01-26,4560.0,4620.0,4550.0,4590.0,3437.281494140625,113840400,BBRI.JK,0.7488630706188726
2023-01-27,4600.0,4680.0,4600.0,4640.0,3474.72509765625,178282600,BBRI.JK,0.7488631675983297
2023-01-30,4650.0,4680.0,4570.0,4610.0,3452.258544921875,185972400,BBRI.JK,0.7488630249288232
2023-01-31,4610.0,4620.0,4570.0,4580.0,3429.793212890625,280039200,BBRI.JK,0.7488631469193504
2023-02-01,4630.0,4690.0,4620.0,4680.0,3504.679443359375,181849300,BBRI.JK,0.7488631289229434
2023-02-02,4650.0,4680.0,4600.0,4600.0,3444.77001953125,145413400,BBRI.JK,0.7488630477241848
2023-02-03,4650.0,4780.0,4630.0,4750.0,3557.099609375,198479900,BBRI.JK,0.7488630756578948
2023-02-06,4780.0,4810.0,4680.0,4740.0,3549.611083984375,141366300,BBRI.JK,0.7488630978869989
2023-02-07,4740.0,4790.0,4720.0,4750.0,3557.099609375,140923100,BBRI.JK,0.7488630756578948
2023-02-08,4710.0,4790.0,4710.0,4790.0,3587.053955078125,168599500,BBRI.JK,0.7488630386384395
2023-02-09,4790.0,4840.0,4770.0,4810.0,3602.03125,177400700,BBRI.JK,0.7488630457380457
2023-02-10,4840.0,4880.0,4770.0,4860.0,3639.474365234375,181146600,BBRI.JK,0.748863038114069
2023-02-13,4900.0,4900.0,4800.0,4800.0,3594.54296875,144569400,BBRI.JK,0.7488631184895833
2023-02-14,4820.0,4870.0,4810.0,4870.0,3646.96337890625,120995200,BBRI.JK,0.7488631168185318
2023-02-15,4890.0,4890.0,4810.0,4870.0,3646.96337890625,84568100,BBRI.JK,0.7488631168185318
2023-02-16,4890.0,4890.0,4850.0,4870.0,3646.96337890625,69966200,BBRI.JK,0.7488631168185318
2023-02-17,4890.0,4890.0,4830.0,4880.0,3654.45166015625,104019300,BBRI.JK,0.7488630451139856
2023-02-20,4900.0,4900.0,4840.0,4880.0,3654.45166015625,88432500,BBRI.JK,0.7488630451139856
2023-02-21,4880.0,4880.0,4820.0,4820.0,3609.520263671875,59319100,BBRI.JK,0.7488631252431276
2023-02-22,4790.0,4810.0,4730.0,4760.0,3564.588134765625,107327900,BBRI.JK,0.7488630535221902
2023-02-23,4810.0,4810.0,4730.0,4800.0,3594.54296875,139144500,BBRI.JK,0.7488631184895833
2023-02-24,4800.0,4840.0,4760.0,4760.0,3564.588134765625,46409300,BBRI.JK,0.7488630535221902
2023-02-27,4780.0,4810.0,4760.0,4810.0,3602.03125,89918800,BBRI.JK,0.7488630457380457
2023-02-28,4760.0,4790.0,4670.0,4670.0,3497.190673828125,273125500,BBRI.JK,0.7488630993207976
2023-03-01,4730.0,4750.0,4700.0,4720.0,3534.633544921875,115578600,BBRI.JK,0.7488630391783634
2023-03-02,4750.0,4780.0,4720.0,4780.0,3579.56494140625,59377900,BBRI.JK,0.7488629584531904
2023-03-03,4800.0,4800.0,4730.0,4760.0,3564.588134765625,84777000,BBRI.JK,0.7488630535221902
2023-03-06,4790.0,4800.0,4780.0,4790.0,3587.053955078125,78292000,BBRI.JK,0.7488630386384395
2023-03-07,4770.0,4850.0,4770.0,4840.0,3624.4970703125,111953700,BBRI.JK,0.7488630310563017
2023-03-08,4850.0,4850.0,4820.0,4840.0,3624.4970703125,125766100,BBRI.JK,0.7488630310563017
2023-03-09,4860.0,4870.0,4810.0,4810.0,3602.03125,79549800,BBRI.JK,0.7488630457380457
2023-03-10,4820.0,4830.0,4800.0,4820.0,3609.520263671875,125140500,BBRI.JK,0.7488631252431276
2023-03-13,4810.0,4870.0,4770.0,4830.0,3617.0087890625,106769300,BBRI.JK,0.7488631033255694
2023-03-14,4770.0,4790.0,4690.0,4710.0,3527.145263671875,192444400,BBRI.JK,0.7488631133061305
2023-03-15,4760.0,4770.0,4700.0,4700.0,3519.65673828125,107761200,BBRI.JK,0.7488631358045212
2023-03-16,4700.0,4750.0,4640.0,4730.0,3542.12255859375,155984500,BBRI.JK,0.7488631202100952
2023-03-17,4770.0,4900.0,4750.0,4900.0,3669.42919921875,267753300,BBRI.JK,0.7488631018813775
2023-03-20,4840.0,4880.0,4820.0,4880.0,3654.45166015625,113829400,BBRI.JK,0.7488630451139856
2023-03-21,4870.0,4920.0,4840.0,4900.0,3669.42919921875,214639300,BBRI.JK,0.7488631018813775
2023-03-24,4750.0,4820.0,4720.0,4770.0,3748.984375,266103900,BBRI.JK,0.7859506027253669
2023-03-27,4750.0,4790.0,4720.0,4740.0,3725.405517578125,144925200,BBRI.JK,0.7859505311346255
2023-03-28,4740.0,4780.0,4740.0,4770.0,3748.984375,105217100,BBRI.JK,0.7859506027253669
2023-03-29,4800.0,4820.0,4770.0,4810.0,3780.42236328125,141800500,BBRI.JK,0.7859505952767671
2023-03-30,4810.0,4810.0,4740.0,4750.0,3733.26513671875,98847200,BBRI.JK,0.7859505550986842
2023-03-31,4730.0,4750.0,4710.0,4730.0,3717.5458984375,161561800,BBRI.JK,0.7859505070692389
2023-04-03,4770.0,4800.0,4760.0,4800.0,3772.562744140625,133511700,BBRI.JK,0.7859505716959635
2023-04-04,4800.0,4820.0,4760.0,4820.0,3788.28173828125,88097800,BBRI.JK,0.7859505681081431
2023-04-05,4810.0,4880.0,4800.0,4830.0,3796.141357421875,119316500,BBRI.JK,0.7859505915987319
2023-04-06,4860.0,4860.0,4820.0,4840.0,3804.00048828125,88012300,BBRI.JK,0.7859505141076962
2023-04-10,4860.0,4860.0,4820.0,4860.0,3819.719482421875,58886800,BBRI.JK,0.785950510786394
2023-04-11,4860.0,4890.0,4830.0,4880.0,3835.43896484375,67275600,BBRI.JK,0.7859506075499487
2023-04-12,4950.0,4950.0,4890.0,4930.0,3874.736083984375,194839900,BBRI.JK,0.7859505241347616
2023-04-13,4950.0,5000.0,4930.0,4980.0,3914.033935546875,141279800,BBRI.JK,0.7859505894672439
2023-04-14,5050.0,5100.0,5000.0,5075.0,3988.698974609375,190097200,BBRI.JK,0.7859505368688424
2023-04-17,5075.0,5075.0,4960.0,4990.0,3921.89306640625,121231300,BBRI.JK,0.7859505143098697
2023-04-18,4990.0,5025.0,4950.0,4950.0,3890.455322265625,95747700,BBRI.JK,0.7859505701546717
2023-04-26,5150.0,5150.0,4930.0,5025.0,3949.4013671875,273336000,BBRI.JK,0.7859505208333334
2023-04-27,4990.0,5150.0,4990.0,5150.0,4047.64501953125,125947200,BBRI.JK,0.7859504892293689
2023-04-28,5175.0,5275.0,5100.0,5100.0,4008.34814453125,251912000,BBRI.JK,0.785950616574755
2023-05-02,5175.0,5175.0,5050.0,5150.0,4047.64501953125,84246100,BBRI.JK,0.7859504892293689
2023-05-03,5225.0,5225.0,5050.0,5100.0,4008.34814453125,183524700,BBRI.JK,0.785950616574755
2023-05-04,5150.0,5175.0,5075.0,5150.0,4047.64501953125,140482000,BBRI.JK,0.7859504892293689
2023-05-05,5225.0,5250.0,5125.0,5225.0,4106.591796875,182599600,BBRI.JK,0.7859505831339713
2023-05-08,5250.0,5250.0,5050.0,5100.0,4008.34814453125,107804200,BBRI.JK,0.785950616574755
2023-05-09,5050.0,5125.0,5025.0,5125.0,4027.996826171875,102987300,BBRI.JK,0.7859506002286586
2023-05-10,5075.0,5150.0,5050.0,5150.0,4047.64501953125,108369600,BBRI.JK,0.7859504892293689
2023-05-11,5175.0,5175.0,5100.0,5150.0,4047.64501953125,85618800,BBRI.JK,0.7859504892293689
2023-05-12,5100.0,5175.0,5100.0,5150.0,4047.64501953125,92625800,BBRI.JK,0.7859504892293689
2023-05-15,5150.0,5175.0,5025.0,5150.0,4047.64501953125,163732600,BBRI.JK,0.7859504892293689
2023-05-16,5175.0,5200.0,5100.0,5200.0,4086.942626953125,73611200,BBRI.JK,0.7859505051832932
2023-05-17,5250.0,5250.0,5175.0,5200.0,4086.942626953125,115834500,BBRI.JK,0.7859505051832932
2023-05-19,5225.0,5450.0,5200.0,5400.0,4244.13330078125,185672200,BBRI.JK,0.785950611255787
2023-05-22,5300.0,5500.0,5300.0,5425.0,4263.78173828125,162655900,BBRI.JK,0.7859505508352534
2023-05-23,5475.0,5600.0,5475.0,5500.0,4322.72802734375,255251600,BBRI.JK,0.7859505504261364
2023-05-24,5525.0,5600.0,5450.0,5600.0,4401.3232421875,187436100,BBRI.JK,0.7859505789620536
2023-05-25,5500.0,5575.0,5450.0,5475.0,4303.0791015625,224391900,BBRI.JK,0.7859505208333334
2023-05-26,5425.0,5600.0,5425.0,5600.0,4401.3232421875,154003100,BBRI.JK,0.7859505789620536
2023-05-29,5600.0,5625.0,5475.0,5550.0,4362.02587890625,125049100,BBRI.JK,0.7859506088119369
2023-05-30,5500.0,5600.0,5500.0,5500.0,4322.72802734375,67363200,BBRI.JK,0.7859505504261364
2023-05-31,5575.0,5575.0,5375.0,5575.0,4381.67431640625,898453700,BBRI.JK,0.7859505500280269
2023-06-05,5600.0,5600.0,5425.0,5425.0,4263.78173828125,255472600,BBRI.JK,0.7859505508352534
2023-06-06,5400.0,5500.0,5350.0,5450.0,4283.43017578125,92019300,BBRI.JK,0.7859504909690367
2023-06-07,5475.0,5475.0,5350.0,5400.0,4244.13330078125,150377000,BBRI.JK,0.785950611255787
2023-06-08,5375.0,5475.0,5350.0,5475.0,4303.0791015625,92794100,BBRI.JK,0.7859505208333334
2023-06-09,5425.0,5450.0,5375.0,5425.0,4263.78173828125,77251000,BBRI.JK,0.7859505508352534
2023-06-12,5400.0,5400.0,5375.0,5400.0,4244.13330078125,92314200,BBRI.JK,0.785950611255787
2023-06-13,5400.0,5550.0,5400.0,5550.0,4362.02587890625,108831400,BBRI.JK,0.7859506088119369
2023-06-14,5575.0,5575.0,5475.0,5550.0,4362.02587890625,79137600,BBRI.JK,0.7859506088119369
2023-06-15,5475.0,5525.0,5450.0,5525.0,4342.37646484375,74388400,BBRI.JK,0.7859504913744344
2023-06-16,5475.0,5550.0,5400.0,5550.0,4362.02587890625,189062600,BBRI.JK,0.7859506088119369
2023-06-19,5500.0,5525.0,5450.0,5525.0,4342.37646484375,55144200,BBRI.JK,0.7859504913744344
2023-06-20,5475.0,5550.0,5475.0,5550.0,4362.02587890625,102926800,BBRI.JK,0.7859506088119369
2023-06-21,5500.0,5575.0,5500.0,5575.0,4381.67431640625,84605400,BBRI.JK,0.7859505500280269
2023-06-22,5550.0,5600.0,5475.0,5475.0,4303.0791015625,94143200,BBRI.JK,0.7859505208333334
2023-06-23,5425.0,5475.0,5400.0,5400.0,4244.13330078125,123350300,BBRI.JK,0.785950611255787
2023-06-26,5425.0,5475.0,5375.0,5450.0,4283.43017578125,85472100,BBRI.JK,0.7859504909690367
2023-06-27,5450.0,5500.0,5425.0,5425.0,4263.78173828125,110716500,BBRI.JK,0.7859505508352534
2023-07-03,5500.0,5550.0,5450.0,5475.0,4303.0791015625,168559800,BBRI.JK,0.7859505208333334
2023-07-04,5500.0,5500.0,5425.0,5450.0,4283.43017578125,94462600,BBRI.JK,0.7859504909690367
2023-07-05,5400.0,5450.0,5400.0,5450.0,4283.43017578125,109632800,BBRI.JK,0.7859504909690367
2023-07-06,5450.0,5475.0,5400.0,5425.0,4263.78173828125,109446200,BBRI.JK,0.7859505508352534
2023-07-07,5400.0,5425.0,5375.0,5375.0,4224.484375,114043800,BBRI.JK,0.7859505813953488
2023-07-10,5425.0,5500.0,5400.0,5400.0,4244.13330078125,78972100,BBRI.JK,0.785950611255787
2023-07-11,5375.0,5450.0,5375.0,5425.0,4263.78173828125,122094700,BBRI.JK,0.7859505508352534
2023-07-12,5450.0,5475.0,5425.0,5450.0,4283.43017578125,104993700,BBRI.JK,0.7859504909690367
2023-07-13,5425.0,5475.0,5425.0,5450.0,4283.43017578125,134905700,BBRI.JK,0.7859504909690367
2023-07-14,5450.0,5525.0,5425.0,5525.0,4342.37646484375,127814200,BBRI.JK,0.7859504913744344
2023-07-17,5550.0,5625.0,5525.0,5575.0,4381.67431640625,166951300,BBRI.JK,0.7859505500280269
2023-07-18,5625.0,5700.0,5600.0,5625.0,4420.97216796875,120810300,BBRI.JK,0.7859506076388889
2023-07-20,5575.0,5650.0,5550.0,5625.0,4420.97216796875,111117300,BBRI.JK,0.7859506076388889
2023-07-21,5600.0,5625.0,5575.0,5625.0,4420.97216796875,63094600,BBRI.JK,0.7859506076388889
2023-07-24,5600.0,5650.0,5600.0,5600.0,4401.3232421875,62962500,BBRI.JK,0.7859505789620536
2023-07-25,5625.0,5700.0,5625.0,5650.0,4440.62109375,111248100,BBRI.JK,0.7859506360619469
2023-07-26,5700.0,5700.0,5650.0,5675.0,4460.26953125,76200300,BBRI.JK,0.7859505781938326
2023-07-27,5675.0,5750.0,5650.0,5650.0,4440.62109375,109859200,BBRI.JK,0.7859506360619469
2023-07-28,5625.0,5700.0,5625.0,5700.0,4479.91796875,74036700,BBRI.JK,0.7859505208333334
2023-07-31,5700.0,5700.0,5650.0,5650.0,4440.62109375,186727400,BBRI.JK,0.7859506360619469
2023-08-01,5650.0,5750.0,5650.0,5700.0,4479.91796875,100137500,BBRI.JK,0.7859505208333334
2023-08-02,5650.0,5725.0,5650.0,5700.0,4479.91796875,90611300,BBRI.JK,0.7859505208333334
2023-08-03,5675.0,5750.0,5650.0,5700.0,4479.91796875,82775000,BBRI.JK,0.7859505208333334
2023-08-04,5700.0,5725.0,5575.0,5575.0,4381.67431640625,150738500,BBRI.JK,0.7859505500280269
2023-08-07,5600.0,5725.0,5575.0,5700.0,4479.91796875,88104900,BBRI.JK,0.7859505208333334
2023-08-08,5700.0,5750.0,5600.0,5625.0,4420.97216796875,89189600,BBRI.JK,0.7859506076388889
2023-08-09,5650.0,5725.0,5625.0,5700.0,4479.91796875,91930000,BBRI.JK,0.7859505208333334
2023-08-10,5675.0,5725.0,5675.0,5700.0,4479.91796875,85474200,BBRI.JK,0.7859505208333334
2023-08-11,5675.0,5700.0,5650.0,5650.0,4440.62109375,74321000,BBRI.JK,0.7859506360619469
2023-08-14,5650.0,5675.0,5575.0,5650.0,4440.62109375,127358400,BBRI.JK,0.7859506360619469
2023-08-15,5650.0,5675.0,5575.0,5575.0,4381.67431640625,89597300,BBRI.JK,0.7859505500280269
2023-08-16,5550.0,5575.0,5450.0,5525.0,4342.37646484375,188191900,BBRI.JK,0.7859504913744344
2023-08-18,5500.0,5600.0,5500.0,5575.0,4381.67431640625,121561200,BBRI.JK,0.7859505500280269
2023-08-21,5550.0,5575.0,5500.0,5500.0,4322.72802734375,91640000,BBRI.JK,0.7859505504261364
2023-08-22,5500.0,5625.0,5500.0,5575.0,4381.67431640625,101221500,BBRI.JK,0.7859505500280269
2023-08-23,5600.0,5625.0,5575.0,5600.0,4401.3232421875,78686900,BBRI.JK,0.7859505789620536
2023-08-24,5625.0,5625.0,5550.0,5550.0,4362.02587890625,74407500,BBRI.JK,0.7859506088119369
2023-08-25,5550.0,5600.0,5525.0,5600.0,4401.3232421875,65096500,BBRI.JK,0.7859505789620536
2023-08-28,5600.0,5625.0,5550.0,5550.0,4362.02587890625,37126600,BBRI.JK,0.7859506088119369
2023-08-29,5525.0,5600.0,5525.0,5600.0,4401.3232421875,57547200,BBRI.JK,0.7859505789620536
2023-08-30,5600.0,5600.0,5500.0,5525.0,4342.37646484375,171282700,BBRI.JK,0.7859504913744344
2023-08-31,5525.0,5550.0,5475.0,5550.0,4362.02587890625,175088200,BBRI.JK,0.7859506088119369
2023-09-01,5600.0,5600.0,5525.0,5575.0,4381.67431640625,87366100,BBRI.JK,0.7859505500280269
2023-09-04,5600.0,5625.0,5575.0,5625.0,4420.97216796875,43898200,BBRI.JK,0.7859506076388889
2023-09-05,5625.0,5650.0,5600.0,5625.0,4420.97216796875,72464300,BBRI.JK,0.7859506076388889
2023-09-06,5625.0,5650.0,5575.0,5575.0,4381.67431640625,106367800,BBRI.JK,0.7859505500280269
2023-09-07,5525.0,5550.0,5450.0,5450.0,4283.43017578125,157998600,BBRI.JK,0.7859504909690367
2023-09-08,5425.0,5450.0,5300.0,5350.0,4204.83544921875,243324500,BBRI.JK,0.7859505512558411
2023-09-11,5350.0,5425.0,5300.0,5425.0,4263.78173828125,80474100,BBRI.JK,0.7859505508352534
2023-09-12,5450.0,5475.0,5375.0,5375.0,4224.484375,121654400,BBRI.JK,0.7859505813953488
2023-09-13,5350.0,5425.0,5350.0,5400.0,4244.13330078125,59408000,BBRI.JK,0.785950611255787
2023-09-14,5325.0,5425.0,5325.0,5425.0,4263.78173828125,76831700,BBRI.JK,0.7859505508352534
2023-09-15,5400.0,5450.0,5375.0,5375.0,4224.484375,141455400,BBRI.JK,0.7859505813953488
2023-09-18,5350.0,5400.0,5300.0,5325.0,4185.1865234375,61329000,BBRI.JK,0.7859505208333334
2023-09-19,5325.0,5375.0,5300.0,5375.0,4224.484375,50612700,BBRI.JK,0.7859505813953488
2023-09-20,5350.0,5450.0,5350.0,5375.0,4224.484375,98710100,BBRI.JK,0.7859505813953488
2023-09-21,5425.0,5425.0,5350.0,5350.0,4204.83544921875,68584900,BBRI.JK,0.7859505512558411
2023-09-22,5350.0,5425.0,5350.0,5350.0,4204.83544921875,83184100,BBRI.JK,0.7859505512558411
2023-09-25,5325.0,5350.0,5200.0,5300.0,4165.5380859375,120196700,BBRI.JK,0.7859505822523585
2023-09-26,5250.0,5275.0,5200.0,5200.0,4086.942626953125,180280600,BBRI.JK,0.7859505051832932
2023-09-27,5175.0,5300.0,5175.0,5225.0,4106.591796875,119774700,BBRI.JK,0.7859505831339713
2023-09-29,5300.0,5325.0,5225.0,5225.0,4106.591796875,140331100,BBRI.JK,0.7859505831339713
2023-10-02,5250.0,5300.0,5250.0,5250.0,4126.24072265625,81674600,BBRI.JK,0.7859506138392857
2023-10-03,5250.0,5300.0,5250.0,5275.0,4145.8896484375,54462700,BBRI.JK,0.7859506442535545
2023-10-04,5250.0,5275.0,5200.0,5250.0,4126.24072265625,121445000,BBRI.JK,0.7859506138392857
2023-10-05,5250.0,5275.0,5175.0,5175.0,4067.2939453125,116814800,BBRI.JK,0.7859505208333334
2023-10-06,5200.0,5250.0,5175.0,5175.0,4067.2939453125,70202300,BBRI.JK,0.7859505208333334
2023-10-09,5200.0,5225.0,5125.0,5125.0,4027.996826171875,144477000,BBRI.JK,0.7859506002286586
2023-10-10,5125.0,5250.0,5125.0,5175.0,4067.2939453125,98457000,BBRI.JK,0.7859505208333334
2023-10-11,5150.0,5275.0,5150.0,5250.0,4126.24072265625,100394800,BBRI.JK,0.7859506138392857
2023-10-12,5300.0,5375.0,5275.0,5300.0,4165.5380859375,174022400,BBRI.JK,0.7859505822523585
2023-10-13,5275.0,5325.0,5250.0,5275.0,4145.8896484375,84648800,BBRI.JK,0.7859506442535545
2023-10-16,5325.0,5325.0,5250.0,5250.0,4126.24072265625,45782300,BBRI.JK,0.7859506138392857
2023-10-17,5250.0,5275.0,5150.0,5150.0,4047.64501953125,127287200,BBRI.JK,0.7859504892293689
2023-10-18,5125.0,5225.0,5125.0,5150.0,4047.64501953125,77217600,BBRI.JK,0.7859504892293689
2023-10-19,5100.0,5150.0,5000.0,5000.0,3929.752685546875,195831400,BBRI.JK,0.785950537109375
2023-10-20,4980.0,5100.0,4960.0,5050.0,3969.05078125,173353600,BBRI.JK,0.7859506497524752
2023-10-23,5000.0,5075.0,4990.0,5000.0,3929.752685546875,82756100,BBRI.JK,0.785950537109375
2023-10-24,5000.0,5100.0,4950.0,5100.0,4008.34814453125,104021500,BBRI.JK,0.785950616574755
2023-10-25,5100.0,5200.0,5100.0,5175.0,4067.2939453125,142215000,BBRI.JK,0.7859505208333334
2023-10-26,5175.0,5175.0,4920.0,4920.0,3866.876708984375,330618800,BBRI.JK,0.7859505506065803
2023-10-27,4950.0,5050.0,4940.0,5000.0,3929.752685546875,129599800,BBRI.JK,0.785950537109375
2023-10-30,4980.0,5025.0,4970.0,5000.0,3929.752685546875,108523700,BBRI.JK,0.785950537109375
2023-10-31,4980.0,5000.0,4960.0,4960.0,3898.314453125,106760300,BBRI.JK,0.7859504945816532
2023-11-01,4920.0,4960.0,4830.0,4830.0,3796.141357421875,191567200,BBRI.JK,0.7859505915987319
2023-11-02,4940.0,5075.0,4910.0,5000.0,3929.752685546875,208075400,BBRI.JK,0.785950537109375
2023-11-03,5025.0,5175.0,5025.0,5100.0,4008.34814453125,125504000,BBRI.JK,0.785950616574755
2023-11-06,5100.0,5200.0,5100.0,5200.0,4086.942626953125,122333800,BBRI.JK,0.7859505051832932
2023-11-07,5225.0,5275.0,5175.0,5250.0,4126.24072265625,137039400,BBRI.JK,0.7859506138392857
2023-11-08,5200.0,5250.0,5175.0,5225.0,4106.591796875,86713700,BBRI.JK,0.7859505831339713
2023-11-09,5225.0,5275.0,5200.0,5200.0,4086.942626953125,66236400,BBRI.JK,0.7859505051832932
2023-11-10,5150.0,5150.0,5050.0,5075.0,3988.698974609375,113811900,BBRI.JK,0.7859505368688424
2023-11-13,5075.0,5125.0,5025.0,5025.0,3949.4013671875,63126900,BBRI.JK,0.7859505208333334
2023-11-14,5075.0,5125.0,5050.0,5075.0,3988.698974609375,85419500,BBRI.JK,0.7859505368688424
2023-11-15,5200.0,5300.0,5175.0,5250.0,4126.24072265625,193790400,BBRI.JK,0.7859506138392857
2023-11-16,5275.0,5275.0,5175.0,5250.0,4126.24072265625,99488800,BBRI.JK,0.7859506138392857
2023-11-17,5175.0,5250.0,5175.0,5225.0,4106.591796875,70727500,BBRI.JK,0.7859505831339713
2023-11-20,5175.0,5275.0,5175.0,5250.0,4126.24072265625,54123600,BBRI.JK,0.7859506138392857
2023-11-21,5225.0,5250.0,5175.0,5200.0,4086.942626953125,104110500,BBRI.JK,0.7859505051832932
2023-11-22,5175.0,5300.0,5175.0,5275.0,4145.8896484375,103585500,BBRI.JK,0.7859506442535545
2023-11-23,5325.0,5400.0,5300.0,5350.0,4204.83544921875,174572400,BBRI.JK,0.7859505512558411
2023-11-24,5400.0,5450.0,5375.0,5400.0,4244.13330078125,92571400,BBRI.JK,0.785950611255787
2023-11-27,5425.0,5450.0,5350.0,5350.0,4204.83544921875,76019100,BBRI.JK,0.7859505512558411
2023-11-28,5325.0,5425.0,5325.0,5350.0,4204.83544921875,147993400,BBRI.JK,0.7859505512558411
2023-11-29,5350.0,5375.0,5300.0,5300.0,4165.5380859375,106197800,BBRI.JK,0.7859505822523585
2023-11-30,5375.0,5375.0,5275.0,5275.0,4145.8896484375,224426400,BBRI.JK,0.7859506442535545
2023-12-01,5275.0,5375.0,5275.0,5350.0,4204.83544921875,99499500,BBRI.JK,0.7859505512558411
2023-12-04,5450.0,5575.0,5450.0,5500.0,4322.72802734375,235595700,BBRI.JK,0.7859505504261364
2023-12-05,5425.0,5500.0,5425.0,5450.0,4283.43017578125,114689900,BBRI.JK,0.7859504909690367
2023-12-06,5425.0,5450.0,5400.0,5425.0,4263.78173828125,119716700,BBRI.JK,0.7859505508352534
2023-12-07,5400.0,5475.0,5400.0,5475.0,4303.0791015625,102126600,BBRI.JK,0.7859505208333334
2023-12-08,5425.0,5450.0,5375.0,5375.0,4224.484375,130542600,BBRI.JK,0.7859505813953488
2023-12-11,5325.0,5375.0,5300.0,5300.0,4165.5380859375,124468600,BBRI.JK,0.7859505822523585
2023-12-12,5375.0,5400.0,5325.0,5325.0,4185.1865234375,134501600,BBRI.JK,0.7859505208333334
2023-12-13,5300.0,5350.0,5275.0,5300.0,4165.5380859375,98881600,BBRI.JK,0.7859505822523585
2023-12-14,5450.0,5550.0,5425.0,5550.0,4362.02587890625,239261700,BBRI.JK,0.7859506088119369
2023-12-15,5575.0,5600.0,5550.0,5550.0,4362.02587890625,252448800,BBRI.JK,0.7859506088119369
2023-12-18,5575.0,5575.0,5500.0,5500.0,4322.72802734375,102780900,BBRI.JK,0.7859505504261364
2023-12-19,5450.0,5550.0,5450.0,5550.0,4362.02587890625,135207300,BBRI.JK,0.7859506088119369
2023-12-20,5700.0,5700.0,5550.0,5550.0,4362.02587890625,138470900,BBRI.JK,0.7859506088119369
2023-12-21,5550.0,5600.0,5525.0,5575.0,4381.67431640625,99049600,BBRI.JK,0.7859505500280269
2023-12-22,5650.0,5700.0,5600.0,5675.0,4460.26953125,109411300,BBRI.JK,0.7859505781938326
2023-12-27,5700.0,5725.0,5625.0,5625.0,4420.97216796875,122236700,BBRI.JK,0.7859506076388889
2023-12-28,5700.0,5750.0,5675.0,5725.0,4499.56689453125,121434600,BBRI.JK,0.7859505492631005
2023-12-29,5750.0,5750.0,5675.0,5725.0,4499.56689453125,93126000,BBRI.JK,0.7859505492631005
2024-01-02,5650.0,5675.0,5625.0,5675.0,4526.68701171875,91143100,BBRI.JK,0.7976540989812775
2024-01-03,5625.0,5650.0,5600.0,5600.0,4466.86328125,83659700,BBRI.JK,0.7976541573660715
2024-01-04,5600.0,5700.0,5575.0,5700.0,4546.62841796875,92683500,BBRI.JK,0.7976541084155702
2024-01-05,5725.0,5850.0,5700.0,5750.0,4586.5107421875,134929600,BBRI.JK,0.7976540421195653
2024-01-08,5750.0,5800.0,5625.0,5625.0,4486.80517578125,152015000,BBRI.JK,0.7976542534722222
2024-01-09,5625.0,5700.0,5625.0,5700.0,4546.62841796875,105666200,BBRI.JK,0.7976541084155702
2024-01-10,5625.0,5700.0,5625.0,5700.0,4546.62841796875,82626400,BBRI.JK,0.7976541084155702
2024-01-11,5750.0,5800.0,5700.0,5750.0,4586.5107421875,116804400,BBRI.JK,0.7976540421195653
2024-01-12,5800.0,5850.0,5775.0,5850.0,4666.27685546875,109715700,BBRI.JK,0.7976541633279914
2024-01-15,5850.0,5900.0,5775.0,5825.0,4646.33544921875,115126700,BBRI.JK,0.7976541543723176
2024-01-16,5825.0,5875.0,5775.0,5825.0,4646.33544921875,97074300,BBRI.JK,0.7976541543723176
2024-01-17,5825.0,5825.0,5750.0,5775.0,4606.45263671875,107941600,BBRI.JK,0.797654136228355
2024-01-18,5800.0,5800.0,5700.0,5750.0,4586.5107421875,87259100,BBRI.JK,0.7976540421195653
2024-01-19,5750.0,5800.0,5700.0,5800.0,4626.39404296875,75370700,BBRI.JK,0.7976541453394397
2024-01-22,5775.0,5800.0,5700.0,5775.0,4606.45263671875,97545600,BBRI.JK,0.797654136228355
2024-01-23,5700.0,5750.0,5650.0,5700.0,4546.62841796875,122999700,BBRI.JK,0.7976541084155702
2024-01-24,5675.0,5700.0,5575.0,5650.0,4506.74658203125,104225000,BBRI.JK,0.7976542623064159
2024-01-25,5575.0,5650.0,5525.0,5525.0,4407.0390625,120478800,BBRI.JK,0.797654128959276
2024-01-26,5450.0,5475.0,5400.0,5425.0,4327.2734375,185244400,BBRI.JK,0.7976540898617511
2024-01-29,5400.0,5575.0,5400.0,5575.0,4446.921875,145629600,BBRI.JK,0.7976541479820628
2024-01-30,5525.0,5650.0,5475.0,5625.0,4486.80517578125,150513700,BBRI.JK,0.7976542534722222
2024-01-31,5725.0,5775.0,5675.0,5700.0,4546.62841796875,245117200,BBRI.JK,0.7976541084155702
2024-02-01,5775.0,5800.0,5725.0,5750.0,4586.5107421875,156633900,BBRI.JK,0.7976540421195653
2024-02-02,5800.0,5850.0,5750.0,5850.0,4666.27685546875,177209700,BBRI.JK,0.7976541633279914
2024-02-05,5800.0,5825.0,5750.0,5775.0,4606.45263671875,113760000,BBRI.JK,0.797654136228355
2024-02-06,5900.0,5900.0,5800.0,5825.0,4646.33544921875,126704300,BBRI.JK,0.7976541543723176
2024-02-07,5850.0,5900.0,5825.0,5850.0,4666.27685546875,147005300,BBRI.JK,0.7976541633279914
2024-02-12,5875.0,6025.0,5850.0,6025.0,4805.8662109375,171514600,BBRI.JK,0.7976541428941909
2024-02-13,6050.0,6050.0,5950.0,6000.0,4785.9248046875,145852200,BBRI.JK,0.7976541341145833
2024-02-15,6275.0,6275.0,6100.0,6125.0,4885.6318359375,308685100,BBRI.JK,0.7976541772959184
2024-02-16,6150.0,6200.0,6125.0,6150.0,4905.5732421875,130814400,BBRI.JK,0.7976541857215447
2024-02-19,6125.0,6175.0,6075.0,6100.0,4865.6904296875,111382900,BBRI.JK,0.7976541688012295
2024-02-20,6175.0,6300.0,6175.0,6300.0,5025.22119140625,160872600,BBRI.JK,0.7976541573660715
2024-02-21,6325.0,6375.0,6225.0,6300.0,5025.22119140625,168423000,BBRI.JK,0.7976541573660715
2024-02-22,6250.0,6300.0,6225.0,6250.0,4985.33837890625,100256000,BBRI.JK,0.797654140625
2024-02-23,6125.0,6175.0,6050.0,6125.0,4885.6318359375,148643000,BBRI.JK,0.7976541772959184
2024-02-26,6100.0,6200.0,6075.0,6175.0,4925.5146484375,98920800,BBRI.JK,0.7976541940789473
2024-02-27,6125.0,6200.0,6125.0,6125.0,4885.6318359375,99187500,BBRI.JK,0.7976541772959184
2024-02-28,6100.0,6225.0,6100.0,6225.0,4965.39697265625,97236700,BBRI.JK,0.7976541321536145
2024-02-29,6150.0,6200.0,6125.0,6125.0,4885.6318359375,173774600,BBRI.JK,0.7976541772959184
2024-03-01,6175.0,6175.0,6075.0,6125.0,4885.6318359375,76286400,BBRI.JK,0.7976541772959184
2024-03-04,6125.0,6125.0,6050.0,6050.0,4825.8076171875,70354900,BBRI.JK,0.7976541516012396
2024-03-05,6100.0,6175.0,6075.0,6125.0,4885.6318359375,115084600,BBRI.JK,0.7976541772959184
2024-03-06,6100.0,6200.0,6100.0,6200.0,4945.45556640625,84108800,BBRI.JK,0.7976541236139113
2024-03-07,6200.0,6275.0,6200.0,6225.0,4965.39697265625,117724700,BBRI.JK,0.7976541321536145
2024-03-08,6275.0,6400.0,6250.0,6350.0,5065.103515625,163060000,BBRI.JK,0.797654096948819
2024-03-13,6350.0,6450.0,6350.0,6400.0,5104.98681640625,195173100,BBRI.JK,0.7976541900634766
2024-03-14,6175.0,6200.0,6050.0,6150.0,5092.56591796875,271254000,BBRI.JK,0.8280594988567073
2024-03-15,6000.0,6075.0,5950.0,5975.0,4947.65478515625,305995800,BBRI.JK,0.8280593782688285
2024-03-18,6000.0,6100.0,5975.0,6000.0,4968.3564453125,110564700,BBRI.JK,0.8280594075520833
2024-03-19,6000.0,6050.0,5975.0,6000.0,4968.3564453125,114338600,BBRI.JK,0.8280594075520833
2024-03-20,6000.0,6100.0,6000.0,6100.0,5051.16259765625,120885400,BBRI.JK,0.8280594422387295
2024-03-21,6175.0,6200.0,6100.0,6100.0,5051.16259765625,136020000,BBRI.JK,0.8280594422387295
2024-03-22,6050.0,6125.0,6050.0,6125.0,5071.8642578125,46529200,BBRI.JK,0.8280594706632654
2024-03-25,6250.0,6250.0,6125.0,6250.0,5175.37158203125,115729600,BBRI.JK,0.828059453125
2024-03-26,6300.0,6300.0,6200.0,6300.0,5216.7744140625,120748400,BBRI.JK,0.8280594308035715
2024-03-27,6300.0,6325.0,6225.0,6250.0,5175.37158203125,73308900,BBRI.JK,0.828059453125
2024-03-28,6100.0,6200.0,6025.0,6050.0,5009.75927734375,288926900,BBRI.JK,0.8280593846849174
2024-04-01,6000.0,6025.0,5825.0,5925.0,4906.251953125,217207800,BBRI.JK,0.8280594013713081
2024-04-02,5850.0,5950.0,5625.0,5675.0,4699.23681640625,412180900,BBRI.JK,0.8280593509085903
2024-04-03,5575.0,5675.0,5525.0,5625.0,4657.83447265625,333518700,BBRI.JK,0.8280594618055556
2024-04-04,5650.0,5750.0,5650.0,5700.0,4719.9384765625,131936100,BBRI.JK,0.8280593818530702
2024-04-05,5625.0,5700.0,5625.0,5650.0,4678.5361328125,178817800,BBRI.JK,0.8280594925331859
2024-04-16,5375.0,5575.0,5350.0,5350.0,4430.1181640625,600717500,BBRI.JK,0.8280594699182243
2024-04-17,5475.0,5500.0,5300.0,5300.0,4388.71484375,244002000,BBRI.JK,0.828059404481132
2024-04-18,5300.0,5500.0,5300.0,5475.0,4533.625,247410700,BBRI.JK,0.8280593607305936
2024-04-19,5350.0,5375.0,5250.0,5275.0,4368.013671875,258211500,BBRI.JK,0.8280594638625592
2024-04-22,5200.0,5325.0,5150.0,5300.0,4388.71484375,342282800,BBRI.JK,0.828059404481132
2024-04-23,5350.0,5400.0,5225.0,5300.0,4388.71484375,281403100,BBRI.JK,0.828059404481132
2024-04-24,5250.0,5350.0,5150.0,5225.0,4326.6103515625,471241400,BBRI.JK,0.8280593974282296
2024-04-25,5125.0,5200.0,5050.0,5150.0,4264.505859375,479170900,BBRI.JK,0.8280593901699029
2024-04-26,5050.0,5100.0,4830.0,4830.0,3999.52734375,782589900,BBRI.JK,0.8280594914596273
2024-04-29,4700.0,4890.0,4680.0,4770.0,3949.84375,700644800,BBRI.JK,0.8280594863731656
2024-04-30,4850.0,5050.0,4820.0,4940.0,4090.613525390625,565609200,BBRI.JK,0.8280594180952682
2024-05-02,4910.0,4920.0,4700.0,4760.0,3941.56298828125,636922100,BBRI.JK,0.8280594513195904
2024-05-03,4760.0,4830.0,4710.0,4750.0,3933.2822265625,321697200,BBRI.JK,0.828059416118421
2024-05-06,4800.0,4840.0,4730.0,4790.0,3966.40478515625,262707400,BBRI.JK,0.8280594541036013
2024-05-07,4770.0,4780.0,4670.0,4670.0,3867.037109375,304013600,BBRI.JK,0.8280593381959315
2024-05-08,4650.0,4740.0,4570.0,4680.0,3875.31787109375,572275800,BBRI.JK,0.8280593741653312
2024-05-13,4650.0,4700.0,4630.0,4680.0,3875.31787109375,320067100,BBRI.JK,0.8280593741653312
2024-05-14,4720.0,4810.0,4700.0,4730.0,3916.720947265625,341458900,BBRI.JK,0.8280593968849101
2024-05-15,4780.0,4870.0,4760.0,4820.0,3991.24658203125,298990300,BBRI.JK,0.8280594568529565
2024-05-16,4930.0,4960.0,4840.0,4840.0,4007.8076171875,371295000,BBRI.JK,0.8280594250387396
2024-05-17,4840.0,4960.0,4820.0,4920.0,4074.05224609375,208991800,BBRI.JK,0.8280593996125508
2024-05-20,4990.0,5050.0,4820.0,4820.0,3991.24658203125,335150700,BBRI.JK,0.8280594568529565
2024-05-21,4810.0,4870.0,4680.0,4680.0,3875.31787109375,271568800,BBRI.JK,0.8280593741653312
2024-05-22,4650.0,4770.0,4650.0,4720.0,3908.440185546875,215066000,BBRI.JK,0.828059361344677
2024-05-27,4700.0,4720.0,4550.0,4550.0,3767.67041015625,363719300,BBRI.JK,0.8280594308035715
2024-05-28,4580.0,4630.0,4520.0,4530.0,3751.109375,258070200,BBRI.JK,0.8280594646799116
2024-05-29,4480.0,4500.0,4400.0,4410.0,3651.742431640625,465008500,BBRI.JK,0.8280595083085317
2024-05-30,4400.0,4480.0,4310.0,4380.0,3626.900146484375,502927800,BBRI.JK,0.8280593941745148
2024-05-31,4430.0,4470.0,4330.0,4340.0,3593.7783203125,655144100,BBRI.JK,0.8280595208093318
2024-06-03,4430.0,4560.0,4400.0,4530.0,3751.109375,345770100,BBRI.JK,0.8280594646799116
2024-06-04,4560.0,4590.0,4450.0,4450.0,3684.864501953125,332902200,BBRI.JK,0.8280594386411517
2024-06-05,4500.0,4500.0,4400.0,4400.0,3643.461669921875,240788500,BBRI.JK,0.8280594704367897
2024-06-06,4450.0,4500.0,4390.0,4500.0,3726.267333984375,281534200,BBRI.JK,0.8280594075520833
2024-06-07,4490.0,4500.0,4350.0,4350.0,3602.05859375,375439600,BBRI.JK,0.8280594468390805
2024-06-10,4350.0,4430.0,4320.0,4400.0,3643.461669921875,181387000,BBRI.JK,0.8280594704367897
2024-06-11,4380.0,4440.0,4340.0,4340.0,3593.7783203125,197854400,BBRI.JK,0.8280595208093318
2024-06-12,4340.0,4360.0,4310.0,4350.0,3602.05859375,187332500,BBRI.JK,0.8280594468390805
2024-06-13,4400.0,4420.0,4300.0,4310.0,3568.93603515625,238349600,BBRI.JK,0.8280594049086427
2024-06-14,4300.0,4320.0,4170.0,4180.0,3461.28857421875,358893200,BBRI.JK,0.8280594675164473
2024-06-19,4100.0,4240.0,4090.0,4100.0,3395.043701171875,410338400,BBRI.JK,0.8280594393102134
2024-06-20,4130.0,4270.0,4130.0,4270.0,3535.81396484375,387133400,BBRI.JK,0.8280594765442038
2024-06-21,4280.0,4490.0,4260.0,4440.0,3676.583984375,532713300,BBRI.JK,0.8280594559403153
2024-06-24,4440.0,4510.0,4400.0,4400.0,3643.461669921875,303830800,BBRI.JK,0.8280594704367897
2024-06-25,4320.0,4400.0,4280.0,4380.0,3626.900146484375,383572500,BBRI.JK,0.8280593941745148
2024-06-26,4390.0,4430.0,4350.0,4370.0,3618.61962890625,150303400,BBRI.JK,0.8280594116490274
2024-06-27,4410.0,4500.0,4380.0,4460.0,3693.145263671875,299430600,BBRI.JK,0.8280594761596133
2024-06-28,4590.0,4640.0,4580.0,4600.0,3809.0732421875,581319300,BBRI.JK,0.8280594004755435
2024-07-01,4630.0,4670.0,4560.0,4630.0,3833.91552734375,261421200,BBRI.JK,0.8280595091455184
2024-07-02,4610.0,4630.0,4570.0,4570.0,3784.231689453125,234403100,BBRI.JK,0.828059450646198
2024-07-03,4630.0,4640.0,4560.0,4600.0,3809.0732421875,176310400,BBRI.JK,0.8280594004755435
2024-07-04,4680.0,4830.0,4660.0,4790.0,3966.40478515625,422261500,BBRI.JK,0.8280594541036013
2024-07-05,4850.0,4870.0,4790.0,4800.0,3974.685302734375,218278000,BBRI.JK,0.8280594380696614
2024-07-08,4800.0,4830.0,4740.0,4750.0,3933.2822265625,222042100,BBRI.JK,0.828059416118421
2024-07-09,4780.0,4930.0,4750.0,4870.0,4032.6494140625,291320400,BBRI.JK,0.8280594279389117
2024-07-10,4870.0,4920.0,4840.0,4850.0,4016.088134765625,167619700,BBRI.JK,0.8280594092300257
2024-07-11,4910.0,4920.0,4840.0,4840.0,4007.8076171875,170461300,BBRI.JK,0.8280594250387396
2024-07-12,4970.0,4980.0,4880.0,4900.0,4057.491455078125,301125400,BBRI.JK,0.8280594806281888
2024-07-15,4920.0,4930.0,4810.0,4820.0,3991.24658203125,188713000,BBRI.JK,0.8280594568529565
2024-07-16,4820.0,4840.0,4730.0,4730.0,3916.720947265625,189271400,BBRI.JK,0.8280593968849101
2024-07-17,4750.0,4810.0,4720.0,4760.0,3941.56298828125,263325400,BBRI.JK,0.8280594513195904
2024-07-18,4760.0,4890.0,4750.0,4890.0,4049.211181640625,296614900,BBRI.JK,0.8280595463477761
2024-07-19,4870.0,4910.0,4850.0,4900.0,4057.491455078125,135104800,BBRI.JK,0.8280594806281888
2024-07-22,4920.0,4940.0,4880.0,4910.0,4065.772216796875,140128300,BBRI.JK,0.8280595146225814
2024-07-23,4900.0,4910.0,4780.0,4790.0,3966.40478515625,170919500,BBRI.JK,0.8280594541036013
2024-07-24,4770.0,4800.0,4760.0,4780.0,3958.1240234375,116037600,BBRI.JK,0.8280594191291841
2024-07-25,4760.0,4760.0,4660.0,4700.0,3891.87939453125,274397700,BBRI.JK,0.8280594456449468
2024-07-26,4760.0,4810.0,4740.0,4760.0,3941.56298828125,192267300,BBRI.JK,0.8280594513195904
2024-07-29,4800.0,4800.0,4760.0,4780.0,3958.1240234375,126109900,BBRI.JK,0.8280594191291841
2024-07-30,4720.0,4740.0,4670.0,4670.0,3867.037109375,201835700,BBRI.JK,0.8280593381959315
2024-07-31,4650.0,4710.0,4650.0,4670.0,3867.037109375,168490300,BBRI.JK,0.8280593381959315
2024-08-01,4710.0,4750.0,4690.0,4750.0,3933.2822265625,169636700,BBRI.JK,0.828059416118421
2024-08-02,4730.0,4750.0,4690.0,4710.0,3900.16015625,113328400,BBRI.JK,0.8280594811571125
2024-08-05,4660.0,4670.0,4510.0,4530.0,3751.109375,329430900,BBRI.JK,0.8280594646799116
2024-08-06,4550.0,4650.0,4520.0,4600.0,3809.0732421875,238051800,BBRI.JK,0.8280594004755435
2024-08-07,4640.0,4640.0,4590.0,4620.0,3825.634765625,125937500,BBRI.JK,0.8280594730790043
2024-08-08,4600.0,4690.0,4590.0,4660.0,3858.757080078125,131343400,BBRI.JK,0.8280594592442329
2024-08-09,4700.0,4730.0,4670.0,4670.0,3867.037109375,98730900,BBRI.JK,0.8280593381959315
2024-08-12,4720.0,4720.0,4650.0,4680.0,3875.31787109375,83552800,BBRI.JK,0.8280593741653312
2024-08-13,4700.0,4750.0,4690.0,4720.0,3908.440185546875,109533400,BBRI.JK,0.828059361344677
2024-08-14,4770.0,4840.0,4760.0,4820.0,3991.24658203125,262716500,BBRI.JK,0.8280594568529565
2024-08-15,4850.0,4870.0,4790.0,4830.0,3999.52734375,214394900,BBRI.JK,0.8280594914596273
2024-08-16,4850.0,4870.0,4830.0,4830.0,3999.52734375,149701700,BBRI.JK,0.8280594914596273
2024-08-19,4820.0,4820.0,4750.0,4820.0,3991.24658203125,196203200,BBRI.JK,0.8280594568529565
2024-08-20,4860.0,4950.0,4840.0,4950.0,4098.89453125,310085500,BBRI.JK,0.8280595012626263
2024-08-21,4990.0,5100.0,4980.0,5100.0,4223.10302734375,390307000,BBRI.JK,0.8280594171262254
2024-08-22,5125.0,5150.0,5025.0,5050.0,4181.7001953125,474043100,BBRI.JK,0.8280594446163366
2024-08-23,5150.0,5200.0,5125.0,5150.0,4264.505859375,217759300,BBRI.JK,0.8280593901699029
2024-08-26,5200.0,5325.0,5200.0,5300.0,4388.71484375,361169800,BBRI.JK,0.828059404481132
2024-08-27,5250.0,5275.0,5100.0,5175.0,4285.20703125,271088700,BBRI.JK,0.828059329710145
2024-08-28,5100.0,5175.0,5025.0,5150.0,4264.505859375,277561700,BBRI.JK,0.8280593901699029
2024-08-29,5125.0,5175.0,5100.0,5125.0,4243.8046875,160041900,BBRI.JK,0.8280594512195122
2024-08-30,5175.0,5175.0,5125.0,5150.0,4264.505859375,275298000,BBRI.JK,0.8280593901699029
2024-09-02,5150.0,5225.0,5150.0,5175.0,4285.20703125,136717200,BBRI.JK,0.828059329710145
2024-09-03,5225.0,5250.0,5150.0,5175.0,4285.20703125,166033900,BBRI.JK,0.828059329710145
2024-09-04,5100.0,5175.0,5100.0,5100.0,4223.10302734375,141890400,BBRI.JK,0.8280594171262254
2024-09-05,5125.0,5150.0,5075.0,5150.0,4264.505859375,166436800,BBRI.JK,0.8280593901699029
2024-09-06,5200.0,5250.0,5150.0,5225.0,4326.6103515625,170520700,BBRI.JK,0.8280593974282296
2024-09-09,5275.0,5300.0,5150.0,5175.0,4285.20703125,201448700,BBRI.JK,0.828059329710145
2024-09-10,5200.0,5250.0,5125.0,5250.0,4347.31201171875,202326400,BBRI.JK,0.8280594308035715
2024-09-11,5225.0,5250.0,5125.0,5175.0,4285.20703125,165284900,BBRI.JK,0.828059329710145
2024-09-12,5175.0,5225.0,5150.0,5175.0,4285.20703125,138542100,BBRI.JK,0.828059329710145
2024-09-13,5200.0,5300.0,5175.0,5300.0,4388.71484375,259722600,BBRI.JK,0.828059404481132
2024-09-17,5350.0,5350.0,5250.0,5300.0,4388.71484375,201331600,BBRI.JK,0.828059404481132
2024-09-18,5350.0,5375.0,5325.0,5350.0,4430.1181640625,186877300,BBRI.JK,0.8280594699182243
2024-09-19,5425.0,5500.0,5400.0,5400.0,4471.52099609375,332941100,BBRI.JK,0.8280594437210648
2024-09-20,5400.0,5450.0,5375.0,5375.0,4450.8193359375,260437400,BBRI.JK,0.8280594113372093
2024-09-23,5350.0,5500.0,5350.0,5500.0,4554.32666015625,245292000,BBRI.JK,0.8280593927556819
2024-09-24,5550.0,5575.0,5525.0,5525.0,4575.0283203125,195415700,BBRI.JK,0.8280594244909503
2024-09-25,5400.0,5425.0,5200.0,5325.0,4409.41650390625,607065900,BBRI.JK,0.8280594373532864
2024-09-26,5150.0,5200.0,5025.0,5050.0,4181.7001953125,855266800,BBRI.JK,0.8280594446163366
2024-09-27,5050.0,5150.0,5000.0,5100.0,4223.10302734375,304694300,BBRI.JK,0.8280594171262254
2024-09-30,5050.0,5050.0,4950.0,4950.0,4098.89453125,539169900,BBRI.JK,0.8280595012626263
2024-10-01,4970.0,5075.0,4970.0,5075.0,4202.4013671875,197069300,BBRI.JK,0.8280593826970444
2024-10-02,5000.0,5075.0,4900.0,4940.0,4090.613525390625,307487600,BBRI.JK,0.8280594180952682
2024-10-03,4900.0,4960.0,4860.0,4920.0,4074.05224609375,354814800,BBRI.JK,0.8280593996125508
2024-10-04,4870.0,4920.0,4850.0,4860.0,4024.368896484375,289960700,BBRI.JK,0.8280594437210648
2024-10-07,4860.0,4930.0,4810.0,4820.0,3991.24658203125,308452200,BBRI.JK,0.8280594568529565
2024-10-08,4800.0,5050.0,4760.0,5000.0,4140.296875,527474400,BBRI.JK,0.828059375
2024-10-09,5000.0,5075.0,4930.0,4930.0,4082.3330078125,309336600,BBRI.JK,0.8280594336333671
2024-10-10,4920.0,4970.0,4860.0,4860.0,4024.368896484375,226564700,BBRI.JK,0.8280594437210648
2024-10-11,4910.0,4940.0,4890.0,4900.0,4057.491455078125,104875300,BBRI.JK,0.8280594806281888
2024-10-14,4900.0,4930.0,4870.0,4900.0,4057.491455078125,125414400,BBRI.JK,0.8280594806281888
2024-10-15,4930.0,4990.0,4920.0,4920.0,4074.05224609375,142372200,BBRI.JK,0.8280593996125508
2024-10-16,4950.0,4970.0,4920.0,4950.0,4098.89453125,118014300,BBRI.JK,0.8280595012626263
2024-10-17,4960.0,5050.0,4940.0,4980.0,4123.73583984375,188127700,BBRI.JK,0.8280594055911145
2024-10-18,5025.0,5050.0,4960.0,4970.0,4115.455078125,157113000,BBRI.JK,0.8280593718561369
2024-10-21,4980.0,5025.0,4970.0,4990.0,4132.0166015625,110708200,BBRI.JK,0.8280594391908818
2024-10-22,4960.0,4970.0,4900.0,4900.0,4057.491455078125,199707500,BBRI.JK,0.8280594806281888
2024-10-23,4830.0,4890.0,4810.0,4860.0,4024.368896484375,222147300,BBRI.JK,0.8280594437210648
2024-10-24,4820.0,4900.0,4810.0,4820.0,3991.24658203125,218162100,BBRI.JK,0.8280594568529565
2024-10-25,4820.0,4860.0,4770.0,4770.0,3949.84375,195647800,BBRI.JK,0.8280594863731656
2024-10-28,4770.0,4800.0,4710.0,4760.0,3941.56298828125,191211000,BBRI.JK,0.8280594513195904
2024-10-29,4730.0,4780.0,4700.0,4700.0,3891.87939453125,203658600,BBRI.JK,0.8280594456449468
2024-10-30,4630.0,4750.0,4630.0,4710.0,3900.16015625,296314500,BBRI.JK,0.8280594811571125
2024-10-31,4710.0,4870.0,4710.0,4800.0,3974.685302734375,307110400,BBRI.JK,0.8280594380696614
2024-11-01,4770.0,4820.0,4700.0,4700.0,3891.87939453125,235656400,BBRI.JK,0.8280594456449468
2024-11-04,4710.0,4770.0,4650.0,4720.0,3908.440185546875,209831500,BBRI.JK,0.828059361344677
2024-11-05,4690.0,4740.0,4680.0,4710.0,3900.16015625,199499300,BBRI.JK,0.8280594811571125
2024-11-06,4710.0,4730.0,4600.0,4600.0,3809.0732421875,249059500,BBRI.JK,0.8280594004755435
2024-11-07,4610.0,4640.0,4550.0,4550.0,3767.67041015625,296218600,BBRI.JK,0.8280594308035715
2024-11-08,4600.0,4640.0,4520.0,4520.0,3742.82861328125,198589900,BBRI.JK,0.8280594277170907
2024-11-11,4470.0,4540.0,4370.0,4460.0,3693.145263671875,507192300,BBRI.JK,0.8280594761596133
2024-11-12,4430.0,4520.0,4430.0,4500.0,3726.267333984375,252380100,BBRI.JK,0.8280594075520833
2024-11-13,4470.0,4610.0,4460.0,4580.0,3792.512451171875,209627200,BBRI.JK,0.8280594871554312
2024-11-14,4570.0,4590.0,4500.0,4500.0,3726.267333984375,159871800,BBRI.JK,0.8280594075520833
2024-11-15,4450.0,4510.0,4450.0,4470.0,3701.42578125,106365600,BBRI.JK,0.8280594588926175
2024-11-18,4440.0,4460.0,4350.0,4350.0,3602.05859375,253272300,BBRI.JK,0.8280594468390805
2024-11-19,4350.0,4410.0,4350.0,4360.0,3610.3388671875,294838700,BBRI.JK,0.8280593732081422
2024-11-20,4400.0,4440.0,4330.0,4330.0,3585.49755859375,298734600,BBRI.JK,0.8280594823542148
2024-11-21,4280.0,4320.0,4250.0,4250.0,3519.25244140625,376788400,BBRI.JK,0.8280593979779411
2024-11-22,4250.0,4420.0,4250.0,4400.0,3643.461669921875,280188100,BBRI.JK,0.8280594704367897
2024-11-25,4420.0,4530.0,4420.0,4470.0,3701.42578125,401446400,BBRI.JK,0.8280594588926175
2024-11-26,4450.0,4470.0,4380.0,4400.0,3643.461669921875,266677500,BBRI.JK,0.8280594704367897
2024-11-28,4350.0,4390.0,4330.0,4330.0,3585.49755859375,277081800,BBRI.JK,0.8280594823542148
2024-11-29,4280.0,4300.0,4250.0,4250.0,3519.25244140625,412519800,BBRI.JK,0.8280593979779411
2024-12-02,4270.0,4280.0,4160.0,4170.0,3453.008056640625,337188900,BBRI.JK,0.828059486004946
2024-12-03,4240.0,4250.0,4210.0,4240.0,3510.971923828125,384146700,BBRI.JK,0.8280594159971993
2024-12-04,4240.0,4370.0,4220.0,4350.0,3602.05859375,345762200,BBRI.JK,0.8280594468390805
2024-12-05,4310.0,4340.0,4250.0,4260.0,3527.533203125,183249300,BBRI.JK,0.8280594373532864
2024-12-06,4250.0,4310.0,4220.0,4310.0,3568.93603515625,151433000,BBRI.JK,0.8280594049086427
2024-12-09,4310.0,4390.0,4300.0,4390.0,3635.180908203125,158897200,BBRI.JK,0.8280594323925113
2024-12-10,4360.0,4380.0,4290.0,4360.0,3610.3388671875,196160900,BBRI.JK,0.8280593732081422
2024-12-11,4340.0,4430.0,4340.0,4380.0,3626.900146484375,203980300,BBRI.JK,0.8280593941745148
2024-12-12,4340.0,4360.0,4260.0,4260.0,3527.533203125,226698900,BBRI.JK,0.8280594373532864
2024-12-13,4230.0,4280.0,4170.0,4170.0,3453.008056640625,287838100,BBRI.JK,0.828059486004946
2024-12-16,4150.0,4280.0,4150.0,4250.0,3519.25244140625,325441900,BBRI.JK,0.8280593979779411
2024-12-17,4250.0,4290.0,4150.0,4150.0,3436.44677734375,327919000,BBRI.JK,0.8280594644201807
2024-12-18,4170.0,4210.0,4130.0,4150.0,3436.44677734375,205055500,BBRI.JK,0.8280594644201807
2024-12-19,4090.0,4110.0,4050.0,4090.0,3386.76318359375,381986300,BBRI.JK,0.8280594580913814
2024-12-20,4070.0,4120.0,4050.0,4060.0,3361.92138671875,252689600,BBRI.JK,0.828059454856835
2024-12-23,4130.0,4210.0,4110.0,4210.0,3486.13037109375,167689800,BBRI.JK,0.8280594705685868
2024-12-24,4220.0,4250.0,4170.0,4200.0,3477.849609375,199536100,BBRI.JK,0.8280594308035715
2024-12-27,4100.0,4120.0,4080.0,4100.0,3507.794189453125,143104400,BBRI.JK,0.8555595584032012
2024-12-30,4080.0,4120.0,4070.0,4080.0,3490.68310546875,153934700,BBRI.JK,0.8555595846737132
2025-01-02,4100.0,4220.0,4090.0,4210.0,3601.906005859375,181361700,BBRI.JK,0.8555596213442695
2025-01-03,4220.0,4240.0,4150.0,4150.0,3550.572265625,134632300,BBRI.JK,0.8555595820783133
2025-01-06,4180.0,4180.0,4100.0,4100.0,3507.794189453125,153048700,BBRI.JK,0.8555595584032012
2025-01-07,4080.0,4090.0,4030.0,4030.0,3447.9052734375,171997400,BBRI.JK,0.8555596212003722
2025-01-08,4030.0,4100.0,4030.0,4080.0,3490.68310546875,133655700,BBRI.JK,0.8555595846737132
2025-01-09,4070.0,4100.0,4030.0,4030.0,3447.9052734375,99300400,BBRI.JK,0.8555596212003722
2025-01-10,4030.0,4060.0,4010.0,4010.0,3430.793701171875,132774300,BBRI.JK,0.8555595264767768
2025-01-13,3990.0,3990.0,3850.0,3850.0,3293.904296875,413408100,BBRI.JK,0.8555595576298701
2025-01-14,3820.0,3920.0,3800.0,3800.0,3251.12646484375,293621700,BBRI.JK,0.8555595960115132
2025-01-15,3840.0,4090.0,3840.0,4090.0,3499.23876953125,407813500,BBRI.JK,0.8555596013523838
2025-01-16,4210.0,4240.0,4130.0,4160.0,3559.127685546875,349387500,BBRI.JK,0.8555595397949218
2025-01-17,4150.0,4190.0,4080.0,4090.0,3499.23876953125,268758600,BBRI.JK,0.8555596013523838
2025-01-20,4130.0,4220.0,4130.0,4220.0,3610.46142578125,167348600,BBRI.JK,0.8555595795690166
2025-01-21,4270.0,4380.0,4250.0,4260.0,3644.683837890625,345223800,BBRI.JK,0.8555595863593016
2025-01-22,4310.0,4320.0,4230.0,4260.0,3644.683837890625,193218900,BBRI.JK,0.8555595863593016
2025-01-23,4260.0,4340.0,4260.0,4300.0,3678.90625,216018100,BBRI.JK,0.8555595930232558
2025-01-24,4350.0,4350.0,4190.0,4190.0,3584.794677734375,276421900,BBRI.JK,0.8555595889580847
2025-01-30,4130.0,4170.0,4090.0,4120.0,3524.905517578125,220222400,BBRI.JK,0.8555595916451759
2025-01-31,4170.0,4280.0,4150.0,4220.0,3610.46142578125,192622700,BBRI.JK,0.8555595795690166
2025-02-03,4200.0,4270.0,4150.0,4250.0,3636.128173828125,220285800,BBRI.JK,0.8555595703125
2025-02-04,4260.0,4300.0,4200.0,4260.0,3644.683837890625,231917500,BBRI.JK,0.8555595863593016
2025-02-05,4250.0,4250.0,4140.0,4140.0,3542.0166015625,209834400,BBRI.JK,0.8555595655948067
2025-02-06,4120.0,4160.0,3940.0,3970.0,3396.571533203125,378545500,BBRI.JK,0.8555595801519207
2025-02-07,3970.0,4030.0,3940.0,4030.0,3447.9052734375,259636200,BBRI.JK,0.8555596212003722
2025-02-10,4000.0,4050.0,3950.0,3970.0,3396.571533203125,201999400,BBRI.JK,0.8555595801519207
2025-02-11,3970.0,4040.0,3900.0,4010.0,3430.793701171875,276382800,BBRI.JK,0.8555595264767768
2025-02-12,3960.0,4060.0,3950.0,4030.0,3447.9052734375,362571900,BBRI.JK,0.8555596212003722
2025-02-13,4000.0,4030.0,3960.0,3990.0,3413.6826171875,341640600,BBRI.JK,0.8555595531798246
2025-02-14,4000.0,4010.0,3850.0,3860.0,3302.459716796875,524909600,BBRI.JK,0.8555595121235428
2025-02-17,3870.0,4030.0,3870.0,4030.0,3447.9052734375,265737100,BBRI.JK,0.8555596212003722
2025-02-18,4030.0,4180.0,4030.0,4150.0,3550.572265625,374350700,BBRI.JK,0.8555595820783133
2025-02-19,4160.0,4180.0,4010.0,4020.0,3439.349609375,348358600,BBRI.JK,0.8555596043221393
2025-02-20,3970.0,4020.0,3910.0,3910.0,3345.238037109375,312753300,BBRI.JK,0.8555596002837276
2025-02-21,3910.0,3930.0,3870.0,3890.0,3328.126708984375,205268800,BBRI.JK,0.8555595652916131
2025-02-24,3900.0,3940.0,3870.0,3920.0,3353.79345703125,138610800,BBRI.JK,0.8555595553651147
2025-02-25,3880.0,3920.0,3800.0,3800.0,3251.12646484375,404555100,BBRI.JK,0.8555595960115132
2025-02-26,3800.0,3860.0,3760.0,3820.0,3268.23779296875,242834100,BBRI.JK,0.855559631667212
2025-02-27,3790.0,3800.0,3610.0,3630.0,3105.68115234375,410928000,BBRI.JK,0.8555595461002066
2025-02-28,3500.0,3540.0,3360.0,3360.0,2874.68017578125,1000597600,BBRI.JK,0.855559576125372
2025-03-03,3520.0,3740.0,3470.0,3670.0,3139.90380859375,744626800,BBRI.JK,0.8555596208702316
2025-03-04,3680.0,3720.0,3600.0,3670.0,3139.90380859375,338434700,BBRI.JK,0.8555596208702316
2025-03-05,3710.0,3900.0,3710.0,3840.0,3285.348876953125,441151000,BBRI.JK,0.8555596033732097
2025-03-06,3870.0,3990.0,3870.0,3950.0,3379.46044921875,434485100,BBRI.JK,0.8555596073971519
2025-03-07,3930.0,3930.0,3810.0,3810.0,3259.68212890625,243793600,BBRI.JK,0.8555596138861549
2025-03-10,3790.0,3810.0,3730.0,3760.0,3216.904052734375,232192200,BBRI.JK,0.8555595884931848
2025-03-11,3700.0,3790.0,3660.0,3790.0,3242.57080078125,273961800,BBRI.JK,0.8555595780425461
2025-03-12,3810.0,3920.0,3810.0,3890.0,3328.126708984375,271631200,BBRI.JK,0.8555595652916131
2025-03-13,3960.0,3970.0,3800.0,3800.0,3251.12646484375,209225700,BBRI.JK,0.8555595960115132
2025-03-14,3750.0,3840.0,3750.0,3750.0,3208.348388671875,156131900,BBRI.JK,0.8555595703125
2025-03-17,3780.0,3840.0,3730.0,3830.0,3276.793212890625,162467700,BBRI.JK,0.8555595856111292
2025-03-18,3840.0,3860.0,3500.0,3680.0,3148.459228515625,416894600,BBRI.JK,0.8555595729662024
2025-03-19,3710.0,3780.0,3680.0,3710.0,3174.1259765625,352217700,BBRI.JK,0.8555595624157682
2025-03-20,3730.0,3760.0,3640.0,3660.0,3131.34814453125,313033000,BBRI.JK,0.8555596023309426
2025-03-21,3600.0,3700.0,3550.0,3700.0,3165.570556640625,627645600,BBRI.JK,0.8555596099028716
2025-03-24,3650.0,3740.0,3520.0,3610.0,3088.570068359375,342883200,BBRI.JK,0.8555595757228186
2025-03-25,3660.0,3840.0,3660.0,3800.0,3251.12646484375,331285900,BBRI.JK,0.8555595960115132
2025-03-26,3870.0,4020.0,3860.0,4000.0,3422.23828125,540888800,BBRI.JK,0.8555595703125
2025-03-27,4000.0,4050.0,3930.0,4050.0,3465.016357421875,322553200,BBRI.JK,0.8555595944251543
2025-04-08,3460.0,3750.0,3450.0,3640.0,3114.23681640625,734807100,BBRI.JK,0.855559564946772
2025-04-09,3610.0,3710.0,3600.0,3630.0,3105.68115234375,366649900,BBRI.JK,0.8555595461002066
2025-04-10,3920.0,3930.0,3770.0,3800.0,3251.12646484375,417562900,BBRI.JK,0.8555595960115132
2025-04-11,3600.0,3650.0,3590.0,3630.0,3285.88623046875,301200600,BBRI.JK,0.9052028183109504
2025-04-14,3630.0,3690.0,3620.0,3690.0,3340.1982421875,169458300,BBRI.JK,0.9052027756605691
2025-04-15,3730.0,3780.0,3680.0,3690.0,3340.1982421875,254224400,BBRI.JK,0.9052027756605691
2025-04-16,3690.0,3700.0,3600.0,3650.0,3303.990478515625,233772400,BBRI.JK,0.9052028708261987
2025-04-17,3670.0,3670.0,3610.0,3640.0,3294.938232421875,121059300,BBRI.JK,0.9052028111049107
2025-04-21,3620.0,3660.0,3570.0,3620.0,3276.834228515625,107470200,BBRI.JK,0.9052028255568025
2025-04-22,3600.0,3650.0,3600.0,3630.0,3285.88623046875,147116900,BBRI.JK,0.9052028183109504
2025-04-23,3660.0,3790.0,3640.0,3760.0,3403.562744140625,432999900,BBRI.JK,0.9052028574842088
2025-04-24,3790.0,3840.0,3720.0,3730.0,3376.406494140625,272537300,BBRI.JK,0.9052028134425268
2025-04-25,3770.0,3790.0,3730.0,3740.0,3385.458740234375,136517100,BBRI.JK,0.9052028717204211
2025-04-28,3790.0,3850.0,3780.0,3840.0,3475.978759765625,212945800,BBRI.JK,0.9052028020222982
2025-04-29,3860.0,3870.0,3820.0,3850.0,3485.031005859375,160631400,BBRI.JK,0.9052028586647727
2025-04-30,3810.0,3850.0,3770.0,3850.0,3485.031005859375,226832200,BBRI.JK,0.9052028586647727
2025-05-02,3920.0,3920.0,3850.0,3880.0,3512.18701171875,205628100,BBRI.JK,0.9052028380718428
2025-05-05,3900.0,3920.0,3860.0,3860.0,3494.0830078125,196917100,BBRI.JK,0.9052028517648963
2025-05-06,3840.0,3900.0,3840.0,3880.0,3512.18701171875,111333800,BBRI.JK,0.9052028380718428
2025-05-07,3900.0,3910.0,3870.0,3910.0,3539.343017578125,119763100,BBRI.JK,0.9052028177949168
2025-05-08,3910.0,3960.0,3780.0,3790.0,3430.71875,224121900,BBRI.JK,0.9052028364116095
2025-05-09,3810.0,3840.0,3760.0,3840.0,3475.978759765625,147638100,BBRI.JK,0.9052028020222982
2025-05-14,4000.0,4090.0,3960.0,4090.0,3702.279541015625,461642400,BBRI.JK,0.9052028217642115
2025-05-15,4140.0,4310.0,4130.0,4270.0,3865.216064453125,537151700,BBRI.JK,0.9052028253988583
2025-05-16,4310.0,4330.0,4160.0,4250.0,3847.112060546875,289337600,BBRI.JK,0.9052028377757353
2025-05-19,4230.0,4260.0,4200.0,4230.0,3829.0078125,145935500,BBRI.JK,0.9052027925531915
2025-05-20,4230.0,4280.0,4170.0,4210.0,3810.90380859375,209576900,BBRI.JK,0.9052028048916271
2025-05-21,4210.0,4310.0,4210.0,4260.0,3856.1640625,256020200,BBRI.JK,0.9052028315727699
2025-05-22,4280.0,4310.0,4240.0,4300.0,3892.3720703125,208291800,BBRI.JK,0.9052028070494186
2025-05-23,4350.0,4370.0,4330.0,4350.0,3937.63232421875,108182800,BBRI.JK,0.9052028331537356
2025-05-26,4350.0,4350.0,4260.0,4320.0,3910.47607421875,149418600,BBRI.JK,0.905202794958044
2025-05-27,4320.0,4370.0,4280.0,4370.0,3955.736328125,180028000,BBRI.JK,0.9052028210812357
2025-05-28,4360.0,4450.0,4320.0,4450.0,4028.152587890625,466133500,BBRI.JK,0.9052028287394663
2025-06-02,4360.0,4390.0,4200.0,4200.0,3801.851806640625,389541100,BBRI.JK,0.9052028111049107
2025-06-03,4210.0,4230.0,4120.0,4200.0,3801.851806640625,277902300,BBRI.JK,0.9052028111049107
2025-06-04,4230.0,4230.0,4080.0,4080.0,3693.2275390625,279755300,BBRI.JK,0.9052028282015931
2025-06-05,4110.0,4140.0,4050.0,4100.0,3711.331787109375,230129500,BBRI.JK,0.9052028749047256
2025-06-10,4100.0,4160.0,4100.0,4150.0,3756.591796875,179827500,BBRI.JK,0.9052028426204819
2025-06-11,4130.0,4140.0,4060.0,4070.0,3684.175537109375,196558700,BBRI.JK,0.9052028346706081
2025-06-12,4070.0,4100.0,4060.0,4070.0,3684.175537109375,113850500,BBRI.JK,0.9052028346706081
2025-06-13,4020.0,4050.0,3980.0,4000.0,3620.811279296875,283826000,BBRI.JK,0.9052028198242188
2025-06-16,3980.0,4010.0,3960.0,3990.0,3611.75927734375,155450700,BBRI.JK,0.9052028264019424
2025-06-17,4010.0,4030.0,3960.0,3960.0,3584.60302734375,125769400,BBRI.JK,0.9052027846827652
2025-06-18,3950.0,3960.0,3900.0,3940.0,3566.4990234375,140882100,BBRI.JK,0.9052027978267766
2025-06-19,3900.0,3920.0,3800.0,3800.0,3439.770751953125,355413000,BBRI.JK,0.9052028294613487
2025-06-20,3740.0,3840.0,3740.0,3790.0,3430.71875,516177900,BBRI.JK,0.9052028364116095
2025-06-23,3730.0,3750.0,3660.0,3720.0,3367.3544921875,222067700,BBRI.JK,0.9052028204805107
2025-06-24,3820.0,3900.0,3770.0,3780.0,3421.66650390625,281594300,BBRI.JK,0.9052027788111773
2025-06-25,3830.0,3830.0,3730.0,3760.0,3403.562744140625,164257700,BBRI.JK,0.9052028574842088
2025-06-26,3780.0,3830.0,3750.0,3830.0,3466.927001953125,171427000,BBRI.JK,0.9052028725726174
2025-06-30,3840.0,3840.0,3730.0,3740.0,3385.458740234375,271933200,BBRI.JK,0.9052028717204211
2025-07-01,3780.0,3790.0,3670.0,3700.0,3349.25048828125,212288800,BBRI.JK,0.9052028346706081
2025-07-02,3650.0,3700.0,3640.0,3680.0,3331.146484375,220273500,BBRI.JK,0.9052028490149456
2025-07-03,3710.0,3730.0,3680.0,3680.0,3331.146484375,119674300,BBRI.JK,0.9052028490149456
2025-07-04,3680.0,3710.0,3650.0,3670.0,3322.094482421875,91141200,BBRI.JK,0.9052028562457425
2025-07-07,3670.0,3700.0,3650.0,3700.0,3349.25048828125,78783800,BBRI.JK,0.9052028346706081
2025-07-08,3690.0,3700.0,3650.0,3670.0,3322.094482421875,115551200,BBRI.JK,0.9052028562457425
2025-07-09,3650.0,3700.0,3650.0,3680.0,3331.146484375,92437900,BBRI.JK,0.9052028490149456
2025-07-10,3690.0,3880.0,3680.0,3870.0,3503.134765625,290117200,BBRI.JK,0.9052027818152455
2025-07-11,3920.0,3920.0,3870.0,3880.0,3512.18701171875,255634700,BBRI.JK,0.9052028380718428
2025-07-14,3880.0,3890.0,3750.0,3780.0,3421.66650390625,167151400,BBRI.JK,0.9052027788111773
2025-07-15,3800.0,3880.0,3780.0,3880.0,3512.18701171875,183209300,BBRI.JK,0.9052028380718428
2025-07-16,3950.0,3960.0,3880.0,3880.0,3512.18701171875,241966800,BBRI.JK,0.9052028380718428
2025-07-17,3930.0,3930.0,3880.0,3890.0,3521.239013671875,111359500,BBRI.JK,0.905202831278117
2025-07-18,3910.0,3940.0,3860.0,3860.0,3494.0830078125,111030000,BBRI.JK,0.9052028517648963
2025-07-21,3890.0,3900.0,3830.0,3830.0,3466.927001953125,89765800,BBRI.JK,0.9052028725726174
2025-07-22,3860.0,3880.0,3830.0,3840.0,3475.978759765625,84902800,BBRI.JK,0.9052028020222982
2025-07-23,3840.0,3860.0,3790.0,3800.0,3439.770751953125,132305000,BBRI.JK,0.9052028294613487
2025-07-24,3830.0,3950.0,3820.0,3950.0,3575.55126953125,206654200,BBRI.JK,0.9052028530458861
2025-07-25,3950.0,3950.0,3870.0,3880.0,3512.18701171875,86263700,BBRI.JK,0.9052028380718428
2025-07-28,3940.0,3950.0,3920.0,3940.0,3566.4990234375,94898300,BBRI.JK,0.9052027978267766
2025-07-29,3930.0,3930.0,3900.0,3920.0,3548.395263671875,98887100,BBRI.JK,0.9052028733856824
2025-07-30,3910.0,3910.0,3770.0,3780.0,3421.66650390625,206358500,BBRI.JK,0.9052027788111773
2025-07-31,3780.0,3790.0,3700.0,3710.0,3358.302490234375,163371700,BBRI.JK,0.9052028275564353
2025-08-01,3800.0,3800.0,3740.0,3740.0,3385.458740234375,134100500,BBRI.JK,0.9052028717204211
2025-08-04,3720.0,3740.0,3690.0,3710.0,3358.302490234375,104446300,BBRI.JK,0.9052028275564353
2025-08-05,3700.0,3790.0,3700.0,3740.0,3385.458740234375,184822600,BBRI.JK,0.9052028717204211
2025-08-06,3770.0,3780.0,3710.0,3710.0,3358.302490234375,100168200,BBRI.JK,0.9052028275564353
2025-08-07,3730.0,3750.0,3700.0,3710.0,3358.302490234375,92746000,BBRI.JK,0.9052028275564353
2025-08-08,3710.0,3730.0,3700.0,3700.0,3349.25048828125,133180100,BBRI.JK,0.9052028346706081
2025-08-11,3720.0,3810.0,3720.0,3810.0,3448.82275390625,143167900,BBRI.JK,0.9052028225475722
2025-08-12,3860.0,4050.0,3830.0,4050.0,3666.0712890625,404797800,BBRI.JK,0.9052027874228395
2025-08-13,4060.0,4100.0,3990.0,4080.0,3693.2275390625,292104000,BBRI.JK,0.9052028282015931
2025-08-14,4080.0,4100.0,4040.0,4060.0,3675.12353515625,164408100,BBRI.JK,0.9052028411714902
2025-08-15,4100.0,4150.0,4070.0,4120.0,3729.435546875,269255400,BBRI.JK,0.9052028026395631
2025-08-19,4090.0,4100.0,4010.0,4040.0,3657.01953125,208409700,BBRI.JK,0.905202854269802
2025-08-20,4050.0,4150.0,4050.0,4150.0,3756.591796875,173260400,BBRI.JK,0.9052028426204819
2025-08-21,4160.0,4170.0,4090.0,4150.0,3756.591796875,112477700,BBRI.JK,0.9052028426204819
2025-08-22,4170.0,4170.0,4100.0,4100.0,3711.331787109375,71971500,BBRI.JK,0.9052028749047256
2025-08-25,4180.0,4270.0,4170.0,4210.0,3810.90380859375,195322200,BBRI.JK,0.9052028048916271
2025-08-26,4220.0,4220.0,4170.0,4170.0,3774.69580078125,267465600,BBRI.JK,0.9052028299235612
2025-08-27,4130.0,4150.0,4070.0,4130.0,3738.48779296875,123874000,BBRI.JK,0.9052028554403753
2025-08-28,4130.0,4150.0,4110.0,4140.0,3747.53955078125,60838200,BBRI.JK,0.9052027900437802
2025-08-29,4100.0,4120.0,4020.0,4050.0,3666.0712890625,217276600,BBRI.JK,0.9052027874228395
2025-09-01,3930.0,4010.0,3860.0,3980.0,3602.707275390625,234206100,BBRI.JK,0.9052028330127199
2025-09-02,3980.0,4050.0,3960.0,3960.0,3584.60302734375,111856000,BBRI.JK,0.9052027846827652
2025-09-03,4020.0,4030.0,3950.0,4030.0,3647.96728515625,112507500,BBRI.JK,0.9052028002869107
2025-09-04,3980.0,4010.0,3960.0,4000.0,3620.811279296875,87402700,BBRI.JK,0.9052028198242188
2025-09-08,4070.0,4070.0,3890.0,3900.0,3530.291015625,143993900,BBRI.JK,0.9052028245192307
2025-09-09,3870.0,3890.0,3750.0,3790.0,3430.71875,327167200,BBRI.JK,0.9052028364116095
2025-09-10,3820.0,3890.0,3820.0,3880.0,3512.18701171875,117680500,BBRI.JK,0.9052028380718428
2025-09-11,4000.0,4120.0,3980.0,4080.0,3693.2275390625,281910400,BBRI.JK,0.9052028282015931
2025-09-12,4180.0,4190.0,4110.0,4180.0,3783.747802734375,235383800,BBRI.JK,0.9052028236206638
2025-09-15,4200.0,4220.0,4120.0,4140.0,3747.53955078125,157482000,BBRI.JK,0.9052027900437802
2025-09-16,4160.0,4170.0,4080.0,4130.0,3738.48779296875,167511900,BBRI.JK,0.9052028554403753
2025-09-17,4160.0,4220.0,4120.0,4220.0,3819.9560546875,245154800,BBRI.JK,0.905202856561019
2025-09-18,4270.0,4270.0,4210.0,4250.0,3847.112060546875,332670300,BBRI.JK,0.9052028377757353
2025-09-19,4230.0,4250.0,4180.0,4250.0,3847.112060546875,211373200,BBRI.JK,0.9052028377757353
2025-09-22,4250.0,4250.0,4110.0,4160.0,3765.643798828125,157592800,BBRI.JK,0.9052028362567608
2025-09-23,4120.0,4170.0,4110.0,4140.0,3747.53955078125,110771700,BBRI.JK,0.9052027900437802
2025-09-24,4140.0,4170.0,4100.0,4170.0,3774.69580078125,124591600,BBRI.JK,0.9052028299235612
2025-09-25,4170.0,4170.0,4050.0,4070.0,3684.175537109375,129656800,BBRI.JK,0.9052028346706081
2025-09-26,4050.0,4080.0,4000.0,4040.0,3657.01953125,146229200,BBRI.JK,0.905202854269802
2025-09-29,4040.0,4040.0,3960.0,3980.0,3602.707275390625,126611800,BBRI.JK,0.9052028330127199
2025-09-30,3980.0,3980.0,3900.0,3900.0,3530.291015625,217357100,BBRI.JK,0.9052028245192307
2025-10-01,3860.0,3940.0,3800.0,3810.0,3448.82275390625,223133600,BBRI.JK,0.9052028225475722
2025-10-02,3760.0,3790.0,3710.0,3710.0,3358.302490234375,379620000,BBRI.JK,0.9052028275564353
2025-10-03,3710.0,3750.0,3680.0,3690.0,3340.1982421875,214737100,BBRI.JK,0.9052027756605691
2025-10-06,3700.0,3740.0,3640.0,3660.0,3313.042236328125,190283900,BBRI.JK,0.9052027968109632
2025-10-07,3690.0,3720.0,3670.0,3710.0,3358.302490234375,155933000,BBRI.JK,0.9052028275564353
2025-10-08,3730.0,3740.0,3670.0,3720.0,3367.3544921875,148263700,BBRI.JK,0.9052028204805107
2025-10-09,3690.0,3930.0,3640.0,3860.0,3494.0830078125,479239500,BBRI.JK,0.9052028517648963
2025-10-10,3790.0,3790.0,3690.0,3730.0,3376.406494140625,277252300,BBRI.JK,0.9052028134425268
2025-10-13,3680.0,3710.0,3660.0,3660.0,3313.042236328125,181694400,BBRI.JK,0.9052027968109632
2025-10-14,3640.0,3690.0,3550.0,3550.0,3213.469970703125,278639100,BBRI.JK,0.9052028086487676
2025-10-15,3570.0,3590.0,3450.0,3500.0,3168.2099609375,468733500,BBRI.JK,0.9052028459821428
2025-10-16,3500.0,3580.0,3480.0,3530.0,3195.365966796875,227629500,BBRI.JK,0.9052028234552054
2025-10-17,3530.0,3570.0,3490.0,3500.0,3168.2099609375,244442400,BBRI.JK,0.9052028459821428
2025-10-20,3550.0,3730.0,3540.0,3680.0,3331.146484375,391510300,BBRI.JK,0.9052028490149456
2025-10-21,3780.0,3790.0,3710.0,3760.0,3403.562744140625,293000200,BBRI.JK,0.9052028574842088
2025-10-22,3790.0,3820.0,3680.0,3700.0,3349.25048828125,329470700,BBRI.JK,0.9052028346706081
2025-10-23,3720.0,3820.0,3700.0,3820.0,3457.874755859375,225902700,BBRI.JK,0.9052028156699935
2025-10-24,3820.0,3910.0,3820.0,3850.0,3485.031005859375,313903600,BBRI.JK,0.9052028586647727
2025-10-27,3880.0,3930.0,3750.0,3860.0,3494.0830078125,332539600,BBRI.JK,0.9052028517648963
2025-10-28,3850.0,3860.0,3780.0,3850.0,3485.031005859375,239026800,BBRI.JK,0.9052028586647727
2025-10-29,3830.0,3890.0,3790.0,3890.0,3521.239013671875,215008600,BBRI.JK,0.905202831278117
2025-10-30,3900.0,3990.0,3870.0,3910.0,3539.343017578125,287905300,BBRI.JK,0.9052028177949168
2025-10-31,3930.0,4020.0,3920.0,3980.0,3602.707275390625,348755700,BBRI.JK,0.9052028330127199
2025-11-03,4050.0,4050.0,4010.0,4040.0,3657.01953125,163770500,BBRI.JK,0.905202854269802
2025-11-04,4030.0,4050.0,3970.0,3970.0,3593.6552734375,241154700,BBRI.JK,0.905202839656801
2025-11-05,3940.0,3990.0,3910.0,3980.0,3602.707275390625,139859100,BBRI.JK,0.9052028330127199
2025-11-06,3980.0,4010.0,3950.0,4000.0,3620.811279296875,130808100,BBRI.JK,0.9052028198242188
2025-11-07,4000.0,4010.0,3980.0,3980.0,3602.707275390625,87287600,BBRI.JK,0.9052028330127199
2025-11-10,4010.0,4020.0,3930.0,3930.0,3557.447021484375,148552900,BBRI.JK,0.9052028044489504
2025-11-11,3940.0,3960.0,3860.0,3890.0,3521.239013671875,179000200,BBRI.JK,0.905202831278117
2025-11-12,3890.0,3950.0,3890.0,3900.0,3530.291015625,111115400,BBRI.JK,0.9052028245192307
2025-11-13,3900.0,3910.0,3870.0,3870.0,3503.134765625,99373200,BBRI.JK,0.9052027818152455
2025-11-14,3860.0,3930.0,3860.0,3900.0,3530.291015625,100717300,BBRI.JK,0.9052028245192307
2025-11-17,3880.0,3950.0,3880.0,3940.0,3566.4990234375,140868100,BBRI.JK,0.9052027978267766
2025-11-18,3950.0,3990.0,3930.0,3970.0,3593.6552734375,205257700,BBRI.JK,0.905202839656801
2025-11-19,3990.0,4000.0,3970.0,4000.0,3620.811279296875,107451000,BBRI.JK,0.9052028198242188
2025-11-20,4020.0,4050.0,3990.0,3990.0,3611.75927734375,183008400,BBRI.JK,0.9052028264019424
2025-11-21,3980.0,4000.0,3940.0,3960.0,3584.60302734375,112666100,BBRI.JK,0.9052027846827652
2025-11-24,4000.0,4000.0,3940.0,3980.0,3602.707275390625,262302000,BBRI.JK,0.9052028330127199
2025-11-25,3980.0,3980.0,3830.0,3830.0,3466.927001953125,396959100,BBRI.JK,0.9052028725726174
2025-11-26,3800.0,3830.0,3780.0,3790.0,3430.71875,288419400,BBRI.JK,0.9052028364116095
2025-11-27,3800.0,3810.0,3720.0,3740.0,3385.458740234375,283451800,BBRI.JK,0.9052028717204211
2025-11-28,3710.0,3750.0,3680.0,3680.0,3331.146484375,353872800,BBRI.JK,0.9052028490149456
2025-12-01,3680.0,3730.0,3660.0,3670.0,3322.094482421875,299669500,BBRI.JK,0.9052028562457425
2025-12-02,3690.0,3730.0,3670.0,3710.0,3358.302490234375,277714300,BBRI.JK,0.9052028275564353
2025-12-03,3690.0,3700.0,3660.0,3660.0,3313.042236328125,225357100,BBRI.JK,0.9052027968109632
2025-12-04,3660.0,3690.0,3650.0,3690.0,3340.1982421875,221121100,BBRI.JK,0.9052027756605691
2025-12-05,3700.0,3700.0,3650.0,3650.0,3303.990478515625,156161100,BBRI.JK,0.9052028708261987
2025-12-08,3680.0,3690.0,3660.0,3670.0,3322.094482421875,124094700,BBRI.JK,0.9052028562457425
2025-12-09,3700.0,3700.0,3650.0,3680.0,3331.146484375,201089800,BBRI.JK,0.9052028490149456
2025-12-10,3680.0,3680.0,3650.0,3660.0,3313.042236328125,172677700,BBRI.JK,0.9052027968109632
2025-12-11,3680.0,3700.0,3580.0,3620.0,3276.834228515625,327591200,BBRI.JK,0.9052028255568025
2025-12-12,3640.0,3640.0,3580.0,3630.0,3285.88623046875,169747600,BBRI.JK,0.9052028183109504
2025-12-15,3650.0,3810.0,3630.0,3780.0,3421.66650390625,312694100,BBRI.JK,0.9052027788111773
2025-12-16,3800.0,3810.0,3680.0,3690.0,3340.1982421875,237949900,BBRI.JK,0.9052027756605691
2025-12-17,3690.0,3780.0,3680.0,3750.0,3394.510498046875,273544100,BBRI.JK,0.9052027994791667
2025-12-18,3750.0,3820.0,3750.0,3780.0,3421.66650390625,262527300,BBRI.JK,0.9052027788111773
2025-12-19,3800.0,3810.0,3760.0,3770.0,3412.61474609375,228583500,BBRI.JK,0.9052028504227454
2025-12-22,3770.0,3780.0,3750.0,3760.0,3403.562744140625,161680300,BBRI.JK,0.9052028574842088
2025-12-23,3760.0,3780.0,3730.0,3770.0,3412.61474609375,138427000,BBRI.JK,0.9052028504227454
2025-12-24,3770.0,3790.0,3750.0,3770.0,3412.61474609375,121073600,BBRI.JK,0.9052028504227454
2025-12-29,3780.0,3790.0,3760.0,3780.0,3421.66650390625,238061500,BBRI.JK,0.9052027788111773
2025-12-30,3690.0,3690.0,3650.0,3660.0,3437.6337890625,274402200,BBRI.JK,0.9392442046618853
2026-01-02,3660.0,3670.0,3620.0,3640.0,3418.848876953125,191985100,BBRI.JK,0.9392441969651443
2026-01-05,3630.0,3660.0,3590.0,3630.0,3409.45654296875,230544800,BBRI.JK,0.9392442267131542
2026-01-06,3630.0,3690.0,3630.0,3680.0,3456.418701171875,175820800,BBRI.JK,0.939244212274966
2026-01-07,3680.0,3710.0,3660.0,3700.0,3475.20361328125,195024700,BBRI.JK,0.9392442198057432
2026-01-08,3710.0,3760.0,3700.0,3710.0,3484.595947265625,182019700,BBRI.JK,0.9392441906376348
2026-01-09,3730.0,3740.0,3670.0,3680.0,3456.418701171875,143474700,BBRI.JK,0.939244212274966
2026-01-12,3680.0,3740.0,3660.0,3700.0,3475.20361328125,215159700,BBRI.JK,0.9392442198057432
2026-01-13,3700.0,3730.0,3670.0,3720.0,3493.988525390625,227620800,BBRI.JK,0.9392442272555444
2026-01-14,3740.0,3750.0,3700.0,3720.0,3493.988525390625,170097000,BBRI.JK,0.9392442272555444
2026-01-15,3730.0,3850.0,3730.0,3820.0,3587.912841796875,407151300,BBRI.JK,0.9392441994232658
2026-01-19,3850.0,3900.0,3810.0,3840.0,3606.69775390625,359652500,BBRI.JK,0.9392442067464193
2026-01-20,3840.0,3880.0,3820.0,3850.0,3616.09033203125,170245800,BBRI.JK,0.939244242086039
2026-01-21,3850.0,3850.0,3800.0,3820.0,3587.912841796875,273678200,BBRI.JK,0.9392441994232658
2026-01-22,3850.0,3850.0,3790.0,3810.0,3578.5205078125,153742700,BBRI.JK,0.9392442277723098
2026-01-23,3810.0,3850.0,3760.0,3850.0,3616.09033203125,164603900,BBRI.JK,0.939244242086039
2026-01-26,3840.0,3850.0,3800.0,3850.0,3616.09033203125,120002700,BBRI.JK,0.939244242086039
2026-01-27,3850.0,3850.0,3780.0,3820.0,3587.912841796875,157633200,BBRI.JK,0.9392441994232658
2026-01-28,3630.0,3780.0,3540.0,3590.0,3371.88671875,726740400,BBRI.JK,0.9392442113509749
2026-01-29,3550.0,3780.0,3290.0,3780.0,3550.343017578125,781321200,BBRI.JK,0.9392441845444776
2026-01-30,3780.0,3890.0,3740.0,3810.0,3578.5205078125,532329000,BBRI.JK,0.9392442277723098
2026-02-02,3860.0,3880.0,3750.0,3830.0,3597.305419921875,334659200,BBRI.JK,0.939244234966547
2026-02-03,3860.0,3870.0,3760.0,3800.0,3569.1279296875,201224300,BBRI.JK,0.9392441920230263
2026-02-04,3820.0,3880.0,3800.0,3870.0,3634.875,251005600,BBRI.JK,0.9392441860465116
2026-02-05,3850.0,3940.0,3840.0,3850.0,3616.09033203125,342757200,BBRI.JK,0.939244242086039
2026-02-06,3800.0,3850.0,3770.0,3780.0,3550.343017578125,279127200,BBRI.JK,0.9392441845444776
2026-02-09,3790.0,3800.0,3710.0,3770.0,3540.95068359375,215606400,BBRI.JK,0.9392442131548409
2026-02-10,3750.0,3790.0,3730.0,3780.0,3550.343017578125,181835800,BBRI.JK,0.9392441845444776
2026-02-11,3790.0,3800.0,3740.0,3800.0,3569.1279296875,147378100,BBRI.JK,0.9392441920230263
2026-02-12,3780.0,3790.0,3760.0,3790.0,3559.735595703125,185678800,BBRI.JK,0.9392442205021438
2026-02-13,3780.0,3800.0,3750.0,3780.0,3550.343017578125,144473700,BBRI.JK,0.9392441845444776
2026-02-18,3780.0,3840.0,3760.0,3830.0,3597.305419921875,135223700,BBRI.JK,0.939244234966547
2026-02-19,3850.0,3850.0,3770.0,3770.0,3540.95068359375,154562300,BBRI.JK,0.9392442131548409
2026-02-20,3790.0,3870.0,3780.0,3840.0,3606.69775390625,191533500,BBRI.JK,0.9392442067464193
2026-02-23,3880.0,3910.0,3860.0,3900.0,3663.052490234375,189611200,BBRI.JK,0.9392442282652244
2026-02-24,3880.0,3890.0,3860.0,3870.0,3634.875,191295900,BBRI.JK,0.9392441860465116
2026-02-25,3880.0,3980.0,3880.0,3970.0,3728.799560546875,263027700,BBRI.JK,0.9392442218002204
2026-02-26,3970.0,3970.0,3920.0,3950.0,3710.0146484375,146158100,BBRI.JK,0.9392442147943038
2026-02-27,3950.0,3950.0,3880.0,3910.0,3672.44482421875,263179300,BBRI.JK,0.9392442005674553
2026-03-02,3840.0,3840.0,3800.0,3820.0,3587.912841796875,204655700,BBRI.JK,0.9392441994232658
2026-03-03,3820.0,3840.0,3770.0,3770.0,3540.95068359375,113600400,BBRI.JK,0.9392442131548409
2026-03-04,3770.0,3770.0,3660.0,3690.0,3465.81103515625,215656600,BBRI.JK,0.9392441829691734
2026-03-05,3720.0,3780.0,3720.0,3750.0,3522.165771484375,96625300,BBRI.JK,0.9392442057291667
2026-03-06,3750.0,3750.0,3670.0,3670.0,3447.0263671875,136987800,BBRI.JK,0.9392442417404632
2026-03-09,3590.0,3630.0,3560.0,3570.0,3353.101806640625,215587500,BBRI.JK,0.9392442035407913
2026-03-10,3600.0,3610.0,3560.0,3560.0,3343.70947265625,175353400,BBRI.JK,0.939244233892205
2026-03-11,3580.0,3600.0,3560.0,3580.0,3362.494384765625,100862200,BBRI.JK,0.9392442415546438
2026-03-12,3580.0,3610.0,3570.0,3570.0,3353.101806640625,141366700,BBRI.JK,0.9392442035407913
2026-03-13,3560.0,3590.0,3510.0,3510.0,3296.7470703125,159393900,BBRI.JK,0.9392441795762109
2026-03-16,3500.0,3510.0,3430.0,3480.0,3268.56982421875,160328700,BBRI.JK,0.9392442023617098
2026-03-17,3500.0,3530.0,3480.0,3480.0,3268.56982421875,204208500,BBRI.JK,0.9392442023617098
2026-03-25,3440.0,3540.0,3410.0,3540.0,3324.924560546875,379422800,BBRI.JK,0.939244226143185
2026-03-26,3540.0,3570.0,3480.0,3490.0,3277.96240234375,162060500,BBRI.JK,0.9392442413592407
2026-03-27,3460.0,3490.0,3420.0,3420.0,3212.215087890625,207067900,BBRI.JK,0.9392441777457968
2026-03-30,3350.0,3390.0,3330.0,3360.0,3155.860595703125,317467700,BBRI.JK,0.9392442249116444
2026-03-31,3350.0,3400.0,3330.0,3330.0,3127.68310546875,298589200,BBRI.JK,0.9392441758164415
2026-04-01,3400.0,3440.0,3330.0,3350.0,3146.468017578125,279604500,BBRI.JK,0.9392441843516791
2026-04-02,3340.0,3390.0,3320.0,3320.0,3118.290771484375,242569200,BBRI.JK,0.9392442082784263
2026-04-06,3340.0,3360.0,3290.0,3310.0,3108.8984375,184143400,BBRI.JK,0.9392442409365559
2026-04-07,3310.0,3320.0,3220.0,3230.0,3033.7587890625,273842700,BBRI.JK,0.9392442071400928
2026-04-08,3340.0,3370.0,3330.0,3340.0,3137.07568359375,416112900,BBRI.JK,0.9392442166448354
2026-04-09,3310.0,3330.0,3260.0,3280.0,3080.720947265625,319141400,BBRI.JK,0.9392441912395199
2026-04-10,3290.0,3400.0,3290.0,3390.0,3184.037841796875,353451500,BBRI.JK,0.9392442011200222
2026-04-13,3390.0,3410.0,3350.0,3370.0,3165.2529296875,176083800,BBRI.JK,0.9392441927856083
2026-04-14,3420.0,3490.0,3420.0,3460.0,3249.784912109375,280543100,BBRI.JK,0.9392441942512645
2026-04-15,3500.0,3510.0,3400.0,3400.0,3193.430419921875,332898200,BBRI.JK,0.9392442411534927
2026-04-16,3400.0,3430.0,3380.0,3410.0,3202.82275390625,228465700,BBRI.JK,0.9392442093566715
2026-04-17,3410.0,3450.0,3410.0,3430.0,3221.607666015625,209108800,BBRI.JK,0.9392442174972667
2026-04-20,3440.0,3470.0,3420.0,3440.0,3231.0,354461400,BBRI.JK,0.9392441860465116
2026-04-21,3250.0,3300.0,3230.0,3270.0,3270.0,398239800,BBRI.JK,1.0
2026-04-22,3260.0,3280.0,3240.0,3240.0,3240.0,223077500,BBRI.JK,1.0
2026-04-23,3240.0,3270.0,3150.0,3160.0,3160.0,352657300,BBRI.JK,1.0
2026-04-24,3120.0,3150.0,3060.0,3070.0,3070.0,428089200,BBRI.JK,1.0
2026-04-27,3060.0,3100.0,3050.0,3050.0,3050.0,216480300,BBRI.JK,1.0
2026-04-28,3050.0,3080.0,3020.0,3070.0,3070.0,232596600,BBRI.JK,1.0
2026-04-29,3070.0,3110.0,3050.0,3070.0,3070.0,180641600,BBRI.JK,1.0
2026-04-30,3050.0,3060.0,2980.0,2990.0,2990.0,382750500,BBRI.JK,1.0
2026-05-04,3010.0,3040.0,3000.0,3040.0,3040.0,190480000,BBRI.JK,1.0
2026-05-05,3050.0,3170.0,3040.0,3150.0,3150.0,253157600,BBRI.JK,1.0
2026-05-06,3150.0,3190.0,3130.0,3160.0,3160.0,185002500,BBRI.JK,1.0
2026-05-07,3200.0,3330.0,3190.0,3310.0,3310.0,312804400,BBRI.JK,1.0
2026-05-08,3310.0,3360.0,3260.0,3260.0,3260.0,335638700,BBRI.JK,1.0
2026-05-11,3260.0,3280.0,3200.0,3200.0,3200.0,196431000,BBRI.JK,1.0
2026-05-12,3200.0,3240.0,3170.0,3220.0,3220.0,151508100,BBRI.JK,1.0
2026-05-13,3200.0,3210.0,3120.0,3120.0,3120.0,155231500,BBRI.JK,1.0
2026-05-18,3040.0,3100.0,3010.0,3060.0,3060.0,348373200,BBRI.JK,1.0
2026-05-19,3060.0,3140.0,3040.0,3040.0,3040.0,224758600,BBRI.JK,1.0
2026-05-20,3060.0,3110.0,3030.0,3040.0,3040.0,273501800,BBRI.JK,1.0
2026-05-21,3050.0,3090.0,3020.0,3020.0,3020.0,173346000,BBRI.JK,1.0
2026-05-22,3020.0,3070.0,3000.0,3050.0,3050.0,158122200,BBRI.JK,1.0
2026-05-25,3090.0,3220.0,3080.0,3170.0,3170.0,242782900,BBRI.JK,1.0
2026-05-26,3150.0,3150.0,3070.0,3070.0,3070.0,185037400,BBRI.JK,1.0
2026-05-29,3060.0,3080.0,2950.0,2950.0,2950.0,1073661600,BBRI.JK,1.0
2026-06-02,3000.0,3040.0,2980.0,3040.0,3040.0,320974000,BBRI.JK,1.0
2026-06-03,3050.0,3070.0,2900.0,2900.0,2900.0,411746000,BBRI.JK,1.0
2026-06-04,2900.0,2930.0,2780.0,2810.0,2810.0,493450500,BBRI.JK,1.0
2026-06-05,2780.0,2830.0,2730.0,2740.0,2740.0,310053600,BBRI.JK,1.0
2026-06-08,2700.0,2750.0,2590.0,2590.0,2590.0,626878600,BBRI.JK,1.0
2026-06-09,2540.0,2800.0,2540.0,2790.0,2790.0,873192700,BBRI.JK,1.0
2026-06-10,2790.0,2910.0,2730.0,2880.0,2880.0,704423000,BBRI.JK,1.0
2026-06-11,2880.0,2960.0,2780.0,2850.0,2850.0,465509700,BBRI.JK,1.0
2026-06-12,2880.0,2900.0,2830.0,2850.0,2850.0,450530000,BBRI.JK,1.0
2026-06-15,2890.0,3050.0,2890.0,2990.0,2990.0,622216400,BBRI.JK,1.0
2026-06-17,3020.0,3130.0,3010.0,3080.0,3080.0,512048000,BBRI.JK,1.0
2026-06-18,3040.0,3060.0,2960.0,2960.0,2960.0,356398400,BBRI.JK,1.0
2026-06-19,2960.0,3000.0,2910.0,2930.0,2930.0,514857200,BBRI.JK,1.0
2026-06-22,2930.0,2940.0,2870.0,2870.0,2870.0,250025400,BBRI.JK,1.0
2026-06-23,2870.0,2940.0,2860.0,2910.0,2910.0,271555000,BBRI.JK,1.0
2026-06-24,2930.0,2980.0,2800.0,2810.0,2810.0,330171300,BBRI.JK,1.0
2026-06-25,2800.0,2920.0,2790.0,2850.0,2850.0,343497900,BBRI.JK,1.0
2026-06-26,2850.0,2880.0,2810.0,2870.0,2870.0,200394100,BBRI.JK,1.0
2026-06-29,2880.0,2890.0,2830.0,2840.0,2840.0,173099600,BBRI.JK,1.0
2026-06-30,2810.0,2840.0,2730.0,2730.0,2730.0,346190100,BBRI.JK,1.0
2026-07-01,2700.0,2750.0,2670.0,2670.0,2670.0,302582100,BBRI.JK,1.0
2026-07-02,2680.0,2730.0,2630.0,2690.0,2690.0,366662800,BBRI.JK,1.0
2026-07-03,2710.0,2740.0,2700.0,2710.0,2710.0,219292600,BBRI.JK,1.0
2026-07-06,2710.0,2790.0,2680.0,2790.0,2790.0,257473000,BBRI.JK,1.0
2026-07-07,2810.0,2890.0,2800.0,2860.0,2860.0,265534600,BBRI.JK,1.0
2026-07-08,2860.0,2870.0,2770.0,2790.0,2790.0,253336100,BBRI.JK,1.0
2026-07-09,2770.0,2790.0,2730.0,2780.0,2780.0,244821900,BBRI.JK,1.0
2026-07-10,2790.0,2810.0,2760.0,2790.0,2790.0,144957900,BBRI.JK,1.0
2026-07-13,2790.0,2870.0,2780.0,2870.0,2870.0,211532100,BBRI.JK,1.0
2026-07-14,2880.0,2890.0,2800.0,2800.0,2800.0,273911200,BBRI.JK,1.0
2026-07-15,2840.0,2870.0,2810.0,2830.0,2830.0,182403300,BBRI.JK,1.0
2026-07-16,2840.0,2880.0,2830.0,2860.0,2860.0,197705800,BBRI.JK,1.0
2026-07-17,2860.0,3000.0,2840.0,2970.0,2970.0,439266600,BBRI.JK,1.0
2026-07-20,3000.0,3080.0,2990.0,3020.0,3020.0,393555500,BBRI.JK,1.0
2026-07-21,3080.0,3080.0,3040.0,3070.0,3070.0,320262200,BBRI.JK,1.0
2026-07-22,3080.0,3080.0,3020.0,3020.0,3020.0,200041000,BBRI.JK,1.0
2026-07-23,3030.0,3070.0,2990.0,2990.0,2990.0,217693500,BBRI.JK,1.0
2026-07-24,2970.0,3020.0,2940.0,2960.0,2960.0,290905700,BBRI.JK,1.0
2026-07-27,2930.0,2980.0,2920.0,2950.0,2950.0,201363300,BBRI.JK,1.0
2026-07-28,2930.0,2970.0,2920.0,2930.0,2930.0,220772100,BBRI.JK,1.0
2026-07-29,2930.0,2950.0,2910.0,2920.0,2920.0,132102100,BBRI.JK,1.0
2026-07-30,2930.0,3010.0,2920.0,2990.0,2990.0,220548900,BBRI.JK,1.0
2026-07-31,3000.0,3040.0,2980.0,3040.0,3040.0,226634400,BBRI.JK,1.0
2026-08-03,3030.0,3030.0,2980.0,3020.0,3020.0,119721600,BBRI.JK,1.0
2026-08-04,3020.0,3060.0,3000.0,3060.0,3060.0,191121700,BBRI.JK,1.0
2026-08-05,3060.0,3070.0,3020.0,3020.0,3020.0,111460100,BBRI.JK,1.0
2026-08-06,3030.0,3070.0,3030.0,3040.0,3040.0,117685400,BBRI.JK,1.0
2026-08-07,3050.0,3130.0,3040.0,3130.0,3130.0,349136300,BBRI.JK,1.0
2026-08-10,3140.0,3160.0,3090.0,3090.0,3090.0,232230700,BBRI.JK,1.0
2026-08-11,3100.0,3110.0,3060.0,3090.0,3090.0,179274900,BBRI.JK,1.0
2026-08-12,3090.0,3130.0,3080.0,3130.0,3130.0,158307500,BBRI.JK,1.0
2026-08-13,3130.0,3130.0,3080.0,3110.0,3110.0,165084600,BBRI.JK,1.0
2026-08-14,3110.0,3150.0,3090.0,3120.0,3120.0,118492200,BBRI.JK,1.0
2026-08-18,3120.0,3140.0,3080.0,3080.0,3080.0,153801000,BBRI.JK,1.0
2026-08-19,3080.0,3100.0,3040.0,3080.0,3080.0,101112000,BBRI.JK,1.0
2026-08-20,3100.0,3140.0,3090.0,3140.0,3140.0,156120300,BBRI.JK,1.0
2026-08-21,3170.0,3250.0,3160.0,3230.0,3230.0,349663900,BBRI.JK,1.0
2026-08-24,3230.0,3240.0,3160.0,3180.0,3180.0,151200300,BBRI.JK,1.0
2026-08-26,3170.0,3170.0,3110.0,3130.0,3130.0,159003300,BBRI.JK,1.0
2026-08-27,3110.0,3150.0,3100.0,3150.0,3150.0,164832300,BBRI.JK,1.0
2026-08-28,3180.0,3200.0,3160.0,3190.0,3190.0,135419900,BBRI.JK,1.0
2026-08-31,3180.0,3270.0,3170.0,3250.0,3250.0,353834000,BBRI.JK,1.0
2026-09-01,3250.0,3380.0,3250.0,3380.0,3380.0,393505600,BBRI.JK,1.0
2018-01-02,3987.5,4025.0,3912.5,3925.0,2410.541015625,59351600,BMRI.JK,0.6141505772292993
2018-01-03,3925.0,3925.0,3825.0,3850.0,2364.4794921875,84278000,BMRI.JK,0.6141505174512987
2018-01-04,3875.0,3912.5,3862.5,3912.5,2402.8642578125,90123000,BMRI.JK,0.6141506090255591
2018-01-05,3862.5,3925.0,3862.5,3912.5,2402.8642578125,75378600,BMRI.JK,0.6141506090255591
2018-01-08,3937.5,3975.0,3912.5,3962.5,2433.57177734375,73784000,BMRI.JK,0.6141506062697161
2018-01-09,3987.5,4000.0,3887.5,3950.0,2425.894775390625,67352000,BMRI.JK,0.6141505760482595
2018-01-10,3962.5,3962.5,3900.0,3950.0,2425.894775390625,68746400,BMRI.JK,0.6141505760482595
2018-01-11,3962.5,4037.5,3962.5,4037.5,2479.6328125,89346200,BMRI.JK,0.6141505417956656
2018-01-12,4037.5,4125.0,4000.0,4050.0,2487.31005859375,84306400,BMRI.JK,0.6141506317515432
2018-01-15,4075.0,4100.0,4025.0,4100.0,2518.017578125,38412200,BMRI.JK,0.6141506288109756
2018-01-16,4075.0,4150.0,4075.0,4112.5,2525.6943359375,46720000,BMRI.JK,0.6141505984042553
2018-01-17,4112.5,4112.5,4012.5,4050.0,2487.31005859375,56945400,BMRI.JK,0.6141506317515432
2018-01-18,4075.0,4087.5,4025.0,4062.5,2494.986572265625,53685800,BMRI.JK,0.6141505408653846
2018-01-19,4087.5,4087.5,4025.0,4037.5,2479.6328125,50158600,BMRI.JK,0.6141505417956656
2018-01-22,4075.0,4075.0,4025.0,4037.5,2479.6328125,91243800,BMRI.JK,0.6141505417956656
2018-01-23,4087.5,4087.5,4037.5,4087.5,2510.340576171875,111192600,BMRI.JK,0.6141505996750765
2018-01-24,4100.0,4125.0,4075.0,4125.0,2533.37158203125,84633200,BMRI.JK,0.6141506865530303
2018-01-25,4125.0,4137.5,4037.5,4075.0,2502.663818359375,65155800,BMRI.JK,0.6141506302722393
2018-01-26,4100.0,4125.0,4062.5,4100.0,2518.017578125,69599800,BMRI.JK,0.6141506288109756
2018-01-29,4112.5,4125.0,3950.0,4087.5,2510.340576171875,101413600,BMRI.JK,0.6141505996750765
2018-01-30,4037.5,4050.0,3987.5,4025.0,2471.9560546875,102154200,BMRI.JK,0.6141505725931677
2018-01-31,3987.5,4087.5,3975.0,4075.0,2502.663818359375,79788400,BMRI.JK,0.6141506302722393
2018-02-01,4100.0,4125.0,4062.5,4100.0,2518.017578125,72274400,BMRI.JK,0.6141506288109756
2018-02-02,4100.0,4112.5,4062.5,4062.5,2494.986572265625,60042800,BMRI.JK,0.6141505408653846
2018-02-05,4025.0,4075.0,3987.5,4062.5,2494.986572265625,63620600,BMRI.JK,0.6141505408653846
2018-02-06,4000.0,4050.0,3962.5,4012.5,2464.279296875,92415600,BMRI.JK,0.6141506035825545
2018-02-07,4050.0,4075.0,4037.5,4062.5,2494.986572265625,57427400,BMRI.JK,0.6141505408653846
2018-02-08,4100.0,4125.0,4025.0,4087.5,2510.340576171875,79067200,BMRI.JK,0.6141505996750765
2018-02-09,4037.5,4112.5,4025.0,4112.5,2525.6943359375,211953600,BMRI.JK,0.6141505984042553
2018-02-12,4112.5,4125.0,4037.5,4100.0,2518.017578125,72517000,BMRI.JK,0.6141506288109756
2018-02-13,4100.0,4150.0,4100.0,4137.5,2541.048095703125,75870600,BMRI.JK,0.6141505971487915
2018-02-14,4150.0,4162.5,4112.5,4150.0,2548.725341796875,26730800,BMRI.JK,0.6141506847703313
2018-02-15,4187.5,4187.5,4075.0,4150.0,2548.725341796875,65557000,BMRI.JK,0.6141506847703313
2018-02-19,4175.0,4237.5,4137.5,4237.5,2602.463134765625,49342200,BMRI.JK,0.6141505922750737
2018-02-20,4262.5,4525.0,4212.5,4525.0,2779.03125,79298400,BMRI.JK,0.6141505524861879
2018-02-21,4450.0,4462.5,4375.0,4400.0,2702.262451171875,83845600,BMRI.JK,0.614150557084517
2018-02-22,4437.5,4437.5,4287.5,4312.5,2648.5244140625,39301400,BMRI.JK,0.6141505887681159
2018-02-23,4287.5,4350.0,4250.0,4275.0,2625.493896484375,62711800,BMRI.JK,0.6141506190606725
2018-02-26,4300.0,4300.0,4150.0,4150.0,2548.725341796875,66541400,BMRI.JK,0.6141506847703313
2018-02-27,4212.5,4262.5,4162.5,4212.5,2587.109130859375,92994400,BMRI.JK,0.6141505355155786
2018-02-28,4237.5,4237.5,4150.0,4150.0,2548.725341796875,81356600,BMRI.JK,0.6141506847703313
2018-03-01,4200.0,4225.0,4162.5,4187.5,2571.755615234375,50682200,BMRI.JK,0.6141505946828358
2018-03-02,4162.5,4237.5,4112.5,4237.5,2602.463134765625,49761400,BMRI.JK,0.6141505922750737
2018-03-05,4187.5,4212.5,4100.0,4112.5,2525.6943359375,44376600,BMRI.JK,0.6141505984042553
2018-03-06,4137.5,4150.0,4000.0,4025.0,2471.9560546875,77337000,BMRI.JK,0.6141505725931677
2018-03-07,4012.5,4062.5,3850.0,3962.5,2433.57177734375,116997600,BMRI.JK,0.6141506062697161
2018-03-08,4000.0,4087.5,4000.0,4050.0,2487.31005859375,86635600,BMRI.JK,0.6141506317515432
2018-03-09,4025.0,4087.5,4000.0,4050.0,2487.31005859375,46391000,BMRI.JK,0.6141506317515432
2018-03-12,4100.0,4162.5,4075.0,4162.5,2556.402099609375,78310600,BMRI.JK,0.6141506545608109
2018-03-13,4112.5,4137.5,4025.0,4087.5,2510.340576171875,79622600,BMRI.JK,0.6141505996750765
2018-03-14,4112.5,4112.5,3987.5,4100.0,2518.017578125,41997000,BMRI.JK,0.6141506288109756
2018-03-15,4087.5,4087.5,4000.0,4000.0,2456.602294921875,66507000,BMRI.JK,0.6141505737304688
2018-03-16,3950.0,3975.0,3850.0,3962.5,2433.57177734375,155572000,BMRI.JK,0.6141506062697161
2018-03-19,4012.5,4062.5,3962.5,4037.5,2479.6328125,95158400,BMRI.JK,0.6141505417956656
2018-03-20,3975.0,4075.0,3925.0,4050.0,2487.31005859375,77864800,BMRI.JK,0.6141506317515432
2018-03-21,4100.0,4112.5,4050.0,4100.0,2518.017578125,113297400,BMRI.JK,0.6141506288109756
2018-03-22,4125.0,4125.0,3975.0,4000.0,2456.602294921875,183372000,BMRI.JK,0.6141505737304688
2018-03-23,3900.0,4025.0,3850.0,4025.0,2471.9560546875,90662600,BMRI.JK,0.6141505725931677
2018-03-26,3925.0,4037.5,3925.0,4037.5,2479.6328125,42673400,BMRI.JK,0.6141505417956656
2018-03-27,4062.5,4075.0,3975.0,4000.0,2456.602294921875,55450200,BMRI.JK,0.6141505737304688
2018-03-28,3975.0,3987.5,3862.5,3900.0,2395.187255859375,76203200,BMRI.JK,0.6141505784254808
2018-03-29,3825.0,3837.5,3762.5,3837.5,2418.513916015625,78477600,BMRI.JK,0.6302316393526058
2018-04-02,3787.5,3912.5,3787.5,3912.5,2465.78125,31435200,BMRI.JK,0.6302316293929713
2018-04-03,3862.5,3900.0,3837.5,3900.0,2457.9033203125,47967200,BMRI.JK,0.6302316205929487
2018-04-04,3912.5,3912.5,3775.0,3800.0,2394.880126953125,38287200,BMRI.JK,0.6302316123560855
2018-04-05,3875.0,3875.0,3762.5,3825.0,2410.63623046875,54709000,BMRI.JK,0.6302316942401961
2018-04-06,3775.0,3812.5,3750.0,3775.0,2379.12451171875,45831200,BMRI.JK,0.6302316587334437
2018-04-09,3825.0,3825.0,3750.0,3787.5,2387.002197265625,32505800,BMRI.JK,0.6302316032384488
2018-04-10,3775.0,3937.5,3775.0,3937.5,2481.537109375,87487000,BMRI.JK,0.6302316468253968
2018-04-11,3975.0,4037.5,3962.5,4025.0,2536.682373046875,58578400,BMRI.JK,0.6302316454774844
2018-04-12,4000.0,4012.5,3925.0,4012.5,2528.804443359375,56053600,BMRI.JK,0.6302316369742991
2018-04-13,4050.0,4050.0,3962.5,4012.5,2528.804443359375,33896200,BMRI.JK,0.6302316369742991
2018-04-18,3975.0,4025.0,3950.0,4025.0,2536.682373046875,28595200,BMRI.JK,0.6302316454774844
2018-04-23,3937.5,4000.0,3925.0,4000.0,2520.926513671875,62793000,BMRI.JK,0.6302316284179688
2018-04-24,4000.0,4000.0,3862.5,3862.5,2434.269775390625,49193400,BMRI.JK,0.6302316570590615
2018-04-30,3500.0,3575.0,3437.5,3562.5,2245.199951171875,94666400,BMRI.JK,0.630231565241228
2018-05-02,3562.5,3612.5,3487.5,3600.0,2268.833984375,53590000,BMRI.JK,0.6302316623263889
2018-05-03,3575.0,3587.5,3425.0,3425.0,2158.543212890625,104380400,BMRI.JK,0.630231595004562
2018-05-04,3425.0,3450.0,3300.0,3312.5,2087.64208984375,54995600,BMRI.JK,0.6302315742924528
2018-05-07,3300.0,3437.5,3300.0,3400.0,2142.78759765625,66820800,BMRI.JK,0.6302316463694853
2018-05-08,3400.0,3412.5,3337.5,3400.0,2142.78759765625,106457400,BMRI.JK,0.6302316463694853
2018-05-09,3362.5,3587.5,3362.5,3587.5,2260.955810546875,111977600,BMRI.JK,0.6302315848214286
2018-05-11,3625.0,3737.5,3575.0,3600.0,2268.833984375,103564000,BMRI.JK,0.6302316623263889
2018-05-14,3650.0,3650.0,3475.0,3600.0,2268.833984375,73256600,BMRI.JK,0.6302316623263889
2018-05-15,3500.0,3600.0,3400.0,3425.0,2158.543212890625,117942000,BMRI.JK,0.630231595004562
2018-05-16,3350.0,3437.5,3300.0,3425.0,2158.543212890625,171743000,BMRI.JK,0.630231595004562
2018-05-17,3475.0,3500.0,3350.0,3350.0,2111.2763671875,108035800,BMRI.JK,0.6302317513992537
2018-05-18,3387.5,3450.0,3325.0,3400.0,2142.78759765625,73179600,BMRI.JK,0.6302316463694853
2018-05-21,3362.5,3387.5,3300.0,3337.5,2103.39794921875,93035200,BMRI.JK,0.6302315952715356
2018-05-22,3375.0,3387.5,3262.5,3262.5,2056.13037109375,95244600,BMRI.JK,0.6302315313697318
2018-05-23,3300.0,3437.5,3300.0,3387.5,2134.909912109375,98477800,BMRI.JK,0.6302317083717712
2018-05-24,3500.0,3537.5,3425.0,3500.0,2205.810791015625,105512200,BMRI.JK,0.6302316545758928
2018-05-25,3525.0,3537.5,3475.0,3500.0,2205.810791015625,87283000,BMRI.JK,0.6302316545758928
2018-05-28,3575.0,3712.5,3550.0,3687.5,2323.9794921875,129253400,BMRI.JK,0.6302317266949152
2018-05-30,3612.5,3812.5,3575.0,3625.0,2284.58984375,170628800,BMRI.JK,0.6302316810344828
2018-05-31,3700.0,3700.0,3512.5,3525.0,2221.56640625,211020800,BMRI.JK,0.6302316046099291
2018-06-04,3550.0,3712.5,3550.0,3687.5,2323.9794921875,80221000,BMRI.JK,0.6302317266949152
2018-06-05,3725.0,3725.0,3637.5,3675.0,2316.101318359375,73520200,BMRI.JK,0.6302316512542517
2018-06-06,3650.0,3687.5,3650.0,3662.5,2308.2236328125,72158600,BMRI.JK,0.6302317086177475
2018-06-07,3687.5,3700.0,3662.5,3687.5,2323.9794921875,49787600,BMRI.JK,0.6302317266949152
2018-06-08,3700.0,3700.0,3475.0,3475.0,2190.05517578125,134418800,BMRI.JK,0.6302317052607914
2018-06-20,3425.0,3425.0,3250.0,3350.0,2111.2763671875,170142400,BMRI.JK,0.6302317513992537
2018-06-21,3350.0,3387.5,3287.5,3350.0,2111.2763671875,109648600,BMRI.JK,0.6302317513992537
2018-06-22,3350.0,3362.5,3300.0,3350.0,2111.2763671875,90954000,BMRI.JK,0.6302317513992537
2018-06-25,3375.0,3387.5,3287.5,3350.0,2111.2763671875,59331600,BMRI.JK,0.6302317513992537
2018-06-26,3287.5,3375.0,3287.5,3312.5,2087.64208984375,55935600,BMRI.JK,0.6302315742924528
2018-06-27,3325.0,3350.0,3300.0,3300.0,2079.764404296875,51148600,BMRI.JK,0.6302316376657197
2018-06-28,3362.5,3362.5,3212.5,3250.0,2048.252685546875,109565000,BMRI.JK,0.6302315955528847
2018-06-29,3375.0,3425.0,3300.0,3425.0,2158.543212890625,82868000,BMRI.JK,0.630231595004562
2018-07-02,3487.5,3487.5,3262.5,3262.5,2056.13037109375,55579800,BMRI.JK,0.6302315313697318
2018-07-03,3237.5,3287.5,3162.5,3162.5,1993.1077880859373,74286400,BMRI.JK,0.6302317116477272
2018-07-04,3200.0,3312.5,3137.5,3300.0,2079.764404296875,54066400,BMRI.JK,0.6302316376657197
2018-07-05,3250.0,3300.0,3175.0,3262.5,2056.13037109375,49814600,BMRI.JK,0.6302315313697318
2018-07-06,3200.0,3237.5,3150.0,3150.0,1985.229736328125,51696400,BMRI.JK,0.6302316623263889
2018-07-09,3175.0,3262.5,3150.0,3212.5,2024.619140625,111683800,BMRI.JK,0.6302316391050584
2018-07-10,3250.0,3287.5,3187.5,3225.0,2032.4974365234373,87662000,BMRI.JK,0.6302317632630813
2018-07-11,3150.0,3187.5,3125.0,3175.0,2000.9853515625,71600600,BMRI.JK,0.6302316067913386
2018-07-12,3150.0,3225.0,3150.0,3225.0,2032.4974365234373,69482600,BMRI.JK,0.6302317632630813
2018-07-13,3212.5,3325.0,3212.5,3300.0,2079.764404296875,71123600,BMRI.JK,0.6302316376657197
2018-07-16,3275.0,3312.5,3187.5,3275.0,2064.0087890625,57879600,BMRI.JK,0.6302316913167939
2018-07-17,3225.0,3237.5,3150.0,3162.5,1993.1077880859373,84860000,BMRI.JK,0.6302317116477272
2018-07-18,3162.5,3212.5,3150.0,3200.0,2016.7413330078125,46293000,BMRI.JK,0.6302316665649415
2018-07-19,3212.5,3262.5,3187.5,3187.5,2008.86328125,69942000,BMRI.JK,0.6302316176470588
2018-07-20,3212.5,3225.0,3137.5,3175.0,2000.9853515625,101994800,BMRI.JK,0.6302316067913386
2018-07-23,3200.0,3287.5,3187.5,3200.0,2016.7413330078125,80140200,BMRI.JK,0.6302316665649415
2018-07-24,3250.0,3262.5,3200.0,3262.5,2056.13037109375,38980400,BMRI.JK,0.6302315313697318
2018-07-25,3275.0,3275.0,3225.0,3237.5,2040.375244140625,62149400,BMRI.JK,0.6302317356418919
2018-07-26,3250.0,3275.0,3237.5,3275.0,2064.0087890625,57947800,BMRI.JK,0.6302316913167939
2018-07-27,3287.5,3287.5,3250.0,3287.5,2071.886474609375,35688800,BMRI.JK,0.6302316272576045
2018-07-30,3287.5,3362.5,3275.0,3362.5,2119.15380859375,54608200,BMRI.JK,0.6302316159386617
2018-07-31,3362.5,3362.5,3287.5,3325.0,2095.520263671875,66929400,BMRI.JK,0.6302316582471804
2018-08-01,3350.0,3500.0,3337.5,3500.0,2205.810791015625,110824000,BMRI.JK,0.6302316545758928
2018-08-02,3500.0,3587.5,3462.5,3525.0,2221.56640625,61392400,BMRI.JK,0.6302316046099291
2018-08-03,3500.0,3612.5,3500.0,3600.0,2268.833984375,63550400,BMRI.JK,0.6302316623263889
2018-08-06,3612.5,3712.5,3600.0,3650.0,2300.34521484375,102478600,BMRI.JK,0.6302315657106164
2018-08-07,3650.0,3712.5,3600.0,3600.0,2268.833984375,102967800,BMRI.JK,0.6302316623263889
2018-08-08,3612.5,3662.5,3550.0,3662.5,2308.2236328125,48967400,BMRI.JK,0.6302317086177475
2018-08-09,3600.0,3675.0,3600.0,3637.5,2292.468017578125,28914800,BMRI.JK,0.6302317574097939
2018-08-10,3662.5,3712.5,3650.0,3675.0,2316.101318359375,36267800,BMRI.JK,0.6302316512542517
2018-08-13,3600.0,3625.0,3425.0,3462.5,2182.177001953125,82658400,BMRI.JK,0.6302316251128158
2018-08-14,3437.5,3450.0,3350.0,3362.5,2119.15380859375,122915000,BMRI.JK,0.6302316159386617
2018-08-15,3375.0,3412.5,3262.5,3400.0,2142.78759765625,82042800,BMRI.JK,0.6302316463694853
2018-08-16,3375.0,3387.5,3300.0,3350.0,2111.2763671875,42463600,BMRI.JK,0.6302317513992537
2018-08-20,3475.0,3475.0,3350.0,3362.5,2119.15380859375,81139200,BMRI.JK,0.6302316159386617
2018-08-21,3375.0,3387.5,3337.5,3350.0,2111.2763671875,62399200,BMRI.JK,0.6302317513992537
2018-08-23,3400.0,3425.0,3350.0,3425.0,2158.543212890625,98059800,BMRI.JK,0.630231595004562
2018-08-24,3400.0,3425.0,3375.0,3387.5,2134.909912109375,75683200,BMRI.JK,0.6302317083717712
2018-08-27,3412.5,3487.5,3387.5,3487.5,2197.9326171875,84503200,BMRI.JK,0.6302315748207885
2018-08-28,3500.0,3512.5,3450.0,3500.0,2205.810791015625,80591200,BMRI.JK,0.6302316545758928
2018-08-29,3487.5,3512.5,3462.5,3500.0,2205.810791015625,55272600,BMRI.JK,0.6302316545758928
2018-08-30,3500.0,3512.5,3400.0,3425.0,2158.543212890625,52753200,BMRI.JK,0.630231595004562
2018-08-31,3350.0,3450.0,3337.5,3450.0,2174.299072265625,110408200,BMRI.JK,0.6302316151494565
2018-09-03,3450.0,3450.0,3350.0,3350.0,2111.2763671875,55590200,BMRI.JK,0.6302317513992537
2018-09-04,3362.5,3375.0,3225.0,3287.5,2071.886474609375,59803000,BMRI.JK,0.6302316272576045
2018-09-05,3250.0,3262.5,3100.0,3162.5,1993.1077880859373,83838600,BMRI.JK,0.6302317116477272
2018-09-06,3100.0,3275.0,3100.0,3275.0,2064.0087890625,96306200,BMRI.JK,0.6302316913167939
2018-09-07,3250.0,3325.0,3225.0,3312.5,2087.64208984375,75525400,BMRI.JK,0.6302315742924528
2018-09-10,3250.0,3300.0,3212.5,3287.5,2071.886474609375,37301800,BMRI.JK,0.6302316272576045
2018-09-12,3287.5,3312.5,3187.5,3187.5,2008.86328125,46357000,BMRI.JK,0.6302316176470588
2018-09-13,3237.5,3312.5,3225.0,3287.5,2071.886474609375,36668600,BMRI.JK,0.6302316272576045
2018-09-14,3337.5,3375.0,3300.0,3375.0,2127.03173828125,30656000,BMRI.JK,0.6302316261574074
2018-09-17,3325.0,3337.5,3212.5,3225.0,2032.4974365234373,88368200,BMRI.JK,0.6302317632630813
2018-09-18,3225.0,3262.5,3162.5,3187.5,2008.86328125,101172800,BMRI.JK,0.6302316176470588
2018-09-19,3225.0,3225.0,3187.5,3200.0,2016.7413330078125,42616400,BMRI.JK,0.6302316665649415
2018-09-20,3212.5,3337.5,3212.5,3337.5,2103.39794921875,99827000,BMRI.JK,0.6302315952715356
2018-09-21,3375.0,3475.0,3362.5,3425.0,2158.543212890625,124841800,BMRI.JK,0.630231595004562
2018-09-24,3425.0,3450.0,3337.5,3375.0,2127.03173828125,81188200,BMRI.JK,0.6302316261574074
2018-09-25,3337.5,3375.0,3262.5,3312.5,2087.64208984375,46091400,BMRI.JK,0.6302315742924528
2018-09-26,3287.5,3362.5,3287.5,3300.0,2079.764404296875,32016600,BMRI.JK,0.6302316376657197
2018-09-27,3300.0,3362.5,3275.0,3312.5,2087.64208984375,82349800,BMRI.JK,0.6302315742924528
2018-09-28,3300.0,3375.0,3300.0,3362.5,2119.15380859375,101686800,BMRI.JK,0.6302316159386617
2018-10-01,3300.0,3400.0,3300.0,3350.0,2111.2763671875,66513400,BMRI.JK,0.6302317513992537
2018-10-02,3350.0,3350.0,3212.5,3225.0,2032.4974365234373,120652800,BMRI.JK,0.6302317632630813
2018-10-03,3200.0,3287.5,3200.0,3250.0,2048.252685546875,68383400,BMRI.JK,0.6302315955528847
2018-10-04,3200.0,3212.5,3112.5,3112.5,1961.595947265625,116478400,BMRI.JK,0.6302316296435743
2018-10-05,3112.5,3175.0,3087.5,3137.5,1977.3516845703125,67792400,BMRI.JK,0.6302316126120517
2018-10-08,3137.5,3150.0,3100.0,3100.0,1953.718017578125,55327600,BMRI.JK,0.6302316185735887
2018-10-09,3100.0,3187.5,3100.0,3175.0,2000.9853515625,40331400,BMRI.JK,0.6302316067913386
2018-10-10,3200.0,3262.5,3187.5,3237.5,2040.375244140625,39230800,BMRI.JK,0.6302317356418919
2018-10-11,3125.0,3175.0,3100.0,3137.5,1977.3516845703125,64054000,BMRI.JK,0.6302316126120517
2018-10-12,3137.5,3237.5,3137.5,3200.0,2016.7413330078125,70448200,BMRI.JK,0.6302316665649415
2018-10-15,3250.0,3262.5,3187.5,3187.5,2008.86328125,40880400,BMRI.JK,0.6302316176470588
2018-10-16,3200.0,3250.0,3200.0,3250.0,2048.252685546875,29777600,BMRI.JK,0.6302315955528847
2018-10-17,3300.0,3325.0,3262.5,3287.5,2071.886474609375,43108000,BMRI.JK,0.6302316272576045
2018-10-18,3250.0,3300.0,3200.0,3250.0,2048.252685546875,39270000,BMRI.JK,0.6302315955528847
2018-10-19,3225.0,3250.0,3187.5,3225.0,2032.4974365234373,47990000,BMRI.JK,0.6302317632630813
2018-10-22,3225.0,3262.5,3187.5,3225.0,2032.4974365234373,36415600,BMRI.JK,0.6302317632630813
2018-10-23,3225.0,3237.5,3212.5,3212.5,2024.619140625,25707400,BMRI.JK,0.6302316391050584
2018-10-24,3212.5,3237.5,3162.5,3162.5,1993.1077880859373,33969400,BMRI.JK,0.6302317116477272
2018-10-25,3125.0,3237.5,3125.0,3237.5,2040.375244140625,62781600,BMRI.JK,0.6302317356418919
2018-10-26,3237.5,3250.0,3200.0,3225.0,2032.4974365234373,39723200,BMRI.JK,0.6302317632630813
2018-10-29,3212.5,3250.0,3200.0,3200.0,2016.7413330078125,40472000,BMRI.JK,0.6302316665649415
2018-10-30,3250.0,3262.5,3212.5,3262.5,2056.13037109375,34731200,BMRI.JK,0.6302315313697318
2018-10-31,3287.5,3425.0,3275.0,3425.0,2158.543212890625,111265400,BMRI.JK,0.630231595004562
2018-11-01,3450.0,3675.0,3437.5,3612.5,2276.7119140625,185151800,BMRI.JK,0.6302316717128028
2018-11-02,3662.5,3750.0,3550.0,3712.5,2339.73486328125,143785200,BMRI.JK,0.6302316130050505
2018-11-05,3700.0,3700.0,3625.0,3687.5,2323.9794921875,56013400,BMRI.JK,0.6302317266949152
2018-11-06,3737.5,3737.5,3625.0,3675.0,2316.101318359375,124000800,BMRI.JK,0.6302316512542517
2018-11-07,3687.5,3700.0,3600.0,3675.0,2316.101318359375,92281000,BMRI.JK,0.6302316512542517
2018-11-08,3700.0,3762.5,3687.5,3750.0,2363.36865234375,130444200,BMRI.JK,0.630231640625
2018-11-09,3625.0,3662.5,3575.0,3612.5,2276.7119140625,123465600,BMRI.JK,0.6302316717128028
2018-11-12,3612.5,3612.5,3487.5,3487.5,2197.9326171875,65689800,BMRI.JK,0.6302315748207885
2018-11-13,3400.0,3587.5,3400.0,3575.0,2253.078369140625,85750000,BMRI.JK,0.6302317116477273
2018-11-14,3637.5,3650.0,3562.5,3562.5,2245.199951171875,68203400,BMRI.JK,0.630231565241228
2018-11-15,3625.0,3725.0,3575.0,3700.0,2331.857421875,115193000,BMRI.JK,0.6302317356418919
2018-11-16,3737.5,3812.5,3687.5,3725.0,2347.612548828125,113146000,BMRI.JK,0.6302315567323825
2018-11-19,3750.0,3787.5,3650.0,3737.5,2355.49072265625,52926800,BMRI.JK,0.6302316314799331
2018-11-21,3612.5,3662.5,3525.0,3637.5,2292.468017578125,121808800,BMRI.JK,0.6302317574097939
2018-11-22,3637.5,3700.0,3587.5,3662.5,2308.2236328125,89601400,BMRI.JK,0.6302317086177475
2018-11-23,3675.0,3700.0,3637.5,3650.0,2300.34521484375,82350000,BMRI.JK,0.6302315657106164
2018-11-26,3625.0,3700.0,3625.0,3687.5,2323.9794921875,62934800,BMRI.JK,0.6302317266949152
2018-11-27,3687.5,3750.0,3675.0,3725.0,2347.612548828125,61028800,BMRI.JK,0.6302315567323825
2018-11-28,3750.0,3750.0,3662.5,3700.0,2331.857421875,67675000,BMRI.JK,0.6302317356418919
2018-11-29,3750.0,3825.0,3750.0,3825.0,2410.63623046875,141202600,BMRI.JK,0.6302316942401961
2018-11-30,3787.5,3812.5,3700.0,3700.0,2331.857421875,148482800,BMRI.JK,0.6302317356418919
2018-12-03,3775.0,3862.5,3775.0,3800.0,2394.880126953125,136684600,BMRI.JK,0.6302316123560855
2018-12-04,3787.5,3825.0,3775.0,3825.0,2410.63623046875,60153200,BMRI.JK,0.6302316942401961
2018-12-05,3800.0,3800.0,3762.5,3787.5,2387.002197265625,73322400,BMRI.JK,0.6302316032384488
2018-12-06,3700.0,3762.5,3700.0,3737.5,2355.49072265625,74092000,BMRI.JK,0.6302316314799331
2018-12-07,3787.5,3812.5,3737.5,3750.0,2363.36865234375,41692800,BMRI.JK,0.630231640625
2018-12-10,3687.5,3762.5,3675.0,3712.5,2339.73486328125,41105200,BMRI.JK,0.6302316130050505
2018-12-11,3725.0,3737.5,3700.0,3725.0,2347.612548828125,55657400,BMRI.JK,0.6302315567323825
2018-12-12,3737.5,3775.0,3712.5,3737.5,2355.49072265625,80631400,BMRI.JK,0.6302316314799331
2018-12-13,3750.0,3850.0,3725.0,3850.0,2426.3916015625,92920000,BMRI.JK,0.6302315848214286
2018-12-14,3825.0,3825.0,3762.5,3787.5,2387.002197265625,68756400,BMRI.JK,0.6302316032384488
2018-12-17,3725.0,3787.5,3700.0,3700.0,2331.857421875,78685000,BMRI.JK,0.6302317356418919
2018-12-18,3625.0,3675.0,3625.0,3675.0,2316.101318359375,98608800,BMRI.JK,0.6302316512542517
2018-12-19,3675.0,3737.5,3675.0,3712.5,2339.73486328125,89550000,BMRI.JK,0.6302316130050505
2018-12-20,3712.5,3712.5,3637.5,3650.0,2300.34521484375,61216000,BMRI.JK,0.6302315657106164
2018-12-21,3625.0,3650.0,3587.5,3612.5,2276.7119140625,98207400,BMRI.JK,0.6302316717128028
2018-12-26,3575.0,3625.0,3550.0,3612.5,2276.7119140625,52356800,BMRI.JK,0.6302316717128028
2018-12-27,3662.5,3675.0,3625.0,3637.5,2292.468017578125,48514400,BMRI.JK,0.6302317574097939
2018-12-28,3675.0,3725.0,3662.5,3687.5,2323.9794921875,97081600,BMRI.JK,0.6302317266949152
2019-01-02,3700.0,3700.0,3625.0,3662.5,2308.2236328125,45319200,BMRI.JK,0.6302317086177475
2019-01-03,3637.5,3675.0,3550.0,3587.5,2260.955810546875,74174000,BMRI.JK,0.6302315848214286
2019-01-04,3587.5,3725.0,3575.0,3725.0,2347.612548828125,78514000,BMRI.JK,0.6302315567323825
2019-01-07,3750.0,3787.5,3712.5,3712.5,2339.73486328125,53624800,BMRI.JK,0.6302316130050505
2019-01-08,3712.5,3737.5,3675.0,3675.0,2316.101318359375,80073200,BMRI.JK,0.6302316512542517
2019-01-09,3750.0,3787.5,3700.0,3787.5,2387.002197265625,104903400,BMRI.JK,0.6302316032384488
2019-01-10,3812.5,3850.0,3775.0,3850.0,2426.3916015625,130603200,BMRI.JK,0.6302315848214286
2019-01-11,3875.0,3900.0,3837.5,3850.0,2426.3916015625,88899400,BMRI.JK,0.6302315848214286
2019-01-14,3875.0,3875.0,3825.0,3850.0,2426.3916015625,71320000,BMRI.JK,0.6302315848214286
2019-01-15,3875.0,3900.0,3825.0,3900.0,2457.9033203125,86697200,BMRI.JK,0.6302316205929487
2019-01-16,3900.0,3912.5,3837.5,3900.0,2457.9033203125,78625600,BMRI.JK,0.6302316205929487
2019-01-17,3900.0,4025.0,3900.0,3937.5,2481.537109375,101961200,BMRI.JK,0.6302316468253968
2019-01-18,3950.0,3962.5,3912.5,3937.5,2481.537109375,56790000,BMRI.JK,0.6302316468253968
2019-01-21,3912.5,3950.0,3900.0,3900.0,2457.9033203125,111624400,BMRI.JK,0.6302316205929487
2019-01-22,3862.5,3900.0,3825.0,3875.0,2442.1474609375,123558000,BMRI.JK,0.6302316028225806
2019-01-23,3787.5,3850.0,3737.5,3737.5,2355.49072265625,162196000,BMRI.JK,0.6302316314799331
2019-01-24,3737.5,3750.0,3712.5,3737.5,2355.49072265625,179821400,BMRI.JK,0.6302316314799331
2019-01-25,3737.5,3762.5,3650.0,3687.5,2323.9794921875,143184800,BMRI.JK,0.6302317266949152
2019-01-28,3687.5,3712.5,3537.5,3587.5,2260.955810546875,207013400,BMRI.JK,0.6302315848214286
2019-01-29,3587.5,3625.0,3525.0,3562.5,2245.199951171875,162587800,BMRI.JK,0.630231565241228
2019-01-30,3562.5,3662.5,3562.5,3625.0,2284.58984375,175565200,BMRI.JK,0.6302316810344828
2019-01-31,3662.5,3737.5,3637.5,3725.0,2347.612548828125,214008600,BMRI.JK,0.6302315567323825
2019-02-01,3750.0,3812.5,3737.5,3800.0,2394.880126953125,104295400,BMRI.JK,0.6302316123560855
2019-02-04,3750.0,3800.0,3675.0,3675.0,2316.101318359375,80919200,BMRI.JK,0.6302316512542517
2019-02-06,3725.0,3762.5,3712.5,3737.5,2355.49072265625,60281400,BMRI.JK,0.6302316314799331
2019-02-07,3737.5,3775.0,3712.5,3775.0,2379.12451171875,31622800,BMRI.JK,0.6302316587334437
2019-02-08,3750.0,3787.5,3712.5,3787.5,2387.002197265625,46828400,BMRI.JK,0.6302316032384488
2019-02-11,3800.0,3812.5,3762.5,3812.5,2402.75830078125,72358200,BMRI.JK,0.6302316854508196
2019-02-12,3837.5,3837.5,3687.5,3712.5,2339.73486328125,82644200,BMRI.JK,0.6302316130050505
2019-02-13,3712.5,3737.5,3625.0,3625.0,2284.58984375,75046400,BMRI.JK,0.6302316810344828
2019-02-14,3675.0,3687.5,3587.5,3587.5,2260.955810546875,95699000,BMRI.JK,0.6302315848214286
2019-02-15,3575.0,3612.5,3550.0,3587.5,2260.955810546875,92002800,BMRI.JK,0.6302315848214286
2019-02-18,3650.0,3650.0,3587.5,3637.5,2292.468017578125,86216800,BMRI.JK,0.6302317574097939
2019-02-19,3637.5,3662.5,3562.5,3600.0,2268.833984375,92714200,BMRI.JK,0.6302316623263889
2019-02-20,3625.0,3625.0,3475.0,3550.0,2237.322265625,192881200,BMRI.JK,0.6302316241197183
2019-02-21,3562.5,3662.5,3550.0,3662.5,2308.2236328125,100203800,BMRI.JK,0.6302317086177475
2019-02-22,3637.5,3650.0,3525.0,3550.0,2237.322265625,167596800,BMRI.JK,0.6302316241197183
2019-02-25,3575.0,3625.0,3562.5,3625.0,2284.58984375,91520000,BMRI.JK,0.6302316810344828
2019-02-26,3637.5,3637.5,3575.0,3637.5,2292.468017578125,94091000,BMRI.JK,0.6302317574097939
2019-02-27,3600.0,3637.5,3575.0,3600.0,2268.833984375,72356800,BMRI.JK,0.6302316623263889
2019-02-28,3612.5,3625.0,3550.0,3562.5,2245.199951171875,84980200,BMRI.JK,0.630231565241228
2019-03-01,3575.0,3612.5,3562.5,3587.5,2260.955810546875,47003200,BMRI.JK,0.6302315848214286
2019-03-04,3587.5,3587.5,3550.0,3550.0,2237.322265625,29659800,BMRI.JK,0.6302316241197183
2019-03-05,3525.0,3562.5,3400.0,3475.0,2190.05517578125,223113200,BMRI.JK,0.6302317052607914
2019-03-06,3500.0,3537.5,3437.5,3537.5,2229.4443359375,94977600,BMRI.JK,0.6302316143992933
2019-03-08,3525.0,3525.0,3450.0,3450.0,2174.299072265625,71523400,BMRI.JK,0.6302316151494565
2019-03-11,3475.0,3475.0,3412.5,3425.0,2158.543212890625,53912400,BMRI.JK,0.630231595004562
2019-03-12,3412.5,3437.5,3337.5,3362.5,2119.15380859375,60509600,BMRI.JK,0.6302316159386617
2019-03-13,3400.0,3400.0,3325.0,3350.0,2111.2763671875,55730600,BMRI.JK,0.6302317513992537
2019-03-14,3400.0,3462.5,3362.5,3450.0,2174.299072265625,44212200,BMRI.JK,0.6302316151494565
2019-03-15,3462.5,3550.0,3462.5,3550.0,2237.322265625,71744400,BMRI.JK,0.6302316241197183
2019-03-18,3575.0,3612.5,3512.5,3550.0,2237.322265625,52140200,BMRI.JK,0.6302316241197183
2019-03-19,3587.5,3700.0,3575.0,3687.5,2323.9794921875,158696000,BMRI.JK,0.6302317266949152
2019-03-20,3700.0,3725.0,3650.0,3700.0,2331.857421875,51652800,BMRI.JK,0.6302317356418919
2019-03-21,3750.0,3762.5,3725.0,3737.5,2355.49072265625,68829800,BMRI.JK,0.6302316314799331
2019-03-22,3737.5,3750.0,3712.5,3725.0,2347.612548828125,45259400,BMRI.JK,0.6302315567323825
2019-03-25,3625.0,3662.5,3587.5,3587.5,2260.955810546875,45751600,BMRI.JK,0.6302315848214286
2019-03-26,3637.5,3675.0,3637.5,3650.0,2300.34521484375,28799400,BMRI.JK,0.6302315657106164
2019-03-27,3712.5,3712.5,3612.5,3612.5,2276.7119140625,38906600,BMRI.JK,0.6302316717128028
2019-03-28,3650.0,3687.5,3625.0,3687.5,2323.9794921875,47868600,BMRI.JK,0.6302317266949152
2019-03-29,3700.0,3750.0,3662.5,3737.5,2355.49072265625,71140200,BMRI.JK,0.6302316314799331
2019-04-01,3750.0,3762.5,3725.0,3750.0,2363.36865234375,57890600,BMRI.JK,0.630231640625
2019-04-02,3762.5,3762.5,3662.5,3712.5,2339.73486328125,36872800,BMRI.JK,0.6302316130050505
2019-04-04,3750.0,3850.0,3750.0,3837.5,2418.513916015625,119083400,BMRI.JK,0.6302316393526058
2019-04-05,3837.5,3837.5,3775.0,3775.0,2379.12451171875,40534200,BMRI.JK,0.6302316587334437
2019-04-08,3800.0,3800.0,3687.5,3750.0,2363.36865234375,45862600,BMRI.JK,0.630231640625
2019-04-09,3787.5,3862.5,3775.0,3837.5,2418.513916015625,61437800,BMRI.JK,0.6302316393526058
2019-04-10,3825.0,3837.5,3762.5,3775.0,2379.12451171875,30552600,BMRI.JK,0.6302316587334437
2019-04-11,3787.5,3800.0,3700.0,3700.0,2331.857421875,70389000,BMRI.JK,0.6302317356418919
2019-04-12,3675.0,3700.0,3650.0,3662.5,2308.2236328125,53372400,BMRI.JK,0.6302317086177475
2019-04-15,3700.0,3725.0,3662.5,3675.0,2316.101318359375,48251000,BMRI.JK,0.6302316512542517
2019-04-16,3687.5,3812.5,3675.0,3812.5,2402.75830078125,143066800,BMRI.JK,0.6302316854508196
2019-04-18,3900.0,4062.5,3887.5,3900.0,2457.9033203125,243343400,BMRI.JK,0.6302316205929487
2019-04-22,3900.0,3937.5,3825.0,3875.0,2442.1474609375,69981800,BMRI.JK,0.6302316028225806
2019-04-23,3850.0,3887.5,3837.5,3837.5,2418.513916015625,65384600,BMRI.JK,0.6302316393526058
2019-04-24,3850.0,3862.5,3812.5,3837.5,2418.513916015625,55408400,BMRI.JK,0.6302316393526058
2019-04-25,3825.0,3837.5,3775.0,3825.0,2410.63623046875,111185200,BMRI.JK,0.6302316942401961
2019-04-26,3775.0,3900.0,3737.5,3862.5,2434.269775390625,150697400,BMRI.JK,0.6302316570590615
2019-04-29,3850.0,3900.0,3837.5,3887.5,2450.025634765625,112773000,BMRI.JK,0.6302316745377814
2019-04-30,3912.5,3937.5,3862.5,3862.5,2434.269775390625,103243000,BMRI.JK,0.6302316570590615
2019-05-02,3850.0,3862.5,3812.5,3850.0,2426.3916015625,68943800,BMRI.JK,0.6302315848214286
2019-05-03,3850.0,3850.0,3787.5,3825.0,2410.63623046875,60141600,BMRI.JK,0.6302316942401961
2019-05-06,3750.0,3787.5,3662.5,3762.5,2371.24658203125,100956600,BMRI.JK,0.6302316497093023
2019-05-07,3837.5,3837.5,3775.0,3825.0,2410.63623046875,68861800,BMRI.JK,0.6302316942401961
2019-05-08,3750.0,3787.5,3725.0,3762.5,2371.24658203125,79916800,BMRI.JK,0.6302316497093023
2019-05-09,3725.0,3787.5,3725.0,3750.0,2363.36865234375,90947000,BMRI.JK,0.630231640625
2019-05-10,3775.0,3787.5,3687.5,3737.5,2355.49072265625,65009400,BMRI.JK,0.6302316314799331
2019-05-13,3787.5,3825.0,3750.0,3762.5,2371.24658203125,83342800,BMRI.JK,0.6302316497093023
2019-05-14,3725.0,3762.5,3700.0,3725.0,2347.612548828125,85983800,BMRI.JK,0.6302315567323825
2019-05-15,3762.5,3800.0,3712.5,3712.5,2339.73486328125,112972400,BMRI.JK,0.6302316130050505
2019-05-16,3675.0,3725.0,3625.0,3675.0,2316.101318359375,86481000,BMRI.JK,0.6302316512542517
2019-05-17,3750.0,3750.0,3537.5,3537.5,2229.4443359375,59716600,BMRI.JK,0.6302316143992933
2019-05-20,3500.0,3637.5,3487.5,3612.5,2276.7119140625,93447200,BMRI.JK,0.6302316717128028
2019-05-21,3637.5,3675.0,3537.5,3625.0,2284.58984375,128877200,BMRI.JK,0.6302316810344828
2019-05-22,3662.5,3700.0,3612.5,3650.0,2300.34521484375,88253000,BMRI.JK,0.6302315657106164
2019-05-23,3675.0,3800.0,3662.5,3787.5,2387.002197265625,65668800,BMRI.JK,0.6302316032384488
2019-05-24,3800.0,3887.5,3787.5,3850.0,2426.3916015625,99151200,BMRI.JK,0.6302315848214286
2019-05-27,3800.0,3862.5,3762.5,3862.5,2512.99365234375,144611000,BMRI.JK,0.6506132433252427
2019-05-28,3850.0,3850.0,3675.0,3687.5,2399.13671875,298780800,BMRI.JK,0.6506133474576271
2019-05-29,3725.0,3775.0,3700.0,3775.0,2456.065185546875,89397400,BMRI.JK,0.6506132941846027
2019-05-31,3800.0,3887.5,3775.0,3837.5,2496.728515625,173453000,BMRI.JK,0.6506132939739414
2019-06-10,3925.0,3975.0,3912.5,3925.0,2553.656982421875,208042400,BMRI.JK,0.6506132439291401
2019-06-11,3937.5,3950.0,3900.0,3937.5,2561.789794921875,107140400,BMRI.JK,0.65061328125
2019-06-12,3950.0,3950.0,3900.0,3937.5,2561.789794921875,69330800,BMRI.JK,0.65061328125
2019-06-13,3937.5,3950.0,3850.0,3912.5,2545.5244140625,63482400,BMRI.JK,0.6506132687699681
2019-06-14,3937.5,3937.5,3900.0,3912.5,2545.5244140625,61672200,BMRI.JK,0.6506132687699681
2019-06-17,3950.0,3950.0,3900.0,3900.0,2537.391845703125,47269400,BMRI.JK,0.6506132937700321
2019-06-18,3887.5,3937.5,3887.5,3925.0,2553.656982421875,104106200,BMRI.JK,0.6506132439291401
2019-06-19,3950.0,4000.0,3937.5,3987.5,2594.3203125,156615200,BMRI.JK,0.6506132445141066
2019-06-20,4000.0,4025.0,3962.5,3975.0,2586.1875,93589200,BMRI.JK,0.6506132075471698
2019-06-21,4000.0,4012.5,3950.0,3987.5,2594.3203125,145919600,BMRI.JK,0.6506132445141066
2019-06-24,3950.0,4012.5,3950.0,3987.5,2594.3203125,70252200,BMRI.JK,0.6506132445141066
2019-06-25,4012.5,4012.5,3962.5,3975.0,2586.1875,59303200,BMRI.JK,0.6506132075471698
2019-06-26,3925.0,4000.0,3925.0,3975.0,2586.1875,72115200,BMRI.JK,0.6506132075471698
2019-06-27,3987.5,4025.0,3987.5,4000.0,2602.453125,63152000,BMRI.JK,0.65061328125
2019-06-28,4012.5,4025.0,3987.5,4012.5,2610.58544921875,61888000,BMRI.JK,0.6506131960669782
2019-07-01,4025.0,4037.5,3987.5,4000.0,2602.453125,61455600,BMRI.JK,0.65061328125
2019-07-02,4025.0,4025.0,3987.5,4012.5,2610.58544921875,64875600,BMRI.JK,0.6506131960669782
2019-07-03,3975.0,4012.5,3975.0,4012.5,2610.58544921875,93933600,BMRI.JK,0.6506131960669782
2019-07-04,4025.0,4025.0,4000.0,4012.5,2610.58544921875,31578600,BMRI.JK,0.6506131960669782
2019-07-05,3962.5,4012.5,3862.5,3912.5,2545.5244140625,186756200,BMRI.JK,0.6506132687699681
2019-07-08,3875.0,3937.5,3862.5,3937.5,2561.789794921875,105905600,BMRI.JK,0.65061328125
2019-07-09,3912.5,3962.5,3900.0,3950.0,2569.922607421875,88590800,BMRI.JK,0.6506133183346519
2019-07-10,3975.0,4000.0,3962.5,3975.0,2586.1875,100964600,BMRI.JK,0.6506132075471698
2019-07-11,4012.5,4025.0,3987.5,4000.0,2602.453125,70231200,BMRI.JK,0.65061328125
2019-07-12,4025.0,4062.5,4012.5,4037.5,2626.85107421875,73474000,BMRI.JK,0.6506132691563468
2019-07-15,4075.0,4087.5,4050.0,4075.0,2651.2490234375,89444800,BMRI.JK,0.6506132572852761
2019-07-16,4037.5,4062.5,3987.5,4037.5,2626.85107421875,146626400,BMRI.JK,0.6506132691563468
2019-07-17,4000.0,4025.0,3975.0,3987.5,2594.3203125,128231000,BMRI.JK,0.6506132445141066
2019-07-18,3950.0,3975.0,3912.5,3925.0,2553.656982421875,142262000,BMRI.JK,0.6506132439291401
2019-07-19,3900.0,3950.0,3900.0,3937.5,2561.789794921875,104530000,BMRI.JK,0.65061328125
2019-07-22,3900.0,3912.5,3875.0,3887.5,2529.259033203125,82851000,BMRI.JK,0.6506132561294212
2019-07-23,3912.5,3925.0,3850.0,3850.0,2504.861328125,74981800,BMRI.JK,0.6506133319805195
2019-07-24,3850.0,3912.5,3850.0,3850.0,2504.861328125,65565800,BMRI.JK,0.6506133319805195
2019-07-25,3862.5,3900.0,3850.0,3900.0,2537.391845703125,77462000,BMRI.JK,0.6506132937700321
2019-07-26,3825.0,3887.5,3812.5,3875.0,2521.126220703125,62727400,BMRI.JK,0.6506132182459677
2019-07-29,3912.5,3912.5,3837.5,3900.0,2537.391845703125,55206400,BMRI.JK,0.6506132937700321
2019-07-30,3900.0,3987.5,3862.5,3975.0,2586.1875,87075600,BMRI.JK,0.6506132075471698
2019-07-31,3937.5,3987.5,3900.0,3987.5,2594.3203125,59008800,BMRI.JK,0.6506132445141066
2019-08-01,3937.5,3950.0,3862.5,3887.5,2529.259033203125,96731000,BMRI.JK,0.6506132561294212
2019-08-02,3850.0,3875.0,3800.0,3837.5,2496.728515625,103727000,BMRI.JK,0.6506132939739414
2019-08-05,3800.0,3825.0,3662.5,3712.5,2415.401611328125,129862600,BMRI.JK,0.6506132286405724
2019-08-06,3650.0,3700.0,3550.0,3625.0,2358.47265625,157132400,BMRI.JK,0.6506131465517241
2019-08-07,3637.5,3700.0,3637.5,3675.0,2391.00390625,103932800,BMRI.JK,0.6506133078231292
2019-08-08,3725.0,3762.5,3675.0,3750.0,2439.799560546875,85711800,BMRI.JK,0.6506132161458333
2019-08-09,3750.0,3775.0,3725.0,3725.0,2423.534423828125,39017600,BMRI.JK,0.6506132681417786
2019-08-12,3750.0,3750.0,3675.0,3700.0,2407.268798828125,69256600,BMRI.JK,0.6506131888724662
2019-08-13,3775.0,3775.0,3650.0,3675.0,2391.00390625,68067800,BMRI.JK,0.6506133078231292
2019-08-14,3750.0,3762.5,3675.0,3750.0,2439.799560546875,107613000,BMRI.JK,0.6506132161458333
2019-08-15,3675.0,3700.0,3650.0,3700.0,2407.268798828125,57456400,BMRI.JK,0.6506131888724662
2019-08-16,3700.0,3712.5,3662.5,3687.5,2399.13671875,47693000,BMRI.JK,0.6506133474576271
2019-08-19,3725.0,3725.0,3662.5,3675.0,2391.00390625,38551200,BMRI.JK,0.6506133078231292
2019-08-20,3712.5,3725.0,3650.0,3687.5,2399.13671875,75396200,BMRI.JK,0.6506133474576271
2019-08-21,3662.5,3675.0,3612.5,3612.5,2350.340576171875,49841400,BMRI.JK,0.650613308282872
2019-08-22,3650.0,3662.5,3575.0,3612.5,2350.340576171875,77652800,BMRI.JK,0.650613308282872
2019-08-23,3625.0,3625.0,3575.0,3587.5,2334.0751953125,44535800,BMRI.JK,0.6506132948606271
2019-08-26,3550.0,3550.0,3500.0,3525.0,2293.411865234375,78614600,BMRI.JK,0.6506132951019503
2019-08-27,3525.0,3562.5,3512.5,3512.5,2285.279052734375,153201600,BMRI.JK,0.6506132534475089
2019-08-28,3512.5,3550.0,3475.0,3525.0,2293.411865234375,96082400,BMRI.JK,0.6506132951019503
2019-08-29,3525.0,3550.0,3512.5,3537.5,2301.54443359375,63748800,BMRI.JK,0.6506132674469964
2019-08-30,3562.5,3625.0,3537.5,3625.0,2358.47265625,106370600,BMRI.JK,0.6506131465517241
2019-09-02,3612.5,3612.5,3562.5,3587.5,2334.0751953125,37622200,BMRI.JK,0.6506132948606271
2019-09-03,3587.5,3600.0,3412.5,3450.0,2244.61572265625,96998200,BMRI.JK,0.6506132529438405
2019-09-04,3487.5,3487.5,3425.0,3462.5,2252.748291015625,74434600,BMRI.JK,0.6506132248420577
2019-09-05,3500.0,3512.5,3462.5,3487.5,2269.013671875,78642800,BMRI.JK,0.6506132392473118
2019-09-06,3512.5,3575.0,3487.5,3525.0,2293.411865234375,88646000,BMRI.JK,0.6506132951019503
2019-09-09,3537.5,3537.5,3462.5,3487.5,2269.013671875,55841400,BMRI.JK,0.6506132392473118
2019-09-10,3450.0,3525.0,3450.0,3525.0,2293.411865234375,52070400,BMRI.JK,0.6506132951019503
2019-09-11,3500.0,3575.0,3475.0,3575.0,2325.942138671875,80777800,BMRI.JK,0.6506131856424825
2019-09-12,3625.0,3662.5,3550.0,3575.0,2325.942138671875,84564600,BMRI.JK,0.6506131856424825
2019-09-13,3612.5,3625.0,3562.5,3600.0,2342.207763671875,28700200,BMRI.JK,0.650613267686632
2019-09-16,3525.0,3550.0,3462.5,3500.0,2277.146484375,66615800,BMRI.JK,0.65061328125
2019-09-17,3462.5,3550.0,3462.5,3487.5,2269.013671875,70992200,BMRI.JK,0.6506132392473118
2019-09-18,3537.5,3600.0,3525.0,3600.0,2342.207763671875,53708400,BMRI.JK,0.650613267686632
2019-09-19,3587.5,3587.5,3537.5,3550.0,2309.677001953125,35941600,BMRI.JK,0.6506132399867958
2019-09-20,3550.0,3575.0,3487.5,3537.5,2301.54443359375,104743400,BMRI.JK,0.6506132674469964
2019-09-23,3525.0,3550.0,3475.0,3500.0,2277.146484375,49012600,BMRI.JK,0.65061328125
2019-09-24,3462.5,3487.5,3425.0,3475.0,2260.88134765625,52110000,BMRI.JK,0.650613337455036
2019-09-25,3487.5,3500.0,3437.5,3450.0,2244.61572265625,37565400,BMRI.JK,0.6506132529438405
2019-09-26,3500.0,3550.0,3475.0,3550.0,2309.677001953125,45471400,BMRI.JK,0.6506132399867958
2019-09-27,3500.0,3525.0,3475.0,3487.5,2269.013671875,44329400,BMRI.JK,0.6506132392473118
2019-09-30,3450.0,3487.5,3450.0,3487.5,2269.013671875,58294000,BMRI.JK,0.6506132392473118
2019-10-01,3450.0,3525.0,3450.0,3450.0,2244.61572265625,31243400,BMRI.JK,0.6506132529438405
2019-10-02,3437.5,3475.0,3250.0,3262.5,2122.625732421875,129586200,BMRI.JK,0.6506132513170498
2019-10-03,3262.5,3262.5,3137.5,3200.0,2081.962158203125,146789000,BMRI.JK,0.6506131744384765
2019-10-04,3225.0,3262.5,3162.5,3200.0,2081.962158203125,69121800,BMRI.JK,0.6506131744384765
2019-10-07,3237.5,3237.5,3162.5,3175.0,2065.697021484375,36656400,BMRI.JK,0.650613235113189
2019-10-08,3175.0,3250.0,3175.0,3250.0,2114.492919921875,104992000,BMRI.JK,0.6506132061298077
2019-10-09,3225.0,3237.5,3200.0,3212.5,2090.09521484375,55131400,BMRI.JK,0.6506132964494163
2019-10-10,3212.5,3300.0,3212.5,3262.5,2122.625732421875,120255400,BMRI.JK,0.6506132513170498
2019-10-11,3250.0,3325.0,3237.5,3275.0,2130.75830078125,96816400,BMRI.JK,0.6506132216125954
2019-10-14,3312.5,3337.5,3250.0,3300.0,2147.023681640625,65272800,BMRI.JK,0.6506132368607954
2019-10-15,3275.0,3300.0,3250.0,3287.5,2138.89111328125,94139600,BMRI.JK,0.6506132663973384
2019-10-16,3300.0,3325.0,3275.0,3312.5,2155.15625,118973800,BMRI.JK,0.6506132075471698
2019-10-17,3312.5,3350.0,3312.5,3350.0,2179.554443359375,150037800,BMRI.JK,0.6506132666744403
2019-10-18,3337.5,3437.5,3325.0,3387.5,2203.952392578125,117544400,BMRI.JK,0.6506132524215867
2019-10-21,3400.0,3412.5,3350.0,3400.0,2212.085205078125,83622800,BMRI.JK,0.6506132956112133
2019-10-22,3425.0,3425.0,3375.0,3412.5,2220.2177734375,62050200,BMRI.JK,0.650613266941392
2019-10-23,3412.5,3550.0,3375.0,3537.5,2301.54443359375,98440400,BMRI.JK,0.6506132674469964
2019-10-24,3562.5,3625.0,3537.5,3612.5,2350.340576171875,132797200,BMRI.JK,0.650613308282872
2019-10-25,3637.5,3637.5,3487.5,3500.0,2277.146484375,105735200,BMRI.JK,0.65061328125
2019-10-28,3500.0,3537.5,3462.5,3500.0,2277.146484375,46389600,BMRI.JK,0.65061328125
2019-10-29,3550.0,3575.0,3500.0,3550.0,2309.677001953125,91735400,BMRI.JK,0.6506132399867958
2019-10-30,3537.5,3537.5,3487.5,3512.5,2285.279052734375,47667200,BMRI.JK,0.6506132534475089
2019-10-31,3525.0,3525.0,3450.0,3512.5,2285.279052734375,78160000,BMRI.JK,0.6506132534475089
2019-11-01,3512.5,3512.5,3462.5,3487.5,2269.013671875,24366800,BMRI.JK,0.6506132392473118
2019-11-04,3500.0,3512.5,3437.5,3437.5,2236.48291015625,56584800,BMRI.JK,0.6506132102272727
2019-11-05,3475.0,3600.0,3462.5,3600.0,2342.207763671875,94253000,BMRI.JK,0.650613267686632
2019-11-06,3587.5,3600.0,3412.5,3487.5,2269.013671875,113175200,BMRI.JK,0.6506132392473118
2019-11-07,3512.5,3512.5,3387.5,3500.0,2277.146484375,78753600,BMRI.JK,0.65061328125
2019-11-08,3487.5,3575.0,3425.0,3550.0,2309.677001953125,76355000,BMRI.JK,0.6506132399867958
2019-11-11,3537.5,3550.0,3487.5,3525.0,2293.411865234375,45212000,BMRI.JK,0.6506132951019503
2019-11-12,3500.0,3550.0,3462.5,3512.5,2285.279052734375,52900800,BMRI.JK,0.6506132534475089
2019-11-13,3500.0,3500.0,3387.5,3437.5,2236.48291015625,75148400,BMRI.JK,0.6506132102272727
2019-11-14,3437.5,3450.0,3350.0,3437.5,2236.48291015625,66698600,BMRI.JK,0.6506132102272727
2019-11-15,3462.5,3512.5,3462.5,3475.0,2260.88134765625,47017200,BMRI.JK,0.650613337455036
2019-11-18,3475.0,3512.5,3437.5,3487.5,2269.013671875,61287000,BMRI.JK,0.6506132392473118
2019-11-19,3512.5,3575.0,3475.0,3575.0,2325.942138671875,67006200,BMRI.JK,0.6506131856424825
2019-11-20,3575.0,3600.0,3525.0,3550.0,2309.677001953125,46727600,BMRI.JK,0.6506132399867958
2019-11-21,3500.0,3600.0,3475.0,3587.5,2334.0751953125,60944600,BMRI.JK,0.6506132948606271
2019-11-22,3550.0,3587.5,3525.0,3537.5,2301.54443359375,40452800,BMRI.JK,0.6506132674469964
2019-11-25,3500.0,3525.0,3462.5,3487.5,2269.013671875,47676200,BMRI.JK,0.6506132392473118
2019-11-26,3500.0,3525.0,3450.0,3462.5,2252.748291015625,173533200,BMRI.JK,0.6506132248420577
2019-11-27,3412.5,3487.5,3400.0,3450.0,2244.61572265625,72928800,BMRI.JK,0.6506132529438405
2019-11-28,3425.0,3450.0,3387.5,3387.5,2203.952392578125,56275200,BMRI.JK,0.6506132524215867
2019-11-29,3387.5,3500.0,3387.5,3487.5,2269.013671875,53250600,BMRI.JK,0.6506132392473118
2019-12-02,3487.5,3575.0,3462.5,3550.0,2309.677001953125,74561000,BMRI.JK,0.6506132399867958
2019-12-03,3525.0,3587.5,3512.5,3587.5,2334.0751953125,79039000,BMRI.JK,0.6506132948606271
2019-12-04,3537.5,3575.0,3525.0,3537.5,2301.54443359375,65802200,BMRI.JK,0.6506132674469964
2019-12-05,3550.0,3600.0,3537.5,3587.5,2334.0751953125,74217800,BMRI.JK,0.6506132948606271
2019-12-06,3600.0,3612.5,3562.5,3587.5,2334.0751953125,53720600,BMRI.JK,0.6506132948606271
2019-12-09,3600.0,3650.0,3600.0,3625.0,2358.47265625,72098600,BMRI.JK,0.6506131465517241
2019-12-10,3600.0,3700.0,3600.0,3687.5,2399.13671875,132230000,BMRI.JK,0.6506133474576271
2019-12-11,3675.0,3700.0,3662.5,3675.0,2391.00390625,68454200,BMRI.JK,0.6506133078231292
2019-12-12,3662.5,3725.0,3637.5,3650.0,2374.738525390625,79738600,BMRI.JK,0.6506132946275685
2019-12-13,3700.0,3725.0,3675.0,3687.5,2399.13671875,127472400,BMRI.JK,0.6506133474576271
2019-12-16,3675.0,3712.5,3675.0,3675.0,2391.00390625,96037400,BMRI.JK,0.6506133078231292
2019-12-17,3675.0,3700.0,3662.5,3675.0,2391.00390625,100790000,BMRI.JK,0.6506133078231292
2019-12-18,3675.0,3775.0,3662.5,3762.5,2447.932373046875,123281600,BMRI.JK,0.6506132552948505
2019-12-19,3762.5,3800.0,3737.5,3800.0,2472.330322265625,112903200,BMRI.JK,0.6506132427014802
2019-12-20,3775.0,3850.0,3775.0,3850.0,2504.861328125,150472200,BMRI.JK,0.6506133319805195
2019-12-23,3900.0,3900.0,3837.5,3862.5,2512.99365234375,131246800,BMRI.JK,0.6506132433252427
2019-12-26,3887.5,3912.5,3875.0,3900.0,2537.391845703125,140936400,BMRI.JK,0.6506132937700321
2019-12-27,3912.5,3912.5,3862.5,3875.0,2521.126220703125,58182800,BMRI.JK,0.6506132182459677
2019-12-30,3862.5,3900.0,3825.0,3837.5,2496.728515625,78005800,BMRI.JK,0.6506132939739414
2020-01-02,3837.5,3887.5,3825.0,3875.0,2521.126220703125,37379800,BMRI.JK,0.6506132182459677
2020-01-03,3875.0,3912.5,3812.5,3862.5,2512.99365234375,70294600,BMRI.JK,0.6506132433252427
2020-01-06,3825.0,3837.5,3762.5,3800.0,2472.330322265625,61892000,BMRI.JK,0.6506132427014802
2020-01-07,3862.5,3862.5,3787.5,3800.0,2472.330322265625,70895600,BMRI.JK,0.6506132427014802
2020-01-08,3775.0,3775.0,3687.5,3750.0,2439.799560546875,105080600,BMRI.JK,0.6506132161458333
2020-01-09,3775.0,3862.5,3762.5,3850.0,2504.861328125,75587000,BMRI.JK,0.6506133319805195
2020-01-10,3850.0,3862.5,3825.0,3862.5,2512.99365234375,64231800,BMRI.JK,0.6506132433252427
2020-01-13,3862.5,3875.0,3825.0,3862.5,2512.99365234375,75399600,BMRI.JK,0.6506132433252427
2020-01-14,3900.0,3900.0,3850.0,3875.0,2521.126220703125,104134400,BMRI.JK,0.6506132182459677
2020-01-15,3875.0,3900.0,3800.0,3825.0,2488.595947265625,89795200,BMRI.JK,0.6506133195465686
2020-01-16,3800.0,3837.5,3762.5,3775.0,2456.065185546875,145432200,BMRI.JK,0.6506132941846027
2020-01-17,3787.5,3875.0,3762.5,3862.5,2512.99365234375,130500200,BMRI.JK,0.6506132433252427
2020-01-20,3900.0,3900.0,3800.0,3812.5,2480.462890625,24031800,BMRI.JK,0.6506132172131147
2020-01-21,3875.0,3875.0,3812.5,3850.0,2504.861328125,39166600,BMRI.JK,0.6506133319805195
2020-01-22,3875.0,3925.0,3862.5,3900.0,2537.391845703125,122175200,BMRI.JK,0.6506132937700321
2020-01-23,3900.0,3912.5,3850.0,3887.5,2529.259033203125,83127800,BMRI.JK,0.6506132561294212
2020-01-24,3912.5,4000.0,3862.5,3962.5,2578.054931640625,154702000,BMRI.JK,0.6506132319597792
2020-01-27,3975.0,3987.5,3850.0,3862.5,2512.99365234375,98280000,BMRI.JK,0.6506132433252427
2020-01-28,3825.0,3912.5,3800.0,3875.0,2521.126220703125,69349600,BMRI.JK,0.6506132182459677
2020-01-29,3912.5,3962.5,3887.5,3900.0,2537.391845703125,109661000,BMRI.JK,0.6506132937700321
2020-01-30,3900.0,3912.5,3800.0,3825.0,2488.595947265625,85395600,BMRI.JK,0.6506133195465686
2020-01-31,3837.5,3850.0,3725.0,3775.0,2456.065185546875,157661000,BMRI.JK,0.6506132941846027
2020-02-03,3700.0,3787.5,3675.0,3750.0,2439.799560546875,87271800,BMRI.JK,0.6506132161458333
2020-02-04,3800.0,3837.5,3750.0,3762.5,2447.932373046875,138857400,BMRI.JK,0.6506132552948505
2020-02-05,3800.0,3850.0,3775.0,3850.0,2504.861328125,130211200,BMRI.JK,0.6506133319805195
2020-02-06,3900.0,3925.0,3837.5,3850.0,2504.861328125,111029400,BMRI.JK,0.6506133319805195
2020-02-07,3837.5,3875.0,3837.5,3862.5,2512.99365234375,86438600,BMRI.JK,0.6506132433252427
2020-02-10,3850.0,3875.0,3800.0,3862.5,2512.99365234375,78553800,BMRI.JK,0.6506132433252427
2020-02-11,3862.5,3912.5,3837.5,3887.5,2529.259033203125,98520200,BMRI.JK,0.6506132561294212
2020-02-12,3912.5,3950.0,3887.5,3900.0,2537.391845703125,104678800,BMRI.JK,0.6506132937700321
2020-02-13,3912.5,3975.0,3900.0,3925.0,2553.656982421875,87904000,BMRI.JK,0.6506132439291401
2020-02-14,3875.0,3925.0,3875.0,3912.5,2545.5244140625,41345200,BMRI.JK,0.6506132687699681
2020-02-17,3925.0,3937.5,3900.0,3925.0,2553.656982421875,29816600,BMRI.JK,0.6506132439291401
2020-02-18,3900.0,3925.0,3900.0,3912.5,2545.5244140625,65442000,BMRI.JK,0.6506132687699681
2020-02-19,3925.0,3975.0,3900.0,3975.0,2586.1875,121614200,BMRI.JK,0.6506132075471698
2020-02-20,4012.5,4025.0,3962.5,4000.0,2602.453125,114537600,BMRI.JK,0.65061328125
2020-02-21,3975.0,4000.0,3912.5,3950.0,2569.922607421875,91798000,BMRI.JK,0.6506133183346519
2020-02-24,3900.0,3912.5,3825.0,3887.5,2529.259033203125,128768800,BMRI.JK,0.6506132561294212
2020-02-25,3887.5,3950.0,3850.0,3900.0,2537.391845703125,105951800,BMRI.JK,0.6506132937700321
2020-02-26,3875.0,3875.0,3825.0,3825.0,2488.595947265625,198171000,BMRI.JK,0.6506133195465686
2020-02-27,3825.0,3850.0,3625.0,3675.0,2391.00390625,223088600,BMRI.JK,0.6506133078231292
2020-02-28,3375.0,3637.5,3275.0,3637.5,2486.122802734375,188868200,BMRI.JK,0.6834701863187285
2020-03-02,3575.0,3625.0,3475.0,3475.0,2375.058837890625,101550200,BMRI.JK,0.6834701691771583
2020-03-03,3550.0,3675.0,3512.5,3600.0,2460.49267578125,96445200,BMRI.JK,0.6834701877170138
2020-03-04,3625.0,3750.0,3612.5,3737.5,2554.469970703125,92555400,BMRI.JK,0.6834702262750836
2020-03-05,3775.0,3825.0,3750.0,3800.0,2597.186767578125,104748600,BMRI.JK,0.6834702019942435
2020-03-06,3700.0,3700.0,3612.5,3625.0,2477.57958984375,72311200,BMRI.JK,0.6834702316810345
2020-03-09,3500.0,3500.0,3287.5,3287.5,2246.908447265625,113132400,BMRI.JK,0.6834702501188213
2020-03-10,3325.0,3500.0,3325.0,3437.5,2349.4287109375,114052000,BMRI.JK,0.6834701704545455
2020-03-11,3462.5,3525.0,3312.5,3412.5,2332.341796875,97168800,BMRI.JK,0.6834701236263736
2020-03-12,3237.5,3337.5,3112.5,3212.5,2195.648193359375,91578200,BMRI.JK,0.6834702547422179
2020-03-13,3100.0,3237.5,3000.0,3175.0,2170.01806640625,238623800,BMRI.JK,0.6834702571358268
2020-03-17,2962.5,2962.5,2762.5,2762.5,1888.08642578125,186380400,BMRI.JK,0.683470199377828
2020-03-18,2800.0,2825.0,2575.0,2575.0,1759.935791015625,215103400,BMRI.JK,0.6834702101031553
2020-03-19,2500.0,2500.0,2395.0,2395.0,1636.911376953125,167876200,BMRI.JK,0.6834703035294886
2020-03-20,2370.0,2370.0,2230.0,2230.0,1524.1385498046875,478236600,BMRI.JK,0.6834702017061379
2020-03-23,2175.0,2175.0,2075.0,2075.0,1418.20068359375,59985800,BMRI.JK,0.6834702089608434
2020-03-24,2075.0,2115.0,1930.0,1930.0,1319.097412109375,237296200,BMRI.JK,0.6834701617147021
2020-03-26,1900.0,2290.0,1890.0,2235.0,1527.555908203125,386557200,BMRI.JK,0.6834702050125839
2020-03-27,2255.0,2612.5,2250.0,2470.0,1688.17138671875,396812000,BMRI.JK,0.6834701970521255
2020-03-30,2420.0,2420.0,2300.0,2300.0,1571.9814453125,39766600,BMRI.JK,0.6834701936141304
2020-03-31,2325.0,2410.0,2225.0,2340.0,1599.3203125,208047600,BMRI.JK,0.683470219017094
2020-04-01,2325.0,2440.0,2220.0,2305.0,1575.39892578125,152367000,BMRI.JK,0.6834702497966377
2020-04-02,2285.0,2375.0,2180.0,2375.0,1623.2415771484375,132225200,BMRI.JK,0.6834701377467105
2020-04-03,2400.0,2512.5,2400.0,2512.5,1717.21875,105225600,BMRI.JK,0.6834701492537314
2020-04-06,2512.5,2612.5,2450.0,2600.0,1777.0225830078125,113980400,BMRI.JK,0.683470224233774
2020-04-07,2700.0,2800.0,2485.0,2562.5,1751.3922119140625,191464600,BMRI.JK,0.6834701314786585
2020-04-08,2587.5,2587.5,2385.0,2385.0,1630.0762939453125,155834800,BMRI.JK,0.683470144211871
2020-04-09,2400.0,2450.0,2305.0,2335.0,1595.903076171875,163570800,BMRI.JK,0.6834702681678265
2020-04-13,2340.0,2340.0,2235.0,2235.0,1527.555908203125,115331000,BMRI.JK,0.6834702050125839
2020-04-14,2240.0,2320.0,2200.0,2285.0,1561.7294921875,132848000,BMRI.JK,0.6834702372811816
2020-04-15,2320.0,2345.0,2200.0,2200.0,1503.6343994140625,124661000,BMRI.JK,0.6834701815518466
2020-04-16,2200.0,2200.0,2075.0,2105.0,1438.704833984375,215224000,BMRI.JK,0.6834702299213183
2020-04-17,2110.0,2210.0,2110.0,2190.0,1496.7996826171875,163407600,BMRI.JK,0.6834701747110445
2020-04-20,2225.0,2265.0,2135.0,2185.0,1493.3824462890625,120672000,BMRI.JK,0.6834702271345824
2020-04-21,2185.0,2205.0,2125.0,2175.0,1486.547607421875,92203200,BMRI.JK,0.6834701643318966
2020-04-22,2165.0,2250.0,2125.0,2245.0,1534.3907470703125,126786800,BMRI.JK,0.6834702659555958
2020-04-23,2245.0,2285.0,2240.0,2250.0,1537.8079833984375,115336400,BMRI.JK,0.68347021484375
2020-04-24,2250.0,2250.0,2140.0,2140.0,1462.626220703125,131631400,BMRI.JK,0.6834701965902453
2020-04-27,2155.0,2175.0,2045.0,2075.0,1418.20068359375,205382600,BMRI.JK,0.6834702089608434
2020-04-28,2095.0,2120.0,2035.0,2075.0,1418.20068359375,157370600,BMRI.JK,0.6834702089608434
2020-04-29,2100.0,2110.0,2000.0,2000.0,1366.9405517578125,192650200,BMRI.JK,0.6834702758789063
2020-04-30,2035.0,2240.0,2030.0,2230.0,1524.1385498046875,229509600,BMRI.JK,0.6834702017061379
2020-05-04,2230.0,2230.0,2120.0,2145.0,1466.0435791015625,80572600,BMRI.JK,0.6834702000473485
2020-05-05,2150.0,2200.0,2080.0,2110.0,1442.1220703125,185282400,BMRI.JK,0.6834701755035545
2020-05-06,2125.0,2130.0,2080.0,2080.0,1421.6180419921875,138733000,BMRI.JK,0.683470212496244
2020-05-08,2100.0,2155.0,2090.0,2100.0,1435.287353515625,127482200,BMRI.JK,0.6834701683407738
2020-05-11,2140.0,2140.0,2095.0,2115.0,1445.53955078125,83552200,BMRI.JK,0.6834702367760047
2020-05-12,2115.0,2115.0,2000.0,2005.0,1370.3577880859375,188578000,BMRI.JK,0.683470218496727
2020-05-13,1995.0,2025.0,1950.0,2005.0,1370.3577880859375,134821600,BMRI.JK,0.683470218496727
2020-05-14,1985.0,2005.0,1950.0,1975.0,1349.853515625,141388800,BMRI.JK,0.6834701344936709
2020-05-15,1975.0,1995.0,1840.0,1880.0,1284.923828125,227234200,BMRI.JK,0.6834701213430852
2020-05-18,1900.0,1900.0,1830.0,1860.0,1271.2547607421875,158710600,BMRI.JK,0.6834703014742943
2020-05-19,1880.0,2000.0,1880.0,1930.0,1319.097412109375,199655000,BMRI.JK,0.6834701617147021
2020-05-20,1925.0,2060.0,1915.0,2035.0,1390.86181640625,237644400,BMRI.JK,0.6834701800522113
2020-05-26,2065.0,2080.0,2030.0,2050.0,1401.1138916015625,180545000,BMRI.JK,0.6834701910251524
2020-05-27,2075.0,2100.0,2005.0,2055.0,1404.53125,124329600,BMRI.JK,0.6834701946472019
2020-05-28,2075.0,2170.0,2075.0,2145.0,1466.0435791015625,265460200,BMRI.JK,0.6834702000473485
2020-05-29,2145.0,2245.0,2125.0,2235.0,1527.555908203125,350546800,BMRI.JK,0.6834702050125839
2020-06-02,2275.0,2495.0,2265.0,2310.0,1578.8162841796875,207635400,BMRI.JK,0.6834702528916397
2020-06-03,2335.0,2475.0,2295.0,2430.0,1660.832763671875,296607800,BMRI.JK,0.683470273115998
2020-06-04,2450.0,2500.0,2360.0,2365.0,1616.406982421875,169836200,BMRI.JK,0.6834701828422305
2020-06-05,2365.0,2435.0,2300.0,2425.0,1657.4151611328125,185391000,BMRI.JK,0.6834701695393042
2020-06-08,2500.0,2662.5,2475.0,2625.0,1794.1092529296875,292605200,BMRI.JK,0.6834701915922619
2020-06-09,2650.0,2725.0,2575.0,2637.5,1802.65283203125,147413600,BMRI.JK,0.6834702680687204
2020-06-10,2600.0,2612.5,2455.0,2455.0,1677.9193115234375,289644200,BMRI.JK,0.6834701879932535
2020-06-11,2400.0,2435.0,2285.0,2345.0,1602.737548828125,364783800,BMRI.JK,0.6834701700759594
2020-06-12,2295.0,2450.0,2215.0,2445.0,1671.084716796875,289959400,BMRI.JK,0.6834702318187628
2020-06-15,2425.0,2455.0,2345.0,2360.0,1612.98974609375,169814600,BMRI.JK,0.6834702313956568
2020-06-16,2410.0,2525.0,2410.0,2512.5,1717.21875,146116600,BMRI.JK,0.6834701492537314
2020-06-17,2550.0,2600.0,2445.0,2450.0,1674.502197265625,213944600,BMRI.JK,0.6834702845982142
2020-06-18,2420.0,2485.0,2390.0,2410.0,1647.1632080078125,152175200,BMRI.JK,0.6834702107916234
2020-06-19,2440.0,2475.0,2410.0,2440.0,1667.6673583984375,126356800,BMRI.JK,0.6834702288518186
2020-06-22,2440.0,2455.0,2400.0,2405.0,1643.7457275390625,66825000,BMRI.JK,0.6834701569808992
2020-06-23,2425.0,2425.0,2345.0,2395.0,1636.911376953125,95010400,BMRI.JK,0.6834703035294886
2020-06-24,2445.0,2600.0,2445.0,2575.0,1759.935791015625,278417000,BMRI.JK,0.6834702101031553
2020-06-25,2537.5,2600.0,2470.0,2512.5,1717.21875,146123000,BMRI.JK,0.6834701492537314
2020-06-26,2562.5,2575.0,2490.0,2500.0,1708.6754150390625,85829000,BMRI.JK,0.683470166015625
2020-06-29,2490.0,2500.0,2435.0,2470.0,1688.17138671875,99123000,BMRI.JK,0.6834701970521255
2020-06-30,2512.5,2525.0,2475.0,2475.0,1691.5888671875,113994400,BMRI.JK,0.6834702493686868
2020-07-01,2500.0,2512.5,2455.0,2495.0,1705.258056640625,67747600,BMRI.JK,0.6834701629822144
2020-07-02,2490.0,2512.5,2480.0,2500.0,1708.6754150390625,80606600,BMRI.JK,0.683470166015625
2020-07-03,2480.0,2537.5,2450.0,2500.0,1708.6754150390625,57839800,BMRI.JK,0.683470166015625
2020-07-06,2500.0,2575.0,2500.0,2537.5,1734.3056640625,90019000,BMRI.JK,0.6834702124384237
2020-07-07,2562.5,2575.0,2525.0,2525.0,1725.76220703125,80447600,BMRI.JK,0.6834701810024753
2020-07-08,2525.0,2675.0,2512.5,2637.5,1802.65283203125,149466800,BMRI.JK,0.6834702680687204
2020-07-09,2675.0,2700.0,2600.0,2625.0,1794.1092529296875,98277200,BMRI.JK,0.6834701915922619
2020-07-10,2625.0,2637.5,2562.5,2587.5,1768.4791259765625,77850000,BMRI.JK,0.6834701936141304
2020-07-13,2625.0,2662.5,2612.5,2625.0,1794.1092529296875,72688200,BMRI.JK,0.6834701915922619
2020-07-14,2650.0,2662.5,2600.0,2650.0,1811.19580078125,78259800,BMRI.JK,0.6834701135023585
2020-07-15,2675.0,2712.5,2625.0,2637.5,1802.65283203125,60755400,BMRI.JK,0.6834702680687204
2020-07-16,2637.5,2675.0,2625.0,2637.5,1802.65283203125,43859400,BMRI.JK,0.6834702680687204
2020-07-17,2637.5,2650.0,2587.5,2587.5,1768.4791259765625,60177000,BMRI.JK,0.6834701936141304
2020-07-20,2587.5,2612.5,2525.0,2550.0,1742.8489990234375,52111600,BMRI.JK,0.6834701956954656
2020-07-21,2575.0,2725.0,2537.5,2650.0,1811.19580078125,145051400,BMRI.JK,0.6834701135023585
2020-07-22,2687.5,2762.5,2650.0,2712.5,1853.9129638671875,119245000,BMRI.JK,0.683470217093894
2020-07-23,2737.5,2887.5,2712.5,2850.0,1947.8900146484373,145829600,BMRI.JK,0.683470180578399
2020-07-24,2850.0,2850.0,2775.0,2800.0,1913.7164306640625,66603400,BMRI.JK,0.6834701538085938
2020-07-27,2812.5,2937.5,2775.0,2937.5,2007.69384765625,58848200,BMRI.JK,0.6834702460106383
2020-07-28,2950.0,3000.0,2887.5,2925.0,1999.1502685546875,74524600,BMRI.JK,0.6834701772836539
2020-07-29,2925.0,2925.0,2837.5,2850.0,1947.8900146484373,69737200,BMRI.JK,0.683470180578399
2020-07-30,2862.5,2900.0,2812.5,2900.0,1982.0634765625,52644600,BMRI.JK,0.6834701643318966
2020-08-03,2925.0,2937.5,2725.0,2750.0,1879.543212890625,259720800,BMRI.JK,0.6834702592329546
2020-08-04,2762.5,2800.0,2725.0,2787.5,1905.1732177734373,89173800,BMRI.JK,0.6834702126541479
2020-08-05,2775.0,2850.0,2725.0,2850.0,1947.8900146484373,133844600,BMRI.JK,0.683470180578399
2020-08-06,2850.0,2937.5,2850.0,2887.5,1973.5203857421875,90911200,BMRI.JK,0.6834702634604979
2020-08-07,2850.0,2900.0,2812.5,2900.0,1982.0634765625,57228800,BMRI.JK,0.6834701643318966
2020-08-10,2900.0,2912.5,2825.0,2900.0,1982.0634765625,50162400,BMRI.JK,0.6834701643318966
2020-08-11,2912.5,3050.0,2900.0,2987.5,2041.866943359375,117978200,BMRI.JK,0.6834701065638076
2020-08-12,3000.0,3137.5,2975.0,3075.0,2101.670654296875,92910400,BMRI.JK,0.6834701314786585
2020-08-13,3125.0,3125.0,3025.0,3025.0,2067.49755859375,85989200,BMRI.JK,0.683470267303719
2020-08-14,3037.5,3050.0,2975.0,3012.5,2058.953857421875,66653400,BMRI.JK,0.6834701601400415
2020-08-18,3012.5,3112.5,3012.5,3075.0,2101.670654296875,115981200,BMRI.JK,0.6834701314786585
2020-08-19,3087.5,3125.0,3037.5,3050.0,2084.584228515625,64511800,BMRI.JK,0.683470238857582
2020-08-24,3025.0,3087.5,2962.5,3000.0,2050.41064453125,132486400,BMRI.JK,0.68347021484375
2020-08-25,3025.0,3137.5,3025.0,3125.0,2135.84423828125,132365800,BMRI.JK,0.68347015625
2020-08-26,3125.0,3175.0,3087.5,3175.0,2170.01806640625,78703400,BMRI.JK,0.6834702571358268
2020-08-27,3175.0,3175.0,3100.0,3150.0,2152.930908203125,93450200,BMRI.JK,0.6834701295882937
2020-08-28,3137.5,3175.0,3100.0,3112.5,2127.30078125,75655000,BMRI.JK,0.6834701305220884
2020-08-31,3112.5,3150.0,2950.0,2975.0,2033.323974609375,222818800,BMRI.JK,0.6834702435661765
2020-09-01,2987.5,3062.5,2937.5,3062.5,2093.127685546875,85330800,BMRI.JK,0.6834702646683674
2020-09-02,3062.5,3100.0,3025.0,3037.5,2076.04052734375,93203600,BMRI.JK,0.6834701324588477
2020-09-03,3037.5,3075.0,2975.0,2987.5,2041.866943359375,129014800,BMRI.JK,0.6834701065638076
2020-09-04,2975.0,2987.5,2925.0,2962.5,2024.7803955078125,106844400,BMRI.JK,0.6834701756988396
2020-09-07,2962.5,2975.0,2887.5,2925.0,1999.1502685546875,100673600,BMRI.JK,0.6834701772836539
2020-09-08,2950.0,3000.0,2937.5,2987.5,2041.866943359375,60346000,BMRI.JK,0.6834701065638076
2020-09-09,2950.0,2950.0,2875.0,2887.5,1973.5203857421875,98282200,BMRI.JK,0.6834702634604979
2020-09-10,2762.5,2762.5,2687.5,2687.5,1836.8260498046875,172775200,BMRI.JK,0.6834701580668605
2020-09-11,2525.0,2762.5,2525.0,2737.5,1870.9996337890625,271155800,BMRI.JK,0.6834701858590183
2020-09-14,2737.5,2887.5,2737.5,2875.0,1964.976806640625,143569800,BMRI.JK,0.6834701936141304
2020-09-15,2875.0,2912.5,2800.0,2837.5,1939.3468017578125,128927400,BMRI.JK,0.6834702385049559
2020-09-16,2875.0,2875.0,2812.5,2825.0,1930.8033447265625,57936000,BMRI.JK,0.683470210522677
2020-09-17,2800.0,2875.0,2762.5,2787.5,1905.1732177734373,76432000,BMRI.JK,0.6834702126541479
2020-09-18,2787.5,2837.5,2750.0,2787.5,1905.1732177734373,91596600,BMRI.JK,0.6834702126541479
2020-09-21,2787.5,2812.5,2700.0,2737.5,1870.9996337890625,52930000,BMRI.JK,0.6834701858590183
2020-09-22,2650.0,2712.5,2637.5,2650.0,1811.19580078125,113596600,BMRI.JK,0.6834701135023585
2020-09-23,2650.0,2687.5,2562.5,2600.0,1777.0225830078125,84710800,BMRI.JK,0.683470224233774
2020-09-24,2525.0,2575.0,2500.0,2537.5,1734.3056640625,121965000,BMRI.JK,0.6834702124384237
2020-09-25,2600.0,2675.0,2537.5,2675.0,1828.2825927734373,140455600,BMRI.JK,0.6834701281396027
2020-09-28,2700.0,2712.5,2575.0,2575.0,1759.935791015625,99702600,BMRI.JK,0.6834702101031553
2020-09-29,2600.0,2625.0,2512.5,2537.5,1734.3056640625,111325600,BMRI.JK,0.6834702124384237
2020-09-30,2550.0,2575.0,2430.0,2480.0,1695.006103515625,151529800,BMRI.JK,0.683470203030494
2020-10-01,2500.0,2600.0,2490.0,2600.0,1777.0225830078125,78954200,BMRI.JK,0.683470224233774
2020-10-02,2587.5,2612.5,2500.0,2600.0,1777.0225830078125,99143400,BMRI.JK,0.683470224233774
2020-10-05,2625.0,2687.5,2587.5,2675.0,1828.2825927734373,74300800,BMRI.JK,0.6834701281396027
2020-10-06,2750.0,2775.0,2725.0,2750.0,1879.543212890625,89104400,BMRI.JK,0.6834702592329546
2020-10-07,2700.0,2775.0,2687.5,2775.0,1896.6298828125,88748600,BMRI.JK,0.6834702280405406
2020-10-08,2775.0,2787.5,2712.5,2725.0,1862.4564208984373,88763400,BMRI.JK,0.6834702462012614
2020-10-09,2725.0,2787.5,2725.0,2775.0,1896.6298828125,90248600,BMRI.JK,0.6834702280405406
2020-10-12,2787.5,2825.0,2775.0,2812.5,1922.259765625,77947000,BMRI.JK,0.6834701388888889
2020-10-13,2812.5,2837.5,2762.5,2837.5,1939.3468017578125,69863400,BMRI.JK,0.6834702385049559
2020-10-14,2862.5,2887.5,2812.5,2887.5,1973.5203857421875,109787200,BMRI.JK,0.6834702634604979
2020-10-15,2850.0,2875.0,2800.0,2800.0,1913.7164306640625,77289200,BMRI.JK,0.6834701538085938
2020-10-16,2800.0,2825.0,2725.0,2787.5,1905.1732177734373,67817800,BMRI.JK,0.6834702126541479
2020-10-19,2800.0,2862.5,2787.5,2850.0,1947.8900146484373,58936200,BMRI.JK,0.683470180578399
2020-10-20,2862.5,2875.0,2800.0,2825.0,1930.8033447265625,77213200,BMRI.JK,0.683470210522677
2020-10-21,2837.5,2862.5,2737.5,2762.5,1888.08642578125,113901800,BMRI.JK,0.683470199377828
2020-10-22,2750.0,2775.0,2700.0,2725.0,1862.4564208984373,138701400,BMRI.JK,0.6834702462012614
2020-10-23,2762.5,2787.5,2737.5,2775.0,1896.6298828125,65900200,BMRI.JK,0.6834702280405406
2020-10-26,2812.5,2925.0,2812.5,2887.5,1973.5203857421875,188574400,BMRI.JK,0.6834702634604979
2020-10-27,2875.0,2925.0,2850.0,2887.5,1973.5203857421875,112695800,BMRI.JK,0.6834702634604979
2020-11-02,2837.5,3012.5,2800.0,2987.5,2041.866943359375,216862800,BMRI.JK,0.6834701065638076
2020-11-03,2987.5,3000.0,2950.0,3000.0,2050.41064453125,75963400,BMRI.JK,0.68347021484375
2020-11-04,2975.0,3012.5,2850.0,2850.0,1947.8900146484373,152817400,BMRI.JK,0.683470180578399
2020-11-05,2937.5,3000.0,2912.5,2987.5,2041.866943359375,175877400,BMRI.JK,0.6834701065638076
2020-11-06,2987.5,3050.0,2962.5,3025.0,2067.49755859375,164219000,BMRI.JK,0.683470267303719
2020-11-09,3125.0,3150.0,3025.0,3075.0,2101.670654296875,122653200,BMRI.JK,0.6834701314786585
2020-11-10,3200.0,3262.5,3150.0,3187.5,2178.561279296875,249588800,BMRI.JK,0.6834702052696079
2020-11-11,3212.5,3250.0,3175.0,3187.5,2178.561279296875,166490200,BMRI.JK,0.6834702052696079
2020-11-12,3187.5,3200.0,3050.0,3087.5,2110.214599609375,136150600,BMRI.JK,0.6834703156629555
2020-11-13,3050.0,3125.0,3037.5,3125.0,2135.84423828125,122043800,BMRI.JK,0.68347015625
2020-11-16,3150.0,3225.0,3075.0,3100.0,2118.7578125,133917600,BMRI.JK,0.6834702620967742
2020-11-17,3137.5,3187.5,3100.0,3125.0,2135.84423828125,106261600,BMRI.JK,0.68347015625
2020-11-18,3075.0,3175.0,3075.0,3175.0,2170.01806640625,124936000,BMRI.JK,0.6834702571358268
2020-11-19,3125.0,3175.0,3100.0,3162.5,2161.474609375,94808200,BMRI.JK,0.6834702322134387
2020-11-20,3137.5,3175.0,3125.0,3150.0,2152.930908203125,100573600,BMRI.JK,0.6834701295882937
2020-11-23,3150.0,3212.5,3137.5,3200.0,2187.1044921875,106905400,BMRI.JK,0.6834701538085938
2020-11-24,3225.0,3250.0,3187.5,3212.5,2195.648193359375,140929200,BMRI.JK,0.6834702547422179
2020-11-25,3250.0,3325.0,3250.0,3262.5,2229.821533203125,197704000,BMRI.JK,0.6834702017480843
2020-11-26,3300.0,3362.5,3275.0,3362.5,2298.16845703125,132275400,BMRI.JK,0.6834701730947955
2020-11-27,3387.5,3400.0,3312.5,3325.0,2272.538330078125,124346800,BMRI.JK,0.6834701744595865
2020-11-30,3275.0,3312.5,3112.5,3162.5,2161.474609375,307900800,BMRI.JK,0.6834702322134387
2020-12-01,3162.5,3312.5,3162.5,3262.5,2229.821533203125,176568000,BMRI.JK,0.6834702017480843
2020-12-02,3262.5,3325.0,3237.5,3325.0,2272.538330078125,114721600,BMRI.JK,0.6834701744595865
2020-12-03,3325.0,3337.5,3262.5,3287.5,2246.908447265625,155342400,BMRI.JK,0.6834702501188213
2020-12-04,3250.0,3300.0,3212.5,3300.0,2255.45166015625,74976000,BMRI.JK,0.6834702000473485
2020-12-07,3337.5,3375.0,3312.5,3350.0,2289.625244140625,133585800,BMRI.JK,0.6834702221315299
2020-12-08,3337.5,3362.5,3300.0,3337.5,2281.081787109375,70350400,BMRI.JK,0.6834701983848315
2020-12-10,3387.5,3425.0,3362.5,3400.0,2323.798583984375,187847000,BMRI.JK,0.6834701717601103
2020-12-11,3425.0,3437.5,3350.0,3387.5,2315.25537109375,94541800,BMRI.JK,0.6834702202490774
2020-12-14,3362.5,3400.0,3337.5,3362.5,2298.16845703125,94645200,BMRI.JK,0.6834701730947955
2020-12-15,3350.0,3362.5,3300.0,3350.0,2289.625244140625,135663800,BMRI.JK,0.6834702221315299
2020-12-16,3400.0,3412.5,3362.5,3387.5,2315.25537109375,97361800,BMRI.JK,0.6834702202490774
2020-12-17,3387.5,3437.5,3387.5,3437.5,2349.4287109375,109966000,BMRI.JK,0.6834701704545455
2020-12-18,3400.0,3412.5,3350.0,3350.0,2289.625244140625,142797800,BMRI.JK,0.6834702221315299
2020-12-21,3387.5,3400.0,3337.5,3350.0,2289.625244140625,83174600,BMRI.JK,0.6834702221315299
2020-12-22,3287.5,3312.5,3175.0,3200.0,2187.1044921875,165929800,BMRI.JK,0.6834701538085938
2020-12-23,3250.0,3300.0,3100.0,3175.0,2170.01806640625,110032400,BMRI.JK,0.6834702571358268
2020-12-28,3250.0,3287.5,3150.0,3262.5,2229.821533203125,75527000,BMRI.JK,0.6834702017480843
2020-12-29,3287.5,3300.0,3200.0,3212.5,2195.648193359375,57422600,BMRI.JK,0.6834702547422179
2020-12-30,3262.5,3262.5,3162.5,3162.5,2161.474609375,88941400,BMRI.JK,0.6834702322134387
2021-01-04,3175.0,3262.5,3112.5,3250.0,2221.2783203125,61058000,BMRI.JK,0.6834702524038462
2021-01-05,3275.0,3275.0,3200.0,3212.5,2195.648193359375,69928200,BMRI.JK,0.6834702547422179
2021-01-06,3212.5,3262.5,3137.5,3212.5,2195.648193359375,87109000,BMRI.JK,0.6834702547422179
2021-01-07,3225.0,3262.5,3212.5,3237.5,2212.734619140625,80114200,BMRI.JK,0.6834701526303089
2021-01-08,3237.5,3287.5,3225.0,3275.0,2238.364990234375,93635600,BMRI.JK,0.6834702260257633
2021-01-11,3287.5,3425.0,3275.0,3425.0,2340.885498046875,212763000,BMRI.JK,0.6834702184078467
2021-01-12,3450.0,3500.0,3412.5,3475.0,2375.058837890625,168626000,BMRI.JK,0.6834701691771583
2021-01-13,3525.0,3537.5,3462.5,3462.5,2366.515625,107392200,BMRI.JK,0.6834702166064982
2021-01-14,3525.0,3525.0,3412.5,3425.0,2340.885498046875,70295000,BMRI.JK,0.6834702184078467
2021-01-15,3437.5,3462.5,3312.5,3362.5,2298.16845703125,77235600,BMRI.JK,0.6834701730947955
2021-01-18,3300.0,3475.0,3300.0,3462.5,2366.515625,119006800,BMRI.JK,0.6834702166064982
2021-01-19,3500.0,3512.5,3425.0,3487.5,2383.6025390625,77834600,BMRI.JK,0.6834702620967742
2021-01-20,3500.0,3725.0,3500.0,3687.5,2520.29638671875,220934600,BMRI.JK,0.6834702065677966
2021-01-21,3687.5,3687.5,3600.0,3625.0,2477.57958984375,82052000,BMRI.JK,0.6834702316810345
2021-01-22,3637.5,3675.0,3562.5,3600.0,2460.49267578125,117367200,BMRI.JK,0.6834701877170138
2021-01-25,3625.0,3650.0,3512.5,3650.0,2494.66650390625,100647600,BMRI.JK,0.6834702750428082
2021-01-26,3650.0,3725.0,3625.0,3687.5,2520.29638671875,206712400,BMRI.JK,0.6834702065677966
2021-01-27,3700.0,3700.0,3587.5,3650.0,2494.66650390625,171581400,BMRI.JK,0.6834702750428082
2021-01-28,3575.0,3625.0,3450.0,3525.0,2409.232666015625,135745000,BMRI.JK,0.6834702598625887
2021-01-29,3550.0,3612.5,3287.5,3287.5,2246.908447265625,334227600,BMRI.JK,0.6834702501188213
2021-02-01,3325.0,3362.5,3100.0,3350.0,2289.625244140625,242540200,BMRI.JK,0.6834702221315299
2021-02-02,3400.0,3400.0,3200.0,3237.5,2212.734619140625,160482800,BMRI.JK,0.6834701526303089
2021-02-03,3300.0,3325.0,3225.0,3250.0,2221.2783203125,167044600,BMRI.JK,0.6834702524038462
2021-02-04,3287.5,3337.5,3225.0,3287.5,2246.908447265625,139040400,BMRI.JK,0.6834702501188213
2021-02-05,3350.0,3350.0,3225.0,3275.0,2238.364990234375,97199600,BMRI.JK,0.6834702260257633
2021-02-08,3300.0,3337.5,3275.0,3287.5,2246.908447265625,125050800,BMRI.JK,0.6834702501188213
2021-02-09,3300.0,3350.0,3225.0,3250.0,2221.2783203125,208380400,BMRI.JK,0.6834702524038462
2021-02-10,3287.5,3287.5,3237.5,3250.0,2221.2783203125,102693600,BMRI.JK,0.6834702524038462
2021-02-11,3275.0,3275.0,3250.0,3250.0,2221.2783203125,35879400,BMRI.JK,0.6834702524038462
2021-02-15,3275.0,3287.5,3250.0,3250.0,2221.2783203125,48995200,BMRI.JK,0.6834702524038462
2021-02-16,3250.0,3275.0,3225.0,3237.5,2212.734619140625,63202000,BMRI.JK,0.6834701526303089
2021-02-17,3225.0,3237.5,3150.0,3175.0,2170.01806640625,117413600,BMRI.JK,0.6834702571358268
2021-02-18,3125.0,3200.0,3112.5,3125.0,2135.84423828125,113989000,BMRI.JK,0.68347015625
2021-02-19,3125.0,3200.0,3100.0,3187.5,2178.561279296875,102020400,BMRI.JK,0.6834702052696079
2021-02-22,3225.0,3250.0,3187.5,3187.5,2178.561279296875,107680600,BMRI.JK,0.6834702052696079
2021-02-23,3150.0,3187.5,3150.0,3162.5,2161.474609375,89107800,BMRI.JK,0.6834702322134387
2021-02-24,3175.0,3200.0,3162.5,3187.5,2178.561279296875,82498600,BMRI.JK,0.6834702052696079
2021-02-25,3212.5,3237.5,3137.5,3137.5,2144.387939453125,133614800,BMRI.JK,0.6834702595866534
2021-02-26,3087.5,3162.5,3050.0,3075.0,2101.670654296875,246190600,BMRI.JK,0.6834701314786585
2021-03-01,3112.5,3300.0,3112.5,3287.5,2246.908447265625,220785400,BMRI.JK,0.6834702501188213
2021-03-02,3325.0,3325.0,3250.0,3300.0,2255.45166015625,163296600,BMRI.JK,0.6834702000473485
2021-03-03,3337.5,3337.5,3262.5,3300.0,2255.45166015625,78532200,BMRI.JK,0.6834702000473485
2021-03-04,3312.5,3325.0,3262.5,3275.0,2238.364990234375,120612600,BMRI.JK,0.6834702260257633
2021-03-05,3262.5,3287.5,3225.0,3237.5,2212.734619140625,87239000,BMRI.JK,0.6834701526303089
2021-03-08,3275.0,3287.5,3187.5,3212.5,2195.648193359375,54098000,BMRI.JK,0.6834702547422179
2021-03-09,3187.5,3262.5,3187.5,3212.5,2195.648193359375,111838800,BMRI.JK,0.6834702547422179
2021-03-10,3250.0,3250.0,3225.0,3250.0,2221.2783203125,51903000,BMRI.JK,0.6834702524038462
2021-03-12,3275.0,3375.0,3275.0,3362.5,2298.16845703125,159202400,BMRI.JK,0.6834701730947955
2021-03-15,3387.5,3387.5,3312.5,3325.0,2272.538330078125,79922400,BMRI.JK,0.6834701744595865
2021-03-16,3325.0,3362.5,3250.0,3275.0,2238.364990234375,112248400,BMRI.JK,0.6834702260257633
2021-03-17,3300.0,3325.0,3262.5,3262.5,2229.821533203125,50841200,BMRI.JK,0.6834702017480843
2021-03-18,3312.5,3425.0,3312.5,3400.0,2323.798583984375,152427600,BMRI.JK,0.6834701717601103
2021-03-19,3400.0,3400.0,3350.0,3387.5,2315.25537109375,150713800,BMRI.JK,0.6834702202490774
2021-03-22,3375.0,3412.5,3312.5,3312.5,2263.9951171875,115979200,BMRI.JK,0.6834702240566037
2021-03-23,3375.0,3375.0,3312.5,3337.5,2281.081787109375,97289600,BMRI.JK,0.6834701983848315
2021-03-24,3250.0,3262.5,3200.0,3212.5,2270.576171875,115254200,BMRI.JK,0.7067941391050584
2021-03-25,3225.0,3237.5,3162.5,3200.0,2261.740966796875,71666600,BMRI.JK,0.7067940521240235
2021-03-26,3225.0,3237.5,3175.0,3212.5,2270.576171875,84478000,BMRI.JK,0.7067941391050584
2021-03-29,3200.0,3250.0,3187.5,3187.5,2252.906005859375,79520400,BMRI.JK,0.7067940410539215
2021-03-30,3200.0,3212.5,3137.5,3162.5,2235.236328125,41180600,BMRI.JK,0.7067940958498024
2021-03-31,3125.0,3162.5,3062.5,3075.0,2173.3916015625,159155800,BMRI.JK,0.7067940167682927
2021-04-01,3125.0,3162.5,3075.0,3100.0,2191.0615234375,77715200,BMRI.JK,0.7067940398185484
2021-04-05,3150.0,3150.0,3100.0,3112.5,2199.896484375,39468400,BMRI.JK,0.7067940512048193
2021-04-06,3112.5,3150.0,3075.0,3137.5,2217.566162109375,29650600,BMRI.JK,0.7067939958914342
2021-04-07,3150.0,3162.5,3125.0,3162.5,2235.236328125,46420200,BMRI.JK,0.7067940958498024
2021-04-08,3125.0,3187.5,3100.0,3137.5,2217.566162109375,88449600,BMRI.JK,0.7067939958914342
2021-04-09,3187.5,3275.0,3162.5,3237.5,2288.245849609375,126420200,BMRI.JK,0.7067940848214286
2021-04-12,3212.5,3250.0,3137.5,3150.0,2226.401123046875,48429000,BMRI.JK,0.7067940073164682
2021-04-13,3100.0,3175.0,3100.0,3150.0,2226.401123046875,76327000,BMRI.JK,0.7067940073164682
2021-04-14,3175.0,3200.0,3125.0,3162.5,2235.236328125,80914000,BMRI.JK,0.7067940958498024
2021-04-15,3200.0,3200.0,3112.5,3150.0,2226.401123046875,68337400,BMRI.JK,0.7067940073164682
2021-04-16,3175.0,3175.0,3125.0,3150.0,2226.401123046875,63194400,BMRI.JK,0.7067940073164682
2021-04-19,3125.0,3137.5,3100.0,3112.5,2199.896484375,43598600,BMRI.JK,0.7067940512048193
2021-04-20,3100.0,3125.0,3087.5,3100.0,2191.0615234375,63882600,BMRI.JK,0.7067940398185484
2021-04-21,3075.0,3087.5,3062.5,3062.5,2164.556884765625,65425600,BMRI.JK,0.7067940848214286
2021-04-22,3087.5,3112.5,3050.0,3062.5,2164.556884765625,71452000,BMRI.JK,0.7067940848214286
2021-04-23,3025.0,3075.0,3012.5,3075.0,2173.3916015625,104928400,BMRI.JK,0.7067940167682927
2021-04-26,3050.0,3062.5,2975.0,2987.5,2111.54736328125,115305000,BMRI.JK,0.7067940964958159
2021-04-27,2987.5,3037.5,2975.0,3025.0,2138.05224609375,96850800,BMRI.JK,0.7067941309400827
2021-04-28,3050.0,3137.5,3050.0,3100.0,2191.0615234375,161162600,BMRI.JK,0.7067940398185484
2021-04-29,3112.5,3137.5,3075.0,3112.5,2199.896484375,82870600,BMRI.JK,0.7067940512048193
2021-04-30,3112.5,3125.0,3062.5,3087.5,2182.226806640625,69941600,BMRI.JK,0.7067941074139676
2021-05-03,3050.0,3075.0,3000.0,3025.0,2138.05224609375,65334000,BMRI.JK,0.7067941309400827
2021-05-04,3025.0,3050.0,2987.5,3050.0,2155.721923828125,56355200,BMRI.JK,0.7067940733862705
2021-05-05,3075.0,3075.0,3025.0,3025.0,2138.05224609375,45851800,BMRI.JK,0.7067941309400827
2021-05-06,3062.5,3062.5,3012.5,3037.5,2146.886962890625,37091000,BMRI.JK,0.7067940618569959
2021-05-07,3062.5,3062.5,2975.0,2975.0,2102.71240234375,65331800,BMRI.JK,0.7067940848214286
2021-05-10,3012.5,3012.5,2975.0,2987.5,2111.54736328125,35481400,BMRI.JK,0.7067940964958159
2021-05-11,3000.0,3000.0,2925.0,2950.0,2085.042724609375,69381800,BMRI.JK,0.7067941439353813
2021-05-17,2987.5,3000.0,2937.5,2962.5,2093.877197265625,95099800,BMRI.JK,0.7067939906381856
2021-05-18,2987.5,3000.0,2912.5,2950.0,2085.042724609375,73965200,BMRI.JK,0.7067941439353813
2021-05-19,2900.0,2925.0,2812.5,2837.5,2005.5283203125,98436000,BMRI.JK,0.7067941216960353
2021-05-20,2825.0,2875.0,2800.0,2825.0,1996.6932373046875,69610000,BMRI.JK,0.7067940663025443
2021-05-21,2862.5,2950.0,2837.5,2912.5,2058.537841796875,140453000,BMRI.JK,0.7067941087714592
2021-05-24,2937.5,2937.5,2875.0,2875.0,2032.032958984375,54897600,BMRI.JK,0.7067940726902174
2021-05-25,2887.5,2975.0,2887.5,2950.0,2085.042724609375,90594400,BMRI.JK,0.7067941439353813
2021-05-27,3000.0,3000.0,2875.0,2875.0,2032.032958984375,353889800,BMRI.JK,0.7067940726902174
2021-05-28,2912.5,2950.0,2887.5,2900.0,2049.702880859375,78305800,BMRI.JK,0.7067940968480604
2021-05-31,2937.5,3050.0,2912.5,3000.0,2120.382080078125,96660000,BMRI.JK,0.7067940266927083
2021-06-02,3075.0,3100.0,3037.5,3050.0,2155.721923828125,157335600,BMRI.JK,0.7067940733862705
2021-06-03,3087.5,3137.5,3062.5,3125.0,2208.7314453125,86426400,BMRI.JK,0.7067940625
2021-06-04,3125.0,3162.5,3062.5,3062.5,2164.556884765625,76307800,BMRI.JK,0.7067940848214286
2021-06-07,3100.0,3100.0,3037.5,3062.5,2164.556884765625,42514400,BMRI.JK,0.7067940848214286
2021-06-08,3075.0,3075.0,3000.0,3000.0,2120.382080078125,57084000,BMRI.JK,0.7067940266927083
2021-06-09,3037.5,3087.5,3000.0,3075.0,2173.3916015625,47078600,BMRI.JK,0.7067940167682927
2021-06-10,3087.5,3125.0,3062.5,3100.0,2191.0615234375,43543600,BMRI.JK,0.7067940398185484
2021-06-11,3137.5,3150.0,3112.5,3137.5,2217.566162109375,77757800,BMRI.JK,0.7067939958914342
2021-06-14,3150.0,3150.0,3112.5,3137.5,2217.566162109375,50043400,BMRI.JK,0.7067939958914342
2021-06-15,3150.0,3162.5,3112.5,3162.5,2235.236328125,107187800,BMRI.JK,0.7067940958498024
2021-06-16,3162.5,3175.0,3100.0,3137.5,2217.566162109375,90051600,BMRI.JK,0.7067939958914342
2021-06-17,3125.0,3137.5,3100.0,3100.0,2191.0615234375,146517200,BMRI.JK,0.7067940398185484
2021-06-18,3087.5,3100.0,2975.0,3100.0,2191.0615234375,201335400,BMRI.JK,0.7067940398185484
2021-06-21,3050.0,3050.0,2975.0,3012.5,2129.217041015625,138949200,BMRI.JK,0.7067940385114108
2021-06-22,3037.5,3125.0,3012.5,3087.5,2182.226806640625,96680600,BMRI.JK,0.7067941074139676
2021-06-23,3112.5,3112.5,3012.5,3012.5,2129.217041015625,66074200,BMRI.JK,0.7067940385114108
2021-06-24,3050.0,3050.0,2987.5,2987.5,2111.54736328125,52248000,BMRI.JK,0.7067940964958159
2021-06-25,3000.0,3012.5,2950.0,2950.0,2085.042724609375,61052000,BMRI.JK,0.7067941439353813
2021-06-28,2912.5,2950.0,2837.5,2850.0,2014.363037109375,127109000,BMRI.JK,0.7067940481085526
2021-06-29,2925.0,2925.0,2850.0,2887.5,2040.867919921875,96970800,BMRI.JK,0.7067940848214286
2021-06-30,2925.0,2975.0,2900.0,2950.0,2085.042724609375,146560200,BMRI.JK,0.7067941439353813
2021-07-01,2975.0,3000.0,2950.0,2987.5,2111.54736328125,87385400,BMRI.JK,0.7067940964958159
2021-07-02,2987.5,3012.5,2962.5,2975.0,2102.71240234375,80422400,BMRI.JK,0.7067940848214286
2021-07-05,2987.5,2987.5,2900.0,2925.0,2067.37255859375,29242400,BMRI.JK,0.7067940371260684
2021-07-06,2950.0,2950.0,2875.0,2887.5,2040.867919921875,56066200,BMRI.JK,0.7067940848214286
2021-07-07,2887.5,2912.5,2837.5,2875.0,2032.032958984375,96691000,BMRI.JK,0.7067940726902174
2021-07-08,2925.0,2950.0,2875.0,2950.0,2085.042724609375,81459000,BMRI.JK,0.7067941439353813
2021-07-09,2950.0,2950.0,2887.5,2887.5,2040.867919921875,50822400,BMRI.JK,0.7067940848214286
2021-07-12,2937.5,2937.5,2887.5,2900.0,2049.702880859375,39692600,BMRI.JK,0.7067940968480604
2021-07-13,2925.0,2950.0,2887.5,2887.5,2040.867919921875,65117000,BMRI.JK,0.7067940848214286
2021-07-14,2900.0,2912.5,2825.0,2850.0,2014.363037109375,59225200,BMRI.JK,0.7067940481085526
2021-07-15,2862.5,2950.0,2837.5,2937.5,2076.207763671875,94438400,BMRI.JK,0.7067941323138298
2021-07-16,2937.5,2950.0,2912.5,2937.5,2076.207763671875,39567600,BMRI.JK,0.7067941323138298
2021-07-19,2900.0,2925.0,2875.0,2875.0,2032.032958984375,31460200,BMRI.JK,0.7067940726902174
2021-07-21,2912.5,2975.0,2900.0,2962.5,2093.877197265625,87100200,BMRI.JK,0.7067939906381856
2021-07-22,2987.5,3050.0,2975.0,3025.0,2138.05224609375,55171400,BMRI.JK,0.7067941309400827
2021-07-23,3000.0,3025.0,2975.0,2987.5,2111.54736328125,37457600,BMRI.JK,0.7067940964958159
2021-07-26,2987.5,3000.0,2900.0,2900.0,2049.702880859375,77160200,BMRI.JK,0.7067940968480604
2021-07-27,2925.0,2950.0,2875.0,2912.5,2058.537841796875,79279400,BMRI.JK,0.7067941087714592
2021-07-28,2875.0,2950.0,2875.0,2950.0,2085.042724609375,41266000,BMRI.JK,0.7067941439353813
2021-07-29,2950.0,2950.0,2875.0,2875.0,2032.032958984375,68168400,BMRI.JK,0.7067940726902174
2021-07-30,2912.5,2912.5,2850.0,2850.0,2014.363037109375,92132400,BMRI.JK,0.7067940481085526
2021-08-02,2887.5,2887.5,2812.5,2837.5,2005.5283203125,68571000,BMRI.JK,0.7067941216960353
2021-08-03,2850.0,2900.0,2825.0,2887.5,2040.867919921875,70957400,BMRI.JK,0.7067940848214286
2021-08-04,2912.5,2950.0,2887.5,2912.5,2058.537841796875,67410400,BMRI.JK,0.7067941087714592
2021-08-05,2937.5,3037.5,2925.0,3025.0,2138.05224609375,140254000,BMRI.JK,0.7067941309400827
2021-08-06,3037.5,3050.0,2975.0,2987.5,2111.54736328125,63682000,BMRI.JK,0.7067940964958159
2021-08-09,3000.0,3012.5,2900.0,2900.0,2049.702880859375,50317400,BMRI.JK,0.7067940968480604
2021-08-10,2900.0,2937.5,2887.5,2900.0,2049.702880859375,54893400,BMRI.JK,0.7067940968480604
2021-08-12,2937.5,2975.0,2912.5,2962.5,2093.877197265625,51328800,BMRI.JK,0.7067939906381856
2021-08-13,2987.5,3025.0,2950.0,3000.0,2120.382080078125,41771600,BMRI.JK,0.7067940266927083
2021-08-16,3000.0,3025.0,2925.0,2987.5,2111.54736328125,53074000,BMRI.JK,0.7067940964958159
2021-08-18,3000.0,3087.5,2962.5,3025.0,2138.05224609375,141229400,BMRI.JK,0.7067941309400827
2021-08-19,3050.0,3050.0,2900.0,2925.0,2067.37255859375,101976800,BMRI.JK,0.7067940371260684
2021-08-20,2950.0,2975.0,2900.0,2950.0,2085.042724609375,62841600,BMRI.JK,0.7067941439353813
2021-08-23,2950.0,3000.0,2950.0,2987.5,2111.54736328125,46346200,BMRI.JK,0.7067940964958159
2021-08-24,2975.0,2987.5,2900.0,2912.5,2058.537841796875,85217600,BMRI.JK,0.7067941087714592
2021-08-25,2937.5,2987.5,2925.0,2975.0,2102.71240234375,60726800,BMRI.JK,0.7067940848214286
2021-08-26,2925.0,2962.5,2912.5,2912.5,2058.537841796875,55050200,BMRI.JK,0.7067941087714592
2021-08-27,2912.5,2937.5,2887.5,2900.0,2049.702880859375,35765000,BMRI.JK,0.7067940968480604
2021-08-30,2925.0,2975.0,2912.5,2975.0,2102.71240234375,65062000,BMRI.JK,0.7067940848214286
2021-08-31,3000.0,3050.0,2975.0,3050.0,2155.721923828125,135700400,BMRI.JK,0.7067940733862705
2021-09-01,3050.0,3050.0,3000.0,3000.0,2120.382080078125,70082000,BMRI.JK,0.7067940266927083
2021-09-02,3025.0,3050.0,2987.5,3025.0,2138.05224609375,51554400,BMRI.JK,0.7067941309400827
2021-09-03,3050.0,3075.0,3000.0,3062.5,2164.556884765625,50760000,BMRI.JK,0.7067940848214286
2021-09-06,3100.0,3162.5,3062.5,3100.0,2191.0615234375,51684400,BMRI.JK,0.7067940398185484
2021-09-07,3125.0,3175.0,3112.5,3125.0,2208.7314453125,70448400,BMRI.JK,0.7067940625
2021-09-08,3150.0,3150.0,3062.5,3125.0,2208.7314453125,84660600,BMRI.JK,0.7067940625
2021-09-09,3150.0,3175.0,3062.5,3175.0,2244.0712890625,93331600,BMRI.JK,0.7067941067913386
2021-09-10,3137.5,3150.0,3087.5,3100.0,2191.0615234375,107576800,BMRI.JK,0.7067940398185484
2021-09-13,3050.0,3112.5,3025.0,3075.0,2173.3916015625,104806600,BMRI.JK,0.7067940167682927
2021-09-14,3075.0,3100.0,3037.5,3050.0,2155.721923828125,84931400,BMRI.JK,0.7067940733862705
2021-09-15,3087.5,3100.0,3050.0,3062.5,2164.556884765625,135497800,BMRI.JK,0.7067940848214286
2021-09-16,3087.5,3100.0,3062.5,3075.0,2173.3916015625,61344200,BMRI.JK,0.7067940167682927
2021-09-17,3062.5,3075.0,3025.0,3025.0,2138.05224609375,82452800,BMRI.JK,0.7067941309400827
2021-09-20,3012.5,3037.5,2962.5,3012.5,2129.217041015625,57569200,BMRI.JK,0.7067940385114108
2021-09-21,3012.5,3012.5,2962.5,2987.5,2111.54736328125,45153400,BMRI.JK,0.7067940964958159
2021-09-22,2987.5,3050.0,2975.0,3037.5,2146.886962890625,26711200,BMRI.JK,0.7067940618569959
2021-09-23,3062.5,3062.5,3012.5,3037.5,2146.886962890625,40606000,BMRI.JK,0.7067940618569959
2021-09-24,3037.5,3050.0,2962.5,2987.5,2111.54736328125,50278400,BMRI.JK,0.7067940964958159
2021-09-27,3000.0,3012.5,2950.0,2950.0,2085.042724609375,68500800,BMRI.JK,0.7067941439353813
2021-09-28,2975.0,3012.5,2950.0,2975.0,2102.71240234375,64652200,BMRI.JK,0.7067940848214286
2021-09-29,2975.0,3025.0,2962.5,3000.0,2120.382080078125,56467400,BMRI.JK,0.7067940266927083
2021-09-30,3025.0,3075.0,3000.0,3075.0,2173.3916015625,82812000,BMRI.JK,0.7067940167682927
2021-10-01,3075.0,3100.0,3025.0,3050.0,2155.721923828125,74975400,BMRI.JK,0.7067940733862705
2021-10-04,3087.5,3250.0,3075.0,3237.5,2288.245849609375,156691600,BMRI.JK,0.7067940848214286
2021-10-05,3225.0,3275.0,3187.5,3212.5,2270.576171875,94886200,BMRI.JK,0.7067941391050584
2021-10-06,3237.5,3337.5,3225.0,3300.0,2332.42041015625,168775800,BMRI.JK,0.7067940636837121
2021-10-07,3325.0,3412.5,3312.5,3350.0,2367.76025390625,253196600,BMRI.JK,0.7067941056436567
2021-10-08,3362.5,3487.5,3362.5,3450.0,2438.439453125,223592000,BMRI.JK,0.706794044384058
2021-10-11,3450.0,3462.5,3400.0,3450.0,2438.439453125,123020200,BMRI.JK,0.706794044384058
2021-10-12,3487.5,3525.0,3462.5,3500.0,2473.779296875,191044200,BMRI.JK,0.7067940848214286
2021-10-13,3537.5,3550.0,3475.0,3550.0,2509.118896484375,134998000,BMRI.JK,0.7067940553477112
2021-10-14,3562.5,3587.5,3525.0,3587.5,2535.623291015625,104307800,BMRI.JK,0.7067939487151568
2021-10-15,3587.5,3600.0,3537.5,3575.0,2526.788818359375,84353000,BMRI.JK,0.7067940750655595
2021-10-18,3600.0,3662.5,3575.0,3587.5,2535.623291015625,152951600,BMRI.JK,0.7067939487151568
2021-10-19,3625.0,3625.0,3525.0,3600.0,2544.458740234375,99358000,BMRI.JK,0.7067940945095487
2021-10-21,3587.5,3662.5,3562.5,3587.5,2535.623291015625,189264000,BMRI.JK,0.7067939487151568
2021-10-22,3550.0,3612.5,3537.5,3600.0,2544.458740234375,65782600,BMRI.JK,0.7067940945095487
2021-10-25,3587.5,3625.0,3562.5,3562.5,2517.953857421875,76296200,BMRI.JK,0.7067940652412281
2021-10-26,3550.0,3600.0,3550.0,3587.5,2535.623291015625,55872800,BMRI.JK,0.7067939487151568
2021-10-27,3600.0,3612.5,3562.5,3575.0,2526.788818359375,82925200,BMRI.JK,0.7067940750655595
2021-10-28,3562.5,3575.0,3500.0,3512.5,2482.6142578125,99023600,BMRI.JK,0.7067940947508897
2021-10-29,3587.5,3650.0,3575.0,3587.5,2535.623291015625,160952400,BMRI.JK,0.7067939487151568
2021-11-01,3625.0,3625.0,3575.0,3587.5,2535.623291015625,65621400,BMRI.JK,0.7067939487151568
2021-11-02,3587.5,3600.0,3500.0,3512.5,2482.6142578125,51923400,BMRI.JK,0.7067940947508897
2021-11-03,3487.5,3625.0,3462.5,3562.5,2517.953857421875,107556600,BMRI.JK,0.7067940652412281
2021-11-04,3625.0,3650.0,3587.5,3587.5,2535.623291015625,103726400,BMRI.JK,0.7067939487151568
2021-11-05,3625.0,3625.0,3500.0,3550.0,2509.118896484375,48035600,BMRI.JK,0.7067940553477112
2021-11-08,3600.0,3600.0,3500.0,3500.0,2473.779296875,50517400,BMRI.JK,0.7067940848214286
2021-11-09,3525.0,3550.0,3425.0,3437.5,2429.604736328125,120574200,BMRI.JK,0.7067941051136364
2021-11-10,3437.5,3575.0,3437.5,3575.0,2526.788818359375,156118000,BMRI.JK,0.7067940750655595
2021-11-11,3562.5,3612.5,3512.5,3612.5,2553.293701171875,86362400,BMRI.JK,0.7067941041306228
2021-11-12,3637.5,3637.5,3525.0,3550.0,2509.118896484375,56807000,BMRI.JK,0.7067940553477112
2021-11-15,3550.0,3575.0,3525.0,3525.0,2491.44921875,40131000,BMRI.JK,0.7067941046099291
2021-11-16,3525.0,3612.5,3512.5,3612.5,2553.293701171875,76140200,BMRI.JK,0.7067941041306228
2021-11-17,3612.5,3625.0,3575.0,3612.5,2553.293701171875,72789600,BMRI.JK,0.7067941041306228
2021-11-18,3600.0,3612.5,3575.0,3587.5,2535.623291015625,30911600,BMRI.JK,0.7067939487151568
2021-11-19,3587.5,3650.0,3575.0,3625.0,2562.128662109375,101125800,BMRI.JK,0.7067941136853448
2021-11-22,3675.0,3750.0,3612.5,3675.0,2597.46826171875,92374400,BMRI.JK,0.7067940848214286
2021-11-23,3612.5,3637.5,3550.0,3575.0,2526.788818359375,63127600,BMRI.JK,0.7067940750655595
2021-11-24,3562.5,3587.5,3550.0,3575.0,2526.788818359375,56217000,BMRI.JK,0.7067940750655595
2021-11-25,3612.5,3687.5,3587.5,3675.0,2597.46826171875,97473400,BMRI.JK,0.7067940848214286
2021-11-26,3662.5,3662.5,3537.5,3550.0,2509.118896484375,78633400,BMRI.JK,0.7067940553477112
2021-11-29,3550.0,3637.5,3462.5,3587.5,2535.623291015625,112673000,BMRI.JK,0.7067939487151568
2021-11-30,3625.0,3625.0,3475.0,3500.0,2473.779296875,219340400,BMRI.JK,0.7067940848214286
2021-12-01,3500.0,3562.5,3475.0,3537.5,2500.2841796875,93119800,BMRI.JK,0.7067941143992933
2021-12-02,3537.5,3625.0,3500.0,3600.0,2544.458740234375,70416400,BMRI.JK,0.7067940945095487
2021-12-03,3600.0,3612.5,3550.0,3575.0,2526.788818359375,46109400,BMRI.JK,0.7067940750655595
2021-12-06,3575.0,3625.0,3550.0,3587.5,2535.623291015625,52050400,BMRI.JK,0.7067939487151568
2021-12-07,3587.5,3650.0,3587.5,3650.0,2579.798095703125,64289400,BMRI.JK,0.7067939988227739
2021-12-08,3637.5,3650.0,3575.0,3575.0,2526.788818359375,56064200,BMRI.JK,0.7067940750655595
2021-12-09,3625.0,3675.0,3562.5,3675.0,2597.46826171875,42688600,BMRI.JK,0.7067940848214286
2021-12-10,3600.0,3612.5,3550.0,3600.0,2544.458740234375,93532200,BMRI.JK,0.7067940945095487
2021-12-13,3600.0,3612.5,3562.5,3562.5,2517.953857421875,50091200,BMRI.JK,0.7067940652412281
2021-12-14,3562.5,3600.0,3550.0,3587.5,2535.623291015625,65061400,BMRI.JK,0.7067939487151568
2021-12-15,3575.0,3662.5,3562.5,3637.5,2570.963623046875,75677400,BMRI.JK,0.7067941231743986
2021-12-16,3650.0,3662.5,3600.0,3625.0,2562.128662109375,69082400,BMRI.JK,0.7067941136853448
2021-12-17,3612.5,3612.5,3537.5,3575.0,2526.788818359375,83945200,BMRI.JK,0.7067940750655595
2021-12-20,3550.0,3575.0,3537.5,3537.5,2500.2841796875,57932600,BMRI.JK,0.7067941143992933
2021-12-21,3575.0,3625.0,3550.0,3575.0,2526.788818359375,49859600,BMRI.JK,0.7067940750655595
2021-12-22,3587.5,3600.0,3525.0,3525.0,2491.44921875,34814400,BMRI.JK,0.7067941046099291
2021-12-23,3525.0,3575.0,3525.0,3537.5,2500.2841796875,44565000,BMRI.JK,0.7067941143992933
2021-12-24,3550.0,3575.0,3475.0,3525.0,2491.44921875,54902200,BMRI.JK,0.7067941046099291
2021-12-27,3525.0,3550.0,3487.5,3500.0,2473.779296875,34096400,BMRI.JK,0.7067940848214286
2021-12-28,3525.0,3525.0,3487.5,3525.0,2491.44921875,39835400,BMRI.JK,0.7067941046099291
2021-12-29,3537.5,3562.5,3500.0,3550.0,2509.118896484375,20860200,BMRI.JK,0.7067940553477112
2021-12-30,3550.0,3562.5,3512.5,3512.5,2482.6142578125,34951600,BMRI.JK,0.7067940947508897
2022-01-03,3550.0,3562.5,3512.5,3525.0,2491.44921875,30999600,BMRI.JK,0.7067941046099291
2022-01-04,3537.5,3600.0,3525.0,3587.5,2535.623291015625,44541400,BMRI.JK,0.7067939487151568
2022-01-05,3575.0,3587.5,3462.5,3512.5,2482.6142578125,98910200,BMRI.JK,0.7067940947508897
2022-01-06,3537.5,3537.5,3475.0,3512.5,2482.6142578125,65651200,BMRI.JK,0.7067940947508897
2022-01-07,3512.5,3550.0,3512.5,3525.0,2491.44921875,68452800,BMRI.JK,0.7067941046099291
2022-01-10,3537.5,3550.0,3525.0,3525.0,2491.44921875,44378600,BMRI.JK,0.7067941046099291
2022-01-11,3550.0,3550.0,3500.0,3525.0,2491.44921875,50367600,BMRI.JK,0.7067941046099291
2022-01-12,3525.0,3575.0,3525.0,3575.0,2526.788818359375,34249200,BMRI.JK,0.7067940750655595
2022-01-13,3575.0,3587.5,3550.0,3562.5,2517.953857421875,35763800,BMRI.JK,0.7067940652412281
2022-01-14,3537.5,3612.5,3537.5,3587.5,2535.623291015625,43651400,BMRI.JK,0.7067939487151568
2022-01-17,3625.0,3637.5,3575.0,3600.0,2544.458740234375,43188000,BMRI.JK,0.7067940945095487
2022-01-18,3587.5,3625.0,3550.0,3625.0,2562.128662109375,64484800,BMRI.JK,0.7067941136853448
2022-01-19,3587.5,3600.0,3500.0,3512.5,2482.6142578125,103093600,BMRI.JK,0.7067940947508897
2022-01-20,3550.0,3587.5,3512.5,3587.5,2535.623291015625,53067000,BMRI.JK,0.7067939487151568
2022-01-21,3587.5,3650.0,3562.5,3650.0,2579.798095703125,76806800,BMRI.JK,0.7067939988227739
2022-01-24,3637.5,3637.5,3600.0,3637.5,2570.963623046875,44476800,BMRI.JK,0.7067941231743986
2022-01-25,3600.0,3625.0,3575.0,3612.5,2553.293701171875,69268000,BMRI.JK,0.7067941041306228
2022-01-26,3650.0,3737.5,3612.5,3737.5,2641.642822265625,140636400,BMRI.JK,0.7067940661580268
2022-01-27,3737.5,3800.0,3700.0,3775.0,2668.1474609375,113618000,BMRI.JK,0.7067940293874172
2022-01-28,3812.5,3825.0,3775.0,3825.0,2703.487548828125,121145200,BMRI.JK,0.7067941304125817
2022-01-31,3887.5,3887.5,3725.0,3737.5,2641.642822265625,101700800,BMRI.JK,0.7067940661580268
2022-02-02,3762.5,3762.5,3725.0,3737.5,2641.642822265625,68769000,BMRI.JK,0.7067940661580268
2022-02-03,3737.5,3737.5,3675.0,3737.5,2641.642822265625,60204000,BMRI.JK,0.7067940661580268
2022-02-04,3725.0,3762.5,3700.0,3737.5,2641.642822265625,36629400,BMRI.JK,0.7067940661580268
2022-02-07,3825.0,3825.0,3737.5,3750.0,2650.47802734375,68867800,BMRI.JK,0.706794140625
2022-02-08,3800.0,3862.5,3775.0,3812.5,2694.65234375,158581800,BMRI.JK,0.7067940573770491
2022-02-09,3850.0,3862.5,3800.0,3837.5,2712.322021484375,107360800,BMRI.JK,0.7067940121131921
2022-02-10,3850.0,3875.0,3825.0,3862.5,2729.9921875,107679400,BMRI.JK,0.7067940938511327
2022-02-11,3887.5,3887.5,3825.0,3862.5,2729.9921875,81582600,BMRI.JK,0.7067940938511327
2022-02-14,3850.0,3900.0,3812.5,3900.0,2756.496826171875,76263200,BMRI.JK,0.7067940579927885
2022-02-15,3900.0,3950.0,3837.5,3950.0,2791.83642578125,67804400,BMRI.JK,0.7067940318433544
2022-02-16,3962.5,3962.5,3875.0,3925.0,2774.166748046875,74785000,BMRI.JK,0.7067940759355096
2022-02-17,3937.5,3937.5,3837.5,3925.0,2774.166748046875,103038800,BMRI.JK,0.7067940759355096
2022-02-18,3912.5,3975.0,3875.0,3925.0,2774.166748046875,81303200,BMRI.JK,0.7067940759355096
2022-02-21,3925.0,3962.5,3925.0,3925.0,2774.166748046875,31720800,BMRI.JK,0.7067940759355096
2022-02-22,3912.5,3950.0,3887.5,3937.5,2783.001953125,69476600,BMRI.JK,0.7067941468253969
2022-02-23,3962.5,3975.0,3912.5,3937.5,2783.001953125,85991000,BMRI.JK,0.7067941468253969
2022-02-24,3862.5,3937.5,3825.0,3850.0,2721.1572265625,170297000,BMRI.JK,0.7067940848214286
2022-02-25,3862.5,3875.0,3825.0,3850.0,2721.1572265625,163299800,BMRI.JK,0.7067940848214286
2022-03-01,3837.5,3925.0,3825.0,3825.0,2703.487548828125,149532200,BMRI.JK,0.7067941304125817
2022-03-02,3825.0,3862.5,3775.0,3812.5,2694.65234375,110824000,BMRI.JK,0.7067940573770491
2022-03-04,3850.0,3862.5,3800.0,3825.0,2703.487548828125,104914600,BMRI.JK,0.7067941304125817
2022-03-07,3775.0,3812.5,3750.0,3775.0,2668.1474609375,137667600,BMRI.JK,0.7067940293874172
2022-03-08,3812.5,3850.0,3775.0,3775.0,2668.1474609375,104072200,BMRI.JK,0.7067940293874172
2022-03-09,3787.5,3862.5,3787.5,3812.5,2694.65234375,115109200,BMRI.JK,0.7067940573770491
2022-03-10,3850.0,3875.0,3800.0,3837.5,2712.322021484375,105803000,BMRI.JK,0.7067940121131921
2022-03-11,3862.5,3862.5,3800.0,3825.0,2703.487548828125,122401600,BMRI.JK,0.7067941304125817
2022-03-14,3825.0,3912.5,3812.5,3875.0,2738.826904296875,173513400,BMRI.JK,0.7067940398185484
2022-03-15,3900.0,3937.5,3887.5,3887.5,2747.662109375,146735400,BMRI.JK,0.7067941117363344
2022-03-16,3900.0,4025.0,3900.0,3975.0,2809.50634765625,291909800,BMRI.JK,0.7067940497248427
2022-03-17,4000.0,4050.0,3975.0,3975.0,2809.50634765625,235559000,BMRI.JK,0.7067940497248427
2022-03-18,3987.5,4000.0,3937.5,3962.5,2800.67138671875,212233400,BMRI.JK,0.7067940408123028
2022-03-21,3837.5,3862.5,3800.0,3825.0,2832.3779296875,162364400,BMRI.JK,0.7404909620098039
2022-03-22,3850.0,3875.0,3825.0,3837.5,2841.633544921875,112672400,BMRI.JK,0.7404908260382737
2022-03-23,3837.5,3900.0,3825.0,3887.5,2878.658447265625,183894800,BMRI.JK,0.7404909189107717
2022-03-24,3850.0,3962.5,3850.0,3962.5,2934.195068359375,210909800,BMRI.JK,0.7404908689865931
2022-03-25,3975.0,3987.5,3887.5,3925.0,2906.4267578125,136083000,BMRI.JK,0.7404908937101911
2022-03-28,3937.5,3950.0,3900.0,3937.5,2915.68310546875,95354400,BMRI.JK,0.7404909474206349
2022-03-29,3987.5,4012.5,3937.5,3962.5,2934.195068359375,160112200,BMRI.JK,0.7404908689865931
2022-03-30,3975.0,3987.5,3925.0,3937.5,2915.68310546875,82476000,BMRI.JK,0.7404909474206349
2022-03-31,3962.5,3987.5,3925.0,3950.0,2924.93896484375,69174000,BMRI.JK,0.7404908771756329
2022-04-01,3950.0,3950.0,3887.5,3937.5,2915.68310546875,62912400,BMRI.JK,0.7404909474206349
2022-04-04,3912.5,3950.0,3887.5,3912.5,2897.17041015625,82013800,BMRI.JK,0.7404908396565495
2022-04-05,3900.0,3937.5,3900.0,3912.5,2897.17041015625,82378200,BMRI.JK,0.7404908396565495
2022-04-06,3900.0,3900.0,3825.0,3837.5,2841.633544921875,129476400,BMRI.JK,0.7404908260382737
2022-04-07,3837.5,3887.5,3812.5,3850.0,2850.889892578125,136162800,BMRI.JK,0.7404908811891234
2022-04-08,3900.0,3900.0,3837.5,3850.0,2850.889892578125,94622400,BMRI.JK,0.7404908811891234
2022-04-11,3850.0,3875.0,3825.0,3837.5,2841.633544921875,107966400,BMRI.JK,0.7404908260382737
2022-04-12,3837.5,3875.0,3812.5,3850.0,2850.889892578125,92691200,BMRI.JK,0.7404908811891234
2022-04-13,3837.5,3875.0,3825.0,3862.5,2860.146240234375,90558600,BMRI.JK,0.7404909359830097
2022-04-14,3862.5,3875.0,3825.0,3837.5,2841.633544921875,63275600,BMRI.JK,0.7404908260382737
2022-04-18,3837.5,3862.5,3787.5,3812.5,2823.12158203125,101496000,BMRI.JK,0.7404909067622951
2022-04-19,3812.5,3837.5,3787.5,3787.5,2804.609130859375,104508400,BMRI.JK,0.7404908596328383
2022-04-20,3825.0,3950.0,3812.5,3925.0,2906.4267578125,164354800,BMRI.JK,0.7404908937101911
2022-04-21,4000.0,4200.0,3962.5,4150.0,3073.037109375,337363200,BMRI.JK,0.7404908697289156
2022-04-22,4100.0,4162.5,4037.5,4137.5,3063.78125,168301800,BMRI.JK,0.7404909365558913
2022-04-25,4100.0,4225.0,4012.5,4112.5,3045.268798828125,179082600,BMRI.JK,0.7404908933320669
2022-04-26,4125.0,4212.5,4112.5,4175.0,3091.54931640625,131930600,BMRI.JK,0.7404908542290419
2022-04-27,4137.5,4212.5,4112.5,4112.5,3045.268798828125,118272800,BMRI.JK,0.7404908933320669
2022-04-28,4387.5,4537.5,4337.5,4475.0,3313.696533203125,443163800,BMRI.JK,0.7404908454085195
2022-05-09,4312.5,4337.5,4162.5,4162.5,3082.293212890625,351637800,BMRI.JK,0.7404908619557057
2022-05-10,3912.5,4087.5,3912.5,4050.0,2998.98828125,498444800,BMRI.JK,0.7404909336419753
2022-05-11,4050.0,4100.0,4000.0,4000.0,2961.9638671875,198922600,BMRI.JK,0.740490966796875
2022-05-12,3987.5,4025.0,3862.5,3937.5,2915.68310546875,162727200,BMRI.JK,0.7404909474206349
2022-05-13,3937.5,3950.0,3875.0,3900.0,2887.914306640625,165507800,BMRI.JK,0.7404908478565705
2022-05-17,3900.0,4000.0,3900.0,3925.0,2906.4267578125,149548800,BMRI.JK,0.7404908937101911
2022-05-18,3987.5,4012.5,3900.0,3950.0,2924.93896484375,162519200,BMRI.JK,0.7404908771756329
2022-05-19,3900.0,3962.5,3875.0,3950.0,2924.93896484375,127740400,BMRI.JK,0.7404908771756329
2022-05-20,3975.0,4025.0,3975.0,4000.0,2961.9638671875,106866400,BMRI.JK,0.740490966796875
2022-05-23,4025.0,4037.5,3900.0,3937.5,2915.68310546875,144005200,BMRI.JK,0.7404909474206349
2022-05-24,3975.0,4025.0,3950.0,3962.5,2934.195068359375,134555000,BMRI.JK,0.7404908689865931
2022-05-25,3950.0,4025.0,3912.5,3925.0,2906.4267578125,132635400,BMRI.JK,0.7404908937101911
2022-05-27,4000.0,4062.5,3975.0,4050.0,2998.98828125,155078600,BMRI.JK,0.7404909336419753
2022-05-30,4100.0,4100.0,4000.0,4100.0,3036.012451171875,117617200,BMRI.JK,0.7404908417492378
2022-05-31,4137.5,4250.0,4112.5,4250.0,3147.08642578125,262054000,BMRI.JK,0.7404909237132353
2022-06-02,4162.5,4175.0,4025.0,4100.0,3036.012451171875,203021800,BMRI.JK,0.7404908417492378
2022-06-03,4137.5,4150.0,4100.0,4100.0,3036.012451171875,147960000,BMRI.JK,0.7404908417492378
2022-06-06,4100.0,4175.0,4012.5,4075.0,3017.50048828125,148785000,BMRI.JK,0.7404909173696319
2022-06-07,4100.0,4175.0,4075.0,4150.0,3073.037109375,132673800,BMRI.JK,0.7404908697289156
2022-06-08,4112.5,4212.5,4075.0,4200.0,3110.061767578125,153409200,BMRI.JK,0.7404908970424107
2022-06-09,4200.0,4250.0,4175.0,4212.5,3119.31787109375,216804400,BMRI.JK,0.7404908892804154
2022-06-10,4137.5,4162.5,4075.0,4087.5,3026.756591796875,165119600,BMRI.JK,0.740490909308104
2022-06-13,4000.0,4050.0,3975.0,4050.0,2998.98828125,122467200,BMRI.JK,0.7404909336419753
2022-06-14,4000.0,4100.0,4000.0,4100.0,3036.012451171875,100136600,BMRI.JK,0.7404908417492378
2022-06-15,4062.5,4162.5,4062.5,4150.0,3073.037109375,142400800,BMRI.JK,0.7404908697289156
2022-06-16,4250.0,4250.0,4150.0,4187.5,3100.8056640625,186692600,BMRI.JK,0.7404909048507463
2022-06-17,4087.5,4125.0,4037.5,4037.5,2989.731689453125,156836200,BMRI.JK,0.7404908209171827
2022-06-20,4050.0,4125.0,4025.0,4125.0,3054.525146484375,74978200,BMRI.JK,0.7404909446022727
2022-06-21,4150.0,4175.0,4100.0,4125.0,3054.525146484375,62996600,BMRI.JK,0.7404909446022727
2022-06-22,4100.0,4137.5,4062.5,4075.0,3017.50048828125,88306600,BMRI.JK,0.7404909173696319
2022-06-23,4075.0,4112.5,4050.0,4075.0,3017.50048828125,48817400,BMRI.JK,0.7404909173696319
2022-06-24,4100.0,4150.0,4075.0,4150.0,3073.037109375,60638400,BMRI.JK,0.7404908697289156
2022-06-27,4200.0,4200.0,4037.5,4112.5,3045.268798828125,76574400,BMRI.JK,0.7404908933320669
2022-06-28,4075.0,4100.0,4000.0,4062.5,3008.244140625,110131200,BMRI.JK,0.7404908653846154
2022-06-29,4050.0,4062.5,3975.0,3975.0,2943.451171875,113216400,BMRI.JK,0.7404908608490566
2022-06-30,4000.0,4050.0,3950.0,3962.5,2934.195068359375,125507600,BMRI.JK,0.7404908689865931
2022-07-01,3937.5,3962.5,3787.5,3800.0,2813.865478515625,191672200,BMRI.JK,0.7404909153988487
2022-07-04,3787.5,3837.5,3637.5,3700.0,2739.81640625,246417000,BMRI.JK,0.7404909206081081
2022-07-05,3725.0,3862.5,3725.0,3825.0,2832.3779296875,90919800,BMRI.JK,0.7404909620098039
2022-07-06,3825.0,3825.0,3675.0,3762.5,2786.096923828125,180812800,BMRI.JK,0.7404908767649502
2022-07-07,3750.0,3775.0,3712.5,3712.5,2749.072265625,120444800,BMRI.JK,0.7404908459595959
2022-07-08,3775.0,3775.0,3700.0,3737.5,2767.584716796875,57156600,BMRI.JK,0.7404908941262541
2022-07-11,3737.5,3762.5,3700.0,3737.5,2767.584716796875,22860800,BMRI.JK,0.7404908941262541
2022-07-12,3737.5,3737.5,3687.5,3712.5,2749.072265625,51524400,BMRI.JK,0.7404908459595959
2022-07-13,3700.0,3712.5,3637.5,3637.5,2693.535888671875,142494200,BMRI.JK,0.7404909659579038
2022-07-14,3625.0,3687.5,3600.0,3637.5,2693.535888671875,158438200,BMRI.JK,0.7404909659579038
2022-07-15,3650.0,3700.0,3587.5,3587.5,2656.5107421875,191949400,BMRI.JK,0.7404907992160279
2022-07-18,3612.5,3675.0,3612.5,3675.0,2721.30419921875,152078400,BMRI.JK,0.7404909385629251
2022-07-19,3675.0,3725.0,3637.5,3712.5,2749.072265625,128963600,BMRI.JK,0.7404908459595959
2022-07-20,3775.0,3975.0,3775.0,3950.0,2924.93896484375,215712600,BMRI.JK,0.7404908771756329
2022-07-21,4000.0,4000.0,3862.5,3950.0,2924.93896484375,125699200,BMRI.JK,0.7404908771756329
2022-07-22,3962.5,3962.5,3887.5,3925.0,2906.4267578125,54461200,BMRI.JK,0.7404908937101911
2022-07-25,3937.5,3950.0,3887.5,3887.5,2878.658447265625,30750600,BMRI.JK,0.7404909189107717
2022-07-26,3912.5,4012.5,3900.0,4000.0,2961.9638671875,58317600,BMRI.JK,0.740490966796875
2022-07-27,4025.0,4062.5,4000.0,4050.0,2998.98828125,87439200,BMRI.JK,0.7404909336419753
2022-07-28,4012.5,4100.0,4012.5,4025.0,2980.4755859375,94427400,BMRI.JK,0.7404908288043478
2022-07-29,4112.5,4175.0,4075.0,4137.5,3063.78125,132709400,BMRI.JK,0.7404909365558913
2022-08-01,4100.0,4112.5,3987.5,3987.5,2952.70751953125,95909000,BMRI.JK,0.7404909139890282
2022-08-02,4000.0,4087.5,3987.5,4087.5,3026.756591796875,57458200,BMRI.JK,0.740490909308104
2022-08-03,4087.5,4125.0,4025.0,4125.0,3054.525146484375,55822800,BMRI.JK,0.7404909446022727
2022-08-04,4150.0,4150.0,4075.0,4125.0,3054.525146484375,75188600,BMRI.JK,0.7404909446022727
2022-08-05,4137.5,4150.0,4087.5,4125.0,3054.525146484375,64150800,BMRI.JK,0.7404909446022727
2022-08-08,4125.0,4175.0,4112.5,4175.0,3091.54931640625,82522000,BMRI.JK,0.7404908542290419
2022-08-09,4212.5,4300.0,4200.0,4237.5,3137.830078125,117148200,BMRI.JK,0.7404908738938053
2022-08-10,4175.0,4300.0,4125.0,4300.0,3184.11083984375,79950200,BMRI.JK,0.7404908929869186
2022-08-11,4312.5,4337.5,4212.5,4262.5,3156.342529296875,106627400,BMRI.JK,0.7404909159640762
2022-08-12,4262.5,4287.5,4212.5,4237.5,3137.830078125,62626200,BMRI.JK,0.7404908738938053
2022-08-15,4225.0,4275.0,4200.0,4225.0,3128.57373046875,44464800,BMRI.JK,0.7404908237795857
2022-08-16,4275.0,4325.0,4237.5,4262.5,3156.342529296875,109260400,BMRI.JK,0.7404909159640762
2022-08-18,4387.5,4400.0,4287.5,4300.0,3184.11083984375,116693200,BMRI.JK,0.7404908929869186
2022-08-19,4300.0,4325.0,4250.0,4250.0,3147.08642578125,48290200,BMRI.JK,0.7404909237132353
2022-08-22,4212.5,4275.0,4175.0,4262.5,3156.342529296875,121399800,BMRI.JK,0.7404909159640762
2022-08-23,4250.0,4337.5,4225.0,4312.5,3193.366943359375,95553400,BMRI.JK,0.7404908854166666
2022-08-24,4300.0,4350.0,4275.0,4312.5,3193.366943359375,60958200,BMRI.JK,0.7404908854166666
2022-08-25,4275.0,4312.5,4212.5,4287.5,3174.854736328125,77254800,BMRI.JK,0.740490900601312
2022-08-26,4312.5,4325.0,4250.0,4250.0,3147.08642578125,82356600,BMRI.JK,0.7404909237132353
2022-08-29,4200.0,4300.0,4175.0,4275.0,3165.5986328125,62683800,BMRI.JK,0.7404909082602339
2022-08-30,4312.5,4375.0,4287.5,4325.0,3202.623291015625,109649400,BMRI.JK,0.7404909343388728
2022-08-31,4250.0,4425.0,4225.0,4425.0,3276.671875,151631600,BMRI.JK,0.7404908192090396
2022-09-01,4425.0,4475.0,4337.5,4462.5,3304.440673828125,120967800,BMRI.JK,0.7404909073004202
2022-09-02,4487.5,4500.0,4362.5,4425.0,3276.671875,90044600,BMRI.JK,0.7404908192090396
2022-09-05,4425.0,4500.0,4400.0,4475.0,3313.696533203125,60491000,BMRI.JK,0.7404908454085195
2022-09-06,4487.5,4500.0,4400.0,4412.5,3267.416015625,65296200,BMRI.JK,0.7404908817280453
2022-09-07,4387.5,4437.5,4362.5,4437.5,3285.928466796875,97771400,BMRI.JK,0.7404909220950704
2022-09-08,4450.0,4550.0,4412.5,4475.0,3313.696533203125,96931000,BMRI.JK,0.7404908454085195
2022-09-09,4537.5,4550.0,4475.0,4537.5,3359.977294921875,128510800,BMRI.JK,0.7404908638946281
2022-09-12,4575.0,4600.0,4537.5,4587.5,3397.002197265625,110819000,BMRI.JK,0.7404909421832425
2022-09-13,4625.0,4750.0,4612.5,4725.0,3498.8193359375,185487800,BMRI.JK,0.7404908647486772
2022-09-14,4637.5,4700.0,4600.0,4650.0,3443.282958984375,119631200,BMRI.JK,0.740490958921371
2022-09-15,4700.0,4750.0,4650.0,4675.0,3461.795166015625,156750600,BMRI.JK,0.7404909446022727
2022-09-16,4637.5,4650.0,4512.5,4550.0,3369.233642578125,167812600,BMRI.JK,0.7404909104567308
2022-09-19,4625.0,4650.0,4575.0,4612.5,3415.513916015625,137396600,BMRI.JK,0.7404908219004065
2022-09-20,4662.5,4687.5,4600.0,4600.0,3406.258056640625,140752200,BMRI.JK,0.7404908818783967
2022-09-21,4575.0,4637.5,4550.0,4637.5,3434.026611328125,71044400,BMRI.JK,0.7404909134939354
2022-09-22,4637.5,4650.0,4587.5,4600.0,3406.258056640625,96479200,BMRI.JK,0.7404908818783967
2022-09-23,4600.0,4625.0,4575.0,4600.0,3406.258056640625,61877000,BMRI.JK,0.7404908818783967
2022-09-26,4562.5,4687.5,4475.0,4625.0,3424.770263671875,133769600,BMRI.JK,0.740490867820946
2022-09-27,4625.0,4675.0,4600.0,4675.0,3461.795166015625,130959400,BMRI.JK,0.7404909446022727
2022-09-28,4725.0,4800.0,4637.5,4650.0,3443.282958984375,133085000,BMRI.JK,0.740490958921371
2022-09-29,4675.0,4687.5,4600.0,4625.0,3424.770263671875,67945200,BMRI.JK,0.740490867820946
2022-09-30,4650.0,4712.5,4612.5,4712.5,3489.563232421875,113501000,BMRI.JK,0.7404908716014589
2022-10-03,4662.5,4687.5,4612.5,4637.5,3434.026611328125,54662400,BMRI.JK,0.7404909134939354
2022-10-04,4650.0,4687.5,4612.5,4612.5,3415.513916015625,90247000,BMRI.JK,0.7404908219004065
2022-10-05,4650.0,4737.5,4637.5,4637.5,3434.026611328125,75891600,BMRI.JK,0.7404909134939354
2022-10-06,4650.0,4662.5,4612.5,4662.5,3452.53857421875,43279200,BMRI.JK,0.7404908470174263
2022-10-07,4662.5,4712.5,4637.5,4712.5,3489.563232421875,51267000,BMRI.JK,0.7404908716014589
2022-10-10,4687.5,4700.0,4637.5,4650.0,3443.282958984375,55465000,BMRI.JK,0.740490958921371
2022-10-11,4712.5,4712.5,4625.0,4650.0,3443.282958984375,71925600,BMRI.JK,0.740490958921371
2022-10-12,4687.5,4750.0,4650.0,4712.5,3489.563232421875,118731400,BMRI.JK,0.7404908716014589
2022-10-13,4750.0,4775.0,4662.5,4737.5,3508.07568359375,58832000,BMRI.JK,0.7404909094656992
2022-10-14,4825.0,4825.0,4687.5,4700.0,3480.30712890625,106401600,BMRI.JK,0.7404908784906915
2022-10-17,4725.0,4737.5,4650.0,4725.0,3498.8193359375,60905200,BMRI.JK,0.7404908647486772
2022-10-18,4750.0,4787.5,4725.0,4750.0,3517.331298828125,67904400,BMRI.JK,0.7404907997532895
2022-10-19,4687.5,4787.5,4662.5,4737.5,3508.07568359375,71544800,BMRI.JK,0.7404909094656992
2022-10-20,4675.0,4962.5,4675.0,4950.0,3665.43017578125,102422400,BMRI.JK,0.7404909446022727
2022-10-21,5000.0,5225.0,4962.5,5175.0,3832.04052734375,183987800,BMRI.JK,0.7404909231582125
2022-10-24,5162.5,5250.0,5125.0,5125.0,3795.015869140625,102168000,BMRI.JK,0.7404909012957317
2022-10-25,5137.5,5225.0,5112.5,5112.5,3785.759765625,83305200,BMRI.JK,0.7404909077017114
2022-10-26,5112.5,5125.0,5000.0,5100.0,3776.50341796875,80531400,BMRI.JK,0.7404908662683823
2022-10-27,5100.0,5162.5,5025.0,5100.0,3776.50341796875,84531200,BMRI.JK,0.7404908662683823
2022-10-28,5062.5,5112.5,5050.0,5100.0,3776.50341796875,102437400,BMRI.JK,0.7404908662683823
2022-10-31,5150.0,5275.0,5112.5,5275.0,3906.089599609375,173874600,BMRI.JK,0.7404909193572274
2022-11-01,5300.0,5300.0,5112.5,5200.0,3850.552734375,111898000,BMRI.JK,0.7404909104567308
2022-11-02,5187.5,5200.0,4987.5,5037.5,3730.22314453125,127515400,BMRI.JK,0.7404909468052109
2022-11-03,4975.0,5100.0,4975.0,5087.5,3767.24755859375,119598600,BMRI.JK,0.7404909206081081
2022-11-04,5012.5,5075.0,5000.0,5075.0,3757.990966796875,70781200,BMRI.JK,0.7404908308959359
2022-11-07,5087.5,5125.0,5000.0,5125.0,3795.015869140625,98034400,BMRI.JK,0.7404909012957317
2022-11-08,5137.5,5137.5,5037.5,5075.0,3757.990966796875,39585800,BMRI.JK,0.7404908308959359
2022-11-09,5025.0,5075.0,5025.0,5075.0,3757.990966796875,68010400,BMRI.JK,0.7404908308959359
2022-11-10,5025.0,5075.0,5000.0,5050.0,3739.47900390625,61964000,BMRI.JK,0.7404908918626237
2022-11-11,5150.0,5225.0,5112.5,5212.5,3859.808349609375,102008200,BMRI.JK,0.7404908104766187
2022-11-14,5275.0,5275.0,5075.0,5125.0,3795.015869140625,61055200,BMRI.JK,0.7404909012957317
2022-11-15,5150.0,5150.0,5050.0,5125.0,3795.015869140625,83000800,BMRI.JK,0.7404909012957317
2022-11-16,5050.0,5087.5,4950.0,5000.0,3702.45458984375,128257800,BMRI.JK,0.74049091796875
2022-11-17,4925.0,5012.5,4925.0,4950.0,3665.43017578125,167562600,BMRI.JK,0.7404909446022727
2022-11-18,4975.0,5112.5,4962.5,5087.5,3767.24755859375,111646200,BMRI.JK,0.7404909206081081
2022-11-21,5087.5,5100.0,5012.5,5050.0,3739.47900390625,52311600,BMRI.JK,0.7404908918626237
2022-11-22,5025.0,5125.0,5025.0,5062.5,3748.735107421875,79850600,BMRI.JK,0.7404908854166666
2022-11-23,5062.5,5150.0,5062.5,5100.0,3776.50341796875,78250600,BMRI.JK,0.7404908662683823
2022-11-24,5112.5,5150.0,5100.0,5112.5,3785.759765625,59701400,BMRI.JK,0.7404909077017114
2022-11-25,5112.5,5112.5,5050.0,5087.5,3767.24755859375,77984800,BMRI.JK,0.7404909206081081
2022-11-28,5087.5,5137.5,5062.5,5062.5,3748.735107421875,64779000,BMRI.JK,0.7404908854166666
2022-11-29,5125.0,5225.0,5100.0,5162.5,3822.783935546875,72261000,BMRI.JK,0.7404908349727602
2022-11-30,5162.5,5400.0,5162.5,5262.5,3896.83349609375,347136800,BMRI.JK,0.7404909256235155
2022-12-01,5262.5,5325.0,5200.0,5200.0,3850.552734375,141493000,BMRI.JK,0.7404909104567308
2022-12-02,5200.0,5262.5,5162.5,5262.5,3896.83349609375,70811400,BMRI.JK,0.7404909256235155
2022-12-05,5325.0,5500.0,5287.5,5437.5,4026.418701171875,146472800,BMRI.JK,0.7404907956178161
2022-12-06,5437.5,5500.0,5362.5,5450.0,4035.675537109375,139360200,BMRI.JK,0.7404909242402523
2022-12-07,5312.5,5350.0,5187.5,5187.5,3841.29638671875,200886200,BMRI.JK,0.7404908697289156
2022-12-08,5037.5,5112.5,4987.5,5025.0,3720.96630859375,279908400,BMRI.JK,0.7404908076803483
2022-12-09,4975.0,5025.0,4912.5,4962.5,3674.686279296875,241338200,BMRI.JK,0.7404909378935768
2022-12-12,4912.5,5000.0,4887.5,4975.0,3683.942138671875,183717600,BMRI.JK,0.7404908821451005
2022-12-13,4887.5,5000.0,4887.5,4950.0,3665.43017578125,224176000,BMRI.JK,0.7404909446022727
2022-12-14,5037.5,5050.0,4975.0,4975.0,3683.942138671875,162689200,BMRI.JK,0.7404908821451005
2022-12-15,4950.0,5012.5,4950.0,4950.0,3665.43017578125,82673400,BMRI.JK,0.7404909446022727
2022-12-16,4912.5,5050.0,4912.5,5050.0,3739.47900390625,770252400,BMRI.JK,0.7404908918626237
2022-12-19,5000.0,5037.5,4950.0,5000.0,3702.45458984375,100871400,BMRI.JK,0.74049091796875
2022-12-20,5000.0,5025.0,4975.0,5025.0,3720.96630859375,56633800,BMRI.JK,0.7404908076803483
2022-12-21,5062.5,5062.5,5000.0,5000.0,3702.45458984375,37945200,BMRI.JK,0.74049091796875
2022-12-22,5050.0,5050.0,4975.0,4975.0,3683.942138671875,78836200,BMRI.JK,0.7404908821451005
2022-12-23,4950.0,5000.0,4950.0,4962.5,3674.686279296875,38571200,BMRI.JK,0.7404909378935768
2022-12-26,4987.5,5025.0,4975.0,5025.0,3720.96630859375,19578800,BMRI.JK,0.7404908076803483
2022-12-27,5025.0,5025.0,4937.5,4975.0,3683.942138671875,43282000,BMRI.JK,0.7404908821451005
2022-12-28,5000.0,5000.0,4925.0,4987.5,3693.1982421875,30258400,BMRI.JK,0.7404908756265665
2022-12-29,4950.0,4987.5,4937.5,4987.5,3693.1982421875,56981400,BMRI.JK,0.7404908756265665
2022-12-30,5000.0,5025.0,4962.5,4962.5,3674.686279296875,40655800,BMRI.JK,0.7404909378935768
2023-01-02,4962.5,4987.5,4937.5,4937.5,3656.173583984375,5985400,BMRI.JK,0.7404908524525317
2023-01-03,4925.0,4987.5,4925.0,4975.0,3683.942138671875,13815200,BMRI.JK,0.7404908821451005
2023-01-04,5012.5,5037.5,4987.5,5012.5,3711.71044921875,38575800,BMRI.JK,0.7404908626870325
2023-01-05,5025.0,5025.0,4862.5,4912.5,3637.661376953125,84945800,BMRI.JK,0.7404908655375319
2023-01-06,4862.5,4900.0,4800.0,4900.0,3628.40576171875,44097000,BMRI.JK,0.7404909717793368
2023-01-09,4875.0,4925.0,4800.0,4862.5,3600.63671875,67250600,BMRI.JK,0.7404908419023136
2023-01-10,4750.0,4775.0,4587.5,4637.5,3434.026611328125,214538800,BMRI.JK,0.7404909134939354
2023-01-11,4537.5,4587.5,4450.0,4475.0,3313.696533203125,193915000,BMRI.JK,0.7404908454085195
2023-01-12,4500.0,4725.0,4500.0,4600.0,3406.258056640625,219659400,BMRI.JK,0.7404908818783967
2023-01-13,4562.5,4612.5,4525.0,4587.5,3397.002197265625,107483800,BMRI.JK,0.7404909421832425
2023-01-16,4550.0,4675.0,4550.0,4650.0,3443.282958984375,145710000,BMRI.JK,0.740490958921371
2023-01-17,4700.0,4912.5,4687.5,4875.0,3609.89306640625,146238000,BMRI.JK,0.7404908854166666
2023-01-18,4825.0,4887.5,4750.0,4775.0,3535.84423828125,95360600,BMRI.JK,0.7404909399541885
2023-01-19,4800.0,4912.5,4762.5,4875.0,3609.89306640625,81704200,BMRI.JK,0.7404908854166666
2023-01-20,4925.0,5000.0,4900.0,4987.5,3693.1982421875,93227400,BMRI.JK,0.7404908756265665
2023-01-24,4925.0,4987.5,4900.0,4950.0,3665.43017578125,35028000,BMRI.JK,0.7404909446022727
2023-01-25,4900.0,4925.0,4850.0,4850.0,3591.380859375,72767800,BMRI.JK,0.7404908988402061
2023-01-26,4887.5,4937.5,4875.0,4912.5,3637.661376953125,70558600,BMRI.JK,0.7404908655375319
2023-01-27,4950.0,5075.0,4950.0,5012.5,3711.71044921875,216788400,BMRI.JK,0.7404908626870325
2023-01-30,5012.5,5062.5,4937.5,4975.0,3683.942138671875,82589400,BMRI.JK,0.7404908821451005
2023-01-31,5012.5,5050.0,4937.5,4975.0,3683.942138671875,167297000,BMRI.JK,0.7404908821451005
2023-02-01,4975.0,5025.0,4837.5,4850.0,3591.380859375,165628800,BMRI.JK,0.7404908988402061
2023-02-02,4862.5,4875.0,4787.5,4862.5,3600.63671875,99351800,BMRI.JK,0.7404908419023136
2023-02-03,4875.0,4975.0,4875.0,4962.5,3674.686279296875,108125400,BMRI.JK,0.7404909378935768
2023-02-06,4962.5,5025.0,4875.0,4937.5,3656.173583984375,109098400,BMRI.JK,0.7404908524525317
2023-02-07,4975.0,5112.5,4950.0,5087.5,3767.24755859375,118132000,BMRI.JK,0.7404909206081081
2023-02-08,5062.5,5112.5,5050.0,5100.0,3776.50341796875,75656000,BMRI.JK,0.7404908662683823
2023-02-09,5150.0,5200.0,5125.0,5125.0,3795.015869140625,121757400,BMRI.JK,0.7404909012957317
2023-02-10,5225.0,5225.0,5075.0,5150.0,3813.528076171875,81114600,BMRI.JK,0.7404908885770631
2023-02-13,5275.0,5275.0,5125.0,5175.0,3832.04052734375,56771800,BMRI.JK,0.7404909231582125
2023-02-14,5225.0,5225.0,5137.5,5187.5,3841.29638671875,39570600,BMRI.JK,0.7404908697289156
2023-02-15,5150.0,5175.0,5050.0,5112.5,3785.759765625,75595200,BMRI.JK,0.7404909077017114
2023-02-16,5112.5,5137.5,5062.5,5087.5,3767.24755859375,49569000,BMRI.JK,0.7404909206081081
2023-02-17,5087.5,5150.0,5050.0,5150.0,3813.528076171875,58521000,BMRI.JK,0.7404908885770631
2023-02-20,5150.0,5150.0,5100.0,5137.5,3804.271728515625,40696400,BMRI.JK,0.740490847399635
2023-02-21,5150.0,5150.0,5087.5,5100.0,3776.50341796875,52604400,BMRI.JK,0.7404908662683823
2023-02-22,5062.5,5087.5,4975.0,5000.0,3702.45458984375,75513400,BMRI.JK,0.74049091796875
2023-02-23,4987.5,5050.0,4962.5,5037.5,3730.22314453125,177505200,BMRI.JK,0.7404909468052109
2023-02-24,5062.5,5112.5,5037.5,5062.5,3748.735107421875,54138200,BMRI.JK,0.7404908854166666
2023-02-27,5037.5,5075.0,5025.0,5075.0,3757.990966796875,47901800,BMRI.JK,0.7404908308959359
2023-02-28,5037.5,5075.0,5000.0,5000.0,3702.45458984375,146440400,BMRI.JK,0.74049091796875
2023-03-01,5075.0,5100.0,5025.0,5050.0,3739.47900390625,89565600,BMRI.JK,0.7404908918626237
2023-03-02,5075.0,5150.0,5075.0,5112.5,3785.759765625,72991800,BMRI.JK,0.7404909077017114
2023-03-03,5100.0,5125.0,5012.5,5025.0,3720.96630859375,88630600,BMRI.JK,0.7404908076803483
2023-03-06,5087.5,5112.5,5037.5,5062.5,3748.735107421875,53728800,BMRI.JK,0.7404908854166666
2023-03-07,5075.0,5137.5,5062.5,5087.5,3767.24755859375,80065800,BMRI.JK,0.7404909206081081
2023-03-08,5125.0,5137.5,5087.5,5137.5,3804.271728515625,104838200,BMRI.JK,0.740490847399635
2023-03-09,5200.0,5250.0,5175.0,5225.0,3869.065185546875,83286000,BMRI.JK,0.7404909446022727
2023-03-10,5212.5,5212.5,5137.5,5187.5,3841.29638671875,107531000,BMRI.JK,0.7404908697289156
2023-03-13,5137.5,5187.5,5112.5,5175.0,3832.04052734375,92827600,BMRI.JK,0.7404909231582125
2023-03-14,5100.0,5137.5,4925.0,4962.5,3674.686279296875,191898400,BMRI.JK,0.7404909378935768
2023-03-15,5025.0,5087.5,4925.0,5025.0,3720.96630859375,262828600,BMRI.JK,0.7404908076803483
2023-03-16,5037.5,5037.5,4912.5,4925.0,3646.917724609375,135467400,BMRI.JK,0.7404909085501269
2023-03-17,4975.0,5062.5,4962.5,5050.0,3739.47900390625,224171600,BMRI.JK,0.7404908918626237
2023-03-20,5025.0,5050.0,5000.0,5000.0,3702.45458984375,46333000,BMRI.JK,0.74049091796875
2023-03-21,5050.0,5250.0,5037.5,5250.0,3887.57763671875,131331000,BMRI.JK,0.740490978422619
2023-03-24,5312.5,5475.0,5287.5,5450.0,4035.675537109375,222156200,BMRI.JK,0.7404909242402523
2023-03-27,5200.0,5212.5,5100.0,5100.0,3969.262451171875,151825600,BMRI.JK,0.7782867551317402
2023-03-28,5100.0,5137.5,5050.0,5062.5,3940.077392578125,103951000,BMRI.JK,0.7782868923611111
2023-03-29,5125.0,5187.5,5100.0,5175.0,4027.63427734375,107454600,BMRI.JK,0.7782868168780194
2023-03-30,5175.0,5200.0,5112.5,5112.5,3978.991455078125,97186200,BMRI.JK,0.7782868371790953
2023-03-31,5137.5,5162.5,5100.0,5162.5,4017.9052734375,92013200,BMRI.JK,0.7782867357748184
2023-04-03,5200.0,5262.5,5200.0,5262.5,4095.734619140625,101724400,BMRI.JK,0.7782868634946556
2023-04-04,5250.0,5300.0,5100.0,5200.0,4047.091796875,94482600,BMRI.JK,0.778286884014423
2023-04-05,5150.0,5250.0,5150.0,5225.0,4066.549072265625,42655500,BMRI.JK,0.7782869037828948
2023-04-06,5225.0,5225.0,5150.0,5175.0,4027.63427734375,47999400,BMRI.JK,0.7782868168780194
2023-04-10,5150.0,5175.0,5050.0,5100.0,3969.262451171875,74787800,BMRI.JK,0.7782867551317402
2023-04-11,5100.0,5100.0,5050.0,5100.0,3969.262451171875,37744800,BMRI.JK,0.7782867551317402
2023-04-12,5100.0,5225.0,5100.0,5150.0,4008.17724609375,111901500,BMRI.JK,0.778286843901699
2023-04-13,5175.0,5200.0,5125.0,5125.0,3988.72021484375,67928500,BMRI.JK,0.7782868711890244
2023-04-14,5150.0,5250.0,5150.0,5225.0,4066.549072265625,142479800,BMRI.JK,0.7782869037828948
2023-04-17,5225.0,5250.0,5125.0,5125.0,3988.72021484375,95789900,BMRI.JK,0.7782868711890244
2023-04-18,5150.0,5250.0,5125.0,5175.0,4027.63427734375,106962300,BMRI.JK,0.7782868168780194
2023-04-26,5400.0,5425.0,5175.0,5200.0,4047.091796875,207338000,BMRI.JK,0.778286884014423
2023-04-27,5175.0,5225.0,5175.0,5200.0,4047.091796875,51076300,BMRI.JK,0.778286884014423
2023-04-28,5225.0,5225.0,5150.0,5175.0,4027.63427734375,116957800,BMRI.JK,0.7782868168780194
2023-05-02,5250.0,5250.0,5175.0,5250.0,4086.006103515625,98024100,BMRI.JK,0.778286876860119
2023-05-03,5250.0,5250.0,5150.0,5225.0,4066.549072265625,110683000,BMRI.JK,0.7782869037828948
2023-05-04,5175.0,5225.0,5125.0,5175.0,4027.63427734375,100945900,BMRI.JK,0.7782868168780194
2023-05-05,5175.0,5200.0,5125.0,5175.0,4027.63427734375,64499500,BMRI.JK,0.7782868168780194
2023-05-08,5175.0,5200.0,5125.0,5125.0,3988.72021484375,64678000,BMRI.JK,0.7782868711890244
2023-05-09,5100.0,5125.0,5050.0,5050.0,3930.348388671875,93531000,BMRI.JK,0.778286809637995
2023-05-10,5050.0,5125.0,5050.0,5075.0,3949.805908203125,58148200,BMRI.JK,0.77828687846367
2023-05-11,5075.0,5100.0,5025.0,5100.0,3969.262451171875,63262300,BMRI.JK,0.7782867551317402
2023-05-12,5075.0,5075.0,5000.0,5000.0,3891.43408203125,105407300,BMRI.JK,0.77828681640625
2023-05-15,5050.0,5050.0,5000.0,5050.0,3930.348388671875,76451700,BMRI.JK,0.778286809637995
2023-05-16,5075.0,5075.0,4980.0,4990.0,3883.6513671875,42752200,BMRI.JK,0.7782868471317635
2023-05-17,4990.0,5075.0,4980.0,5000.0,3891.43408203125,63396700,BMRI.JK,0.77828681640625
2023-05-19,5075.0,5100.0,5025.0,5075.0,3949.805908203125,78499800,BMRI.JK,0.77828687846367
2023-05-22,5100.0,5250.0,5075.0,5225.0,4066.549072265625,120027200,BMRI.JK,0.7782869037828948
2023-05-23,5200.0,5250.0,5100.0,5125.0,3988.72021484375,165534100,BMRI.JK,0.7782868711890244
2023-05-24,5125.0,5150.0,5050.0,5075.0,3949.805908203125,125575300,BMRI.JK,0.77828687846367
2023-05-25,5050.0,5175.0,5050.0,5175.0,4027.63427734375,76424100,BMRI.JK,0.7782868168780194
2023-05-26,5175.0,5200.0,5100.0,5125.0,3988.72021484375,42313700,BMRI.JK,0.7782868711890244
2023-05-29,5175.0,5175.0,5100.0,5150.0,4008.17724609375,60646900,BMRI.JK,0.778286843901699
2023-05-30,5100.0,5200.0,5100.0,5150.0,4008.17724609375,49086100,BMRI.JK,0.778286843901699
2023-05-31,5175.0,5200.0,5050.0,5050.0,3930.348388671875,393735900,BMRI.JK,0.778286809637995
2023-06-05,5100.0,5150.0,5075.0,5075.0,3949.805908203125,149191300,BMRI.JK,0.77828687846367
2023-06-06,5050.0,5100.0,4950.0,5050.0,3930.348388671875,244590500,BMRI.JK,0.778286809637995
2023-06-07,5000.0,5075.0,5000.0,5025.0,3910.89111328125,130408700,BMRI.JK,0.7782867887126865
2023-06-08,5000.0,5075.0,5000.0,5025.0,3910.89111328125,173484200,BMRI.JK,0.7782867887126865
2023-06-09,5025.0,5125.0,5000.0,5125.0,3988.72021484375,150849200,BMRI.JK,0.7782868711890244
2023-06-12,5100.0,5125.0,5050.0,5100.0,3969.262451171875,91080300,BMRI.JK,0.7782867551317402
2023-06-13,5100.0,5175.0,5050.0,5100.0,3969.262451171875,143804700,BMRI.JK,0.7782867551317402
2023-06-14,5125.0,5150.0,5050.0,5050.0,3930.348388671875,96670300,BMRI.JK,0.778286809637995
2023-06-15,5050.0,5150.0,5050.0,5125.0,3988.72021484375,94097900,BMRI.JK,0.7782868711890244
2023-06-16,5125.0,5150.0,5075.0,5150.0,4008.17724609375,103942500,BMRI.JK,0.778286843901699
2023-06-19,5100.0,5150.0,5100.0,5125.0,3988.72021484375,36211300,BMRI.JK,0.7782868711890244
2023-06-20,5100.0,5125.0,5050.0,5100.0,3969.262451171875,44316800,BMRI.JK,0.7782867551317402
2023-06-21,5050.0,5100.0,5050.0,5100.0,3969.262451171875,58061600,BMRI.JK,0.7782867551317402
2023-06-22,5100.0,5150.0,5075.0,5075.0,3949.805908203125,60457300,BMRI.JK,0.77828687846367
2023-06-23,5075.0,5125.0,5050.0,5075.0,3949.805908203125,47276900,BMRI.JK,0.77828687846367
2023-06-26,5100.0,5175.0,5075.0,5125.0,3988.72021484375,74263700,BMRI.JK,0.7782868711890244
2023-06-27,5175.0,5250.0,5150.0,5200.0,4047.091796875,101592900,BMRI.JK,0.778286884014423
2023-07-03,5125.0,5350.0,5125.0,5350.0,4163.83447265625,227354700,BMRI.JK,0.7782868173189252
2023-07-04,5400.0,5400.0,5225.0,5250.0,4086.006103515625,119841200,BMRI.JK,0.778286876860119
2023-07-05,5300.0,5325.0,5250.0,5275.0,4105.46337890625,78430000,BMRI.JK,0.7782868964751185
2023-07-06,5300.0,5350.0,5250.0,5300.0,4124.919921875,90981000,BMRI.JK,0.7782867777122642
2023-07-07,5275.0,5300.0,5150.0,5150.0,4008.17724609375,128515100,BMRI.JK,0.778286843901699
2023-07-10,5175.0,5225.0,5150.0,5175.0,4027.63427734375,82685700,BMRI.JK,0.7782868168780194
2023-07-11,5200.0,5300.0,5175.0,5275.0,4105.46337890625,100578900,BMRI.JK,0.7782868964751185
2023-07-12,5300.0,5375.0,5250.0,5300.0,4124.919921875,123947700,BMRI.JK,0.7782867777122642
2023-07-13,5375.0,5375.0,5275.0,5350.0,4163.83447265625,101281200,BMRI.JK,0.7782868173189252
2023-07-14,5400.0,5425.0,5350.0,5400.0,4202.7490234375,122343600,BMRI.JK,0.7782868561921297
2023-07-17,5425.0,5475.0,5375.0,5375.0,4183.29150390625,99897600,BMRI.JK,0.7782867914244186
2023-07-18,5375.0,5425.0,5300.0,5350.0,4163.83447265625,65073800,BMRI.JK,0.7782868173189252
2023-07-20,5400.0,5550.0,5400.0,5525.0,4300.03466796875,132054000,BMRI.JK,0.7782868177319004
2023-07-21,5550.0,5575.0,5450.0,5550.0,4319.4921875,111275700,BMRI.JK,0.7782868806306307
2023-07-24,5550.0,5625.0,5500.0,5500.0,4280.57763671875,54865000,BMRI.JK,0.7782868430397727
2023-07-25,5550.0,5575.0,5500.0,5550.0,4319.4921875,65237300,BMRI.JK,0.7782868806306307
2023-07-26,5550.0,5600.0,5525.0,5575.0,4338.94921875,88526700,BMRI.JK,0.7782868553811659
2023-07-27,5575.0,5700.0,5575.0,5625.0,4377.86328125,86556200,BMRI.JK,0.7782868055555555
2023-07-28,5625.0,5725.0,5625.0,5700.0,4436.23486328125,121968500,BMRI.JK,0.7782868181195175
2023-07-31,5800.0,5800.0,5625.0,5725.0,4455.6923828125,189375700,BMRI.JK,0.7782868790938865
2023-08-01,5650.0,5725.0,5600.0,5650.0,4397.3203125,114702500,BMRI.JK,0.7782867809734513
2023-08-02,5625.0,5750.0,5600.0,5700.0,4436.23486328125,133546200,BMRI.JK,0.7782868181195175
2023-08-03,5725.0,5825.0,5700.0,5800.0,4514.0634765625,68587500,BMRI.JK,0.7782868063038794
2023-08-04,5800.0,5825.0,5750.0,5775.0,4494.6064453125,47144200,BMRI.JK,0.7782868303571429
2023-08-07,5850.0,5925.0,5825.0,5875.0,4572.43505859375,104342100,BMRI.JK,0.7782868184840426
2023-08-08,5900.0,5950.0,5875.0,5900.0,4591.892578125,66473200,BMRI.JK,0.7782868776483051
2023-08-09,5900.0,5950.0,5850.0,5900.0,4591.892578125,64495400,BMRI.JK,0.7782868776483051
2023-08-10,5925.0,6000.0,5900.0,5975.0,4650.26416015625,78859600,BMRI.JK,0.7782868887290795
2023-08-11,5975.0,6025.0,5900.0,5925.0,4611.34912109375,46568600,BMRI.JK,0.778286771492616
2023-08-14,5925.0,5950.0,5800.0,5950.0,4630.806640625,86460500,BMRI.JK,0.7782868303571429
2023-08-15,5900.0,5925.0,5800.0,5800.0,4514.0634765625,116815700,BMRI.JK,0.7782868063038794
2023-08-16,5775.0,5800.0,5675.0,5800.0,4514.0634765625,163744100,BMRI.JK,0.7782868063038794
2023-08-18,5725.0,5825.0,5725.0,5775.0,4494.6064453125,104894600,BMRI.JK,0.7782868303571429
2023-08-21,5800.0,5875.0,5800.0,5825.0,4533.52099609375,61845800,BMRI.JK,0.7782868662821888
2023-08-22,5800.0,5950.0,5800.0,5950.0,4630.806640625,93617200,BMRI.JK,0.7782868303571429
2023-08-23,5950.0,5950.0,5850.0,5850.0,4552.97802734375,40844700,BMRI.JK,0.7782868422809829
2023-08-24,5900.0,5950.0,5875.0,5950.0,4630.806640625,42648300,BMRI.JK,0.7782868303571429
2023-08-25,5900.0,5925.0,5825.0,5900.0,4591.892578125,65093100,BMRI.JK,0.7782868776483051
2023-08-28,5950.0,6025.0,5900.0,6000.0,4669.720703125,63980400,BMRI.JK,0.7782867838541667
2023-08-29,6000.0,6025.0,5950.0,5950.0,4630.806640625,50839300,BMRI.JK,0.7782868303571429
2023-08-30,5925.0,6100.0,5925.0,5975.0,4650.26416015625,65727400,BMRI.JK,0.7782868887290795
2023-08-31,6000.0,6075.0,5900.0,6025.0,4689.17822265625,159062900,BMRI.JK,0.7782868419346473
2023-09-01,6075.0,6125.0,6050.0,6075.0,4728.0927734375,50796000,BMRI.JK,0.7782868762860082
2023-09-04,6075.0,6150.0,6050.0,6100.0,4747.5498046875,56317700,BMRI.JK,0.778286853227459
2023-09-05,6100.0,6150.0,6075.0,6100.0,4747.5498046875,24893100,BMRI.JK,0.778286853227459
2023-09-06,6050.0,6125.0,6050.0,6050.0,4708.63525390625,40547800,BMRI.JK,0.7782868188274793
2023-09-07,6000.0,6025.0,5825.0,5875.0,4572.43505859375,124351400,BMRI.JK,0.7782868184840426
2023-09-08,5900.0,5925.0,5775.0,5900.0,4591.892578125,81980400,BMRI.JK,0.7782868776483051
2023-09-11,5900.0,5925.0,5825.0,5925.0,4611.34912109375,74510600,BMRI.JK,0.778286771492616
2023-09-12,5950.0,5950.0,5850.0,5875.0,4572.43505859375,54076800,BMRI.JK,0.7782868184840426
2023-09-13,5825.0,5850.0,5775.0,5850.0,4552.97802734375,69884000,BMRI.JK,0.7782868422809829
2023-09-14,5825.0,5875.0,5775.0,5825.0,4533.52099609375,59132600,BMRI.JK,0.7782868662821888
2023-09-15,5900.0,5975.0,5850.0,5925.0,4611.34912109375,165106200,BMRI.JK,0.778286771492616
2023-09-18,5900.0,5950.0,5875.0,5900.0,4591.892578125,53450400,BMRI.JK,0.7782868776483051
2023-09-19,5900.0,6075.0,5875.0,6000.0,4669.720703125,84608400,BMRI.JK,0.7782867838541667
2023-09-20,6100.0,6125.0,6050.0,6075.0,4728.0927734375,64864900,BMRI.JK,0.7782868762860082
2023-09-21,6050.0,6075.0,5975.0,6000.0,4669.720703125,60535000,BMRI.JK,0.7782867838541667
2023-09-22,6000.0,6050.0,5975.0,6000.0,4669.720703125,51069900,BMRI.JK,0.7782867838541667
2023-09-25,6000.0,6050.0,5975.0,6000.0,4669.720703125,40650900,BMRI.JK,0.7782867838541667
2023-09-26,5975.0,6000.0,5850.0,5925.0,4611.34912109375,109786400,BMRI.JK,0.778286771492616
2023-09-27,5925.0,6050.0,5900.0,6000.0,4669.720703125,75050600,BMRI.JK,0.7782867838541667
2023-09-29,6050.0,6050.0,6000.0,6025.0,4689.17822265625,71554100,BMRI.JK,0.7782868419346473
2023-10-02,6025.0,6100.0,6025.0,6050.0,4708.63525390625,33296500,BMRI.JK,0.7782868188274793
2023-10-03,6000.0,6075.0,6000.0,6075.0,4728.0927734375,37093100,BMRI.JK,0.7782868762860082
2023-10-04,6075.0,6125.0,5975.0,6125.0,4767.0068359375,69154000,BMRI.JK,0.7782868303571429
2023-10-05,6150.0,6200.0,6100.0,6125.0,4767.0068359375,69566800,BMRI.JK,0.7782868303571429
2023-10-06,6150.0,6150.0,6025.0,6025.0,4689.17822265625,25913600,BMRI.JK,0.7782868419346473
2023-10-09,6025.0,6050.0,5900.0,5900.0,4591.892578125,45321700,BMRI.JK,0.7782868776483051
2023-10-10,5900.0,6075.0,5900.0,6000.0,4669.720703125,42820800,BMRI.JK,0.7782867838541667
2023-10-11,5950.0,6175.0,5950.0,6050.0,4708.63525390625,72955000,BMRI.JK,0.7782868188274793
2023-10-12,6075.0,6175.0,6050.0,6075.0,4728.0927734375,91341800,BMRI.JK,0.7782868762860082
2023-10-13,6075.0,6150.0,6025.0,6075.0,4728.0927734375,39914700,BMRI.JK,0.7782868762860082
2023-10-16,6025.0,6075.0,5975.0,6025.0,4689.17822265625,53416400,BMRI.JK,0.7782868419346473
2023-10-17,6000.0,6025.0,5925.0,6000.0,4669.720703125,74702300,BMRI.JK,0.7782867838541667
2023-10-18,5925.0,5950.0,5825.0,5850.0,4552.97802734375,80637400,BMRI.JK,0.7782868422809829
2023-10-19,5775.0,5800.0,5700.0,5725.0,4455.6923828125,160277800,BMRI.JK,0.7782868790938865
2023-10-20,5675.0,5800.0,5650.0,5750.0,4475.1494140625,82132000,BMRI.JK,0.7782868546195653
2023-10-23,5700.0,5725.0,5625.0,5675.0,4416.77783203125,73897500,BMRI.JK,0.7782868426486784
2023-10-24,5700.0,5800.0,5675.0,5750.0,4475.1494140625,72469200,BMRI.JK,0.7782868546195653
2023-10-25,5825.0,5900.0,5775.0,5850.0,4552.97802734375,90426500,BMRI.JK,0.7782868422809829
2023-10-26,5800.0,5850.0,5700.0,5700.0,4436.23486328125,86348700,BMRI.JK,0.7782868181195175
2023-10-27,5750.0,5775.0,5700.0,5700.0,4436.23486328125,90177000,BMRI.JK,0.7782868181195175
2023-10-30,5700.0,5725.0,5625.0,5725.0,4455.6923828125,81547000,BMRI.JK,0.7782868790938865
2023-10-31,5800.0,5850.0,5650.0,5675.0,4416.77783203125,99449400,BMRI.JK,0.7782868426486784
2023-11-01,5700.0,5700.0,5625.0,5650.0,4397.3203125,74281200,BMRI.JK,0.7782867809734513
2023-11-02,5750.0,5925.0,5725.0,5900.0,4591.892578125,115678200,BMRI.JK,0.7782868776483051
2023-11-03,5925.0,5975.0,5825.0,5825.0,4533.52099609375,53379500,BMRI.JK,0.7782868662821888
2023-11-06,5900.0,5925.0,5850.0,5925.0,4611.34912109375,58266100,BMRI.JK,0.778286771492616
2023-11-07,5950.0,5975.0,5800.0,5875.0,4572.43505859375,56161300,BMRI.JK,0.7782868184840426
2023-11-08,5775.0,5850.0,5725.0,5850.0,4552.97802734375,63442400,BMRI.JK,0.7782868422809829
2023-11-09,5825.0,5900.0,5800.0,5875.0,4572.43505859375,45026200,BMRI.JK,0.7782868184840426
2023-11-10,5850.0,5850.0,5775.0,5775.0,4494.6064453125,59611500,BMRI.JK,0.7782868303571429
2023-11-13,5850.0,5850.0,5800.0,5825.0,4533.52099609375,17444600,BMRI.JK,0.7782868662821888
2023-11-14,5825.0,5900.0,5800.0,5825.0,4533.52099609375,50587800,BMRI.JK,0.7782868662821888
2023-11-15,5900.0,5975.0,5875.0,5925.0,4611.34912109375,74255700,BMRI.JK,0.778286771492616
2023-11-16,5850.0,5925.0,5825.0,5925.0,4611.34912109375,36004500,BMRI.JK,0.778286771492616
2023-11-17,5875.0,5950.0,5850.0,5900.0,4591.892578125,33963900,BMRI.JK,0.7782868776483051
2023-11-20,5825.0,5925.0,5825.0,5875.0,4572.43505859375,20014600,BMRI.JK,0.7782868184840426
2023-11-21,5850.0,5925.0,5825.0,5875.0,4572.43505859375,55094300,BMRI.JK,0.7782868184840426
2023-11-22,5825.0,5900.0,5825.0,5875.0,4572.43505859375,21111100,BMRI.JK,0.7782868184840426
2023-11-23,5950.0,5950.0,5900.0,5900.0,4591.892578125,36725600,BMRI.JK,0.7782868776483051
2023-11-24,5925.0,5925.0,5850.0,5875.0,4572.43505859375,27087900,BMRI.JK,0.7782868184840426
2023-11-27,5900.0,5925.0,5875.0,5900.0,4591.892578125,39719300,BMRI.JK,0.7782868776483051
2023-11-28,5900.0,5925.0,5875.0,5900.0,4591.892578125,58255800,BMRI.JK,0.7782868776483051
2023-11-29,5850.0,5925.0,5825.0,5850.0,4552.97802734375,36796600,BMRI.JK,0.7782868422809829
2023-11-30,5850.0,5925.0,5825.0,5850.0,4552.97802734375,117365000,BMRI.JK,0.7782868422809829
2023-12-01,5850.0,5900.0,5825.0,5900.0,4591.892578125,31365100,BMRI.JK,0.7782868776483051
2023-12-04,5925.0,6025.0,5900.0,6000.0,4669.720703125,66145100,BMRI.JK,0.7782867838541667
2023-12-05,6000.0,6000.0,5875.0,5975.0,4650.26416015625,58668400,BMRI.JK,0.7782868887290795
2023-12-06,5925.0,5950.0,5800.0,5800.0,4514.0634765625,88747200,BMRI.JK,0.7782868063038794
2023-12-07,5800.0,5825.0,5725.0,5750.0,4475.1494140625,97966700,BMRI.JK,0.7782868546195653
2023-12-08,5750.0,5775.0,5650.0,5700.0,4436.23486328125,98036700,BMRI.JK,0.7782868181195175
2023-12-11,5650.0,5800.0,5650.0,5775.0,4494.6064453125,68655000,BMRI.JK,0.7782868303571429
2023-12-12,5800.0,5825.0,5750.0,5800.0,4514.0634765625,55110500,BMRI.JK,0.7782868063038794
2023-12-13,5750.0,5775.0,5700.0,5725.0,4455.6923828125,121450600,BMRI.JK,0.7782868790938865
2023-12-14,5825.0,6025.0,5800.0,5950.0,4630.806640625,171595800,BMRI.JK,0.7782868303571429
2023-12-15,5950.0,6000.0,5900.0,5900.0,4591.892578125,142382200,BMRI.JK,0.7782868776483051
2023-12-18,5850.0,5950.0,5850.0,5925.0,4611.34912109375,101458600,BMRI.JK,0.778286771492616
2023-12-19,5950.0,5975.0,5925.0,5975.0,4650.26416015625,40763200,BMRI.JK,0.7782868887290795
2023-12-20,5900.0,5975.0,5900.0,5925.0,4611.34912109375,65361000,BMRI.JK,0.778286771492616
2023-12-21,5950.0,5975.0,5925.0,5975.0,4650.26416015625,50363900,BMRI.JK,0.7782868887290795
2023-12-22,5950.0,5975.0,5925.0,5975.0,4650.26416015625,29975600,BMRI.JK,0.7782868887290795
2023-12-27,6000.0,6025.0,5925.0,6000.0,4669.720703125,43114900,BMRI.JK,0.7782867838541667
2023-12-28,6050.0,6150.0,6000.0,6125.0,4767.0068359375,75118700,BMRI.JK,0.7782868303571429
2023-12-29,6125.0,6125.0,6000.0,6050.0,4708.63525390625,63097100,BMRI.JK,0.7782868188274793
2024-01-02,6050.0,6125.0,6025.0,6125.0,4767.0068359375,26235700,BMRI.JK,0.7782868303571429
2024-01-03,6100.0,6150.0,6050.0,6100.0,4747.5498046875,30053900,BMRI.JK,0.778286853227459
2024-01-04,6125.0,6400.0,6100.0,6350.0,4942.12109375,135344500,BMRI.JK,0.7782867864173229
2024-01-05,6400.0,6475.0,6350.0,6425.0,5000.4931640625,114339400,BMRI.JK,0.7782868737840467
2024-01-08,6500.0,6600.0,6375.0,6400.0,4981.03564453125,151018300,BMRI.JK,0.7782868194580078
2024-01-09,6425.0,6450.0,6350.0,6375.0,4961.57861328125,77953400,BMRI.JK,0.7782868412990196
2024-01-10,6375.0,6450.0,6325.0,6425.0,5000.4931640625,50019800,BMRI.JK,0.7782868737840467
2024-01-11,6425.0,6500.0,6400.0,6450.0,5019.95068359375,32120200,BMRI.JK,0.7782869276889535
2024-01-12,6575.0,6675.0,6525.0,6575.0,5117.23583984375,114039700,BMRI.JK,0.7782868197480989
2024-01-15,6575.0,6625.0,6475.0,6500.0,5058.8642578125,83066800,BMRI.JK,0.7782868088942307
2024-01-16,6525.0,6625.0,6500.0,6525.0,5078.3212890625,83516800,BMRI.JK,0.7782867875957854
2024-01-17,6525.0,6625.0,6500.0,6525.0,5078.3212890625,80929000,BMRI.JK,0.7782867875957854
2024-01-18,6525.0,6550.0,6475.0,6525.0,5078.3212890625,78209900,BMRI.JK,0.7782867875957854
2024-01-19,6500.0,6525.0,6425.0,6525.0,5078.3212890625,74814000,BMRI.JK,0.7782867875957854
2024-01-22,6500.0,6550.0,6450.0,6500.0,5058.8642578125,96993100,BMRI.JK,0.7782868088942307
2024-01-23,6525.0,6550.0,6450.0,6500.0,5058.8642578125,77037800,BMRI.JK,0.7782868088942307
2024-01-24,6450.0,6475.0,6350.0,6400.0,4981.03564453125,97290600,BMRI.JK,0.7782868194580078
2024-01-25,6325.0,6400.0,6250.0,6275.0,4883.75,99094100,BMRI.JK,0.7782868525896415
2024-01-26,6250.0,6325.0,6225.0,6300.0,4903.20703125,77236800,BMRI.JK,0.7782868303571429
2024-01-29,6350.0,6475.0,6275.0,6475.0,5039.4072265625,124753000,BMRI.JK,0.7782868303571429
2024-01-30,6475.0,6700.0,6450.0,6650.0,5175.607421875,123330900,BMRI.JK,0.7782868303571429
2024-01-31,6650.0,6700.0,6650.0,6650.0,5175.607421875,128185000,BMRI.JK,0.7782868303571429
2024-02-01,6575.0,6625.0,6500.0,6550.0,5097.77880859375,168145800,BMRI.JK,0.7782868410066794
2024-02-02,6625.0,6675.0,6600.0,6675.0,5195.064453125,120116200,BMRI.JK,0.7782868094569289
2024-02-05,6700.0,6950.0,6675.0,6825.0,5311.80712890625,150535100,BMRI.JK,0.7782867588141026
2024-02-06,6825.0,6925.0,6775.0,6850.0,5331.2646484375,90146000,BMRI.JK,0.778286809990876
2024-02-07,6875.0,6950.0,6850.0,6950.0,5409.09326171875,88745500,BMRI.JK,0.7782868002473021
2024-02-12,7150.0,7200.0,7050.0,7100.0,5525.83642578125,162771300,BMRI.JK,0.7782868205325705
2024-02-13,7100.0,7125.0,7025.0,7025.0,5467.46533203125,102668900,BMRI.JK,0.7782868800044483
2024-02-15,7300.0,7375.0,7150.0,7200.0,5603.66552734375,220530000,BMRI.JK,0.778286878797743
2024-02-16,7375.0,7400.0,7200.0,7200.0,5603.66552734375,142022100,BMRI.JK,0.778286878797743
2024-02-19,7150.0,7325.0,7125.0,7150.0,5564.75048828125,83753500,BMRI.JK,0.7782867815777972
2024-02-20,7250.0,7250.0,7150.0,7150.0,5564.75048828125,87312000,BMRI.JK,0.7782867815777972
2024-02-21,7125.0,7250.0,7075.0,7250.0,5642.57958984375,128063900,BMRI.JK,0.7782868399784483
2024-02-22,7175.0,7200.0,7100.0,7100.0,5525.83642578125,85735800,BMRI.JK,0.7782868205325705
2024-02-23,7050.0,7100.0,7000.0,7050.0,5486.92236328125,109404700,BMRI.JK,0.7782868600398937
2024-02-26,6950.0,7075.0,6950.0,7050.0,5486.92236328125,65407700,BMRI.JK,0.7782868600398937
2024-02-27,6975.0,7100.0,6975.0,7075.0,5506.37939453125,58066100,BMRI.JK,0.7782868402164311
2024-02-28,7025.0,7125.0,7025.0,7125.0,5545.29345703125,49888400,BMRI.JK,0.7782868009868421
2024-02-29,7125.0,7150.0,7000.0,7000.0,5448.0078125,150713600,BMRI.JK,0.7782868303571429
2024-03-01,7050.0,7075.0,6975.0,7025.0,5467.46533203125,90739400,BMRI.JK,0.7782868800044483
2024-03-04,7000.0,7050.0,6975.0,7025.0,5467.46533203125,44707200,BMRI.JK,0.7782868800044483
2024-03-05,7075.0,7100.0,7000.0,7025.0,5467.46533203125,92557200,BMRI.JK,0.7782868800044483
2024-03-06,7000.0,7100.0,7000.0,7075.0,5506.37939453125,74178100,BMRI.JK,0.7782868402164311
2024-03-07,7075.0,7125.0,7025.0,7100.0,5525.83642578125,94950400,BMRI.JK,0.7782868205325705
2024-03-08,7150.0,7175.0,7100.0,7125.0,5545.29345703125,109032400,BMRI.JK,0.7782868009868421
2024-03-13,7250.0,7275.0,7150.0,7275.0,5662.03662109375,126022700,BMRI.JK,0.7782868207689003
2024-03-14,7250.0,7400.0,7225.0,7400.0,5759.3232421875,161193000,BMRI.JK,0.7782869246199324
2024-03-15,7450.0,7500.0,7275.0,7400.0,5759.3232421875,250581100,BMRI.JK,0.7782869246199324
2024-03-18,7425.0,7425.0,7175.0,7175.0,5584.2080078125,105778200,BMRI.JK,0.7782868303571429
2024-03-19,7250.0,7350.0,7225.0,7275.0,5662.03662109375,100836600,BMRI.JK,0.7782868207689003
2024-03-20,7050.0,7050.0,7000.0,7050.0,5767.53564453125,83416700,BMRI.JK,0.8180901623448582
2024-03-21,7100.0,7200.0,7050.0,7050.0,5767.53564453125,81774800,BMRI.JK,0.8180901623448582
2024-03-22,7000.0,7075.0,6950.0,7050.0,5767.53564453125,65219900,BMRI.JK,0.8180901623448582
2024-03-25,7250.0,7250.0,7000.0,7250.0,5931.1533203125,78212700,BMRI.JK,0.8180901131465518
2024-03-26,7225.0,7225.0,7125.0,7175.0,5869.79736328125,74274300,BMRI.JK,0.818090224847561
2024-03-27,7200.0,7250.0,7175.0,7175.0,5869.79736328125,46295700,BMRI.JK,0.818090224847561
2024-03-28,7150.0,7250.0,7125.0,7250.0,5931.1533203125,90900900,BMRI.JK,0.8180901131465518
2024-04-01,7250.0,7250.0,6750.0,6900.0,5644.822265625,158358600,BMRI.JK,0.818090183423913
2024-04-02,6900.0,6900.0,6700.0,6900.0,5644.822265625,135764900,BMRI.JK,0.818090183423913
2024-04-03,6950.0,6950.0,6675.0,6775.0,5542.56103515625,115372600,BMRI.JK,0.8180901896909594
2024-04-04,6750.0,6925.0,6750.0,6875.0,5624.36962890625,63174900,BMRI.JK,0.8180901278409091
2024-04-05,6825.0,6900.0,6825.0,6825.0,5583.46484375,46111500,BMRI.JK,0.818090086996337
2024-04-16,6350.0,6725.0,6300.0,6625.0,5419.84716796875,180012400,BMRI.JK,0.8180901385613207
2024-04-17,6700.0,6775.0,6625.0,6625.0,5419.84716796875,83840200,BMRI.JK,0.8180901385613207
2024-04-18,6800.0,6900.0,6725.0,6800.0,5563.01318359375,106893900,BMRI.JK,0.8180901740579044
2024-04-19,6725.0,6800.0,6650.0,6725.0,5501.65625,47943300,BMRI.JK,0.8180901486988847
2024-04-22,6875.0,6875.0,6575.0,6725.0,5501.65625,121727900,BMRI.JK,0.8180901486988847
2024-04-23,6850.0,6925.0,6725.0,6825.0,5583.46484375,106699200,BMRI.JK,0.818090086996337
2024-04-24,6925.0,7050.0,6900.0,7050.0,5767.53564453125,117586500,BMRI.JK,0.8180901623448582
2024-04-25,7050.0,7075.0,6925.0,6950.0,5685.7265625,111803500,BMRI.JK,0.8180901528776978
2024-04-26,7000.0,7025.0,6750.0,6750.0,5522.10888671875,125875000,BMRI.JK,0.8180902054398148
2024-04-29,6650.0,6950.0,6650.0,6925.0,5665.2744140625,77938400,BMRI.JK,0.8180901680956679
2024-04-30,6800.0,7050.0,6775.0,6900.0,5644.822265625,189991300,BMRI.JK,0.818090183423913
2024-05-02,6800.0,6800.0,6050.0,6325.0,5174.42041015625,501849300,BMRI.JK,0.818090183423913
2024-05-03,6300.0,6425.0,6050.0,6150.0,5031.25439453125,269305400,BMRI.JK,0.8180901454522358
2024-05-06,6250.0,6400.0,6150.0,6275.0,5133.515625,184234200,BMRI.JK,0.8180901394422311
2024-05-07,6325.0,6400.0,6250.0,6275.0,5133.515625,130410300,BMRI.JK,0.8180901394422311
2024-05-08,6325.0,6450.0,6250.0,6275.0,5133.515625,117065300,BMRI.JK,0.8180901394422311
2024-05-13,6200.0,6275.0,6125.0,6200.0,5072.1591796875,128638300,BMRI.JK,0.8180901902721774
2024-05-14,6175.0,6300.0,6175.0,6200.0,5072.1591796875,94048400,BMRI.JK,0.8180901902721774
2024-05-15,6200.0,6400.0,6200.0,6375.0,5215.3251953125,80923000,BMRI.JK,0.8180902267156863
2024-05-16,6450.0,6500.0,6325.0,6350.0,5194.87255859375,114806300,BMRI.JK,0.8180901667076772
2024-05-17,6350.0,6650.0,6350.0,6575.0,5378.94287109375,133153900,BMRI.JK,0.8180901705085551
2024-05-20,6550.0,6625.0,6200.0,6325.0,5174.42041015625,168796000,BMRI.JK,0.818090183423913
2024-05-21,6225.0,6275.0,5975.0,6025.0,4928.99267578125,307362900,BMRI.JK,0.8180900706690871
2024-05-22,6000.0,6150.0,5950.0,6050.0,4949.4453125,171675900,BMRI.JK,0.8180901342975206
2024-05-27,6025.0,6050.0,5825.0,5825.0,4765.375,258450900,BMRI.JK,0.8180901287553648
2024-05-28,5850.0,6025.0,5825.0,5950.0,4867.63671875,93701700,BMRI.JK,0.8180902048319327
2024-05-29,5825.0,5875.0,5700.0,5800.0,4744.92333984375,169386300,BMRI.JK,0.8180902310075431
2024-05-30,5775.0,6000.0,5525.0,5875.0,4806.279296875,236632600,BMRI.JK,0.8180900930851064
2024-05-31,6000.0,6025.0,5900.0,5900.0,4826.73193359375,169567000,BMRI.JK,0.8180901582362288
2024-06-03,6075.0,6150.0,6025.0,6100.0,4990.35009765625,92525600,BMRI.JK,0.8180901799436475
2024-06-04,6150.0,6275.0,6125.0,6150.0,5031.25439453125,137800600,BMRI.JK,0.8180901454522358
2024-06-05,6125.0,6150.0,5975.0,6000.0,4908.54150390625,102327300,BMRI.JK,0.8180902506510417
2024-06-06,6125.0,6200.0,6075.0,6175.0,5051.70703125,85735200,BMRI.JK,0.8180902074898786
2024-06-07,6250.0,6275.0,6150.0,6275.0,5133.515625,99092800,BMRI.JK,0.8180901394422311
2024-06-10,6275.0,6350.0,6200.0,6275.0,5133.515625,80154400,BMRI.JK,0.8180901394422311
2024-06-11,6200.0,6250.0,6125.0,6125.0,5010.80224609375,56254400,BMRI.JK,0.818090162627551
2024-06-12,6050.0,6075.0,5900.0,5925.0,4847.18408203125,120857200,BMRI.JK,0.8180901404272152
2024-06-13,5975.0,6000.0,5850.0,5875.0,4806.279296875,162616700,BMRI.JK,0.8180900930851064
2024-06-14,5850.0,5875.0,5650.0,5750.0,4704.0185546875,203241500,BMRI.JK,0.818090183423913
2024-06-19,5775.0,5850.0,5675.0,5750.0,4704.0185546875,116004200,BMRI.JK,0.818090183423913
2024-06-20,5825.0,5950.0,5750.0,5950.0,4867.63671875,82660000,BMRI.JK,0.8180902048319327
2024-06-21,6050.0,6200.0,6025.0,6125.0,5010.80224609375,184240600,BMRI.JK,0.818090162627551
2024-06-24,6075.0,6125.0,6000.0,6000.0,4908.54150390625,58831900,BMRI.JK,0.8180902506510417
2024-06-25,5925.0,5975.0,5825.0,5925.0,4847.18408203125,159983800,BMRI.JK,0.8180901404272152
2024-06-26,5950.0,6025.0,5850.0,5850.0,4785.82763671875,92895700,BMRI.JK,0.8180901943108975
2024-06-27,5900.0,6075.0,5875.0,6000.0,4908.54150390625,117602400,BMRI.JK,0.8180902506510417
2024-06-28,6000.0,6250.0,6000.0,6150.0,5031.25439453125,191371600,BMRI.JK,0.8180901454522358
2024-07-01,6175.0,6250.0,6100.0,6250.0,5113.0634765625,100408200,BMRI.JK,0.81809015625
2024-07-02,6275.0,6350.0,6150.0,6200.0,5072.1591796875,159356600,BMRI.JK,0.8180901902721774
2024-07-03,6275.0,6300.0,6100.0,6225.0,5092.611328125,70017100,BMRI.JK,0.8180901731927711
2024-07-04,6250.0,6400.0,6225.0,6250.0,5113.0634765625,90147800,BMRI.JK,0.81809015625
2024-07-05,6325.0,6500.0,6300.0,6425.0,5256.22900390625,111646800,BMRI.JK,0.8180901173394942
2024-07-08,6400.0,6425.0,6200.0,6225.0,5092.611328125,138144000,BMRI.JK,0.8180901731927711
2024-07-09,6225.0,6400.0,6200.0,6375.0,5215.3251953125,84177600,BMRI.JK,0.8180902267156863
2024-07-10,6375.0,6450.0,6300.0,6375.0,5215.3251953125,59685300,BMRI.JK,0.8180902267156863
2024-07-11,6400.0,6425.0,6350.0,6400.0,5235.77734375,66789800,BMRI.JK,0.8180902099609375
2024-07-12,6450.0,6550.0,6400.0,6425.0,5256.22900390625,136132200,BMRI.JK,0.8180901173394942
2024-07-15,6450.0,6450.0,6300.0,6350.0,5194.87255859375,66071800,BMRI.JK,0.8180901667076772
2024-07-16,6400.0,6400.0,6300.0,6350.0,5194.87255859375,64687900,BMRI.JK,0.8180901667076772
2024-07-17,6450.0,6525.0,6375.0,6450.0,5276.68115234375,109729800,BMRI.JK,0.8180901011385658
2024-07-18,6550.0,6600.0,6500.0,6550.0,5358.49072265625,132532000,BMRI.JK,0.8180901866650764
2024-07-19,6500.0,6525.0,6450.0,6525.0,5338.03857421875,63165500,BMRI.JK,0.8180902029454022
2024-07-22,6575.0,6700.0,6525.0,6700.0,5481.2041015625,110467000,BMRI.JK,0.8180901644123134
2024-07-23,6750.0,6750.0,6550.0,6625.0,5419.84716796875,77861700,BMRI.JK,0.8180901385613207
2024-07-24,6500.0,6575.0,6475.0,6475.0,5297.1337890625,63940900,BMRI.JK,0.818090160472973
2024-07-25,6450.0,6575.0,6400.0,6575.0,5378.94287109375,66655400,BMRI.JK,0.8180901705085551
2024-07-26,6575.0,6625.0,6500.0,6550.0,5358.49072265625,76519500,BMRI.JK,0.8180901866650764
2024-07-29,6550.0,6550.0,6450.0,6475.0,5297.1337890625,54435300,BMRI.JK,0.818090160472973
2024-07-30,6475.0,6550.0,6375.0,6475.0,5297.1337890625,86701400,BMRI.JK,0.818090160472973
2024-07-31,6400.0,6475.0,6375.0,6400.0,5235.77734375,99004100,BMRI.JK,0.8180902099609375
2024-08-01,6550.0,6750.0,6500.0,6750.0,5522.10888671875,163086200,BMRI.JK,0.8180902054398148
2024-08-02,6700.0,6875.0,6675.0,6800.0,5563.01318359375,167892400,BMRI.JK,0.8180901740579044
2024-08-05,6700.0,6725.0,6500.0,6575.0,5378.94287109375,184384000,BMRI.JK,0.8180901705085551
2024-08-06,6650.0,6700.0,6525.0,6625.0,5419.84716796875,95785000,BMRI.JK,0.8180901385613207
2024-08-07,6725.0,6775.0,6650.0,6775.0,5542.56103515625,84582200,BMRI.JK,0.8180901896909594
2024-08-08,6800.0,6850.0,6725.0,6800.0,5563.01318359375,81408500,BMRI.JK,0.8180901740579044
2024-08-09,6825.0,6900.0,6800.0,6850.0,5603.91748046875,79710700,BMRI.JK,0.8180901431341241
2024-08-12,6875.0,6900.0,6775.0,6900.0,5644.822265625,50756000,BMRI.JK,0.818090183423913
2024-08-13,6850.0,7000.0,6850.0,7000.0,5726.630859375,68666000,BMRI.JK,0.8180901227678572
2024-08-14,7075.0,7100.0,7025.0,7075.0,5787.98828125,97695100,BMRI.JK,0.8180902164310954
2024-08-15,7075.0,7075.0,6925.0,7025.0,5747.08349609375,75955500,BMRI.JK,0.8180901773798932
2024-08-16,7075.0,7125.0,7025.0,7075.0,5787.98828125,64266400,BMRI.JK,0.8180902164310954
2024-08-19,7075.0,7150.0,7025.0,7150.0,5849.3447265625,50246100,BMRI.JK,0.8180901715472028
2024-08-20,7200.0,7350.0,7150.0,7200.0,5890.2490234375,102615900,BMRI.JK,0.8180901421440973
2024-08-21,7300.0,7300.0,7225.0,7250.0,5931.1533203125,88487800,BMRI.JK,0.8180901131465518
2024-08-22,7150.0,7175.0,6925.0,7050.0,5767.53564453125,157323000,BMRI.JK,0.8180901623448582
2024-08-23,7000.0,7075.0,6975.0,7050.0,5767.53564453125,111752100,BMRI.JK,0.8180901623448582
2024-08-26,7050.0,7100.0,7000.0,7050.0,5767.53564453125,78515400,BMRI.JK,0.8180901623448582
2024-08-27,7025.0,7050.0,6925.0,7025.0,5747.08349609375,91686700,BMRI.JK,0.8180901773798932
2024-08-28,7025.0,7225.0,7000.0,7225.0,5910.701171875,114606200,BMRI.JK,0.8180901275951558
2024-08-29,7300.0,7300.0,7100.0,7100.0,5808.43994140625,94475900,BMRI.JK,0.8180901325924296
2024-08-30,7100.0,7175.0,7075.0,7125.0,5828.892578125,153760500,BMRI.JK,0.8180901864035087
2024-09-02,7200.0,7275.0,7125.0,7200.0,5890.2490234375,82176000,BMRI.JK,0.8180901421440973
2024-09-03,7200.0,7250.0,7050.0,7075.0,5787.98828125,75100800,BMRI.JK,0.8180902164310954
2024-09-04,7000.0,7175.0,7000.0,7175.0,5869.79736328125,78789800,BMRI.JK,0.818090224847561
2024-09-05,7125.0,7225.0,7125.0,7175.0,5869.79736328125,59432000,BMRI.JK,0.818090224847561
2024-09-06,7175.0,7275.0,7150.0,7250.0,5931.1533203125,63619300,BMRI.JK,0.8180901131465518
2024-09-09,7250.0,7250.0,7200.0,7250.0,5931.1533203125,71430300,BMRI.JK,0.8180901131465518
2024-09-10,7250.0,7275.0,7225.0,7250.0,5931.1533203125,73515700,BMRI.JK,0.8180901131465518
2024-09-11,7300.0,7400.0,7275.0,7375.0,6033.4150390625,91822300,BMRI.JK,0.8180901747881356
2024-09-12,7375.0,7425.0,7300.0,7300.0,5972.05810546875,68254300,BMRI.JK,0.8180901514340754
2024-09-13,7300.0,7300.0,7225.0,7275.0,5951.60595703125,45854000,BMRI.JK,0.8180901659149484
2024-09-17,7325.0,7450.0,7300.0,7425.0,6074.3193359375,96428000,BMRI.JK,0.8180901462542087
2024-09-18,7375.0,7450.0,7350.0,7400.0,6053.8671875,47279200,BMRI.JK,0.818090160472973
2024-09-19,7450.0,7550.0,7400.0,7400.0,6053.8671875,124377800,BMRI.JK,0.818090160472973
2024-09-20,7400.0,7425.0,7300.0,7300.0,5972.05810546875,97901700,BMRI.JK,0.8180901514340754
2024-09-23,7325.0,7450.0,7300.0,7450.0,6094.77197265625,79675600,BMRI.JK,0.8180901976719799
2024-09-24,7400.0,7475.0,7375.0,7425.0,6074.3193359375,81817100,BMRI.JK,0.8180901462542087
2024-09-25,7350.0,7350.0,7050.0,7200.0,5890.2490234375,192197100,BMRI.JK,0.8180901421440973
2024-09-26,7175.0,7200.0,7100.0,7175.0,5869.79736328125,173044000,BMRI.JK,0.818090224847561
2024-09-27,7025.0,7125.0,7000.0,7050.0,5767.53564453125,161405200,BMRI.JK,0.8180901623448582
2024-09-30,7000.0,7025.0,6875.0,6925.0,5665.2744140625,166203500,BMRI.JK,0.8180901680956679
2024-10-01,7000.0,7075.0,6950.0,7050.0,5767.53564453125,82690100,BMRI.JK,0.8180901623448582
2024-10-02,7025.0,7100.0,6925.0,6975.0,5706.1787109375,91076400,BMRI.JK,0.8180901377688172
2024-10-03,7000.0,7075.0,6900.0,7050.0,5767.53564453125,86264900,BMRI.JK,0.8180901623448582
2024-10-04,7025.0,7050.0,6900.0,6950.0,5685.7265625,79485300,BMRI.JK,0.8180901528776978
2024-10-07,6925.0,6925.0,6800.0,6875.0,5624.36962890625,103943100,BMRI.JK,0.8180901278409091
2024-10-08,6825.0,7175.0,6775.0,7075.0,5787.98828125,132141500,BMRI.JK,0.8180902164310954
2024-10-09,7075.0,7175.0,6950.0,6950.0,5685.7265625,76515700,BMRI.JK,0.8180901528776978
2024-10-10,6925.0,7050.0,6900.0,6950.0,5685.7265625,44291900,BMRI.JK,0.8180901528776978
2024-10-11,7025.0,7025.0,6925.0,6950.0,5685.7265625,45331500,BMRI.JK,0.8180901528776978
2024-10-14,6925.0,6975.0,6900.0,6925.0,5665.2744140625,55885300,BMRI.JK,0.8180901680956679
2024-10-15,7000.0,7100.0,6925.0,7050.0,5767.53564453125,90358600,BMRI.JK,0.8180901623448582
2024-10-16,7050.0,7075.0,6925.0,7000.0,5726.630859375,133022500,BMRI.JK,0.8180901227678572
2024-10-17,7050.0,7250.0,7000.0,7225.0,5910.701171875,90219900,BMRI.JK,0.8180901275951558
2024-10-18,7275.0,7300.0,7175.0,7175.0,5869.79736328125,57379200,BMRI.JK,0.818090224847561
2024-10-21,7250.0,7250.0,7125.0,7200.0,5890.2490234375,43056000,BMRI.JK,0.8180901421440973
2024-10-22,7150.0,7175.0,7075.0,7075.0,5787.98828125,43582700,BMRI.JK,0.8180902164310954
2024-10-23,7075.0,7125.0,7025.0,7075.0,5787.98828125,38222900,BMRI.JK,0.8180902164310954
2024-10-24,7000.0,7150.0,6975.0,6975.0,5706.1787109375,65877100,BMRI.JK,0.8180901377688172
2024-10-25,6975.0,7050.0,6975.0,7050.0,5767.53564453125,34637500,BMRI.JK,0.8180901623448582
2024-10-28,7075.0,7075.0,6800.0,6825.0,5583.46484375,114500800,BMRI.JK,0.818090086996337
2024-10-29,6800.0,6850.0,6725.0,6825.0,5583.46484375,91268300,BMRI.JK,0.818090086996337
2024-10-30,6575.0,6775.0,6575.0,6750.0,5522.10888671875,122132700,BMRI.JK,0.8180902054398148
2024-10-31,6750.0,6825.0,6700.0,6700.0,5481.2041015625,126730700,BMRI.JK,0.8180901644123134
2024-11-01,6725.0,6725.0,6550.0,6650.0,5440.2998046875,101423100,BMRI.JK,0.818090196193609
2024-11-04,6600.0,6800.0,6525.0,6750.0,5522.10888671875,80208800,BMRI.JK,0.8180902054398148
2024-11-05,6725.0,6950.0,6675.0,6925.0,5665.2744140625,88661200,BMRI.JK,0.8180901680956679
2024-11-06,6925.0,6925.0,6550.0,6550.0,5358.49072265625,147272800,BMRI.JK,0.8180901866650764
2024-11-07,6500.0,6550.0,6425.0,6425.0,5256.22900390625,154758500,BMRI.JK,0.8180901173394942
2024-11-08,6425.0,6525.0,6275.0,6325.0,5174.42041015625,192423000,BMRI.JK,0.818090183423913
2024-11-11,6300.0,6450.0,6150.0,6350.0,5194.87255859375,125606000,BMRI.JK,0.8180901667076772
2024-11-12,6375.0,6450.0,6325.0,6375.0,5215.3251953125,117281700,BMRI.JK,0.8180902267156863
2024-11-13,6500.0,6550.0,6400.0,6425.0,5256.22900390625,102748300,BMRI.JK,0.8180901173394942
2024-11-14,6375.0,6475.0,6350.0,6375.0,5215.3251953125,69750600,BMRI.JK,0.8180902267156863
2024-11-15,6300.0,6400.0,6300.0,6350.0,5194.87255859375,41079700,BMRI.JK,0.8180901667076772
2024-11-18,6350.0,6425.0,6225.0,6325.0,5174.42041015625,77471700,BMRI.JK,0.818090183423913
2024-11-19,6375.0,6375.0,6225.0,6250.0,5113.0634765625,95495700,BMRI.JK,0.81809015625
2024-11-20,6325.0,6350.0,6200.0,6225.0,5092.611328125,68707200,BMRI.JK,0.8180901731927711
2024-11-21,6225.0,6225.0,6125.0,6150.0,5031.25439453125,76579300,BMRI.JK,0.8180901454522358
2024-11-22,6125.0,6300.0,6100.0,6250.0,5113.0634765625,80236400,BMRI.JK,0.81809015625
2024-11-25,6325.0,6600.0,6325.0,6575.0,5378.94287109375,183449100,BMRI.JK,0.8180901705085551
2024-11-26,6600.0,6600.0,6325.0,6400.0,5235.77734375,107194300,BMRI.JK,0.8180902099609375
2024-11-28,6350.0,6525.0,6350.0,6450.0,5276.68115234375,81883200,BMRI.JK,0.8180901011385658
2024-11-29,6325.0,6375.0,6125.0,6150.0,5031.25439453125,157628700,BMRI.JK,0.8180901454522358
2024-12-02,6175.0,6250.0,5975.0,6000.0,4908.54150390625,114555300,BMRI.JK,0.8180902506510417
2024-12-03,6100.0,6275.0,6100.0,6275.0,5133.515625,99509800,BMRI.JK,0.8180901394422311
2024-12-04,6275.0,6450.0,6225.0,6375.0,5215.3251953125,75260000,BMRI.JK,0.8180902267156863
2024-12-05,6350.0,6375.0,6150.0,6150.0,5031.25439453125,69528700,BMRI.JK,0.8180901454522358
2024-12-06,6200.0,6275.0,6125.0,6225.0,5092.611328125,75989700,BMRI.JK,0.8180901731927711
2024-12-09,6175.0,6375.0,6175.0,6375.0,5215.3251953125,74220300,BMRI.JK,0.8180902267156863
2024-12-10,6275.0,6325.0,6225.0,6300.0,5153.9677734375,92245000,BMRI.JK,0.8180901227678572
2024-12-11,6300.0,6400.0,6300.0,6300.0,5153.9677734375,62509600,BMRI.JK,0.8180901227678572
2024-12-12,6200.0,6225.0,6100.0,6125.0,5010.80224609375,96707500,BMRI.JK,0.818090162627551
2024-12-13,6025.0,6100.0,5975.0,6025.0,4928.99267578125,135581400,BMRI.JK,0.8180900706690871
2024-12-16,5900.0,6100.0,5900.0,6075.0,4969.8974609375,105375900,BMRI.JK,0.8180901170267489
2024-12-17,6050.0,6075.0,5925.0,5950.0,4867.63671875,72109300,BMRI.JK,0.8180902048319327
2024-12-18,5925.0,6000.0,5775.0,5825.0,4765.375,153164600,BMRI.JK,0.8180901287553648
2024-12-19,5625.0,5725.0,5600.0,5675.0,4642.66162109375,277793000,BMRI.JK,0.818090153496696
2024-12-20,5675.0,5750.0,5625.0,5675.0,4642.66162109375,148568600,BMRI.JK,0.818090153496696
2024-12-23,5800.0,5875.0,5725.0,5825.0,4765.375,82910100,BMRI.JK,0.8180901287553648
2024-12-24,5825.0,5875.0,5750.0,5750.0,4704.0185546875,41240900,BMRI.JK,0.818090183423913
2024-12-27,5750.0,5850.0,5750.0,5800.0,4744.92333984375,46126800,BMRI.JK,0.8180902310075431
2024-12-30,5675.0,5750.0,5650.0,5700.0,4663.1142578125,96782100,BMRI.JK,0.8180902206688596
2025-01-02,5700.0,5850.0,5700.0,5850.0,4785.82763671875,82914600,BMRI.JK,0.8180901943108975
2025-01-03,5850.0,5875.0,5775.0,5800.0,4744.92333984375,58067100,BMRI.JK,0.8180902310075431
2025-01-06,5825.0,5825.0,5650.0,5675.0,4642.66162109375,68443700,BMRI.JK,0.818090153496696
2025-01-07,5600.0,5650.0,5550.0,5600.0,4581.3046875,96982300,BMRI.JK,0.8180901227678572
2025-01-08,5600.0,5750.0,5600.0,5750.0,4704.0185546875,118246100,BMRI.JK,0.818090183423913
2025-01-09,5725.0,5775.0,5700.0,5750.0,4704.0185546875,56491700,BMRI.JK,0.818090183423913
2025-01-10,5750.0,5775.0,5600.0,5600.0,4581.3046875,77751500,BMRI.JK,0.8180901227678572
2025-01-13,5500.0,5550.0,5475.0,5525.0,4519.9482421875,99953900,BMRI.JK,0.8180901795814479
2025-01-14,5425.0,5575.0,5400.0,5400.0,4417.68701171875,97351900,BMRI.JK,0.8180901873553241
2025-01-15,5475.0,5825.0,5450.0,5750.0,4704.0185546875,194025700,BMRI.JK,0.818090183423913
2025-01-16,6075.0,6200.0,5850.0,5875.0,4806.279296875,204359900,BMRI.JK,0.8180900930851064
2025-01-17,5800.0,6050.0,5750.0,5875.0,4806.279296875,114054600,BMRI.JK,0.8180900930851064
2025-01-20,6000.0,6050.0,5925.0,6000.0,4908.54150390625,84338400,BMRI.JK,0.8180902506510417
2025-01-21,6100.0,6175.0,6025.0,6050.0,4949.4453125,115355900,BMRI.JK,0.8180901342975206
2025-01-22,6150.0,6200.0,6100.0,6150.0,5031.25439453125,117929800,BMRI.JK,0.8180901454522358
2025-01-23,6200.0,6300.0,6175.0,6175.0,5051.70703125,120893700,BMRI.JK,0.8180902074898786
2025-01-24,6250.0,6250.0,6125.0,6125.0,5010.80224609375,96161800,BMRI.JK,0.818090162627551
2025-01-30,6100.0,6225.0,6075.0,6100.0,4990.35009765625,101400400,BMRI.JK,0.8180901799436475
2025-01-31,6175.0,6225.0,6025.0,6025.0,4928.99267578125,107861000,BMRI.JK,0.8180900706690871
2025-02-03,5975.0,6000.0,5700.0,5800.0,4744.92333984375,182181700,BMRI.JK,0.8180902310075431
2025-02-04,5825.0,5850.0,5625.0,5675.0,4642.66162109375,121871500,BMRI.JK,0.818090153496696
2025-02-05,5600.0,5600.0,5475.0,5525.0,4519.9482421875,185656000,BMRI.JK,0.8180901795814479
2025-02-06,5425.0,5425.0,5000.0,5100.0,4172.259765625,642118700,BMRI.JK,0.818090150122549
2025-02-07,5000.0,5150.0,4950.0,5150.0,4213.16455078125,407896100,BMRI.JK,0.8180902040351942
2025-02-10,5150.0,5150.0,4990.0,5000.0,4090.450927734375,169384300,BMRI.JK,0.818090185546875
2025-02-11,4750.0,4950.0,4750.0,4880.0,3992.280029296875,316743200,BMRI.JK,0.8180901699378842
2025-02-12,4920.0,4950.0,4830.0,4940.0,4041.365478515625,225073300,BMRI.JK,0.8180901778371711
2025-02-13,4940.0,5075.0,4900.0,5025.0,4110.90283203125,215271400,BMRI.JK,0.8180901158271144
2025-02-14,5100.0,5200.0,4970.0,5125.0,4192.7119140625,239709300,BMRI.JK,0.8180901295731707
2025-02-17,5200.0,5475.0,5175.0,5425.0,4438.13916015625,223837300,BMRI.JK,0.8180901677707373
2025-02-18,5450.0,5550.0,5375.0,5450.0,4458.59130859375,157430200,BMRI.JK,0.8180901483658257
2025-02-19,5375.0,5400.0,5125.0,5175.0,4233.61669921875,204335500,BMRI.JK,0.818090183423913
2025-02-20,5125.0,5225.0,5100.0,5150.0,4213.16455078125,98363500,BMRI.JK,0.8180902040351942
2025-02-21,5000.0,5100.0,5000.0,5075.0,4151.80712890625,152528600,BMRI.JK,0.8180900746613301
2025-02-24,5050.0,5075.0,4980.0,5025.0,4110.90283203125,127578500,BMRI.JK,0.8180901158271144
2025-02-25,5000.0,5025.0,4860.0,4870.0,3984.098876953125,224607800,BMRI.JK,0.8180901184708675
2025-02-26,4860.0,4980.0,4850.0,4920.0,4025.003662109375,161836900,BMRI.JK,0.8180901752254828
2025-02-27,4930.0,4950.0,4660.0,4660.0,3812.300048828125,334919800,BMRI.JK,0.8180901392335033
2025-02-28,4620.0,4690.0,4550.0,4600.0,3763.21484375,464696700,BMRI.JK,0.818090183423913
2025-03-03,4750.0,4980.0,4700.0,4900.0,4008.641845703125,257118300,BMRI.JK,0.8180901725924745
2025-03-04,4900.0,4920.0,4750.0,4840.0,3959.556396484375,144346500,BMRI.JK,0.8180901645628874
2025-03-05,4860.0,5050.0,4860.0,4860.0,3975.918212890625,252222800,BMRI.JK,0.8180901672614455
2025-03-06,4910.0,4980.0,4870.0,4870.0,3984.098876953125,194909200,BMRI.JK,0.8180901184708675
2025-03-07,4870.0,4870.0,4810.0,4840.0,3959.556396484375,117916600,BMRI.JK,0.8180901645628874
2025-03-10,4730.0,4760.0,4660.0,4710.0,3853.204833984375,231152200,BMRI.JK,0.8180901982981688
2025-03-11,4650.0,4780.0,4640.0,4740.0,3877.747314453125,150738100,BMRI.JK,0.8180901507285074
2025-03-12,4750.0,4880.0,4750.0,4880.0,3992.280029296875,129973900,BMRI.JK,0.8180901699378842
2025-03-13,4940.0,4940.0,4710.0,4740.0,3877.747314453125,176286000,BMRI.JK,0.8180901507285074
2025-03-14,4640.0,4800.0,4640.0,4740.0,3877.747314453125,154331400,BMRI.JK,0.8180901507285074
2025-03-17,4740.0,4770.0,4660.0,4680.0,3828.661865234375,135692800,BMRI.JK,0.8180901421440973
2025-03-18,4680.0,4690.0,4300.0,4530.0,3705.9482421875,387565100,BMRI.JK,0.8180901196881899
2025-03-19,4530.0,4700.0,4440.0,4680.0,3828.661865234375,273084900,BMRI.JK,0.8180901421440973
2025-03-20,4760.0,4770.0,4610.0,4620.0,3779.57666015625,138209700,BMRI.JK,0.8180901861810065
2025-03-21,4600.0,4610.0,4380.0,4410.0,3607.777587890625,374396400,BMRI.JK,0.8180901559842687
2025-03-24,4350.0,4530.0,4250.0,4460.0,3648.68212890625,319017400,BMRI.JK,0.8180901634318947
2025-03-25,4500.0,4810.0,4500.0,4740.0,3877.747314453125,313034100,BMRI.JK,0.8180901507285074
2025-03-26,4980.0,5175.0,4930.0,5150.0,4213.16455078125,582172700,BMRI.JK,0.8180902040351942
2025-03-27,5150.0,5250.0,5050.0,5200.0,4254.06884765625,301025300,BMRI.JK,0.8180901630108173
2025-04-08,4500.0,4830.0,4500.0,4670.0,3820.481201171875,738455000,BMRI.JK,0.818090192970423
2025-04-09,4630.0,4790.0,4630.0,4710.0,3853.204833984375,316821100,BMRI.JK,0.8180901982981688
2025-04-10,5200.0,5225.0,4970.0,5025.0,4110.90283203125,559966600,BMRI.JK,0.8180901158271144
2025-04-11,5000.0,5175.0,4950.0,5100.0,4172.259765625,384917500,BMRI.JK,0.818090150122549
2025-04-14,4650.0,4750.0,4650.0,4750.0,4276.87158203125,423716000,BMRI.JK,0.9003940172697369
2025-04-15,4800.0,4820.0,4710.0,4710.0,4240.85595703125,230981700,BMRI.JK,0.9003940460788217
2025-04-16,4740.0,4750.0,4590.0,4630.0,4168.82421875,201660000,BMRI.JK,0.9003939997300215
2025-04-17,4630.0,4660.0,4570.0,4600.0,4141.81298828125,165381400,BMRI.JK,0.9003941278872283
2025-04-21,4600.0,4640.0,4560.0,4610.0,4150.81640625,83034600,BMRI.JK,0.9003940143709328
2025-04-22,4610.0,4720.0,4590.0,4720.0,4249.85986328125,126426200,BMRI.JK,0.9003940388307733
2025-04-23,4780.0,4900.0,4740.0,4900.0,4411.9306640625,273395600,BMRI.JK,0.9003940130739796
2025-04-24,4950.0,5025.0,4860.0,4890.0,4402.9267578125,282970000,BMRI.JK,0.9003940200025562
2025-04-25,4960.0,4960.0,4900.0,4900.0,4411.9306640625,134208400,BMRI.JK,0.9003940130739796
2025-04-28,4950.0,4980.0,4890.0,4920.0,4429.9384765625,90697900,BMRI.JK,0.9003939993013211
2025-04-29,4930.0,4950.0,4880.0,4940.0,4447.9462890625,108857600,BMRI.JK,0.9003939856401821
2025-04-30,4900.0,4920.0,4810.0,4890.0,4402.9267578125,278360600,BMRI.JK,0.9003940200025562
2025-05-02,4980.0,4980.0,4910.0,4960.0,4465.95458984375,146800800,BMRI.JK,0.9003940705330141
2025-05-05,4990.0,5100.0,4960.0,4980.0,4483.96240234375,154073100,BMRI.JK,0.9003940566955321
2025-05-06,5025.0,5050.0,4980.0,4980.0,4483.96240234375,120165500,BMRI.JK,0.9003940566955321
2025-05-07,5050.0,5050.0,4950.0,4950.0,4456.95068359375,100674600,BMRI.JK,0.9003940774936868
2025-05-08,4960.0,5025.0,4790.0,4790.0,4312.88720703125,205199700,BMRI.JK,0.9003939889418059
2025-05-09,4790.0,4830.0,4750.0,4770.0,4294.87939453125,164014200,BMRI.JK,0.9003940030463836
2025-05-14,4890.0,5050.0,4880.0,5050.0,4546.98974609375,342468200,BMRI.JK,0.9003940091274752
2025-05-15,5075.0,5400.0,5050.0,5325.0,4794.5986328125,300147300,BMRI.JK,0.9003941094483568
2025-05-16,5425.0,5475.0,5200.0,5475.0,4929.6572265625,229382100,BMRI.JK,0.9003940139840183
2025-05-19,5450.0,5575.0,5400.0,5525.0,4974.67724609375,191440600,BMRI.JK,0.9003940716911765
2025-05-20,5500.0,5550.0,5350.0,5400.0,4862.1279296875,145525700,BMRI.JK,0.9003940610532407
2025-05-21,5400.0,5550.0,5375.0,5450.0,4907.1474609375,167239400,BMRI.JK,0.9003940295298165
2025-05-22,5450.0,5500.0,5400.0,5450.0,4907.1474609375,137585600,BMRI.JK,0.9003940295298165
2025-05-23,5450.0,5475.0,5375.0,5425.0,4884.6376953125,67336400,BMRI.JK,0.900394045218894
2025-05-26,5425.0,5475.0,5300.0,5475.0,4929.6572265625,102960800,BMRI.JK,0.9003940139840183
2025-05-27,5500.0,5500.0,5400.0,5400.0,4862.1279296875,86083800,BMRI.JK,0.9003940610532407
2025-05-28,5400.0,5425.0,5300.0,5300.0,4772.08837890625,190669100,BMRI.JK,0.9003940337558962
2025-06-02,5200.0,5250.0,5025.0,5075.0,4569.49951171875,373474500,BMRI.JK,0.9003939924568966
2025-06-03,5100.0,5125.0,4950.0,5050.0,4546.98974609375,169321800,BMRI.JK,0.9003940091274752
2025-06-04,5125.0,5125.0,4980.0,5025.0,4524.47998046875,139577800,BMRI.JK,0.9003940259639304
2025-06-05,5050.0,5075.0,5000.0,5075.0,4569.49951171875,69179700,BMRI.JK,0.9003939924568966
2025-06-10,5075.0,5250.0,5075.0,5250.0,4727.06884765625,158265000,BMRI.JK,0.9003940662202381
2025-06-11,5300.0,5300.0,5150.0,5200.0,4682.048828125,90666100,BMRI.JK,0.9003940054086539
2025-06-12,5225.0,5225.0,5125.0,5175.0,4659.5390625,72423700,BMRI.JK,0.9003940217391304
2025-06-13,5175.0,5250.0,5100.0,5150.0,4637.029296875,128071000,BMRI.JK,0.9003940382281553
2025-06-16,5150.0,5200.0,5100.0,5150.0,4637.029296875,61695600,BMRI.JK,0.9003940382281553
2025-06-17,5175.0,5225.0,5100.0,5100.0,4592.00927734375,70657700,BMRI.JK,0.9003939759497549
2025-06-18,5075.0,5100.0,5025.0,5075.0,4569.49951171875,53353000,BMRI.JK,0.9003939924568966
2025-06-19,5050.0,5050.0,4910.0,4970.0,4474.9580078125,114769600,BMRI.JK,0.9003939653546278
2025-06-20,4940.0,4990.0,4830.0,4930.0,4438.94287109375,301154300,BMRI.JK,0.9003940914997465
2025-06-23,4870.0,4930.0,4800.0,4920.0,4429.9384765625,119439200,BMRI.JK,0.9003939993013211
2025-06-24,5050.0,5125.0,5025.0,5025.0,4524.47998046875,126563900,BMRI.JK,0.9003940259639304
2025-06-25,5025.0,5050.0,4880.0,4880.0,4393.9228515625,139963400,BMRI.JK,0.9003940269595286
2025-06-26,4950.0,5025.0,4910.0,5025.0,4524.47998046875,94704500,BMRI.JK,0.9003940259639304
2025-06-30,5050.0,5050.0,4880.0,4880.0,4393.9228515625,220479900,BMRI.JK,0.9003940269595286
2025-07-01,4900.0,4910.0,4710.0,4750.0,4276.87158203125,319875800,BMRI.JK,0.9003940172697369
2025-07-02,4730.0,4770.0,4710.0,4770.0,4294.87939453125,159152200,BMRI.JK,0.9003940030463836
2025-07-03,4780.0,4850.0,4720.0,4740.0,4267.86767578125,103849000,BMRI.JK,0.900394024426424
2025-07-04,4750.0,4790.0,4700.0,4740.0,4267.86767578125,104170500,BMRI.JK,0.900394024426424
2025-07-07,4740.0,4750.0,4680.0,4740.0,4267.86767578125,120538300,BMRI.JK,0.900394024426424
2025-07-08,4710.0,4750.0,4700.0,4720.0,4249.85986328125,132853800,BMRI.JK,0.9003940388307733
2025-07-09,4720.0,4760.0,4670.0,4710.0,4240.85595703125,110198500,BMRI.JK,0.9003940460788217
2025-07-10,4750.0,4830.0,4730.0,4820.0,4339.8994140625,160889700,BMRI.JK,0.9003940693075726
2025-07-11,4850.0,4990.0,4830.0,4970.0,4474.9580078125,219980300,BMRI.JK,0.9003939653546278
2025-07-14,4980.0,4990.0,4670.0,4690.0,4222.84814453125,429438700,BMRI.JK,0.9003940606676439
2025-07-15,4700.0,4740.0,4690.0,4700.0,4231.85205078125,206958200,BMRI.JK,0.9003940533577127
2025-07-16,4730.0,4760.0,4680.0,4690.0,4222.84814453125,323831100,BMRI.JK,0.9003940606676439
2025-07-17,4700.0,4720.0,4680.0,4720.0,4249.85986328125,120304000,BMRI.JK,0.9003940388307733
2025-07-18,4760.0,4810.0,4720.0,4740.0,4267.86767578125,161262400,BMRI.JK,0.900394024426424
2025-07-21,4770.0,4770.0,4680.0,4680.0,4213.84423828125,103387400,BMRI.JK,0.900394068008814
2025-07-22,4680.0,4710.0,4650.0,4660.0,4195.8359375,132984400,BMRI.JK,0.9003939780042919
2025-07-23,4660.0,4690.0,4660.0,4680.0,4213.84423828125,115298400,BMRI.JK,0.900394068008814
2025-07-24,4690.0,4840.0,4680.0,4800.0,4321.8916015625,273623100,BMRI.JK,0.9003940836588542
2025-07-25,4800.0,4800.0,4690.0,4690.0,4222.84814453125,88471700,BMRI.JK,0.9003940606676439
2025-07-28,4730.0,4750.0,4690.0,4700.0,4231.85205078125,112048900,BMRI.JK,0.9003940533577127
2025-07-29,4700.0,4720.0,4690.0,4710.0,4240.85595703125,74422700,BMRI.JK,0.9003940460788217
2025-07-30,4710.0,4720.0,4620.0,4620.0,4159.8203125,141263400,BMRI.JK,0.900394007034632
2025-07-31,4610.0,4640.0,4510.0,4510.0,4060.77685546875,155903600,BMRI.JK,0.900393981256929
2025-08-01,4570.0,4610.0,4510.0,4530.0,4078.784912109375,157949900,BMRI.JK,0.9003940203331954
2025-08-04,4530.0,4630.0,4510.0,4620.0,4159.8203125,174404800,BMRI.JK,0.900394007034632
2025-08-05,4690.0,4780.0,4660.0,4750.0,4276.87158203125,277668300,BMRI.JK,0.9003940172697369
2025-08-06,4750.0,4750.0,4690.0,4700.0,4231.85205078125,79277900,BMRI.JK,0.9003940533577127
2025-08-07,4740.0,4740.0,4680.0,4680.0,4213.84423828125,61453100,BMRI.JK,0.900394068008814
2025-08-08,4680.0,4700.0,4660.0,4670.0,4204.84033203125,71516700,BMRI.JK,0.900394075381424
2025-08-11,4710.0,4780.0,4700.0,4720.0,4249.85986328125,105204200,BMRI.JK,0.9003940388307733
2025-08-12,4770.0,4920.0,4750.0,4910.0,4420.93505859375,301599000,BMRI.JK,0.9003941056199084
2025-08-13,4930.0,4970.0,4860.0,4870.0,4384.9189453125,180844900,BMRI.JK,0.9003940339450719
2025-08-14,4910.0,4930.0,4840.0,4850.0,4366.9111328125,109457100,BMRI.JK,0.9003940480025773
2025-08-15,4890.0,4930.0,4850.0,4850.0,4366.9111328125,126685400,BMRI.JK,0.9003940480025773
2025-08-19,4860.0,4870.0,4780.0,4800.0,4321.8916015625,116454000,BMRI.JK,0.9003940836588542
2025-08-20,4790.0,4950.0,4780.0,4950.0,4456.95068359375,144622900,BMRI.JK,0.9003940774936868
2025-08-21,4950.0,4950.0,4860.0,4900.0,4411.9306640625,132019200,BMRI.JK,0.9003940130739796
2025-08-22,4920.0,4920.0,4870.0,4890.0,4402.9267578125,73104500,BMRI.JK,0.9003940200025562
2025-08-25,4950.0,4980.0,4920.0,4950.0,4456.95068359375,149580800,BMRI.JK,0.9003940774936868
2025-08-26,4950.0,4950.0,4860.0,4900.0,4411.9306640625,308891700,BMRI.JK,0.9003940130739796
2025-08-27,4840.0,4880.0,4800.0,4800.0,4321.8916015625,113576300,BMRI.JK,0.9003940836588542
2025-08-28,4790.0,4850.0,4770.0,4770.0,4294.87939453125,111707400,BMRI.JK,0.9003940030463836
2025-08-29,4720.0,4750.0,4660.0,4730.0,4258.86376953125,176485100,BMRI.JK,0.9003940316133721
2025-09-01,4550.0,4670.0,4460.0,4600.0,4141.81298828125,320335300,BMRI.JK,0.9003941278872283
2025-09-02,4610.0,4670.0,4560.0,4570.0,4114.80078125,150045600,BMRI.JK,0.9003940440371991
2025-09-03,4620.0,4660.0,4570.0,4620.0,4159.8203125,131617900,BMRI.JK,0.900394007034632
2025-09-04,4630.0,4680.0,4620.0,4680.0,4213.84423828125,88735300,BMRI.JK,0.900394068008814
2025-09-08,4750.0,4750.0,4460.0,4490.0,4042.76953125,200234500,BMRI.JK,0.9003941049554566
2025-09-09,4450.0,4480.0,4310.0,4310.0,3880.6982421875,509366600,BMRI.JK,0.9003940237093968
2025-09-10,4360.0,4420.0,4350.0,4400.0,3961.733642578125,293494200,BMRI.JK,0.9003940096768466
2025-09-11,4480.0,4540.0,4450.0,4480.0,4033.76513671875,366697800,BMRI.JK,0.9003940037318638
2025-09-12,4500.0,4550.0,4480.0,4520.0,4069.781005859375,216960200,BMRI.JK,0.9003940278449944
2025-09-15,4550.0,4640.0,4520.0,4530.0,4078.784912109375,231346000,BMRI.JK,0.9003940203331954
2025-09-16,4570.0,4570.0,4460.0,4480.0,4033.76513671875,122027400,BMRI.JK,0.9003940037318638
2025-09-17,4480.0,4520.0,4440.0,4510.0,4060.77685546875,232702500,BMRI.JK,0.900393981256929
2025-09-18,4540.0,4550.0,4420.0,4420.0,3979.741455078125,177560100,BMRI.JK,0.9003939943615668
2025-09-19,4350.0,4420.0,4330.0,4380.0,3943.72607421875,235975900,BMRI.JK,0.9003940808718607
2025-09-22,4410.0,4420.0,4360.0,4420.0,3979.741455078125,107176100,BMRI.JK,0.9003939943615668
2025-09-23,4390.0,4430.0,4370.0,4410.0,3970.73779296875,90675500,BMRI.JK,0.9003940573625283
2025-09-24,4410.0,4430.0,4390.0,4390.0,3952.729736328125,85439100,BMRI.JK,0.9003940173868167
2025-09-25,4400.0,4410.0,4360.0,4360.0,3925.71826171875,73946900,BMRI.JK,0.9003940967244839
2025-09-26,4350.0,4430.0,4350.0,4420.0,3979.741455078125,86572900,BMRI.JK,0.9003939943615668
2025-09-29,4420.0,4430.0,4400.0,4400.0,3961.733642578125,63753600,BMRI.JK,0.9003940096768466
2025-09-30,4420.0,4450.0,4380.0,4400.0,3961.733642578125,108639600,BMRI.JK,0.9003940096768466
2025-10-01,4360.0,4400.0,4350.0,4380.0,3943.72607421875,92265100,BMRI.JK,0.9003940808718607
2025-10-02,4410.0,4440.0,4360.0,4360.0,3925.71826171875,93387400,BMRI.JK,0.9003940967244839
2025-10-03,4370.0,4380.0,4300.0,4310.0,3880.6982421875,102459100,BMRI.JK,0.9003940237093968
2025-10-06,4320.0,4330.0,4260.0,4260.0,3835.678466796875,96040500,BMRI.JK,0.9003940062903463
2025-10-07,4260.0,4320.0,4250.0,4290.0,3862.690185546875,100237500,BMRI.JK,0.9003939826449592
2025-10-08,4280.0,4290.0,4210.0,4250.0,3826.6748046875,97466800,BMRI.JK,0.9003940716911765
2025-10-09,4240.0,4450.0,4200.0,4390.0,3952.729736328125,183242600,BMRI.JK,0.9003940173868167
2025-10-10,4410.0,4420.0,4250.0,4250.0,3826.6748046875,139911200,BMRI.JK,0.9003940716911765
2025-10-13,4210.0,4240.0,4200.0,4230.0,3808.6669921875,79178600,BMRI.JK,0.9003940879875887
2025-10-14,4220.0,4270.0,4090.0,4090.0,3682.611572265625,188507000,BMRI.JK,0.900394027448808
2025-10-15,4110.0,4140.0,4010.0,4050.0,3646.595947265625,270562400,BMRI.JK,0.9003940610532407
2025-10-16,4050.0,4150.0,4050.0,4090.0,3682.611572265625,125979600,BMRI.JK,0.900394027448808
2025-10-17,4110.0,4110.0,4030.0,4050.0,3646.595947265625,247510000,BMRI.JK,0.9003940610532407
2025-10-20,4120.0,4320.0,4070.0,4300.0,3871.6943359375,331939200,BMRI.JK,0.9003940316133721
2025-10-21,4350.0,4390.0,4300.0,4350.0,3916.7138671875,230858900,BMRI.JK,0.9003939924568966
2025-10-22,4350.0,4460.0,4290.0,4330.0,3898.7060546875,216261300,BMRI.JK,0.90039400801097
2025-10-23,4310.0,4440.0,4310.0,4430.0,3988.74560546875,202102500,BMRI.JK,0.9003940418665349
2025-10-24,4380.0,4590.0,4380.0,4550.0,4096.79296875,350420300,BMRI.JK,0.9003940590659341
2025-10-27,4590.0,4600.0,4410.0,4470.0,4024.761474609375,245576100,BMRI.JK,0.9003940659081375
2025-10-28,4490.0,4510.0,4440.0,4510.0,4060.77685546875,174666600,BMRI.JK,0.900393981256929
2025-10-29,4500.0,4650.0,4490.0,4650.0,4186.83251953125,176978800,BMRI.JK,0.9003940902217742
2025-10-30,4670.0,4830.0,4650.0,4800.0,4321.8916015625,390256000,BMRI.JK,0.9003940836588542
2025-10-31,4790.0,4800.0,4720.0,4720.0,4249.85986328125,227378000,BMRI.JK,0.9003940388307733
2025-11-03,4710.0,4760.0,4700.0,4760.0,4285.87548828125,129834200,BMRI.JK,0.9003940101431197
2025-11-04,4760.0,4790.0,4720.0,4730.0,4258.86376953125,136412400,BMRI.JK,0.9003940316133721
2025-11-05,4690.0,4770.0,4680.0,4770.0,4294.87939453125,102878900,BMRI.JK,0.9003940030463836
2025-11-06,4790.0,4790.0,4750.0,4750.0,4276.87158203125,57932600,BMRI.JK,0.9003940172697369
2025-11-07,4750.0,4780.0,4740.0,4750.0,4276.87158203125,58845500,BMRI.JK,0.9003940172697369
2025-11-10,4790.0,4790.0,4730.0,4730.0,4258.86376953125,88738200,BMRI.JK,0.9003940316133721
2025-11-11,4740.0,4750.0,4610.0,4680.0,4213.84423828125,168794500,BMRI.JK,0.900394068008814
2025-11-12,4680.0,4790.0,4680.0,4760.0,4285.87548828125,138539800,BMRI.JK,0.9003940101431197
2025-11-13,4760.0,4760.0,4690.0,4700.0,4231.85205078125,108100300,BMRI.JK,0.9003940533577127
2025-11-14,4690.0,4750.0,4680.0,4750.0,4276.87158203125,73479600,BMRI.JK,0.9003940172697369
2025-11-17,4780.0,4850.0,4770.0,4820.0,4339.8994140625,136477100,BMRI.JK,0.9003940693075726
2025-11-18,4810.0,4850.0,4780.0,4790.0,4312.88720703125,127022100,BMRI.JK,0.9003939889418059
2025-11-19,4820.0,4850.0,4800.0,4850.0,4366.9111328125,107585700,BMRI.JK,0.9003940480025773
2025-11-20,4940.0,4990.0,4900.0,4940.0,4447.9462890625,234717700,BMRI.JK,0.9003939856401821
2025-11-21,4940.0,4970.0,4900.0,4950.0,4456.95068359375,142452600,BMRI.JK,0.9003940774936868
2025-11-24,4910.0,5100.0,4870.0,5100.0,4592.00927734375,303252000,BMRI.JK,0.9003939759497549
2025-11-25,5075.0,5100.0,4950.0,5025.0,4524.47998046875,169379300,BMRI.JK,0.9003940259639304
2025-11-26,5025.0,5025.0,4960.0,5025.0,4524.47998046875,128492000,BMRI.JK,0.9003940259639304
2025-11-27,5025.0,5025.0,4850.0,4860.0,4375.9150390625,170213000,BMRI.JK,0.9003940409593622
2025-11-28,4800.0,4880.0,4800.0,4830.0,4348.9033203125,128777200,BMRI.JK,0.9003940621765011
2025-12-01,4850.0,4910.0,4820.0,4860.0,4375.9150390625,58603700,BMRI.JK,0.9003940409593622
2025-12-02,4920.0,4940.0,4820.0,4850.0,4366.9111328125,104013500,BMRI.JK,0.9003940480025773
2025-12-03,4850.0,4920.0,4820.0,4880.0,4393.9228515625,102556300,BMRI.JK,0.9003940269595286
2025-12-04,4930.0,4940.0,4880.0,4920.0,4429.9384765625,59392600,BMRI.JK,0.9003939993013211
2025-12-05,4940.0,4940.0,4870.0,4900.0,4411.9306640625,53969200,BMRI.JK,0.9003940130739796
2025-12-08,4950.0,4960.0,4910.0,4950.0,4456.95068359375,62947600,BMRI.JK,0.9003940774936868
2025-12-09,4970.0,4980.0,4870.0,4890.0,4402.9267578125,134575200,BMRI.JK,0.9003940200025562
2025-12-10,4950.0,4970.0,4870.0,4970.0,4474.9580078125,96005900,BMRI.JK,0.9003939653546278
2025-12-11,5000.0,5050.0,4830.0,4950.0,4456.95068359375,151956700,BMRI.JK,0.9003940774936868
2025-12-12,4980.0,4980.0,4820.0,4820.0,4339.8994140625,111830600,BMRI.JK,0.9003940693075726
2025-12-15,4820.0,5025.0,4790.0,4990.0,4492.96630859375,122451500,BMRI.JK,0.9003940498183868
2025-12-16,5025.0,5050.0,4920.0,5000.0,4501.97021484375,137373200,BMRI.JK,0.90039404296875
2025-12-17,4990.0,5025.0,4960.0,5025.0,4524.47998046875,94254100,BMRI.JK,0.9003940259639304
2025-12-18,5025.0,5175.0,5025.0,5150.0,4637.029296875,150669000,BMRI.JK,0.9003940382281553
2025-12-19,5175.0,5200.0,5100.0,5175.0,4659.5390625,161960800,BMRI.JK,0.9003940217391304
2025-12-22,5175.0,5200.0,5025.0,5100.0,4592.00927734375,93615600,BMRI.JK,0.9003939759497549
2025-12-23,5050.0,5100.0,5000.0,5050.0,4546.98974609375,44307700,BMRI.JK,0.9003940091274752
2025-12-24,5025.0,5100.0,5025.0,5050.0,4546.98974609375,40272500,BMRI.JK,0.9003940091274752
2025-12-29,5075.0,5150.0,5050.0,5075.0,4569.49951171875,55697500,BMRI.JK,0.9003939924568966
2025-12-30,5075.0,5150.0,5050.0,5100.0,4592.00927734375,74077800,BMRI.JK,0.9003939759497549
2026-01-02,5125.0,5150.0,5025.0,5075.0,4569.49951171875,59263700,BMRI.JK,0.9003939924568966
2026-01-05,5075.0,5100.0,5025.0,5050.0,4546.98974609375,108458200,BMRI.JK,0.9003940091274752
2026-01-06,4990.0,4990.0,4880.0,4880.0,4482.68896484375,180600600,BMRI.JK,0.9185838042712603
2026-01-07,4890.0,4900.0,4800.0,4810.0,4418.38818359375,284261700,BMRI.JK,0.9185838219529626
2026-01-08,4820.0,4880.0,4810.0,4810.0,4418.38818359375,108534300,BMRI.JK,0.9185838219529626
2026-01-09,4820.0,4840.0,4760.0,4760.0,4372.458984375,104703800,BMRI.JK,0.9185838202468487
2026-01-12,4780.0,4850.0,4720.0,4770.0,4381.64453125,118384500,BMRI.JK,0.9185837591719077
2026-01-13,4800.0,4840.0,4780.0,4820.0,4427.57373046875,93419500,BMRI.JK,0.9185837615080394
2026-01-14,4840.0,4850.0,4770.0,4840.0,4445.94580078125,114314800,BMRI.JK,0.9185838431366219
2026-01-15,4840.0,5075.0,4830.0,4990.0,4583.7333984375,245024400,BMRI.JK,0.9185838473822645
2026-01-19,5025.0,5100.0,4980.0,5000.0,4592.9189453125,197645100,BMRI.JK,0.9185837890625
2026-01-20,5000.0,5075.0,4990.0,5025.0,4615.8837890625,93803800,BMRI.JK,0.918583838619403
2026-01-21,5025.0,5025.0,4930.0,4990.0,4583.7333984375,117548600,BMRI.JK,0.9185838473822645
2026-01-22,4990.0,5025.0,4930.0,4980.0,4574.54736328125,145002200,BMRI.JK,0.9185838078878013
2026-01-23,4980.0,5000.0,4870.0,4990.0,4583.7333984375,116237200,BMRI.JK,0.9185838473822645
2026-01-26,4910.0,4970.0,4870.0,4910.0,4510.24658203125,225443300,BMRI.JK,0.9185838252609471
2026-01-27,4860.0,4910.0,4800.0,4810.0,4418.38818359375,160620600,BMRI.JK,0.9185838219529626
2026-01-28,4570.0,4810.0,4410.0,4560.0,4188.7421875,643802800,BMRI.JK,0.9185838130482457
2026-01-29,4420.0,4640.0,4070.0,4630.0,4253.04296875,907054600,BMRI.JK,0.9185837945464362
2026-01-30,4700.0,4880.0,4630.0,4820.0,4427.57373046875,343393600,BMRI.JK,0.9185837615080394
2026-02-02,4900.0,4920.0,4710.0,4800.0,4409.2021484375,290622800,BMRI.JK,0.9185837809244791
2026-02-03,4830.0,4850.0,4710.0,4830.0,4436.759765625,169775800,BMRI.JK,0.9185838024068324
2026-02-04,4860.0,5025.0,4830.0,5000.0,4592.9189453125,232816800,BMRI.JK,0.9185837890625
2026-02-05,5050.0,5100.0,5000.0,5050.0,4638.84814453125,209505400,BMRI.JK,0.9185837909962872
2026-02-06,4950.0,5050.0,4890.0,5050.0,4638.84814453125,278775900,BMRI.JK,0.9185837909962872
2026-02-09,5050.0,5075.0,4950.0,5000.0,4592.9189453125,177079900,BMRI.JK,0.9185837890625
2026-02-10,5000.0,5100.0,4990.0,5100.0,4684.77734375,177110700,BMRI.JK,0.9185837928921569
2026-02-11,5075.0,5100.0,4990.0,5025.0,4615.8837890625,201135900,BMRI.JK,0.918583838619403
2026-02-12,5025.0,5075.0,5000.0,5075.0,4661.81298828125,121407500,BMRI.JK,0.9185838400554187
2026-02-13,5050.0,5075.0,4970.0,5075.0,4661.81298828125,157236900,BMRI.JK,0.9185838400554187
2026-02-18,5075.0,5275.0,5050.0,5275.0,4845.52978515625,212076100,BMRI.JK,0.9185838455272511
2026-02-19,5275.0,5300.0,5050.0,5075.0,4661.81298828125,133827800,BMRI.JK,0.9185838400554187
2026-02-20,5100.0,5175.0,5050.0,5125.0,4707.7421875,88563800,BMRI.JK,0.9185838414634147
2026-02-23,5150.0,5275.0,5150.0,5275.0,4845.52978515625,131077800,BMRI.JK,0.9185838455272511
2026-02-24,5275.0,5375.0,5250.0,5375.0,4937.38818359375,203553200,BMRI.JK,0.9185838481104651
2026-02-25,5350.0,5375.0,5300.0,5300.0,4868.494140625,147700600,BMRI.JK,0.9185838001179245
2026-02-26,5350.0,5350.0,5200.0,5325.0,4891.458984375,120621100,BMRI.JK,0.9185838468309859
2026-02-27,5325.0,5350.0,5275.0,5275.0,4845.52978515625,206461200,BMRI.JK,0.9185838455272511
2026-03-02,5125.0,5175.0,5050.0,5075.0,4661.81298828125,168721700,BMRI.JK,0.9185838400554187
2026-03-03,5100.0,5175.0,5050.0,5100.0,4684.77734375,106384700,BMRI.JK,0.9185837928921569
2026-03-04,5050.0,5075.0,4870.0,4980.0,4574.54736328125,294487200,BMRI.JK,0.9185838078878013
2026-03-05,5025.0,5125.0,5000.0,5125.0,4707.7421875,133690000,BMRI.JK,0.9185838414634147
2026-03-06,5075.0,5100.0,4950.0,4980.0,4574.54736328125,127625100,BMRI.JK,0.9185838078878013
2026-03-09,4800.0,4870.0,4780.0,4820.0,4427.57373046875,217673200,BMRI.JK,0.9185837615080394
2026-03-10,4920.0,4990.0,4860.0,4910.0,4510.24658203125,124581800,BMRI.JK,0.9185838252609471
2026-03-11,4930.0,4970.0,4880.0,4880.0,4482.68896484375,86606500,BMRI.JK,0.9185838042712603
2026-03-12,4870.0,4980.0,4870.0,4960.0,4556.17578125,85989900,BMRI.JK,0.9185838268649194
2026-03-13,4900.0,4920.0,4750.0,4750.0,4363.27294921875,187462500,BMRI.JK,0.9185837787828948
2026-03-16,4730.0,4740.0,4630.0,4700.0,4317.34375,149035900,BMRI.JK,0.9185837765957446
2026-03-17,4750.0,4780.0,4710.0,4730.0,4344.9013671875,274977700,BMRI.JK,0.9185837985597252
2026-03-25,4650.0,4970.0,4650.0,4970.0,4565.361328125,389331300,BMRI.JK,0.9185837682344065
2026-03-26,4970.0,4980.0,4840.0,4840.0,4445.94580078125,120735200,BMRI.JK,0.9185838431366219
2026-03-27,4840.0,4870.0,4760.0,4760.0,4372.458984375,73158700,BMRI.JK,0.9185838202468487
2026-03-30,4710.0,4750.0,4690.0,4700.0,4317.34375,110819500,BMRI.JK,0.9185837765957446
2026-03-31,4710.0,4790.0,4700.0,4720.0,4335.7158203125,184777500,BMRI.JK,0.9185838602356992
2026-04-01,4800.0,4830.0,4680.0,4720.0,4335.7158203125,162832600,BMRI.JK,0.9185838602356992
2026-04-02,4720.0,4730.0,4640.0,4650.0,4271.41455078125,109496300,BMRI.JK,0.9185837743615591
2026-04-06,4650.0,4700.0,4600.0,4610.0,4234.67138671875,60887500,BMRI.JK,0.9185838149064534
2026-04-07,4600.0,4610.0,4500.0,4510.0,4142.81298828125,190831700,BMRI.JK,0.9185838111488359
2026-04-08,4670.0,4700.0,4630.0,4670.0,4289.78662109375,169872400,BMRI.JK,0.9185838589065846
2026-04-09,4650.0,4650.0,4570.0,4570.0,4197.92822265625,128431200,BMRI.JK,0.918583856161105
2026-04-10,4580.0,4700.0,4580.0,4670.0,4289.78662109375,103583800,BMRI.JK,0.9185838589065846
2026-04-13,4640.0,4660.0,4600.0,4600.0,4225.4853515625,103202100,BMRI.JK,0.9185837720788044
2026-04-14,4670.0,4720.0,4650.0,4710.0,4326.52978515625,135501000,BMRI.JK,0.9185838185045117
2026-04-15,4750.0,4770.0,4640.0,4650.0,4271.41455078125,104621600,BMRI.JK,0.9185837743615591
2026-04-16,4680.0,4680.0,4620.0,4640.0,4262.22900390625,120500900,BMRI.JK,0.9185838370487608
2026-04-17,4670.0,4700.0,4580.0,4620.0,4243.857421875,125867600,BMRI.JK,0.9185838575487013
2026-04-20,4640.0,4670.0,4590.0,4620.0,4243.857421875,104938900,BMRI.JK,0.9185838575487013
2026-04-21,4610.0,4700.0,4610.0,4700.0,4317.34375,120070400,BMRI.JK,0.9185837765957446
2026-04-22,4700.0,4770.0,4700.0,4750.0,4363.27294921875,113814200,BMRI.JK,0.9185837787828948
2026-04-23,4760.0,4770.0,4630.0,4630.0,4253.04296875,133792200,BMRI.JK,0.9185837945464362
2026-04-24,4630.0,4630.0,4490.0,4500.0,4133.626953125,218703100,BMRI.JK,0.9185837673611111
2026-04-27,4500.0,4510.0,4360.0,4400.0,4041.768798828125,257209000,BMRI.JK,0.9185838179154829
2026-04-28,4420.0,4480.0,4350.0,4430.0,4069.326171875,246361500,BMRI.JK,0.918583785976298
2026-04-29,4440.0,4530.0,4430.0,4430.0,4069.326171875,201458600,BMRI.JK,0.918583785976298
2026-04-30,4430.0,4450.0,4370.0,4390.0,4032.5830078125,186960200,BMRI.JK,0.9185838286588838
2026-05-04,4430.0,4470.0,4410.0,4420.0,4060.140380859375,166294600,BMRI.JK,0.9185837965745193
2026-05-05,4420.0,4570.0,4410.0,4490.0,4124.44140625,186702000,BMRI.JK,0.9185838321269488
2026-05-06,4530.0,4550.0,4480.0,4510.0,4142.81298828125,156255400,BMRI.JK,0.9185838111488359
2026-05-07,4570.0,4640.0,4550.0,4640.0,4262.22900390625,262269600,BMRI.JK,0.9185838370487608
2026-05-08,4650.0,4710.0,4620.0,4630.0,4253.04296875,369212800,BMRI.JK,0.9185837945464362
2026-05-11,4310.0,4340.0,4250.0,4250.0,4250.0,424518900,BMRI.JK,1.0
2026-05-12,4270.0,4270.0,4190.0,4240.0,4240.0,221247900,BMRI.JK,1.0
2026-05-13,4230.0,4250.0,4190.0,4200.0,4200.0,192288300,BMRI.JK,1.0
2026-05-18,4170.0,4170.0,4080.0,4130.0,4130.0,316067300,BMRI.JK,1.0
2026-05-19,4130.0,4260.0,4100.0,4130.0,4130.0,306901800,BMRI.JK,1.0
2026-05-20,4150.0,4290.0,4110.0,4230.0,4230.0,308468000,BMRI.JK,1.0
2026-05-21,4280.0,4280.0,4130.0,4170.0,4170.0,137461700,BMRI.JK,1.0
2026-05-22,4140.0,4150.0,4040.0,4120.0,4120.0,190022900,BMRI.JK,1.0
2026-05-25,4160.0,4300.0,4130.0,4220.0,4220.0,235113500,BMRI.JK,1.0
2026-05-26,4210.0,4220.0,4130.0,4130.0,4130.0,181583300,BMRI.JK,1.0
2026-05-29,4120.0,4190.0,4080.0,4080.0,4080.0,442625300,BMRI.JK,1.0
2026-06-02,4090.0,4190.0,4090.0,4170.0,4170.0,261911500,BMRI.JK,1.0
2026-06-03,4200.0,4200.0,4020.0,4050.0,4050.0,287274100,BMRI.JK,1.0
2026-06-04,4050.0,4060.0,3930.0,3970.0,3970.0,328529500,BMRI.JK,1.0
2026-06-05,3900.0,3950.0,3820.0,3840.0,3840.0,320689600,BMRI.JK,1.0
2026-06-08,3810.0,3900.0,3700.0,3710.0,3710.0,387103400,BMRI.JK,1.0
2026-06-09,3650.0,4090.0,3650.0,4090.0,4090.0,484957600,BMRI.JK,1.0
2026-06-10,4100.0,4260.0,4050.0,4260.0,4260.0,359183100,BMRI.JK,1.0
2026-06-11,4260.0,4340.0,4140.0,4250.0,4250.0,308861000,BMRI.JK,1.0
2026-06-12,4320.0,4320.0,4200.0,4200.0,4200.0,241735800,BMRI.JK,1.0
2026-06-15,4300.0,4500.0,4300.0,4500.0,4500.0,310948900,BMRI.JK,1.0
2026-06-17,4500.0,4570.0,4390.0,4490.0,4490.0,286865700,BMRI.JK,1.0
2026-06-18,4440.0,4470.0,4340.0,4470.0,4470.0,190568200,BMRI.JK,1.0
2026-06-19,4390.0,4470.0,4300.0,4310.0,4310.0,377274300,BMRI.JK,1.0
2026-06-22,4320.0,4340.0,4220.0,4220.0,4220.0,101336500,BMRI.JK,1.0
2026-06-23,4200.0,4210.0,4090.0,4120.0,4120.0,248512500,BMRI.JK,1.0
2026-06-24,4130.0,4180.0,3970.0,3970.0,3970.0,254221600,BMRI.JK,1.0
2026-06-25,3970.0,4090.0,3960.0,4000.0,4000.0,275422800,BMRI.JK,1.0
2026-06-26,4000.0,4040.0,3900.0,3990.0,3990.0,247361000,BMRI.JK,1.0
2026-06-29,3990.0,4010.0,3930.0,3940.0,3940.0,120733900,BMRI.JK,1.0
2026-06-30,3930.0,3930.0,3830.0,3850.0,3850.0,200553100,BMRI.JK,1.0
2026-07-01,3810.0,3880.0,3800.0,3810.0,3810.0,142033400,BMRI.JK,1.0
2026-07-02,3810.0,3960.0,3810.0,3900.0,3900.0,181957900,BMRI.JK,1.0
2026-07-03,3950.0,4040.0,3950.0,4010.0,4010.0,97694100,BMRI.JK,1.0
2026-07-06,4020.0,4040.0,3940.0,4030.0,4030.0,143666300,BMRI.JK,1.0
2026-07-07,4030.0,4090.0,3990.0,4070.0,4070.0,181399100,BMRI.JK,1.0
2026-07-08,4080.0,4080.0,3970.0,3970.0,3970.0,107252600,BMRI.JK,1.0
2026-07-09,3960.0,4040.0,3950.0,4040.0,4040.0,109084100,BMRI.JK,1.0
2026-07-10,4050.0,4080.0,4010.0,4080.0,4080.0,73997600,BMRI.JK,1.0
2026-07-13,4070.0,4260.0,4020.0,4250.0,4250.0,140381100,BMRI.JK,1.0
2026-07-14,4250.0,4260.0,4130.0,4160.0,4160.0,186937300,BMRI.JK,1.0
2026-07-15,4220.0,4270.0,4170.0,4200.0,4200.0,145283200,BMRI.JK,1.0
2026-07-16,4240.0,4310.0,4220.0,4310.0,4310.0,103434900,BMRI.JK,1.0
2026-07-17,4310.0,4490.0,4270.0,4480.0,4480.0,258763500,BMRI.JK,1.0
2026-07-20,4480.0,4520.0,4420.0,4450.0,4450.0,197096400,BMRI.JK,1.0
2026-07-21,4480.0,4490.0,4430.0,4480.0,4480.0,135068500,BMRI.JK,1.0
2026-07-22,4490.0,4490.0,4410.0,4420.0,4420.0,93136600,BMRI.JK,1.0
2026-07-23,4450.0,4470.0,4330.0,4380.0,4380.0,160468800,BMRI.JK,1.0
2026-07-24,4280.0,4290.0,4120.0,4130.0,4130.0,403126400,BMRI.JK,1.0
2026-07-27,4110.0,4160.0,4060.0,4160.0,4160.0,233516000,BMRI.JK,1.0
2026-07-28,4150.0,4190.0,4100.0,4100.0,4100.0,162841200,BMRI.JK,1.0
2026-07-29,4120.0,4140.0,4060.0,4090.0,4090.0,125647800,BMRI.JK,1.0
2026-07-30,4100.0,4200.0,4100.0,4160.0,4160.0,100897800,BMRI.JK,1.0
2026-07-31,4180.0,4200.0,4160.0,4190.0,4190.0,97657300,BMRI.JK,1.0
2026-08-03,4230.0,4230.0,4140.0,4170.0,4170.0,76254300,BMRI.JK,1.0
2026-08-04,4170.0,4260.0,4170.0,4260.0,4260.0,121374800,BMRI.JK,1.0
2026-08-05,4260.0,4280.0,4220.0,4220.0,4220.0,122781400,BMRI.JK,1.0
2026-08-06,4240.0,4280.0,4200.0,4200.0,4200.0,95744300,BMRI.JK,1.0
2026-08-07,4220.0,4270.0,4210.0,4240.0,4240.0,110106100,BMRI.JK,1.0
2026-08-10,4250.0,4270.0,4180.0,4180.0,4180.0,148614700,BMRI.JK,1.0
2026-08-11,4200.0,4200.0,4100.0,4120.0,4120.0,148404100,BMRI.JK,1.0
2026-08-12,4130.0,4150.0,4080.0,4130.0,4130.0,153658300,BMRI.JK,1.0
2026-08-13,4140.0,4150.0,4090.0,4130.0,4130.0,108708200,BMRI.JK,1.0
2026-08-14,4140.0,4170.0,4100.0,4170.0,4170.0,75934800,BMRI.JK,1.0
2026-08-18,4200.0,4220.0,4150.0,4150.0,4150.0,116514200,BMRI.JK,1.0
2026-08-19,4160.0,4190.0,4140.0,4140.0,4140.0,79287200,BMRI.JK,1.0
2026-08-20,4150.0,4180.0,4140.0,4150.0,4150.0,74796300,BMRI.JK,1.0
2026-08-21,4170.0,4240.0,4170.0,4220.0,4220.0,142906200,BMRI.JK,1.0
2026-08-24,4220.0,4220.0,4170.0,4200.0,4200.0,86046100,BMRI.JK,1.0
2026-08-26,4190.0,4190.0,4150.0,4160.0,4160.0,156162500,BMRI.JK,1.0
2026-08-27,4140.0,4210.0,4130.0,4210.0,4210.0,66036800,BMRI.JK,1.0
2026-08-28,4220.0,4260.0,4200.0,4250.0,4250.0,111542000,BMRI.JK,1.0
2026-08-31,4250.0,4280.0,4200.0,4230.0,4230.0,231356300,BMRI.JK,1.0
2026-09-01,4230.0,4320.0,4230.0,4320.0,4320.0,191597900,BMRI.JK,1.0
2018-01-02,4430.0,4460.0,4380.0,4410.0,2739.1123046875,66075600,TLKM.JK,0.6211139012896826
2018-01-03,4380.0,4380.0,4200.0,4230.0,2627.311767578125,129205000,TLKM.JK,0.621113893044474
2018-01-04,4230.0,4250.0,4190.0,4220.0,2621.1005859375,77953300,TLKM.JK,0.6211138829235782
2018-01-05,4220.0,4280.0,4200.0,4280.0,2658.367431640625,55863000,TLKM.JK,0.6211138858973423
2018-01-08,4250.0,4290.0,4250.0,4260.0,2645.945068359375,42916700,TLKM.JK,0.6211138658120599
2018-01-09,4240.0,4240.0,4180.0,4200.0,2608.678466796875,100497400,TLKM.JK,0.6211139206659226
2018-01-10,4200.0,4250.0,4180.0,4190.0,2602.467041015625,95004000,TLKM.JK,0.6211138522710322
2018-01-11,4200.0,4200.0,4150.0,4170.0,2590.044677734375,80524900,TLKM.JK,0.6211138315909772
2018-01-12,4160.0,4190.0,4130.0,4130.0,2565.200439453125,70976800,TLKM.JK,0.6211139078578995
2018-01-15,4160.0,4170.0,4100.0,4120.0,2558.9892578125,71388000,TLKM.JK,0.6211138975273058
2018-01-16,4150.0,4220.0,4120.0,4210.0,2614.889404296875,84393300,TLKM.JK,0.6211138727546022
2018-01-17,4210.0,4220.0,4180.0,4200.0,2608.678466796875,77197700,TLKM.JK,0.6211139206659226
2018-01-18,4210.0,4240.0,4160.0,4170.0,2590.044677734375,100089500,TLKM.JK,0.6211138315909772
2018-01-19,4190.0,4190.0,4120.0,4160.0,2583.833740234375,70890100,TLKM.JK,0.6211138798640324
2018-01-22,4120.0,4160.0,4120.0,4130.0,2565.200439453125,83090400,TLKM.JK,0.6211139078578995
2018-01-23,4160.0,4160.0,4030.0,4090.0,2540.355712890625,184176500,TLKM.JK,0.6211138662324267
2018-01-24,4090.0,4090.0,3970.0,3980.0,2472.033203125,241779600,TLKM.JK,0.6211138701319096
2018-01-25,3980.0,4020.0,3920.0,3970.0,2465.822265625,232552500,TLKM.JK,0.6211139208123426
2018-01-26,3990.0,4160.0,3990.0,4150.0,2577.622802734375,246067800,TLKM.JK,0.6211139283697289
2018-01-29,4170.0,4180.0,4030.0,4070.0,2527.93359375,156356300,TLKM.JK,0.6211139050982801
2018-01-30,4020.0,4040.0,3960.0,3970.0,2465.822265625,140694300,TLKM.JK,0.6211139208123426
2018-01-31,3960.0,4060.0,3950.0,3990.0,2478.24462890625,112276200,TLKM.JK,0.621113942081767
2018-02-01,4030.0,4070.0,3980.0,3980.0,2472.033203125,102291000,TLKM.JK,0.6211138701319096
2018-02-02,4030.0,4030.0,4000.0,4000.0,2484.455810546875,71707200,TLKM.JK,0.6211139526367188
2018-02-05,3950.0,4030.0,3920.0,4010.0,2490.66650390625,70792500,TLKM.JK,0.6211138413731296
2018-02-06,3950.0,3990.0,3930.0,3940.0,2447.188720703125,146207400,TLKM.JK,0.6211138885033313
2018-02-07,3990.0,4020.0,3950.0,3980.0,2472.033203125,120081100,TLKM.JK,0.6211138701319096
2018-02-08,3980.0,4040.0,3940.0,4020.0,2496.877685546875,101865000,TLKM.JK,0.6211138521260883
2018-02-09,3970.0,4000.0,3940.0,3950.0,2453.399658203125,78255000,TLKM.JK,0.6211138375197784
2018-02-12,3950.0,3990.0,3950.0,3960.0,2459.61083984375,58535200,TLKM.JK,0.6211138484453914
2018-02-13,3990.0,4060.0,3980.0,4040.0,2509.300048828125,79288000,TLKM.JK,0.6211138734723082
2018-02-14,4050.0,4080.0,3990.0,4040.0,2509.300048828125,63313200,TLKM.JK,0.6211138734723082
2018-02-15,4050.0,4060.0,4000.0,4010.0,2490.66650390625,32896000,TLKM.JK,0.6211138413731296
2018-02-19,4050.0,4080.0,4040.0,4050.0,2515.51123046875,89429500,TLKM.JK,0.621113884066358
2018-02-20,4080.0,4080.0,4040.0,4070.0,2527.93359375,53466600,TLKM.JK,0.6211139050982801
2018-02-21,4040.0,4080.0,4020.0,4070.0,2527.93359375,74130200,TLKM.JK,0.6211139050982801
2018-02-22,4070.0,4070.0,4010.0,4010.0,2490.66650390625,91272600,TLKM.JK,0.6211138413731296
2018-02-23,4030.0,4040.0,4010.0,4030.0,2503.089111328125,59706400,TLKM.JK,0.6211139234064826
2018-02-26,4050.0,4050.0,4010.0,4030.0,2503.089111328125,56293900,TLKM.JK,0.6211139234064826
2018-02-27,4030.0,4030.0,3960.0,4020.0,2496.877685546875,81554100,TLKM.JK,0.6211138521260883
2018-02-28,3970.0,4050.0,3970.0,4000.0,2484.455810546875,94528200,TLKM.JK,0.6211139526367188
2018-03-01,4050.0,4090.0,4020.0,4060.0,2521.722412109375,84215600,TLKM.JK,0.6211138946082204
2018-03-02,4060.0,4070.0,4030.0,4070.0,2527.93359375,61410200,TLKM.JK,0.6211139050982801
2018-03-05,4050.0,4060.0,4000.0,4020.0,2496.877685546875,56394900,TLKM.JK,0.6211138521260883
2018-03-06,4050.0,4060.0,4020.0,4020.0,2496.877685546875,59010500,TLKM.JK,0.6211138521260883
2018-03-07,4000.0,4040.0,3980.0,4000.0,2484.455810546875,100646000,TLKM.JK,0.6211139526367188
2018-03-08,4050.0,4140.0,4020.0,4140.0,2571.411865234375,152547000,TLKM.JK,0.6211139771097525
2018-03-09,4150.0,4160.0,4090.0,4150.0,2577.622802734375,97354700,TLKM.JK,0.6211139283697289
2018-03-12,4170.0,4200.0,4130.0,4200.0,2608.678466796875,87344000,TLKM.JK,0.6211139206659226
2018-03-13,4160.0,4180.0,4080.0,4090.0,2540.355712890625,96605900,TLKM.JK,0.6211138662324267
2018-03-14,4070.0,4090.0,4040.0,4060.0,2521.722412109375,74296000,TLKM.JK,0.6211138946082204
2018-03-15,4030.0,4040.0,3930.0,3930.0,2440.9775390625,133775500,TLKM.JK,0.6211138776240458
2018-03-16,3930.0,3950.0,3820.0,3820.0,2372.655029296875,208216200,TLKM.JK,0.6211138820148887
2018-03-19,3860.0,3900.0,3810.0,3820.0,2372.655029296875,111808000,TLKM.JK,0.6211138820148887
2018-03-20,3800.0,3810.0,3640.0,3660.0,2273.276611328125,254154700,TLKM.JK,0.6211138282317281
2018-03-21,3660.0,3720.0,3630.0,3710.0,2304.33251953125,152085900,TLKM.JK,0.6211138866661051
2018-03-22,3720.0,3810.0,3690.0,3700.0,2298.121337890625,132850400,TLKM.JK,0.6211138751055744
2018-03-23,3520.0,3690.0,3520.0,3660.0,2273.276611328125,104485500,TLKM.JK,0.6211138282317281
2018-03-26,3600.0,3650.0,3580.0,3590.0,2229.799072265625,104993600,TLKM.JK,0.6211139477063022
2018-03-27,3630.0,3650.0,3540.0,3560.0,2211.165771484375,106157400,TLKM.JK,0.6211139807540379
2018-03-28,3570.0,3620.0,3540.0,3570.0,2217.376708984375,83907700,TLKM.JK,0.6211139240852591
2018-03-29,3580.0,3600.0,3530.0,3600.0,2236.010009765625,106930200,TLKM.JK,0.6211138916015625
2018-04-02,3640.0,3680.0,3600.0,3670.0,2279.48828125,63944000,TLKM.JK,0.621113973092643
2018-04-03,3640.0,3670.0,3620.0,3630.0,2254.643310546875,57234700,TLKM.JK,0.6211138596547865
2018-04-04,3630.0,3660.0,3570.0,3600.0,2236.010009765625,80976000,TLKM.JK,0.6211138916015625
2018-04-05,3650.0,3690.0,3650.0,3680.0,2285.69921875,102973700,TLKM.JK,0.621113918138587
2018-04-06,3680.0,3690.0,3650.0,3650.0,2267.065673828125,62905500,TLKM.JK,0.6211138832405821
2018-04-09,3630.0,3780.0,3630.0,3770.0,2341.599365234375,114947800,TLKM.JK,0.6211138899825929
2018-04-10,3740.0,3880.0,3730.0,3860.0,2397.49951171875,138847700,TLKM.JK,0.6211138631395725
2018-04-11,3850.0,3890.0,3850.0,3870.0,2403.710693359375,58454500,TLKM.JK,0.6211138742530685
2018-04-12,3830.0,3860.0,3740.0,3750.0,2329.17724609375,76340800,TLKM.JK,0.6211139322916667
2018-04-13,3760.0,3780.0,3630.0,3660.0,2273.276611328125,88313600,TLKM.JK,0.6211138282317281
2018-04-18,3720.0,3770.0,3710.0,3770.0,2341.599365234375,65927000,TLKM.JK,0.6211138899825929
2018-04-23,3720.0,3780.0,3720.0,3750.0,2329.17724609375,72362700,TLKM.JK,0.6211139322916667
2018-04-24,3810.0,3830.0,3770.0,3830.0,2378.866455078125,81396500,TLKM.JK,0.6211139569394583
2018-04-30,3750.0,3870.0,3750.0,3830.0,2378.866455078125,95418200,TLKM.JK,0.6211139569394583
2018-05-02,3810.0,3880.0,3780.0,3870.0,2403.710693359375,118872100,TLKM.JK,0.6211138742530685
2018-05-03,3850.0,3860.0,3740.0,3740.0,2322.966064453125,91601300,TLKM.JK,0.6211139209767714
2018-05-04,3700.0,3750.0,3650.0,3730.0,2316.7548828125,80894300,TLKM.JK,0.6211139096012064
2018-05-07,3750.0,3820.0,3730.0,3800.0,2360.232666015625,97351600,TLKM.JK,0.6211138594777961
2018-05-08,3650.0,3670.0,3570.0,3620.0,2352.21435546875,107379900,TLKM.JK,0.6497829711239641
2018-05-09,3600.0,3780.0,3530.0,3700.0,2404.197021484375,149687500,TLKM.JK,0.6497829787795608
2018-05-11,3700.0,3750.0,3620.0,3630.0,2358.71240234375,120995700,TLKM.JK,0.6497830309486915
2018-05-14,3560.0,3610.0,3500.0,3540.0,2300.231689453125,161018200,TLKM.JK,0.6497829631223517
2018-05-15,3520.0,3530.0,3350.0,3370.0,2189.768310546875,230994800,TLKM.JK,0.6497828814679154
2018-05-16,3280.0,3530.0,3250.0,3480.0,2261.244873046875,205406800,TLKM.JK,0.6497830094962285
2018-05-17,3510.0,3610.0,3490.0,3490.0,2267.74267578125,179026500,TLKM.JK,0.6497830016565186
2018-05-18,3520.0,3530.0,3400.0,3490.0,2267.74267578125,75748600,TLKM.JK,0.6497830016565186
2018-05-21,3490.0,3490.0,3410.0,3420.0,2222.257568359375,57210900,TLKM.JK,0.6497829147249634
2018-05-22,3420.0,3500.0,3420.0,3470.0,2254.7470703125,78667200,TLKM.JK,0.6497830173811239
2018-05-23,3460.0,3530.0,3450.0,3470.0,2254.7470703125,110630200,TLKM.JK,0.6497830173811239
2018-05-24,3480.0,3590.0,3480.0,3560.0,2313.227783203125,84178300,TLKM.JK,0.6497830851694172
2018-05-25,3540.0,3590.0,3530.0,3560.0,2313.227783203125,66374400,TLKM.JK,0.6497830851694172
2018-05-28,3580.0,3700.0,3560.0,3690.0,2397.698974609375,90299200,TLKM.JK,0.6497829199483401
2018-05-30,3600.0,3730.0,3590.0,3600.0,2339.21875,148933500,TLKM.JK,0.6497829861111111
2018-05-31,3600.0,3610.0,3500.0,3520.0,2287.236083984375,255204300,TLKM.JK,0.6497829784046519
2018-06-04,3540.0,3660.0,3530.0,3640.0,2365.2099609375,141754800,TLKM.JK,0.649782956301511
2018-06-05,3680.0,3860.0,3660.0,3830.0,2488.6689453125,181376800,TLKM.JK,0.649783014441906
2018-06-06,3790.0,3830.0,3760.0,3790.0,2462.677490234375,143554900,TLKM.JK,0.649782978953661
2018-06-07,3800.0,3830.0,3770.0,3770.0,2449.681884765625,122724300,TLKM.JK,0.6497829933065318
2018-06-08,3710.0,3730.0,3600.0,3610.0,2345.716552734375,260396300,TLKM.JK,0.6497829785967798
2018-06-20,3540.0,3710.0,3510.0,3710.0,2410.69482421875,295386100,TLKM.JK,0.6497829714875337
2018-06-21,3650.0,3700.0,3610.0,3610.0,2345.716552734375,123848500,TLKM.JK,0.6497829785967798
2018-06-22,3610.0,3630.0,3540.0,3580.0,2326.22314453125,121490900,TLKM.JK,0.6497830012657123
2018-06-25,3630.0,3690.0,3600.0,3660.0,2378.20556640625,97826600,TLKM.JK,0.6497829416410519
2018-06-26,3600.0,3700.0,3600.0,3690.0,2397.698974609375,91252300,TLKM.JK,0.6497829199483401
2018-06-27,3690.0,3780.0,3690.0,3710.0,2410.69482421875,106616500,TLKM.JK,0.6497829714875337
2018-06-28,3700.0,3720.0,3660.0,3660.0,2378.20556640625,133779300,TLKM.JK,0.6497829416410519
2018-06-29,3650.0,3750.0,3640.0,3750.0,2436.686279296875,79116600,TLKM.JK,0.6497830078125
2018-07-02,3800.0,3800.0,3710.0,3750.0,2436.686279296875,55810800,TLKM.JK,0.6497830078125
2018-07-03,3740.0,3740.0,3670.0,3700.0,2404.197021484375,79439500,TLKM.JK,0.6497829787795608
2018-07-04,3700.0,3810.0,3630.0,3760.0,2443.18408203125,54884500,TLKM.JK,0.6497830005402261
2018-07-05,3800.0,3830.0,3760.0,3830.0,2488.6689453125,59717900,TLKM.JK,0.649783014441906
2018-07-06,3850.0,3890.0,3830.0,3860.0,2508.162353515625,67655200,TLKM.JK,0.649782993138763
2018-07-09,3900.0,4000.0,3880.0,3980.0,2586.13623046875,68798500,TLKM.JK,0.6497829724795854
2018-07-10,3990.0,4050.0,3960.0,4030.0,2618.62548828125,118127300,TLKM.JK,0.6497829995735112
2018-07-11,4000.0,4080.0,3960.0,4060.0,2638.118896484375,144055300,TLKM.JK,0.649782979429649
2018-07-12,4050.0,4110.0,4040.0,4100.0,2664.110107421875,114531700,TLKM.JK,0.6497829530297257
2018-07-13,4080.0,4100.0,3970.0,4020.0,2612.12744140625,120852800,TLKM.JK,0.6497829456234453
2018-07-16,3970.0,4030.0,3860.0,3940.0,2560.14501953125,66229700,TLKM.JK,0.649782999881028
2018-07-17,3970.0,3970.0,3890.0,3940.0,2560.14501953125,53740400,TLKM.JK,0.649782999881028
2018-07-18,3910.0,4030.0,3890.0,4010.0,2605.629638671875,75157800,TLKM.JK,0.6497829522872506
2018-07-19,4000.0,4000.0,3910.0,3910.0,2540.6513671875,65340900,TLKM.JK,0.6497829583599745
2018-07-20,3900.0,3990.0,3890.0,3990.0,2592.63427734375,66456000,TLKM.JK,0.6497830269031954
2018-07-23,4030.0,4090.0,4010.0,4060.0,2638.118896484375,74605900,TLKM.JK,0.649782979429649
2018-07-24,4090.0,4090.0,4030.0,4030.0,2618.62548828125,64353800,TLKM.JK,0.6497829995735112
2018-07-25,4060.0,4060.0,3900.0,3900.0,2534.153564453125,55617500,TLKM.JK,0.649782965244391
2018-07-26,3920.0,3940.0,3890.0,3930.0,2553.647216796875,55761900,TLKM.JK,0.6497830068185433
2018-07-27,3910.0,3950.0,3890.0,3940.0,2560.14501953125,52506800,TLKM.JK,0.649782999881028
2018-07-30,3890.0,3950.0,3890.0,3910.0,2540.6513671875,49045100,TLKM.JK,0.6497829583599745
2018-07-31,3830.0,3830.0,3550.0,3570.0,2319.725341796875,339081700,TLKM.JK,0.6497830089066877
2018-08-01,3570.0,3600.0,3500.0,3550.0,2306.7294921875,190720900,TLKM.JK,0.6497829555457747
2018-08-02,3550.0,3590.0,3450.0,3500.0,2274.240478515625,171276100,TLKM.JK,0.6497829938616071
2018-08-03,3480.0,3490.0,3430.0,3460.0,2248.2490234375,224005400,TLKM.JK,0.6497829547507226
2018-08-06,3480.0,3670.0,3480.0,3650.0,2371.707763671875,231846400,TLKM.JK,0.6497829489511986
2018-08-07,3650.0,3670.0,3570.0,3580.0,2326.22314453125,111024900,TLKM.JK,0.6497830012657123
2018-08-08,3600.0,3600.0,3520.0,3550.0,2306.7294921875,109077400,TLKM.JK,0.6497829555457747
2018-08-09,3520.0,3550.0,3490.0,3490.0,2267.74267578125,110452900,TLKM.JK,0.6497830016565186
2018-08-10,3510.0,3540.0,3480.0,3500.0,2274.240478515625,79851700,TLKM.JK,0.6497829938616071
2018-08-13,3440.0,3450.0,3360.0,3370.0,2189.768310546875,106124800,TLKM.JK,0.6497828814679154
2018-08-14,3360.0,3440.0,3330.0,3350.0,2176.77294921875,108189200,TLKM.JK,0.6497829699160448
2018-08-15,3350.0,3450.0,3310.0,3430.0,2228.755859375,95526000,TLKM.JK,0.6497830493804665
2018-08-16,3390.0,3430.0,3350.0,3350.0,2176.77294921875,112653900,TLKM.JK,0.6497829699160448
2018-08-20,3420.0,3450.0,3370.0,3390.0,2202.764404296875,163133800,TLKM.JK,0.6497830101170723
2018-08-21,3400.0,3440.0,3350.0,3350.0,2176.77294921875,126746000,TLKM.JK,0.6497829699160448
2018-08-23,3390.0,3390.0,3290.0,3300.0,2144.283935546875,209401300,TLKM.JK,0.6497830107717804
2018-08-24,3290.0,3340.0,3270.0,3290.0,2137.78564453125,103476200,TLKM.JK,0.6497828706781915
2018-08-27,3330.0,3480.0,3310.0,3460.0,2248.2490234375,142917000,TLKM.JK,0.6497829547507226
2018-08-28,3480.0,3600.0,3480.0,3580.0,2326.22314453125,224122500,TLKM.JK,0.6497830012657123
2018-08-29,3560.0,3610.0,3520.0,3580.0,2326.22314453125,126710100,TLKM.JK,0.6497830012657123
2018-08-30,3580.0,3590.0,3510.0,3510.0,2280.738037109375,80352300,TLKM.JK,0.6497829165553775
2018-08-31,3500.0,3520.0,3460.0,3490.0,2267.74267578125,109920300,TLKM.JK,0.6497830016565186
2018-09-03,3520.0,3550.0,3480.0,3490.0,2267.74267578125,46014400,TLKM.JK,0.6497830016565186
2018-09-04,3500.0,3510.0,3410.0,3420.0,2222.257568359375,77620800,TLKM.JK,0.6497829147249634
2018-09-05,3400.0,3400.0,3250.0,3270.0,2124.79052734375,183864900,TLKM.JK,0.6497830358849388
2018-09-06,3250.0,3380.0,3250.0,3360.0,2183.2705078125,172294300,TLKM.JK,0.6497828892299107
2018-09-07,3360.0,3390.0,3320.0,3390.0,2202.764404296875,99447200,TLKM.JK,0.6497830101170723
2018-09-10,3380.0,3400.0,3350.0,3380.0,2196.266357421875,48741600,TLKM.JK,0.6497829459828033
2018-09-12,3380.0,3390.0,3310.0,3320.0,2157.27978515625,81217700,TLKM.JK,0.6497830678181475
2018-09-13,3370.0,3470.0,3370.0,3450.0,2241.75146484375,115198100,TLKM.JK,0.6497830332880434
2018-09-14,3470.0,3600.0,3470.0,3590.0,2332.720947265625,156541000,TLKM.JK,0.649782993667305
2018-09-17,3550.0,3570.0,3430.0,3470.0,2254.7470703125,95431800,TLKM.JK,0.6497830173811239
2018-09-18,3470.0,3590.0,3440.0,3570.0,2319.725341796875,132571400,TLKM.JK,0.6497830089066877
2018-09-19,3580.0,3610.0,3540.0,3550.0,2306.7294921875,88139600,TLKM.JK,0.6497829555457747
2018-09-20,3590.0,3640.0,3570.0,3600.0,2339.21875,80194400,TLKM.JK,0.6497829861111111
2018-09-21,3630.0,3630.0,3550.0,3600.0,2339.21875,98577800,TLKM.JK,0.6497829861111111
2018-09-24,3590.0,3600.0,3510.0,3540.0,2300.231689453125,48101000,TLKM.JK,0.6497829631223517
2018-09-25,3540.0,3560.0,3520.0,3560.0,2313.227783203125,25350200,TLKM.JK,0.6497830851694172
2018-09-26,3550.0,3590.0,3540.0,3540.0,2300.231689453125,51055900,TLKM.JK,0.6497829631223517
2018-09-27,3580.0,3590.0,3550.0,3580.0,2326.22314453125,49549400,TLKM.JK,0.6497830012657123
2018-09-28,3600.0,3670.0,3600.0,3640.0,2365.2099609375,116695900,TLKM.JK,0.649782956301511
2018-10-01,3610.0,3690.0,3610.0,3670.0,2384.703857421875,45504900,TLKM.JK,0.6497830674174047
2018-10-02,3640.0,3670.0,3580.0,3620.0,2352.21435546875,61393800,TLKM.JK,0.6497829711239641
2018-10-03,3570.0,3640.0,3570.0,3600.0,2339.21875,46611900,TLKM.JK,0.6497829861111111
2018-10-04,3570.0,3600.0,3510.0,3600.0,2339.21875,82550500,TLKM.JK,0.6497829861111111
2018-10-05,3540.0,3600.0,3530.0,3530.0,2293.733642578125,59270300,TLKM.JK,0.6497829015802054
2018-10-08,3500.0,3530.0,3470.0,3520.0,2287.236083984375,71886100,TLKM.JK,0.6497829784046519
2018-10-09,3530.0,3620.0,3520.0,3590.0,2332.720947265625,58708100,TLKM.JK,0.649782993667305
2018-10-10,3640.0,3640.0,3560.0,3600.0,2339.21875,31937500,TLKM.JK,0.6497829861111111
2018-10-11,3500.0,3640.0,3480.0,3570.0,2319.725341796875,114418300,TLKM.JK,0.6497830089066877
2018-10-12,3630.0,3700.0,3620.0,3680.0,2391.201416015625,87991200,TLKM.JK,0.6497829934825068
2018-10-15,3700.0,3750.0,3650.0,3660.0,2378.20556640625,68466400,TLKM.JK,0.6497829416410519
2018-10-16,3680.0,3780.0,3680.0,3780.0,2456.179931640625,98103600,TLKM.JK,0.649783050698578
2018-10-17,3800.0,3910.0,3800.0,3900.0,2534.153564453125,122953700,TLKM.JK,0.649782965244391
2018-10-18,3840.0,3880.0,3720.0,3760.0,2443.18408203125,102322600,TLKM.JK,0.6497830005402261
2018-10-19,3700.0,3770.0,3690.0,3730.0,2423.6904296875,140162100,TLKM.JK,0.6497829570207775
2018-10-22,3730.0,3830.0,3730.0,3800.0,2469.175048828125,57680500,TLKM.JK,0.6497829075863487
2018-10-23,3800.0,3800.0,3670.0,3700.0,2404.197021484375,53266800,TLKM.JK,0.6497829787795608
2018-10-24,3700.0,3710.0,3520.0,3520.0,2287.236083984375,117672200,TLKM.JK,0.6497829784046519
2018-10-25,3490.0,3580.0,3460.0,3550.0,2306.7294921875,120108900,TLKM.JK,0.6497829555457747
2018-10-26,3580.0,3660.0,3580.0,3630.0,2358.71240234375,100554100,TLKM.JK,0.6497830309486915
2018-10-29,3630.0,3660.0,3580.0,3660.0,2378.20556640625,54304000,TLKM.JK,0.6497829416410519
2018-10-30,3640.0,3850.0,3630.0,3800.0,2469.175048828125,158933000,TLKM.JK,0.6497829075863487
2018-10-31,3850.0,3870.0,3730.0,3850.0,2501.664306640625,140351400,TLKM.JK,0.6497829367897727
2018-11-01,3850.0,3880.0,3810.0,3880.0,2521.158203125,69586900,TLKM.JK,0.6497830420425258
2018-11-02,3900.0,3940.0,3880.0,3940.0,2560.14501953125,98072700,TLKM.JK,0.649782999881028
2018-11-05,3850.0,3910.0,3850.0,3890.0,2527.65576171875,60121700,TLKM.JK,0.6497829721642031
2018-11-06,3930.0,3930.0,3820.0,3890.0,2527.65576171875,58088000,TLKM.JK,0.6497829721642031
2018-11-07,3900.0,3950.0,3870.0,3950.0,2566.642578125,98350100,TLKM.JK,0.649782931170886
2018-11-08,3970.0,4000.0,3920.0,4000.0,2599.132080078125,74004300,TLKM.JK,0.6497830200195313
2018-11-09,3960.0,3960.0,3920.0,3920.0,2547.149658203125,45243300,TLKM.JK,0.6497830760722257
2018-11-12,3890.0,3950.0,3860.0,3860.0,2508.162353515625,57256000,TLKM.JK,0.649782993138763
2018-11-13,3810.0,3850.0,3750.0,3830.0,2488.6689453125,89819400,TLKM.JK,0.649783014441906
2018-11-14,3860.0,3880.0,3750.0,3750.0,2436.686279296875,72968500,TLKM.JK,0.6497830078125
2018-11-15,3800.0,3940.0,3790.0,3910.0,2540.6513671875,71440400,TLKM.JK,0.6497829583599745
2018-11-16,3930.0,4110.0,3920.0,4050.0,2631.62109375,128595600,TLKM.JK,0.6497829861111111
2018-11-19,4050.0,4050.0,3930.0,3950.0,2566.642578125,72785900,TLKM.JK,0.649782931170886
2018-11-21,3860.0,3960.0,3850.0,3960.0,2573.140380859375,97525800,TLKM.JK,0.6497829244594381
2018-11-22,3910.0,3990.0,3910.0,3980.0,2586.13623046875,52279900,TLKM.JK,0.6497829724795854
2018-11-23,3980.0,4000.0,3950.0,3990.0,2592.63427734375,35499400,TLKM.JK,0.6497830269031954
2018-11-26,3980.0,4000.0,3950.0,3990.0,2592.63427734375,43879100,TLKM.JK,0.6497830269031954
2018-11-27,3940.0,3950.0,3850.0,3880.0,2521.158203125,116422400,TLKM.JK,0.6497830420425258
2018-11-28,3890.0,3900.0,3710.0,3720.0,2417.192626953125,195860500,TLKM.JK,0.649782964234711
2018-11-29,3770.0,3810.0,3710.0,3740.0,2430.188232421875,120921500,TLKM.JK,0.6497829498454212
2018-11-30,3760.0,3780.0,3680.0,3680.0,2391.201416015625,151545800,TLKM.JK,0.6497829934825068
2018-12-03,3740.0,3770.0,3700.0,3700.0,2404.197021484375,106891000,TLKM.JK,0.6497829787795608
2018-12-04,3720.0,3780.0,3720.0,3780.0,2456.179931640625,121586400,TLKM.JK,0.649783050698578
2018-12-05,3740.0,3800.0,3730.0,3770.0,2449.681884765625,58424400,TLKM.JK,0.6497829933065318
2018-12-06,3740.0,3770.0,3700.0,3710.0,2410.69482421875,62164100,TLKM.JK,0.6497829714875337
2018-12-07,3700.0,3710.0,3660.0,3670.0,2384.703857421875,92902000,TLKM.JK,0.6497830674174047
2018-12-10,3650.0,3720.0,3610.0,3680.0,2391.201416015625,70093700,TLKM.JK,0.6497829934825068
2018-12-11,3640.0,3670.0,3610.0,3620.0,2352.21435546875,88050700,TLKM.JK,0.6497829711239641
2018-12-12,3660.0,3670.0,3620.0,3650.0,2371.707763671875,87333000,TLKM.JK,0.6497829489511986
2018-12-13,3680.0,3780.0,3660.0,3750.0,2436.686279296875,118965900,TLKM.JK,0.6497830078125
2018-12-14,3800.0,3840.0,3730.0,3730.0,2423.6904296875,139547100,TLKM.JK,0.6497829570207775
2018-12-17,3740.0,3770.0,3710.0,3710.0,2410.69482421875,86251600,TLKM.JK,0.6497829714875337
2018-12-18,3700.0,3740.0,3680.0,3740.0,2430.188232421875,79833100,TLKM.JK,0.6497829498454212
2018-12-19,3740.0,3810.0,3740.0,3810.0,2475.673095703125,81542500,TLKM.JK,0.6497829647514763
2018-12-20,3810.0,3810.0,3720.0,3740.0,2430.188232421875,100129200,TLKM.JK,0.6497829498454212
2018-12-21,3700.0,3770.0,3700.0,3760.0,2443.18408203125,114752300,TLKM.JK,0.6497830005402261
2018-12-26,3730.0,3750.0,3700.0,3730.0,2423.6904296875,50416400,TLKM.JK,0.6497829570207775
2018-12-27,3780.0,3790.0,3730.0,3750.0,2436.686279296875,49980900,TLKM.JK,0.6497830078125
2018-12-28,3770.0,3780.0,3750.0,3750.0,2436.686279296875,48224400,TLKM.JK,0.6497830078125
2019-01-02,3750.0,3760.0,3700.0,3730.0,2423.6904296875,31355300,TLKM.JK,0.6497829570207775
2019-01-03,3710.0,3770.0,3690.0,3740.0,2430.188232421875,83842400,TLKM.JK,0.6497829498454212
2019-01-04,3690.0,3740.0,3690.0,3710.0,2410.69482421875,73936900,TLKM.JK,0.6497829714875337
2019-01-07,3760.0,3790.0,3750.0,3770.0,2449.681884765625,83678100,TLKM.JK,0.6497829933065318
2019-01-08,3770.0,3800.0,3750.0,3800.0,2469.175048828125,67963700,TLKM.JK,0.6497829075863487
2019-01-09,3820.0,3830.0,3730.0,3730.0,2423.6904296875,98529400,TLKM.JK,0.6497829570207775
2019-01-10,3760.0,3800.0,3740.0,3800.0,2469.175048828125,126396700,TLKM.JK,0.6497829075863487
2019-01-11,3820.0,3860.0,3800.0,3860.0,2508.162353515625,116753700,TLKM.JK,0.649782993138763
2019-01-14,3810.0,3850.0,3790.0,3850.0,2501.664306640625,68487000,TLKM.JK,0.6497829367897727
2019-01-15,3860.0,3930.0,3850.0,3930.0,2553.647216796875,83464900,TLKM.JK,0.6497830068185433
2019-01-16,3940.0,4000.0,3920.0,3990.0,2592.63427734375,139056700,TLKM.JK,0.6497830269031954
2019-01-17,3970.0,3990.0,3960.0,3990.0,2592.63427734375,78766100,TLKM.JK,0.6497830269031954
2019-01-18,4010.0,4020.0,3970.0,4020.0,2612.12744140625,76350400,TLKM.JK,0.6497829456234453
2019-01-21,4040.0,4050.0,4020.0,4030.0,2618.62548828125,83317600,TLKM.JK,0.6497829995735112
2019-01-22,4000.0,4010.0,3930.0,4000.0,2599.132080078125,95420500,TLKM.JK,0.6497830200195313
2019-01-23,3950.0,3980.0,3920.0,3920.0,2547.149658203125,72518500,TLKM.JK,0.6497830760722257
2019-01-24,3900.0,3910.0,3830.0,3860.0,2508.162353515625,118836500,TLKM.JK,0.649782993138763
2019-01-25,3880.0,3930.0,3840.0,3880.0,2521.158203125,75844000,TLKM.JK,0.6497830420425258
2019-01-28,3880.0,3890.0,3730.0,3780.0,2456.179931640625,168983100,TLKM.JK,0.649783050698578
2019-01-29,3780.0,3850.0,3780.0,3840.0,2495.166748046875,118131200,TLKM.JK,0.6497830073038737
2019-01-30,3850.0,3890.0,3830.0,3860.0,2508.162353515625,85903100,TLKM.JK,0.649782993138763
2019-01-31,3900.0,3920.0,3870.0,3900.0,2534.153564453125,110953700,TLKM.JK,0.649782965244391
2019-02-01,3910.0,3930.0,3830.0,3870.0,2514.66015625,79588900,TLKM.JK,0.6497829861111111
2019-02-04,3890.0,3890.0,3780.0,3780.0,2456.179931640625,70070500,TLKM.JK,0.649783050698578
2019-02-06,3820.0,3870.0,3820.0,3860.0,2508.162353515625,72180200,TLKM.JK,0.649782993138763
2019-02-07,3890.0,3890.0,3830.0,3860.0,2508.162353515625,39141500,TLKM.JK,0.649782993138763
2019-02-08,3810.0,3850.0,3810.0,3850.0,2501.664306640625,32131700,TLKM.JK,0.6497829367897727
2019-02-11,3870.0,3940.0,3860.0,3930.0,2553.647216796875,88628900,TLKM.JK,0.6497830068185433
2019-02-12,3900.0,3910.0,3800.0,3820.0,2482.1708984375,92427800,TLKM.JK,0.6497829577061518
2019-02-13,3840.0,3850.0,3780.0,3790.0,2462.677490234375,113161100,TLKM.JK,0.649782978953661
2019-02-14,3790.0,3810.0,3740.0,3740.0,2430.188232421875,76939400,TLKM.JK,0.6497829498454212
2019-02-15,3770.0,3800.0,3730.0,3790.0,2462.677490234375,67812600,TLKM.JK,0.649782978953661
2019-02-18,3830.0,3920.0,3830.0,3900.0,2534.153564453125,80275800,TLKM.JK,0.649782965244391
2019-02-19,3930.0,3940.0,3900.0,3920.0,2547.149658203125,82962700,TLKM.JK,0.6497830760722257
2019-02-20,3940.0,3940.0,3830.0,3870.0,2514.66015625,87933000,TLKM.JK,0.6497829861111111
2019-02-21,3870.0,3890.0,3860.0,3870.0,2514.66015625,48031100,TLKM.JK,0.6497829861111111
2019-02-22,3870.0,3870.0,3820.0,3840.0,2495.166748046875,61392700,TLKM.JK,0.6497830073038737
2019-02-25,3900.0,3920.0,3850.0,3910.0,2540.6513671875,53792400,TLKM.JK,0.6497829583599745
2019-02-26,3920.0,3930.0,3880.0,3930.0,2553.647216796875,49657300,TLKM.JK,0.6497830068185433
2019-02-27,3900.0,3940.0,3890.0,3910.0,2540.6513671875,48788200,TLKM.JK,0.6497829583599745
2019-02-28,3880.0,3900.0,3840.0,3860.0,2508.162353515625,161156000,TLKM.JK,0.649782993138763
2019-03-01,3890.0,3920.0,3880.0,3910.0,2540.6513671875,49810100,TLKM.JK,0.6497829583599745
2019-03-04,3910.0,3910.0,3850.0,3850.0,2501.664306640625,32250500,TLKM.JK,0.6497829367897727
2019-03-05,3890.0,3890.0,3820.0,3870.0,2514.66015625,41171000,TLKM.JK,0.6497829861111111
2019-03-06,3860.0,3880.0,3820.0,3820.0,2482.1708984375,69927600,TLKM.JK,0.6497829577061518
2019-03-08,3810.0,3820.0,3740.0,3740.0,2430.188232421875,105963500,TLKM.JK,0.6497829498454212
2019-03-11,3780.0,3820.0,3760.0,3800.0,2469.175048828125,43971600,TLKM.JK,0.6497829075863487
2019-03-12,3800.0,3820.0,3730.0,3760.0,2443.18408203125,43343700,TLKM.JK,0.6497830005402261
2019-03-13,3730.0,3770.0,3710.0,3720.0,2417.192626953125,45607600,TLKM.JK,0.649782964234711
2019-03-14,3720.0,3760.0,3710.0,3740.0,2430.188232421875,62094100,TLKM.JK,0.6497829498454212
2019-03-15,3720.0,3760.0,3710.0,3750.0,2436.686279296875,68778100,TLKM.JK,0.6497830078125
2019-03-18,3770.0,3820.0,3760.0,3820.0,2482.1708984375,44322600,TLKM.JK,0.6497829577061518
2019-03-19,3800.0,3820.0,3770.0,3780.0,2456.179931640625,33156500,TLKM.JK,0.649783050698578
2019-03-20,3810.0,3820.0,3750.0,3760.0,2443.18408203125,42784600,TLKM.JK,0.6497830005402261
2019-03-21,3800.0,3810.0,3780.0,3790.0,2462.677490234375,36527500,TLKM.JK,0.649782978953661
2019-03-22,3800.0,3820.0,3790.0,3800.0,2469.175048828125,26772900,TLKM.JK,0.6497829075863487
2019-03-25,3730.0,3790.0,3720.0,3790.0,2462.677490234375,49162900,TLKM.JK,0.649782978953661
2019-03-26,3780.0,3820.0,3780.0,3820.0,2482.1708984375,23049100,TLKM.JK,0.6497829577061518
2019-03-27,3840.0,3840.0,3810.0,3820.0,2482.1708984375,35521900,TLKM.JK,0.6497829577061518
2019-03-28,3820.0,3890.0,3810.0,3880.0,2521.158203125,55847200,TLKM.JK,0.6497830420425258
2019-03-29,3880.0,3970.0,3880.0,3960.0,2573.140380859375,82231400,TLKM.JK,0.6497829244594381
2019-04-01,3950.0,3960.0,3900.0,3930.0,2553.647216796875,28246400,TLKM.JK,0.6497830068185433
2019-04-02,3910.0,3950.0,3910.0,3930.0,2553.647216796875,35443400,TLKM.JK,0.6497830068185433
2019-04-04,3980.0,4040.0,3950.0,4030.0,2618.62548828125,96122100,TLKM.JK,0.6497829995735112
2019-04-05,4020.0,4090.0,4000.0,4060.0,2638.118896484375,66832600,TLKM.JK,0.649782979429649
2019-04-08,4020.0,4030.0,3940.0,3950.0,2566.642578125,73208300,TLKM.JK,0.649782931170886
2019-04-09,3980.0,4000.0,3910.0,3950.0,2566.642578125,88580200,TLKM.JK,0.649782931170886
2019-04-10,3920.0,3950.0,3890.0,3930.0,2553.647216796875,52555500,TLKM.JK,0.6497830068185433
2019-04-11,3900.0,3930.0,3880.0,3890.0,2527.65576171875,51480700,TLKM.JK,0.6497829721642031
2019-04-12,3820.0,3870.0,3810.0,3830.0,2488.6689453125,45324300,TLKM.JK,0.649783014441906
2019-04-15,3860.0,3860.0,3810.0,3830.0,2488.6689453125,44510600,TLKM.JK,0.649783014441906
2019-04-16,3830.0,3880.0,3830.0,3870.0,2514.66015625,62572100,TLKM.JK,0.6497829861111111
2019-04-18,3920.0,3950.0,3840.0,3860.0,2508.162353515625,119263400,TLKM.JK,0.649782993138763
2019-04-22,3860.0,3860.0,3780.0,3780.0,2456.179931640625,48671200,TLKM.JK,0.649783050698578
2019-04-23,3780.0,3870.0,3730.0,3850.0,2501.664306640625,86443700,TLKM.JK,0.6497829367897727
2019-04-24,3850.0,3860.0,3780.0,3840.0,2495.166748046875,76660900,TLKM.JK,0.6497830073038737
2019-04-25,3800.0,3840.0,3790.0,3830.0,2488.6689453125,52775100,TLKM.JK,0.649783014441906
2019-04-26,3800.0,3910.0,3800.0,3910.0,2540.6513671875,66452700,TLKM.JK,0.6497829583599745
2019-04-29,3850.0,3900.0,3850.0,3860.0,2508.162353515625,50143700,TLKM.JK,0.649782993138763
2019-04-30,3890.0,3890.0,3750.0,3790.0,2462.677490234375,132318200,TLKM.JK,0.649782978953661
2019-05-02,3760.0,3880.0,3760.0,3830.0,2488.6689453125,136768800,TLKM.JK,0.649783014441906
2019-05-03,3800.0,3830.0,3760.0,3820.0,2482.1708984375,101522800,TLKM.JK,0.6497829577061518
2019-05-06,3760.0,3840.0,3720.0,3840.0,2495.166748046875,107167400,TLKM.JK,0.6497830073038737
2019-05-07,3870.0,3910.0,3840.0,3900.0,2534.153564453125,74814500,TLKM.JK,0.649782965244391
2019-05-08,3890.0,3920.0,3870.0,3900.0,2534.153564453125,77743400,TLKM.JK,0.649782965244391
2019-05-09,3860.0,3900.0,3800.0,3800.0,2469.175048828125,74716500,TLKM.JK,0.6497829075863487
2019-05-10,3800.0,3840.0,3790.0,3790.0,2462.677490234375,66672500,TLKM.JK,0.649782978953661
2019-05-13,3820.0,3840.0,3760.0,3770.0,2449.681884765625,47605100,TLKM.JK,0.6497829933065318
2019-05-14,3730.0,3800.0,3720.0,3760.0,2443.18408203125,77483200,TLKM.JK,0.6497830005402261
2019-05-15,3770.0,3790.0,3660.0,3660.0,2378.20556640625,57596600,TLKM.JK,0.6497829416410519
2019-05-16,3660.0,3720.0,3530.0,3600.0,2339.21875,107366200,TLKM.JK,0.6497829861111111
2019-05-17,3610.0,3620.0,3500.0,3510.0,2280.738037109375,94437400,TLKM.JK,0.6497829165553775
2019-05-20,3520.0,3620.0,3480.0,3600.0,2339.21875,82354400,TLKM.JK,0.6497829861111111
2019-05-21,3600.0,3630.0,3550.0,3600.0,2339.21875,106104000,TLKM.JK,0.6497829861111111
2019-05-22,3590.0,3600.0,3540.0,3540.0,2300.231689453125,63687000,TLKM.JK,0.6497829631223517
2019-05-23,3540.0,3690.0,3540.0,3660.0,2378.20556640625,113281100,TLKM.JK,0.6497829416410519
2019-05-24,3700.0,3780.0,3690.0,3750.0,2436.686279296875,87594500,TLKM.JK,0.6497830078125
2019-05-27,3760.0,3830.0,3750.0,3820.0,2482.1708984375,87146600,TLKM.JK,0.6497829577061518
2019-05-28,3800.0,3820.0,3690.0,3690.0,2397.698974609375,322246900,TLKM.JK,0.6497829199483401
2019-05-29,3750.0,3830.0,3730.0,3780.0,2456.179931640625,122534500,TLKM.JK,0.649783050698578
2019-05-31,3780.0,3930.0,3780.0,3900.0,2534.153564453125,194331700,TLKM.JK,0.649782965244391
2019-06-10,4000.0,4060.0,3970.0,4040.0,2625.123291015625,222522800,TLKM.JK,0.6497829928256498
2019-06-11,4010.0,4060.0,4000.0,4020.0,2612.12744140625,88861700,TLKM.JK,0.6497829456234453
2019-06-12,3880.0,3950.0,3840.0,3940.0,2668.907958984375,134724400,TLKM.JK,0.6773878068488262
2019-06-13,3940.0,3990.0,3900.0,3990.0,2702.77734375,115734700,TLKM.JK,0.6773878054511279
2019-06-14,4020.0,4050.0,3970.0,3990.0,2702.77734375,92466800,TLKM.JK,0.6773878054511279
2019-06-17,3950.0,3970.0,3900.0,3900.0,2641.812744140625,60851700,TLKM.JK,0.6773878831129808
2019-06-18,3890.0,3990.0,3890.0,3980.0,2696.00341796875,66112800,TLKM.JK,0.677387793459485
2019-06-20,4110.0,4110.0,4020.0,4040.0,2736.64697265625,57673700,TLKM.JK,0.6773878645188738
2019-06-21,4010.0,4040.0,3950.0,4040.0,2736.64697265625,154049700,TLKM.JK,0.6773878645188738
2019-06-24,4050.0,4050.0,3970.0,3980.0,2696.00341796875,50525100,TLKM.JK,0.677387793459485
2019-06-25,4040.0,4040.0,4000.0,4010.0,2716.3251953125,42601100,TLKM.JK,0.6773878292549875
2019-06-26,4020.0,4050.0,3980.0,3980.0,2696.00341796875,56092200,TLKM.JK,0.677387793459485
2019-06-27,4010.0,4120.0,4000.0,4090.0,2770.515869140625,94221200,TLKM.JK,0.6773877430661674
2019-06-28,4100.0,4200.0,4090.0,4140.0,2804.3857421875,130153100,TLKM.JK,0.6773878604317632
2019-07-01,4200.0,4240.0,4170.0,4220.0,2858.576416015625,79382300,TLKM.JK,0.6773877763070202
2019-07-02,4240.0,4250.0,4180.0,4250.0,2878.898193359375,87999800,TLKM.JK,0.6773878102022058
2019-07-03,4160.0,4240.0,4160.0,4240.0,2872.124267578125,63296200,TLKM.JK,0.677387798957105
2019-07-04,4190.0,4260.0,4190.0,4250.0,2878.898193359375,38459300,TLKM.JK,0.6773878102022058
2019-07-05,4260.0,4280.0,4240.0,4280.0,2899.22021484375,50332800,TLKM.JK,0.6773879006644276
2019-07-08,4230.0,4290.0,4210.0,4270.0,2892.446044921875,57903400,TLKM.JK,0.6773878325343969
2019-07-09,4300.0,4370.0,4270.0,4350.0,2946.63671875,124822400,TLKM.JK,0.6773877514367816
2019-07-10,4310.0,4320.0,4260.0,4290.0,2905.993896484375,62529900,TLKM.JK,0.6773878546583625
2019-07-11,4250.0,4280.0,4240.0,4270.0,2892.446044921875,25645900,TLKM.JK,0.6773878325343969
2019-07-12,4240.0,4250.0,4170.0,4180.0,2831.48095703125,57088600,TLKM.JK,0.677387788763457
2019-07-15,4250.0,4290.0,4230.0,4280.0,2899.22021484375,66960500,TLKM.JK,0.6773879006644276
2019-07-16,4240.0,4280.0,4210.0,4240.0,2872.124267578125,45461500,TLKM.JK,0.677387798957105
2019-07-17,4250.0,4260.0,4220.0,4230.0,2865.350341796875,32069800,TLKM.JK,0.6773877876588357
2019-07-18,4220.0,4250.0,4210.0,4240.0,2872.124267578125,45408100,TLKM.JK,0.677387798957105
2019-07-19,4260.0,4280.0,4250.0,4270.0,2892.446044921875,60692800,TLKM.JK,0.6773878325343969
2019-07-22,4250.0,4270.0,4230.0,4260.0,2885.672119140625,37513700,TLKM.JK,0.6773878213945129
2019-07-23,4260.0,4270.0,4200.0,4250.0,2878.898193359375,62628100,TLKM.JK,0.6773878102022058
2019-07-24,4230.0,4240.0,4160.0,4190.0,2838.2548828125,73904300,TLKM.JK,0.6773878001939141
2019-07-25,4160.0,4240.0,4160.0,4210.0,2851.802490234375,49276300,TLKM.JK,0.6773877649012767
2019-07-26,4160.0,4210.0,4110.0,4160.0,2817.93310546875,70952400,TLKM.JK,0.6773877657376803
2019-07-29,4150.0,4240.0,4140.0,4200.0,2845.029052734375,54336900,TLKM.JK,0.6773878696986607
2019-07-30,4280.0,4300.0,4260.0,4270.0,2892.446044921875,88417200,TLKM.JK,0.6773878325343969
2019-07-31,4240.0,4300.0,4210.0,4300.0,2912.767578125,175741000,TLKM.JK,0.677387808866279
2019-08-01,4300.0,4300.0,4260.0,4280.0,2899.22021484375,94856600,TLKM.JK,0.6773879006644276
2019-08-02,4280.0,4300.0,4250.0,4280.0,2899.22021484375,82253800,TLKM.JK,0.6773879006644276
2019-08-05,4200.0,4220.0,4060.0,4080.0,2763.741943359375,112253200,TLKM.JK,0.6773877312155331
2019-08-06,4060.0,4190.0,4050.0,4130.0,2797.611572265625,108890100,TLKM.JK,0.6773877898948245
2019-08-07,4230.0,4270.0,4170.0,4210.0,2851.802490234375,104785500,TLKM.JK,0.6773877649012767
2019-08-08,4270.0,4290.0,4240.0,4260.0,2885.672119140625,95204000,TLKM.JK,0.6773878213945129
2019-08-09,4300.0,4300.0,4240.0,4260.0,2885.672119140625,89600500,TLKM.JK,0.6773878213945129
2019-08-12,4300.0,4320.0,4230.0,4260.0,2885.672119140625,41817800,TLKM.JK,0.6773878213945129
2019-08-13,4290.0,4290.0,4230.0,4250.0,2878.898193359375,98757900,TLKM.JK,0.6773878102022058
2019-08-14,4300.0,4300.0,4270.0,4290.0,2905.993896484375,84928200,TLKM.JK,0.6773878546583625
2019-08-15,4200.0,4290.0,4200.0,4290.0,2905.993896484375,97255500,TLKM.JK,0.6773878546583625
2019-08-16,4300.0,4310.0,4220.0,4280.0,2899.22021484375,51853900,TLKM.JK,0.6773879006644276
2019-08-19,4340.0,4340.0,4290.0,4340.0,2939.863037109375,86011300,TLKM.JK,0.6773877965689804
2019-08-20,4350.0,4470.0,4340.0,4470.0,3027.92333984375,143171600,TLKM.JK,0.6773877717771253
2019-08-21,4460.0,4500.0,4390.0,4410.0,2987.2802734375,99649300,TLKM.JK,0.677387817106009
2019-08-22,4380.0,4450.0,4320.0,4450.0,3014.37548828125,110968600,TLKM.JK,0.6773877501755617
2019-08-23,4390.0,4450.0,4340.0,4380.0,2966.958251953125,83823900,TLKM.JK,0.6773877287564213
2019-08-26,4280.0,4360.0,4280.0,4330.0,2933.089111328125,77603200,TLKM.JK,0.6773877855261259
2019-08-27,4390.0,4410.0,4320.0,4380.0,2966.958251953125,168209400,TLKM.JK,0.6773877287564213
2019-08-28,4430.0,4430.0,4350.0,4370.0,2960.184814453125,68091100,TLKM.JK,0.6773878293943077
2019-08-29,4370.0,4440.0,4370.0,4380.0,2966.958251953125,65718900,TLKM.JK,0.6773877287564213
2019-08-30,4430.0,4450.0,4420.0,4450.0,3014.37548828125,95138200,TLKM.JK,0.6773877501755617
2019-09-02,4440.0,4450.0,4400.0,4410.0,2987.2802734375,27531000,TLKM.JK,0.677387817106009
2019-09-03,4440.0,4440.0,4330.0,4350.0,2946.63671875,66884700,TLKM.JK,0.6773877514367816
2019-09-04,4310.0,4350.0,4280.0,4290.0,2905.993896484375,78905600,TLKM.JK,0.6773878546583625
2019-09-05,4290.0,4360.0,4290.0,4320.0,2926.315185546875,97098300,TLKM.JK,0.677387774432147
2019-09-06,4360.0,4360.0,4210.0,4210.0,2851.802490234375,117223300,TLKM.JK,0.6773877649012767
2019-09-09,4280.0,4300.0,4240.0,4270.0,2892.446044921875,47057300,TLKM.JK,0.6773878325343969
2019-09-10,4300.0,4300.0,4250.0,4270.0,2892.446044921875,80403000,TLKM.JK,0.6773878325343969
2019-09-11,4300.0,4300.0,4210.0,4250.0,2878.898193359375,90211600,TLKM.JK,0.6773878102022058
2019-09-12,4220.0,4230.0,4160.0,4170.0,2824.70751953125,70382200,TLKM.JK,0.6773878943720024
2019-09-13,4230.0,4230.0,4160.0,4160.0,2817.93310546875,64074800,TLKM.JK,0.6773877657376803
2019-09-16,4160.0,4260.0,4160.0,4220.0,2858.576416015625,85284700,TLKM.JK,0.6773877763070202
2019-09-17,4240.0,4280.0,4220.0,4270.0,2892.446044921875,86432000,TLKM.JK,0.6773878325343969
2019-09-18,4250.0,4280.0,4230.0,4250.0,2878.898193359375,72359600,TLKM.JK,0.6773878102022058
2019-09-19,4260.0,4260.0,4190.0,4210.0,2851.802490234375,58720600,TLKM.JK,0.6773877649012767
2019-09-20,4250.0,4300.0,4230.0,4290.0,2905.993896484375,132359100,TLKM.JK,0.6773878546583625
2019-09-23,4290.0,4300.0,4230.0,4250.0,2878.898193359375,70483600,TLKM.JK,0.6773878102022058
2019-09-24,4210.0,4240.0,4150.0,4210.0,2851.802490234375,88979100,TLKM.JK,0.6773877649012767
2019-09-25,4220.0,4250.0,4180.0,4220.0,2858.576416015625,84582300,TLKM.JK,0.6773877763070202
2019-09-26,4220.0,4370.0,4200.0,4360.0,2953.410888671875,79324000,TLKM.JK,0.6773878185027237
2019-09-27,4310.0,4350.0,4300.0,4310.0,2919.54150390625,52305800,TLKM.JK,0.6773878199318445
2019-09-30,4270.0,4330.0,4270.0,4310.0,2919.54150390625,111879100,TLKM.JK,0.6773878199318445
2019-10-01,4400.0,4400.0,4220.0,4250.0,2878.898193359375,60332400,TLKM.JK,0.6773878102022058
2019-10-02,4260.0,4300.0,4190.0,4200.0,2845.029052734375,51606300,TLKM.JK,0.6773878696986607
2019-10-03,4190.0,4250.0,4160.0,4200.0,2845.029052734375,56433000,TLKM.JK,0.6773878696986607
2019-10-04,4250.0,4250.0,4180.0,4190.0,2838.2548828125,34082000,TLKM.JK,0.6773878001939141
2019-10-07,4240.0,4240.0,4090.0,4110.0,2784.06396484375,42996900,TLKM.JK,0.6773878259960462
2019-10-08,4170.0,4170.0,4060.0,4090.0,2770.515869140625,74448900,TLKM.JK,0.6773877430661674
2019-10-09,4090.0,4170.0,4080.0,4120.0,2790.837646484375,59314500,TLKM.JK,0.6773877782729065
2019-10-10,4060.0,4120.0,4060.0,4110.0,2784.06396484375,34345600,TLKM.JK,0.6773878259960462
2019-10-11,4100.0,4170.0,4100.0,4170.0,2824.70751953125,42198800,TLKM.JK,0.6773878943720024
2019-10-14,4200.0,4210.0,4150.0,4190.0,2838.2548828125,52681800,TLKM.JK,0.6773878001939141
2019-10-15,4190.0,4190.0,4150.0,4170.0,2824.70751953125,64670200,TLKM.JK,0.6773878943720024
2019-10-16,4170.0,4190.0,4140.0,4170.0,2824.70751953125,70555700,TLKM.JK,0.6773878943720024
2019-10-17,4160.0,4180.0,4140.0,4170.0,2824.70751953125,50695300,TLKM.JK,0.6773878943720024
2019-10-18,4170.0,4190.0,4160.0,4190.0,2838.2548828125,169540200,TLKM.JK,0.6773878001939141
2019-10-21,4200.0,4250.0,4190.0,4200.0,2845.029052734375,63797000,TLKM.JK,0.6773878696986607
2019-10-22,4200.0,4250.0,4200.0,4230.0,2865.350341796875,56711100,TLKM.JK,0.6773877876588357
2019-10-23,4210.0,4270.0,4210.0,4260.0,2885.672119140625,97971900,TLKM.JK,0.6773878213945129
2019-10-24,4300.0,4350.0,4250.0,4350.0,2946.63671875,99213400,TLKM.JK,0.6773877514367816
2019-10-25,4320.0,4360.0,4270.0,4280.0,2899.22021484375,67661500,TLKM.JK,0.6773879006644276
2019-10-28,4280.0,4280.0,4220.0,4260.0,2885.672119140625,30710600,TLKM.JK,0.6773878213945129
2019-10-29,4230.0,4330.0,4220.0,4330.0,2933.089111328125,68715000,TLKM.JK,0.6773877855261259
2019-10-30,4290.0,4350.0,4210.0,4270.0,2892.446044921875,89575600,TLKM.JK,0.6773878325343969
2019-10-31,4220.0,4240.0,4080.0,4110.0,2784.06396484375,185713300,TLKM.JK,0.6773878259960462
2019-11-01,4090.0,4150.0,4060.0,4080.0,2763.741943359375,107208500,TLKM.JK,0.6773877312155331
2019-11-04,4080.0,4160.0,4080.0,4150.0,2811.159423828125,65897700,TLKM.JK,0.6773878129706326
2019-11-05,4170.0,4200.0,4130.0,4200.0,2845.029052734375,109276000,TLKM.JK,0.6773878696986607
2019-11-06,4180.0,4190.0,4110.0,4120.0,2790.837646484375,134618700,TLKM.JK,0.6773877782729065
2019-11-07,4150.0,4150.0,3990.0,4070.0,2756.96826171875,125291200,TLKM.JK,0.6773877792920762
2019-11-08,4010.0,4120.0,3990.0,4110.0,2784.06396484375,70404800,TLKM.JK,0.6773878259960462
2019-11-11,4040.0,4120.0,4040.0,4100.0,2777.290283203125,57079800,TLKM.JK,0.6773878739519817
2019-11-12,4050.0,4190.0,4050.0,4180.0,2831.48095703125,88251100,TLKM.JK,0.677387788763457
2019-11-13,4130.0,4170.0,4100.0,4150.0,2811.159423828125,91925700,TLKM.JK,0.6773878129706326
2019-11-14,4110.0,4130.0,4010.0,4050.0,2743.420654296875,123468500,TLKM.JK,0.6773878158757716
2019-11-15,4080.0,4090.0,4030.0,4080.0,2763.741943359375,50780500,TLKM.JK,0.6773877312155331
2019-11-18,4040.0,4060.0,3990.0,4000.0,2709.55126953125,104978700,TLKM.JK,0.6773878173828125
2019-11-19,4000.0,4020.0,3970.0,4020.0,2723.098876953125,113996600,TLKM.JK,0.6773877803365983
2019-11-20,4000.0,4090.0,4000.0,4090.0,2770.515869140625,149185500,TLKM.JK,0.6773877430661674
2019-11-21,4050.0,4090.0,4020.0,4020.0,2723.098876953125,64005900,TLKM.JK,0.6773877803365983
2019-11-22,4030.0,4050.0,4000.0,4050.0,2743.420654296875,76569400,TLKM.JK,0.6773878158757716
2019-11-25,4070.0,4070.0,3940.0,3950.0,2675.681640625,107581200,TLKM.JK,0.6773877571202531
2019-11-26,3950.0,3960.0,3860.0,3860.0,2614.716796875,281002600,TLKM.JK,0.6773877712111399
2019-11-27,3870.0,3930.0,3800.0,3880.0,2628.2646484375,97511300,TLKM.JK,0.6773877959890464
2019-11-28,3830.0,3900.0,3800.0,3820.0,2587.62109375,70635000,TLKM.JK,0.6773877208769633
2019-11-29,3860.0,3950.0,3840.0,3930.0,2662.134033203125,72146900,TLKM.JK,0.6773877947081743
2019-12-02,3960.0,3960.0,3930.0,3950.0,2675.681640625,74263500,TLKM.JK,0.6773877571202531
2019-12-03,3920.0,3940.0,3910.0,3920.0,2655.360107421875,74494000,TLKM.JK,0.6773877825055804
2019-12-04,3920.0,3990.0,3900.0,3990.0,2702.77734375,64948300,TLKM.JK,0.6773878054511279
2019-12-05,3990.0,4080.0,3990.0,4060.0,2750.194580078125,118494800,TLKM.JK,0.6773878276054495
2019-12-06,4040.0,4100.0,4020.0,4100.0,2777.290283203125,50682100,TLKM.JK,0.6773878739519817
2019-12-09,4080.0,4110.0,4050.0,4070.0,2756.96826171875,80864200,TLKM.JK,0.6773877792920762
2019-12-10,4050.0,4070.0,4010.0,4040.0,2736.64697265625,54824900,TLKM.JK,0.6773878645188738
2019-12-11,4010.0,4050.0,4000.0,4050.0,2743.420654296875,79749500,TLKM.JK,0.6773878158757716
2019-12-12,4040.0,4050.0,3950.0,3950.0,2675.681640625,147627000,TLKM.JK,0.6773877571202531
2019-12-13,4000.0,4020.0,3960.0,3990.0,2702.77734375,81937300,TLKM.JK,0.6773878054511279
2019-12-16,3970.0,4020.0,3960.0,3970.0,2689.229736328125,86479200,TLKM.JK,0.6773878429038098
2019-12-17,3970.0,3990.0,3950.0,3980.0,2696.00341796875,91747200,TLKM.JK,0.677387793459485
2019-12-18,3960.0,4000.0,3950.0,3990.0,2702.77734375,101569300,TLKM.JK,0.6773878054511279
2019-12-19,3970.0,3980.0,3900.0,3900.0,2641.812744140625,127316000,TLKM.JK,0.6773878831129808
2019-12-20,3900.0,4020.0,3900.0,4020.0,2723.098876953125,152132200,TLKM.JK,0.6773877803365983
2019-12-23,4020.0,4030.0,3980.0,4020.0,2723.098876953125,58715700,TLKM.JK,0.6773877803365983
2019-12-26,4020.0,4020.0,3980.0,4000.0,2709.55126953125,36935300,TLKM.JK,0.6773878173828125
2019-12-27,3990.0,4010.0,3980.0,3990.0,2702.77734375,52812000,TLKM.JK,0.6773878054511279
2019-12-30,3980.0,4030.0,3970.0,3970.0,2689.229736328125,67738300,TLKM.JK,0.6773878429038098
2020-01-02,3970.0,4000.0,3900.0,3910.0,2648.58642578125,52094000,TLKM.JK,0.6773878326806266
2020-01-03,3960.0,3980.0,3930.0,3980.0,2696.00341796875,70032900,TLKM.JK,0.677387793459485
2020-01-06,3930.0,3970.0,3930.0,3960.0,2682.455322265625,42908900,TLKM.JK,0.6773877076428346
2020-01-07,3930.0,3970.0,3920.0,3940.0,2668.907958984375,51837600,TLKM.JK,0.6773878068488262
2020-01-08,3920.0,3950.0,3900.0,3900.0,2641.812744140625,52402600,TLKM.JK,0.6773878831129808
2020-01-09,3920.0,3970.0,3920.0,3960.0,2682.455322265625,37580300,TLKM.JK,0.6773877076428346
2020-01-10,3980.0,3990.0,3950.0,3980.0,2696.00341796875,48099000,TLKM.JK,0.677387793459485
2020-01-13,4000.0,4030.0,3990.0,4030.0,2729.872802734375,61913800,TLKM.JK,0.6773877922417804
2020-01-14,3980.0,4000.0,3940.0,3950.0,2675.681640625,95058600,TLKM.JK,0.6773877571202531
2020-01-15,3960.0,3960.0,3870.0,3880.0,2628.2646484375,147583300,TLKM.JK,0.6773877959890464
2020-01-16,3890.0,3890.0,3830.0,3850.0,2607.94287109375,118903100,TLKM.JK,0.6773877587256494
2020-01-17,3860.0,3870.0,3800.0,3810.0,2580.84765625,119904100,TLKM.JK,0.6773878362860892
2020-01-20,3820.0,3840.0,3800.0,3810.0,2580.84765625,73599200,TLKM.JK,0.6773878362860892
2020-01-21,3810.0,3900.0,3810.0,3890.0,2635.03857421875,78014400,TLKM.JK,0.677387808282455
2020-01-22,3890.0,3890.0,3850.0,3860.0,2614.716796875,45839800,TLKM.JK,0.6773877712111399
2020-01-23,3860.0,3880.0,3830.0,3880.0,2628.2646484375,41077400,TLKM.JK,0.6773877959890464
2020-01-24,3880.0,3930.0,3860.0,3920.0,2655.360107421875,58524000,TLKM.JK,0.6773877825055804
2020-01-27,3920.0,3920.0,3830.0,3840.0,2601.169189453125,33081800,TLKM.JK,0.677387809753418
2020-01-28,3810.0,3840.0,3800.0,3830.0,2594.395263671875,56210000,TLKM.JK,0.6773877973033616
2020-01-29,3840.0,3900.0,3840.0,3900.0,2641.812744140625,51929800,TLKM.JK,0.6773878831129808
2020-01-30,3910.0,3910.0,3850.0,3860.0,2614.716796875,60391600,TLKM.JK,0.6773877712111399
2020-01-31,3890.0,3890.0,3780.0,3800.0,2574.07373046875,120447900,TLKM.JK,0.6773878238075658
2020-02-03,3800.0,3820.0,3730.0,3740.0,2533.4306640625,68360600,TLKM.JK,0.6773878780915775
2020-02-04,3810.0,3810.0,3730.0,3760.0,2546.978271484375,77259600,TLKM.JK,0.677387838160738
2020-02-05,3760.0,3780.0,3720.0,3770.0,2553.751953125,68150800,TLKM.JK,0.6773877859748011
2020-02-06,3800.0,3800.0,3750.0,3760.0,2546.978271484375,56261500,TLKM.JK,0.677387838160738
2020-02-07,3780.0,3820.0,3760.0,3790.0,2567.2998046875,53578900,TLKM.JK,0.6773878112631926
2020-02-10,3800.0,3850.0,3780.0,3810.0,2580.84765625,86588500,TLKM.JK,0.6773878362860892
2020-02-11,3810.0,3830.0,3780.0,3790.0,2567.2998046875,50248200,TLKM.JK,0.6773878112631926
2020-02-12,3800.0,3850.0,3780.0,3820.0,2587.62109375,73840300,TLKM.JK,0.6773877208769633
2020-02-13,3820.0,3830.0,3710.0,3730.0,2526.656494140625,66699800,TLKM.JK,0.677387800037701
2020-02-14,3680.0,3730.0,3640.0,3640.0,2465.691650390625,108793300,TLKM.JK,0.6773878160413805
2020-02-17,3630.0,3660.0,3590.0,3610.0,2445.3701171875,94887800,TLKM.JK,0.6773878440962604
2020-02-18,3590.0,3660.0,3590.0,3620.0,2452.1435546875,94382900,TLKM.JK,0.6773877222893646
2020-02-19,3620.0,3640.0,3590.0,3620.0,2452.1435546875,63717800,TLKM.JK,0.6773877222893646
2020-02-20,3620.0,3650.0,3600.0,3630.0,2458.917724609375,53035400,TLKM.JK,0.6773878029226928
2020-02-21,3650.0,3710.0,3640.0,3690.0,2499.560791015625,86862600,TLKM.JK,0.6773877482427167
2020-02-24,3670.0,3720.0,3630.0,3640.0,2465.691650390625,72610600,TLKM.JK,0.6773878160413805
2020-02-25,3600.0,3670.0,3590.0,3590.0,2431.822021484375,73990700,TLKM.JK,0.6773877497170961
2020-02-26,3530.0,3550.0,3450.0,3510.0,2377.63134765625,133449900,TLKM.JK,0.677387848335114
2020-02-27,3510.0,3550.0,3420.0,3470.0,2350.53564453125,88389400,TLKM.JK,0.6773877938130404
2020-02-28,3390.0,3490.0,3340.0,3490.0,2364.08349609375,151751800,TLKM.JK,0.6773878212303008
2020-03-02,3470.0,3550.0,3440.0,3440.0,2330.214111328125,96802900,TLKM.JK,0.6773878230605015
2020-03-03,3510.0,3660.0,3470.0,3620.0,2452.1435546875,114698200,TLKM.JK,0.6773877222893646
2020-03-04,3640.0,3840.0,3630.0,3830.0,2594.395263671875,136081000,TLKM.JK,0.6773877973033616
2020-03-05,3820.0,3880.0,3760.0,3830.0,2594.395263671875,101235000,TLKM.JK,0.6773877973033616
2020-03-06,3730.0,3790.0,3710.0,3750.0,2540.204345703125,86476000,TLKM.JK,0.6773878255208333
2020-03-09,3560.0,3620.0,3500.0,3500.0,2370.857421875,109347300,TLKM.JK,0.6773878348214286
2020-03-10,3480.0,3620.0,3480.0,3490.0,2364.08349609375,119718000,TLKM.JK,0.6773878212303008
2020-03-11,3470.0,3480.0,3370.0,3400.0,2303.11865234375,115486900,TLKM.JK,0.6773878389246324
2020-03-12,3300.0,3440.0,3270.0,3310.0,2242.153564453125,84363800,TLKM.JK,0.6773877838226964
2020-03-16,3300.0,3300.0,3160.0,3160.0,2140.545166015625,115972300,TLKM.JK,0.6773877107644383
2020-03-17,3160.0,3160.0,2940.0,2940.0,1991.52001953125,150122700,TLKM.JK,0.6773877617453231
2020-03-18,3010.0,3080.0,2740.0,2810.0,1903.4598388671875,150147300,TLKM.JK,0.677387843013234
2020-03-19,2810.0,2810.0,2620.0,2620.0,1774.7559814453125,138987300,TLKM.JK,0.6773877791776002
2020-03-20,2660.0,2990.0,2450.0,2880.0,1950.8768310546875,267694700,TLKM.JK,0.6773877885606554
2020-03-23,2880.0,2880.0,2680.0,2680.0,1815.3992919921875,86157200,TLKM.JK,0.6773877955194729
2020-03-24,2700.0,2880.0,2570.0,2620.0,1774.7559814453125,243778900,TLKM.JK,0.6773877791776002
2020-03-26,2550.0,3080.0,2550.0,2980.0,2018.6156005859373,267369500,TLKM.JK,0.6773877854315226
2020-03-27,3050.0,3270.0,3050.0,3090.0,2093.12841796875,200952500,TLKM.JK,0.6773878375303398
2020-03-30,3060.0,3180.0,2880.0,3140.0,2126.997802734375,134474300,TLKM.JK,0.6773878352657245
2020-03-31,3180.0,3300.0,3120.0,3160.0,2140.545166015625,151302900,TLKM.JK,0.6773877107644383
2020-04-01,3180.0,3200.0,3040.0,3100.0,2099.902099609375,104550600,TLKM.JK,0.6773877740675404
2020-04-02,3100.0,3130.0,3020.0,3130.0,2120.223876953125,92893600,TLKM.JK,0.6773878201128195
2020-04-03,3150.0,3220.0,3120.0,3200.0,2167.64111328125,83469200,TLKM.JK,0.6773878479003906
2020-04-06,3280.0,3330.0,3180.0,3330.0,2255.701416015625,115495000,TLKM.JK,0.6773878126173049
2020-04-07,3390.0,3500.0,3200.0,3220.0,2181.18896484375,166425600,TLKM.JK,0.6773878772806677
2020-04-08,3220.0,3220.0,3050.0,3110.0,2106.676025390625,124553900,TLKM.JK,0.6773877895146704
2020-04-09,3110.0,3180.0,3030.0,3120.0,2113.4501953125,122622400,TLKM.JK,0.6773878831129808
2020-04-13,3140.0,3230.0,3130.0,3180.0,2154.093017578125,45469500,TLKM.JK,0.6773877413767688
2020-04-14,3200.0,3250.0,3160.0,3240.0,2194.736328125,79114600,TLKM.JK,0.6773877555941358
2020-04-15,3250.0,3300.0,3090.0,3110.0,2106.676025390625,69832000,TLKM.JK,0.6773877895146704
2020-04-16,3110.0,3110.0,3000.0,3000.0,2032.16357421875,109582500,TLKM.JK,0.6773878580729167
2020-04-17,3050.0,3250.0,3050.0,3230.0,2187.962646484375,127860400,TLKM.JK,0.6773878162490325
2020-04-20,3270.0,3270.0,3120.0,3120.0,2113.4501953125,77306900,TLKM.JK,0.6773878831129808
2020-04-21,3120.0,3130.0,3050.0,3070.0,2079.58056640625,43239400,TLKM.JK,0.677387806646987
2020-04-22,3050.0,3270.0,3030.0,3160.0,2140.545166015625,126278300,TLKM.JK,0.6773877107644383
2020-04-23,3200.0,3240.0,3070.0,3070.0,2079.58056640625,117391500,TLKM.JK,0.677387806646987
2020-04-24,3100.0,3160.0,3080.0,3090.0,2093.12841796875,84061400,TLKM.JK,0.6773878375303398
2020-04-27,3120.0,3200.0,3100.0,3150.0,2133.771728515625,85475400,TLKM.JK,0.6773878503224207
2020-04-28,3170.0,3200.0,3140.0,3160.0,2140.545166015625,80212700,TLKM.JK,0.6773877107644383
2020-04-29,3200.0,3390.0,3100.0,3350.0,2269.249267578125,154902100,TLKM.JK,0.677387841068097
2020-04-30,3400.0,3540.0,3350.0,3500.0,2370.857421875,163170100,TLKM.JK,0.6773878348214286
2020-05-04,3400.0,3400.0,3260.0,3320.0,2248.92724609375,108988600,TLKM.JK,0.6773877247270331
2020-05-05,3320.0,3390.0,3320.0,3320.0,2248.92724609375,74036700,TLKM.JK,0.6773877247270331
2020-05-06,3300.0,3340.0,3220.0,3240.0,2194.736328125,86395000,TLKM.JK,0.6773877555941358
2020-05-08,3270.0,3290.0,3150.0,3190.0,2160.8671875,143584400,TLKM.JK,0.6773878330721003
2020-05-11,3220.0,3250.0,3210.0,3220.0,2181.18896484375,58473100,TLKM.JK,0.6773878772806677
2020-05-12,3270.0,3270.0,3100.0,3150.0,2133.771728515625,138978700,TLKM.JK,0.6773878503224207
2020-05-13,3150.0,3170.0,3080.0,3160.0,2140.545166015625,73238700,TLKM.JK,0.6773877107644383
2020-05-14,3110.0,3140.0,3060.0,3070.0,2079.58056640625,101581300,TLKM.JK,0.677387806646987
2020-05-15,3100.0,3130.0,3020.0,3100.0,2099.902099609375,114753900,TLKM.JK,0.6773877740675404
2020-05-18,3100.0,3220.0,3100.0,3220.0,2181.18896484375,108828800,TLKM.JK,0.6773878772806677
2020-05-19,3250.0,3330.0,3250.0,3270.0,2215.05810546875,97387100,TLKM.JK,0.6773877998375383
2020-05-20,3200.0,3260.0,3180.0,3180.0,2154.093017578125,76086600,TLKM.JK,0.6773877413767688
2020-05-26,3150.0,3280.0,3130.0,3250.0,2201.510498046875,105792900,TLKM.JK,0.6773878455528846
2020-05-27,3250.0,3270.0,3150.0,3170.0,2147.3193359375,128693900,TLKM.JK,0.677387803134858
2020-05-28,3180.0,3210.0,3130.0,3130.0,2120.223876953125,177385100,TLKM.JK,0.6773878201128195
2020-05-29,3100.0,3150.0,3080.0,3150.0,2133.771728515625,276092100,TLKM.JK,0.6773878503224207
2020-06-02,3160.0,3270.0,3120.0,3250.0,2201.510498046875,174790600,TLKM.JK,0.6773878455528846
2020-06-03,3280.0,3320.0,3230.0,3290.0,2228.60595703125,216200900,TLKM.JK,0.6773878288848785
2020-06-04,3320.0,3390.0,3250.0,3300.0,2235.379638671875,167708600,TLKM.JK,0.6773877692945076
2020-06-05,3360.0,3360.0,3200.0,3230.0,2187.962646484375,188420700,TLKM.JK,0.6773878162490325
2020-06-08,3250.0,3290.0,3220.0,3230.0,2187.962646484375,221641600,TLKM.JK,0.6773878162490325
2020-06-09,3250.0,3270.0,3140.0,3140.0,2126.997802734375,171214500,TLKM.JK,0.6773878352657245
2020-06-10,3150.0,3190.0,3100.0,3110.0,2106.676025390625,263483700,TLKM.JK,0.6773877895146704
2020-06-11,3120.0,3150.0,3060.0,3080.0,2086.354248046875,175767800,TLKM.JK,0.677387742872362
2020-06-12,3080.0,3080.0,2970.0,3030.0,2052.48486328125,260087300,TLKM.JK,0.6773877436571782
2020-06-15,3060.0,3150.0,3030.0,3090.0,2093.12841796875,241625700,TLKM.JK,0.6773878375303398
2020-06-16,3150.0,3220.0,3130.0,3200.0,2167.64111328125,194424800,TLKM.JK,0.6773878479003906
2020-06-17,3210.0,3230.0,3140.0,3210.0,2174.41455078125,177784900,TLKM.JK,0.6773877105237539
2020-06-18,3210.0,3350.0,3180.0,3280.0,2221.83203125,235586600,TLKM.JK,0.6773878144054878
2020-06-19,3300.0,3340.0,3250.0,3280.0,2221.83203125,227358800,TLKM.JK,0.6773878144054878
2020-06-22,3290.0,3300.0,3180.0,3200.0,2167.64111328125,159776500,TLKM.JK,0.6773878479003906
2020-06-23,3200.0,3200.0,3120.0,3130.0,2120.223876953125,167271000,TLKM.JK,0.6773878201128195
2020-06-24,3150.0,3230.0,3140.0,3180.0,2154.093017578125,170895600,TLKM.JK,0.6773877413767688
2020-06-25,3160.0,3220.0,3140.0,3160.0,2140.545166015625,100882600,TLKM.JK,0.6773877107644383
2020-06-26,3190.0,3220.0,3180.0,3190.0,2160.8671875,100784500,TLKM.JK,0.6773878330721003
2020-06-29,3200.0,3250.0,3160.0,3180.0,2154.093017578125,156613200,TLKM.JK,0.6773877413767688
2020-06-30,3090.0,3100.0,3050.0,3050.0,2171.2265625,258068400,TLKM.JK,0.7118775614754098
2020-07-01,3070.0,3100.0,3010.0,3040.0,2164.10791015625,148037400,TLKM.JK,0.7118776020250822
2020-07-02,3040.0,3140.0,3040.0,3140.0,2235.2958984375,178357900,TLKM.JK,0.7118776746616242
2020-07-03,3150.0,3180.0,3110.0,3120.0,2221.058349609375,102033100,TLKM.JK,0.7118776761568509
2020-07-06,3130.0,3150.0,3040.0,3050.0,2171.2265625,248572600,TLKM.JK,0.7118775614754098
2020-07-07,3060.0,3120.0,3050.0,3120.0,2221.058349609375,169104200,TLKM.JK,0.7118776761568509
2020-07-08,3130.0,3160.0,3110.0,3150.0,2242.414794921875,158166300,TLKM.JK,0.7118777126736111
2020-07-09,3170.0,3190.0,3110.0,3110.0,2213.939453125,125940800,TLKM.JK,0.7118776376607717
2020-07-10,3110.0,3130.0,3100.0,3110.0,2213.939453125,95422400,TLKM.JK,0.7118776376607717
2020-07-13,3120.0,3130.0,3080.0,3090.0,2199.701904296875,77733900,TLKM.JK,0.7118776389310275
2020-07-14,3100.0,3110.0,3070.0,3080.0,2192.5830078125,111442600,TLKM.JK,0.7118775999391234
2020-07-15,3120.0,3130.0,3080.0,3090.0,2199.701904296875,102304100,TLKM.JK,0.7118776389310275
2020-07-16,3090.0,3110.0,3080.0,3100.0,2206.820556640625,91951000,TLKM.JK,0.7118775989163306
2020-07-17,3100.0,3110.0,3060.0,3060.0,2178.345703125,112416300,TLKM.JK,0.711877680759804
2020-07-20,3080.0,3080.0,3040.0,3060.0,2178.345703125,64735500,TLKM.JK,0.711877680759804
2020-07-21,3050.0,3110.0,3050.0,3060.0,2178.345703125,101283800,TLKM.JK,0.711877680759804
2020-07-22,3070.0,3090.0,3060.0,3070.0,2185.46435546875,69462100,TLKM.JK,0.7118776402178338
2020-07-23,3070.0,3090.0,3060.0,3070.0,2185.46435546875,70482100,TLKM.JK,0.7118776402178338
2020-07-24,3080.0,3080.0,3020.0,3020.0,2149.87060546875,137265100,TLKM.JK,0.7118776839300497
2020-07-27,3020.0,3050.0,3020.0,3040.0,2164.10791015625,58708800,TLKM.JK,0.7118776020250822
2020-07-28,3050.0,3050.0,3010.0,3020.0,2149.87060546875,102705300,TLKM.JK,0.7118776839300497
2020-07-29,3030.0,3050.0,3000.0,3000.0,2135.633056640625,114352000,TLKM.JK,0.711877685546875
2020-07-30,3040.0,3050.0,3000.0,3050.0,2171.2265625,95785000,TLKM.JK,0.7118775614754098
2020-08-03,3060.0,3060.0,2850.0,2920.0,2078.682861328125,255659800,TLKM.JK,0.7118776922356592
2020-08-04,2970.0,2970.0,2920.0,2950.0,2100.038818359375,96018000,TLKM.JK,0.7118775655455508
2020-08-05,2960.0,3040.0,2920.0,3020.0,2149.87060546875,120719100,TLKM.JK,0.7118776839300497
2020-08-06,3050.0,3050.0,3000.0,3020.0,2149.87060546875,71699000,TLKM.JK,0.7118776839300497
2020-08-07,3020.0,3030.0,2970.0,2980.0,2121.395263671875,78347200,TLKM.JK,0.7118776052590184
2020-08-10,3000.0,3020.0,2970.0,2970.0,2114.276611328125,65485400,TLKM.JK,0.7118776469118266
2020-08-11,2980.0,3000.0,2930.0,2930.0,2085.80126953125,175693000,TLKM.JK,0.7118775663929181
2020-08-12,2930.0,2960.0,2920.0,2950.0,2100.038818359375,110934800,TLKM.JK,0.7118775655455508
2020-08-13,2950.0,3020.0,2950.0,3010.0,2142.751708984375,160906600,TLKM.JK,0.7118776441808555
2020-08-14,3020.0,3040.0,3000.0,3030.0,2156.989013671875,93007500,TLKM.JK,0.7118775622679455
2020-08-18,3030.0,3060.0,3000.0,3050.0,2171.2265625,139358500,TLKM.JK,0.7118775614754098
2020-08-19,3050.0,3050.0,3000.0,3000.0,2135.633056640625,103980600,TLKM.JK,0.711877685546875
2020-08-24,3010.0,3020.0,2990.0,3000.0,2135.633056640625,76713900,TLKM.JK,0.711877685546875
2020-08-25,3010.0,3010.0,2980.0,2980.0,2121.395263671875,100013600,TLKM.JK,0.7118776052590184
2020-08-26,2980.0,3050.0,2980.0,3020.0,2149.87060546875,122465300,TLKM.JK,0.7118776839300497
2020-08-27,3020.0,3040.0,2970.0,2990.0,2128.514404296875,102787800,TLKM.JK,0.7118777271895903
2020-08-28,2990.0,2990.0,2940.0,2960.0,2107.15771484375,160569500,TLKM.JK,0.7118776063661317
2020-08-31,2960.0,2980.0,2860.0,2860.0,2035.9703369140625,204261100,TLKM.JK,0.7118777401797421
2020-09-01,2900.0,2910.0,2860.0,2900.0,2064.445068359375,90565400,TLKM.JK,0.7118776097790949
2020-09-02,2900.0,2970.0,2900.0,2950.0,2100.038818359375,107589800,TLKM.JK,0.7118775655455508
2020-09-03,2950.0,2960.0,2880.0,2900.0,2064.445068359375,123106100,TLKM.JK,0.7118776097790949
2020-09-04,2850.0,2890.0,2840.0,2860.0,2035.9703369140625,143569100,TLKM.JK,0.7118777401797421
2020-09-07,2870.0,2910.0,2870.0,2900.0,2064.445068359375,62206600,TLKM.JK,0.7118776097790949
2020-09-08,2890.0,2900.0,2860.0,2860.0,2035.9703369140625,80068200,TLKM.JK,0.7118777401797421
2020-09-09,2850.0,2860.0,2800.0,2800.0,1993.25732421875,108397400,TLKM.JK,0.7118776157924107
2020-09-10,2800.0,2800.0,2620.0,2700.0,1922.0697021484373,287496300,TLKM.JK,0.7118776674623841
2020-09-11,2670.0,2840.0,2650.0,2810.0,2000.376220703125,197756800,TLKM.JK,0.7118776586132117
2020-09-14,2830.0,2890.0,2820.0,2890.0,2057.32666015625,127562700,TLKM.JK,0.7118777370782872
2020-09-15,2890.0,2900.0,2810.0,2830.0,2014.6138916015625,106215900,TLKM.JK,0.7118777002125662
2020-09-16,2810.0,2830.0,2770.0,2790.0,1986.1385498046875,68113400,TLKM.JK,0.7118776164174507
2020-09-17,2810.0,2850.0,2780.0,2820.0,2007.494873046875,97257400,TLKM.JK,0.7118776145556295
2020-09-18,2850.0,2890.0,2840.0,2890.0,2057.32666015625,162116700,TLKM.JK,0.7118777370782872
2020-09-21,2890.0,2910.0,2800.0,2810.0,2000.376220703125,100305100,TLKM.JK,0.7118776586132117
2020-09-22,2790.0,2810.0,2750.0,2780.0,1979.0196533203125,75891600,TLKM.JK,0.7118775731368031
2020-09-23,2770.0,2810.0,2740.0,2800.0,1993.25732421875,85953300,TLKM.JK,0.7118776157924107
2020-09-24,2750.0,2760.0,2710.0,2730.0,1943.4259033203125,74516800,TLKM.JK,0.7118776202638507
2020-09-25,2720.0,2740.0,2670.0,2690.0,1914.95068359375,180968900,TLKM.JK,0.7118775775441449
2020-09-28,2710.0,2730.0,2660.0,2660.0,1893.5943603515625,89256700,TLKM.JK,0.7118775790795348
2020-09-29,2690.0,2690.0,2630.0,2630.0,1872.23828125,155853900,TLKM.JK,0.7118776734790875
2020-09-30,2630.0,2650.0,2540.0,2560.0,1822.40673828125,235611600,TLKM.JK,0.7118776321411133
2020-10-01,2600.0,2760.0,2600.0,2750.0,1957.6636962890625,225006000,TLKM.JK,0.7118777077414773
2020-10-02,2750.0,2750.0,2650.0,2680.0,1907.83203125,140161900,TLKM.JK,0.7118776236007462
2020-10-05,2690.0,2710.0,2640.0,2650.0,1886.4757080078125,124720200,TLKM.JK,0.7118776256633255
2020-10-06,2680.0,2700.0,2620.0,2650.0,1886.4757080078125,148977400,TLKM.JK,0.7118776256633255
2020-10-07,2650.0,2670.0,2620.0,2660.0,1893.5943603515625,110186000,TLKM.JK,0.7118775790795348
2020-10-08,2670.0,2720.0,2650.0,2700.0,1922.0697021484373,154587800,TLKM.JK,0.7118776674623841
2020-10-09,2710.0,2750.0,2700.0,2730.0,1943.4259033203125,109122300,TLKM.JK,0.7118776202638507
2020-10-12,2750.0,2760.0,2710.0,2730.0,1943.4259033203125,77479100,TLKM.JK,0.7118776202638507
2020-10-13,2730.0,2740.0,2680.0,2730.0,1943.4259033203125,97205500,TLKM.JK,0.7118776202638507
2020-10-14,2730.0,2830.0,2710.0,2810.0,2000.376220703125,183236500,TLKM.JK,0.7118776586132117
2020-10-15,2800.0,2850.0,2760.0,2780.0,1979.0196533203125,138462900,TLKM.JK,0.7118775731368031
2020-10-16,2780.0,2780.0,2720.0,2750.0,1957.6636962890625,135175000,TLKM.JK,0.7118777077414773
2020-10-19,2800.0,2810.0,2710.0,2710.0,1929.1883544921875,187840500,TLKM.JK,0.711877621583833
2020-10-20,2710.0,2740.0,2670.0,2670.0,1900.71337890625,168211100,TLKM.JK,0.7118776700023408
2020-10-21,2680.0,2710.0,2670.0,2680.0,1907.83203125,142146300,TLKM.JK,0.7118776236007462
2020-10-22,2670.0,2720.0,2650.0,2700.0,1922.0697021484373,257179400,TLKM.JK,0.7118776674623841
2020-10-23,2710.0,2720.0,2630.0,2630.0,1872.23828125,166356000,TLKM.JK,0.7118776734790875
2020-10-26,2630.0,2680.0,2630.0,2650.0,1886.4757080078125,97523200,TLKM.JK,0.7118776256633255
2020-10-27,2640.0,2690.0,2620.0,2620.0,1865.119384765625,146366600,TLKM.JK,0.7118776277731393
2020-11-02,2590.0,2620.0,2550.0,2560.0,1822.40673828125,391510600,TLKM.JK,0.7118776321411133
2020-11-03,2570.0,2590.0,2540.0,2580.0,1836.64453125,188874000,TLKM.JK,0.7118777252906977
2020-11-04,2600.0,2640.0,2580.0,2580.0,1836.64453125,150678200,TLKM.JK,0.7118777252906977
2020-11-05,2630.0,2810.0,2620.0,2770.0,1971.9010009765625,369260400,TLKM.JK,0.7118776176810695
2020-11-06,2800.0,2840.0,2750.0,2830.0,2014.6138916015625,243865800,TLKM.JK,0.7118777002125662
2020-11-09,2860.0,2900.0,2840.0,2880.0,2050.20751953125,208192700,TLKM.JK,0.7118776109483507
2020-11-10,2950.0,2950.0,2860.0,2860.0,2035.9703369140625,195337300,TLKM.JK,0.7118777401797421
2020-11-11,2900.0,3100.0,2880.0,3080.0,2192.5830078125,480530200,TLKM.JK,0.7118775999391234
2020-11-12,3080.0,3080.0,3010.0,3040.0,2164.10791015625,169609900,TLKM.JK,0.7118776020250822
2020-11-13,3010.0,3010.0,2950.0,2990.0,2128.514404296875,186708800,TLKM.JK,0.7118777271895903
2020-11-16,3040.0,3100.0,3020.0,3070.0,2185.46435546875,206145500,TLKM.JK,0.7118776402178338
2020-11-17,3100.0,3270.0,3100.0,3220.0,2292.246337890625,527501800,TLKM.JK,0.7118777446865295
2020-11-18,3200.0,3250.0,3160.0,3180.0,2263.770751953125,239122600,TLKM.JK,0.7118775949538129
2020-11-19,3150.0,3220.0,3140.0,3170.0,2256.652099609375,185558800,TLKM.JK,0.7118776339461751
2020-11-20,3190.0,3270.0,3180.0,3220.0,2292.246337890625,211892500,TLKM.JK,0.7118777446865295
2020-11-23,3230.0,3340.0,3220.0,3320.0,2363.43359375,260752200,TLKM.JK,0.7118775884789157
2020-11-24,3350.0,3380.0,3330.0,3350.0,2384.790283203125,207503900,TLKM.JK,0.7118776964785448
2020-11-25,3370.0,3390.0,3280.0,3280.0,2334.958740234375,253156200,TLKM.JK,0.7118776647056021
2020-11-26,3280.0,3480.0,3280.0,3470.0,2470.21533203125,374185400,TLKM.JK,0.711877617300072
2020-11-27,3480.0,3500.0,3420.0,3460.0,2463.096435546875,163651600,TLKM.JK,0.7118775825279986
2020-11-30,3460.0,3470.0,3220.0,3230.0,2299.36474609375,624142600,TLKM.JK,0.7118776303695821
2020-12-01,3230.0,3320.0,3160.0,3240.0,2306.4833984375,277929200,TLKM.JK,0.7118775921103395
2020-12-02,3270.0,3330.0,3240.0,3330.0,2370.552490234375,187276600,TLKM.JK,0.7118776246950075
2020-12-03,3330.0,3360.0,3280.0,3300.0,2349.196044921875,121434200,TLKM.JK,0.7118775893702651
2020-12-04,3270.0,3280.0,3210.0,3250.0,2313.6025390625,170418900,TLKM.JK,0.7118777043269231
2020-12-07,3280.0,3330.0,3260.0,3330.0,2370.552490234375,175436900,TLKM.JK,0.7118776246950075
2020-12-08,3350.0,3350.0,3290.0,3300.0,2349.196044921875,113775100,TLKM.JK,0.7118775893702651
2020-12-10,3270.0,3290.0,3250.0,3260.0,2320.72119140625,229380200,TLKM.JK,0.7118776660755368
2020-12-11,3270.0,3330.0,3250.0,3280.0,2334.958740234375,154365400,TLKM.JK,0.7118776647056021
2020-12-14,3300.0,3340.0,3250.0,3320.0,2363.43359375,281474900,TLKM.JK,0.7118775884789157
2020-12-15,3320.0,3490.0,3290.0,3450.0,2455.97802734375,410175700,TLKM.JK,0.7118776890851449
2020-12-16,3500.0,3640.0,3500.0,3610.0,2569.87841796875,455088400,TLKM.JK,0.711877678107687
2020-12-17,3610.0,3620.0,3520.0,3540.0,2520.046875,249797800,TLKM.JK,0.7118776483050847
2020-12-18,3500.0,3540.0,3500.0,3510.0,2498.690673828125,187856600,TLKM.JK,0.7118776848513176
2020-12-21,3530.0,3610.0,3510.0,3520.0,2505.809326171875,267970200,TLKM.JK,0.7118776494806464
2020-12-22,3500.0,3540.0,3340.0,3360.0,2391.908935546875,311860000,TLKM.JK,0.7118776593889509
2020-12-23,3350.0,3420.0,3240.0,3320.0,2363.43359375,240067600,TLKM.JK,0.7118775884789157
2020-12-28,3370.0,3460.0,3280.0,3430.0,2441.740234375,178138100,TLKM.JK,0.711877619351312
2020-12-29,3500.0,3530.0,3400.0,3420.0,2434.62158203125,184525500,TLKM.JK,0.711877655564693
2020-12-30,3420.0,3420.0,3310.0,3310.0,2356.31494140625,150844500,TLKM.JK,0.7118776258024925
2021-01-04,3320.0,3500.0,3310.0,3490.0,2484.452880859375,165339800,TLKM.JK,0.7118776162920846
2021-01-05,3480.0,3480.0,3420.0,3470.0,2470.21533203125,157800700,TLKM.JK,0.711877617300072
2021-01-06,3470.0,3490.0,3330.0,3370.0,2399.027587890625,177877900,TLKM.JK,0.7118776225194733
2021-01-07,3390.0,3450.0,3380.0,3390.0,2413.26513671875,140221900,TLKM.JK,0.7118776214509587
2021-01-08,3450.0,3620.0,3440.0,3570.0,2541.403076171875,492643700,TLKM.JK,0.7118776123730742
2021-01-11,3590.0,3640.0,3570.0,3600.0,2562.759521484375,271231200,TLKM.JK,0.7118776448567709
2021-01-12,3600.0,3620.0,3500.0,3510.0,2498.690673828125,189779500,TLKM.JK,0.7118776848513176
2021-01-13,3550.0,3550.0,3460.0,3480.0,2477.334228515625,162329300,TLKM.JK,0.711877651872306
2021-01-14,3480.0,3590.0,3470.0,3500.0,2491.57177734375,187448400,TLKM.JK,0.7118776506696428
2021-01-15,3510.0,3540.0,3450.0,3480.0,2477.334228515625,133304300,TLKM.JK,0.711877651872306
2021-01-18,3480.0,3520.0,3430.0,3450.0,2455.97802734375,138913100,TLKM.JK,0.7118776890851449
2021-01-19,3470.0,3490.0,3370.0,3410.0,2427.502685546875,144100700,TLKM.JK,0.711877620394978
2021-01-20,3420.0,3480.0,3380.0,3470.0,2470.21533203125,116098100,TLKM.JK,0.711877617300072
2021-01-21,3500.0,3520.0,3460.0,3480.0,2477.334228515625,81801900,TLKM.JK,0.711877651872306
2021-01-22,3420.0,3440.0,3360.0,3390.0,2413.26513671875,165024200,TLKM.JK,0.7118776214509587
2021-01-25,3370.0,3410.0,3310.0,3370.0,2399.027587890625,118131800,TLKM.JK,0.7118776225194733
2021-01-26,3360.0,3390.0,3260.0,3260.0,2320.72119140625,111414500,TLKM.JK,0.7118776660755368
2021-01-27,3340.0,3380.0,3260.0,3380.0,2406.146728515625,159144700,TLKM.JK,0.7118777303300665
2021-01-28,3280.0,3330.0,3230.0,3240.0,2306.4833984375,142648800,TLKM.JK,0.7118775921103395
2021-01-29,3290.0,3290.0,3110.0,3110.0,2213.939453125,191915100,TLKM.JK,0.7118776376607717
2021-02-01,3130.0,3250.0,3040.0,3230.0,2299.36474609375,133929600,TLKM.JK,0.7118776303695821
2021-02-02,3300.0,3330.0,3250.0,3270.0,2327.83984375,114734600,TLKM.JK,0.711877628058104
2021-02-03,3250.0,3330.0,3220.0,3240.0,2306.4833984375,86433900,TLKM.JK,0.7118775921103395
2021-02-04,3270.0,3330.0,3260.0,3290.0,2342.077392578125,80319500,TLKM.JK,0.7118776269234423
2021-02-05,3320.0,3320.0,3270.0,3290.0,2342.077392578125,52630500,TLKM.JK,0.7118776269234423
2021-02-08,3300.0,3370.0,3270.0,3280.0,2334.958740234375,96635600,TLKM.JK,0.7118776647056021
2021-02-09,3250.0,3300.0,3180.0,3200.0,2278.008544921875,157479200,TLKM.JK,0.7118776702880859
2021-02-10,3180.0,3220.0,3160.0,3190.0,2270.8896484375,125221400,TLKM.JK,0.7118776327390283
2021-02-11,3220.0,3230.0,3170.0,3190.0,2270.8896484375,79940700,TLKM.JK,0.7118776327390283
2021-02-15,3200.0,3260.0,3200.0,3220.0,2292.246337890625,88883300,TLKM.JK,0.7118777446865295
2021-02-16,3200.0,3250.0,3190.0,3210.0,2285.126953125,82026300,TLKM.JK,0.7118775554906542
2021-02-17,3220.0,3250.0,3140.0,3150.0,2242.414794921875,121105300,TLKM.JK,0.7118777126736111
2021-02-18,3190.0,3270.0,3180.0,3180.0,2263.770751953125,151200300,TLKM.JK,0.7118775949538129
2021-02-19,3180.0,3220.0,3170.0,3210.0,2285.126953125,63214600,TLKM.JK,0.7118775554906542
2021-02-22,3210.0,3240.0,3170.0,3170.0,2256.652099609375,100425500,TLKM.JK,0.7118776339461751
2021-02-23,3200.0,3480.0,3200.0,3470.0,2470.21533203125,354966200,TLKM.JK,0.711877617300072
2021-02-24,3490.0,3550.0,3460.0,3480.0,2477.334228515625,303017100,TLKM.JK,0.711877651872306
2021-02-25,3510.0,3570.0,3450.0,3490.0,2484.452880859375,226833000,TLKM.JK,0.7118776162920846
2021-02-26,3450.0,3510.0,3410.0,3490.0,2484.452880859375,230007700,TLKM.JK,0.7118776162920846
2021-03-01,3490.0,3510.0,3470.0,3490.0,2484.452880859375,91513500,TLKM.JK,0.7118776162920846
2021-03-02,3490.0,3500.0,3440.0,3460.0,2463.096435546875,169061400,TLKM.JK,0.7118775825279986
2021-03-03,3480.0,3480.0,3420.0,3440.0,2448.859130859375,82610700,TLKM.JK,0.7118776543195857
2021-03-04,3420.0,3430.0,3350.0,3360.0,2391.908935546875,142322100,TLKM.JK,0.7118776593889509
2021-03-05,3340.0,3370.0,3320.0,3320.0,2363.43359375,128546000,TLKM.JK,0.7118775884789157
2021-03-08,3360.0,3400.0,3330.0,3340.0,2377.671142578125,80094900,TLKM.JK,0.711877587598241
2021-03-09,3370.0,3390.0,3280.0,3290.0,2342.077392578125,110090800,TLKM.JK,0.7118776269234423
2021-03-10,3340.0,3420.0,3310.0,3400.0,2420.384033203125,91631900,TLKM.JK,0.7118776568244485
2021-03-12,3440.0,3480.0,3430.0,3450.0,2455.97802734375,100195200,TLKM.JK,0.7118776890851449
2021-03-15,3440.0,3450.0,3380.0,3380.0,2406.146728515625,50077300,TLKM.JK,0.7118777303300665
2021-03-16,3400.0,3410.0,3360.0,3360.0,2391.908935546875,60111200,TLKM.JK,0.7118776593889509
2021-03-17,3410.0,3430.0,3370.0,3390.0,2413.26513671875,61701400,TLKM.JK,0.7118776214509587
2021-03-18,3450.0,3480.0,3430.0,3450.0,2455.97802734375,101896400,TLKM.JK,0.7118776890851449
2021-03-19,3410.0,3440.0,3380.0,3440.0,2448.859130859375,140000000,TLKM.JK,0.7118776543195857
2021-03-22,3440.0,3440.0,3380.0,3380.0,2406.146728515625,53870300,TLKM.JK,0.7118777303300665
2021-03-23,3390.0,3420.0,3350.0,3360.0,2391.908935546875,55323200,TLKM.JK,0.7118776593889509
2021-03-24,3320.0,3390.0,3320.0,3370.0,2399.027587890625,67173200,TLKM.JK,0.7118776225194733
2021-03-25,3400.0,3430.0,3380.0,3410.0,2427.502685546875,107607200,TLKM.JK,0.711877620394978
2021-03-26,3410.0,3500.0,3390.0,3490.0,2484.452880859375,106810400,TLKM.JK,0.7118776162920846
2021-03-29,3470.0,3490.0,3400.0,3410.0,2427.502685546875,72214100,TLKM.JK,0.711877620394978
2021-03-30,3420.0,3430.0,3360.0,3380.0,2406.146728515625,66491800,TLKM.JK,0.7118777303300665
2021-03-31,3380.0,3420.0,3330.0,3420.0,2434.62158203125,134671900,TLKM.JK,0.711877655564693
2021-04-01,3390.0,3440.0,3380.0,3390.0,2413.26513671875,73332000,TLKM.JK,0.7118776214509587
2021-04-05,3430.0,3430.0,3370.0,3380.0,2406.146728515625,36029200,TLKM.JK,0.7118777303300665
2021-04-06,3400.0,3410.0,3370.0,3370.0,2399.027587890625,40566400,TLKM.JK,0.7118776225194733
2021-04-07,3410.0,3430.0,3380.0,3400.0,2420.384033203125,84754300,TLKM.JK,0.7118776568244485
2021-04-08,3380.0,3400.0,3380.0,3390.0,2413.26513671875,59079700,TLKM.JK,0.7118776214509587
2021-04-09,3390.0,3390.0,3360.0,3360.0,2391.908935546875,56861400,TLKM.JK,0.7118776593889509
2021-04-12,3340.0,3390.0,3300.0,3310.0,2356.31494140625,79003200,TLKM.JK,0.7118776258024925
2021-04-13,3340.0,3340.0,3300.0,3330.0,2370.552490234375,51300200,TLKM.JK,0.7118776246950075
2021-04-14,3360.0,3360.0,3320.0,3340.0,2377.671142578125,52587500,TLKM.JK,0.711877587598241
2021-04-15,3340.0,3360.0,3320.0,3360.0,2391.908935546875,65669100,TLKM.JK,0.7118776593889509
2021-04-16,3370.0,3370.0,3320.0,3360.0,2391.908935546875,52517800,TLKM.JK,0.7118776593889509
2021-04-19,3330.0,3360.0,3330.0,3340.0,2377.671142578125,44899700,TLKM.JK,0.711877587598241
2021-04-20,3330.0,3350.0,3300.0,3320.0,2363.43359375,55700100,TLKM.JK,0.7118775884789157
2021-04-21,3290.0,3330.0,3280.0,3280.0,2334.958740234375,47167800,TLKM.JK,0.7118776647056021
2021-04-22,3290.0,3340.0,3290.0,3330.0,2370.552490234375,54970000,TLKM.JK,0.7118776246950075
2021-04-23,3330.0,3330.0,3290.0,3310.0,2356.31494140625,39798400,TLKM.JK,0.7118776258024925
2021-04-26,3280.0,3300.0,3250.0,3250.0,2313.6025390625,55076200,TLKM.JK,0.7118777043269231
2021-04-27,3240.0,3250.0,3140.0,3160.0,2249.532958984375,166985400,TLKM.JK,0.7118775186659415
2021-04-28,3160.0,3170.0,3130.0,3140.0,2235.2958984375,91596300,TLKM.JK,0.7118776746616242
2021-04-29,3150.0,3210.0,3140.0,3200.0,2278.008544921875,111785100,TLKM.JK,0.7118776702880859
2021-04-30,3220.0,3260.0,3200.0,3200.0,2278.008544921875,143840800,TLKM.JK,0.7118776702880859
2021-05-03,3200.0,3210.0,3130.0,3170.0,2256.652099609375,124724400,TLKM.JK,0.7118776339461751
2021-05-04,3180.0,3210.0,3170.0,3210.0,2285.126953125,60180600,TLKM.JK,0.7118775554906542
2021-05-05,3210.0,3210.0,3180.0,3200.0,2278.008544921875,76480300,TLKM.JK,0.7118776702880859
2021-05-06,3200.0,3200.0,3150.0,3190.0,2270.8896484375,91955600,TLKM.JK,0.7118776327390283
2021-05-07,3200.0,3220.0,3180.0,3190.0,2270.8896484375,98099900,TLKM.JK,0.7118776327390283
2021-05-10,3190.0,3200.0,3160.0,3170.0,2256.652099609375,104121900,TLKM.JK,0.7118776339461751
2021-05-11,3170.0,3200.0,3150.0,3180.0,2263.770751953125,94281900,TLKM.JK,0.7118775949538129
2021-05-17,3190.0,3190.0,3150.0,3190.0,2270.8896484375,114071400,TLKM.JK,0.7118776327390283
2021-05-18,3190.0,3190.0,3150.0,3180.0,2263.770751953125,77310400,TLKM.JK,0.7118775949538129
2021-05-19,3150.0,3220.0,3150.0,3160.0,2249.532958984375,48958100,TLKM.JK,0.7118775186659415
2021-05-20,3190.0,3320.0,3180.0,3310.0,2356.31494140625,197430900,TLKM.JK,0.7118776258024925
2021-05-21,3340.0,3350.0,3270.0,3270.0,2327.83984375,104101400,TLKM.JK,0.711877628058104
2021-05-24,3290.0,3330.0,3220.0,3260.0,2320.72119140625,64347100,TLKM.JK,0.7118776660755368
2021-05-25,3290.0,3320.0,3270.0,3300.0,2349.196044921875,62218300,TLKM.JK,0.7118775893702651
2021-05-27,3350.0,3400.0,3330.0,3380.0,2406.146728515625,233551300,TLKM.JK,0.7118777303300665
2021-05-28,3380.0,3400.0,3260.0,3270.0,2327.83984375,87439800,TLKM.JK,0.711877628058104
2021-05-31,3300.0,3460.0,3300.0,3440.0,2448.859130859375,155768200,TLKM.JK,0.7118776543195857
2021-06-02,3490.0,3500.0,3420.0,3450.0,2455.97802734375,108933400,TLKM.JK,0.7118776890851449
2021-06-03,3420.0,3490.0,3420.0,3490.0,2484.452880859375,77627900,TLKM.JK,0.7118776162920846
2021-06-04,3490.0,3510.0,3450.0,3500.0,2491.57177734375,70624200,TLKM.JK,0.7118776506696428
2021-06-07,3540.0,3570.0,3500.0,3550.0,2527.165283203125,124440300,TLKM.JK,0.7118775445642606
2021-06-08,3550.0,3550.0,3470.0,3500.0,2491.57177734375,132409400,TLKM.JK,0.7118776506696428
2021-06-09,3340.0,3400.0,3310.0,3390.0,2534.949951171875,112204200,TLKM.JK,0.7477728469533554
2021-06-10,3350.0,3500.0,3340.0,3480.0,2602.24951171875,137713700,TLKM.JK,0.7477728481950431
2021-06-11,3490.0,3500.0,3420.0,3470.0,2594.771728515625,82336600,TLKM.JK,0.7477728324252522
2021-06-14,3460.0,3470.0,3400.0,3410.0,2549.905029296875,46016500,TLKM.JK,0.7477727358641862
2021-06-15,3410.0,3440.0,3380.0,3440.0,2572.33837890625,60528600,TLKM.JK,0.7477727845657703
2021-06-16,3380.0,3430.0,3380.0,3410.0,2549.905029296875,39149800,TLKM.JK,0.7477727358641862
2021-06-17,3370.0,3420.0,3350.0,3350.0,2505.0390625,50286100,TLKM.JK,0.747772854477612
2021-06-18,3350.0,3400.0,3290.0,3350.0,2505.0390625,168414300,TLKM.JK,0.747772854477612
2021-06-21,3280.0,3340.0,3260.0,3300.0,2467.650390625,74248200,TLKM.JK,0.7477728456439394
2021-06-22,3300.0,3370.0,3290.0,3300.0,2467.650390625,89349200,TLKM.JK,0.7477728456439394
2021-06-23,3310.0,3420.0,3310.0,3370.0,2519.994384765625,81901000,TLKM.JK,0.7477728144705119
2021-06-24,3330.0,3360.0,3240.0,3250.0,2430.261962890625,101334200,TLKM.JK,0.7477729116586539
2021-06-25,3250.0,3300.0,3240.0,3250.0,2430.261962890625,58330700,TLKM.JK,0.7477729116586539
2021-06-28,3250.0,3260.0,3170.0,3170.0,2370.440185546875,66338900,TLKM.JK,0.7477729291945978
2021-06-29,3190.0,3260.0,3150.0,3160.0,2362.962158203125,123411200,TLKM.JK,0.7477728348744066
2021-06-30,3150.0,3180.0,3130.0,3150.0,2355.484619140625,142204500,TLKM.JK,0.7477728949652778
2021-07-01,3160.0,3170.0,3090.0,3110.0,2325.57373046875,143665900,TLKM.JK,0.747772903687701
2021-07-02,3110.0,3130.0,3060.0,3070.0,2295.662841796875,161855700,TLKM.JK,0.7477729126374185
2021-07-05,3070.0,3090.0,3010.0,3040.0,2273.2294921875,133815000,TLKM.JK,0.7477728592722039
2021-07-06,3050.0,3070.0,3000.0,3010.0,2250.79638671875,151573500,TLKM.JK,0.7477728859530731
2021-07-07,3030.0,3070.0,3010.0,3030.0,2265.751708984375,110215500,TLKM.JK,0.7477728412489687
2021-07-08,3060.0,3060.0,3000.0,3010.0,2250.79638671875,132576600,TLKM.JK,0.7477728859530731
2021-07-09,3040.0,3170.0,3030.0,3160.0,2362.962158203125,222916400,TLKM.JK,0.7477728348744066
2021-07-12,3190.0,3190.0,3110.0,3130.0,2340.529052734375,86268000,TLKM.JK,0.7477728602985224
2021-07-13,3160.0,3160.0,3050.0,3070.0,2295.662841796875,82856600,TLKM.JK,0.7477729126374185
2021-07-14,3050.0,3070.0,3020.0,3060.0,2288.18505859375,84993400,TLKM.JK,0.7477728949652778
2021-07-15,3110.0,3140.0,3080.0,3130.0,2340.529052734375,88092800,TLKM.JK,0.7477728602985224
2021-07-16,3140.0,3170.0,3110.0,3170.0,2370.440185546875,63626300,TLKM.JK,0.7477729291945978
2021-07-19,3160.0,3230.0,3150.0,3220.0,2407.828857421875,116219500,TLKM.JK,0.7477729370875388
2021-07-21,3190.0,3240.0,3180.0,3210.0,2400.350830078125,115099400,TLKM.JK,0.7477728442610981
2021-07-22,3210.0,3260.0,3210.0,3260.0,2437.73974609375,48865700,TLKM.JK,0.7477729282496166
2021-07-23,3250.0,3250.0,3150.0,3170.0,2370.440185546875,67128400,TLKM.JK,0.7477729291945978
2021-07-26,3140.0,3200.0,3140.0,3190.0,2385.3955078125,55525800,TLKM.JK,0.7477728864615988
2021-07-27,3210.0,3270.0,3160.0,3270.0,2445.21728515625,62673400,TLKM.JK,0.7477728700783639
2021-07-28,3250.0,3250.0,3150.0,3190.0,2385.3955078125,103282300,TLKM.JK,0.7477728864615988
2021-07-29,3210.0,3290.0,3200.0,3230.0,2415.306396484375,126542400,TLKM.JK,0.7477728781685371
2021-07-30,3200.0,3290.0,3200.0,3240.0,2422.7841796875,95143100,TLKM.JK,0.7477728949652778
2021-08-02,3240.0,3310.0,3210.0,3310.0,2475.128173828125,60368200,TLKM.JK,0.7477728621837235
2021-08-03,3310.0,3360.0,3290.0,3330.0,2490.08349609375,89712500,TLKM.JK,0.7477728216497748
2021-08-04,3330.0,3370.0,3310.0,3370.0,2519.994384765625,63108600,TLKM.JK,0.7477728144705119
2021-08-05,3360.0,3400.0,3320.0,3340.0,2497.561279296875,89742800,TLKM.JK,0.7477728381128368
2021-08-06,3360.0,3380.0,3310.0,3320.0,2482.605712890625,31664200,TLKM.JK,0.7477728050875376
2021-08-09,3260.0,3300.0,3220.0,3250.0,2430.261962890625,70299500,TLKM.JK,0.7477729116586539
2021-08-10,3240.0,3270.0,3190.0,3230.0,2415.306396484375,57658000,TLKM.JK,0.7477728781685371
2021-08-12,3260.0,3350.0,3240.0,3350.0,2505.0390625,93133400,TLKM.JK,0.747772854477612
2021-08-13,3370.0,3380.0,3260.0,3300.0,2467.650390625,59903600,TLKM.JK,0.7477728456439394
2021-08-16,3300.0,3340.0,3290.0,3340.0,2497.561279296875,38661800,TLKM.JK,0.7477728381128368
2021-08-18,3360.0,3440.0,3350.0,3420.0,2557.38330078125,162921300,TLKM.JK,0.7477728949652778
2021-08-19,3410.0,3430.0,3360.0,3390.0,2534.949951171875,100851800,TLKM.JK,0.7477728469533554
2021-08-20,3390.0,3430.0,3370.0,3400.0,2542.427734375,113411000,TLKM.JK,0.7477728630514706
2021-08-23,3420.0,3440.0,3400.0,3440.0,2572.33837890625,64122400,TLKM.JK,0.7477727845657703
2021-08-24,3410.0,3420.0,3310.0,3400.0,2542.427734375,69338100,TLKM.JK,0.7477728630514706
2021-08-25,3390.0,3390.0,3330.0,3370.0,2519.994384765625,66618200,TLKM.JK,0.7477728144705119
2021-08-26,3330.0,3360.0,3320.0,3360.0,2512.5166015625,55756100,TLKM.JK,0.7477727980840774
2021-08-27,3370.0,3370.0,3310.0,3320.0,2482.605712890625,62419000,TLKM.JK,0.7477728050875376
2021-08-30,3330.0,3400.0,3330.0,3400.0,2542.427734375,64177700,TLKM.JK,0.7477728630514706
2021-08-31,3400.0,3420.0,3360.0,3400.0,2542.427734375,130019000,TLKM.JK,0.7477728630514706
2021-09-01,3420.0,3420.0,3330.0,3340.0,2497.561279296875,85135200,TLKM.JK,0.7477728381128368
2021-09-02,3350.0,3390.0,3350.0,3370.0,2519.994384765625,51633800,TLKM.JK,0.7477728144705119
2021-09-03,3400.0,3420.0,3370.0,3390.0,2534.949951171875,65479800,TLKM.JK,0.7477728469533554
2021-09-06,3410.0,3410.0,3380.0,3390.0,2534.949951171875,52640400,TLKM.JK,0.7477728469533554
2021-09-07,3410.0,3410.0,3360.0,3380.0,2527.47216796875,42617400,TLKM.JK,0.7477728307599852
2021-09-08,3400.0,3400.0,3310.0,3330.0,2490.08349609375,80636800,TLKM.JK,0.7477728216497748
2021-09-09,3360.0,3390.0,3330.0,3390.0,2534.949951171875,82214400,TLKM.JK,0.7477728469533554
2021-09-10,3380.0,3390.0,3320.0,3330.0,2490.08349609375,52115300,TLKM.JK,0.7477728216497748
2021-09-13,3310.0,3350.0,3300.0,3350.0,2505.0390625,45547200,TLKM.JK,0.747772854477612
2021-09-14,3380.0,3450.0,3350.0,3440.0,2572.33837890625,166002100,TLKM.JK,0.7477727845657703
2021-09-15,3430.0,3450.0,3410.0,3450.0,2579.81640625,73158300,TLKM.JK,0.7477728713768116
2021-09-16,3470.0,3470.0,3400.0,3440.0,2572.33837890625,58318700,TLKM.JK,0.7477727845657703
2021-09-17,3400.0,3530.0,3390.0,3530.0,2639.63818359375,117573100,TLKM.JK,0.7477728565421388
2021-09-20,3500.0,3520.0,3460.0,3520.0,2632.16015625,83985100,TLKM.JK,0.7477727716619318
2021-09-21,3500.0,3560.0,3480.0,3530.0,2639.63818359375,95848100,TLKM.JK,0.7477728565421388
2021-09-22,3530.0,3590.0,3520.0,3590.0,2684.50439453125,66835200,TLKM.JK,0.7477728118471448
2021-09-23,3600.0,3610.0,3550.0,3560.0,2662.071533203125,104737500,TLKM.JK,0.7477729025851475
2021-09-24,3560.0,3580.0,3540.0,3560.0,2662.071533203125,72224500,TLKM.JK,0.7477729025851475
2021-09-27,3530.0,3560.0,3480.0,3520.0,2632.16015625,87303000,TLKM.JK,0.7477727716619318
2021-09-28,3510.0,3540.0,3490.0,3530.0,2639.63818359375,54671700,TLKM.JK,0.7477728565421388
2021-09-29,3490.0,3540.0,3490.0,3530.0,2639.63818359375,53170100,TLKM.JK,0.7477728565421388
2021-09-30,3550.0,3690.0,3540.0,3690.0,2759.28173828125,153853900,TLKM.JK,0.7477728288025067
2021-10-01,3680.0,3690.0,3610.0,3660.0,2736.8486328125,109898400,TLKM.JK,0.7477728504952186
2021-10-04,3620.0,3670.0,3600.0,3670.0,2744.326416015625,82205100,TLKM.JK,0.7477728653993528
2021-10-05,3670.0,3680.0,3620.0,3670.0,2744.326416015625,140488300,TLKM.JK,0.7477728653993528
2021-10-06,3690.0,3770.0,3650.0,3760.0,2811.6259765625,153535700,TLKM.JK,0.7477728661070479
2021-10-07,3720.0,3740.0,3690.0,3720.0,2781.715087890625,56837600,TLKM.JK,0.7477728730888777
2021-10-08,3730.0,3800.0,3720.0,3800.0,2841.53662109375,91361800,TLKM.JK,0.7477727950246711
2021-10-11,3800.0,3850.0,3770.0,3810.0,2849.0146484375,78865000,TLKM.JK,0.747772873605643
2021-10-12,3780.0,3840.0,3770.0,3780.0,2826.581298828125,69866300,TLKM.JK,0.7477728303778108
2021-10-13,3750.0,3820.0,3750.0,3770.0,2819.103515625,87143900,TLKM.JK,0.7477728158156499
2021-10-14,3770.0,3830.0,3770.0,3830.0,2863.969970703125,95817900,TLKM.JK,0.747772838303688
2021-10-15,3840.0,3840.0,3750.0,3810.0,2849.0146484375,69707700,TLKM.JK,0.747772873605643
2021-10-18,3840.0,3840.0,3790.0,3790.0,2834.05908203125,78580700,TLKM.JK,0.7477728448631267
2021-10-19,3750.0,3800.0,3720.0,3740.0,2796.670654296875,61095700,TLKM.JK,0.7477729022184157
2021-10-21,3780.0,3880.0,3760.0,3850.0,2878.925537109375,169659500,TLKM.JK,0.7477728667816559
2021-10-22,3860.0,3880.0,3820.0,3870.0,2893.880859375,59640700,TLKM.JK,0.747772831879845
2021-10-25,3800.0,3840.0,3780.0,3780.0,2826.581298828125,58246300,TLKM.JK,0.7477728303778108
2021-10-26,3800.0,3830.0,3780.0,3800.0,2841.53662109375,58615100,TLKM.JK,0.7477727950246711
2021-10-27,3820.0,3830.0,3770.0,3790.0,2834.05908203125,52210100,TLKM.JK,0.7477728448631267
2021-10-28,3820.0,3820.0,3710.0,3750.0,2804.148193359375,61151100,TLKM.JK,0.7477728515625
2021-10-29,3750.0,3810.0,3730.0,3800.0,2841.53662109375,70430900,TLKM.JK,0.7477727950246711
2021-11-01,3810.0,3820.0,3700.0,3700.0,2766.759521484375,65447100,TLKM.JK,0.7477728436444256
2021-11-02,3700.0,3710.0,3640.0,3660.0,2736.8486328125,170260000,TLKM.JK,0.7477728504952186
2021-11-03,3620.0,3740.0,3620.0,3720.0,2781.715087890625,48810500,TLKM.JK,0.7477728730888777
2021-11-04,3750.0,3780.0,3720.0,3770.0,2819.103515625,53494200,TLKM.JK,0.7477728158156499
2021-11-05,3760.0,3770.0,3710.0,3770.0,2819.103515625,43133000,TLKM.JK,0.7477728158156499
2021-11-08,3780.0,3780.0,3710.0,3750.0,2804.148193359375,58758600,TLKM.JK,0.7477728515625
2021-11-09,3730.0,3740.0,3680.0,3710.0,2774.237060546875,92427800,TLKM.JK,0.7477727926002359
2021-11-10,3670.0,3720.0,3670.0,3700.0,2766.759521484375,53511200,TLKM.JK,0.7477728436444256
2021-11-11,3700.0,3730.0,3640.0,3650.0,2729.370849609375,95789600,TLKM.JK,0.7477728355094178
2021-11-12,3660.0,3660.0,3600.0,3600.0,2691.982177734375,115142400,TLKM.JK,0.7477728271484375
2021-11-15,3600.0,3650.0,3600.0,3600.0,2691.982177734375,91001800,TLKM.JK,0.7477728271484375
2021-11-16,3590.0,3680.0,3590.0,3670.0,2744.326416015625,99590700,TLKM.JK,0.7477728653993528
2021-11-17,3690.0,3690.0,3600.0,3630.0,2714.415283203125,82023300,TLKM.JK,0.747772805290117
2021-11-18,3630.0,3640.0,3600.0,3630.0,2714.415283203125,53290400,TLKM.JK,0.747772805290117
2021-11-19,3660.0,3920.0,3660.0,3900.0,2916.314208984375,310615000,TLKM.JK,0.7477728740985576
2021-11-22,3920.0,3930.0,3780.0,3800.0,2841.53662109375,206683100,TLKM.JK,0.7477727950246711
2021-11-23,3800.0,3850.0,3780.0,3800.0,2841.53662109375,67778800,TLKM.JK,0.7477727950246711
2021-11-24,3840.0,3840.0,3790.0,3800.0,2841.53662109375,67303800,TLKM.JK,0.7477727950246711
2021-11-25,3880.0,4090.0,3850.0,4000.0,2991.09130859375,264897100,TLKM.JK,0.7477728271484375
2021-11-26,4040.0,4050.0,3970.0,4010.0,2998.5693359375,231870300,TLKM.JK,0.7477729017300498
2021-11-29,4010.0,4170.0,3980.0,4140.0,3095.779541015625,228774600,TLKM.JK,0.7477728359941124
2021-11-30,4150.0,4170.0,3990.0,3990.0,2983.61376953125,435800600,TLKM.JK,0.7477728745692356
2021-12-01,4040.0,4150.0,4020.0,4080.0,3050.9130859375,200699200,TLKM.JK,0.7477728151807598
2021-12-02,4140.0,4190.0,4100.0,4160.0,3110.73486328125,116093100,TLKM.JK,0.7477728036733774
2021-12-03,4130.0,4180.0,4050.0,4070.0,3043.435546875,96760700,TLKM.JK,0.7477728616400492
2021-12-06,4060.0,4250.0,4050.0,4170.0,3118.213134765625,106756900,TLKM.JK,0.7477729339965528
2021-12-07,4180.0,4200.0,4120.0,4150.0,3103.257568359375,121543400,TLKM.JK,0.7477729080384036
2021-12-08,4100.0,4120.0,4010.0,4090.0,3058.39111328125,113845600,TLKM.JK,0.747772888332824
2021-12-09,4090.0,4150.0,4080.0,4150.0,3103.257568359375,86985800,TLKM.JK,0.7477729080384036
2021-12-10,4070.0,4150.0,4070.0,4150.0,3103.257568359375,90725000,TLKM.JK,0.7477729080384036
2021-12-13,4150.0,4150.0,4080.0,4080.0,3050.9130859375,65533000,TLKM.JK,0.7477728151807598
2021-12-14,4120.0,4120.0,4070.0,4100.0,3065.868896484375,75736900,TLKM.JK,0.7477729015815548
2021-12-15,4060.0,4140.0,4060.0,4080.0,3050.9130859375,84424500,TLKM.JK,0.7477728151807598
2021-12-16,4110.0,4150.0,4060.0,4100.0,3065.868896484375,98164300,TLKM.JK,0.7477729015815548
2021-12-17,4010.0,4100.0,4010.0,4100.0,3065.868896484375,149615800,TLKM.JK,0.7477729015815548
2021-12-20,4070.0,4110.0,4040.0,4080.0,3050.9130859375,72794200,TLKM.JK,0.7477728151807598
2021-12-21,4110.0,4190.0,4100.0,4160.0,3110.73486328125,98039300,TLKM.JK,0.7477728036733774
2021-12-22,4160.0,4170.0,4110.0,4110.0,3073.346435546875,50574500,TLKM.JK,0.7477728553642031
2021-12-23,4110.0,4160.0,4100.0,4160.0,3110.73486328125,54508200,TLKM.JK,0.7477728036733774
2021-12-24,4160.0,4170.0,4100.0,4110.0,3073.346435546875,29075600,TLKM.JK,0.7477728553642031
2021-12-27,4150.0,4150.0,4070.0,4080.0,3050.9130859375,30748000,TLKM.JK,0.7477728151807598
2021-12-28,4080.0,4130.0,4050.0,4090.0,3058.39111328125,39443300,TLKM.JK,0.747772888332824
2021-12-29,4100.0,4130.0,4080.0,4080.0,3050.9130859375,25596100,TLKM.JK,0.7477728151807598
2021-12-30,4130.0,4130.0,4040.0,4040.0,3021.00244140625,50575100,TLKM.JK,0.7477728815362005
2022-01-03,4060.0,4180.0,4050.0,4180.0,3125.6904296875,65937900,TLKM.JK,0.7477728300687799
2022-01-04,4180.0,4200.0,4150.0,4170.0,3118.213134765625,42984700,TLKM.JK,0.7477729339965528
2022-01-05,4150.0,4190.0,4030.0,4050.0,3028.47998046875,119584700,TLKM.JK,0.747772834683642
2022-01-06,4090.0,4120.0,4030.0,4120.0,3080.82421875,89197500,TLKM.JK,0.7477728686286408
2022-01-07,4120.0,4190.0,4090.0,4170.0,3118.213134765625,68415100,TLKM.JK,0.7477729339965528
2022-01-10,4180.0,4190.0,4100.0,4100.0,3065.868896484375,44921200,TLKM.JK,0.7477729015815548
2022-01-11,4120.0,4160.0,4090.0,4090.0,3058.39111328125,61890200,TLKM.JK,0.747772888332824
2022-01-12,4110.0,4140.0,4070.0,4110.0,3073.346435546875,45132700,TLKM.JK,0.7477728553642031
2022-01-13,4170.0,4180.0,4110.0,4180.0,3125.6904296875,84148400,TLKM.JK,0.7477728300687799
2022-01-14,4140.0,4190.0,4130.0,4190.0,3133.168212890625,28193100,TLKM.JK,0.7477728431719869
2022-01-17,4200.0,4200.0,4140.0,4180.0,3125.6904296875,39816300,TLKM.JK,0.7477728300687799
2022-01-18,4200.0,4250.0,4160.0,4250.0,3178.034912109375,112212200,TLKM.JK,0.7477729204963235
2022-01-19,4260.0,4260.0,4230.0,4250.0,3178.034912109375,88713900,TLKM.JK,0.7477729204963235
2022-01-20,4300.0,4300.0,4190.0,4220.0,3155.601318359375,100014500,TLKM.JK,0.7477728242557761
2022-01-21,4240.0,4330.0,4190.0,4330.0,3237.856689453125,75534800,TLKM.JK,0.7477729074949481
2022-01-24,4260.0,4310.0,4250.0,4300.0,3215.423095703125,70404500,TLKM.JK,0.7477728129542152
2022-01-25,4310.0,4320.0,4250.0,4290.0,3207.945556640625,116353600,TLKM.JK,0.7477728570257867
2022-01-26,4380.0,4390.0,4290.0,4390.0,3282.722900390625,127641400,TLKM.JK,0.747772870248434
2022-01-27,4400.0,4400.0,4260.0,4270.0,3192.989990234375,98613900,TLKM.JK,0.7477728314366218
2022-01-28,4260.0,4300.0,4230.0,4260.0,3185.512451171875,61686700,TLKM.JK,0.7477728758619425
2022-01-31,4210.0,4250.0,4190.0,4190.0,3133.168212890625,88735900,TLKM.JK,0.7477728431719869
2022-02-02,4170.0,4200.0,4150.0,4170.0,3118.213134765625,144006000,TLKM.JK,0.7477729339965528
2022-02-03,4200.0,4210.0,4160.0,4200.0,3140.646240234375,58212400,TLKM.JK,0.7477729143415178
2022-02-04,4260.0,4260.0,4180.0,4230.0,3163.079345703125,98728700,TLKM.JK,0.7477728949652778
2022-02-07,4230.0,4290.0,4210.0,4290.0,3207.945556640625,90285800,TLKM.JK,0.7477728570257867
2022-02-08,4280.0,4280.0,4230.0,4230.0,3163.079345703125,71210400,TLKM.JK,0.7477728949652778
2022-02-09,4280.0,4280.0,4210.0,4280.0,3200.46826171875,95375000,TLKM.JK,0.7477729583455023
2022-02-10,4400.0,4470.0,4340.0,4460.0,3335.06689453125,233984700,TLKM.JK,0.7477728463074551
2022-02-11,4500.0,4550.0,4410.0,4450.0,3327.589111328125,130081900,TLKM.JK,0.7477728340063202
2022-02-14,4380.0,4400.0,4310.0,4400.0,3290.20068359375,104903700,TLKM.JK,0.7477728826349432
2022-02-15,4400.0,4440.0,4360.0,4410.0,3297.678466796875,75305900,TLKM.JK,0.7477728949652778
2022-02-16,4420.0,4460.0,4380.0,4400.0,3290.20068359375,90121200,TLKM.JK,0.7477728826349432
2022-02-17,4400.0,4440.0,4360.0,4410.0,3297.678466796875,72970200,TLKM.JK,0.7477728949652778
2022-02-18,4420.0,4440.0,4370.0,4400.0,3290.20068359375,71111300,TLKM.JK,0.7477728826349432
2022-02-21,4370.0,4420.0,4340.0,4370.0,3267.767578125,58883000,TLKM.JK,0.7477729011727688
2022-02-22,4320.0,4360.0,4250.0,4300.0,3215.423095703125,106985800,TLKM.JK,0.7477728129542152
2022-02-23,4280.0,4370.0,4270.0,4350.0,3252.811767578125,110562400,TLKM.JK,0.7477728201329022
2022-02-24,4280.0,4320.0,4200.0,4240.0,3170.556884765625,126158600,TLKM.JK,0.7477728501805719
2022-02-25,4240.0,4350.0,4240.0,4340.0,3245.334228515625,208757000,TLKM.JK,0.7477728637132777
2022-03-01,4640.0,4650.0,4350.0,4350.0,3252.811767578125,206416900,TLKM.JK,0.7477728201329022
2022-03-02,4400.0,4400.0,4270.0,4290.0,3207.945556640625,152165300,TLKM.JK,0.7477728570257867
2022-03-04,4440.0,4440.0,4300.0,4400.0,3290.20068359375,155369100,TLKM.JK,0.7477728826349432
2022-03-07,4400.0,4530.0,4370.0,4510.0,3372.455810546875,177360400,TLKM.JK,0.7477729069948725
2022-03-08,4600.0,4700.0,4540.0,4620.0,3454.710693359375,234086000,TLKM.JK,0.7477728773505141
2022-03-09,4550.0,4620.0,4420.0,4440.0,3320.111572265625,145145900,TLKM.JK,0.747772876636402
2022-03-10,4500.0,4500.0,4380.0,4410.0,3297.678466796875,130830800,TLKM.JK,0.7477728949652778
2022-03-11,4410.0,4590.0,4400.0,4590.0,3432.277587890625,143446200,TLKM.JK,0.7477728949652778
2022-03-14,4650.0,4670.0,4540.0,4580.0,3424.7998046875,166572700,TLKM.JK,0.7477728831195415
2022-03-15,4630.0,4630.0,4570.0,4620.0,3454.710693359375,231077800,TLKM.JK,0.7477728773505141
2022-03-16,4660.0,4660.0,4550.0,4630.0,3462.188232421875,109961900,TLKM.JK,0.7477728363762149
2022-03-17,4550.0,4580.0,4450.0,4480.0,3350.022705078125,246300800,TLKM.JK,0.7477729252406529
2022-03-18,4490.0,4540.0,4470.0,4540.0,3394.888671875,210266100,TLKM.JK,0.7477728352147577
2022-03-21,4550.0,4570.0,4520.0,4550.0,3402.36669921875,79691600,TLKM.JK,0.7477729009271978
2022-03-22,4550.0,4580.0,4540.0,4550.0,3402.36669921875,98699900,TLKM.JK,0.7477729009271978
2022-03-23,4550.0,4570.0,4500.0,4550.0,3402.36669921875,78299500,TLKM.JK,0.7477729009271978
2022-03-24,4500.0,4570.0,4500.0,4560.0,3409.84423828125,89578400,TLKM.JK,0.7477728592722039
2022-03-25,4510.0,4540.0,4480.0,4520.0,3379.93359375,90053700,TLKM.JK,0.747772918971239
2022-03-28,4510.0,4600.0,4500.0,4600.0,3439.755126953125,184131000,TLKM.JK,0.747772853685462
2022-03-29,4600.0,4620.0,4560.0,4560.0,3409.84423828125,77920800,TLKM.JK,0.7477728592722039
2022-03-30,4620.0,4620.0,4560.0,4580.0,3424.7998046875,118749100,TLKM.JK,0.7477728831195415
2022-03-31,4620.0,4640.0,4560.0,4580.0,3424.7998046875,108109700,TLKM.JK,0.7477728831195415
2022-04-01,4550.0,4580.0,4530.0,4580.0,3424.7998046875,86590300,TLKM.JK,0.7477728831195415
2022-04-04,4560.0,4570.0,4490.0,4540.0,3394.888671875,103480300,TLKM.JK,0.7477728352147577
2022-04-05,4550.0,4550.0,4500.0,4520.0,3379.93359375,52172300,TLKM.JK,0.747772918971239
2022-04-06,4490.0,4500.0,4420.0,4430.0,3312.6337890625,108368800,TLKM.JK,0.7477728643481941
2022-04-07,4450.0,4540.0,4440.0,4540.0,3394.888671875,143921800,TLKM.JK,0.7477728352147577
2022-04-08,4580.0,4610.0,4560.0,4580.0,3424.7998046875,161974500,TLKM.JK,0.7477728831195415
2022-04-11,4610.0,4610.0,4550.0,4590.0,3432.277587890625,90521500,TLKM.JK,0.7477728949652778
2022-04-12,4620.0,4630.0,4580.0,4630.0,3462.188232421875,187948000,TLKM.JK,0.7477728363762149
2022-04-13,4700.0,4720.0,4650.0,4690.0,3507.0546875,196864200,TLKM.JK,0.747772854477612
2022-04-14,4700.0,4730.0,4660.0,4680.0,3499.576904296875,112735200,TLKM.JK,0.7477728427984776
2022-04-18,4720.0,4730.0,4690.0,4710.0,3522.009765625,120778200,TLKM.JK,0.7477727740180468
2022-04-19,4740.0,4750.0,4680.0,4680.0,3499.576904296875,92268300,TLKM.JK,0.7477728427984776
2022-04-20,4680.0,4690.0,4620.0,4630.0,3462.188232421875,88360900,TLKM.JK,0.7477728363762149
2022-04-21,4620.0,4670.0,4600.0,4620.0,3454.710693359375,97575800,TLKM.JK,0.7477728773505141
2022-04-22,4620.0,4680.0,4580.0,4620.0,3454.710693359375,101299100,TLKM.JK,0.7477728773505141
2022-04-25,4610.0,4720.0,4580.0,4710.0,3522.009765625,92045500,TLKM.JK,0.7477727740180468
2022-04-26,4680.0,4760.0,4670.0,4760.0,3559.398681640625,85945800,TLKM.JK,0.7477728322774422
2022-04-27,4720.0,4790.0,4720.0,4770.0,3566.87646484375,136485600,TLKM.JK,0.7477728437827568
2022-04-28,4850.0,4850.0,4620.0,4620.0,3454.710693359375,198484800,TLKM.JK,0.7477728773505141
2022-05-09,4560.0,4560.0,4300.0,4310.0,3222.901123046875,343682000,TLKM.JK,0.7477728823774652
2022-05-10,4120.0,4380.0,4120.0,4340.0,3245.334228515625,281386300,TLKM.JK,0.7477728637132777
2022-05-11,4400.0,4480.0,4330.0,4330.0,3237.856689453125,154455400,TLKM.JK,0.7477729074949481
2022-05-12,4340.0,4390.0,4250.0,4300.0,3215.423095703125,233518500,TLKM.JK,0.7477728129542152
2022-05-13,4250.0,4350.0,4230.0,4260.0,3185.512451171875,190889200,TLKM.JK,0.7477728758619425
2022-05-17,4250.0,4290.0,4180.0,4180.0,3125.6904296875,170880700,TLKM.JK,0.7477728300687799
2022-05-18,4230.0,4290.0,4190.0,4250.0,3178.034912109375,185359500,TLKM.JK,0.7477729204963235
2022-05-19,4180.0,4230.0,4150.0,4210.0,3148.12353515625,112679300,TLKM.JK,0.7477728112010095
2022-05-20,4220.0,4230.0,4170.0,4170.0,3118.213134765625,141701800,TLKM.JK,0.7477729339965528
2022-05-23,4160.0,4180.0,4070.0,4110.0,3073.346435546875,196569900,TLKM.JK,0.7477728553642031
2022-05-24,4120.0,4200.0,4120.0,4150.0,3103.257568359375,151693700,TLKM.JK,0.7477729080384036
2022-05-25,4200.0,4210.0,4150.0,4200.0,3140.646240234375,166595400,TLKM.JK,0.7477729143415178
2022-05-27,4260.0,4300.0,4210.0,4300.0,3215.423095703125,186513500,TLKM.JK,0.7477728129542152
2022-05-30,4340.0,4340.0,4200.0,4250.0,3178.034912109375,107614100,TLKM.JK,0.7477729204963235
2022-05-31,4270.0,4330.0,4230.0,4310.0,3222.901123046875,469620300,TLKM.JK,0.7477728823774652
2022-06-02,4390.0,4390.0,4270.0,4290.0,3207.945556640625,164481100,TLKM.JK,0.7477728570257867
2022-06-03,4310.0,4390.0,4300.0,4310.0,3222.901123046875,108852800,TLKM.JK,0.7477728823774652
2022-06-06,4310.0,4340.0,4270.0,4340.0,3245.334228515625,79319400,TLKM.JK,0.7477728637132777
2022-06-07,4340.0,4340.0,4250.0,4250.0,3178.034912109375,142504000,TLKM.JK,0.7477729204963235
2022-06-08,4150.0,4170.0,4080.0,4100.0,3178.008056640625,202555900,TLKM.JK,0.7751239162538109
2022-06-09,4080.0,4130.0,4050.0,4050.0,3139.251708984375,148580200,TLKM.JK,0.7751238787615741
2022-06-10,4040.0,4080.0,4000.0,4020.0,3115.998046875,189186700,TLKM.JK,0.7751238922574627
2022-06-13,3950.0,4100.0,3930.0,4080.0,3162.505615234375,156054900,TLKM.JK,0.7751239253025429
2022-06-14,4050.0,4120.0,4020.0,4110.0,3185.759033203125,117325600,TLKM.JK,0.7751238523608577
2022-06-15,4060.0,4080.0,4030.0,4060.0,3147.0029296875,94848800,TLKM.JK,0.775123874307266
2022-06-16,4120.0,4120.0,4030.0,4040.0,3131.50048828125,96042200,TLKM.JK,0.7751238832379331
2022-06-17,4010.0,4120.0,3980.0,4120.0,3193.51025390625,169375800,TLKM.JK,0.7751238480354976
2022-06-20,4050.0,4060.0,4000.0,4040.0,3131.50048828125,82101200,TLKM.JK,0.7751238832379331
2022-06-21,4060.0,4120.0,4030.0,4110.0,3185.759033203125,77489000,TLKM.JK,0.7751238523608577
2022-06-22,4090.0,4090.0,4040.0,4050.0,3139.251708984375,60907800,TLKM.JK,0.7751238787615741
2022-06-23,4030.0,4160.0,4030.0,4160.0,3224.51513671875,101065400,TLKM.JK,0.7751238309420072
2022-06-24,4230.0,4230.0,4100.0,4150.0,3216.764404296875,81050700,TLKM.JK,0.7751239528426205
2022-06-27,4110.0,4120.0,4040.0,4070.0,3154.754150390625,71574300,TLKM.JK,0.7751238698748464
2022-06-28,4010.0,4050.0,4000.0,4030.0,3123.7490234375,128618800,TLKM.JK,0.7751238271557072
2022-06-29,4000.0,4080.0,4000.0,4040.0,3131.50048828125,72888100,TLKM.JK,0.7751238832379331
2022-06-30,4110.0,4110.0,4000.0,4000.0,3100.495361328125,116718900,TLKM.JK,0.7751238403320313
2022-07-01,4010.0,4040.0,4000.0,4020.0,3115.998046875,39572500,TLKM.JK,0.7751238922574627
2022-07-04,4020.0,4040.0,3840.0,3990.0,3092.744384765625,115885200,TLKM.JK,0.775123905956297
2022-07-05,4010.0,4070.0,3950.0,3990.0,3092.744384765625,72329600,TLKM.JK,0.775123905956297
2022-07-06,4050.0,4050.0,3970.0,4020.0,3115.998046875,62679000,TLKM.JK,0.7751238922574627
2022-07-07,4040.0,4050.0,4010.0,4040.0,3131.50048828125,42393800,TLKM.JK,0.7751238832379331
2022-07-08,4050.0,4060.0,4000.0,4010.0,3108.246826171875,64049000,TLKM.JK,0.7751238968009664
2022-07-11,4100.0,4100.0,4000.0,4040.0,3131.50048828125,42258000,TLKM.JK,0.7751238832379331
2022-07-12,4060.0,4060.0,4010.0,4010.0,3108.246826171875,43399800,TLKM.JK,0.7751238968009664
2022-07-13,4010.0,4030.0,3930.0,3940.0,3053.98828125,96218200,TLKM.JK,0.775123929251269
2022-07-14,3940.0,4020.0,3900.0,4020.0,3115.998046875,68708500,TLKM.JK,0.7751238922574627
2022-07-15,4040.0,4210.0,4010.0,4150.0,3216.764404296875,146093800,TLKM.JK,0.7751239528426205
2022-07-18,4110.0,4190.0,4070.0,4190.0,3247.76904296875,84009400,TLKM.JK,0.7751238766035203
2022-07-19,4190.0,4190.0,4130.0,4160.0,3224.51513671875,91367900,TLKM.JK,0.7751238309420072
2022-07-20,4140.0,4220.0,4140.0,4210.0,3263.271484375,82344000,TLKM.JK,0.7751238680225653
2022-07-21,4210.0,4260.0,4180.0,4260.0,3302.02783203125,107234600,TLKM.JK,0.7751239042326878
2022-07-22,4240.0,4240.0,4190.0,4230.0,3278.77392578125,59792300,TLKM.JK,0.7751238595227541
2022-07-25,4240.0,4260.0,4220.0,4240.0,3286.525146484375,37218000,TLKM.JK,0.7751238553029186
2022-07-26,4240.0,4250.0,4190.0,4250.0,3294.276611328125,49786900,TLKM.JK,0.7751239085477941
2022-07-27,4230.0,4300.0,4210.0,4300.0,3333.032470703125,60672300,TLKM.JK,0.7751238303960756
2022-07-28,4310.0,4320.0,4190.0,4240.0,3286.525146484375,110767300,TLKM.JK,0.7751238553029186
2022-07-29,4280.0,4300.0,4210.0,4230.0,3278.77392578125,108823600,TLKM.JK,0.7751238595227541
2022-08-01,4230.0,4300.0,4230.0,4300.0,3333.032470703125,104724300,TLKM.JK,0.7751238303960756
2022-08-02,4350.0,4450.0,4250.0,4450.0,3449.301025390625,112228800,TLKM.JK,0.7751238259304776
2022-08-03,4450.0,4590.0,4410.0,4500.0,3488.057373046875,251825000,TLKM.JK,0.7751238606770834
2022-08-04,4450.0,4550.0,4450.0,4550.0,3526.813720703125,186881500,TLKM.JK,0.7751238946600275
2022-08-05,4590.0,4650.0,4530.0,4650.0,3604.326171875,268967200,TLKM.JK,0.7751239079301075
2022-08-08,4700.0,4700.0,4650.0,4700.0,3643.08251953125,191023500,TLKM.JK,0.7751239403257979
2022-08-09,4700.0,4700.0,4630.0,4640.0,3596.57470703125,164453900,TLKM.JK,0.7751238592739763
2022-08-10,4530.0,4590.0,4490.0,4560.0,3534.564697265625,162061400,TLKM.JK,0.7751238371196546
2022-08-11,4550.0,4610.0,4520.0,4570.0,3542.31591796875,123629000,TLKM.JK,0.7751238332535558
2022-08-12,4570.0,4600.0,4530.0,4550.0,3526.813720703125,124552500,TLKM.JK,0.7751238946600275
2022-08-15,4540.0,4570.0,4440.0,4450.0,3449.301025390625,136882800,TLKM.JK,0.7751238259304776
2022-08-16,4530.0,4580.0,4410.0,4410.0,3418.29638671875,127710800,TLKM.JK,0.7751238972151361
2022-08-18,4360.0,4550.0,4350.0,4550.0,3526.813720703125,182044300,TLKM.JK,0.7751238946600275
2022-08-19,4560.0,4610.0,4460.0,4600.0,3565.56982421875,177623900,TLKM.JK,0.7751238748301631
2022-08-22,4550.0,4660.0,4530.0,4650.0,3604.326171875,202320400,TLKM.JK,0.7751239079301075
2022-08-23,4680.0,4710.0,4610.0,4660.0,3612.07763671875,229431400,TLKM.JK,0.7751239563774142
2022-08-24,4660.0,4770.0,4600.0,4750.0,3681.83837890625,189007900,TLKM.JK,0.775123869243421
2022-08-25,4680.0,4700.0,4560.0,4570.0,3542.31591796875,179495700,TLKM.JK,0.7751238332535558
2022-08-26,4510.0,4540.0,4480.0,4490.0,3480.305908203125,184317100,TLKM.JK,0.7751238102902283
2022-08-29,4370.0,4550.0,4360.0,4520.0,3503.56005859375,101529800,TLKM.JK,0.7751239067685287
2022-08-30,4580.0,4620.0,4480.0,4480.0,3472.55517578125,118884300,TLKM.JK,0.7751239231654576
2022-08-31,4420.0,4600.0,4420.0,4560.0,3534.564697265625,175300400,TLKM.JK,0.7751238371196546
2022-09-01,4560.0,4650.0,4530.0,4580.0,3550.0673828125,120871700,TLKM.JK,0.7751238827101529
2022-09-02,4540.0,4620.0,4540.0,4600.0,3565.56982421875,106985000,TLKM.JK,0.7751238748301631
2022-09-05,4560.0,4630.0,4550.0,4620.0,3581.072265625,77323800,TLKM.JK,0.7751238670183983
2022-09-06,4610.0,4620.0,4510.0,4510.0,3495.808837890625,61970100,TLKM.JK,0.7751239108404934
2022-09-07,4500.0,4560.0,4480.0,4490.0,3480.305908203125,106145700,TLKM.JK,0.7751238102902283
2022-09-08,4500.0,4640.0,4500.0,4560.0,3534.564697265625,123389200,TLKM.JK,0.7751238371196546
2022-09-09,4550.0,4600.0,4530.0,4600.0,3565.56982421875,50307800,TLKM.JK,0.7751238748301631
2022-09-12,4600.0,4600.0,4530.0,4540.0,3519.0625,74820600,TLKM.JK,0.7751238986784141
2022-09-13,4540.0,4560.0,4520.0,4520.0,3503.56005859375,91510200,TLKM.JK,0.7751239067685287
2022-09-14,4490.0,4530.0,4460.0,4480.0,3472.55517578125,97919200,TLKM.JK,0.7751239231654576
2022-09-15,4540.0,4600.0,4500.0,4500.0,3488.057373046875,125599900,TLKM.JK,0.7751238606770834
2022-09-16,4500.0,4500.0,4410.0,4410.0,3418.29638671875,210277300,TLKM.JK,0.7751238972151361
2022-09-19,4460.0,4560.0,4440.0,4500.0,3488.057373046875,116164500,TLKM.JK,0.7751238606770834
2022-09-20,4530.0,4540.0,4480.0,4480.0,3472.55517578125,100743700,TLKM.JK,0.7751239231654576
2022-09-21,4450.0,4470.0,4410.0,4430.0,3433.798828125,91363200,TLKM.JK,0.7751238889672686
2022-09-22,4400.0,4450.0,4380.0,4430.0,3433.798828125,89922900,TLKM.JK,0.7751238889672686
2022-09-23,4400.0,4430.0,4380.0,4380.0,3395.04248046875,95911400,TLKM.JK,0.7751238539882991
2022-09-26,4390.0,4510.0,4300.0,4460.0,3457.052490234375,132185400,TLKM.JK,0.7751238767341648
2022-09-27,4450.0,4470.0,4380.0,4440.0,3441.550048828125,123113800,TLKM.JK,0.7751238848711993
2022-09-28,4430.0,4530.0,4400.0,4470.0,3464.8037109375,104385500,TLKM.JK,0.775123872692953
2022-09-29,4460.0,4500.0,4420.0,4440.0,3441.550048828125,90290400,TLKM.JK,0.7751238848711993
2022-09-30,4400.0,4500.0,4390.0,4460.0,3457.052490234375,111482000,TLKM.JK,0.7751238767341648
2022-10-03,4460.0,4470.0,4380.0,4460.0,3457.052490234375,77569100,TLKM.JK,0.7751238767341648
2022-10-04,4460.0,4510.0,4430.0,4440.0,3441.550048828125,87832800,TLKM.JK,0.7751238848711993
2022-10-05,4490.0,4540.0,4460.0,4460.0,3457.052490234375,61888400,TLKM.JK,0.7751238767341648
2022-10-06,4460.0,4480.0,4420.0,4430.0,3433.798828125,60464300,TLKM.JK,0.7751238889672686
2022-10-07,4400.0,4430.0,4350.0,4350.0,3371.788818359375,102570000,TLKM.JK,0.7751238662895115
2022-10-10,4340.0,4420.0,4330.0,4420.0,3426.04736328125,72389100,TLKM.JK,0.7751238378464367
2022-10-11,4360.0,4380.0,4310.0,4310.0,3340.783935546875,108794500,TLKM.JK,0.7751238829575116
2022-10-12,4300.0,4350.0,4280.0,4340.0,3364.03759765625,107938600,TLKM.JK,0.7751238704277074
2022-10-13,4330.0,4350.0,4290.0,4300.0,3333.032470703125,70034500,TLKM.JK,0.7751238303960756
2022-10-14,4360.0,4360.0,4290.0,4290.0,3325.28125,68096300,TLKM.JK,0.7751238344988345
2022-10-17,4200.0,4330.0,4200.0,4330.0,3356.28662109375,90321700,TLKM.JK,0.7751239309685335
2022-10-18,4310.0,4340.0,4250.0,4250.0,3294.276611328125,72516000,TLKM.JK,0.7751239085477941
2022-10-19,4220.0,4300.0,4200.0,4200.0,3255.5205078125,65848300,TLKM.JK,0.7751239304315476
2022-10-20,4200.0,4350.0,4200.0,4350.0,3371.788818359375,165391500,TLKM.JK,0.7751238662895115
2022-10-21,4300.0,4390.0,4300.0,4360.0,3379.5400390625,79825700,TLKM.JK,0.7751238621702982
2022-10-24,4380.0,4450.0,4380.0,4410.0,3418.29638671875,76777200,TLKM.JK,0.7751238972151361
2022-10-25,4430.0,4470.0,4390.0,4390.0,3402.793701171875,109154300,TLKM.JK,0.7751238499252563
2022-10-26,4420.0,4430.0,4330.0,4370.0,3387.29150390625,97320500,TLKM.JK,0.775123913937357
2022-10-27,4390.0,4410.0,4340.0,4370.0,3387.29150390625,80270300,TLKM.JK,0.775123913937357
2022-10-28,4420.0,4450.0,4380.0,4450.0,3449.301025390625,91101500,TLKM.JK,0.7751238259304776
2022-10-31,4460.0,4460.0,4360.0,4390.0,3402.793701171875,162753500,TLKM.JK,0.7751238499252563
2022-11-01,4420.0,4420.0,4360.0,4420.0,3426.04736328125,108592900,TLKM.JK,0.7751238378464367
2022-11-02,4400.0,4420.0,4220.0,4220.0,3271.02294921875,217855200,TLKM.JK,0.7751239216158176
2022-11-03,4140.0,4170.0,4050.0,4130.0,3201.261474609375,231475000,TLKM.JK,0.7751238437310836
2022-11-04,4070.0,4210.0,4070.0,4210.0,3263.271484375,201183100,TLKM.JK,0.7751238680225653
2022-11-07,4250.0,4280.0,4160.0,4280.0,3317.530517578125,129868800,TLKM.JK,0.7751239527051694
2022-11-08,4270.0,4280.0,4200.0,4220.0,3271.02294921875,110546800,TLKM.JK,0.7751239216158176
2022-11-09,4200.0,4230.0,4180.0,4190.0,3247.76904296875,145833200,TLKM.JK,0.7751238766035203
2022-11-10,4110.0,4210.0,4110.0,4170.0,3232.2666015625,81249200,TLKM.JK,0.7751238852667865
2022-11-11,4160.0,4180.0,4140.0,4150.0,3216.764404296875,227799300,TLKM.JK,0.7751239528426205
2022-11-14,4090.0,4120.0,4030.0,4050.0,3139.251708984375,188771200,TLKM.JK,0.7751238787615741
2022-11-15,4050.0,4080.0,4030.0,4050.0,3139.251708984375,88570400,TLKM.JK,0.7751238787615741
2022-11-16,4000.0,4070.0,3960.0,4050.0,3139.251708984375,149512300,TLKM.JK,0.7751238787615741
2022-11-17,4020.0,4070.0,4020.0,4040.0,3131.50048828125,68616700,TLKM.JK,0.7751238832379331
2022-11-18,4070.0,4080.0,4010.0,4010.0,3108.246826171875,115907900,TLKM.JK,0.7751238968009664
2022-11-21,4020.0,4060.0,4010.0,4030.0,3123.7490234375,45277400,TLKM.JK,0.7751238271557072
2022-11-22,4020.0,4040.0,4000.0,4000.0,3100.495361328125,83888300,TLKM.JK,0.7751238403320313
2022-11-23,3990.0,4030.0,3970.0,3970.0,3077.241943359375,95750400,TLKM.JK,0.7751239152038728
2022-11-24,3980.0,4040.0,3980.0,4030.0,3123.7490234375,50741600,TLKM.JK,0.7751238271557072
2022-11-25,4010.0,4040.0,3980.0,4030.0,3123.7490234375,73305800,TLKM.JK,0.7751238271557072
2022-11-28,4030.0,4040.0,3980.0,3980.0,3084.992919921875,94063100,TLKM.JK,0.7751238492266017
2022-11-29,3980.0,4020.0,3980.0,3980.0,3084.992919921875,94389800,TLKM.JK,0.7751238492266017
2022-11-30,3970.0,4050.0,3970.0,4040.0,3131.50048828125,585687400,TLKM.JK,0.7751238832379331
2022-12-01,4020.0,4040.0,3960.0,3960.0,3069.490478515625,230066600,TLKM.JK,0.7751238582110164
2022-12-02,3950.0,4020.0,3930.0,4000.0,3100.495361328125,113336600,TLKM.JK,0.7751238403320313
2022-12-05,3980.0,3990.0,3820.0,3840.0,2976.4755859375,148751200,TLKM.JK,0.7751238505045573
2022-12-06,3640.0,3720.0,3580.0,3600.0,2790.446044921875,416468700,TLKM.JK,0.7751239013671875
2022-12-07,3600.0,3700.0,3570.0,3680.0,2852.455810546875,278572200,TLKM.JK,0.7751238615616508
2022-12-08,3700.0,3780.0,3620.0,3740.0,2898.96337890625,245646400,TLKM.JK,0.7751238981032754
2022-12-09,3680.0,3720.0,3630.0,3650.0,2829.2021484375,164606100,TLKM.JK,0.7751238762842466
2022-12-12,3670.0,3710.0,3640.0,3700.0,2867.95849609375,170545000,TLKM.JK,0.7751239178631757
2022-12-13,3690.0,3790.0,3680.0,3750.0,2906.714599609375,231127000,TLKM.JK,0.7751238932291666
2022-12-14,3820.0,3820.0,3740.0,3750.0,2906.714599609375,107175700,TLKM.JK,0.7751238932291666
2022-12-15,3680.0,3720.0,3670.0,3670.0,2844.70458984375,143233600,TLKM.JK,0.7751238664424387
2022-12-16,3610.0,3740.0,3610.0,3680.0,2852.455810546875,310944500,TLKM.JK,0.7751238615616508
2022-12-19,3740.0,3790.0,3680.0,3720.0,2883.460693359375,119137700,TLKM.JK,0.7751238423009073
2022-12-20,3730.0,3750.0,3700.0,3720.0,2883.460693359375,55351300,TLKM.JK,0.7751238423009073
2022-12-21,3690.0,3790.0,3670.0,3790.0,2937.719482421875,98741000,TLKM.JK,0.7751238739899406
2022-12-22,3800.0,3810.0,3740.0,3750.0,2906.714599609375,68702100,TLKM.JK,0.7751238932291666
2022-12-23,3710.0,3780.0,3700.0,3780.0,2929.968017578125,45179400,TLKM.JK,0.7751238141741071
2022-12-26,3780.0,3800.0,3730.0,3750.0,2906.714599609375,19216700,TLKM.JK,0.7751238932291666
2022-12-27,3770.0,3840.0,3750.0,3810.0,2953.22216796875,49816500,TLKM.JK,0.7751239286007218
2022-12-28,3800.0,3810.0,3710.0,3730.0,2891.2119140625,65006300,TLKM.JK,0.7751238375502681
2022-12-29,3720.0,3790.0,3710.0,3780.0,2929.968017578125,51703500,TLKM.JK,0.7751238141741071
2022-12-30,3760.0,3800.0,3750.0,3750.0,2906.714599609375,79677300,TLKM.JK,0.7751238932291666
2023-01-02,3750.0,3800.0,3750.0,3800.0,2945.470703125,7959900,TLKM.JK,0.775123869243421
2023-01-03,3790.0,3890.0,3770.0,3860.0,2991.978271484375,64235000,TLKM.JK,0.7751239045296309
2023-01-04,3840.0,3860.0,3810.0,3820.0,2960.97314453125,56785600,TLKM.JK,0.7751238598249346
2023-01-05,3800.0,3820.0,3720.0,3770.0,2922.217041015625,135167000,TLKM.JK,0.7751238835585212
2023-01-06,3750.0,3770.0,3710.0,3710.0,2875.70947265625,65207400,TLKM.JK,0.7751238470771563
2023-01-09,3730.0,3790.0,3730.0,3790.0,2937.719482421875,46616400,TLKM.JK,0.7751238739899406
2023-01-10,3810.0,3850.0,3750.0,3830.0,2968.724609375,80009900,TLKM.JK,0.7751239188968668
2023-01-11,3820.0,3900.0,3790.0,3870.0,2999.7294921875,75139300,TLKM.JK,0.7751238997900517
2023-01-12,3790.0,3900.0,3780.0,3860.0,2991.978271484375,105775500,TLKM.JK,0.7751239045296309
2023-01-13,3820.0,3860.0,3770.0,3780.0,2929.968017578125,85780600,TLKM.JK,0.7751238141741071
2023-01-16,3780.0,3850.0,3780.0,3850.0,2984.226806640625,58918700,TLKM.JK,0.7751238458806818
2023-01-17,3870.0,3990.0,3860.0,3950.0,3061.7392578125,132256600,TLKM.JK,0.7751238627373418
2023-01-18,4010.0,4010.0,3900.0,3930.0,3046.23681640625,94772000,TLKM.JK,0.7751238718590967
2023-01-19,3900.0,3980.0,3880.0,3890.0,3015.23193359375,109555200,TLKM.JK,0.7751238903839974
2023-01-20,3910.0,3920.0,3850.0,3870.0,2999.7294921875,88457800,TLKM.JK,0.7751238997900517
2023-01-24,3890.0,3910.0,3850.0,3850.0,2984.226806640625,45504900,TLKM.JK,0.7751238458806818
2023-01-25,3850.0,3880.0,3810.0,3840.0,2976.4755859375,80575100,TLKM.JK,0.7751238505045573
2023-01-26,3850.0,4000.0,3850.0,3970.0,3077.241943359375,117238000,TLKM.JK,0.7751239152038728
2023-01-27,3970.0,3990.0,3950.0,3960.0,3069.490478515625,100769500,TLKM.JK,0.7751238582110164
2023-01-30,3960.0,3970.0,3910.0,3960.0,3069.490478515625,59425300,TLKM.JK,0.7751238582110164
2023-01-31,3940.0,3950.0,3850.0,3850.0,2984.226806640625,179726700,TLKM.JK,0.7751238458806818
2023-02-01,3850.0,3900.0,3840.0,3870.0,2999.7294921875,70997300,TLKM.JK,0.7751238997900517
2023-02-02,3850.0,3900.0,3840.0,3890.0,3015.23193359375,78852300,TLKM.JK,0.7751238903839974
2023-02-03,3910.0,3920.0,3870.0,3880.0,3007.480712890625,55154800,TLKM.JK,0.7751238950749033
2023-02-06,3860.0,3910.0,3850.0,3880.0,3007.480712890625,58861300,TLKM.JK,0.7751238950749033
2023-02-07,3880.0,3880.0,3800.0,3800.0,2945.470703125,76254900,TLKM.JK,0.775123869243421
2023-02-08,3800.0,3850.0,3790.0,3840.0,2976.4755859375,65856500,TLKM.JK,0.7751238505045573
2023-02-09,3840.0,3840.0,3760.0,3770.0,2922.217041015625,91337300,TLKM.JK,0.7751238835585212
2023-02-10,3750.0,3800.0,3690.0,3800.0,2945.470703125,88759600,TLKM.JK,0.775123869243421
2023-02-13,3800.0,3810.0,3750.0,3790.0,2937.719482421875,69004400,TLKM.JK,0.7751238739899406
2023-02-14,3830.0,3830.0,3760.0,3800.0,2945.470703125,80331100,TLKM.JK,0.775123869243421
2023-02-15,3810.0,3820.0,3730.0,3790.0,2937.719482421875,59028200,TLKM.JK,0.7751238739899406
2023-02-16,3800.0,3800.0,3750.0,3770.0,2922.217041015625,49869900,TLKM.JK,0.7751238835585212
2023-02-17,3770.0,3770.0,3720.0,3760.0,2914.466064453125,50369000,TLKM.JK,0.7751239533120013
2023-02-20,3760.0,3820.0,3760.0,3820.0,2960.97314453125,57438900,TLKM.JK,0.7751238598249346
2023-02-21,3850.0,3870.0,3830.0,3840.0,2976.4755859375,63880300,TLKM.JK,0.7751238505045573
2023-02-22,3850.0,3870.0,3800.0,3860.0,2991.978271484375,48505600,TLKM.JK,0.7751239045296309
2023-02-23,3950.0,3970.0,3890.0,3970.0,3077.241943359375,109147100,TLKM.JK,0.7751239152038728
2023-02-24,4000.0,4040.0,3950.0,4040.0,3131.50048828125,142165700,TLKM.JK,0.7751238832379331
2023-02-27,3990.0,4000.0,3920.0,3960.0,3069.490478515625,66461600,TLKM.JK,0.7751238582110164
2023-02-28,3930.0,3970.0,3880.0,3880.0,3007.480712890625,115766900,TLKM.JK,0.7751238950749033
2023-03-01,3930.0,3990.0,3910.0,3930.0,3046.23681640625,47395200,TLKM.JK,0.7751238718590967
2023-03-02,3900.0,3930.0,3880.0,3880.0,3007.480712890625,43208800,TLKM.JK,0.7751238950749033
2023-03-03,3880.0,3920.0,3870.0,3900.0,3022.983154296875,49796000,TLKM.JK,0.7751238857171474
2023-03-06,3940.0,3950.0,3870.0,3880.0,3007.480712890625,50103800,TLKM.JK,0.7751238950749033
2023-03-07,3890.0,3910.0,3850.0,3880.0,3007.480712890625,59086800,TLKM.JK,0.7751238950749033
2023-03-08,3850.0,3940.0,3850.0,3940.0,3053.98828125,78551000,TLKM.JK,0.775123929251269
2023-03-09,3970.0,4000.0,3960.0,3970.0,3077.241943359375,68725500,TLKM.JK,0.7751239152038728
2023-03-10,3960.0,4020.0,3930.0,4010.0,3108.246826171875,76136200,TLKM.JK,0.7751238968009664
2023-03-13,4020.0,4090.0,3980.0,4070.0,3154.754150390625,104663300,TLKM.JK,0.7751238698748464
2023-03-14,4030.0,4090.0,4000.0,4020.0,3115.998046875,111430100,TLKM.JK,0.7751238922574627
2023-03-15,4050.0,4050.0,3990.0,4010.0,3108.246826171875,65025400,TLKM.JK,0.7751238968009664
2023-03-16,4040.0,4060.0,3980.0,4050.0,3139.251708984375,96707900,TLKM.JK,0.7751238787615741
2023-03-17,4090.0,4100.0,4030.0,4050.0,3139.251708984375,232270900,TLKM.JK,0.7751238787615741
2023-03-20,4050.0,4050.0,3940.0,3990.0,3092.744384765625,105982700,TLKM.JK,0.775123905956297
2023-03-21,4000.0,4120.0,4000.0,4120.0,3193.51025390625,88808200,TLKM.JK,0.7751238480354976
2023-03-24,4100.0,4120.0,4060.0,4070.0,3154.754150390625,96214700,TLKM.JK,0.7751238698748464
2023-03-27,4100.0,4120.0,4030.0,4050.0,3139.251708984375,71556400,TLKM.JK,0.7751238787615741
2023-03-28,4100.0,4100.0,4030.0,4050.0,3139.251708984375,87955300,TLKM.JK,0.7751238787615741
2023-03-29,4090.0,4120.0,4070.0,4100.0,3178.008056640625,113504700,TLKM.JK,0.7751239162538109
2023-03-30,4050.0,4130.0,4040.0,4090.0,3170.2568359375,87690800,TLKM.JK,0.7751239207671149
2023-03-31,4110.0,4120.0,4040.0,4060.0,3147.0029296875,93699000,TLKM.JK,0.775123874307266
2023-04-03,4100.0,4100.0,4070.0,4080.0,3162.505615234375,56896200,TLKM.JK,0.7751239253025429
2023-04-04,4080.0,4100.0,4040.0,4060.0,3147.0029296875,82969200,TLKM.JK,0.775123874307266
2023-04-05,4100.0,4170.0,4080.0,4150.0,3216.764404296875,70419100,TLKM.JK,0.7751239528426205
2023-04-06,4200.0,4270.0,4170.0,4250.0,3294.276611328125,125329700,TLKM.JK,0.7751239085477941
2023-04-10,4250.0,4300.0,4190.0,4300.0,3333.032470703125,85757900,TLKM.JK,0.7751238303960756
2023-04-11,4290.0,4300.0,4250.0,4300.0,3333.032470703125,84322900,TLKM.JK,0.7751238303960756
2023-04-12,4320.0,4350.0,4260.0,4310.0,3340.783935546875,178923700,TLKM.JK,0.7751238829575116
2023-04-13,4340.0,4350.0,4290.0,4340.0,3364.03759765625,119431600,TLKM.JK,0.7751238704277074
2023-04-14,4340.0,4360.0,4320.0,4340.0,3364.03759765625,117305500,TLKM.JK,0.7751238704277074
2023-04-17,4340.0,4340.0,4250.0,4270.0,3309.779052734375,59688000,TLKM.JK,0.7751238999377927
2023-04-18,4240.0,4280.0,4230.0,4270.0,3309.779052734375,65644600,TLKM.JK,0.7751238999377927
2023-04-26,4480.0,4500.0,4330.0,4400.0,3410.545166015625,198984100,TLKM.JK,0.7751239013671875
2023-04-27,4450.0,4450.0,4300.0,4320.0,3348.53515625,58407000,TLKM.JK,0.7751238787615741
2023-04-28,4270.0,4320.0,4220.0,4250.0,3294.276611328125,112116900,TLKM.JK,0.7751239085477941
2023-05-02,4210.0,4220.0,4130.0,4190.0,3247.76904296875,117097400,TLKM.JK,0.7751238766035203
2023-05-03,4200.0,4200.0,4080.0,4150.0,3216.764404296875,158597800,TLKM.JK,0.7751239528426205
2023-05-04,4170.0,4190.0,4140.0,4150.0,3216.764404296875,98421300,TLKM.JK,0.7751239528426205
2023-05-05,4160.0,4170.0,4080.0,4170.0,3232.2666015625,113408100,TLKM.JK,0.7751238852667865
2023-05-08,4170.0,4180.0,4040.0,4060.0,3147.0029296875,121002600,TLKM.JK,0.775123874307266
2023-05-09,4050.0,4090.0,4030.0,4070.0,3154.754150390625,105907900,TLKM.JK,0.7751238698748464
2023-05-10,4050.0,4130.0,4040.0,4130.0,3201.261474609375,84306600,TLKM.JK,0.7751238437310836
2023-05-11,4100.0,4120.0,4060.0,4090.0,3170.2568359375,74171300,TLKM.JK,0.7751239207671149
2023-05-12,4050.0,4050.0,3950.0,3980.0,3084.992919921875,236777600,TLKM.JK,0.7751238492266017
2023-05-15,3990.0,3990.0,3930.0,3980.0,3084.992919921875,113329300,TLKM.JK,0.7751238492266017
2023-05-16,4020.0,4020.0,3940.0,3980.0,3084.992919921875,68777200,TLKM.JK,0.7751238492266017
2023-05-17,3980.0,4020.0,3960.0,3990.0,3092.744384765625,83183300,TLKM.JK,0.775123905956297
2023-05-19,3990.0,4060.0,3970.0,4020.0,3115.998046875,95986000,TLKM.JK,0.7751238922574627
2023-05-22,4000.0,4080.0,3980.0,4040.0,3131.50048828125,115578100,TLKM.JK,0.7751238832379331
2023-05-23,4030.0,4080.0,4030.0,4040.0,3131.50048828125,132751000,TLKM.JK,0.7751238832379331
2023-05-24,4020.0,4200.0,4020.0,4160.0,3224.51513671875,194127500,TLKM.JK,0.7751238309420072
2023-05-25,4190.0,4220.0,4120.0,4120.0,3193.51025390625,122121000,TLKM.JK,0.7751238480354976
2023-05-26,4140.0,4160.0,4110.0,4130.0,3201.261474609375,62211800,TLKM.JK,0.7751238437310836
2023-05-29,4120.0,4200.0,4090.0,4200.0,3255.5205078125,77540300,TLKM.JK,0.7751239304315476
2023-05-30,4140.0,4190.0,4120.0,4120.0,3193.51025390625,78924700,TLKM.JK,0.7751238480354976
2023-05-31,4120.0,4160.0,4040.0,4040.0,3131.50048828125,1155861400,TLKM.JK,0.7751238832379331
2023-06-05,4060.0,4130.0,4020.0,4080.0,3162.505615234375,189129300,TLKM.JK,0.7751239253025429
2023-06-06,4090.0,4130.0,4050.0,4090.0,3170.2568359375,95792700,TLKM.JK,0.7751239207671149
2023-06-07,4100.0,4150.0,4080.0,4150.0,3216.764404296875,127707400,TLKM.JK,0.7751239528426205
2023-06-08,4160.0,4180.0,4120.0,4170.0,3232.2666015625,78989700,TLKM.JK,0.7751238852667865
2023-06-09,4170.0,4170.0,4140.0,4150.0,3216.764404296875,83014700,TLKM.JK,0.7751239528426205
2023-06-12,4040.0,4050.0,4010.0,4050.0,3271.36669921875,94687300,TLKM.JK,0.8077448640046296
2023-06-13,4040.0,4060.0,4030.0,4030.0,3255.211669921875,69609000,TLKM.JK,0.8077448312461228
2023-06-14,4020.0,4040.0,3990.0,4000.0,3230.979248046875,110730800,TLKM.JK,0.8077448120117188
2023-06-15,3990.0,4040.0,3980.0,4020.0,3247.13427734375,85391800,TLKM.JK,0.8077448451103856
2023-06-16,4020.0,4030.0,3960.0,3970.0,3206.747314453125,160978900,TLKM.JK,0.8077449154793765
2023-06-19,3960.0,3990.0,3950.0,3960.0,3198.66943359375,54934100,TLKM.JK,0.8077448064630682
2023-06-20,3980.0,3990.0,3950.0,3990.0,3222.902099609375,55155600,TLKM.JK,0.8077448871201441
2023-06-21,3970.0,3980.0,3950.0,3980.0,3214.824462890625,60191300,TLKM.JK,0.8077448399222676
2023-06-22,3980.0,3990.0,3940.0,3940.0,3182.514892578125,56150900,TLKM.JK,0.8077448965934327
2023-06-23,3940.0,3960.0,3940.0,3950.0,3190.592041015625,41812400,TLKM.JK,0.8077448205102848
2023-06-26,3940.0,3990.0,3940.0,3990.0,3222.902099609375,36011500,TLKM.JK,0.8077448871201441
2023-06-27,4030.0,4030.0,3990.0,4000.0,3230.979248046875,64879900,TLKM.JK,0.8077448120117188
2023-07-03,4030.0,4030.0,3970.0,4000.0,3230.979248046875,75193200,TLKM.JK,0.8077448120117188
2023-07-04,4000.0,4010.0,3970.0,3970.0,3206.747314453125,33974300,TLKM.JK,0.8077449154793765
2023-07-05,3970.0,3980.0,3950.0,3980.0,3214.824462890625,43303000,TLKM.JK,0.8077448399222676
2023-07-06,3970.0,3990.0,3960.0,3960.0,3198.66943359375,68088900,TLKM.JK,0.8077448064630682
2023-07-07,3960.0,3980.0,3950.0,3960.0,3198.66943359375,50474800,TLKM.JK,0.8077448064630682
2023-07-10,3960.0,3980.0,3940.0,3950.0,3190.592041015625,65643300,TLKM.JK,0.8077448205102848
2023-07-11,3950.0,3990.0,3950.0,3980.0,3214.824462890625,89768500,TLKM.JK,0.8077448399222676
2023-07-12,3980.0,4010.0,3970.0,3980.0,3214.824462890625,73770400,TLKM.JK,0.8077448399222676
2023-07-13,3960.0,3970.0,3910.0,3920.0,3166.360107421875,83009900,TLKM.JK,0.8077449253627232
2023-07-14,3960.0,3960.0,3920.0,3930.0,3174.437255859375,64886900,TLKM.JK,0.8077448488191794
2023-07-17,3950.0,3970.0,3910.0,3910.0,3158.282470703125,81399700,TLKM.JK,0.807744877417679
2023-07-18,3930.0,3930.0,3820.0,3850.0,3109.817626953125,135860500,TLKM.JK,0.8077448381696428
2023-07-20,3820.0,3860.0,3810.0,3850.0,3109.817626953125,88907600,TLKM.JK,0.8077448381696428
2023-07-21,3840.0,3870.0,3840.0,3860.0,3117.895263671875,53955100,TLKM.JK,0.8077448869616256
2023-07-24,3880.0,3930.0,3870.0,3900.0,3150.204833984375,80710100,TLKM.JK,0.8077448292267628
2023-07-25,3920.0,3920.0,3880.0,3880.0,3134.050048828125,66434400,TLKM.JK,0.8077448579453931
2023-07-26,3890.0,3900.0,3830.0,3880.0,3134.050048828125,86732900,TLKM.JK,0.8077448579453931
2023-07-27,3840.0,3860.0,3720.0,3720.0,3004.810791015625,235026400,TLKM.JK,0.8077448362945229
2023-07-28,3710.0,3750.0,3690.0,3720.0,3004.810791015625,181626700,TLKM.JK,0.8077448362945229
2023-07-31,3700.0,3750.0,3670.0,3720.0,3004.810791015625,153583300,TLKM.JK,0.8077448362945229
2023-08-01,3700.0,3780.0,3700.0,3750.0,3029.043212890625,97680500,TLKM.JK,0.8077448567708333
2023-08-02,3740.0,3740.0,3680.0,3690.0,2980.57861328125,121333500,TLKM.JK,0.8077448816480353
2023-08-03,3670.0,3760.0,3670.0,3720.0,3004.810791015625,82013300,TLKM.JK,0.8077448362945229
2023-08-04,3720.0,3730.0,3690.0,3690.0,2980.57861328125,67746800,TLKM.JK,0.8077448816480353
2023-08-07,3700.0,3720.0,3680.0,3680.0,2972.5009765625,94909700,TLKM.JK,0.8077448305876359
2023-08-08,3680.0,3760.0,3680.0,3730.0,3012.88818359375,116329400,TLKM.JK,0.807744821338807
2023-08-09,3750.0,3800.0,3740.0,3770.0,3045.197998046875,129416100,TLKM.JK,0.8077448270681366
2023-08-10,3800.0,3830.0,3800.0,3800.0,3069.430419921875,140158900,TLKM.JK,0.8077448473478619
2023-08-11,3830.0,3840.0,3790.0,3810.0,3077.508056640625,109714400,TLKM.JK,0.8077448967560695
2023-08-14,3810.0,3830.0,3760.0,3830.0,3093.662841796875,86871800,TLKM.JK,0.807744867309889
2023-08-15,3800.0,3830.0,3800.0,3820.0,3085.585205078125,80015200,TLKM.JK,0.8077448180832788
2023-08-16,3790.0,3830.0,3750.0,3830.0,3093.662841796875,81507800,TLKM.JK,0.807744867309889
2023-08-18,3790.0,3800.0,3760.0,3760.0,3037.120849609375,108780100,TLKM.JK,0.807744906811004
2023-08-21,3760.0,3780.0,3720.0,3740.0,3020.9658203125,64449000,TLKM.JK,0.8077448717413102
2023-08-22,3740.0,3780.0,3730.0,3750.0,3029.043212890625,98059600,TLKM.JK,0.8077448567708333
2023-08-23,3750.0,3770.0,3730.0,3740.0,3020.9658203125,84842500,TLKM.JK,0.8077448717413102
2023-08-24,3730.0,3770.0,3720.0,3720.0,3004.810791015625,82789700,TLKM.JK,0.8077448362945229
2023-08-25,3700.0,3730.0,3700.0,3720.0,3004.810791015625,42049200,TLKM.JK,0.8077448362945229
2023-08-28,3730.0,3740.0,3700.0,3700.0,2988.656005859375,37727500,TLKM.JK,0.8077448664484798
2023-08-29,3700.0,3720.0,3700.0,3720.0,3004.810791015625,53453600,TLKM.JK,0.8077448362945229
2023-08-30,3730.0,3850.0,3720.0,3810.0,3077.508056640625,130027200,TLKM.JK,0.8077448967560695
2023-08-31,3810.0,3820.0,3700.0,3730.0,3012.88818359375,227635800,TLKM.JK,0.807744821338807
2023-09-01,3710.0,3740.0,3710.0,3720.0,3004.810791015625,82253200,TLKM.JK,0.8077448362945229
2023-09-04,3720.0,3750.0,3710.0,3730.0,3012.88818359375,55881900,TLKM.JK,0.807744821338807
2023-09-05,3730.0,3750.0,3710.0,3740.0,3020.9658203125,62933300,TLKM.JK,0.8077448717413102
2023-09-06,3750.0,3810.0,3740.0,3790.0,3061.35302734375,98673400,TLKM.JK,0.8077448620959763
2023-09-07,3780.0,3790.0,3730.0,3760.0,3037.120849609375,63054500,TLKM.JK,0.807744906811004
2023-09-08,3770.0,3770.0,3670.0,3690.0,2980.57861328125,143090100,TLKM.JK,0.8077448816480353
2023-09-11,3710.0,3710.0,3680.0,3700.0,2988.656005859375,76577500,TLKM.JK,0.8077448664484798
2023-09-12,3700.0,3740.0,3700.0,3710.0,2996.7333984375,72170600,TLKM.JK,0.8077448513308625
2023-09-13,3720.0,3720.0,3670.0,3710.0,2996.7333984375,82635900,TLKM.JK,0.8077448513308625
2023-09-14,3710.0,3720.0,3680.0,3680.0,2972.5009765625,55532900,TLKM.JK,0.8077448305876359
2023-09-15,3680.0,3780.0,3670.0,3720.0,3004.810791015625,147757300,TLKM.JK,0.8077448362945229
2023-09-18,3700.0,3720.0,3680.0,3680.0,2972.5009765625,40645900,TLKM.JK,0.8077448305876359
2023-09-19,3690.0,3740.0,3690.0,3730.0,3012.88818359375,38375000,TLKM.JK,0.807744821338807
2023-09-20,3740.0,3850.0,3740.0,3810.0,3077.508056640625,171751900,TLKM.JK,0.8077448967560695
2023-09-21,3810.0,3840.0,3790.0,3810.0,3077.508056640625,94880700,TLKM.JK,0.8077448967560695
2023-09-22,3830.0,3880.0,3810.0,3860.0,3117.895263671875,101185700,TLKM.JK,0.8077448869616256
2023-09-25,3810.0,3830.0,3770.0,3770.0,3045.197998046875,125817700,TLKM.JK,0.8077448270681366
2023-09-26,3770.0,3800.0,3750.0,3760.0,3037.120849609375,74734500,TLKM.JK,0.807744906811004
2023-09-27,3750.0,3780.0,3720.0,3720.0,3004.810791015625,83337700,TLKM.JK,0.8077448362945229
2023-09-29,3730.0,3800.0,3730.0,3750.0,3029.043212890625,66219300,TLKM.JK,0.8077448567708333
2023-10-02,3750.0,3780.0,3730.0,3750.0,3029.043212890625,71945000,TLKM.JK,0.8077448567708333
2023-10-03,3750.0,3800.0,3740.0,3770.0,3045.197998046875,61155100,TLKM.JK,0.8077448270681366
2023-10-04,3800.0,3800.0,3740.0,3780.0,3053.275390625,77527700,TLKM.JK,0.8077448123346561
2023-10-05,3790.0,3800.0,3720.0,3720.0,3004.810791015625,81258900,TLKM.JK,0.8077448362945229
2023-10-06,3780.0,3800.0,3770.0,3780.0,3053.275390625,60156100,TLKM.JK,0.8077448123346561
2023-10-09,3770.0,3780.0,3750.0,3760.0,3037.120849609375,37711400,TLKM.JK,0.807744906811004
2023-10-10,3780.0,3820.0,3770.0,3810.0,3077.508056640625,51167900,TLKM.JK,0.8077448967560695
2023-10-11,3780.0,3810.0,3780.0,3780.0,3053.275390625,83154300,TLKM.JK,0.8077448123346561
2023-10-12,3820.0,3870.0,3800.0,3830.0,3093.662841796875,101645100,TLKM.JK,0.807744867309889
2023-10-13,3820.0,3850.0,3810.0,3850.0,3109.817626953125,48856500,TLKM.JK,0.8077448381696428
2023-10-16,3850.0,3850.0,3740.0,3760.0,3037.120849609375,117472800,TLKM.JK,0.807744906811004
2023-10-17,3780.0,3810.0,3770.0,3790.0,3061.35302734375,57046900,TLKM.JK,0.8077448620959763
2023-10-18,3770.0,3780.0,3730.0,3750.0,3029.043212890625,64910600,TLKM.JK,0.8077448567708333
2023-10-19,3730.0,3760.0,3720.0,3730.0,3012.88818359375,62296900,TLKM.JK,0.807744821338807
2023-10-20,3720.0,3730.0,3690.0,3700.0,2988.656005859375,38978200,TLKM.JK,0.8077448664484798
2023-10-23,3710.0,3720.0,3610.0,3610.0,2915.958984375,69428400,TLKM.JK,0.8077448710180055
2023-10-24,3640.0,3670.0,3600.0,3650.0,2948.268798828125,67041700,TLKM.JK,0.8077448763912671
2023-10-25,3650.0,3680.0,3580.0,3600.0,2907.881591796875,89567900,TLKM.JK,0.807744886610243
2023-10-26,3600.0,3610.0,3460.0,3480.0,2810.9521484375,141139700,TLKM.JK,0.8077448702406609
2023-10-27,3480.0,3530.0,3440.0,3500.0,2827.10693359375,99607000,TLKM.JK,0.8077448381696428
2023-10-30,3500.0,3500.0,3390.0,3420.0,2762.487548828125,82945500,TLKM.JK,0.8077448973181652
2023-10-31,3400.0,3510.0,3400.0,3490.0,2819.029541015625,66801600,TLKM.JK,0.8077448541592048
2023-11-01,3600.0,3700.0,3600.0,3620.0,2924.0361328125,154441100,TLKM.JK,0.8077447880697514
2023-11-02,3690.0,3690.0,3620.0,3620.0,2924.0361328125,69582500,TLKM.JK,0.8077447880697514
2023-11-03,3590.0,3630.0,3540.0,3570.0,2883.64892578125,85146800,TLKM.JK,0.807744797137605
2023-11-06,3610.0,3650.0,3600.0,3650.0,2948.268798828125,66902400,TLKM.JK,0.8077448763912671
2023-11-07,3600.0,3610.0,3550.0,3570.0,2883.64892578125,103642200,TLKM.JK,0.807744797137605
2023-11-08,3520.0,3540.0,3500.0,3520.0,2843.261962890625,103415400,TLKM.JK,0.8077448758212002
2023-11-09,3500.0,3570.0,3500.0,3530.0,2851.33935546875,96594900,TLKM.JK,0.8077448599061615
2023-11-10,3520.0,3550.0,3490.0,3550.0,2867.494140625,48619500,TLKM.JK,0.8077448283450704
2023-11-13,3570.0,3570.0,3510.0,3520.0,2843.261962890625,37975400,TLKM.JK,0.8077448758212002
2023-11-14,3500.0,3540.0,3500.0,3500.0,2827.10693359375,45987000,TLKM.JK,0.8077448381696428
2023-11-15,3520.0,3570.0,3520.0,3550.0,2867.494140625,114104500,TLKM.JK,0.8077448283450704
2023-11-16,3550.0,3550.0,3510.0,3540.0,2859.416748046875,41789400,TLKM.JK,0.8077448440810381
2023-11-17,3530.0,3550.0,3480.0,3550.0,2867.494140625,55585600,TLKM.JK,0.8077448283450704
2023-11-20,3560.0,3600.0,3540.0,3590.0,2899.803955078125,39932700,TLKM.JK,0.8077448342836003
2023-11-21,3590.0,3620.0,3580.0,3620.0,2924.0361328125,68255800,TLKM.JK,0.8077447880697514
2023-11-22,3610.0,3630.0,3590.0,3610.0,2915.958984375,34555300,TLKM.JK,0.8077448710180055
2023-11-23,3610.0,3630.0,3590.0,3600.0,2907.881591796875,57385100,TLKM.JK,0.807744886610243
2023-11-24,3600.0,3620.0,3570.0,3620.0,2924.0361328125,34583700,TLKM.JK,0.8077447880697514
2023-11-27,3640.0,3730.0,3640.0,3680.0,2972.5009765625,73888700,TLKM.JK,0.8077448305876359
2023-11-28,3680.0,3800.0,3680.0,3770.0,3045.197998046875,106829100,TLKM.JK,0.8077448270681366
2023-11-29,3750.0,3770.0,3700.0,3720.0,3004.810791015625,56467400,TLKM.JK,0.8077448362945229
2023-11-30,3750.0,3820.0,3740.0,3760.0,3037.120849609375,258522400,TLKM.JK,0.807744906811004
2023-12-01,3790.0,3840.0,3790.0,3830.0,3093.662841796875,81037200,TLKM.JK,0.807744867309889
2023-12-04,3840.0,3860.0,3780.0,3810.0,3077.508056640625,118483900,TLKM.JK,0.8077448967560695
2023-12-05,3830.0,3850.0,3800.0,3850.0,3109.817626953125,74608900,TLKM.JK,0.8077448381696428
2023-12-06,3900.0,3950.0,3870.0,3920.0,3166.360107421875,149345100,TLKM.JK,0.8077449253627232
2023-12-07,3950.0,3950.0,3880.0,3910.0,3158.282470703125,91076200,TLKM.JK,0.807744877417679
2023-12-08,3940.0,3940.0,3900.0,3940.0,3182.514892578125,61476300,TLKM.JK,0.8077448965934327
2023-12-11,3870.0,3980.0,3850.0,3980.0,3214.824462890625,99365500,TLKM.JK,0.8077448399222676
2023-12-12,3940.0,3950.0,3890.0,3910.0,3158.282470703125,58707700,TLKM.JK,0.807744877417679
2023-12-13,3870.0,3920.0,3870.0,3920.0,3166.360107421875,54386800,TLKM.JK,0.8077449253627232
2023-12-14,3880.0,3960.0,3880.0,3940.0,3182.514892578125,70705300,TLKM.JK,0.8077448965934327
2023-12-15,3940.0,3980.0,3900.0,3980.0,3214.824462890625,109064200,TLKM.JK,0.8077448399222676
2023-12-18,3940.0,3970.0,3930.0,3970.0,3206.747314453125,60940400,TLKM.JK,0.8077449154793765
2023-12-19,3950.0,3970.0,3940.0,3970.0,3206.747314453125,32984500,TLKM.JK,0.8077449154793765
2023-12-20,3960.0,3990.0,3960.0,3960.0,3198.66943359375,59574800,TLKM.JK,0.8077448064630682
2023-12-21,3960.0,3970.0,3930.0,3950.0,3190.592041015625,48242100,TLKM.JK,0.8077448205102848
2023-12-22,3980.0,3980.0,3950.0,3960.0,3198.66943359375,28222700,TLKM.JK,0.8077448064630682
2023-12-27,3990.0,4000.0,3920.0,3940.0,3182.514892578125,73157200,TLKM.JK,0.8077448965934327
2023-12-28,3960.0,3970.0,3940.0,3960.0,3198.66943359375,34024400,TLKM.JK,0.8077448064630682
2023-12-29,3960.0,3980.0,3940.0,3950.0,3190.592041015625,27497600,TLKM.JK,0.8077448205102848
2024-01-02,3950.0,3990.0,3940.0,3990.0,3222.902099609375,23774100,TLKM.JK,0.8077448871201441
2024-01-03,3990.0,3990.0,3950.0,3960.0,3198.66943359375,22018500,TLKM.JK,0.8077448064630682
2024-01-04,3980.0,3990.0,3960.0,3970.0,3206.747314453125,33922400,TLKM.JK,0.8077449154793765
2024-01-05,3950.0,3970.0,3880.0,3890.0,3142.12744140625,69268000,TLKM.JK,0.8077448435491645
2024-01-08,3890.0,3920.0,3860.0,3890.0,3142.12744140625,61064100,TLKM.JK,0.8077448435491645
2024-01-09,3930.0,3980.0,3920.0,3960.0,3198.66943359375,64015400,TLKM.JK,0.8077448064630682
2024-01-10,4000.0,4030.0,3980.0,4000.0,3230.979248046875,99083600,TLKM.JK,0.8077448120117188
2024-01-11,4040.0,4040.0,3990.0,3990.0,3222.902099609375,36333300,TLKM.JK,0.8077448871201441
2024-01-12,3970.0,4010.0,3970.0,4010.0,3239.056884765625,53685600,TLKM.JK,0.8077448590437968
2024-01-15,4040.0,4040.0,3980.0,4000.0,3230.979248046875,38339500,TLKM.JK,0.8077448120117188
2024-01-16,4020.0,4030.0,3980.0,4010.0,3239.056884765625,44782300,TLKM.JK,0.8077448590437968
2024-01-17,4000.0,4010.0,3970.0,3990.0,3222.902099609375,62728400,TLKM.JK,0.8077448871201441
2024-01-18,3990.0,4010.0,3930.0,3950.0,3190.592041015625,73029300,TLKM.JK,0.8077448205102848
2024-01-19,3950.0,3960.0,3890.0,3940.0,3182.514892578125,67016100,TLKM.JK,0.8077448965934327
2024-01-22,3980.0,4010.0,3960.0,3980.0,3214.824462890625,50643700,TLKM.JK,0.8077448399222676
2024-01-23,4000.0,4010.0,3910.0,3950.0,3190.592041015625,72595400,TLKM.JK,0.8077448205102848
2024-01-24,3950.0,3980.0,3930.0,3970.0,3206.747314453125,38732000,TLKM.JK,0.8077449154793765
2024-01-25,3980.0,4000.0,3960.0,3980.0,3214.824462890625,58541300,TLKM.JK,0.8077448399222676
2024-01-26,3940.0,3990.0,3930.0,3980.0,3214.824462890625,65272600,TLKM.JK,0.8077448399222676
2024-01-29,4000.0,4010.0,3970.0,4010.0,3239.056884765625,59150000,TLKM.JK,0.8077448590437968
2024-01-30,4000.0,4020.0,3980.0,4000.0,3230.979248046875,66906900,TLKM.JK,0.8077448120117188
2024-01-31,4000.0,4020.0,3960.0,3960.0,3198.66943359375,100403700,TLKM.JK,0.8077448064630682
2024-02-01,3970.0,4050.0,3970.0,4040.0,3263.289306640625,105414400,TLKM.JK,0.8077448778813429
2024-02-02,4030.0,4030.0,3930.0,3990.0,3222.902099609375,96180000,TLKM.JK,0.8077448871201441
2024-02-05,4010.0,4010.0,3970.0,3980.0,3214.824462890625,57789500,TLKM.JK,0.8077448399222676
2024-02-06,3970.0,4000.0,3970.0,3980.0,3214.824462890625,65167500,TLKM.JK,0.8077448399222676
2024-02-07,4010.0,4020.0,3980.0,3980.0,3214.824462890625,53084600,TLKM.JK,0.8077448399222676
2024-02-12,4000.0,4020.0,3970.0,4000.0,3230.979248046875,85763200,TLKM.JK,0.8077448120117188
2024-02-13,4010.0,4010.0,3980.0,3980.0,3214.824462890625,52020300,TLKM.JK,0.8077448399222676
2024-02-15,4040.0,4080.0,3980.0,4030.0,3255.211669921875,129347900,TLKM.JK,0.8077448312461228
2024-02-16,4050.0,4160.0,4050.0,4160.0,3360.218505859375,244064200,TLKM.JK,0.8077448331392728
2024-02-19,4130.0,4170.0,4130.0,4160.0,3360.218505859375,82867500,TLKM.JK,0.8077448331392728
2024-02-20,4200.0,4210.0,4160.0,4210.0,3400.605712890625,267636700,TLKM.JK,0.8077448249146377
2024-02-21,4190.0,4240.0,4070.0,4180.0,3376.373291015625,152787100,TLKM.JK,0.8077448064630682
2024-02-22,4130.0,4150.0,4070.0,4090.0,3303.676513671875,93555100,TLKM.JK,0.8077448688684291
2024-02-23,4070.0,4100.0,4040.0,4100.0,3311.754150390625,87665800,TLKM.JK,0.8077449147294208
2024-02-26,4060.0,4100.0,4050.0,4090.0,3303.676513671875,55761700,TLKM.JK,0.8077448688684291
2024-02-27,4050.0,4060.0,3990.0,3990.0,3222.902099609375,119637000,TLKM.JK,0.8077448871201441
2024-02-28,3980.0,4020.0,3950.0,3990.0,3222.902099609375,77255300,TLKM.JK,0.8077448871201441
2024-02-29,4020.0,4040.0,3950.0,4000.0,3230.979248046875,157431900,TLKM.JK,0.8077448120117188
2024-03-01,3950.0,3990.0,3860.0,3920.0,3166.360107421875,139582000,TLKM.JK,0.8077449253627232
2024-03-04,3960.0,3960.0,3900.0,3940.0,3182.514892578125,81580800,TLKM.JK,0.8077448965934327
2024-03-05,3880.0,3900.0,3860.0,3870.0,3125.97265625,100671500,TLKM.JK,0.8077448724160207
2024-03-06,3870.0,3920.0,3860.0,3900.0,3150.204833984375,83251500,TLKM.JK,0.8077448292267628
2024-03-07,3900.0,3930.0,3900.0,3900.0,3150.204833984375,86888100,TLKM.JK,0.8077448292267628
2024-03-08,3900.0,3910.0,3840.0,3860.0,3117.895263671875,101556500,TLKM.JK,0.8077448869616256
2024-03-13,3910.0,3910.0,3890.0,3900.0,3150.204833984375,106191400,TLKM.JK,0.8077448292267628
2024-03-14,3930.0,3980.0,3920.0,3960.0,3198.66943359375,122570700,TLKM.JK,0.8077448064630682
2024-03-15,4000.0,4000.0,3900.0,3970.0,3206.747314453125,184885900,TLKM.JK,0.8077449154793765
2024-03-18,3960.0,3970.0,3920.0,3920.0,3166.360107421875,57508300,TLKM.JK,0.8077449253627232
2024-03-19,3980.0,3980.0,3940.0,3940.0,3182.514892578125,51629700,TLKM.JK,0.8077448965934327
2024-03-20,3910.0,3940.0,3910.0,3930.0,3174.437255859375,84777400,TLKM.JK,0.8077448488191794
2024-03-21,3930.0,3960.0,3890.0,3890.0,3142.12744140625,81520900,TLKM.JK,0.8077448435491645
2024-03-22,3900.0,3920.0,3890.0,3900.0,3150.204833984375,44501700,TLKM.JK,0.8077448292267628
2024-03-25,3890.0,3890.0,3700.0,3730.0,3012.88818359375,313394400,TLKM.JK,0.807744821338807
2024-03-26,3680.0,3680.0,3610.0,3620.0,2924.0361328125,354086400,TLKM.JK,0.8077447880697514
2024-03-27,3610.0,3630.0,3490.0,3490.0,2819.029541015625,496202800,TLKM.JK,0.8077448541592048
2024-03-28,3470.0,3520.0,3430.0,3470.0,2802.874755859375,258985200,TLKM.JK,0.8077448864148055
2024-04-01,3480.0,3520.0,3420.0,3510.0,2835.184326171875,248116300,TLKM.JK,0.8077448222711895
2024-04-02,3460.0,3500.0,3410.0,3490.0,2819.029541015625,233017700,TLKM.JK,0.8077448541592048
2024-04-03,3450.0,3490.0,3420.0,3420.0,2762.487548828125,150265700,TLKM.JK,0.8077448973181652
2024-04-04,3410.0,3460.0,3410.0,3450.0,2786.7197265625,205184000,TLKM.JK,0.8077448482789855
2024-04-05,3440.0,3450.0,3420.0,3430.0,2770.56494140625,116051700,TLKM.JK,0.8077448808764577
2024-04-16,3260.0,3280.0,3150.0,3220.0,2600.9384765625,490658200,TLKM.JK,0.8077448684976708
2024-04-17,3220.0,3240.0,3200.0,3200.0,2584.78369140625,187876400,TLKM.JK,0.8077449035644532
2024-04-18,3190.0,3310.0,3110.0,3250.0,2625.1708984375,337490100,TLKM.JK,0.8077448918269231
2024-04-19,3230.0,3230.0,3130.0,3150.0,2544.396240234375,149997000,TLKM.JK,0.8077448381696428
2024-04-22,3150.0,3200.0,3130.0,3170.0,2560.55126953125,140971800,TLKM.JK,0.8077448799783123
2024-04-23,3180.0,3190.0,3080.0,3100.0,2504.009033203125,312052300,TLKM.JK,0.807744849420363
2024-04-24,3100.0,3110.0,3040.0,3040.0,2455.54443359375,327330800,TLKM.JK,0.8077448794716283
2024-04-25,3010.0,3060.0,2990.0,3040.0,2455.54443359375,369525200,TLKM.JK,0.8077448794716283
2024-04-26,2980.0,3060.0,2960.0,3030.0,2447.466796875,442527900,TLKM.JK,0.8077448174504951
2024-04-29,3030.0,3090.0,3010.0,3080.0,2487.854248046875,172773600,TLKM.JK,0.8077448857295049
2024-04-30,3120.0,3200.0,3110.0,3170.0,2560.55126953125,273121800,TLKM.JK,0.8077448799783123
2024-05-02,3170.0,3200.0,3120.0,3120.0,2520.163818359375,157637100,TLKM.JK,0.8077448135767228
2024-05-03,3180.0,3180.0,3120.0,3160.0,2552.4736328125,127945300,TLKM.JK,0.8077448205102848
2024-05-06,3180.0,3200.0,3040.0,3050.0,2463.62158203125,221330900,TLKM.JK,0.8077447809938525
2024-05-07,3070.0,3110.0,3060.0,3090.0,2495.931640625,124914600,TLKM.JK,0.8077448675161812
2024-05-08,3130.0,3150.0,3050.0,3080.0,2487.854248046875,120622600,TLKM.JK,0.8077448857295049
2024-05-13,3070.0,3100.0,3040.0,3090.0,2495.931640625,133048300,TLKM.JK,0.8077448675161812
2024-05-14,3100.0,3120.0,3080.0,3120.0,2520.163818359375,104126800,TLKM.JK,0.8077448135767228
2024-05-15,3120.0,3130.0,3070.0,3100.0,2504.009033203125,149143600,TLKM.JK,0.807744849420363
2024-05-16,2960.0,3050.0,2960.0,3010.0,2579.86572265625,196239200,TLKM.JK,0.8570982467296512
2024-05-17,3050.0,3050.0,2980.0,2990.0,2562.72412109375,120345300,TLKM.JK,0.8570983682587793
2024-05-20,2950.0,3000.0,2950.0,2990.0,2562.72412109375,215877500,TLKM.JK,0.8570983682587793
2024-05-21,2990.0,2990.0,2920.0,2950.0,2528.43994140625,138864400,TLKM.JK,0.8570982852224577
2024-05-22,2980.0,2980.0,2910.0,2940.0,2519.869140625,145109200,TLKM.JK,0.8570983471513606
2024-05-27,2900.0,2920.0,2780.0,2810.0,2408.4462890625,246979600,TLKM.JK,0.8570983235097864
2024-05-28,2810.0,2880.0,2810.0,2860.0,2451.301025390625,113093300,TLKM.JK,0.8570982606260926
2024-05-29,2850.0,2860.0,2810.0,2810.0,2408.4462890625,148952900,TLKM.JK,0.8570983235097864
2024-05-30,2810.0,2870.0,2720.0,2810.0,2408.4462890625,253471800,TLKM.JK,0.8570983235097864
2024-05-31,2840.0,2920.0,2810.0,2900.0,2485.585205078125,411324600,TLKM.JK,0.8570983465786638
2024-06-03,2930.0,2970.0,2900.0,2930.0,2511.298095703125,124570400,TLKM.JK,0.857098326178541
2024-06-04,2980.0,3060.0,2940.0,3000.0,2571.294921875,130203100,TLKM.JK,0.8570983072916667
2024-06-05,3000.0,3080.0,3000.0,3060.0,2622.720703125,141157300,TLKM.JK,0.857098268995098
2024-06-06,3100.0,3100.0,3030.0,3050.0,2614.14990234375,107996900,TLKM.JK,0.8570983286372951
2024-06-07,3050.0,3090.0,3050.0,3050.0,2614.14990234375,67191100,TLKM.JK,0.8570983286372951
2024-06-10,3050.0,3050.0,2980.0,3010.0,2579.86572265625,66983900,TLKM.JK,0.8570982467296512
2024-06-11,2960.0,2980.0,2880.0,2880.0,2468.443115234375,172688100,TLKM.JK,0.8570983039008246
2024-06-12,2890.0,2970.0,2890.0,2920.0,2502.72705078125,91584500,TLKM.JK,0.857098305062072
2024-06-13,2940.0,2940.0,2830.0,2840.0,2434.159423828125,95740000,TLKM.JK,0.857098388671875
2024-06-14,2820.0,2830.0,2700.0,2720.0,2331.307373046875,202750500,TLKM.JK,0.8570982989142922
2024-06-19,2780.0,2850.0,2760.0,2830.0,2425.588134765625,128843500,TLKM.JK,0.8570982808359099
2024-06-20,2850.0,2850.0,2800.0,2840.0,2434.159423828125,55434800,TLKM.JK,0.857098388671875
2024-06-21,2850.0,2960.0,2840.0,2950.0,2528.43994140625,184918000,TLKM.JK,0.8570982852224577
2024-06-24,2930.0,2980.0,2910.0,2950.0,2528.43994140625,111618800,TLKM.JK,0.8570982852224577
2024-06-25,2950.0,2990.0,2930.0,2990.0,2562.72412109375,89913400,TLKM.JK,0.8570983682587793
2024-06-26,2990.0,3020.0,2980.0,3000.0,2571.294921875,73994000,TLKM.JK,0.8570983072916667
2024-06-27,3030.0,3030.0,2990.0,3030.0,2597.0078125,70154600,TLKM.JK,0.8570982879537954
2024-06-28,3030.0,3140.0,3030.0,3130.0,2682.717529296875,213539300,TLKM.JK,0.8570982521715256
2024-07-01,3130.0,3130.0,3080.0,3090.0,2648.433837890625,134082800,TLKM.JK,0.8570983294144418
2024-07-02,3070.0,3090.0,3030.0,3040.0,2605.578857421875,79024200,TLKM.JK,0.8570983083624589
2024-07-03,3040.0,3050.0,3020.0,3030.0,2597.0078125,51977100,TLKM.JK,0.8570982879537954
2024-07-04,3000.0,3050.0,2960.0,2960.0,2537.010986328125,93100500,TLKM.JK,0.8570983061919342
2024-07-05,2970.0,3020.0,2960.0,3020.0,2588.43701171875,69339200,TLKM.JK,0.8570983482512418
2024-07-08,3040.0,3090.0,3000.0,3080.0,2639.86279296875,125004600,TLKM.JK,0.8570983094054383
2024-07-09,3050.0,3120.0,3040.0,3080.0,2639.86279296875,118245600,TLKM.JK,0.8570983094054383
2024-07-10,3090.0,3180.0,3090.0,3160.0,2708.4306640625,120007400,TLKM.JK,0.8570983114121835
2024-07-11,3200.0,3200.0,3160.0,3180.0,2725.572509765625,126490000,TLKM.JK,0.8570982735112028
2024-07-12,3230.0,3270.0,3210.0,3220.0,2759.8564453125,135830300,TLKM.JK,0.8570982749417702
2024-07-15,3220.0,3220.0,3130.0,3160.0,2708.4306640625,100918500,TLKM.JK,0.8570983114121835
2024-07-16,3180.0,3180.0,3090.0,3100.0,2657.004638671875,78769700,TLKM.JK,0.8570982705393145
2024-07-17,3190.0,3270.0,3160.0,3250.0,2785.569580078125,167149300,TLKM.JK,0.8570983323317307
2024-07-18,3260.0,3280.0,3190.0,3210.0,2751.28564453125,98903500,TLKM.JK,0.8570983316296729
2024-07-19,3200.0,3210.0,3120.0,3140.0,2691.288818359375,138117200,TLKM.JK,0.8570983497959793
2024-07-22,3180.0,3210.0,3090.0,3100.0,2657.004638671875,139383000,TLKM.JK,0.8570982705393145
2024-07-23,3140.0,3160.0,3100.0,3160.0,2708.4306640625,74338000,TLKM.JK,0.8570983114121835
2024-07-24,3140.0,3150.0,3040.0,3060.0,2622.720703125,98752100,TLKM.JK,0.857098268995098
2024-07-25,3080.0,3090.0,3030.0,3090.0,2648.433837890625,67060000,TLKM.JK,0.8570983294144418
2024-07-26,3110.0,3110.0,3060.0,3100.0,2657.004638671875,94900300,TLKM.JK,0.8570982705393145
2024-07-29,3090.0,3120.0,3040.0,3050.0,2614.14990234375,90885600,TLKM.JK,0.8570983286372951
2024-07-30,3000.0,3000.0,2880.0,2880.0,2468.443115234375,321472800,TLKM.JK,0.8570983039008246
2024-07-31,2880.0,2920.0,2840.0,2880.0,2468.443115234375,207440800,TLKM.JK,0.8570983039008246
2024-08-01,2890.0,2930.0,2880.0,2880.0,2468.443115234375,121021800,TLKM.JK,0.8570983039008246
2024-08-02,2880.0,2880.0,2820.0,2850.0,2442.730224609375,105816800,TLKM.JK,0.8570983244243421
2024-08-05,2820.0,2830.0,2760.0,2790.0,2391.30419921875,105246400,TLKM.JK,0.8570982792898746
2024-08-06,2800.0,2840.0,2790.0,2790.0,2391.30419921875,98524200,TLKM.JK,0.8570982792898746
2024-08-07,2800.0,2840.0,2790.0,2820.0,2417.017333984375,77263000,TLKM.JK,0.8570983453845301
2024-08-08,2800.0,2880.0,2800.0,2850.0,2442.730224609375,99533000,TLKM.JK,0.8570983244243421
2024-08-09,2860.0,2880.0,2830.0,2830.0,2425.588134765625,80800300,TLKM.JK,0.8570982808359099
2024-08-12,2850.0,2910.0,2840.0,2870.0,2459.872314453125,62746600,TLKM.JK,0.85709836740527
2024-08-13,2900.0,2900.0,2840.0,2850.0,2442.730224609375,82063600,TLKM.JK,0.8570983244243421
2024-08-14,2850.0,2890.0,2850.0,2860.0,2451.301025390625,70188800,TLKM.JK,0.8570982606260926
2024-08-15,2870.0,2880.0,2820.0,2870.0,2459.872314453125,79724100,TLKM.JK,0.85709836740527
2024-08-16,2910.0,2990.0,2900.0,2960.0,2537.010986328125,207060000,TLKM.JK,0.8570983061919342
2024-08-19,2960.0,2970.0,2910.0,2930.0,2511.298095703125,68692700,TLKM.JK,0.857098326178541
2024-08-20,2990.0,3000.0,2960.0,2980.0,2554.15283203125,100434600,TLKM.JK,0.8570982657822986
2024-08-21,2980.0,3010.0,2960.0,2970.0,2545.58203125,111842200,TLKM.JK,0.857098327020202
2024-08-22,2940.0,2970.0,2920.0,2920.0,2502.72705078125,90336300,TLKM.JK,0.857098305062072
2024-08-23,2970.0,3010.0,2950.0,2950.0,2528.43994140625,86092500,TLKM.JK,0.8570982852224577
2024-08-26,2940.0,2990.0,2930.0,2980.0,2554.15283203125,88941900,TLKM.JK,0.8570982657822986
2024-08-27,2990.0,3000.0,2950.0,2990.0,2562.72412109375,71223800,TLKM.JK,0.8570983682587793
2024-08-28,3000.0,3000.0,2960.0,2980.0,2554.15283203125,68736300,TLKM.JK,0.8570982657822986
2024-08-29,2980.0,3080.0,2980.0,3030.0,2597.0078125,160714800,TLKM.JK,0.8570982879537954
2024-08-30,3030.0,3070.0,3010.0,3060.0,2622.720703125,195809000,TLKM.JK,0.857098268995098
2024-09-02,3090.0,3150.0,3080.0,3140.0,2691.288818359375,118928500,TLKM.JK,0.8570983497959793
2024-09-03,3140.0,3150.0,3080.0,3080.0,2639.86279296875,82172000,TLKM.JK,0.8570983094054383
2024-09-04,3060.0,3100.0,3040.0,3080.0,2639.86279296875,81041700,TLKM.JK,0.8570983094054383
2024-09-05,3080.0,3090.0,3020.0,3020.0,2588.43701171875,78989400,TLKM.JK,0.8570983482512418
2024-09-06,3010.0,3050.0,3010.0,3040.0,2605.578857421875,82391200,TLKM.JK,0.8570983083624589
2024-09-09,3050.0,3080.0,3000.0,3030.0,2597.0078125,69264400,TLKM.JK,0.8570982879537954
2024-09-10,3060.0,3060.0,3020.0,3030.0,2597.0078125,46436100,TLKM.JK,0.8570982879537954
2024-09-11,3030.0,3050.0,3020.0,3040.0,2605.578857421875,62899600,TLKM.JK,0.8570983083624589
2024-09-12,3060.0,3070.0,3050.0,3050.0,2614.14990234375,85785000,TLKM.JK,0.8570983286372951
2024-09-13,3080.0,3120.0,3070.0,3110.0,2665.57568359375,125032200,TLKM.JK,0.8570982905446142
2024-09-17,3120.0,3130.0,3080.0,3090.0,2648.433837890625,56181000,TLKM.JK,0.8570983294144418
2024-09-18,3120.0,3130.0,3100.0,3120.0,2674.146728515625,87120700,TLKM.JK,0.8570983104216747
2024-09-19,3140.0,3150.0,3120.0,3140.0,2691.288818359375,130418300,TLKM.JK,0.8570983497959793
2024-09-20,3150.0,3170.0,3120.0,3150.0,2699.859619140625,152477400,TLKM.JK,0.8570982917906746
2024-09-23,3150.0,3180.0,3130.0,3170.0,2717.001708984375,82274400,TLKM.JK,0.8570983309098975
2024-09-24,3180.0,3180.0,3150.0,3160.0,2708.4306640625,92256900,TLKM.JK,0.8570983114121835
2024-09-25,3100.0,3190.0,3060.0,3190.0,2734.1435546875,215241700,TLKM.JK,0.8570982930054859
2024-09-26,3170.0,3180.0,3120.0,3170.0,2717.001708984375,120042500,TLKM.JK,0.8570983309098975
2024-09-27,3130.0,3140.0,3010.0,3050.0,2614.14990234375,291217300,TLKM.JK,0.8570983286372951
2024-09-30,3030.0,3030.0,2990.0,2990.0,2562.72412109375,150844800,TLKM.JK,0.8570983682587793
2024-10-01,2990.0,3040.0,2990.0,3020.0,2588.43701171875,77208500,TLKM.JK,0.8570983482512418
2024-10-02,2950.0,2980.0,2920.0,2920.0,2502.72705078125,124629400,TLKM.JK,0.857098305062072
2024-10-03,2950.0,2950.0,2890.0,2890.0,2477.01416015625,92510900,TLKM.JK,0.8570983253135813
2024-10-04,2900.0,2930.0,2860.0,2880.0,2468.443115234375,76757200,TLKM.JK,0.8570983039008246
2024-10-07,2910.0,2910.0,2870.0,2900.0,2485.585205078125,84507100,TLKM.JK,0.8570983465786638
2024-10-08,2890.0,2990.0,2870.0,2990.0,2562.72412109375,135357200,TLKM.JK,0.8570983682587793
2024-10-09,2980.0,3010.0,2960.0,2960.0,2537.010986328125,69435900,TLKM.JK,0.8570983061919342
2024-10-10,2960.0,2980.0,2940.0,2950.0,2528.43994140625,57867000,TLKM.JK,0.8570982852224577
2024-10-11,3000.0,3000.0,2920.0,2940.0,2519.869140625,40454300,TLKM.JK,0.8570983471513606
2024-10-14,2930.0,2970.0,2900.0,2900.0,2485.585205078125,66631500,TLKM.JK,0.8570983465786638
2024-10-15,2920.0,2970.0,2910.0,2940.0,2519.869140625,74529600,TLKM.JK,0.8570983471513606
2024-10-16,2970.0,3000.0,2930.0,3000.0,2571.294921875,163988000,TLKM.JK,0.8570983072916667
2024-10-17,3000.0,3060.0,2980.0,3040.0,2605.578857421875,107040100,TLKM.JK,0.8570983083624589
2024-10-18,3050.0,3130.0,3040.0,3100.0,2657.004638671875,138783600,TLKM.JK,0.8570982705393145
2024-10-21,3100.0,3130.0,3060.0,3100.0,2657.004638671875,92240300,TLKM.JK,0.8570982705393145
2024-10-22,3060.0,3070.0,3010.0,3010.0,2579.86572265625,93662500,TLKM.JK,0.8570982467296512
2024-10-23,2940.0,2980.0,2930.0,2940.0,2519.869140625,99423700,TLKM.JK,0.8570983471513606
2024-10-24,2940.0,2960.0,2900.0,2900.0,2485.585205078125,72559000,TLKM.JK,0.8570983465786638
2024-10-25,2900.0,2950.0,2900.0,2910.0,2494.156005859375,50694200,TLKM.JK,0.8570982838004725
2024-10-28,2920.0,2940.0,2900.0,2920.0,2502.72705078125,38720700,TLKM.JK,0.857098305062072
2024-10-29,2910.0,2930.0,2880.0,2900.0,2485.585205078125,67727500,TLKM.JK,0.8570983465786638
2024-10-30,2880.0,2900.0,2850.0,2900.0,2485.585205078125,123573100,TLKM.JK,0.8570983465786638
2024-10-31,2860.0,2870.0,2820.0,2820.0,2417.017333984375,139590300,TLKM.JK,0.8570983453845301
2024-11-01,2820.0,2840.0,2760.0,2780.0,2382.7333984375,99364500,TLKM.JK,0.8570983447616907
2024-11-04,2780.0,2810.0,2750.0,2800.0,2399.875244140625,63112300,TLKM.JK,0.8570983014787946
2024-11-05,2800.0,2810.0,2730.0,2770.0,2374.162353515625,96721100,TLKM.JK,0.8570983225688177
2024-11-06,2780.0,2800.0,2740.0,2740.0,2348.44921875,66808900,TLKM.JK,0.8570982550182482
2024-11-07,2760.0,2790.0,2740.0,2760.0,2365.59130859375,79485800,TLKM.JK,0.8570983002151268
2024-11-08,2760.0,2780.0,2750.0,2750.0,2357.020263671875,66113200,TLKM.JK,0.8570982776988636
2024-11-11,2720.0,2730.0,2650.0,2690.0,2305.59423828125,108153500,TLKM.JK,0.8570982298443308
2024-11-12,2660.0,2670.0,2600.0,2600.0,2228.45556640625,215910600,TLKM.JK,0.8570982947716346
2024-11-13,2610.0,2630.0,2570.0,2580.0,2211.313720703125,142812600,TLKM.JK,0.8570983413578004
2024-11-14,2550.0,2590.0,2530.0,2530.0,2168.458740234375,185269500,TLKM.JK,0.8570983162981719
2024-11-15,2500.0,2580.0,2500.0,2540.0,2177.029541015625,103680400,TLKM.JK,0.8570982444943406
2024-11-18,2540.0,2610.0,2520.0,2590.0,2219.884521484375,119481300,TLKM.JK,0.8570982708433881
2024-11-19,2610.0,2850.0,2590.0,2780.0,2382.7333984375,275670300,TLKM.JK,0.8570983447616907
2024-11-20,2740.0,2750.0,2640.0,2680.0,2297.0234375,150242900,TLKM.JK,0.8570982975746269
2024-11-21,2680.0,2810.0,2680.0,2770.0,2374.162353515625,128294600,TLKM.JK,0.8570983225688177
2024-11-22,2750.0,2790.0,2720.0,2750.0,2357.020263671875,135265300,TLKM.JK,0.8570982776988636
2024-11-25,2740.0,2780.0,2720.0,2740.0,2348.44921875,358617100,TLKM.JK,0.8570982550182482
2024-11-26,2770.0,2800.0,2680.0,2710.0,2322.736328125,106721000,TLKM.JK,0.8570982760608856
2024-11-28,2680.0,2750.0,2680.0,2720.0,2331.307373046875,102808400,TLKM.JK,0.8570982989142922
2024-11-29,2700.0,2760.0,2700.0,2710.0,2322.736328125,103162000,TLKM.JK,0.8570982760608856
2024-12-02,2720.0,2730.0,2680.0,2680.0,2297.0234375,66025900,TLKM.JK,0.8570982975746269
2024-12-03,2760.0,2830.0,2710.0,2820.0,2417.017333984375,167603900,TLKM.JK,0.8570983453845301
2024-12-04,2820.0,2850.0,2800.0,2840.0,2434.159423828125,83412800,TLKM.JK,0.857098388671875
2024-12-05,2840.0,2840.0,2730.0,2770.0,2374.162353515625,96025400,TLKM.JK,0.8570983225688177
2024-12-06,2740.0,2780.0,2740.0,2760.0,2365.59130859375,48179800,TLKM.JK,0.8570983002151268
2024-12-09,2760.0,2770.0,2730.0,2740.0,2348.44921875,63671900,TLKM.JK,0.8570982550182482
2024-12-10,2770.0,2830.0,2750.0,2770.0,2374.162353515625,124138200,TLKM.JK,0.8570983225688177
2024-12-11,2770.0,2880.0,2770.0,2860.0,2451.301025390625,140611400,TLKM.JK,0.8570982606260926
2024-12-12,2830.0,2850.0,2780.0,2820.0,2417.017333984375,66977700,TLKM.JK,0.8570983453845301
2024-12-13,2770.0,2790.0,2750.0,2790.0,2391.30419921875,77540100,TLKM.JK,0.8570982792898746
2024-12-16,2760.0,2760.0,2650.0,2660.0,2279.88134765625,147655600,TLKM.JK,0.8570982509985903
2024-12-17,2630.0,2650.0,2600.0,2620.0,2245.59765625,113785500,TLKM.JK,0.8570983420801527
2024-12-18,2620.0,2660.0,2570.0,2570.0,2202.74267578125,79565300,TLKM.JK,0.8570983174246108
2024-12-19,2510.0,2560.0,2500.0,2530.0,2168.458740234375,123504200,TLKM.JK,0.8570983162981719
2024-12-20,2530.0,2570.0,2520.0,2550.0,2185.600830078125,110308800,TLKM.JK,0.8570983647365196
2024-12-23,2580.0,2670.0,2580.0,2650.0,2271.310546875,72113700,TLKM.JK,0.8570983195754717
2024-12-24,2680.0,2750.0,2620.0,2740.0,2348.44921875,117582400,TLKM.JK,0.8570982550182482
2024-12-27,2770.0,2800.0,2710.0,2750.0,2357.020263671875,92727600,TLKM.JK,0.8570982776988636
2024-12-30,2720.0,2760.0,2700.0,2710.0,2322.736328125,74279200,TLKM.JK,0.8570982760608856
2025-01-02,2710.0,2740.0,2680.0,2700.0,2314.16552734375,38776700,TLKM.JK,0.8570983434606482
2025-01-03,2740.0,2770.0,2730.0,2750.0,2357.020263671875,49907500,TLKM.JK,0.8570982776988636
2025-01-06,2760.0,2770.0,2660.0,2690.0,2305.59423828125,54087800,TLKM.JK,0.8570982298443308
2025-01-07,2670.0,2680.0,2570.0,2570.0,2202.74267578125,109758000,TLKM.JK,0.8570983174246108
2025-01-08,2590.0,2700.0,2590.0,2650.0,2271.310546875,100688500,TLKM.JK,0.8570983195754717
2025-01-09,2690.0,2700.0,2620.0,2620.0,2245.59765625,55206700,TLKM.JK,0.8570983420801527
2025-01-10,2640.0,2690.0,2630.0,2680.0,2297.0234375,54496800,TLKM.JK,0.8570982975746269
2025-01-13,2670.0,2740.0,2650.0,2670.0,2288.45263671875,90816500,TLKM.JK,0.857098365812266
2025-01-14,2670.0,2690.0,2610.0,2620.0,2245.59765625,53116800,TLKM.JK,0.8570983420801527
2025-01-15,2640.0,2670.0,2620.0,2630.0,2254.16845703125,52867900,TLKM.JK,0.8570982726354562
2025-01-16,2660.0,2660.0,2590.0,2590.0,2219.884521484375,118890200,TLKM.JK,0.8570982708433881
2025-01-17,2630.0,2680.0,2610.0,2660.0,2279.88134765625,107245400,TLKM.JK,0.8570982509985903
2025-01-20,2670.0,2690.0,2610.0,2610.0,2237.026611328125,49752300,TLKM.JK,0.857098318516523
2025-01-21,2630.0,2660.0,2600.0,2630.0,2254.16845703125,86549000,TLKM.JK,0.8570982726354562
2025-01-22,2680.0,2750.0,2650.0,2730.0,2339.87841796875,128617700,TLKM.JK,0.8570983216002748
2025-01-23,2730.0,2750.0,2710.0,2710.0,2322.736328125,63216100,TLKM.JK,0.8570982760608856
2025-01-24,2740.0,2750.0,2690.0,2690.0,2305.59423828125,49844700,TLKM.JK,0.8570982298443308
2025-01-30,2690.0,2710.0,2610.0,2640.0,2262.739501953125,89736900,TLKM.JK,0.8570982961943655
2025-01-31,2660.0,2710.0,2660.0,2660.0,2279.88134765625,83736900,TLKM.JK,0.8570982509985903
2025-02-03,2620.0,2630.0,2560.0,2630.0,2254.16845703125,91801900,TLKM.JK,0.8570982726354562
2025-02-04,2640.0,2660.0,2590.0,2640.0,2262.739501953125,95311100,TLKM.JK,0.8570982961943655
2025-02-05,2600.0,2640.0,2590.0,2620.0,2245.59765625,110400300,TLKM.JK,0.8570983420801527
2025-02-06,2630.0,2630.0,2520.0,2560.0,2194.171630859375,90471900,TLKM.JK,0.8570982933044433
2025-02-07,2550.0,2590.0,2510.0,2590.0,2219.884521484375,105020200,TLKM.JK,0.8570982708433881
2025-02-10,2520.0,2550.0,2440.0,2440.0,2091.31982421875,153328500,TLKM.JK,0.8570982886142418
2025-02-11,2430.0,2450.0,2300.0,2320.0,1988.468017578125,254907800,TLKM.JK,0.857098283438847
2025-02-12,2360.0,2480.0,2350.0,2480.0,2125.603759765625,173407600,TLKM.JK,0.8570982902280746
2025-02-13,2370.0,2420.0,2310.0,2420.0,2074.177734375,219425500,TLKM.JK,0.8570982373450413
2025-02-14,2460.0,2530.0,2440.0,2530.0,2168.458740234375,156474300,TLKM.JK,0.8570983162981719
2025-02-17,2570.0,2650.0,2530.0,2650.0,2271.310546875,113998200,TLKM.JK,0.8570983195754717
2025-02-18,2660.0,2710.0,2630.0,2680.0,2297.0234375,115881200,TLKM.JK,0.8570982975746269
2025-02-19,2680.0,2690.0,2600.0,2670.0,2288.45263671875,119388200,TLKM.JK,0.857098365812266
2025-02-20,2650.0,2680.0,2620.0,2670.0,2288.45263671875,90411700,TLKM.JK,0.857098365812266
2025-02-21,2670.0,2680.0,2630.0,2650.0,2271.310546875,75110600,TLKM.JK,0.8570983195754717
2025-02-24,2630.0,2640.0,2570.0,2600.0,2228.45556640625,42327600,TLKM.JK,0.8570982947716346
2025-02-25,2560.0,2580.0,2460.0,2460.0,2108.4619140625,111687700,TLKM.JK,0.8570983390497967
2025-02-26,2500.0,2520.0,2460.0,2520.0,2159.8876953125,65752000,TLKM.JK,0.8570982917906746
2025-02-27,2520.0,2560.0,2430.0,2490.0,2134.1748046875,88741400,TLKM.JK,0.8570983151355421
2025-02-28,2470.0,2470.0,2350.0,2350.0,2014.18115234375,249795300,TLKM.JK,0.857098362699468
2025-03-03,2400.0,2420.0,2370.0,2400.0,2057.0361328125,178833400,TLKM.JK,0.857098388671875
2025-03-04,2400.0,2440.0,2350.0,2380.0,2039.89404296875,131347800,TLKM.JK,0.8570983373818277
2025-03-05,2420.0,2470.0,2410.0,2450.0,2099.890869140625,167407400,TLKM.JK,0.857098313934949
2025-03-06,2490.0,2510.0,2400.0,2400.0,2057.0361328125,131136100,TLKM.JK,0.857098388671875
2025-03-07,2430.0,2470.0,2350.0,2410.0,2065.60693359375,182407000,TLKM.JK,0.8570983126945021
2025-03-10,2430.0,2430.0,2370.0,2390.0,2048.46484375,88949400,TLKM.JK,0.8570982609832636
2025-03-11,2380.0,2390.0,2350.0,2370.0,2031.3228759765625,102235600,TLKM.JK,0.8570982599057225
2025-03-12,2410.0,2490.0,2400.0,2450.0,2099.890869140625,98938700,TLKM.JK,0.857098313934949
2025-03-13,2470.0,2490.0,2420.0,2430.0,2082.7490234375,66706500,TLKM.JK,0.8570983635545267
2025-03-14,2450.0,2480.0,2410.0,2420.0,2074.177734375,107627100,TLKM.JK,0.8570982373450413
2025-03-17,2420.0,2450.0,2410.0,2420.0,2074.177734375,58129400,TLKM.JK,0.8570982373450413
2025-03-18,2450.0,2470.0,2300.0,2420.0,2074.177734375,139758600,TLKM.JK,0.8570982373450413
2025-03-19,2420.0,2440.0,2380.0,2430.0,2082.7490234375,96825800,TLKM.JK,0.8570983635545267
2025-03-20,2440.0,2440.0,2350.0,2390.0,2048.46484375,94823100,TLKM.JK,0.8570982609832636
2025-03-21,2370.0,2380.0,2300.0,2310.0,1979.8970947265625,204534000,TLKM.JK,0.8570983094054383
2025-03-24,2320.0,2360.0,2240.0,2330.0,1997.0390625,105865000,TLKM.JK,0.8570983100858369
2025-03-25,2340.0,2360.0,2300.0,2340.0,2005.6099853515625,107964200,TLKM.JK,0.8570982843382746
2025-03-26,2360.0,2460.0,2350.0,2440.0,2091.31982421875,215856700,TLKM.JK,0.8570982886142418
2025-03-27,2430.0,2430.0,2390.0,2410.0,2065.60693359375,120411200,TLKM.JK,0.8570983126945021
2025-04-08,2050.0,2300.0,2050.0,2290.0,1962.755126953125,409973200,TLKM.JK,0.8570983087131551
2025-04-09,2440.0,2440.0,2300.0,2320.0,1988.468017578125,120363300,TLKM.JK,0.857098283438847
2025-04-10,2450.0,2470.0,2320.0,2350.0,2014.18115234375,139327100,TLKM.JK,0.857098362699468
2025-04-11,2320.0,2350.0,2300.0,2330.0,1997.0390625,60214100,TLKM.JK,0.8570983100858369
2025-04-14,2320.0,2430.0,2310.0,2430.0,2082.7490234375,116968600,TLKM.JK,0.8570983635545267
2025-04-15,2460.0,2470.0,2420.0,2450.0,2099.890869140625,99064500,TLKM.JK,0.857098313934949
2025-04-16,2490.0,2510.0,2450.0,2480.0,2125.603759765625,121853000,TLKM.JK,0.8570982902280746
2025-04-17,2500.0,2660.0,2490.0,2550.0,2185.600830078125,195577900,TLKM.JK,0.8570983647365196
2025-04-21,2600.0,2610.0,2510.0,2570.0,2202.74267578125,84209300,TLKM.JK,0.8570983174246108
2025-04-22,2570.0,2570.0,2520.0,2550.0,2185.600830078125,44958000,TLKM.JK,0.8570983647365196
2025-04-23,2580.0,2640.0,2570.0,2630.0,2254.16845703125,128704200,TLKM.JK,0.8570982726354562
2025-04-24,2630.0,2650.0,2600.0,2630.0,2254.16845703125,75733400,TLKM.JK,0.8570982726354562
2025-04-25,2630.0,2650.0,2570.0,2600.0,2228.45556640625,93439600,TLKM.JK,0.8570982947716346
2025-04-28,2600.0,2610.0,2560.0,2560.0,2194.171630859375,51086400,TLKM.JK,0.8570982933044433
2025-04-29,2570.0,2600.0,2560.0,2590.0,2219.884521484375,56546100,TLKM.JK,0.8570982708433881
2025-04-30,2600.0,2640.0,2600.0,2640.0,2262.739501953125,96333300,TLKM.JK,0.8570982961943655
2025-05-02,2640.0,2720.0,2620.0,2680.0,2297.0234375,132357600,TLKM.JK,0.8570982975746269
2025-05-05,2710.0,2710.0,2670.0,2700.0,2314.16552734375,85592500,TLKM.JK,0.8570983434606482
2025-05-06,2720.0,2730.0,2680.0,2680.0,2297.0234375,76948300,TLKM.JK,0.8570982975746269
2025-05-07,2680.0,2690.0,2620.0,2620.0,2245.59765625,100293700,TLKM.JK,0.8570983420801527
2025-05-08,2630.0,2640.0,2570.0,2570.0,2202.74267578125,122965300,TLKM.JK,0.8570983174246108
2025-05-09,2570.0,2630.0,2570.0,2600.0,2228.45556640625,59433500,TLKM.JK,0.8570982947716346
2025-05-14,2530.0,2620.0,2530.0,2590.0,2219.884521484375,132760900,TLKM.JK,0.8570982708433881
2025-05-15,2580.0,2690.0,2580.0,2660.0,2279.88134765625,120039700,TLKM.JK,0.8570982509985903
2025-05-16,2710.0,2750.0,2680.0,2740.0,2348.44921875,101569600,TLKM.JK,0.8570982550182482
2025-05-19,2760.0,2860.0,2740.0,2820.0,2417.017333984375,164194700,TLKM.JK,0.8570983453845301
2025-05-20,2830.0,2840.0,2740.0,2740.0,2348.44921875,129805200,TLKM.JK,0.8570982550182482
2025-05-21,2710.0,2780.0,2690.0,2750.0,2357.020263671875,120242100,TLKM.JK,0.8570982776988636
2025-05-22,2750.0,2850.0,2750.0,2800.0,2399.875244140625,131277300,TLKM.JK,0.8570983014787946
2025-05-23,2710.0,2720.0,2690.0,2690.0,2305.59423828125,141199500,TLKM.JK,0.8570982298443308
2025-05-26,2720.0,2820.0,2700.0,2800.0,2399.875244140625,186806300,TLKM.JK,0.8570983014787946
2025-05-27,2840.0,2880.0,2790.0,2830.0,2425.588134765625,279180500,TLKM.JK,0.8570982808359099
2025-05-28,2860.0,2870.0,2800.0,2820.0,2417.017333984375,531309500,TLKM.JK,0.8570983453845301
2025-06-02,2780.0,2820.0,2750.0,2780.0,2382.7333984375,211393400,TLKM.JK,0.8570983447616907
2025-06-03,2780.0,2830.0,2730.0,2800.0,2399.875244140625,142896600,TLKM.JK,0.8570983014787946
2025-06-04,2810.0,2860.0,2810.0,2820.0,2417.017333984375,125006700,TLKM.JK,0.8570983453845301
2025-06-05,2850.0,2850.0,2820.0,2840.0,2434.159423828125,95008500,TLKM.JK,0.857098388671875
2025-06-10,2920.0,2920.0,2880.0,2910.0,2494.156005859375,213564000,TLKM.JK,0.8570982838004725
2025-06-11,2750.0,2810.0,2730.0,2800.0,2588.897216796875,200609800,TLKM.JK,0.9246061488560268
2025-06-12,2830.0,2830.0,2750.0,2780.0,2570.405029296875,97099100,TLKM.JK,0.9246061256463579
2025-06-13,2770.0,2770.0,2720.0,2740.0,2533.4208984375,81111300,TLKM.JK,0.9246061673129562
2025-06-16,2740.0,2770.0,2730.0,2740.0,2533.4208984375,46641000,TLKM.JK,0.9246061673129562
2025-06-17,2800.0,2800.0,2760.0,2760.0,2551.912841796875,59643500,TLKM.JK,0.924606102100317
2025-06-18,2770.0,2800.0,2760.0,2770.0,2561.158935546875,70757600,TLKM.JK,0.9246061139158394
2025-06-19,2740.0,2780.0,2630.0,2690.0,2487.1904296875,98911200,TLKM.JK,0.9246061076905204
2025-06-20,2700.0,2710.0,2640.0,2640.0,2440.960205078125,243027500,TLKM.JK,0.9246061382871685
2025-06-23,2610.0,2610.0,2560.0,2580.0,2385.48388671875,73554200,TLKM.JK,0.9246061576429263
2025-06-24,2600.0,2670.0,2580.0,2590.0,2394.72998046875,107300200,TLKM.JK,0.9246061700651544
2025-06-25,2650.0,2650.0,2560.0,2620.0,2422.468017578125,79958900,TLKM.JK,0.924606113579437
2025-06-26,2620.0,2710.0,2590.0,2710.0,2505.6826171875,132868200,TLKM.JK,0.9246061318035055
2025-06-30,2780.0,2790.0,2730.0,2780.0,2570.405029296875,124299500,TLKM.JK,0.9246061256463579
2025-07-01,2800.0,2810.0,2760.0,2810.0,2598.143310546875,73006700,TLKM.JK,0.9246061603369662
2025-07-02,2820.0,2820.0,2730.0,2780.0,2570.405029296875,92321600,TLKM.JK,0.9246061256463579
2025-07-03,2780.0,2810.0,2690.0,2710.0,2505.6826171875,69094400,TLKM.JK,0.9246061318035055
2025-07-04,2710.0,2720.0,2620.0,2630.0,2431.714111328125,53587300,TLKM.JK,0.9246061259802757
2025-07-07,2630.0,2700.0,2610.0,2700.0,2496.4365234375,33446600,TLKM.JK,0.9246061197916666
2025-07-08,2680.0,2700.0,2640.0,2650.0,2450.206298828125,45926000,TLKM.JK,0.9246061505011792
2025-07-09,2650.0,2680.0,2640.0,2670.0,2468.698486328125,44897100,TLKM.JK,0.9246061746547285
2025-07-10,2690.0,2710.0,2650.0,2690.0,2487.1904296875,41108700,TLKM.JK,0.9246061076905204
2025-07-11,2710.0,2730.0,2690.0,2730.0,2524.1748046875,47851300,TLKM.JK,0.9246061555631868
2025-07-14,2700.0,2710.0,2640.0,2690.0,2487.1904296875,60458400,TLKM.JK,0.9246061076905204
2025-07-15,2690.0,2690.0,2640.0,2640.0,2440.960205078125,35309100,TLKM.JK,0.9246061382871685
2025-07-16,2660.0,2680.0,2650.0,2650.0,2450.206298828125,43385900,TLKM.JK,0.9246061505011792
2025-07-17,2700.0,2770.0,2660.0,2770.0,2561.158935546875,102642100,TLKM.JK,0.9246061139158394
2025-07-18,2800.0,2800.0,2750.0,2770.0,2561.158935546875,83762800,TLKM.JK,0.9246061139158394
2025-07-21,2800.0,2800.0,2750.0,2800.0,2588.897216796875,52553200,TLKM.JK,0.9246061488560268
2025-07-22,2800.0,2850.0,2800.0,2850.0,2635.12744140625,108243300,TLKM.JK,0.9246061197916666
2025-07-23,2870.0,2870.0,2840.0,2850.0,2635.12744140625,86077600,TLKM.JK,0.9246061197916666
2025-07-24,2860.0,2870.0,2800.0,2840.0,2625.88134765625,74224200,TLKM.JK,0.9246061083296655
2025-07-25,2810.0,2830.0,2780.0,2820.0,2607.389404296875,41296200,TLKM.JK,0.9246061717364805
2025-07-28,2870.0,2870.0,2830.0,2860.0,2644.37353515625,40193800,TLKM.JK,0.924606131173514
2025-07-29,2870.0,2880.0,2840.0,2880.0,2662.86572265625,46357400,TLKM.JK,0.9246061537000868
2025-07-30,2890.0,2890.0,2850.0,2880.0,2662.86572265625,99062400,TLKM.JK,0.9246061537000868
2025-07-31,2890.0,2930.0,2860.0,2880.0,2662.86572265625,201065700,TLKM.JK,0.9246061537000868
2025-08-01,2960.0,2990.0,2910.0,2980.0,2755.326416015625,130977000,TLKM.JK,0.9246061798710151
2025-08-04,3000.0,3030.0,2990.0,3030.0,2801.556640625,96385300,TLKM.JK,0.9246061520214521
2025-08-05,3050.0,3050.0,2990.0,3030.0,2801.556640625,99396900,TLKM.JK,0.9246061520214521
2025-08-06,3000.0,3010.0,2960.0,2990.0,2764.572265625,86215200,TLKM.JK,0.9246061089046823
2025-08-07,2990.0,2990.0,2930.0,2950.0,2727.588134765625,46506200,TLKM.JK,0.9246061473781779
2025-08-08,2950.0,2960.0,2930.0,2940.0,2718.342041015625,46945800,TLKM.JK,0.9246061363998724
2025-08-11,2990.0,3010.0,2970.0,2990.0,2764.572265625,74978300,TLKM.JK,0.9246061089046823
2025-08-12,3050.0,3200.0,3010.0,3180.0,2940.24755859375,217607800,TLKM.JK,0.9246061505011792
2025-08-13,3220.0,3420.0,3210.0,3360.0,3106.6767578125,465722400,TLKM.JK,0.9246061779203869
2025-08-14,3370.0,3490.0,3370.0,3420.0,3162.153076171875,232557200,TLKM.JK,0.9246061626233553
2025-08-15,3360.0,3410.0,3310.0,3310.0,3060.4462890625,182893900,TLKM.JK,0.924606129626133
2025-08-19,3260.0,3330.0,3240.0,3250.0,3004.969970703125,164921000,TLKM.JK,0.9246061448317308
2025-08-20,3220.0,3290.0,3220.0,3220.0,2977.231689453125,80084600,TLKM.JK,0.9246061147369954
2025-08-21,3210.0,3270.0,3210.0,3250.0,3004.969970703125,63861900,TLKM.JK,0.9246061448317308
2025-08-22,3270.0,3290.0,3220.0,3240.0,2995.723876953125,61351700,TLKM.JK,0.9246061348620757
2025-08-25,3280.0,3350.0,3250.0,3310.0,3060.4462890625,93221500,TLKM.JK,0.924606129626133
2025-08-26,3310.0,3320.0,3230.0,3260.0,3014.216064453125,227364800,TLKM.JK,0.9246061547402223
2025-08-27,3200.0,3250.0,3100.0,3170.0,2931.00146484375,118158900,TLKM.JK,0.9246061403292587
2025-08-28,3160.0,3220.0,3150.0,3180.0,2940.24755859375,55940600,TLKM.JK,0.9246061505011792
2025-08-29,3180.0,3210.0,3100.0,3130.0,2894.017333984375,72585500,TLKM.JK,0.9246061769918131
2025-09-01,3080.0,3110.0,2960.0,3110.0,2875.525146484375,130027900,TLKM.JK,0.9246061564258441
2025-09-02,3120.0,3140.0,3050.0,3070.0,2838.540771484375,64402900,TLKM.JK,0.9246061144900244
2025-09-03,3080.0,3170.0,3070.0,3110.0,2875.525146484375,113875700,TLKM.JK,0.9246061564258441
2025-09-04,3090.0,3170.0,3090.0,3150.0,2912.50927734375,37223800,TLKM.JK,0.9246061197916666
2025-09-08,3300.0,3300.0,3090.0,3090.0,2857.032958984375,93725000,TLKM.JK,0.9246061355936489
2025-09-09,3100.0,3130.0,3000.0,3050.0,2820.048828125,104463400,TLKM.JK,0.9246061731557377
2025-09-10,3070.0,3180.0,3050.0,3150.0,2912.50927734375,49840200,TLKM.JK,0.9246061197916666
2025-09-11,3180.0,3190.0,3070.0,3080.0,2847.786865234375,71919900,TLKM.JK,0.9246061250760957
2025-09-12,3090.0,3110.0,3050.0,3100.0,2866.279052734375,61521400,TLKM.JK,0.9246061460433468
2025-09-15,3150.0,3260.0,3130.0,3260.0,3014.216064453125,115361300,TLKM.JK,0.9246061547402223
2025-09-16,3300.0,3300.0,3260.0,3300.0,3051.2001953125,80642900,TLKM.JK,0.9246061197916666
2025-09-17,3300.0,3340.0,3210.0,3340.0,3088.1845703125,73539700,TLKM.JK,0.9246061587761976
2025-09-18,3400.0,3400.0,3230.0,3250.0,3004.969970703125,99501600,TLKM.JK,0.9246061448317308
2025-09-19,3210.0,3300.0,3160.0,3230.0,2986.477783203125,113834400,TLKM.JK,0.9246061248306888
2025-09-22,3300.0,3300.0,3190.0,3220.0,2977.231689453125,53704700,TLKM.JK,0.9246061147369954
2025-09-23,3240.0,3260.0,3130.0,3190.0,2949.49365234375,40100300,TLKM.JK,0.924606160609326
2025-09-24,3190.0,3190.0,3150.0,3160.0,2921.75537109375,37086500,TLKM.JK,0.9246061300929589
2025-09-25,3160.0,3200.0,3110.0,3120.0,2884.771240234375,37627500,TLKM.JK,0.9246061667417869
2025-09-26,3100.0,3160.0,3090.0,3110.0,2875.525146484375,66789300,TLKM.JK,0.9246061564258441
2025-09-29,3110.0,3130.0,3050.0,3080.0,2847.786865234375,85911300,TLKM.JK,0.9246061250760957
2025-09-30,3090.0,3140.0,3060.0,3060.0,2829.294921875,117025800,TLKM.JK,0.924606183619281
2025-10-01,3060.0,3100.0,3060.0,3060.0,2829.294921875,59779700,TLKM.JK,0.924606183619281
2025-10-02,3070.0,3200.0,3060.0,3130.0,2894.017333984375,113431700,TLKM.JK,0.9246061769918131
2025-10-03,3110.0,3130.0,3050.0,3070.0,2838.540771484375,59116700,TLKM.JK,0.9246061144900244
2025-10-06,3080.0,3090.0,2960.0,3010.0,2783.064453125,59707600,TLKM.JK,0.9246061306063122
2025-10-07,3030.0,3050.0,3000.0,3010.0,2783.064453125,30353000,TLKM.JK,0.9246061306063122
2025-10-08,3030.0,3040.0,2940.0,2990.0,2764.572265625,66090700,TLKM.JK,0.9246061089046823
2025-10-09,2950.0,3020.0,2950.0,3010.0,2783.064453125,54769300,TLKM.JK,0.9246061306063122
2025-10-10,3030.0,3080.0,3000.0,3040.0,2810.802734375,62254500,TLKM.JK,0.9246061626233553
2025-10-13,3020.0,3070.0,2980.0,3020.0,2792.310546875,46978500,TLKM.JK,0.9246061413493377
2025-10-14,3050.0,3070.0,2960.0,2960.0,2736.834228515625,38518800,TLKM.JK,0.9246061582823057
2025-10-15,3000.0,3090.0,2950.0,3080.0,2847.786865234375,67503700,TLKM.JK,0.9246061250760957
2025-10-16,2970.0,3020.0,2900.0,2950.0,2727.588134765625,103687000,TLKM.JK,0.9246061473781779
2025-10-17,2950.0,2960.0,2850.0,2880.0,2662.86572265625,82482200,TLKM.JK,0.9246061537000868
2025-10-20,2930.0,2970.0,2900.0,2940.0,2718.342041015625,96029300,TLKM.JK,0.9246061363998724
2025-10-21,2970.0,3290.0,2970.0,3280.0,3032.708251953125,223104600,TLKM.JK,0.9246061743759527
2025-10-22,3220.0,3220.0,3120.0,3150.0,2912.50927734375,128796800,TLKM.JK,0.9246061197916666
2025-10-23,3180.0,3400.0,3170.0,3360.0,3106.6767578125,218967200,TLKM.JK,0.9246061779203869
2025-10-24,3370.0,3440.0,3290.0,3290.0,3041.9541015625,115104000,TLKM.JK,0.9246061098974164
2025-10-27,3320.0,3360.0,3280.0,3330.0,3078.9384765625,105683900,TLKM.JK,0.9246061491178679
2025-10-28,3330.0,3480.0,3270.0,3400.0,3143.660888671875,143082100,TLKM.JK,0.9246061437270221
2025-10-29,3390.0,3390.0,3270.0,3290.0,3041.9541015625,93073800,TLKM.JK,0.9246061098974164
2025-10-30,3290.0,3310.0,3200.0,3250.0,3004.969970703125,83523100,TLKM.JK,0.9246061448317308
2025-10-31,3200.0,3250.0,3150.0,3210.0,2967.98583984375,126790400,TLKM.JK,0.9246061806366822
2025-11-03,3210.0,3380.0,3210.0,3350.0,3097.4306640625,107151300,TLKM.JK,0.9246061683768657
2025-11-04,3360.0,3590.0,3360.0,3500.0,3236.12158203125,227450800,TLKM.JK,0.9246061662946429
2025-11-05,3600.0,3630.0,3510.0,3540.0,3273.105712890625,182624300,TLKM.JK,0.9246061335849223
2025-11-06,3540.0,3550.0,3470.0,3480.0,3217.62939453125,71766000,TLKM.JK,0.9246061478538075
2025-11-07,3460.0,3490.0,3420.0,3470.0,3208.38330078125,58917900,TLKM.JK,0.9246061385536744
2025-11-10,3490.0,3550.0,3440.0,3440.0,3180.64501953125,88941900,TLKM.JK,0.9246061103288518
2025-11-11,3500.0,3530.0,3470.0,3520.0,3254.613525390625,63130300,TLKM.JK,0.9246061151677912
2025-11-12,3540.0,3590.0,3510.0,3560.0,3291.597900390625,61339600,TLKM.JK,0.9246061517951194
2025-11-13,3570.0,3570.0,3480.0,3500.0,3236.12158203125,57467900,TLKM.JK,0.9246061662946429
2025-11-14,3530.0,3560.0,3510.0,3550.0,3282.351806640625,55079600,TLKM.JK,0.924606142715669
2025-11-17,3570.0,3630.0,3560.0,3610.0,3337.828125,76833800,TLKM.JK,0.9246061288088643
2025-11-18,3610.0,3630.0,3540.0,3620.0,3347.07421875,97747000,TLKM.JK,0.9246061377762431
2025-11-19,3620.0,3690.0,3620.0,3650.0,3374.8125,109911100,TLKM.JK,0.9246061643835617
2025-11-20,3650.0,3660.0,3620.0,3640.0,3365.56640625,52200700,TLKM.JK,0.9246061555631868
2025-11-21,3590.0,3610.0,3460.0,3500.0,3236.12158203125,93181600,TLKM.JK,0.9246061662946429
2025-11-24,3560.0,3700.0,3540.0,3700.0,3421.042724609375,241304000,TLKM.JK,0.9246061417863176
2025-11-25,3690.0,3690.0,3560.0,3650.0,3374.8125,84816600,TLKM.JK,0.9246061643835617
2025-11-26,3600.0,3720.0,3600.0,3720.0,3439.534912109375,111114600,TLKM.JK,0.9246061591691869
2025-11-27,3700.0,3700.0,3560.0,3570.0,3300.843994140625,48436500,TLKM.JK,0.9246061608237045
2025-11-28,3600.0,3630.0,3500.0,3510.0,3245.36767578125,70943000,TLKM.JK,0.9246061754362536
2025-12-01,3530.0,3650.0,3520.0,3650.0,3374.8125,89045500,TLKM.JK,0.9246061643835617
2025-12-02,3660.0,3670.0,3560.0,3560.0,3291.597900390625,62155900,TLKM.JK,0.9246061517951194
2025-12-03,3590.0,3650.0,3580.0,3580.0,3310.090087890625,60429900,TLKM.JK,0.9246061698018505
2025-12-04,3660.0,3660.0,3580.0,3630.0,3356.3203125,38947500,TLKM.JK,0.9246061466942149
2025-12-05,3630.0,3700.0,3610.0,3700.0,3421.042724609375,50641400,TLKM.JK,0.9246061417863176
2025-12-08,3700.0,3700.0,3600.0,3630.0,3356.3203125,64911000,TLKM.JK,0.9246061466942149
2025-12-09,3650.0,3650.0,3520.0,3570.0,3300.843994140625,94381800,TLKM.JK,0.9246061608237045
2025-12-10,3620.0,3700.0,3590.0,3640.0,3365.56640625,68644900,TLKM.JK,0.9246061555631868
2025-12-11,3670.0,3690.0,3500.0,3570.0,3300.843994140625,84823100,TLKM.JK,0.9246061608237045
2025-12-12,3630.0,3630.0,3500.0,3550.0,3282.351806640625,67076200,TLKM.JK,0.924606142715669
2025-12-15,3550.0,3560.0,3460.0,3470.0,3208.38330078125,121707400,TLKM.JK,0.9246061385536744
2025-12-16,3490.0,3550.0,3470.0,3520.0,3254.613525390625,120576700,TLKM.JK,0.9246061151677912
2025-12-17,3540.0,3590.0,3490.0,3500.0,3236.12158203125,118452300,TLKM.JK,0.9246061662946429
2025-12-18,3540.0,3580.0,3460.0,3460.0,3199.13720703125,111042200,TLKM.JK,0.9246061291997832
2025-12-19,3520.0,3520.0,3390.0,3410.0,3152.906982421875,236770700,TLKM.JK,0.9246061532028959
2025-12-22,3440.0,3490.0,3420.0,3470.0,3208.38330078125,113720300,TLKM.JK,0.9246061385536744
2025-12-23,3470.0,3470.0,3420.0,3470.0,3208.38330078125,39083700,TLKM.JK,0.9246061385536744
2025-12-24,3480.0,3500.0,3440.0,3460.0,3199.13720703125,30919800,TLKM.JK,0.9246061291997832
2025-12-29,3480.0,3530.0,3460.0,3490.0,3226.87548828125,53079900,TLKM.JK,0.9246061571006448
2025-12-30,3490.0,3510.0,3480.0,3480.0,3217.62939453125,48019100,TLKM.JK,0.9246061478538075
2026-01-02,3510.0,3510.0,3450.0,3470.0,3208.38330078125,34812500,TLKM.JK,0.9246061385536744
2026-01-05,3490.0,3590.0,3480.0,3580.0,3310.090087890625,77224000,TLKM.JK,0.9246061698018505
2026-01-06,3600.0,3600.0,3490.0,3520.0,3254.613525390625,77477100,TLKM.JK,0.9246061151677912
2026-01-07,3540.0,3550.0,3500.0,3540.0,3273.105712890625,60466200,TLKM.JK,0.9246061335849223
2026-01-08,3540.0,3580.0,3520.0,3530.0,3263.859619140625,61219400,TLKM.JK,0.9246061244024434
2026-01-09,3550.0,3560.0,3450.0,3450.0,3189.89111328125,82708700,TLKM.JK,0.9246061197916666
2026-01-12,3470.0,3530.0,3460.0,3520.0,3254.613525390625,89165400,TLKM.JK,0.9246061151677912
2026-01-13,3600.0,3660.0,3550.0,3620.0,3347.07421875,129812000,TLKM.JK,0.9246061377762431
2026-01-14,3690.0,3700.0,3610.0,3650.0,3374.8125,98179400,TLKM.JK,0.9246061643835617
2026-01-15,3650.0,3680.0,3610.0,3660.0,3384.05859375,83981800,TLKM.JK,0.9246061731557377
2026-01-19,3590.0,3630.0,3490.0,3620.0,3347.07421875,147127900,TLKM.JK,0.9246061377762431
2026-01-20,3550.0,3680.0,3550.0,3600.0,3328.58203125,89987800,TLKM.JK,0.9246061197916666
2026-01-21,3670.0,3700.0,3570.0,3600.0,3328.58203125,104120400,TLKM.JK,0.9246061197916666
2026-01-22,3670.0,3790.0,3660.0,3740.0,3458.027099609375,149259700,TLKM.JK,0.9246061763661431
2026-01-23,3790.0,3800.0,3730.0,3770.0,3485.76513671875,109079700,TLKM.JK,0.9246061370606764
2026-01-26,3780.0,3850.0,3750.0,3850.0,3559.733642578125,91258600,TLKM.JK,0.9246061409293831
2026-01-27,3850.0,3990.0,3730.0,3940.0,3642.9482421875,161704800,TLKM.JK,0.924606152839467
2026-01-28,3800.0,3800.0,3390.0,3470.0,3208.38330078125,439277400,TLKM.JK,0.9246061385536744
2026-01-29,3420.0,3500.0,3100.0,3450.0,3189.89111328125,582049700,TLKM.JK,0.9246061197916666
2026-01-30,3550.0,3740.0,3540.0,3600.0,3328.58203125,332372800,TLKM.JK,0.9246061197916666
2026-02-02,3670.0,3700.0,3430.0,3500.0,3236.12158203125,157041400,TLKM.JK,0.9246061662946429
2026-02-03,3540.0,3550.0,3420.0,3450.0,3189.89111328125,155611200,TLKM.JK,0.9246061197916666
2026-02-04,3420.0,3440.0,3260.0,3330.0,3078.9384765625,215692700,TLKM.JK,0.9246061491178679
2026-02-05,3350.0,3360.0,3260.0,3290.0,3041.9541015625,148908600,TLKM.JK,0.9246061098974164
2026-02-06,3310.0,3390.0,3270.0,3380.0,3125.168701171875,137552600,TLKM.JK,0.9246061246070636
2026-02-09,3430.0,3430.0,3340.0,3350.0,3097.4306640625,109053400,TLKM.JK,0.9246061683768657
2026-02-10,3380.0,3430.0,3360.0,3400.0,3143.660888671875,129254100,TLKM.JK,0.9246061437270221
2026-02-11,3430.0,3530.0,3420.0,3530.0,3263.859619140625,151785400,TLKM.JK,0.9246061244024434
2026-02-12,3500.0,3560.0,3470.0,3560.0,3291.597900390625,114656400,TLKM.JK,0.9246061517951194
2026-02-13,3540.0,3550.0,3440.0,3450.0,3189.89111328125,102244000,TLKM.JK,0.9246061197916666
2026-02-18,3470.0,3510.0,3460.0,3490.0,3226.87548828125,82797000,TLKM.JK,0.9246061571006448
2026-02-19,3500.0,3500.0,3460.0,3480.0,3217.62939453125,70690600,TLKM.JK,0.9246061478538075
2026-02-20,3490.0,3510.0,3430.0,3480.0,3217.62939453125,75231500,TLKM.JK,0.9246061478538075
2026-02-23,3480.0,3550.0,3480.0,3550.0,3282.351806640625,59621900,TLKM.JK,0.924606142715669
2026-02-24,3600.0,3600.0,3510.0,3580.0,3310.090087890625,119024300,TLKM.JK,0.9246061698018505
2026-02-25,3580.0,3660.0,3580.0,3600.0,3328.58203125,66237300,TLKM.JK,0.9246061197916666
2026-02-26,3560.0,3650.0,3510.0,3650.0,3374.8125,111136200,TLKM.JK,0.9246061643835617
2026-02-27,3630.0,3630.0,3530.0,3540.0,3273.105712890625,140862100,TLKM.JK,0.9246061335849223
2026-03-02,3440.0,3490.0,3410.0,3450.0,3189.89111328125,80022100,TLKM.JK,0.9246061197916666
2026-03-03,3520.0,3530.0,3440.0,3450.0,3189.89111328125,125403800,TLKM.JK,0.9246061197916666
2026-03-04,3430.0,3450.0,3110.0,3200.0,2958.73974609375,206478300,TLKM.JK,0.9246061706542968
2026-03-05,3300.0,3350.0,3210.0,3260.0,3014.216064453125,137853600,TLKM.JK,0.9246061547402223
2026-03-06,3270.0,3290.0,3180.0,3190.0,2949.49365234375,84932600,TLKM.JK,0.924606160609326
2026-03-09,3160.0,3160.0,3000.0,3100.0,2866.279052734375,126776600,TLKM.JK,0.9246061460433468
2026-03-10,3120.0,3150.0,2930.0,2960.0,2736.834228515625,288339600,TLKM.JK,0.9246061582823057
2026-03-11,3000.0,3020.0,2930.0,3000.0,2773.818359375,209073500,TLKM.JK,0.9246061197916666
2026-03-12,3020.0,3060.0,2980.0,3020.0,2792.310546875,100856000,TLKM.JK,0.9246061413493377
2026-03-13,3030.0,3050.0,2920.0,2970.0,2746.080322265625,102546800,TLKM.JK,0.9246061691130051
2026-03-16,2970.0,2980.0,2830.0,2960.0,2736.834228515625,95426400,TLKM.JK,0.9246061582823057
2026-03-17,3050.0,3050.0,2960.0,3050.0,2820.048828125,164842700,TLKM.JK,0.9246061731557377
2026-03-25,3140.0,3300.0,3130.0,3300.0,3051.2001953125,228354400,TLKM.JK,0.9246061197916666
2026-03-26,3240.0,3260.0,3130.0,3170.0,2931.00146484375,130477500,TLKM.JK,0.9246061403292587
2026-03-27,3150.0,3160.0,3050.0,3050.0,2820.048828125,72337500,TLKM.JK,0.9246061731557377
2026-03-30,3050.0,3110.0,3030.0,3040.0,2810.802734375,115529200,TLKM.JK,0.9246061626233553
2026-03-31,3130.0,3130.0,3040.0,3060.0,2829.294921875,95463800,TLKM.JK,0.924606183619281
2026-04-01,3150.0,3150.0,3100.0,3150.0,2912.50927734375,68303100,TLKM.JK,0.9246061197916666
2026-04-02,3150.0,3160.0,3080.0,3130.0,2894.017333984375,56283200,TLKM.JK,0.9246061769918131
2026-04-06,3200.0,3200.0,3100.0,3160.0,2921.75537109375,37192400,TLKM.JK,0.9246061300929589
2026-04-07,3150.0,3160.0,3060.0,3100.0,2866.279052734375,49528200,TLKM.JK,0.9246061460433468
2026-04-08,3150.0,3180.0,3110.0,3160.0,2921.75537109375,78411200,TLKM.JK,0.9246061300929589
2026-04-09,3170.0,3190.0,3120.0,3190.0,2949.49365234375,58857300,TLKM.JK,0.924606160609326
2026-04-10,3190.0,3220.0,3170.0,3210.0,2967.98583984375,70335700,TLKM.JK,0.9246061806366822
2026-04-13,3130.0,3200.0,3130.0,3190.0,2949.49365234375,77410000,TLKM.JK,0.924606160609326
2026-04-14,3190.0,3200.0,3110.0,3120.0,2884.771240234375,92852900,TLKM.JK,0.9246061667417869
2026-04-15,3120.0,3150.0,3060.0,3090.0,2857.032958984375,89181500,TLKM.JK,0.9246061355936489
2026-04-16,3100.0,3150.0,3100.0,3120.0,2884.771240234375,57013000,TLKM.JK,0.9246061667417869
2026-04-17,3120.0,3150.0,3080.0,3100.0,2866.279052734375,96349500,TLKM.JK,0.9246061460433468
2026-04-20,3130.0,3160.0,3050.0,3100.0,2866.279052734375,142308900,TLKM.JK,0.9246061460433468
2026-04-21,3050.0,3070.0,2980.0,3010.0,2783.064453125,137586500,TLKM.JK,0.9246061306063122
2026-04-22,3010.0,3030.0,2990.0,3000.0,2773.818359375,57088500,TLKM.JK,0.9246061197916666
2026-04-23,3010.0,3020.0,2880.0,2880.0,2662.86572265625,164145000,TLKM.JK,0.9246061537000868
2026-04-24,2880.0,2940.0,2750.0,2810.0,2598.143310546875,254588000,TLKM.JK,0.9246061603369662
2026-04-27,2850.0,2850.0,2810.0,2830.0,2616.635498046875,77838700,TLKM.JK,0.9246061830554329
2026-04-28,2790.0,2820.0,2750.0,2820.0,2607.389404296875,146311100,TLKM.JK,0.9246061717364805
2026-04-29,2820.0,2880.0,2800.0,2870.0,2653.61962890625,144598700,TLKM.JK,0.9246061424760453
2026-04-30,2860.0,2870.0,2810.0,2810.0,2598.143310546875,134260800,TLKM.JK,0.9246061603369662
2026-05-04,2840.0,2890.0,2840.0,2890.0,2672.11181640625,81120300,TLKM.JK,0.9246061648464533
2026-05-05,2910.0,2940.0,2870.0,2880.0,2662.86572265625,71127200,TLKM.JK,0.9246061537000868
2026-05-06,2890.0,2910.0,2870.0,2900.0,2681.35791015625,82205900,TLKM.JK,0.9246061759159483
2026-05-07,2950.0,2980.0,2920.0,2930.0,2709.095947265625,102205600,TLKM.JK,0.9246061253466297
2026-05-08,2930.0,3000.0,2900.0,2960.0,2736.834228515625,102107300,TLKM.JK,0.9246061582823057
2026-05-11,2990.0,3010.0,2920.0,2960.0,2736.834228515625,58491000,TLKM.JK,0.9246061582823057
2026-05-12,3000.0,3000.0,2860.0,2950.0,2727.588134765625,91619700,TLKM.JK,0.9246061473781779
2026-05-13,2950.0,2970.0,2920.0,2960.0,2736.834228515625,62623700,TLKM.JK,0.9246061582823057
2026-05-18,2910.0,3080.0,2860.0,3080.0,2847.786865234375,148994300,TLKM.JK,0.9246061250760957
2026-05-19,3080.0,3130.0,3030.0,3080.0,2847.786865234375,147808100,TLKM.JK,0.9246061250760957
2026-05-20,3130.0,3190.0,3100.0,3100.0,2866.279052734375,191400600,TLKM.JK,0.9246061460433468
2026-05-21,3100.0,3120.0,2950.0,3000.0,2773.818359375,141907000,TLKM.JK,0.9246061197916666
2026-05-22,3000.0,3010.0,2850.0,2920.0,2699.849853515625,138085300,TLKM.JK,0.9246061142176798
2026-05-25,2880.0,2960.0,2870.0,2930.0,2709.095947265625,88999600,TLKM.JK,0.9246061253466297
2026-05-26,2950.0,3100.0,2940.0,3090.0,2857.032958984375,136083800,TLKM.JK,0.9246061355936489
2026-05-29,2900.0,3170.0,2900.0,3030.0,2801.556640625,835364400,TLKM.JK,0.9246061520214521
2026-06-02,2990.0,3020.0,2910.0,2950.0,2727.588134765625,242446000,TLKM.JK,0.9246061473781779
2026-06-03,2900.0,2950.0,2850.0,2850.0,2635.12744140625,168085400,TLKM.JK,0.9246061197916666
2026-06-04,2900.0,2950.0,2680.0,2900.0,2681.35791015625,197151900,TLKM.JK,0.9246061759159483
2026-06-05,2900.0,2930.0,2760.0,2760.0,2551.912841796875,105040300,TLKM.JK,0.924606102100317
2026-06-08,2620.0,2650.0,2350.0,2350.0,2172.824462890625,331947700,TLKM.JK,0.9246061544215426
2026-06-09,2510.0,2620.0,2510.0,2620.0,2422.468017578125,371055600,TLKM.JK,0.924606113579437
2026-06-10,2500.0,2810.0,2500.0,2810.0,2598.143310546875,391732600,TLKM.JK,0.9246061603369662
2026-06-11,2870.0,2970.0,2810.0,2870.0,2653.61962890625,274793100,TLKM.JK,0.9246061424760453
2026-06-12,2910.0,2980.0,2860.0,2860.0,2644.37353515625,181531900,TLKM.JK,0.924606131173514
2026-06-15,2900.0,2970.0,2890.0,2930.0,2709.095947265625,156789000,TLKM.JK,0.9246061253466297
2026-06-17,2950.0,3030.0,2940.0,2960.0,2736.834228515625,200799700,TLKM.JK,0.9246061582823057
2026-06-18,2800.0,2800.0,2670.0,2780.0,2780.0,210813900,TLKM.JK,1.0
2026-06-19,2700.0,2710.0,2580.0,2580.0,2580.0,374544500,TLKM.JK,1.0
2026-06-22,2580.0,2590.0,2500.0,2510.0,2510.0,194270900,TLKM.JK,1.0
2026-06-23,2500.0,2610.0,2500.0,2540.0,2540.0,173184800,TLKM.JK,1.0
2026-06-24,2570.0,2590.0,2480.0,2500.0,2500.0,173348900,TLKM.JK,1.0
2026-06-25,2530.0,2540.0,2500.0,2500.0,2500.0,94937900,TLKM.JK,1.0
2026-06-26,2420.0,2480.0,2370.0,2480.0,2480.0,220918000,TLKM.JK,1.0
2026-06-29,2470.0,2470.0,2410.0,2410.0,2410.0,124858100,TLKM.JK,1.0
2026-06-30,2390.0,2400.0,2350.0,2350.0,2350.0,318664200,TLKM.JK,1.0
2026-07-01,2380.0,2450.0,2350.0,2440.0,2440.0,111997100,TLKM.JK,1.0
2026-07-02,2470.0,2490.0,2420.0,2450.0,2450.0,112046100,TLKM.JK,1.0
2026-07-03,2480.0,2540.0,2470.0,2520.0,2520.0,83587600,TLKM.JK,1.0
2026-07-06,2520.0,2530.0,2470.0,2480.0,2480.0,48614200,TLKM.JK,1.0
2026-07-07,2460.0,2480.0,2420.0,2480.0,2480.0,119404100,TLKM.JK,1.0
2026-07-08,2480.0,2540.0,2470.0,2510.0,2510.0,98228500,TLKM.JK,1.0
2026-07-09,2500.0,2510.0,2450.0,2510.0,2510.0,68742100,TLKM.JK,1.0
2026-07-10,2480.0,2500.0,2440.0,2480.0,2480.0,129033800,TLKM.JK,1.0
2026-07-13,2480.0,2520.0,2460.0,2510.0,2510.0,80358400,TLKM.JK,1.0
2026-07-14,2500.0,2600.0,2490.0,2560.0,2560.0,118565500,TLKM.JK,1.0
2026-07-15,2560.0,2570.0,2490.0,2520.0,2520.0,142706600,TLKM.JK,1.0
2026-07-16,2520.0,2560.0,2510.0,2530.0,2530.0,56858100,TLKM.JK,1.0
2026-07-17,2550.0,2670.0,2540.0,2660.0,2660.0,143963900,TLKM.JK,1.0
2026-07-20,2670.0,2750.0,2660.0,2710.0,2710.0,146905500,TLKM.JK,1.0
2026-07-21,2770.0,2770.0,2700.0,2750.0,2750.0,140279600,TLKM.JK,1.0
2026-07-22,2730.0,2730.0,2670.0,2700.0,2700.0,122114100,TLKM.JK,1.0
2026-07-23,2710.0,2710.0,2650.0,2650.0,2650.0,91296700,TLKM.JK,1.0
2026-07-24,2600.0,2630.0,2580.0,2630.0,2630.0,92442500,TLKM.JK,1.0
2026-07-27,2670.0,2670.0,2560.0,2590.0,2590.0,60467000,TLKM.JK,1.0
2026-07-28,2580.0,2620.0,2560.0,2560.0,2560.0,69694800,TLKM.JK,1.0
2026-07-29,2560.0,2610.0,2540.0,2560.0,2560.0,76414900,TLKM.JK,1.0
2026-07-30,2600.0,2670.0,2590.0,2670.0,2670.0,103302600,TLKM.JK,1.0
2026-07-31,2670.0,2680.0,2600.0,2630.0,2630.0,91987400,TLKM.JK,1.0
2026-08-03,2600.0,2740.0,2600.0,2740.0,2740.0,112278700,TLKM.JK,1.0
2026-08-04,2740.0,2790.0,2710.0,2790.0,2790.0,90753600,TLKM.JK,1.0
2026-08-05,2780.0,2780.0,2700.0,2710.0,2710.0,109494500,TLKM.JK,1.0
2026-08-06,2710.0,2720.0,2650.0,2650.0,2650.0,138223900,TLKM.JK,1.0
2026-08-07,2650.0,2720.0,2650.0,2710.0,2710.0,66412400,TLKM.JK,1.0
2026-08-10,2720.0,2730.0,2620.0,2620.0,2620.0,93974000,TLKM.JK,1.0
2026-08-11,2640.0,2650.0,2570.0,2610.0,2610.0,84124100,TLKM.JK,1.0
2026-08-12,2610.0,2620.0,2570.0,2590.0,2590.0,120373100,TLKM.JK,1.0
2026-08-13,2600.0,2610.0,2570.0,2590.0,2590.0,76115000,TLKM.JK,1.0
2026-08-14,2600.0,2630.0,2590.0,2620.0,2620.0,80799200,TLKM.JK,1.0
2026-08-18,2640.0,2640.0,2600.0,2600.0,2600.0,80089000,TLKM.JK,1.0
2026-08-19,2600.0,2610.0,2580.0,2600.0,2600.0,45580300,TLKM.JK,1.0
2026-08-20,2610.0,2620.0,2590.0,2610.0,2610.0,86747700,TLKM.JK,1.0
2026-08-21,2610.0,2640.0,2610.0,2610.0,2610.0,72276500,TLKM.JK,1.0
2026-08-24,2620.0,2640.0,2600.0,2620.0,2620.0,46321100,TLKM.JK,1.0
2026-08-26,2630.0,2630.0,2590.0,2600.0,2600.0,82579200,TLKM.JK,1.0
2026-08-27,2590.0,2610.0,2550.0,2610.0,2610.0,115845900,TLKM.JK,1.0
2026-08-28,2620.0,2620.0,2570.0,2570.0,2570.0,78958600,TLKM.JK,1.0
2026-08-31,2570.0,2600.0,2560.0,2600.0,2600.0,204591800,TLKM.JK,1.0
2026-09-01,2600.0,2630.0,2590.0,2610.0,2610.0,82430900,TLKM.JK,1.0
