date,open,high,low,close,adj_close,volume,ticker,adj_factor
2018-01-02,4430.0,4460.0,4380.0,4410.0,2739.1123046875,66075600,TLKM.JK,0.6211139012896826
2018-01-03,4380.0,4380.0,4200.0,4230.0,2627.311767578125,129205000,TLKM.JK,0.621113893044474
2018-01-04,4230.0,4250.0,4190.0,4220.0,2621.1005859375,77953300,TLKM.JK,0.6211138829235782
2018-01-05,4220.0,4280.0,4200.0,4280.0,2658.367431640625,55863000,TLKM.JK,0.6211138858973423
2018-01-08,4250.0,4290.0,4250.0,4260.0,2645.945068359375,42916700,TLKM.JK,0.6211138658120599
2018-01-09,4240.0,4240.0,4180.0,4200.0,2608.678466796875,100497400,TLKM.JK,0.6211139206659226
2018-01-10,4200.0,4250.0,4180.0,4190.0,2602.467041015625,95004000,TLKM.JK,0.6211138522710322
2018-01-11,4200.0,4200.0,4150.0,4170.0,2590.044677734375,80524900,TLKM.JK,0.6211138315909772
2018-01-12,4160.0,4190.0,4130.0,4130.0,2565.200439453125,70976800,TLKM.JK,0.6211139078578995
2018-01-15,4160.0,4170.0,4100.0,4120.0,2558.9892578125,71388000,TLKM.JK,0.6211138975273058
2018-01-16,4150.0,4220.0,4120.0,4210.0,2614.889404296875,84393300,TLKM.JK,0.6211138727546022
2018-01-17,4210.0,4220.0,4180.0,4200.0,2608.678466796875,77197700,TLKM.JK,0.6211139206659226
2018-01-18,4210.0,4240.0,4160.0,4170.0,2590.044677734375,100089500,TLKM.JK,0.6211138315909772
2018-01-19,4190.0,4190.0,4120.0,4160.0,2583.833740234375,70890100,TLKM.JK,0.6211138798640324
2018-01-22,4120.0,4160.0,4120.0,4130.0,2565.200439453125,83090400,TLKM.JK,0.6211139078578995
2018-01-23,4160.0,4160.0,4030.0,4090.0,2540.355712890625,184176500,TLKM.JK,0.6211138662324267
2018-01-24,4090.0,4090.0,3970.0,3980.0,2472.033203125,241779600,TLKM.JK,0.6211138701319096
2018-01-25,3980.0,4020.0,3920.0,3970.0,2465.822265625,232552500,TLKM.JK,0.6211139208123426
2018-01-26,3990.0,4160.0,3990.0,4150.0,2577.622802734375,246067800,TLKM.JK,0.6211139283697289
2018-01-29,4170.0,4180.0,4030.0,4070.0,2527.93359375,156356300,TLKM.JK,0.6211139050982801
2018-01-30,4020.0,4040.0,3960.0,3970.0,2465.822265625,140694300,TLKM.JK,0.6211139208123426
2018-01-31,3960.0,4060.0,3950.0,3990.0,2478.24462890625,112276200,TLKM.JK,0.621113942081767
2018-02-01,4030.0,4070.0,3980.0,3980.0,2472.033203125,102291000,TLKM.JK,0.6211138701319096
2018-02-02,4030.0,4030.0,4000.0,4000.0,2484.455810546875,71707200,TLKM.JK,0.6211139526367188
2018-02-05,3950.0,4030.0,3920.0,4010.0,2490.66650390625,70792500,TLKM.JK,0.6211138413731296
2018-02-06,3950.0,3990.0,3930.0,3940.0,2447.188720703125,146207400,TLKM.JK,0.6211138885033313
2018-02-07,3990.0,4020.0,3950.0,3980.0,2472.033203125,120081100,TLKM.JK,0.6211138701319096
2018-02-08,3980.0,4040.0,3940.0,4020.0,2496.877685546875,101865000,TLKM.JK,0.6211138521260883
2018-02-09,3970.0,4000.0,3940.0,3950.0,2453.399658203125,78255000,TLKM.JK,0.6211138375197784
2018-02-12,3950.0,3990.0,3950.0,3960.0,2459.61083984375,58535200,TLKM.JK,0.6211138484453914
2018-02-13,3990.0,4060.0,3980.0,4040.0,2509.300048828125,79288000,TLKM.JK,0.6211138734723082
2018-02-14,4050.0,4080.0,3990.0,4040.0,2509.300048828125,63313200,TLKM.JK,0.6211138734723082
2018-02-15,4050.0,4060.0,4000.0,4010.0,2490.66650390625,32896000,TLKM.JK,0.6211138413731296
2018-02-19,4050.0,4080.0,4040.0,4050.0,2515.51123046875,89429500,TLKM.JK,0.621113884066358
2018-02-20,4080.0,4080.0,4040.0,4070.0,2527.93359375,53466600,TLKM.JK,0.6211139050982801
2018-02-21,4040.0,4080.0,4020.0,4070.0,2527.93359375,74130200,TLKM.JK,0.6211139050982801
2018-02-22,4070.0,4070.0,4010.0,4010.0,2490.66650390625,91272600,TLKM.JK,0.6211138413731296
2018-02-23,4030.0,4040.0,4010.0,4030.0,2503.089111328125,59706400,TLKM.JK,0.6211139234064826
2018-02-26,4050.0,4050.0,4010.0,4030.0,2503.089111328125,56293900,TLKM.JK,0.6211139234064826
2018-02-27,4030.0,4030.0,3960.0,4020.0,2496.877685546875,81554100,TLKM.JK,0.6211138521260883
2018-02-28,3970.0,4050.0,3970.0,4000.0,2484.455810546875,94528200,TLKM.JK,0.6211139526367188
2018-03-01,4050.0,4090.0,4020.0,4060.0,2521.722412109375,84215600,TLKM.JK,0.6211138946082204
2018-03-02,4060.0,4070.0,4030.0,4070.0,2527.93359375,61410200,TLKM.JK,0.6211139050982801
2018-03-05,4050.0,4060.0,4000.0,4020.0,2496.877685546875,56394900,TLKM.JK,0.6211138521260883
2018-03-06,4050.0,4060.0,4020.0,4020.0,2496.877685546875,59010500,TLKM.JK,0.6211138521260883
2018-03-07,4000.0,4040.0,3980.0,4000.0,2484.455810546875,100646000,TLKM.JK,0.6211139526367188
2018-03-08,4050.0,4140.0,4020.0,4140.0,2571.411865234375,152547000,TLKM.JK,0.6211139771097525
2018-03-09,4150.0,4160.0,4090.0,4150.0,2577.622802734375,97354700,TLKM.JK,0.6211139283697289
2018-03-12,4170.0,4200.0,4130.0,4200.0,2608.678466796875,87344000,TLKM.JK,0.6211139206659226
2018-03-13,4160.0,4180.0,4080.0,4090.0,2540.355712890625,96605900,TLKM.JK,0.6211138662324267
2018-03-14,4070.0,4090.0,4040.0,4060.0,2521.722412109375,74296000,TLKM.JK,0.6211138946082204
2018-03-15,4030.0,4040.0,3930.0,3930.0,2440.9775390625,133775500,TLKM.JK,0.6211138776240458
2018-03-16,3930.0,3950.0,3820.0,3820.0,2372.655029296875,208216200,TLKM.JK,0.6211138820148887
2018-03-19,3860.0,3900.0,3810.0,3820.0,2372.655029296875,111808000,TLKM.JK,0.6211138820148887
2018-03-20,3800.0,3810.0,3640.0,3660.0,2273.276611328125,254154700,TLKM.JK,0.6211138282317281
2018-03-21,3660.0,3720.0,3630.0,3710.0,2304.33251953125,152085900,TLKM.JK,0.6211138866661051
2018-03-22,3720.0,3810.0,3690.0,3700.0,2298.121337890625,132850400,TLKM.JK,0.6211138751055744
2018-03-23,3520.0,3690.0,3520.0,3660.0,2273.276611328125,104485500,TLKM.JK,0.6211138282317281
2018-03-26,3600.0,3650.0,3580.0,3590.0,2229.799072265625,104993600,TLKM.JK,0.6211139477063022
2018-03-27,3630.0,3650.0,3540.0,3560.0,2211.165771484375,106157400,TLKM.JK,0.6211139807540379
2018-03-28,3570.0,3620.0,3540.0,3570.0,2217.376708984375,83907700,TLKM.JK,0.6211139240852591
2018-03-29,3580.0,3600.0,3530.0,3600.0,2236.010009765625,106930200,TLKM.JK,0.6211138916015625
2018-04-02,3640.0,3680.0,3600.0,3670.0,2279.48828125,63944000,TLKM.JK,0.621113973092643
2018-04-03,3640.0,3670.0,3620.0,3630.0,2254.643310546875,57234700,TLKM.JK,0.6211138596547865
2018-04-04,3630.0,3660.0,3570.0,3600.0,2236.010009765625,80976000,TLKM.JK,0.6211138916015625
2018-04-05,3650.0,3690.0,3650.0,3680.0,2285.69921875,102973700,TLKM.JK,0.621113918138587
2018-04-06,3680.0,3690.0,3650.0,3650.0,2267.065673828125,62905500,TLKM.JK,0.6211138832405821
2018-04-09,3630.0,3780.0,3630.0,3770.0,2341.599365234375,114947800,TLKM.JK,0.6211138899825929
2018-04-10,3740.0,3880.0,3730.0,3860.0,2397.49951171875,138847700,TLKM.JK,0.6211138631395725
2018-04-11,3850.0,3890.0,3850.0,3870.0,2403.710693359375,58454500,TLKM.JK,0.6211138742530685
2018-04-12,3830.0,3860.0,3740.0,3750.0,2329.17724609375,76340800,TLKM.JK,0.6211139322916667
2018-04-13,3760.0,3780.0,3630.0,3660.0,2273.276611328125,88313600,TLKM.JK,0.6211138282317281
2018-04-18,3720.0,3770.0,3710.0,3770.0,2341.599365234375,65927000,TLKM.JK,0.6211138899825929
2018-04-23,3720.0,3780.0,3720.0,3750.0,2329.17724609375,72362700,TLKM.JK,0.6211139322916667
2018-04-24,3810.0,3830.0,3770.0,3830.0,2378.866455078125,81396500,TLKM.JK,0.6211139569394583
2018-04-30,3750.0,3870.0,3750.0,3830.0,2378.866455078125,95418200,TLKM.JK,0.6211139569394583
2018-05-02,3810.0,3880.0,3780.0,3870.0,2403.710693359375,118872100,TLKM.JK,0.6211138742530685
2018-05-03,3850.0,3860.0,3740.0,3740.0,2322.966064453125,91601300,TLKM.JK,0.6211139209767714
2018-05-04,3700.0,3750.0,3650.0,3730.0,2316.7548828125,80894300,TLKM.JK,0.6211139096012064
2018-05-07,3750.0,3820.0,3730.0,3800.0,2360.232666015625,97351600,TLKM.JK,0.6211138594777961
2018-05-08,3650.0,3670.0,3570.0,3620.0,2352.21435546875,107379900,TLKM.JK,0.6497829711239641
2018-05-09,3600.0,3780.0,3530.0,3700.0,2404.197021484375,149687500,TLKM.JK,0.6497829787795608
2018-05-11,3700.0,3750.0,3620.0,3630.0,2358.71240234375,120995700,TLKM.JK,0.6497830309486915
2018-05-14,3560.0,3610.0,3500.0,3540.0,2300.231689453125,161018200,TLKM.JK,0.6497829631223517
2018-05-15,3520.0,3530.0,3350.0,3370.0,2189.768310546875,230994800,TLKM.JK,0.6497828814679154
2018-05-16,3280.0,3530.0,3250.0,3480.0,2261.244873046875,205406800,TLKM.JK,0.6497830094962285
2018-05-17,3510.0,3610.0,3490.0,3490.0,2267.74267578125,179026500,TLKM.JK,0.6497830016565186
2018-05-18,3520.0,3530.0,3400.0,3490.0,2267.74267578125,75748600,TLKM.JK,0.6497830016565186
2018-05-21,3490.0,3490.0,3410.0,3420.0,2222.257568359375,57210900,TLKM.JK,0.6497829147249634
2018-05-22,3420.0,3500.0,3420.0,3470.0,2254.7470703125,78667200,TLKM.JK,0.6497830173811239
2018-05-23,3460.0,3530.0,3450.0,3470.0,2254.7470703125,110630200,TLKM.JK,0.6497830173811239
2018-05-24,3480.0,3590.0,3480.0,3560.0,2313.227783203125,84178300,TLKM.JK,0.6497830851694172
2018-05-25,3540.0,3590.0,3530.0,3560.0,2313.227783203125,66374400,TLKM.JK,0.6497830851694172
2018-05-28,3580.0,3700.0,3560.0,3690.0,2397.698974609375,90299200,TLKM.JK,0.6497829199483401
2018-05-30,3600.0,3730.0,3590.0,3600.0,2339.21875,148933500,TLKM.JK,0.6497829861111111
2018-05-31,3600.0,3610.0,3500.0,3520.0,2287.236083984375,255204300,TLKM.JK,0.6497829784046519
2018-06-04,3540.0,3660.0,3530.0,3640.0,2365.2099609375,141754800,TLKM.JK,0.649782956301511
2018-06-05,3680.0,3860.0,3660.0,3830.0,2488.6689453125,181376800,TLKM.JK,0.649783014441906
2018-06-06,3790.0,3830.0,3760.0,3790.0,2462.677490234375,143554900,TLKM.JK,0.649782978953661
2018-06-07,3800.0,3830.0,3770.0,3770.0,2449.681884765625,122724300,TLKM.JK,0.6497829933065318
2018-06-08,3710.0,3730.0,3600.0,3610.0,2345.716552734375,260396300,TLKM.JK,0.6497829785967798
2018-06-20,3540.0,3710.0,3510.0,3710.0,2410.69482421875,295386100,TLKM.JK,0.6497829714875337
2018-06-21,3650.0,3700.0,3610.0,3610.0,2345.716552734375,123848500,TLKM.JK,0.6497829785967798
2018-06-22,3610.0,3630.0,3540.0,3580.0,2326.22314453125,121490900,TLKM.JK,0.6497830012657123
2018-06-25,3630.0,3690.0,3600.0,3660.0,2378.20556640625,97826600,TLKM.JK,0.6497829416410519
2018-06-26,3600.0,3700.0,3600.0,3690.0,2397.698974609375,91252300,TLKM.JK,0.6497829199483401
2018-06-27,3690.0,3780.0,3690.0,3710.0,2410.69482421875,106616500,TLKM.JK,0.6497829714875337
2018-06-28,3700.0,3720.0,3660.0,3660.0,2378.20556640625,133779300,TLKM.JK,0.6497829416410519
2018-06-29,3650.0,3750.0,3640.0,3750.0,2436.686279296875,79116600,TLKM.JK,0.6497830078125
2018-07-02,3800.0,3800.0,3710.0,3750.0,2436.686279296875,55810800,TLKM.JK,0.6497830078125
2018-07-03,3740.0,3740.0,3670.0,3700.0,2404.197021484375,79439500,TLKM.JK,0.6497829787795608
2018-07-04,3700.0,3810.0,3630.0,3760.0,2443.18408203125,54884500,TLKM.JK,0.6497830005402261
2018-07-05,3800.0,3830.0,3760.0,3830.0,2488.6689453125,59717900,TLKM.JK,0.649783014441906
2018-07-06,3850.0,3890.0,3830.0,3860.0,2508.162353515625,67655200,TLKM.JK,0.649782993138763
2018-07-09,3900.0,4000.0,3880.0,3980.0,2586.13623046875,68798500,TLKM.JK,0.6497829724795854
2018-07-10,3990.0,4050.0,3960.0,4030.0,2618.62548828125,118127300,TLKM.JK,0.6497829995735112
2018-07-11,4000.0,4080.0,3960.0,4060.0,2638.118896484375,144055300,TLKM.JK,0.649782979429649
2018-07-12,4050.0,4110.0,4040.0,4100.0,2664.110107421875,114531700,TLKM.JK,0.6497829530297257
2018-07-13,4080.0,4100.0,3970.0,4020.0,2612.12744140625,120852800,TLKM.JK,0.6497829456234453
2018-07-16,3970.0,4030.0,3860.0,3940.0,2560.14501953125,66229700,TLKM.JK,0.649782999881028
2018-07-17,3970.0,3970.0,3890.0,3940.0,2560.14501953125,53740400,TLKM.JK,0.649782999881028
2018-07-18,3910.0,4030.0,3890.0,4010.0,2605.629638671875,75157800,TLKM.JK,0.6497829522872506
2018-07-19,4000.0,4000.0,3910.0,3910.0,2540.6513671875,65340900,TLKM.JK,0.6497829583599745
2018-07-20,3900.0,3990.0,3890.0,3990.0,2592.63427734375,66456000,TLKM.JK,0.6497830269031954
2018-07-23,4030.0,4090.0,4010.0,4060.0,2638.118896484375,74605900,TLKM.JK,0.649782979429649
2018-07-24,4090.0,4090.0,4030.0,4030.0,2618.62548828125,64353800,TLKM.JK,0.6497829995735112
2018-07-25,4060.0,4060.0,3900.0,3900.0,2534.153564453125,55617500,TLKM.JK,0.649782965244391
2018-07-26,3920.0,3940.0,3890.0,3930.0,2553.647216796875,55761900,TLKM.JK,0.6497830068185433
2018-07-27,3910.0,3950.0,3890.0,3940.0,2560.14501953125,52506800,TLKM.JK,0.649782999881028
2018-07-30,3890.0,3950.0,3890.0,3910.0,2540.6513671875,49045100,TLKM.JK,0.6497829583599745
2018-07-31,3830.0,3830.0,3550.0,3570.0,2319.725341796875,339081700,TLKM.JK,0.6497830089066877
2018-08-01,3570.0,3600.0,3500.0,3550.0,2306.7294921875,190720900,TLKM.JK,0.6497829555457747
2018-08-02,3550.0,3590.0,3450.0,3500.0,2274.240478515625,171276100,TLKM.JK,0.6497829938616071
2018-08-03,3480.0,3490.0,3430.0,3460.0,2248.2490234375,224005400,TLKM.JK,0.6497829547507226
2018-08-06,3480.0,3670.0,3480.0,3650.0,2371.707763671875,231846400,TLKM.JK,0.6497829489511986
2018-08-07,3650.0,3670.0,3570.0,3580.0,2326.22314453125,111024900,TLKM.JK,0.6497830012657123
2018-08-08,3600.0,3600.0,3520.0,3550.0,2306.7294921875,109077400,TLKM.JK,0.6497829555457747
2018-08-09,3520.0,3550.0,3490.0,3490.0,2267.74267578125,110452900,TLKM.JK,0.6497830016565186
2018-08-10,3510.0,3540.0,3480.0,3500.0,2274.240478515625,79851700,TLKM.JK,0.6497829938616071
2018-08-13,3440.0,3450.0,3360.0,3370.0,2189.768310546875,106124800,TLKM.JK,0.6497828814679154
2018-08-14,3360.0,3440.0,3330.0,3350.0,2176.77294921875,108189200,TLKM.JK,0.6497829699160448
2018-08-15,3350.0,3450.0,3310.0,3430.0,2228.755859375,95526000,TLKM.JK,0.6497830493804665
2018-08-16,3390.0,3430.0,3350.0,3350.0,2176.77294921875,112653900,TLKM.JK,0.6497829699160448
2018-08-20,3420.0,3450.0,3370.0,3390.0,2202.764404296875,163133800,TLKM.JK,0.6497830101170723
2018-08-21,3400.0,3440.0,3350.0,3350.0,2176.77294921875,126746000,TLKM.JK,0.6497829699160448
2018-08-23,3390.0,3390.0,3290.0,3300.0,2144.283935546875,209401300,TLKM.JK,0.6497830107717804
2018-08-24,3290.0,3340.0,3270.0,3290.0,2137.78564453125,103476200,TLKM.JK,0.6497828706781915
2018-08-27,3330.0,3480.0,3310.0,3460.0,2248.2490234375,142917000,TLKM.JK,0.6497829547507226
2018-08-28,3480.0,3600.0,3480.0,3580.0,2326.22314453125,224122500,TLKM.JK,0.6497830012657123
2018-08-29,3560.0,3610.0,3520.0,3580.0,2326.22314453125,126710100,TLKM.JK,0.6497830012657123
2018-08-30,3580.0,3590.0,3510.0,3510.0,2280.738037109375,80352300,TLKM.JK,0.6497829165553775
2018-08-31,3500.0,3520.0,3460.0,3490.0,2267.74267578125,109920300,TLKM.JK,0.6497830016565186
2018-09-03,3520.0,3550.0,3480.0,3490.0,2267.74267578125,46014400,TLKM.JK,0.6497830016565186
2018-09-04,3500.0,3510.0,3410.0,3420.0,2222.257568359375,77620800,TLKM.JK,0.6497829147249634
2018-09-05,3400.0,3400.0,3250.0,3270.0,2124.79052734375,183864900,TLKM.JK,0.6497830358849388
2018-09-06,3250.0,3380.0,3250.0,3360.0,2183.2705078125,172294300,TLKM.JK,0.6497828892299107
2018-09-07,3360.0,3390.0,3320.0,3390.0,2202.764404296875,99447200,TLKM.JK,0.6497830101170723
2018-09-10,3380.0,3400.0,3350.0,3380.0,2196.266357421875,48741600,TLKM.JK,0.6497829459828033
2018-09-12,3380.0,3390.0,3310.0,3320.0,2157.27978515625,81217700,TLKM.JK,0.6497830678181475
2018-09-13,3370.0,3470.0,3370.0,3450.0,2241.75146484375,115198100,TLKM.JK,0.6497830332880434
2018-09-14,3470.0,3600.0,3470.0,3590.0,2332.720947265625,156541000,TLKM.JK,0.649782993667305
2018-09-17,3550.0,3570.0,3430.0,3470.0,2254.7470703125,95431800,TLKM.JK,0.6497830173811239
2018-09-18,3470.0,3590.0,3440.0,3570.0,2319.725341796875,132571400,TLKM.JK,0.6497830089066877
2018-09-19,3580.0,3610.0,3540.0,3550.0,2306.7294921875,88139600,TLKM.JK,0.6497829555457747
2018-09-20,3590.0,3640.0,3570.0,3600.0,2339.21875,80194400,TLKM.JK,0.6497829861111111
2018-09-21,3630.0,3630.0,3550.0,3600.0,2339.21875,98577800,TLKM.JK,0.6497829861111111
2018-09-24,3590.0,3600.0,3510.0,3540.0,2300.231689453125,48101000,TLKM.JK,0.6497829631223517
2018-09-25,3540.0,3560.0,3520.0,3560.0,2313.227783203125,25350200,TLKM.JK,0.6497830851694172
2018-09-26,3550.0,3590.0,3540.0,3540.0,2300.231689453125,51055900,TLKM.JK,0.6497829631223517
2018-09-27,3580.0,3590.0,3550.0,3580.0,2326.22314453125,49549400,TLKM.JK,0.6497830012657123
2018-09-28,3600.0,3670.0,3600.0,3640.0,2365.2099609375,116695900,TLKM.JK,0.649782956301511
2018-10-01,3610.0,3690.0,3610.0,3670.0,2384.703857421875,45504900,TLKM.JK,0.6497830674174047
2018-10-02,3640.0,3670.0,3580.0,3620.0,2352.21435546875,61393800,TLKM.JK,0.6497829711239641
2018-10-03,3570.0,3640.0,3570.0,3600.0,2339.21875,46611900,TLKM.JK,0.6497829861111111
2018-10-04,3570.0,3600.0,3510.0,3600.0,2339.21875,82550500,TLKM.JK,0.6497829861111111
2018-10-05,3540.0,3600.0,3530.0,3530.0,2293.733642578125,59270300,TLKM.JK,0.6497829015802054
2018-10-08,3500.0,3530.0,3470.0,3520.0,2287.236083984375,71886100,TLKM.JK,0.6497829784046519
2018-10-09,3530.0,3620.0,3520.0,3590.0,2332.720947265625,58708100,TLKM.JK,0.649782993667305
2018-10-10,3640.0,3640.0,3560.0,3600.0,2339.21875,31937500,TLKM.JK,0.6497829861111111
2018-10-11,3500.0,3640.0,3480.0,3570.0,2319.725341796875,114418300,TLKM.JK,0.6497830089066877
2018-10-12,3630.0,3700.0,3620.0,3680.0,2391.201416015625,87991200,TLKM.JK,0.6497829934825068
2018-10-15,3700.0,3750.0,3650.0,3660.0,2378.20556640625,68466400,TLKM.JK,0.6497829416410519
2018-10-16,3680.0,3780.0,3680.0,3780.0,2456.179931640625,98103600,TLKM.JK,0.649783050698578
2018-10-17,3800.0,3910.0,3800.0,3900.0,2534.153564453125,122953700,TLKM.JK,0.649782965244391
2018-10-18,3840.0,3880.0,3720.0,3760.0,2443.18408203125,102322600,TLKM.JK,0.6497830005402261
2018-10-19,3700.0,3770.0,3690.0,3730.0,2423.6904296875,140162100,TLKM.JK,0.6497829570207775
2018-10-22,3730.0,3830.0,3730.0,3800.0,2469.175048828125,57680500,TLKM.JK,0.6497829075863487
2018-10-23,3800.0,3800.0,3670.0,3700.0,2404.197021484375,53266800,TLKM.JK,0.6497829787795608
2018-10-24,3700.0,3710.0,3520.0,3520.0,2287.236083984375,117672200,TLKM.JK,0.6497829784046519
2018-10-25,3490.0,3580.0,3460.0,3550.0,2306.7294921875,120108900,TLKM.JK,0.6497829555457747
2018-10-26,3580.0,3660.0,3580.0,3630.0,2358.71240234375,100554100,TLKM.JK,0.6497830309486915
2018-10-29,3630.0,3660.0,3580.0,3660.0,2378.20556640625,54304000,TLKM.JK,0.6497829416410519
2018-10-30,3640.0,3850.0,3630.0,3800.0,2469.175048828125,158933000,TLKM.JK,0.6497829075863487
2018-10-31,3850.0,3870.0,3730.0,3850.0,2501.664306640625,140351400,TLKM.JK,0.6497829367897727
2018-11-01,3850.0,3880.0,3810.0,3880.0,2521.158203125,69586900,TLKM.JK,0.6497830420425258
2018-11-02,3900.0,3940.0,3880.0,3940.0,2560.14501953125,98072700,TLKM.JK,0.649782999881028
2018-11-05,3850.0,3910.0,3850.0,3890.0,2527.65576171875,60121700,TLKM.JK,0.6497829721642031
2018-11-06,3930.0,3930.0,3820.0,3890.0,2527.65576171875,58088000,TLKM.JK,0.6497829721642031
2018-11-07,3900.0,3950.0,3870.0,3950.0,2566.642578125,98350100,TLKM.JK,0.649782931170886
2018-11-08,3970.0,4000.0,3920.0,4000.0,2599.132080078125,74004300,TLKM.JK,0.6497830200195313
2018-11-09,3960.0,3960.0,3920.0,3920.0,2547.149658203125,45243300,TLKM.JK,0.6497830760722257
2018-11-12,3890.0,3950.0,3860.0,3860.0,2508.162353515625,57256000,TLKM.JK,0.649782993138763
2018-11-13,3810.0,3850.0,3750.0,3830.0,2488.6689453125,89819400,TLKM.JK,0.649783014441906
2018-11-14,3860.0,3880.0,3750.0,3750.0,2436.686279296875,72968500,TLKM.JK,0.6497830078125
2018-11-15,3800.0,3940.0,3790.0,3910.0,2540.6513671875,71440400,TLKM.JK,0.6497829583599745
2018-11-16,3930.0,4110.0,3920.0,4050.0,2631.62109375,128595600,TLKM.JK,0.6497829861111111
2018-11-19,4050.0,4050.0,3930.0,3950.0,2566.642578125,72785900,TLKM.JK,0.649782931170886
2018-11-21,3860.0,3960.0,3850.0,3960.0,2573.140380859375,97525800,TLKM.JK,0.6497829244594381
2018-11-22,3910.0,3990.0,3910.0,3980.0,2586.13623046875,52279900,TLKM.JK,0.6497829724795854
2018-11-23,3980.0,4000.0,3950.0,3990.0,2592.63427734375,35499400,TLKM.JK,0.6497830269031954
2018-11-26,3980.0,4000.0,3950.0,3990.0,2592.63427734375,43879100,TLKM.JK,0.6497830269031954
2018-11-27,3940.0,3950.0,3850.0,3880.0,2521.158203125,116422400,TLKM.JK,0.6497830420425258
2018-11-28,3890.0,3900.0,3710.0,3720.0,2417.192626953125,195860500,TLKM.JK,0.649782964234711
2018-11-29,3770.0,3810.0,3710.0,3740.0,2430.188232421875,120921500,TLKM.JK,0.6497829498454212
2018-11-30,3760.0,3780.0,3680.0,3680.0,2391.201416015625,151545800,TLKM.JK,0.6497829934825068
2018-12-03,3740.0,3770.0,3700.0,3700.0,2404.197021484375,106891000,TLKM.JK,0.6497829787795608
2018-12-04,3720.0,3780.0,3720.0,3780.0,2456.179931640625,121586400,TLKM.JK,0.649783050698578
2018-12-05,3740.0,3800.0,3730.0,3770.0,2449.681884765625,58424400,TLKM.JK,0.6497829933065318
2018-12-06,3740.0,3770.0,3700.0,3710.0,2410.69482421875,62164100,TLKM.JK,0.6497829714875337
2018-12-07,3700.0,3710.0,3660.0,3670.0,2384.703857421875,92902000,TLKM.JK,0.6497830674174047
2018-12-10,3650.0,3720.0,3610.0,3680.0,2391.201416015625,70093700,TLKM.JK,0.6497829934825068
2018-12-11,3640.0,3670.0,3610.0,3620.0,2352.21435546875,88050700,TLKM.JK,0.6497829711239641
2018-12-12,3660.0,3670.0,3620.0,3650.0,2371.707763671875,87333000,TLKM.JK,0.6497829489511986
2018-12-13,3680.0,3780.0,3660.0,3750.0,2436.686279296875,118965900,TLKM.JK,0.6497830078125
2018-12-14,3800.0,3840.0,3730.0,3730.0,2423.6904296875,139547100,TLKM.JK,0.6497829570207775
2018-12-17,3740.0,3770.0,3710.0,3710.0,2410.69482421875,86251600,TLKM.JK,0.6497829714875337
2018-12-18,3700.0,3740.0,3680.0,3740.0,2430.188232421875,79833100,TLKM.JK,0.6497829498454212
2018-12-19,3740.0,3810.0,3740.0,3810.0,2475.673095703125,81542500,TLKM.JK,0.6497829647514763
2018-12-20,3810.0,3810.0,3720.0,3740.0,2430.188232421875,100129200,TLKM.JK,0.6497829498454212
2018-12-21,3700.0,3770.0,3700.0,3760.0,2443.18408203125,114752300,TLKM.JK,0.6497830005402261
2018-12-26,3730.0,3750.0,3700.0,3730.0,2423.6904296875,50416400,TLKM.JK,0.6497829570207775
2018-12-27,3780.0,3790.0,3730.0,3750.0,2436.686279296875,49980900,TLKM.JK,0.6497830078125
2018-12-28,3770.0,3780.0,3750.0,3750.0,2436.686279296875,48224400,TLKM.JK,0.6497830078125
2019-01-02,3750.0,3760.0,3700.0,3730.0,2423.6904296875,31355300,TLKM.JK,0.6497829570207775
2019-01-03,3710.0,3770.0,3690.0,3740.0,2430.188232421875,83842400,TLKM.JK,0.6497829498454212
2019-01-04,3690.0,3740.0,3690.0,3710.0,2410.69482421875,73936900,TLKM.JK,0.6497829714875337
2019-01-07,3760.0,3790.0,3750.0,3770.0,2449.681884765625,83678100,TLKM.JK,0.6497829933065318
2019-01-08,3770.0,3800.0,3750.0,3800.0,2469.175048828125,67963700,TLKM.JK,0.6497829075863487
2019-01-09,3820.0,3830.0,3730.0,3730.0,2423.6904296875,98529400,TLKM.JK,0.6497829570207775
2019-01-10,3760.0,3800.0,3740.0,3800.0,2469.175048828125,126396700,TLKM.JK,0.6497829075863487
2019-01-11,3820.0,3860.0,3800.0,3860.0,2508.162353515625,116753700,TLKM.JK,0.649782993138763
2019-01-14,3810.0,3850.0,3790.0,3850.0,2501.664306640625,68487000,TLKM.JK,0.6497829367897727
2019-01-15,3860.0,3930.0,3850.0,3930.0,2553.647216796875,83464900,TLKM.JK,0.6497830068185433
2019-01-16,3940.0,4000.0,3920.0,3990.0,2592.63427734375,139056700,TLKM.JK,0.6497830269031954
2019-01-17,3970.0,3990.0,3960.0,3990.0,2592.63427734375,78766100,TLKM.JK,0.6497830269031954
2019-01-18,4010.0,4020.0,3970.0,4020.0,2612.12744140625,76350400,TLKM.JK,0.6497829456234453
2019-01-21,4040.0,4050.0,4020.0,4030.0,2618.62548828125,83317600,TLKM.JK,0.6497829995735112
2019-01-22,4000.0,4010.0,3930.0,4000.0,2599.132080078125,95420500,TLKM.JK,0.6497830200195313
2019-01-23,3950.0,3980.0,3920.0,3920.0,2547.149658203125,72518500,TLKM.JK,0.6497830760722257
2019-01-24,3900.0,3910.0,3830.0,3860.0,2508.162353515625,118836500,TLKM.JK,0.649782993138763
2019-01-25,3880.0,3930.0,3840.0,3880.0,2521.158203125,75844000,TLKM.JK,0.6497830420425258
2019-01-28,3880.0,3890.0,3730.0,3780.0,2456.179931640625,168983100,TLKM.JK,0.649783050698578
2019-01-29,3780.0,3850.0,3780.0,3840.0,2495.166748046875,118131200,TLKM.JK,0.6497830073038737
2019-01-30,3850.0,3890.0,3830.0,3860.0,2508.162353515625,85903100,TLKM.JK,0.649782993138763
2019-01-31,3900.0,3920.0,3870.0,3900.0,2534.153564453125,110953700,TLKM.JK,0.649782965244391
2019-02-01,3910.0,3930.0,3830.0,3870.0,2514.66015625,79588900,TLKM.JK,0.6497829861111111
2019-02-04,3890.0,3890.0,3780.0,3780.0,2456.179931640625,70070500,TLKM.JK,0.649783050698578
2019-02-06,3820.0,3870.0,3820.0,3860.0,2508.162353515625,72180200,TLKM.JK,0.649782993138763
2019-02-07,3890.0,3890.0,3830.0,3860.0,2508.162353515625,39141500,TLKM.JK,0.649782993138763
2019-02-08,3810.0,3850.0,3810.0,3850.0,2501.664306640625,32131700,TLKM.JK,0.6497829367897727
2019-02-11,3870.0,3940.0,3860.0,3930.0,2553.647216796875,88628900,TLKM.JK,0.6497830068185433
2019-02-12,3900.0,3910.0,3800.0,3820.0,2482.1708984375,92427800,TLKM.JK,0.6497829577061518
2019-02-13,3840.0,3850.0,3780.0,3790.0,2462.677490234375,113161100,TLKM.JK,0.649782978953661
2019-02-14,3790.0,3810.0,3740.0,3740.0,2430.188232421875,76939400,TLKM.JK,0.6497829498454212
2019-02-15,3770.0,3800.0,3730.0,3790.0,2462.677490234375,67812600,TLKM.JK,0.649782978953661
2019-02-18,3830.0,3920.0,3830.0,3900.0,2534.153564453125,80275800,TLKM.JK,0.649782965244391
2019-02-19,3930.0,3940.0,3900.0,3920.0,2547.149658203125,82962700,TLKM.JK,0.6497830760722257
2019-02-20,3940.0,3940.0,3830.0,3870.0,2514.66015625,87933000,TLKM.JK,0.6497829861111111
2019-02-21,3870.0,3890.0,3860.0,3870.0,2514.66015625,48031100,TLKM.JK,0.6497829861111111
2019-02-22,3870.0,3870.0,3820.0,3840.0,2495.166748046875,61392700,TLKM.JK,0.6497830073038737
2019-02-25,3900.0,3920.0,3850.0,3910.0,2540.6513671875,53792400,TLKM.JK,0.6497829583599745
2019-02-26,3920.0,3930.0,3880.0,3930.0,2553.647216796875,49657300,TLKM.JK,0.6497830068185433
2019-02-27,3900.0,3940.0,3890.0,3910.0,2540.6513671875,48788200,TLKM.JK,0.6497829583599745
2019-02-28,3880.0,3900.0,3840.0,3860.0,2508.162353515625,161156000,TLKM.JK,0.649782993138763
2019-03-01,3890.0,3920.0,3880.0,3910.0,2540.6513671875,49810100,TLKM.JK,0.6497829583599745
2019-03-04,3910.0,3910.0,3850.0,3850.0,2501.664306640625,32250500,TLKM.JK,0.6497829367897727
2019-03-05,3890.0,3890.0,3820.0,3870.0,2514.66015625,41171000,TLKM.JK,0.6497829861111111
2019-03-06,3860.0,3880.0,3820.0,3820.0,2482.1708984375,69927600,TLKM.JK,0.6497829577061518
2019-03-08,3810.0,3820.0,3740.0,3740.0,2430.188232421875,105963500,TLKM.JK,0.6497829498454212
2019-03-11,3780.0,3820.0,3760.0,3800.0,2469.175048828125,43971600,TLKM.JK,0.6497829075863487
2019-03-12,3800.0,3820.0,3730.0,3760.0,2443.18408203125,43343700,TLKM.JK,0.6497830005402261
2019-03-13,3730.0,3770.0,3710.0,3720.0,2417.192626953125,45607600,TLKM.JK,0.649782964234711
2019-03-14,3720.0,3760.0,3710.0,3740.0,2430.188232421875,62094100,TLKM.JK,0.6497829498454212
2019-03-15,3720.0,3760.0,3710.0,3750.0,2436.686279296875,68778100,TLKM.JK,0.6497830078125
2019-03-18,3770.0,3820.0,3760.0,3820.0,2482.1708984375,44322600,TLKM.JK,0.6497829577061518
2019-03-19,3800.0,3820.0,3770.0,3780.0,2456.179931640625,33156500,TLKM.JK,0.649783050698578
2019-03-20,3810.0,3820.0,3750.0,3760.0,2443.18408203125,42784600,TLKM.JK,0.6497830005402261
2019-03-21,3800.0,3810.0,3780.0,3790.0,2462.677490234375,36527500,TLKM.JK,0.649782978953661
2019-03-22,3800.0,3820.0,3790.0,3800.0,2469.175048828125,26772900,TLKM.JK,0.6497829075863487
2019-03-25,3730.0,3790.0,3720.0,3790.0,2462.677490234375,49162900,TLKM.JK,0.649782978953661
2019-03-26,3780.0,3820.0,3780.0,3820.0,2482.1708984375,23049100,TLKM.JK,0.6497829577061518
2019-03-27,3840.0,3840.0,3810.0,3820.0,2482.1708984375,35521900,TLKM.JK,0.6497829577061518
2019-03-28,3820.0,3890.0,3810.0,3880.0,2521.158203125,55847200,TLKM.JK,0.6497830420425258
2019-03-29,3880.0,3970.0,3880.0,3960.0,2573.140380859375,82231400,TLKM.JK,0.6497829244594381
2019-04-01,3950.0,3960.0,3900.0,3930.0,2553.647216796875,28246400,TLKM.JK,0.6497830068185433
2019-04-02,3910.0,3950.0,3910.0,3930.0,2553.647216796875,35443400,TLKM.JK,0.6497830068185433
2019-04-04,3980.0,4040.0,3950.0,4030.0,2618.62548828125,96122100,TLKM.JK,0.6497829995735112
2019-04-05,4020.0,4090.0,4000.0,4060.0,2638.118896484375,66832600,TLKM.JK,0.649782979429649
2019-04-08,4020.0,4030.0,3940.0,3950.0,2566.642578125,73208300,TLKM.JK,0.649782931170886
2019-04-09,3980.0,4000.0,3910.0,3950.0,2566.642578125,88580200,TLKM.JK,0.649782931170886
2019-04-10,3920.0,3950.0,3890.0,3930.0,2553.647216796875,52555500,TLKM.JK,0.6497830068185433
2019-04-11,3900.0,3930.0,3880.0,3890.0,2527.65576171875,51480700,TLKM.JK,0.6497829721642031
2019-04-12,3820.0,3870.0,3810.0,3830.0,2488.6689453125,45324300,TLKM.JK,0.649783014441906
2019-04-15,3860.0,3860.0,3810.0,3830.0,2488.6689453125,44510600,TLKM.JK,0.649783014441906
2019-04-16,3830.0,3880.0,3830.0,3870.0,2514.66015625,62572100,TLKM.JK,0.6497829861111111
2019-04-18,3920.0,3950.0,3840.0,3860.0,2508.162353515625,119263400,TLKM.JK,0.649782993138763
2019-04-22,3860.0,3860.0,3780.0,3780.0,2456.179931640625,48671200,TLKM.JK,0.649783050698578
2019-04-23,3780.0,3870.0,3730.0,3850.0,2501.664306640625,86443700,TLKM.JK,0.6497829367897727
2019-04-24,3850.0,3860.0,3780.0,3840.0,2495.166748046875,76660900,TLKM.JK,0.6497830073038737
2019-04-25,3800.0,3840.0,3790.0,3830.0,2488.6689453125,52775100,TLKM.JK,0.649783014441906
2019-04-26,3800.0,3910.0,3800.0,3910.0,2540.6513671875,66452700,TLKM.JK,0.6497829583599745
2019-04-29,3850.0,3900.0,3850.0,3860.0,2508.162353515625,50143700,TLKM.JK,0.649782993138763
2019-04-30,3890.0,3890.0,3750.0,3790.0,2462.677490234375,132318200,TLKM.JK,0.649782978953661
2019-05-02,3760.0,3880.0,3760.0,3830.0,2488.6689453125,136768800,TLKM.JK,0.649783014441906
2019-05-03,3800.0,3830.0,3760.0,3820.0,2482.1708984375,101522800,TLKM.JK,0.6497829577061518
2019-05-06,3760.0,3840.0,3720.0,3840.0,2495.166748046875,107167400,TLKM.JK,0.6497830073038737
2019-05-07,3870.0,3910.0,3840.0,3900.0,2534.153564453125,74814500,TLKM.JK,0.649782965244391
2019-05-08,3890.0,3920.0,3870.0,3900.0,2534.153564453125,77743400,TLKM.JK,0.649782965244391
2019-05-09,3860.0,3900.0,3800.0,3800.0,2469.175048828125,74716500,TLKM.JK,0.6497829075863487
2019-05-10,3800.0,3840.0,3790.0,3790.0,2462.677490234375,66672500,TLKM.JK,0.649782978953661
2019-05-13,3820.0,3840.0,3760.0,3770.0,2449.681884765625,47605100,TLKM.JK,0.6497829933065318
2019-05-14,3730.0,3800.0,3720.0,3760.0,2443.18408203125,77483200,TLKM.JK,0.6497830005402261
2019-05-15,3770.0,3790.0,3660.0,3660.0,2378.20556640625,57596600,TLKM.JK,0.6497829416410519
2019-05-16,3660.0,3720.0,3530.0,3600.0,2339.21875,107366200,TLKM.JK,0.6497829861111111
2019-05-17,3610.0,3620.0,3500.0,3510.0,2280.738037109375,94437400,TLKM.JK,0.6497829165553775
2019-05-20,3520.0,3620.0,3480.0,3600.0,2339.21875,82354400,TLKM.JK,0.6497829861111111
2019-05-21,3600.0,3630.0,3550.0,3600.0,2339.21875,106104000,TLKM.JK,0.6497829861111111
2019-05-22,3590.0,3600.0,3540.0,3540.0,2300.231689453125,63687000,TLKM.JK,0.6497829631223517
2019-05-23,3540.0,3690.0,3540.0,3660.0,2378.20556640625,113281100,TLKM.JK,0.6497829416410519
2019-05-24,3700.0,3780.0,3690.0,3750.0,2436.686279296875,87594500,TLKM.JK,0.6497830078125
2019-05-27,3760.0,3830.0,3750.0,3820.0,2482.1708984375,87146600,TLKM.JK,0.6497829577061518
2019-05-28,3800.0,3820.0,3690.0,3690.0,2397.698974609375,322246900,TLKM.JK,0.6497829199483401
2019-05-29,3750.0,3830.0,3730.0,3780.0,2456.179931640625,122534500,TLKM.JK,0.649783050698578
2019-05-31,3780.0,3930.0,3780.0,3900.0,2534.153564453125,194331700,TLKM.JK,0.649782965244391
2019-06-10,4000.0,4060.0,3970.0,4040.0,2625.123291015625,222522800,TLKM.JK,0.6497829928256498
2019-06-11,4010.0,4060.0,4000.0,4020.0,2612.12744140625,88861700,TLKM.JK,0.6497829456234453
2019-06-12,3880.0,3950.0,3840.0,3940.0,2668.907958984375,134724400,TLKM.JK,0.6773878068488262
2019-06-13,3940.0,3990.0,3900.0,3990.0,2702.77734375,115734700,TLKM.JK,0.6773878054511279
2019-06-14,4020.0,4050.0,3970.0,3990.0,2702.77734375,92466800,TLKM.JK,0.6773878054511279
2019-06-17,3950.0,3970.0,3900.0,3900.0,2641.812744140625,60851700,TLKM.JK,0.6773878831129808
2019-06-18,3890.0,3990.0,3890.0,3980.0,2696.00341796875,66112800,TLKM.JK,0.677387793459485
2019-06-20,4110.0,4110.0,4020.0,4040.0,2736.64697265625,57673700,TLKM.JK,0.6773878645188738
2019-06-21,4010.0,4040.0,3950.0,4040.0,2736.64697265625,154049700,TLKM.JK,0.6773878645188738
2019-06-24,4050.0,4050.0,3970.0,3980.0,2696.00341796875,50525100,TLKM.JK,0.677387793459485
2019-06-25,4040.0,4040.0,4000.0,4010.0,2716.3251953125,42601100,TLKM.JK,0.6773878292549875
2019-06-26,4020.0,4050.0,3980.0,3980.0,2696.00341796875,56092200,TLKM.JK,0.677387793459485
2019-06-27,4010.0,4120.0,4000.0,4090.0,2770.515869140625,94221200,TLKM.JK,0.6773877430661674
2019-06-28,4100.0,4200.0,4090.0,4140.0,2804.3857421875,130153100,TLKM.JK,0.6773878604317632
2019-07-01,4200.0,4240.0,4170.0,4220.0,2858.576416015625,79382300,TLKM.JK,0.6773877763070202
2019-07-02,4240.0,4250.0,4180.0,4250.0,2878.898193359375,87999800,TLKM.JK,0.6773878102022058
2019-07-03,4160.0,4240.0,4160.0,4240.0,2872.124267578125,63296200,TLKM.JK,0.677387798957105
2019-07-04,4190.0,4260.0,4190.0,4250.0,2878.898193359375,38459300,TLKM.JK,0.6773878102022058
2019-07-05,4260.0,4280.0,4240.0,4280.0,2899.22021484375,50332800,TLKM.JK,0.6773879006644276
2019-07-08,4230.0,4290.0,4210.0,4270.0,2892.446044921875,57903400,TLKM.JK,0.6773878325343969
2019-07-09,4300.0,4370.0,4270.0,4350.0,2946.63671875,124822400,TLKM.JK,0.6773877514367816
2019-07-10,4310.0,4320.0,4260.0,4290.0,2905.993896484375,62529900,TLKM.JK,0.6773878546583625
2019-07-11,4250.0,4280.0,4240.0,4270.0,2892.446044921875,25645900,TLKM.JK,0.6773878325343969
2019-07-12,4240.0,4250.0,4170.0,4180.0,2831.48095703125,57088600,TLKM.JK,0.677387788763457
2019-07-15,4250.0,4290.0,4230.0,4280.0,2899.22021484375,66960500,TLKM.JK,0.6773879006644276
2019-07-16,4240.0,4280.0,4210.0,4240.0,2872.124267578125,45461500,TLKM.JK,0.677387798957105
2019-07-17,4250.0,4260.0,4220.0,4230.0,2865.350341796875,32069800,TLKM.JK,0.6773877876588357
2019-07-18,4220.0,4250.0,4210.0,4240.0,2872.124267578125,45408100,TLKM.JK,0.677387798957105
2019-07-19,4260.0,4280.0,4250.0,4270.0,2892.446044921875,60692800,TLKM.JK,0.6773878325343969
2019-07-22,4250.0,4270.0,4230.0,4260.0,2885.672119140625,37513700,TLKM.JK,0.6773878213945129
2019-07-23,4260.0,4270.0,4200.0,4250.0,2878.898193359375,62628100,TLKM.JK,0.6773878102022058
2019-07-24,4230.0,4240.0,4160.0,4190.0,2838.2548828125,73904300,TLKM.JK,0.6773878001939141
2019-07-25,4160.0,4240.0,4160.0,4210.0,2851.802490234375,49276300,TLKM.JK,0.6773877649012767
2019-07-26,4160.0,4210.0,4110.0,4160.0,2817.93310546875,70952400,TLKM.JK,0.6773877657376803
2019-07-29,4150.0,4240.0,4140.0,4200.0,2845.029052734375,54336900,TLKM.JK,0.6773878696986607
2019-07-30,4280.0,4300.0,4260.0,4270.0,2892.446044921875,88417200,TLKM.JK,0.6773878325343969
2019-07-31,4240.0,4300.0,4210.0,4300.0,2912.767578125,175741000,TLKM.JK,0.677387808866279
2019-08-01,4300.0,4300.0,4260.0,4280.0,2899.22021484375,94856600,TLKM.JK,0.6773879006644276
2019-08-02,4280.0,4300.0,4250.0,4280.0,2899.22021484375,82253800,TLKM.JK,0.6773879006644276
2019-08-05,4200.0,4220.0,4060.0,4080.0,2763.741943359375,112253200,TLKM.JK,0.6773877312155331
2019-08-06,4060.0,4190.0,4050.0,4130.0,2797.611572265625,108890100,TLKM.JK,0.6773877898948245
2019-08-07,4230.0,4270.0,4170.0,4210.0,2851.802490234375,104785500,TLKM.JK,0.6773877649012767
2019-08-08,4270.0,4290.0,4240.0,4260.0,2885.672119140625,95204000,TLKM.JK,0.6773878213945129
2019-08-09,4300.0,4300.0,4240.0,4260.0,2885.672119140625,89600500,TLKM.JK,0.6773878213945129
2019-08-12,4300.0,4320.0,4230.0,4260.0,2885.672119140625,41817800,TLKM.JK,0.6773878213945129
2019-08-13,4290.0,4290.0,4230.0,4250.0,2878.898193359375,98757900,TLKM.JK,0.6773878102022058
2019-08-14,4300.0,4300.0,4270.0,4290.0,2905.993896484375,84928200,TLKM.JK,0.6773878546583625
2019-08-15,4200.0,4290.0,4200.0,4290.0,2905.993896484375,97255500,TLKM.JK,0.6773878546583625
2019-08-16,4300.0,4310.0,4220.0,4280.0,2899.22021484375,51853900,TLKM.JK,0.6773879006644276
2019-08-19,4340.0,4340.0,4290.0,4340.0,2939.863037109375,86011300,TLKM.JK,0.6773877965689804
2019-08-20,4350.0,4470.0,4340.0,4470.0,3027.92333984375,143171600,TLKM.JK,0.6773877717771253
2019-08-21,4460.0,4500.0,4390.0,4410.0,2987.2802734375,99649300,TLKM.JK,0.677387817106009
2019-08-22,4380.0,4450.0,4320.0,4450.0,3014.37548828125,110968600,TLKM.JK,0.6773877501755617
2019-08-23,4390.0,4450.0,4340.0,4380.0,2966.958251953125,83823900,TLKM.JK,0.6773877287564213
2019-08-26,4280.0,4360.0,4280.0,4330.0,2933.089111328125,77603200,TLKM.JK,0.6773877855261259
2019-08-27,4390.0,4410.0,4320.0,4380.0,2966.958251953125,168209400,TLKM.JK,0.6773877287564213
2019-08-28,4430.0,4430.0,4350.0,4370.0,2960.184814453125,68091100,TLKM.JK,0.6773878293943077
2019-08-29,4370.0,4440.0,4370.0,4380.0,2966.958251953125,65718900,TLKM.JK,0.6773877287564213
2019-08-30,4430.0,4450.0,4420.0,4450.0,3014.37548828125,95138200,TLKM.JK,0.6773877501755617
2019-09-02,4440.0,4450.0,4400.0,4410.0,2987.2802734375,27531000,TLKM.JK,0.677387817106009
2019-09-03,4440.0,4440.0,4330.0,4350.0,2946.63671875,66884700,TLKM.JK,0.6773877514367816
2019-09-04,4310.0,4350.0,4280.0,4290.0,2905.993896484375,78905600,TLKM.JK,0.6773878546583625
2019-09-05,4290.0,4360.0,4290.0,4320.0,2926.315185546875,97098300,TLKM.JK,0.677387774432147
2019-09-06,4360.0,4360.0,4210.0,4210.0,2851.802490234375,117223300,TLKM.JK,0.6773877649012767
2019-09-09,4280.0,4300.0,4240.0,4270.0,2892.446044921875,47057300,TLKM.JK,0.6773878325343969
2019-09-10,4300.0,4300.0,4250.0,4270.0,2892.446044921875,80403000,TLKM.JK,0.6773878325343969
2019-09-11,4300.0,4300.0,4210.0,4250.0,2878.898193359375,90211600,TLKM.JK,0.6773878102022058
2019-09-12,4220.0,4230.0,4160.0,4170.0,2824.70751953125,70382200,TLKM.JK,0.6773878943720024
2019-09-13,4230.0,4230.0,4160.0,4160.0,2817.93310546875,64074800,TLKM.JK,0.6773877657376803
2019-09-16,4160.0,4260.0,4160.0,4220.0,2858.576416015625,85284700,TLKM.JK,0.6773877763070202
2019-09-17,4240.0,4280.0,4220.0,4270.0,2892.446044921875,86432000,TLKM.JK,0.6773878325343969
2019-09-18,4250.0,4280.0,4230.0,4250.0,2878.898193359375,72359600,TLKM.JK,0.6773878102022058
2019-09-19,4260.0,4260.0,4190.0,4210.0,2851.802490234375,58720600,TLKM.JK,0.6773877649012767
2019-09-20,4250.0,4300.0,4230.0,4290.0,2905.993896484375,132359100,TLKM.JK,0.6773878546583625
2019-09-23,4290.0,4300.0,4230.0,4250.0,2878.898193359375,70483600,TLKM.JK,0.6773878102022058
2019-09-24,4210.0,4240.0,4150.0,4210.0,2851.802490234375,88979100,TLKM.JK,0.6773877649012767
2019-09-25,4220.0,4250.0,4180.0,4220.0,2858.576416015625,84582300,TLKM.JK,0.6773877763070202
2019-09-26,4220.0,4370.0,4200.0,4360.0,2953.410888671875,79324000,TLKM.JK,0.6773878185027237
2019-09-27,4310.0,4350.0,4300.0,4310.0,2919.54150390625,52305800,TLKM.JK,0.6773878199318445
2019-09-30,4270.0,4330.0,4270.0,4310.0,2919.54150390625,111879100,TLKM.JK,0.6773878199318445
2019-10-01,4400.0,4400.0,4220.0,4250.0,2878.898193359375,60332400,TLKM.JK,0.6773878102022058
2019-10-02,4260.0,4300.0,4190.0,4200.0,2845.029052734375,51606300,TLKM.JK,0.6773878696986607
2019-10-03,4190.0,4250.0,4160.0,4200.0,2845.029052734375,56433000,TLKM.JK,0.6773878696986607
2019-10-04,4250.0,4250.0,4180.0,4190.0,2838.2548828125,34082000,TLKM.JK,0.6773878001939141
2019-10-07,4240.0,4240.0,4090.0,4110.0,2784.06396484375,42996900,TLKM.JK,0.6773878259960462
2019-10-08,4170.0,4170.0,4060.0,4090.0,2770.515869140625,74448900,TLKM.JK,0.6773877430661674
2019-10-09,4090.0,4170.0,4080.0,4120.0,2790.837646484375,59314500,TLKM.JK,0.6773877782729065
2019-10-10,4060.0,4120.0,4060.0,4110.0,2784.06396484375,34345600,TLKM.JK,0.6773878259960462
2019-10-11,4100.0,4170.0,4100.0,4170.0,2824.70751953125,42198800,TLKM.JK,0.6773878943720024
2019-10-14,4200.0,4210.0,4150.0,4190.0,2838.2548828125,52681800,TLKM.JK,0.6773878001939141
2019-10-15,4190.0,4190.0,4150.0,4170.0,2824.70751953125,64670200,TLKM.JK,0.6773878943720024
2019-10-16,4170.0,4190.0,4140.0,4170.0,2824.70751953125,70555700,TLKM.JK,0.6773878943720024
2019-10-17,4160.0,4180.0,4140.0,4170.0,2824.70751953125,50695300,TLKM.JK,0.6773878943720024
2019-10-18,4170.0,4190.0,4160.0,4190.0,2838.2548828125,169540200,TLKM.JK,0.6773878001939141
2019-10-21,4200.0,4250.0,4190.0,4200.0,2845.029052734375,63797000,TLKM.JK,0.6773878696986607
2019-10-22,4200.0,4250.0,4200.0,4230.0,2865.350341796875,56711100,TLKM.JK,0.6773877876588357
2019-10-23,4210.0,4270.0,4210.0,4260.0,2885.672119140625,97971900,TLKM.JK,0.6773878213945129
2019-10-24,4300.0,4350.0,4250.0,4350.0,2946.63671875,99213400,TLKM.JK,0.6773877514367816
2019-10-25,4320.0,4360.0,4270.0,4280.0,2899.22021484375,67661500,TLKM.JK,0.6773879006644276
2019-10-28,4280.0,4280.0,4220.0,4260.0,2885.672119140625,30710600,TLKM.JK,0.6773878213945129
2019-10-29,4230.0,4330.0,4220.0,4330.0,2933.089111328125,68715000,TLKM.JK,0.6773877855261259
2019-10-30,4290.0,4350.0,4210.0,4270.0,2892.446044921875,89575600,TLKM.JK,0.6773878325343969
2019-10-31,4220.0,4240.0,4080.0,4110.0,2784.06396484375,185713300,TLKM.JK,0.6773878259960462
2019-11-01,4090.0,4150.0,4060.0,4080.0,2763.741943359375,107208500,TLKM.JK,0.6773877312155331
2019-11-04,4080.0,4160.0,4080.0,4150.0,2811.159423828125,65897700,TLKM.JK,0.6773878129706326
2019-11-05,4170.0,4200.0,4130.0,4200.0,2845.029052734375,109276000,TLKM.JK,0.6773878696986607
2019-11-06,4180.0,4190.0,4110.0,4120.0,2790.837646484375,134618700,TLKM.JK,0.6773877782729065
2019-11-07,4150.0,4150.0,3990.0,4070.0,2756.96826171875,125291200,TLKM.JK,0.6773877792920762
2019-11-08,4010.0,4120.0,3990.0,4110.0,2784.06396484375,70404800,TLKM.JK,0.6773878259960462
2019-11-11,4040.0,4120.0,4040.0,4100.0,2777.290283203125,57079800,TLKM.JK,0.6773878739519817
2019-11-12,4050.0,4190.0,4050.0,4180.0,2831.48095703125,88251100,TLKM.JK,0.677387788763457
2019-11-13,4130.0,4170.0,4100.0,4150.0,2811.159423828125,91925700,TLKM.JK,0.6773878129706326
2019-11-14,4110.0,4130.0,4010.0,4050.0,2743.420654296875,123468500,TLKM.JK,0.6773878158757716
2019-11-15,4080.0,4090.0,4030.0,4080.0,2763.741943359375,50780500,TLKM.JK,0.6773877312155331
2019-11-18,4040.0,4060.0,3990.0,4000.0,2709.55126953125,104978700,TLKM.JK,0.6773878173828125
2019-11-19,4000.0,4020.0,3970.0,4020.0,2723.098876953125,113996600,TLKM.JK,0.6773877803365983
2019-11-20,4000.0,4090.0,4000.0,4090.0,2770.515869140625,149185500,TLKM.JK,0.6773877430661674
2019-11-21,4050.0,4090.0,4020.0,4020.0,2723.098876953125,64005900,TLKM.JK,0.6773877803365983
2019-11-22,4030.0,4050.0,4000.0,4050.0,2743.420654296875,76569400,TLKM.JK,0.6773878158757716
2019-11-25,4070.0,4070.0,3940.0,3950.0,2675.681640625,107581200,TLKM.JK,0.6773877571202531
2019-11-26,3950.0,3960.0,3860.0,3860.0,2614.716796875,281002600,TLKM.JK,0.6773877712111399
2019-11-27,3870.0,3930.0,3800.0,3880.0,2628.2646484375,97511300,TLKM.JK,0.6773877959890464
2019-11-28,3830.0,3900.0,3800.0,3820.0,2587.62109375,70635000,TLKM.JK,0.6773877208769633
2019-11-29,3860.0,3950.0,3840.0,3930.0,2662.134033203125,72146900,TLKM.JK,0.6773877947081743
2019-12-02,3960.0,3960.0,3930.0,3950.0,2675.681640625,74263500,TLKM.JK,0.6773877571202531
2019-12-03,3920.0,3940.0,3910.0,3920.0,2655.360107421875,74494000,TLKM.JK,0.6773877825055804
2019-12-04,3920.0,3990.0,3900.0,3990.0,2702.77734375,64948300,TLKM.JK,0.6773878054511279
2019-12-05,3990.0,4080.0,3990.0,4060.0,2750.194580078125,118494800,TLKM.JK,0.6773878276054495
2019-12-06,4040.0,4100.0,4020.0,4100.0,2777.290283203125,50682100,TLKM.JK,0.6773878739519817
2019-12-09,4080.0,4110.0,4050.0,4070.0,2756.96826171875,80864200,TLKM.JK,0.6773877792920762
2019-12-10,4050.0,4070.0,4010.0,4040.0,2736.64697265625,54824900,TLKM.JK,0.6773878645188738
2019-12-11,4010.0,4050.0,4000.0,4050.0,2743.420654296875,79749500,TLKM.JK,0.6773878158757716
2019-12-12,4040.0,4050.0,3950.0,3950.0,2675.681640625,147627000,TLKM.JK,0.6773877571202531
2019-12-13,4000.0,4020.0,3960.0,3990.0,2702.77734375,81937300,TLKM.JK,0.6773878054511279
2019-12-16,3970.0,4020.0,3960.0,3970.0,2689.229736328125,86479200,TLKM.JK,0.6773878429038098
2019-12-17,3970.0,3990.0,3950.0,3980.0,2696.00341796875,91747200,TLKM.JK,0.677387793459485
2019-12-18,3960.0,4000.0,3950.0,3990.0,2702.77734375,101569300,TLKM.JK,0.6773878054511279
2019-12-19,3970.0,3980.0,3900.0,3900.0,2641.812744140625,127316000,TLKM.JK,0.6773878831129808
2019-12-20,3900.0,4020.0,3900.0,4020.0,2723.098876953125,152132200,TLKM.JK,0.6773877803365983
2019-12-23,4020.0,4030.0,3980.0,4020.0,2723.098876953125,58715700,TLKM.JK,0.6773877803365983
2019-12-26,4020.0,4020.0,3980.0,4000.0,2709.55126953125,36935300,TLKM.JK,0.6773878173828125
2019-12-27,3990.0,4010.0,3980.0,3990.0,2702.77734375,52812000,TLKM.JK,0.6773878054511279
2019-12-30,3980.0,4030.0,3970.0,3970.0,2689.229736328125,67738300,TLKM.JK,0.6773878429038098
2020-01-02,3970.0,4000.0,3900.0,3910.0,2648.58642578125,52094000,TLKM.JK,0.6773878326806266
2020-01-03,3960.0,3980.0,3930.0,3980.0,2696.00341796875,70032900,TLKM.JK,0.677387793459485
2020-01-06,3930.0,3970.0,3930.0,3960.0,2682.455322265625,42908900,TLKM.JK,0.6773877076428346
2020-01-07,3930.0,3970.0,3920.0,3940.0,2668.907958984375,51837600,TLKM.JK,0.6773878068488262
2020-01-08,3920.0,3950.0,3900.0,3900.0,2641.812744140625,52402600,TLKM.JK,0.6773878831129808
2020-01-09,3920.0,3970.0,3920.0,3960.0,2682.455322265625,37580300,TLKM.JK,0.6773877076428346
2020-01-10,3980.0,3990.0,3950.0,3980.0,2696.00341796875,48099000,TLKM.JK,0.677387793459485
2020-01-13,4000.0,4030.0,3990.0,4030.0,2729.872802734375,61913800,TLKM.JK,0.6773877922417804
2020-01-14,3980.0,4000.0,3940.0,3950.0,2675.681640625,95058600,TLKM.JK,0.6773877571202531
2020-01-15,3960.0,3960.0,3870.0,3880.0,2628.2646484375,147583300,TLKM.JK,0.6773877959890464
2020-01-16,3890.0,3890.0,3830.0,3850.0,2607.94287109375,118903100,TLKM.JK,0.6773877587256494
2020-01-17,3860.0,3870.0,3800.0,3810.0,2580.84765625,119904100,TLKM.JK,0.6773878362860892
2020-01-20,3820.0,3840.0,3800.0,3810.0,2580.84765625,73599200,TLKM.JK,0.6773878362860892
2020-01-21,3810.0,3900.0,3810.0,3890.0,2635.03857421875,78014400,TLKM.JK,0.677387808282455
2020-01-22,3890.0,3890.0,3850.0,3860.0,2614.716796875,45839800,TLKM.JK,0.6773877712111399
2020-01-23,3860.0,3880.0,3830.0,3880.0,2628.2646484375,41077400,TLKM.JK,0.6773877959890464
2020-01-24,3880.0,3930.0,3860.0,3920.0,2655.360107421875,58524000,TLKM.JK,0.6773877825055804
2020-01-27,3920.0,3920.0,3830.0,3840.0,2601.169189453125,33081800,TLKM.JK,0.677387809753418
2020-01-28,3810.0,3840.0,3800.0,3830.0,2594.395263671875,56210000,TLKM.JK,0.6773877973033616
2020-01-29,3840.0,3900.0,3840.0,3900.0,2641.812744140625,51929800,TLKM.JK,0.6773878831129808
2020-01-30,3910.0,3910.0,3850.0,3860.0,2614.716796875,60391600,TLKM.JK,0.6773877712111399
2020-01-31,3890.0,3890.0,3780.0,3800.0,2574.07373046875,120447900,TLKM.JK,0.6773878238075658
2020-02-03,3800.0,3820.0,3730.0,3740.0,2533.4306640625,68360600,TLKM.JK,0.6773878780915775
2020-02-04,3810.0,3810.0,3730.0,3760.0,2546.978271484375,77259600,TLKM.JK,0.677387838160738
2020-02-05,3760.0,3780.0,3720.0,3770.0,2553.751953125,68150800,TLKM.JK,0.6773877859748011
2020-02-06,3800.0,3800.0,3750.0,3760.0,2546.978271484375,56261500,TLKM.JK,0.677387838160738
2020-02-07,3780.0,3820.0,3760.0,3790.0,2567.2998046875,53578900,TLKM.JK,0.6773878112631926
2020-02-10,3800.0,3850.0,3780.0,3810.0,2580.84765625,86588500,TLKM.JK,0.6773878362860892
2020-02-11,3810.0,3830.0,3780.0,3790.0,2567.2998046875,50248200,TLKM.JK,0.6773878112631926
2020-02-12,3800.0,3850.0,3780.0,3820.0,2587.62109375,73840300,TLKM.JK,0.6773877208769633
2020-02-13,3820.0,3830.0,3710.0,3730.0,2526.656494140625,66699800,TLKM.JK,0.677387800037701
2020-02-14,3680.0,3730.0,3640.0,3640.0,2465.691650390625,108793300,TLKM.JK,0.6773878160413805
2020-02-17,3630.0,3660.0,3590.0,3610.0,2445.3701171875,94887800,TLKM.JK,0.6773878440962604
2020-02-18,3590.0,3660.0,3590.0,3620.0,2452.1435546875,94382900,TLKM.JK,0.6773877222893646
2020-02-19,3620.0,3640.0,3590.0,3620.0,2452.1435546875,63717800,TLKM.JK,0.6773877222893646
2020-02-20,3620.0,3650.0,3600.0,3630.0,2458.917724609375,53035400,TLKM.JK,0.6773878029226928
2020-02-21,3650.0,3710.0,3640.0,3690.0,2499.560791015625,86862600,TLKM.JK,0.6773877482427167
2020-02-24,3670.0,3720.0,3630.0,3640.0,2465.691650390625,72610600,TLKM.JK,0.6773878160413805
2020-02-25,3600.0,3670.0,3590.0,3590.0,2431.822021484375,73990700,TLKM.JK,0.6773877497170961
2020-02-26,3530.0,3550.0,3450.0,3510.0,2377.63134765625,133449900,TLKM.JK,0.677387848335114
2020-02-27,3510.0,3550.0,3420.0,3470.0,2350.53564453125,88389400,TLKM.JK,0.6773877938130404
2020-02-28,3390.0,3490.0,3340.0,3490.0,2364.08349609375,151751800,TLKM.JK,0.6773878212303008
2020-03-02,3470.0,3550.0,3440.0,3440.0,2330.214111328125,96802900,TLKM.JK,0.6773878230605015
2020-03-03,3510.0,3660.0,3470.0,3620.0,2452.1435546875,114698200,TLKM.JK,0.6773877222893646
2020-03-04,3640.0,3840.0,3630.0,3830.0,2594.395263671875,136081000,TLKM.JK,0.6773877973033616
2020-03-05,3820.0,3880.0,3760.0,3830.0,2594.395263671875,101235000,TLKM.JK,0.6773877973033616
2020-03-06,3730.0,3790.0,3710.0,3750.0,2540.204345703125,86476000,TLKM.JK,0.6773878255208333
2020-03-09,3560.0,3620.0,3500.0,3500.0,2370.857421875,109347300,TLKM.JK,0.6773878348214286
2020-03-10,3480.0,3620.0,3480.0,3490.0,2364.08349609375,119718000,TLKM.JK,0.6773878212303008
2020-03-11,3470.0,3480.0,3370.0,3400.0,2303.11865234375,115486900,TLKM.JK,0.6773878389246324
2020-03-12,3300.0,3440.0,3270.0,3310.0,2242.153564453125,84363800,TLKM.JK,0.6773877838226964
2020-03-16,3300.0,3300.0,3160.0,3160.0,2140.545166015625,115972300,TLKM.JK,0.6773877107644383
2020-03-17,3160.0,3160.0,2940.0,2940.0,1991.52001953125,150122700,TLKM.JK,0.6773877617453231
2020-03-18,3010.0,3080.0,2740.0,2810.0,1903.4598388671875,150147300,TLKM.JK,0.677387843013234
2020-03-19,2810.0,2810.0,2620.0,2620.0,1774.7559814453125,138987300,TLKM.JK,0.6773877791776002
2020-03-20,2660.0,2990.0,2450.0,2880.0,1950.8768310546875,267694700,TLKM.JK,0.6773877885606554
2020-03-23,2880.0,2880.0,2680.0,2680.0,1815.3992919921875,86157200,TLKM.JK,0.6773877955194729
2020-03-24,2700.0,2880.0,2570.0,2620.0,1774.7559814453125,243778900,TLKM.JK,0.6773877791776002
2020-03-26,2550.0,3080.0,2550.0,2980.0,2018.6156005859373,267369500,TLKM.JK,0.6773877854315226
2020-03-27,3050.0,3270.0,3050.0,3090.0,2093.12841796875,200952500,TLKM.JK,0.6773878375303398
2020-03-30,3060.0,3180.0,2880.0,3140.0,2126.997802734375,134474300,TLKM.JK,0.6773878352657245
2020-03-31,3180.0,3300.0,3120.0,3160.0,2140.545166015625,151302900,TLKM.JK,0.6773877107644383
2020-04-01,3180.0,3200.0,3040.0,3100.0,2099.902099609375,104550600,TLKM.JK,0.6773877740675404
2020-04-02,3100.0,3130.0,3020.0,3130.0,2120.223876953125,92893600,TLKM.JK,0.6773878201128195
2020-04-03,3150.0,3220.0,3120.0,3200.0,2167.64111328125,83469200,TLKM.JK,0.6773878479003906
2020-04-06,3280.0,3330.0,3180.0,3330.0,2255.701416015625,115495000,TLKM.JK,0.6773878126173049
2020-04-07,3390.0,3500.0,3200.0,3220.0,2181.18896484375,166425600,TLKM.JK,0.6773878772806677
2020-04-08,3220.0,3220.0,3050.0,3110.0,2106.676025390625,124553900,TLKM.JK,0.6773877895146704
2020-04-09,3110.0,3180.0,3030.0,3120.0,2113.4501953125,122622400,TLKM.JK,0.6773878831129808
2020-04-13,3140.0,3230.0,3130.0,3180.0,2154.093017578125,45469500,TLKM.JK,0.6773877413767688
2020-04-14,3200.0,3250.0,3160.0,3240.0,2194.736328125,79114600,TLKM.JK,0.6773877555941358
2020-04-15,3250.0,3300.0,3090.0,3110.0,2106.676025390625,69832000,TLKM.JK,0.6773877895146704
2020-04-16,3110.0,3110.0,3000.0,3000.0,2032.16357421875,109582500,TLKM.JK,0.6773878580729167
2020-04-17,3050.0,3250.0,3050.0,3230.0,2187.962646484375,127860400,TLKM.JK,0.6773878162490325
2020-04-20,3270.0,3270.0,3120.0,3120.0,2113.4501953125,77306900,TLKM.JK,0.6773878831129808
2020-04-21,3120.0,3130.0,3050.0,3070.0,2079.58056640625,43239400,TLKM.JK,0.677387806646987
2020-04-22,3050.0,3270.0,3030.0,3160.0,2140.545166015625,126278300,TLKM.JK,0.6773877107644383
2020-04-23,3200.0,3240.0,3070.0,3070.0,2079.58056640625,117391500,TLKM.JK,0.677387806646987
2020-04-24,3100.0,3160.0,3080.0,3090.0,2093.12841796875,84061400,TLKM.JK,0.6773878375303398
2020-04-27,3120.0,3200.0,3100.0,3150.0,2133.771728515625,85475400,TLKM.JK,0.6773878503224207
2020-04-28,3170.0,3200.0,3140.0,3160.0,2140.545166015625,80212700,TLKM.JK,0.6773877107644383
2020-04-29,3200.0,3390.0,3100.0,3350.0,2269.249267578125,154902100,TLKM.JK,0.677387841068097
2020-04-30,3400.0,3540.0,3350.0,3500.0,2370.857421875,163170100,TLKM.JK,0.6773878348214286
2020-05-04,3400.0,3400.0,3260.0,3320.0,2248.92724609375,108988600,TLKM.JK,0.6773877247270331
2020-05-05,3320.0,3390.0,3320.0,3320.0,2248.92724609375,74036700,TLKM.JK,0.6773877247270331
2020-05-06,3300.0,3340.0,3220.0,3240.0,2194.736328125,86395000,TLKM.JK,0.6773877555941358
2020-05-08,3270.0,3290.0,3150.0,3190.0,2160.8671875,143584400,TLKM.JK,0.6773878330721003
2020-05-11,3220.0,3250.0,3210.0,3220.0,2181.18896484375,58473100,TLKM.JK,0.6773878772806677
2020-05-12,3270.0,3270.0,3100.0,3150.0,2133.771728515625,138978700,TLKM.JK,0.6773878503224207
2020-05-13,3150.0,3170.0,3080.0,3160.0,2140.545166015625,73238700,TLKM.JK,0.6773877107644383
2020-05-14,3110.0,3140.0,3060.0,3070.0,2079.58056640625,101581300,TLKM.JK,0.677387806646987
2020-05-15,3100.0,3130.0,3020.0,3100.0,2099.902099609375,114753900,TLKM.JK,0.6773877740675404
2020-05-18,3100.0,3220.0,3100.0,3220.0,2181.18896484375,108828800,TLKM.JK,0.6773878772806677
2020-05-19,3250.0,3330.0,3250.0,3270.0,2215.05810546875,97387100,TLKM.JK,0.6773877998375383
2020-05-20,3200.0,3260.0,3180.0,3180.0,2154.093017578125,76086600,TLKM.JK,0.6773877413767688
2020-05-26,3150.0,3280.0,3130.0,3250.0,2201.510498046875,105792900,TLKM.JK,0.6773878455528846
2020-05-27,3250.0,3270.0,3150.0,3170.0,2147.3193359375,128693900,TLKM.JK,0.677387803134858
2020-05-28,3180.0,3210.0,3130.0,3130.0,2120.223876953125,177385100,TLKM.JK,0.6773878201128195
2020-05-29,3100.0,3150.0,3080.0,3150.0,2133.771728515625,276092100,TLKM.JK,0.6773878503224207
2020-06-02,3160.0,3270.0,3120.0,3250.0,2201.510498046875,174790600,TLKM.JK,0.6773878455528846
2020-06-03,3280.0,3320.0,3230.0,3290.0,2228.60595703125,216200900,TLKM.JK,0.6773878288848785
2020-06-04,3320.0,3390.0,3250.0,3300.0,2235.379638671875,167708600,TLKM.JK,0.6773877692945076
2020-06-05,3360.0,3360.0,3200.0,3230.0,2187.962646484375,188420700,TLKM.JK,0.6773878162490325
2020-06-08,3250.0,3290.0,3220.0,3230.0,2187.962646484375,221641600,TLKM.JK,0.6773878162490325
2020-06-09,3250.0,3270.0,3140.0,3140.0,2126.997802734375,171214500,TLKM.JK,0.6773878352657245
2020-06-10,3150.0,3190.0,3100.0,3110.0,2106.676025390625,263483700,TLKM.JK,0.6773877895146704
2020-06-11,3120.0,3150.0,3060.0,3080.0,2086.354248046875,175767800,TLKM.JK,0.677387742872362
2020-06-12,3080.0,3080.0,2970.0,3030.0,2052.48486328125,260087300,TLKM.JK,0.6773877436571782
2020-06-15,3060.0,3150.0,3030.0,3090.0,2093.12841796875,241625700,TLKM.JK,0.6773878375303398
2020-06-16,3150.0,3220.0,3130.0,3200.0,2167.64111328125,194424800,TLKM.JK,0.6773878479003906
2020-06-17,3210.0,3230.0,3140.0,3210.0,2174.41455078125,177784900,TLKM.JK,0.6773877105237539
2020-06-18,3210.0,3350.0,3180.0,3280.0,2221.83203125,235586600,TLKM.JK,0.6773878144054878
2020-06-19,3300.0,3340.0,3250.0,3280.0,2221.83203125,227358800,TLKM.JK,0.6773878144054878
2020-06-22,3290.0,3300.0,3180.0,3200.0,2167.64111328125,159776500,TLKM.JK,0.6773878479003906
2020-06-23,3200.0,3200.0,3120.0,3130.0,2120.223876953125,167271000,TLKM.JK,0.6773878201128195
2020-06-24,3150.0,3230.0,3140.0,3180.0,2154.093017578125,170895600,TLKM.JK,0.6773877413767688
2020-06-25,3160.0,3220.0,3140.0,3160.0,2140.545166015625,100882600,TLKM.JK,0.6773877107644383
2020-06-26,3190.0,3220.0,3180.0,3190.0,2160.8671875,100784500,TLKM.JK,0.6773878330721003
2020-06-29,3200.0,3250.0,3160.0,3180.0,2154.093017578125,156613200,TLKM.JK,0.6773877413767688
2020-06-30,3090.0,3100.0,3050.0,3050.0,2171.2265625,258068400,TLKM.JK,0.7118775614754098
2020-07-01,3070.0,3100.0,3010.0,3040.0,2164.10791015625,148037400,TLKM.JK,0.7118776020250822
2020-07-02,3040.0,3140.0,3040.0,3140.0,2235.2958984375,178357900,TLKM.JK,0.7118776746616242
2020-07-03,3150.0,3180.0,3110.0,3120.0,2221.058349609375,102033100,TLKM.JK,0.7118776761568509
2020-07-06,3130.0,3150.0,3040.0,3050.0,2171.2265625,248572600,TLKM.JK,0.7118775614754098
2020-07-07,3060.0,3120.0,3050.0,3120.0,2221.058349609375,169104200,TLKM.JK,0.7118776761568509
2020-07-08,3130.0,3160.0,3110.0,3150.0,2242.414794921875,158166300,TLKM.JK,0.7118777126736111
2020-07-09,3170.0,3190.0,3110.0,3110.0,2213.939453125,125940800,TLKM.JK,0.7118776376607717
2020-07-10,3110.0,3130.0,3100.0,3110.0,2213.939453125,95422400,TLKM.JK,0.7118776376607717
2020-07-13,3120.0,3130.0,3080.0,3090.0,2199.701904296875,77733900,TLKM.JK,0.7118776389310275
2020-07-14,3100.0,3110.0,3070.0,3080.0,2192.5830078125,111442600,TLKM.JK,0.7118775999391234
2020-07-15,3120.0,3130.0,3080.0,3090.0,2199.701904296875,102304100,TLKM.JK,0.7118776389310275
2020-07-16,3090.0,3110.0,3080.0,3100.0,2206.820556640625,91951000,TLKM.JK,0.7118775989163306
2020-07-17,3100.0,3110.0,3060.0,3060.0,2178.345703125,112416300,TLKM.JK,0.711877680759804
2020-07-20,3080.0,3080.0,3040.0,3060.0,2178.345703125,64735500,TLKM.JK,0.711877680759804
2020-07-21,3050.0,3110.0,3050.0,3060.0,2178.345703125,101283800,TLKM.JK,0.711877680759804
2020-07-22,3070.0,3090.0,3060.0,3070.0,2185.46435546875,69462100,TLKM.JK,0.7118776402178338
2020-07-23,3070.0,3090.0,3060.0,3070.0,2185.46435546875,70482100,TLKM.JK,0.7118776402178338
2020-07-24,3080.0,3080.0,3020.0,3020.0,2149.87060546875,137265100,TLKM.JK,0.7118776839300497
2020-07-27,3020.0,3050.0,3020.0,3040.0,2164.10791015625,58708800,TLKM.JK,0.7118776020250822
2020-07-28,3050.0,3050.0,3010.0,3020.0,2149.87060546875,102705300,TLKM.JK,0.7118776839300497
2020-07-29,3030.0,3050.0,3000.0,3000.0,2135.633056640625,114352000,TLKM.JK,0.711877685546875
2020-07-30,3040.0,3050.0,3000.0,3050.0,2171.2265625,95785000,TLKM.JK,0.7118775614754098
2020-08-03,3060.0,3060.0,2850.0,2920.0,2078.682861328125,255659800,TLKM.JK,0.7118776922356592
2020-08-04,2970.0,2970.0,2920.0,2950.0,2100.038818359375,96018000,TLKM.JK,0.7118775655455508
2020-08-05,2960.0,3040.0,2920.0,3020.0,2149.87060546875,120719100,TLKM.JK,0.7118776839300497
2020-08-06,3050.0,3050.0,3000.0,3020.0,2149.87060546875,71699000,TLKM.JK,0.7118776839300497
2020-08-07,3020.0,3030.0,2970.0,2980.0,2121.395263671875,78347200,TLKM.JK,0.7118776052590184
2020-08-10,3000.0,3020.0,2970.0,2970.0,2114.276611328125,65485400,TLKM.JK,0.7118776469118266
2020-08-11,2980.0,3000.0,2930.0,2930.0,2085.80126953125,175693000,TLKM.JK,0.7118775663929181
2020-08-12,2930.0,2960.0,2920.0,2950.0,2100.038818359375,110934800,TLKM.JK,0.7118775655455508
2020-08-13,2950.0,3020.0,2950.0,3010.0,2142.751708984375,160906600,TLKM.JK,0.7118776441808555
2020-08-14,3020.0,3040.0,3000.0,3030.0,2156.989013671875,93007500,TLKM.JK,0.7118775622679455
2020-08-18,3030.0,3060.0,3000.0,3050.0,2171.2265625,139358500,TLKM.JK,0.7118775614754098
2020-08-19,3050.0,3050.0,3000.0,3000.0,2135.633056640625,103980600,TLKM.JK,0.711877685546875
2020-08-24,3010.0,3020.0,2990.0,3000.0,2135.633056640625,76713900,TLKM.JK,0.711877685546875
2020-08-25,3010.0,3010.0,2980.0,2980.0,2121.395263671875,100013600,TLKM.JK,0.7118776052590184
2020-08-26,2980.0,3050.0,2980.0,3020.0,2149.87060546875,122465300,TLKM.JK,0.7118776839300497
2020-08-27,3020.0,3040.0,2970.0,2990.0,2128.514404296875,102787800,TLKM.JK,0.7118777271895903
2020-08-28,2990.0,2990.0,2940.0,2960.0,2107.15771484375,160569500,TLKM.JK,0.7118776063661317
2020-08-31,2960.0,2980.0,2860.0,2860.0,2035.9703369140625,204261100,TLKM.JK,0.7118777401797421
2020-09-01,2900.0,2910.0,2860.0,2900.0,2064.445068359375,90565400,TLKM.JK,0.7118776097790949
2020-09-02,2900.0,2970.0,2900.0,2950.0,2100.038818359375,107589800,TLKM.JK,0.7118775655455508
2020-09-03,2950.0,2960.0,2880.0,2900.0,2064.445068359375,123106100,TLKM.JK,0.7118776097790949
2020-09-04,2850.0,2890.0,2840.0,2860.0,2035.9703369140625,143569100,TLKM.JK,0.7118777401797421
2020-09-07,2870.0,2910.0,2870.0,2900.0,2064.445068359375,62206600,TLKM.JK,0.7118776097790949
2020-09-08,2890.0,2900.0,2860.0,2860.0,2035.9703369140625,80068200,TLKM.JK,0.7118777401797421
2020-09-09,2850.0,2860.0,2800.0,2800.0,1993.25732421875,108397400,TLKM.JK,0.7118776157924107
2020-09-10,2800.0,2800.0,2620.0,2700.0,1922.0697021484373,287496300,TLKM.JK,0.7118776674623841
2020-09-11,2670.0,2840.0,2650.0,2810.0,2000.376220703125,197756800,TLKM.JK,0.7118776586132117
2020-09-14,2830.0,2890.0,2820.0,2890.0,2057.32666015625,127562700,TLKM.JK,0.7118777370782872
2020-09-15,2890.0,2900.0,2810.0,2830.0,2014.6138916015625,106215900,TLKM.JK,0.7118777002125662
2020-09-16,2810.0,2830.0,2770.0,2790.0,1986.1385498046875,68113400,TLKM.JK,0.7118776164174507
2020-09-17,2810.0,2850.0,2780.0,2820.0,2007.494873046875,97257400,TLKM.JK,0.7118776145556295
2020-09-18,2850.0,2890.0,2840.0,2890.0,2057.32666015625,162116700,TLKM.JK,0.7118777370782872
2020-09-21,2890.0,2910.0,2800.0,2810.0,2000.376220703125,100305100,TLKM.JK,0.7118776586132117
2020-09-22,2790.0,2810.0,2750.0,2780.0,1979.0196533203125,75891600,TLKM.JK,0.7118775731368031
2020-09-23,2770.0,2810.0,2740.0,2800.0,1993.25732421875,85953300,TLKM.JK,0.7118776157924107
2020-09-24,2750.0,2760.0,2710.0,2730.0,1943.4259033203125,74516800,TLKM.JK,0.7118776202638507
2020-09-25,2720.0,2740.0,2670.0,2690.0,1914.95068359375,180968900,TLKM.JK,0.7118775775441449
2020-09-28,2710.0,2730.0,2660.0,2660.0,1893.5943603515625,89256700,TLKM.JK,0.7118775790795348
2020-09-29,2690.0,2690.0,2630.0,2630.0,1872.23828125,155853900,TLKM.JK,0.7118776734790875
2020-09-30,2630.0,2650.0,2540.0,2560.0,1822.40673828125,235611600,TLKM.JK,0.7118776321411133
2020-10-01,2600.0,2760.0,2600.0,2750.0,1957.6636962890625,225006000,TLKM.JK,0.7118777077414773
2020-10-02,2750.0,2750.0,2650.0,2680.0,1907.83203125,140161900,TLKM.JK,0.7118776236007462
2020-10-05,2690.0,2710.0,2640.0,2650.0,1886.4757080078125,124720200,TLKM.JK,0.7118776256633255
2020-10-06,2680.0,2700.0,2620.0,2650.0,1886.4757080078125,148977400,TLKM.JK,0.7118776256633255
2020-10-07,2650.0,2670.0,2620.0,2660.0,1893.5943603515625,110186000,TLKM.JK,0.7118775790795348
2020-10-08,2670.0,2720.0,2650.0,2700.0,1922.0697021484373,154587800,TLKM.JK,0.7118776674623841
2020-10-09,2710.0,2750.0,2700.0,2730.0,1943.4259033203125,109122300,TLKM.JK,0.7118776202638507
2020-10-12,2750.0,2760.0,2710.0,2730.0,1943.4259033203125,77479100,TLKM.JK,0.7118776202638507
2020-10-13,2730.0,2740.0,2680.0,2730.0,1943.4259033203125,97205500,TLKM.JK,0.7118776202638507
2020-10-14,2730.0,2830.0,2710.0,2810.0,2000.376220703125,183236500,TLKM.JK,0.7118776586132117
2020-10-15,2800.0,2850.0,2760.0,2780.0,1979.0196533203125,138462900,TLKM.JK,0.7118775731368031
2020-10-16,2780.0,2780.0,2720.0,2750.0,1957.6636962890625,135175000,TLKM.JK,0.7118777077414773
2020-10-19,2800.0,2810.0,2710.0,2710.0,1929.1883544921875,187840500,TLKM.JK,0.711877621583833
2020-10-20,2710.0,2740.0,2670.0,2670.0,1900.71337890625,168211100,TLKM.JK,0.7118776700023408
2020-10-21,2680.0,2710.0,2670.0,2680.0,1907.83203125,142146300,TLKM.JK,0.7118776236007462
2020-10-22,2670.0,2720.0,2650.0,2700.0,1922.0697021484373,257179400,TLKM.JK,0.7118776674623841
2020-10-23,2710.0,2720.0,2630.0,2630.0,1872.23828125,166356000,TLKM.JK,0.7118776734790875
2020-10-26,2630.0,2680.0,2630.0,2650.0,1886.4757080078125,97523200,TLKM.JK,0.7118776256633255
2020-10-27,2640.0,2690.0,2620.0,2620.0,1865.119384765625,146366600,TLKM.JK,0.7118776277731393
2020-11-02,2590.0,2620.0,2550.0,2560.0,1822.40673828125,391510600,TLKM.JK,0.7118776321411133
2020-11-03,2570.0,2590.0,2540.0,2580.0,1836.64453125,188874000,TLKM.JK,0.7118777252906977
2020-11-04,2600.0,2640.0,2580.0,2580.0,1836.64453125,150678200,TLKM.JK,0.7118777252906977
2020-11-05,2630.0,2810.0,2620.0,2770.0,1971.9010009765625,369260400,TLKM.JK,0.7118776176810695
2020-11-06,2800.0,2840.0,2750.0,2830.0,2014.6138916015625,243865800,TLKM.JK,0.7118777002125662
2020-11-09,2860.0,2900.0,2840.0,2880.0,2050.20751953125,208192700,TLKM.JK,0.7118776109483507
2020-11-10,2950.0,2950.0,2860.0,2860.0,2035.9703369140625,195337300,TLKM.JK,0.7118777401797421
2020-11-11,2900.0,3100.0,2880.0,3080.0,2192.5830078125,480530200,TLKM.JK,0.7118775999391234
2020-11-12,3080.0,3080.0,3010.0,3040.0,2164.10791015625,169609900,TLKM.JK,0.7118776020250822
2020-11-13,3010.0,3010.0,2950.0,2990.0,2128.514404296875,186708800,TLKM.JK,0.7118777271895903
2020-11-16,3040.0,3100.0,3020.0,3070.0,2185.46435546875,206145500,TLKM.JK,0.7118776402178338
2020-11-17,3100.0,3270.0,3100.0,3220.0,2292.246337890625,527501800,TLKM.JK,0.7118777446865295
2020-11-18,3200.0,3250.0,3160.0,3180.0,2263.770751953125,239122600,TLKM.JK,0.7118775949538129
2020-11-19,3150.0,3220.0,3140.0,3170.0,2256.652099609375,185558800,TLKM.JK,0.7118776339461751
2020-11-20,3190.0,3270.0,3180.0,3220.0,2292.246337890625,211892500,TLKM.JK,0.7118777446865295
2020-11-23,3230.0,3340.0,3220.0,3320.0,2363.43359375,260752200,TLKM.JK,0.7118775884789157
2020-11-24,3350.0,3380.0,3330.0,3350.0,2384.790283203125,207503900,TLKM.JK,0.7118776964785448
2020-11-25,3370.0,3390.0,3280.0,3280.0,2334.958740234375,253156200,TLKM.JK,0.7118776647056021
2020-11-26,3280.0,3480.0,3280.0,3470.0,2470.21533203125,374185400,TLKM.JK,0.711877617300072
2020-11-27,3480.0,3500.0,3420.0,3460.0,2463.096435546875,163651600,TLKM.JK,0.7118775825279986
2020-11-30,3460.0,3470.0,3220.0,3230.0,2299.36474609375,624142600,TLKM.JK,0.7118776303695821
2020-12-01,3230.0,3320.0,3160.0,3240.0,2306.4833984375,277929200,TLKM.JK,0.7118775921103395
2020-12-02,3270.0,3330.0,3240.0,3330.0,2370.552490234375,187276600,TLKM.JK,0.7118776246950075
2020-12-03,3330.0,3360.0,3280.0,3300.0,2349.196044921875,121434200,TLKM.JK,0.7118775893702651
2020-12-04,3270.0,3280.0,3210.0,3250.0,2313.6025390625,170418900,TLKM.JK,0.7118777043269231
2020-12-07,3280.0,3330.0,3260.0,3330.0,2370.552490234375,175436900,TLKM.JK,0.7118776246950075
2020-12-08,3350.0,3350.0,3290.0,3300.0,2349.196044921875,113775100,TLKM.JK,0.7118775893702651
2020-12-10,3270.0,3290.0,3250.0,3260.0,2320.72119140625,229380200,TLKM.JK,0.7118776660755368
2020-12-11,3270.0,3330.0,3250.0,3280.0,2334.958740234375,154365400,TLKM.JK,0.7118776647056021
2020-12-14,3300.0,3340.0,3250.0,3320.0,2363.43359375,281474900,TLKM.JK,0.7118775884789157
2020-12-15,3320.0,3490.0,3290.0,3450.0,2455.97802734375,410175700,TLKM.JK,0.7118776890851449
2020-12-16,3500.0,3640.0,3500.0,3610.0,2569.87841796875,455088400,TLKM.JK,0.711877678107687
2020-12-17,3610.0,3620.0,3520.0,3540.0,2520.046875,249797800,TLKM.JK,0.7118776483050847
2020-12-18,3500.0,3540.0,3500.0,3510.0,2498.690673828125,187856600,TLKM.JK,0.7118776848513176
2020-12-21,3530.0,3610.0,3510.0,3520.0,2505.809326171875,267970200,TLKM.JK,0.7118776494806464
2020-12-22,3500.0,3540.0,3340.0,3360.0,2391.908935546875,311860000,TLKM.JK,0.7118776593889509
2020-12-23,3350.0,3420.0,3240.0,3320.0,2363.43359375,240067600,TLKM.JK,0.7118775884789157
2020-12-28,3370.0,3460.0,3280.0,3430.0,2441.740234375,178138100,TLKM.JK,0.711877619351312
2020-12-29,3500.0,3530.0,3400.0,3420.0,2434.62158203125,184525500,TLKM.JK,0.711877655564693
2020-12-30,3420.0,3420.0,3310.0,3310.0,2356.31494140625,150844500,TLKM.JK,0.7118776258024925
2021-01-04,3320.0,3500.0,3310.0,3490.0,2484.452880859375,165339800,TLKM.JK,0.7118776162920846
2021-01-05,3480.0,3480.0,3420.0,3470.0,2470.21533203125,157800700,TLKM.JK,0.711877617300072
2021-01-06,3470.0,3490.0,3330.0,3370.0,2399.027587890625,177877900,TLKM.JK,0.7118776225194733
2021-01-07,3390.0,3450.0,3380.0,3390.0,2413.26513671875,140221900,TLKM.JK,0.7118776214509587
2021-01-08,3450.0,3620.0,3440.0,3570.0,2541.403076171875,492643700,TLKM.JK,0.7118776123730742
2021-01-11,3590.0,3640.0,3570.0,3600.0,2562.759521484375,271231200,TLKM.JK,0.7118776448567709
2021-01-12,3600.0,3620.0,3500.0,3510.0,2498.690673828125,189779500,TLKM.JK,0.7118776848513176
2021-01-13,3550.0,3550.0,3460.0,3480.0,2477.334228515625,162329300,TLKM.JK,0.711877651872306
2021-01-14,3480.0,3590.0,3470.0,3500.0,2491.57177734375,187448400,TLKM.JK,0.7118776506696428
2021-01-15,3510.0,3540.0,3450.0,3480.0,2477.334228515625,133304300,TLKM.JK,0.711877651872306
2021-01-18,3480.0,3520.0,3430.0,3450.0,2455.97802734375,138913100,TLKM.JK,0.7118776890851449
2021-01-19,3470.0,3490.0,3370.0,3410.0,2427.502685546875,144100700,TLKM.JK,0.711877620394978
2021-01-20,3420.0,3480.0,3380.0,3470.0,2470.21533203125,116098100,TLKM.JK,0.711877617300072
2021-01-21,3500.0,3520.0,3460.0,3480.0,2477.334228515625,81801900,TLKM.JK,0.711877651872306
2021-01-22,3420.0,3440.0,3360.0,3390.0,2413.26513671875,165024200,TLKM.JK,0.7118776214509587
2021-01-25,3370.0,3410.0,3310.0,3370.0,2399.027587890625,118131800,TLKM.JK,0.7118776225194733
2021-01-26,3360.0,3390.0,3260.0,3260.0,2320.72119140625,111414500,TLKM.JK,0.7118776660755368
2021-01-27,3340.0,3380.0,3260.0,3380.0,2406.146728515625,159144700,TLKM.JK,0.7118777303300665
2021-01-28,3280.0,3330.0,3230.0,3240.0,2306.4833984375,142648800,TLKM.JK,0.7118775921103395
2021-01-29,3290.0,3290.0,3110.0,3110.0,2213.939453125,191915100,TLKM.JK,0.7118776376607717
2021-02-01,3130.0,3250.0,3040.0,3230.0,2299.36474609375,133929600,TLKM.JK,0.7118776303695821
2021-02-02,3300.0,3330.0,3250.0,3270.0,2327.83984375,114734600,TLKM.JK,0.711877628058104
2021-02-03,3250.0,3330.0,3220.0,3240.0,2306.4833984375,86433900,TLKM.JK,0.7118775921103395
2021-02-04,3270.0,3330.0,3260.0,3290.0,2342.077392578125,80319500,TLKM.JK,0.7118776269234423
2021-02-05,3320.0,3320.0,3270.0,3290.0,2342.077392578125,52630500,TLKM.JK,0.7118776269234423
2021-02-08,3300.0,3370.0,3270.0,3280.0,2334.958740234375,96635600,TLKM.JK,0.7118776647056021
2021-02-09,3250.0,3300.0,3180.0,3200.0,2278.008544921875,157479200,TLKM.JK,0.7118776702880859
2021-02-10,3180.0,3220.0,3160.0,3190.0,2270.8896484375,125221400,TLKM.JK,0.7118776327390283
2021-02-11,3220.0,3230.0,3170.0,3190.0,2270.8896484375,79940700,TLKM.JK,0.7118776327390283
2021-02-15,3200.0,3260.0,3200.0,3220.0,2292.246337890625,88883300,TLKM.JK,0.7118777446865295
2021-02-16,3200.0,3250.0,3190.0,3210.0,2285.126953125,82026300,TLKM.JK,0.7118775554906542
2021-02-17,3220.0,3250.0,3140.0,3150.0,2242.414794921875,121105300,TLKM.JK,0.7118777126736111
2021-02-18,3190.0,3270.0,3180.0,3180.0,2263.770751953125,151200300,TLKM.JK,0.7118775949538129
2021-02-19,3180.0,3220.0,3170.0,3210.0,2285.126953125,63214600,TLKM.JK,0.7118775554906542
2021-02-22,3210.0,3240.0,3170.0,3170.0,2256.652099609375,100425500,TLKM.JK,0.7118776339461751
2021-02-23,3200.0,3480.0,3200.0,3470.0,2470.21533203125,354966200,TLKM.JK,0.711877617300072
2021-02-24,3490.0,3550.0,3460.0,3480.0,2477.334228515625,303017100,TLKM.JK,0.711877651872306
2021-02-25,3510.0,3570.0,3450.0,3490.0,2484.452880859375,226833000,TLKM.JK,0.7118776162920846
2021-02-26,3450.0,3510.0,3410.0,3490.0,2484.452880859375,230007700,TLKM.JK,0.7118776162920846
2021-03-01,3490.0,3510.0,3470.0,3490.0,2484.452880859375,91513500,TLKM.JK,0.7118776162920846
2021-03-02,3490.0,3500.0,3440.0,3460.0,2463.096435546875,169061400,TLKM.JK,0.7118775825279986
2021-03-03,3480.0,3480.0,3420.0,3440.0,2448.859130859375,82610700,TLKM.JK,0.7118776543195857
2021-03-04,3420.0,3430.0,3350.0,3360.0,2391.908935546875,142322100,TLKM.JK,0.7118776593889509
2021-03-05,3340.0,3370.0,3320.0,3320.0,2363.43359375,128546000,TLKM.JK,0.7118775884789157
2021-03-08,3360.0,3400.0,3330.0,3340.0,2377.671142578125,80094900,TLKM.JK,0.711877587598241
2021-03-09,3370.0,3390.0,3280.0,3290.0,2342.077392578125,110090800,TLKM.JK,0.7118776269234423
2021-03-10,3340.0,3420.0,3310.0,3400.0,2420.384033203125,91631900,TLKM.JK,0.7118776568244485
2021-03-12,3440.0,3480.0,3430.0,3450.0,2455.97802734375,100195200,TLKM.JK,0.7118776890851449
2021-03-15,3440.0,3450.0,3380.0,3380.0,2406.146728515625,50077300,TLKM.JK,0.7118777303300665
2021-03-16,3400.0,3410.0,3360.0,3360.0,2391.908935546875,60111200,TLKM.JK,0.7118776593889509
2021-03-17,3410.0,3430.0,3370.0,3390.0,2413.26513671875,61701400,TLKM.JK,0.7118776214509587
2021-03-18,3450.0,3480.0,3430.0,3450.0,2455.97802734375,101896400,TLKM.JK,0.7118776890851449
2021-03-19,3410.0,3440.0,3380.0,3440.0,2448.859130859375,140000000,TLKM.JK,0.7118776543195857
2021-03-22,3440.0,3440.0,3380.0,3380.0,2406.146728515625,53870300,TLKM.JK,0.7118777303300665
2021-03-23,3390.0,3420.0,3350.0,3360.0,2391.908935546875,55323200,TLKM.JK,0.7118776593889509
2021-03-24,3320.0,3390.0,3320.0,3370.0,2399.027587890625,67173200,TLKM.JK,0.7118776225194733
2021-03-25,3400.0,3430.0,3380.0,3410.0,2427.502685546875,107607200,TLKM.JK,0.711877620394978
2021-03-26,3410.0,3500.0,3390.0,3490.0,2484.452880859375,106810400,TLKM.JK,0.7118776162920846
2021-03-29,3470.0,3490.0,3400.0,3410.0,2427.502685546875,72214100,TLKM.JK,0.711877620394978
2021-03-30,3420.0,3430.0,3360.0,3380.0,2406.146728515625,66491800,TLKM.JK,0.7118777303300665
2021-03-31,3380.0,3420.0,3330.0,3420.0,2434.62158203125,134671900,TLKM.JK,0.711877655564693
2021-04-01,3390.0,3440.0,3380.0,3390.0,2413.26513671875,73332000,TLKM.JK,0.7118776214509587
2021-04-05,3430.0,3430.0,3370.0,3380.0,2406.146728515625,36029200,TLKM.JK,0.7118777303300665
2021-04-06,3400.0,3410.0,3370.0,3370.0,2399.027587890625,40566400,TLKM.JK,0.7118776225194733
2021-04-07,3410.0,3430.0,3380.0,3400.0,2420.384033203125,84754300,TLKM.JK,0.7118776568244485
2021-04-08,3380.0,3400.0,3380.0,3390.0,2413.26513671875,59079700,TLKM.JK,0.7118776214509587
2021-04-09,3390.0,3390.0,3360.0,3360.0,2391.908935546875,56861400,TLKM.JK,0.7118776593889509
2021-04-12,3340.0,3390.0,3300.0,3310.0,2356.31494140625,79003200,TLKM.JK,0.7118776258024925
2021-04-13,3340.0,3340.0,3300.0,3330.0,2370.552490234375,51300200,TLKM.JK,0.7118776246950075
2021-04-14,3360.0,3360.0,3320.0,3340.0,2377.671142578125,52587500,TLKM.JK,0.711877587598241
2021-04-15,3340.0,3360.0,3320.0,3360.0,2391.908935546875,65669100,TLKM.JK,0.7118776593889509
2021-04-16,3370.0,3370.0,3320.0,3360.0,2391.908935546875,52517800,TLKM.JK,0.7118776593889509
2021-04-19,3330.0,3360.0,3330.0,3340.0,2377.671142578125,44899700,TLKM.JK,0.711877587598241
2021-04-20,3330.0,3350.0,3300.0,3320.0,2363.43359375,55700100,TLKM.JK,0.7118775884789157
2021-04-21,3290.0,3330.0,3280.0,3280.0,2334.958740234375,47167800,TLKM.JK,0.7118776647056021
2021-04-22,3290.0,3340.0,3290.0,3330.0,2370.552490234375,54970000,TLKM.JK,0.7118776246950075
2021-04-23,3330.0,3330.0,3290.0,3310.0,2356.31494140625,39798400,TLKM.JK,0.7118776258024925
2021-04-26,3280.0,3300.0,3250.0,3250.0,2313.6025390625,55076200,TLKM.JK,0.7118777043269231
2021-04-27,3240.0,3250.0,3140.0,3160.0,2249.532958984375,166985400,TLKM.JK,0.7118775186659415
2021-04-28,3160.0,3170.0,3130.0,3140.0,2235.2958984375,91596300,TLKM.JK,0.7118776746616242
2021-04-29,3150.0,3210.0,3140.0,3200.0,2278.008544921875,111785100,TLKM.JK,0.7118776702880859
2021-04-30,3220.0,3260.0,3200.0,3200.0,2278.008544921875,143840800,TLKM.JK,0.7118776702880859
2021-05-03,3200.0,3210.0,3130.0,3170.0,2256.652099609375,124724400,TLKM.JK,0.7118776339461751
2021-05-04,3180.0,3210.0,3170.0,3210.0,2285.126953125,60180600,TLKM.JK,0.7118775554906542
2021-05-05,3210.0,3210.0,3180.0,3200.0,2278.008544921875,76480300,TLKM.JK,0.7118776702880859
2021-05-06,3200.0,3200.0,3150.0,3190.0,2270.8896484375,91955600,TLKM.JK,0.7118776327390283
2021-05-07,3200.0,3220.0,3180.0,3190.0,2270.8896484375,98099900,TLKM.JK,0.7118776327390283
2021-05-10,3190.0,3200.0,3160.0,3170.0,2256.652099609375,104121900,TLKM.JK,0.7118776339461751
2021-05-11,3170.0,3200.0,3150.0,3180.0,2263.770751953125,94281900,TLKM.JK,0.7118775949538129
2021-05-17,3190.0,3190.0,3150.0,3190.0,2270.8896484375,114071400,TLKM.JK,0.7118776327390283
2021-05-18,3190.0,3190.0,3150.0,3180.0,2263.770751953125,77310400,TLKM.JK,0.7118775949538129
2021-05-19,3150.0,3220.0,3150.0,3160.0,2249.532958984375,48958100,TLKM.JK,0.7118775186659415
2021-05-20,3190.0,3320.0,3180.0,3310.0,2356.31494140625,197430900,TLKM.JK,0.7118776258024925
2021-05-21,3340.0,3350.0,3270.0,3270.0,2327.83984375,104101400,TLKM.JK,0.711877628058104
2021-05-24,3290.0,3330.0,3220.0,3260.0,2320.72119140625,64347100,TLKM.JK,0.7118776660755368
2021-05-25,3290.0,3320.0,3270.0,3300.0,2349.196044921875,62218300,TLKM.JK,0.7118775893702651
2021-05-27,3350.0,3400.0,3330.0,3380.0,2406.146728515625,233551300,TLKM.JK,0.7118777303300665
2021-05-28,3380.0,3400.0,3260.0,3270.0,2327.83984375,87439800,TLKM.JK,0.711877628058104
2021-05-31,3300.0,3460.0,3300.0,3440.0,2448.859130859375,155768200,TLKM.JK,0.7118776543195857
2021-06-02,3490.0,3500.0,3420.0,3450.0,2455.97802734375,108933400,TLKM.JK,0.7118776890851449
2021-06-03,3420.0,3490.0,3420.0,3490.0,2484.452880859375,77627900,TLKM.JK,0.7118776162920846
2021-06-04,3490.0,3510.0,3450.0,3500.0,2491.57177734375,70624200,TLKM.JK,0.7118776506696428
2021-06-07,3540.0,3570.0,3500.0,3550.0,2527.165283203125,124440300,TLKM.JK,0.7118775445642606
2021-06-08,3550.0,3550.0,3470.0,3500.0,2491.57177734375,132409400,TLKM.JK,0.7118776506696428
2021-06-09,3340.0,3400.0,3310.0,3390.0,2534.949951171875,112204200,TLKM.JK,0.7477728469533554
2021-06-10,3350.0,3500.0,3340.0,3480.0,2602.24951171875,137713700,TLKM.JK,0.7477728481950431
2021-06-11,3490.0,3500.0,3420.0,3470.0,2594.771728515625,82336600,TLKM.JK,0.7477728324252522
2021-06-14,3460.0,3470.0,3400.0,3410.0,2549.905029296875,46016500,TLKM.JK,0.7477727358641862
2021-06-15,3410.0,3440.0,3380.0,3440.0,2572.33837890625,60528600,TLKM.JK,0.7477727845657703
2021-06-16,3380.0,3430.0,3380.0,3410.0,2549.905029296875,39149800,TLKM.JK,0.7477727358641862
2021-06-17,3370.0,3420.0,3350.0,3350.0,2505.0390625,50286100,TLKM.JK,0.747772854477612
2021-06-18,3350.0,3400.0,3290.0,3350.0,2505.0390625,168414300,TLKM.JK,0.747772854477612
2021-06-21,3280.0,3340.0,3260.0,3300.0,2467.650390625,74248200,TLKM.JK,0.7477728456439394
2021-06-22,3300.0,3370.0,3290.0,3300.0,2467.650390625,89349200,TLKM.JK,0.7477728456439394
2021-06-23,3310.0,3420.0,3310.0,3370.0,2519.994384765625,81901000,TLKM.JK,0.7477728144705119
2021-06-24,3330.0,3360.0,3240.0,3250.0,2430.261962890625,101334200,TLKM.JK,0.7477729116586539
2021-06-25,3250.0,3300.0,3240.0,3250.0,2430.261962890625,58330700,TLKM.JK,0.7477729116586539
2021-06-28,3250.0,3260.0,3170.0,3170.0,2370.440185546875,66338900,TLKM.JK,0.7477729291945978
2021-06-29,3190.0,3260.0,3150.0,3160.0,2362.962158203125,123411200,TLKM.JK,0.7477728348744066
2021-06-30,3150.0,3180.0,3130.0,3150.0,2355.484619140625,142204500,TLKM.JK,0.7477728949652778
2021-07-01,3160.0,3170.0,3090.0,3110.0,2325.57373046875,143665900,TLKM.JK,0.747772903687701
2021-07-02,3110.0,3130.0,3060.0,3070.0,2295.662841796875,161855700,TLKM.JK,0.7477729126374185
2021-07-05,3070.0,3090.0,3010.0,3040.0,2273.2294921875,133815000,TLKM.JK,0.7477728592722039
2021-07-06,3050.0,3070.0,3000.0,3010.0,2250.79638671875,151573500,TLKM.JK,0.7477728859530731
2021-07-07,3030.0,3070.0,3010.0,3030.0,2265.751708984375,110215500,TLKM.JK,0.7477728412489687
2021-07-08,3060.0,3060.0,3000.0,3010.0,2250.79638671875,132576600,TLKM.JK,0.7477728859530731
2021-07-09,3040.0,3170.0,3030.0,3160.0,2362.962158203125,222916400,TLKM.JK,0.7477728348744066
2021-07-12,3190.0,3190.0,3110.0,3130.0,2340.529052734375,86268000,TLKM.JK,0.7477728602985224
2021-07-13,3160.0,3160.0,3050.0,3070.0,2295.662841796875,82856600,TLKM.JK,0.7477729126374185
2021-07-14,3050.0,3070.0,3020.0,3060.0,2288.18505859375,84993400,TLKM.JK,0.7477728949652778
2021-07-15,3110.0,3140.0,3080.0,3130.0,2340.529052734375,88092800,TLKM.JK,0.7477728602985224
2021-07-16,3140.0,3170.0,3110.0,3170.0,2370.440185546875,63626300,TLKM.JK,0.7477729291945978
2021-07-19,3160.0,3230.0,3150.0,3220.0,2407.828857421875,116219500,TLKM.JK,0.7477729370875388
2021-07-21,3190.0,3240.0,3180.0,3210.0,2400.350830078125,115099400,TLKM.JK,0.7477728442610981
2021-07-22,3210.0,3260.0,3210.0,3260.0,2437.73974609375,48865700,TLKM.JK,0.7477729282496166
2021-07-23,3250.0,3250.0,3150.0,3170.0,2370.440185546875,67128400,TLKM.JK,0.7477729291945978
2021-07-26,3140.0,3200.0,3140.0,3190.0,2385.3955078125,55525800,TLKM.JK,0.7477728864615988
2021-07-27,3210.0,3270.0,3160.0,3270.0,2445.21728515625,62673400,TLKM.JK,0.7477728700783639
2021-07-28,3250.0,3250.0,3150.0,3190.0,2385.3955078125,103282300,TLKM.JK,0.7477728864615988
2021-07-29,3210.0,3290.0,3200.0,3230.0,2415.306396484375,126542400,TLKM.JK,0.7477728781685371
2021-07-30,3200.0,3290.0,3200.0,3240.0,2422.7841796875,95143100,TLKM.JK,0.7477728949652778
2021-08-02,3240.0,3310.0,3210.0,3310.0,2475.128173828125,60368200,TLKM.JK,0.7477728621837235
2021-08-03,3310.0,3360.0,3290.0,3330.0,2490.08349609375,89712500,TLKM.JK,0.7477728216497748
2021-08-04,3330.0,3370.0,3310.0,3370.0,2519.994384765625,63108600,TLKM.JK,0.7477728144705119
2021-08-05,3360.0,3400.0,3320.0,3340.0,2497.561279296875,89742800,TLKM.JK,0.7477728381128368
2021-08-06,3360.0,3380.0,3310.0,3320.0,2482.605712890625,31664200,TLKM.JK,0.7477728050875376
2021-08-09,3260.0,3300.0,3220.0,3250.0,2430.261962890625,70299500,TLKM.JK,0.7477729116586539
2021-08-10,3240.0,3270.0,3190.0,3230.0,2415.306396484375,57658000,TLKM.JK,0.7477728781685371
2021-08-12,3260.0,3350.0,3240.0,3350.0,2505.0390625,93133400,TLKM.JK,0.747772854477612
2021-08-13,3370.0,3380.0,3260.0,3300.0,2467.650390625,59903600,TLKM.JK,0.7477728456439394
2021-08-16,3300.0,3340.0,3290.0,3340.0,2497.561279296875,38661800,TLKM.JK,0.7477728381128368
2021-08-18,3360.0,3440.0,3350.0,3420.0,2557.38330078125,162921300,TLKM.JK,0.7477728949652778
2021-08-19,3410.0,3430.0,3360.0,3390.0,2534.949951171875,100851800,TLKM.JK,0.7477728469533554
2021-08-20,3390.0,3430.0,3370.0,3400.0,2542.427734375,113411000,TLKM.JK,0.7477728630514706
2021-08-23,3420.0,3440.0,3400.0,3440.0,2572.33837890625,64122400,TLKM.JK,0.7477727845657703
2021-08-24,3410.0,3420.0,3310.0,3400.0,2542.427734375,69338100,TLKM.JK,0.7477728630514706
2021-08-25,3390.0,3390.0,3330.0,3370.0,2519.994384765625,66618200,TLKM.JK,0.7477728144705119
2021-08-26,3330.0,3360.0,3320.0,3360.0,2512.5166015625,55756100,TLKM.JK,0.7477727980840774
2021-08-27,3370.0,3370.0,3310.0,3320.0,2482.605712890625,62419000,TLKM.JK,0.7477728050875376
2021-08-30,3330.0,3400.0,3330.0,3400.0,2542.427734375,64177700,TLKM.JK,0.7477728630514706
2021-08-31,3400.0,3420.0,3360.0,3400.0,2542.427734375,130019000,TLKM.JK,0.7477728630514706
2021-09-01,3420.0,3420.0,3330.0,3340.0,2497.561279296875,85135200,TLKM.JK,0.7477728381128368
2021-09-02,3350.0,3390.0,3350.0,3370.0,2519.994384765625,51633800,TLKM.JK,0.7477728144705119
2021-09-03,3400.0,3420.0,3370.0,3390.0,2534.949951171875,65479800,TLKM.JK,0.7477728469533554
2021-09-06,3410.0,3410.0,3380.0,3390.0,2534.949951171875,52640400,TLKM.JK,0.7477728469533554
2021-09-07,3410.0,3410.0,3360.0,3380.0,2527.47216796875,42617400,TLKM.JK,0.7477728307599852
2021-09-08,3400.0,3400.0,3310.0,3330.0,2490.08349609375,80636800,TLKM.JK,0.7477728216497748
2021-09-09,3360.0,3390.0,3330.0,3390.0,2534.949951171875,82214400,TLKM.JK,0.7477728469533554
2021-09-10,3380.0,3390.0,3320.0,3330.0,2490.08349609375,52115300,TLKM.JK,0.7477728216497748
2021-09-13,3310.0,3350.0,3300.0,3350.0,2505.0390625,45547200,TLKM.JK,0.747772854477612
2021-09-14,3380.0,3450.0,3350.0,3440.0,2572.33837890625,166002100,TLKM.JK,0.7477727845657703
2021-09-15,3430.0,3450.0,3410.0,3450.0,2579.81640625,73158300,TLKM.JK,0.7477728713768116
2021-09-16,3470.0,3470.0,3400.0,3440.0,2572.33837890625,58318700,TLKM.JK,0.7477727845657703
2021-09-17,3400.0,3530.0,3390.0,3530.0,2639.63818359375,117573100,TLKM.JK,0.7477728565421388
2021-09-20,3500.0,3520.0,3460.0,3520.0,2632.16015625,83985100,TLKM.JK,0.7477727716619318
2021-09-21,3500.0,3560.0,3480.0,3530.0,2639.63818359375,95848100,TLKM.JK,0.7477728565421388
2021-09-22,3530.0,3590.0,3520.0,3590.0,2684.50439453125,66835200,TLKM.JK,0.7477728118471448
2021-09-23,3600.0,3610.0,3550.0,3560.0,2662.071533203125,104737500,TLKM.JK,0.7477729025851475
2021-09-24,3560.0,3580.0,3540.0,3560.0,2662.071533203125,72224500,TLKM.JK,0.7477729025851475
2021-09-27,3530.0,3560.0,3480.0,3520.0,2632.16015625,87303000,TLKM.JK,0.7477727716619318
2021-09-28,3510.0,3540.0,3490.0,3530.0,2639.63818359375,54671700,TLKM.JK,0.7477728565421388
2021-09-29,3490.0,3540.0,3490.0,3530.0,2639.63818359375,53170100,TLKM.JK,0.7477728565421388
2021-09-30,3550.0,3690.0,3540.0,3690.0,2759.28173828125,153853900,TLKM.JK,0.7477728288025067
2021-10-01,3680.0,3690.0,3610.0,3660.0,2736.8486328125,109898400,TLKM.JK,0.7477728504952186
2021-10-04,3620.0,3670.0,3600.0,3670.0,2744.326416015625,82205100,TLKM.JK,0.7477728653993528
2021-10-05,3670.0,3680.0,3620.0,3670.0,2744.326416015625,140488300,TLKM.JK,0.7477728653993528
2021-10-06,3690.0,3770.0,3650.0,3760.0,2811.6259765625,153535700,TLKM.JK,0.7477728661070479
2021-10-07,3720.0,3740.0,3690.0,3720.0,2781.715087890625,56837600,TLKM.JK,0.7477728730888777
2021-10-08,3730.0,3800.0,3720.0,3800.0,2841.53662109375,91361800,TLKM.JK,0.7477727950246711
2021-10-11,3800.0,3850.0,3770.0,3810.0,2849.0146484375,78865000,TLKM.JK,0.747772873605643
2021-10-12,3780.0,3840.0,3770.0,3780.0,2826.581298828125,69866300,TLKM.JK,0.7477728303778108
2021-10-13,3750.0,3820.0,3750.0,3770.0,2819.103515625,87143900,TLKM.JK,0.7477728158156499
2021-10-14,3770.0,3830.0,3770.0,3830.0,2863.969970703125,95817900,TLKM.JK,0.747772838303688
2021-10-15,3840.0,3840.0,3750.0,3810.0,2849.0146484375,69707700,TLKM.JK,0.747772873605643
2021-10-18,3840.0,3840.0,3790.0,3790.0,2834.05908203125,78580700,TLKM.JK,0.7477728448631267
2021-10-19,3750.0,3800.0,3720.0,3740.0,2796.670654296875,61095700,TLKM.JK,0.7477729022184157
2021-10-21,3780.0,3880.0,3760.0,3850.0,2878.925537109375,169659500,TLKM.JK,0.7477728667816559
2021-10-22,3860.0,3880.0,3820.0,3870.0,2893.880859375,59640700,TLKM.JK,0.747772831879845
2021-10-25,3800.0,3840.0,3780.0,3780.0,2826.581298828125,58246300,TLKM.JK,0.7477728303778108
2021-10-26,3800.0,3830.0,3780.0,3800.0,2841.53662109375,58615100,TLKM.JK,0.7477727950246711
2021-10-27,3820.0,3830.0,3770.0,3790.0,2834.05908203125,52210100,TLKM.JK,0.7477728448631267
2021-10-28,3820.0,3820.0,3710.0,3750.0,2804.148193359375,61151100,TLKM.JK,0.7477728515625
2021-10-29,3750.0,3810.0,3730.0,3800.0,2841.53662109375,70430900,TLKM.JK,0.7477727950246711
2021-11-01,3810.0,3820.0,3700.0,3700.0,2766.759521484375,65447100,TLKM.JK,0.7477728436444256
2021-11-02,3700.0,3710.0,3640.0,3660.0,2736.8486328125,170260000,TLKM.JK,0.7477728504952186
2021-11-03,3620.0,3740.0,3620.0,3720.0,2781.715087890625,48810500,TLKM.JK,0.7477728730888777
2021-11-04,3750.0,3780.0,3720.0,3770.0,2819.103515625,53494200,TLKM.JK,0.7477728158156499
2021-11-05,3760.0,3770.0,3710.0,3770.0,2819.103515625,43133000,TLKM.JK,0.7477728158156499
2021-11-08,3780.0,3780.0,3710.0,3750.0,2804.148193359375,58758600,TLKM.JK,0.7477728515625
2021-11-09,3730.0,3740.0,3680.0,3710.0,2774.237060546875,92427800,TLKM.JK,0.7477727926002359
2021-11-10,3670.0,3720.0,3670.0,3700.0,2766.759521484375,53511200,TLKM.JK,0.7477728436444256
2021-11-11,3700.0,3730.0,3640.0,3650.0,2729.370849609375,95789600,TLKM.JK,0.7477728355094178
2021-11-12,3660.0,3660.0,3600.0,3600.0,2691.982177734375,115142400,TLKM.JK,0.7477728271484375
2021-11-15,3600.0,3650.0,3600.0,3600.0,2691.982177734375,91001800,TLKM.JK,0.7477728271484375
2021-11-16,3590.0,3680.0,3590.0,3670.0,2744.326416015625,99590700,TLKM.JK,0.7477728653993528
2021-11-17,3690.0,3690.0,3600.0,3630.0,2714.415283203125,82023300,TLKM.JK,0.747772805290117
2021-11-18,3630.0,3640.0,3600.0,3630.0,2714.415283203125,53290400,TLKM.JK,0.747772805290117
2021-11-19,3660.0,3920.0,3660.0,3900.0,2916.314208984375,310615000,TLKM.JK,0.7477728740985576
2021-11-22,3920.0,3930.0,3780.0,3800.0,2841.53662109375,206683100,TLKM.JK,0.7477727950246711
2021-11-23,3800.0,3850.0,3780.0,3800.0,2841.53662109375,67778800,TLKM.JK,0.7477727950246711
2021-11-24,3840.0,3840.0,3790.0,3800.0,2841.53662109375,67303800,TLKM.JK,0.7477727950246711
2021-11-25,3880.0,4090.0,3850.0,4000.0,2991.09130859375,264897100,TLKM.JK,0.7477728271484375
2021-11-26,4040.0,4050.0,3970.0,4010.0,2998.5693359375,231870300,TLKM.JK,0.7477729017300498
2021-11-29,4010.0,4170.0,3980.0,4140.0,3095.779541015625,228774600,TLKM.JK,0.7477728359941124
2021-11-30,4150.0,4170.0,3990.0,3990.0,2983.61376953125,435800600,TLKM.JK,0.7477728745692356
2021-12-01,4040.0,4150.0,4020.0,4080.0,3050.9130859375,200699200,TLKM.JK,0.7477728151807598
2021-12-02,4140.0,4190.0,4100.0,4160.0,3110.73486328125,116093100,TLKM.JK,0.7477728036733774
2021-12-03,4130.0,4180.0,4050.0,4070.0,3043.435546875,96760700,TLKM.JK,0.7477728616400492
2021-12-06,4060.0,4250.0,4050.0,4170.0,3118.213134765625,106756900,TLKM.JK,0.7477729339965528
2021-12-07,4180.0,4200.0,4120.0,4150.0,3103.257568359375,121543400,TLKM.JK,0.7477729080384036
2021-12-08,4100.0,4120.0,4010.0,4090.0,3058.39111328125,113845600,TLKM.JK,0.747772888332824
2021-12-09,4090.0,4150.0,4080.0,4150.0,3103.257568359375,86985800,TLKM.JK,0.7477729080384036
2021-12-10,4070.0,4150.0,4070.0,4150.0,3103.257568359375,90725000,TLKM.JK,0.7477729080384036
2021-12-13,4150.0,4150.0,4080.0,4080.0,3050.9130859375,65533000,TLKM.JK,0.7477728151807598
2021-12-14,4120.0,4120.0,4070.0,4100.0,3065.868896484375,75736900,TLKM.JK,0.7477729015815548
2021-12-15,4060.0,4140.0,4060.0,4080.0,3050.9130859375,84424500,TLKM.JK,0.7477728151807598
2021-12-16,4110.0,4150.0,4060.0,4100.0,3065.868896484375,98164300,TLKM.JK,0.7477729015815548
2021-12-17,4010.0,4100.0,4010.0,4100.0,3065.868896484375,149615800,TLKM.JK,0.7477729015815548
2021-12-20,4070.0,4110.0,4040.0,4080.0,3050.9130859375,72794200,TLKM.JK,0.7477728151807598
2021-12-21,4110.0,4190.0,4100.0,4160.0,3110.73486328125,98039300,TLKM.JK,0.7477728036733774
2021-12-22,4160.0,4170.0,4110.0,4110.0,3073.346435546875,50574500,TLKM.JK,0.7477728553642031
2021-12-23,4110.0,4160.0,4100.0,4160.0,3110.73486328125,54508200,TLKM.JK,0.7477728036733774
2021-12-24,4160.0,4170.0,4100.0,4110.0,3073.346435546875,29075600,TLKM.JK,0.7477728553642031
2021-12-27,4150.0,4150.0,4070.0,4080.0,3050.9130859375,30748000,TLKM.JK,0.7477728151807598
2021-12-28,4080.0,4130.0,4050.0,4090.0,3058.39111328125,39443300,TLKM.JK,0.747772888332824
2021-12-29,4100.0,4130.0,4080.0,4080.0,3050.9130859375,25596100,TLKM.JK,0.7477728151807598
2021-12-30,4130.0,4130.0,4040.0,4040.0,3021.00244140625,50575100,TLKM.JK,0.7477728815362005
2022-01-03,4060.0,4180.0,4050.0,4180.0,3125.6904296875,65937900,TLKM.JK,0.7477728300687799
2022-01-04,4180.0,4200.0,4150.0,4170.0,3118.213134765625,42984700,TLKM.JK,0.7477729339965528
2022-01-05,4150.0,4190.0,4030.0,4050.0,3028.47998046875,119584700,TLKM.JK,0.747772834683642
2022-01-06,4090.0,4120.0,4030.0,4120.0,3080.82421875,89197500,TLKM.JK,0.7477728686286408
2022-01-07,4120.0,4190.0,4090.0,4170.0,3118.213134765625,68415100,TLKM.JK,0.7477729339965528
2022-01-10,4180.0,4190.0,4100.0,4100.0,3065.868896484375,44921200,TLKM.JK,0.7477729015815548
2022-01-11,4120.0,4160.0,4090.0,4090.0,3058.39111328125,61890200,TLKM.JK,0.747772888332824
2022-01-12,4110.0,4140.0,4070.0,4110.0,3073.346435546875,45132700,TLKM.JK,0.7477728553642031
2022-01-13,4170.0,4180.0,4110.0,4180.0,3125.6904296875,84148400,TLKM.JK,0.7477728300687799
2022-01-14,4140.0,4190.0,4130.0,4190.0,3133.168212890625,28193100,TLKM.JK,0.7477728431719869
2022-01-17,4200.0,4200.0,4140.0,4180.0,3125.6904296875,39816300,TLKM.JK,0.7477728300687799
2022-01-18,4200.0,4250.0,4160.0,4250.0,3178.034912109375,112212200,TLKM.JK,0.7477729204963235
2022-01-19,4260.0,4260.0,4230.0,4250.0,3178.034912109375,88713900,TLKM.JK,0.7477729204963235
2022-01-20,4300.0,4300.0,4190.0,4220.0,3155.601318359375,100014500,TLKM.JK,0.7477728242557761
2022-01-21,4240.0,4330.0,4190.0,4330.0,3237.856689453125,75534800,TLKM.JK,0.7477729074949481
2022-01-24,4260.0,4310.0,4250.0,4300.0,3215.423095703125,70404500,TLKM.JK,0.7477728129542152
2022-01-25,4310.0,4320.0,4250.0,4290.0,3207.945556640625,116353600,TLKM.JK,0.7477728570257867
2022-01-26,4380.0,4390.0,4290.0,4390.0,3282.722900390625,127641400,TLKM.JK,0.747772870248434
2022-01-27,4400.0,4400.0,4260.0,4270.0,3192.989990234375,98613900,TLKM.JK,0.7477728314366218
2022-01-28,4260.0,4300.0,4230.0,4260.0,3185.512451171875,61686700,TLKM.JK,0.7477728758619425
2022-01-31,4210.0,4250.0,4190.0,4190.0,3133.168212890625,88735900,TLKM.JK,0.7477728431719869
2022-02-02,4170.0,4200.0,4150.0,4170.0,3118.213134765625,144006000,TLKM.JK,0.7477729339965528
2022-02-03,4200.0,4210.0,4160.0,4200.0,3140.646240234375,58212400,TLKM.JK,0.7477729143415178
2022-02-04,4260.0,4260.0,4180.0,4230.0,3163.079345703125,98728700,TLKM.JK,0.7477728949652778
2022-02-07,4230.0,4290.0,4210.0,4290.0,3207.945556640625,90285800,TLKM.JK,0.7477728570257867
2022-02-08,4280.0,4280.0,4230.0,4230.0,3163.079345703125,71210400,TLKM.JK,0.7477728949652778
2022-02-09,4280.0,4280.0,4210.0,4280.0,3200.46826171875,95375000,TLKM.JK,0.7477729583455023
2022-02-10,4400.0,4470.0,4340.0,4460.0,3335.06689453125,233984700,TLKM.JK,0.7477728463074551
2022-02-11,4500.0,4550.0,4410.0,4450.0,3327.589111328125,130081900,TLKM.JK,0.7477728340063202
2022-02-14,4380.0,4400.0,4310.0,4400.0,3290.20068359375,104903700,TLKM.JK,0.7477728826349432
2022-02-15,4400.0,4440.0,4360.0,4410.0,3297.678466796875,75305900,TLKM.JK,0.7477728949652778
2022-02-16,4420.0,4460.0,4380.0,4400.0,3290.20068359375,90121200,TLKM.JK,0.7477728826349432
2022-02-17,4400.0,4440.0,4360.0,4410.0,3297.678466796875,72970200,TLKM.JK,0.7477728949652778
2022-02-18,4420.0,4440.0,4370.0,4400.0,3290.20068359375,71111300,TLKM.JK,0.7477728826349432
2022-02-21,4370.0,4420.0,4340.0,4370.0,3267.767578125,58883000,TLKM.JK,0.7477729011727688
2022-02-22,4320.0,4360.0,4250.0,4300.0,3215.423095703125,106985800,TLKM.JK,0.7477728129542152
2022-02-23,4280.0,4370.0,4270.0,4350.0,3252.811767578125,110562400,TLKM.JK,0.7477728201329022
2022-02-24,4280.0,4320.0,4200.0,4240.0,3170.556884765625,126158600,TLKM.JK,0.7477728501805719
2022-02-25,4240.0,4350.0,4240.0,4340.0,3245.334228515625,208757000,TLKM.JK,0.7477728637132777
2022-03-01,4640.0,4650.0,4350.0,4350.0,3252.811767578125,206416900,TLKM.JK,0.7477728201329022
2022-03-02,4400.0,4400.0,4270.0,4290.0,3207.945556640625,152165300,TLKM.JK,0.7477728570257867
2022-03-04,4440.0,4440.0,4300.0,4400.0,3290.20068359375,155369100,TLKM.JK,0.7477728826349432
2022-03-07,4400.0,4530.0,4370.0,4510.0,3372.455810546875,177360400,TLKM.JK,0.7477729069948725
2022-03-08,4600.0,4700.0,4540.0,4620.0,3454.710693359375,234086000,TLKM.JK,0.7477728773505141
2022-03-09,4550.0,4620.0,4420.0,4440.0,3320.111572265625,145145900,TLKM.JK,0.747772876636402
2022-03-10,4500.0,4500.0,4380.0,4410.0,3297.678466796875,130830800,TLKM.JK,0.7477728949652778
2022-03-11,4410.0,4590.0,4400.0,4590.0,3432.277587890625,143446200,TLKM.JK,0.7477728949652778
2022-03-14,4650.0,4670.0,4540.0,4580.0,3424.7998046875,166572700,TLKM.JK,0.7477728831195415
2022-03-15,4630.0,4630.0,4570.0,4620.0,3454.710693359375,231077800,TLKM.JK,0.7477728773505141
2022-03-16,4660.0,4660.0,4550.0,4630.0,3462.188232421875,109961900,TLKM.JK,0.7477728363762149
2022-03-17,4550.0,4580.0,4450.0,4480.0,3350.022705078125,246300800,TLKM.JK,0.7477729252406529
2022-03-18,4490.0,4540.0,4470.0,4540.0,3394.888671875,210266100,TLKM.JK,0.7477728352147577
2022-03-21,4550.0,4570.0,4520.0,4550.0,3402.36669921875,79691600,TLKM.JK,0.7477729009271978
2022-03-22,4550.0,4580.0,4540.0,4550.0,3402.36669921875,98699900,TLKM.JK,0.7477729009271978
2022-03-23,4550.0,4570.0,4500.0,4550.0,3402.36669921875,78299500,TLKM.JK,0.7477729009271978
2022-03-24,4500.0,4570.0,4500.0,4560.0,3409.84423828125,89578400,TLKM.JK,0.7477728592722039
2022-03-25,4510.0,4540.0,4480.0,4520.0,3379.93359375,90053700,TLKM.JK,0.747772918971239
2022-03-28,4510.0,4600.0,4500.0,4600.0,3439.755126953125,184131000,TLKM.JK,0.747772853685462
2022-03-29,4600.0,4620.0,4560.0,4560.0,3409.84423828125,77920800,TLKM.JK,0.7477728592722039
2022-03-30,4620.0,4620.0,4560.0,4580.0,3424.7998046875,118749100,TLKM.JK,0.7477728831195415
2022-03-31,4620.0,4640.0,4560.0,4580.0,3424.7998046875,108109700,TLKM.JK,0.7477728831195415
2022-04-01,4550.0,4580.0,4530.0,4580.0,3424.7998046875,86590300,TLKM.JK,0.7477728831195415
2022-04-04,4560.0,4570.0,4490.0,4540.0,3394.888671875,103480300,TLKM.JK,0.7477728352147577
2022-04-05,4550.0,4550.0,4500.0,4520.0,3379.93359375,52172300,TLKM.JK,0.747772918971239
2022-04-06,4490.0,4500.0,4420.0,4430.0,3312.6337890625,108368800,TLKM.JK,0.7477728643481941
2022-04-07,4450.0,4540.0,4440.0,4540.0,3394.888671875,143921800,TLKM.JK,0.7477728352147577
2022-04-08,4580.0,4610.0,4560.0,4580.0,3424.7998046875,161974500,TLKM.JK,0.7477728831195415
2022-04-11,4610.0,4610.0,4550.0,4590.0,3432.277587890625,90521500,TLKM.JK,0.7477728949652778
2022-04-12,4620.0,4630.0,4580.0,4630.0,3462.188232421875,187948000,TLKM.JK,0.7477728363762149
2022-04-13,4700.0,4720.0,4650.0,4690.0,3507.0546875,196864200,TLKM.JK,0.747772854477612
2022-04-14,4700.0,4730.0,4660.0,4680.0,3499.576904296875,112735200,TLKM.JK,0.7477728427984776
2022-04-18,4720.0,4730.0,4690.0,4710.0,3522.009765625,120778200,TLKM.JK,0.7477727740180468
2022-04-19,4740.0,4750.0,4680.0,4680.0,3499.576904296875,92268300,TLKM.JK,0.7477728427984776
2022-04-20,4680.0,4690.0,4620.0,4630.0,3462.188232421875,88360900,TLKM.JK,0.7477728363762149
2022-04-21,4620.0,4670.0,4600.0,4620.0,3454.710693359375,97575800,TLKM.JK,0.7477728773505141
2022-04-22,4620.0,4680.0,4580.0,4620.0,3454.710693359375,101299100,TLKM.JK,0.7477728773505141
2022-04-25,4610.0,4720.0,4580.0,4710.0,3522.009765625,92045500,TLKM.JK,0.7477727740180468
2022-04-26,4680.0,4760.0,4670.0,4760.0,3559.398681640625,85945800,TLKM.JK,0.7477728322774422
2022-04-27,4720.0,4790.0,4720.0,4770.0,3566.87646484375,136485600,TLKM.JK,0.7477728437827568
2022-04-28,4850.0,4850.0,4620.0,4620.0,3454.710693359375,198484800,TLKM.JK,0.7477728773505141
2022-05-09,4560.0,4560.0,4300.0,4310.0,3222.901123046875,343682000,TLKM.JK,0.7477728823774652
2022-05-10,4120.0,4380.0,4120.0,4340.0,3245.334228515625,281386300,TLKM.JK,0.7477728637132777
2022-05-11,4400.0,4480.0,4330.0,4330.0,3237.856689453125,154455400,TLKM.JK,0.7477729074949481
2022-05-12,4340.0,4390.0,4250.0,4300.0,3215.423095703125,233518500,TLKM.JK,0.7477728129542152
2022-05-13,4250.0,4350.0,4230.0,4260.0,3185.512451171875,190889200,TLKM.JK,0.7477728758619425
2022-05-17,4250.0,4290.0,4180.0,4180.0,3125.6904296875,170880700,TLKM.JK,0.7477728300687799
2022-05-18,4230.0,4290.0,4190.0,4250.0,3178.034912109375,185359500,TLKM.JK,0.7477729204963235
2022-05-19,4180.0,4230.0,4150.0,4210.0,3148.12353515625,112679300,TLKM.JK,0.7477728112010095
2022-05-20,4220.0,4230.0,4170.0,4170.0,3118.213134765625,141701800,TLKM.JK,0.7477729339965528
2022-05-23,4160.0,4180.0,4070.0,4110.0,3073.346435546875,196569900,TLKM.JK,0.7477728553642031
2022-05-24,4120.0,4200.0,4120.0,4150.0,3103.257568359375,151693700,TLKM.JK,0.7477729080384036
2022-05-25,4200.0,4210.0,4150.0,4200.0,3140.646240234375,166595400,TLKM.JK,0.7477729143415178
2022-05-27,4260.0,4300.0,4210.0,4300.0,3215.423095703125,186513500,TLKM.JK,0.7477728129542152
2022-05-30,4340.0,4340.0,4200.0,4250.0,3178.034912109375,107614100,TLKM.JK,0.7477729204963235
2022-05-31,4270.0,4330.0,4230.0,4310.0,3222.901123046875,469620300,TLKM.JK,0.7477728823774652
2022-06-02,4390.0,4390.0,4270.0,4290.0,3207.945556640625,164481100,TLKM.JK,0.7477728570257867
2022-06-03,4310.0,4390.0,4300.0,4310.0,3222.901123046875,108852800,TLKM.JK,0.7477728823774652
2022-06-06,4310.0,4340.0,4270.0,4340.0,3245.334228515625,79319400,TLKM.JK,0.7477728637132777
2022-06-07,4340.0,4340.0,4250.0,4250.0,3178.034912109375,142504000,TLKM.JK,0.7477729204963235
2022-06-08,4150.0,4170.0,4080.0,4100.0,3178.008056640625,202555900,TLKM.JK,0.7751239162538109
2022-06-09,4080.0,4130.0,4050.0,4050.0,3139.251708984375,148580200,TLKM.JK,0.7751238787615741
2022-06-10,4040.0,4080.0,4000.0,4020.0,3115.998046875,189186700,TLKM.JK,0.7751238922574627
2022-06-13,3950.0,4100.0,3930.0,4080.0,3162.505615234375,156054900,TLKM.JK,0.7751239253025429
2022-06-14,4050.0,4120.0,4020.0,4110.0,3185.759033203125,117325600,TLKM.JK,0.7751238523608577
2022-06-15,4060.0,4080.0,4030.0,4060.0,3147.0029296875,94848800,TLKM.JK,0.775123874307266
2022-06-16,4120.0,4120.0,4030.0,4040.0,3131.50048828125,96042200,TLKM.JK,0.7751238832379331
2022-06-17,4010.0,4120.0,3980.0,4120.0,3193.51025390625,169375800,TLKM.JK,0.7751238480354976
2022-06-20,4050.0,4060.0,4000.0,4040.0,3131.50048828125,82101200,TLKM.JK,0.7751238832379331
2022-06-21,4060.0,4120.0,4030.0,4110.0,3185.759033203125,77489000,TLKM.JK,0.7751238523608577
2022-06-22,4090.0,4090.0,4040.0,4050.0,3139.251708984375,60907800,TLKM.JK,0.7751238787615741
2022-06-23,4030.0,4160.0,4030.0,4160.0,3224.51513671875,101065400,TLKM.JK,0.7751238309420072
2022-06-24,4230.0,4230.0,4100.0,4150.0,3216.764404296875,81050700,TLKM.JK,0.7751239528426205
2022-06-27,4110.0,4120.0,4040.0,4070.0,3154.754150390625,71574300,TLKM.JK,0.7751238698748464
2022-06-28,4010.0,4050.0,4000.0,4030.0,3123.7490234375,128618800,TLKM.JK,0.7751238271557072
2022-06-29,4000.0,4080.0,4000.0,4040.0,3131.50048828125,72888100,TLKM.JK,0.7751238832379331
2022-06-30,4110.0,4110.0,4000.0,4000.0,3100.495361328125,116718900,TLKM.JK,0.7751238403320313
2022-07-01,4010.0,4040.0,4000.0,4020.0,3115.998046875,39572500,TLKM.JK,0.7751238922574627
2022-07-04,4020.0,4040.0,3840.0,3990.0,3092.744384765625,115885200,TLKM.JK,0.775123905956297
2022-07-05,4010.0,4070.0,3950.0,3990.0,3092.744384765625,72329600,TLKM.JK,0.775123905956297
2022-07-06,4050.0,4050.0,3970.0,4020.0,3115.998046875,62679000,TLKM.JK,0.7751238922574627
2022-07-07,4040.0,4050.0,4010.0,4040.0,3131.50048828125,42393800,TLKM.JK,0.7751238832379331
2022-07-08,4050.0,4060.0,4000.0,4010.0,3108.246826171875,64049000,TLKM.JK,0.7751238968009664
2022-07-11,4100.0,4100.0,4000.0,4040.0,3131.50048828125,42258000,TLKM.JK,0.7751238832379331
2022-07-12,4060.0,4060.0,4010.0,4010.0,3108.246826171875,43399800,TLKM.JK,0.7751238968009664
2022-07-13,4010.0,4030.0,3930.0,3940.0,3053.98828125,96218200,TLKM.JK,0.775123929251269
2022-07-14,3940.0,4020.0,3900.0,4020.0,3115.998046875,68708500,TLKM.JK,0.7751238922574627
2022-07-15,4040.0,4210.0,4010.0,4150.0,3216.764404296875,146093800,TLKM.JK,0.7751239528426205
2022-07-18,4110.0,4190.0,4070.0,4190.0,3247.76904296875,84009400,TLKM.JK,0.7751238766035203
2022-07-19,4190.0,4190.0,4130.0,4160.0,3224.51513671875,91367900,TLKM.JK,0.7751238309420072
2022-07-20,4140.0,4220.0,4140.0,4210.0,3263.271484375,82344000,TLKM.JK,0.7751238680225653
2022-07-21,4210.0,4260.0,4180.0,4260.0,3302.02783203125,107234600,TLKM.JK,0.7751239042326878
2022-07-22,4240.0,4240.0,4190.0,4230.0,3278.77392578125,59792300,TLKM.JK,0.7751238595227541
2022-07-25,4240.0,4260.0,4220.0,4240.0,3286.525146484375,37218000,TLKM.JK,0.7751238553029186
2022-07-26,4240.0,4250.0,4190.0,4250.0,3294.276611328125,49786900,TLKM.JK,0.7751239085477941
2022-07-27,4230.0,4300.0,4210.0,4300.0,3333.032470703125,60672300,TLKM.JK,0.7751238303960756
2022-07-28,4310.0,4320.0,4190.0,4240.0,3286.525146484375,110767300,TLKM.JK,0.7751238553029186
2022-07-29,4280.0,4300.0,4210.0,4230.0,3278.77392578125,108823600,TLKM.JK,0.7751238595227541
2022-08-01,4230.0,4300.0,4230.0,4300.0,3333.032470703125,104724300,TLKM.JK,0.7751238303960756
2022-08-02,4350.0,4450.0,4250.0,4450.0,3449.301025390625,112228800,TLKM.JK,0.7751238259304776
2022-08-03,4450.0,4590.0,4410.0,4500.0,3488.057373046875,251825000,TLKM.JK,0.7751238606770834
2022-08-04,4450.0,4550.0,4450.0,4550.0,3526.813720703125,186881500,TLKM.JK,0.7751238946600275
2022-08-05,4590.0,4650.0,4530.0,4650.0,3604.326171875,268967200,TLKM.JK,0.7751239079301075
2022-08-08,4700.0,4700.0,4650.0,4700.0,3643.08251953125,191023500,TLKM.JK,0.7751239403257979
2022-08-09,4700.0,4700.0,4630.0,4640.0,3596.57470703125,164453900,TLKM.JK,0.7751238592739763
2022-08-10,4530.0,4590.0,4490.0,4560.0,3534.564697265625,162061400,TLKM.JK,0.7751238371196546
2022-08-11,4550.0,4610.0,4520.0,4570.0,3542.31591796875,123629000,TLKM.JK,0.7751238332535558
2022-08-12,4570.0,4600.0,4530.0,4550.0,3526.813720703125,124552500,TLKM.JK,0.7751238946600275
2022-08-15,4540.0,4570.0,4440.0,4450.0,3449.301025390625,136882800,TLKM.JK,0.7751238259304776
2022-08-16,4530.0,4580.0,4410.0,4410.0,3418.29638671875,127710800,TLKM.JK,0.7751238972151361
2022-08-18,4360.0,4550.0,4350.0,4550.0,3526.813720703125,182044300,TLKM.JK,0.7751238946600275
2022-08-19,4560.0,4610.0,4460.0,4600.0,3565.56982421875,177623900,TLKM.JK,0.7751238748301631
2022-08-22,4550.0,4660.0,4530.0,4650.0,3604.326171875,202320400,TLKM.JK,0.7751239079301075
2022-08-23,4680.0,4710.0,4610.0,4660.0,3612.07763671875,229431400,TLKM.JK,0.7751239563774142
2022-08-24,4660.0,4770.0,4600.0,4750.0,3681.83837890625,189007900,TLKM.JK,0.775123869243421
2022-08-25,4680.0,4700.0,4560.0,4570.0,3542.31591796875,179495700,TLKM.JK,0.7751238332535558
2022-08-26,4510.0,4540.0,4480.0,4490.0,3480.305908203125,184317100,TLKM.JK,0.7751238102902283
2022-08-29,4370.0,4550.0,4360.0,4520.0,3503.56005859375,101529800,TLKM.JK,0.7751239067685287
2022-08-30,4580.0,4620.0,4480.0,4480.0,3472.55517578125,118884300,TLKM.JK,0.7751239231654576
2022-08-31,4420.0,4600.0,4420.0,4560.0,3534.564697265625,175300400,TLKM.JK,0.7751238371196546
2022-09-01,4560.0,4650.0,4530.0,4580.0,3550.0673828125,120871700,TLKM.JK,0.7751238827101529
2022-09-02,4540.0,4620.0,4540.0,4600.0,3565.56982421875,106985000,TLKM.JK,0.7751238748301631
2022-09-05,4560.0,4630.0,4550.0,4620.0,3581.072265625,77323800,TLKM.JK,0.7751238670183983
2022-09-06,4610.0,4620.0,4510.0,4510.0,3495.808837890625,61970100,TLKM.JK,0.7751239108404934
2022-09-07,4500.0,4560.0,4480.0,4490.0,3480.305908203125,106145700,TLKM.JK,0.7751238102902283
2022-09-08,4500.0,4640.0,4500.0,4560.0,3534.564697265625,123389200,TLKM.JK,0.7751238371196546
2022-09-09,4550.0,4600.0,4530.0,4600.0,3565.56982421875,50307800,TLKM.JK,0.7751238748301631
2022-09-12,4600.0,4600.0,4530.0,4540.0,3519.0625,74820600,TLKM.JK,0.7751238986784141
2022-09-13,4540.0,4560.0,4520.0,4520.0,3503.56005859375,91510200,TLKM.JK,0.7751239067685287
2022-09-14,4490.0,4530.0,4460.0,4480.0,3472.55517578125,97919200,TLKM.JK,0.7751239231654576
2022-09-15,4540.0,4600.0,4500.0,4500.0,3488.057373046875,125599900,TLKM.JK,0.7751238606770834
2022-09-16,4500.0,4500.0,4410.0,4410.0,3418.29638671875,210277300,TLKM.JK,0.7751238972151361
2022-09-19,4460.0,4560.0,4440.0,4500.0,3488.057373046875,116164500,TLKM.JK,0.7751238606770834
2022-09-20,4530.0,4540.0,4480.0,4480.0,3472.55517578125,100743700,TLKM.JK,0.7751239231654576
2022-09-21,4450.0,4470.0,4410.0,4430.0,3433.798828125,91363200,TLKM.JK,0.7751238889672686
2022-09-22,4400.0,4450.0,4380.0,4430.0,3433.798828125,89922900,TLKM.JK,0.7751238889672686
2022-09-23,4400.0,4430.0,4380.0,4380.0,3395.04248046875,95911400,TLKM.JK,0.7751238539882991
2022-09-26,4390.0,4510.0,4300.0,4460.0,3457.052490234375,132185400,TLKM.JK,0.7751238767341648
2022-09-27,4450.0,4470.0,4380.0,4440.0,3441.550048828125,123113800,TLKM.JK,0.7751238848711993
2022-09-28,4430.0,4530.0,4400.0,4470.0,3464.8037109375,104385500,TLKM.JK,0.775123872692953
2022-09-29,4460.0,4500.0,4420.0,4440.0,3441.550048828125,90290400,TLKM.JK,0.7751238848711993
2022-09-30,4400.0,4500.0,4390.0,4460.0,3457.052490234375,111482000,TLKM.JK,0.7751238767341648
2022-10-03,4460.0,4470.0,4380.0,4460.0,3457.052490234375,77569100,TLKM.JK,0.7751238767341648
2022-10-04,4460.0,4510.0,4430.0,4440.0,3441.550048828125,87832800,TLKM.JK,0.7751238848711993
2022-10-05,4490.0,4540.0,4460.0,4460.0,3457.052490234375,61888400,TLKM.JK,0.7751238767341648
2022-10-06,4460.0,4480.0,4420.0,4430.0,3433.798828125,60464300,TLKM.JK,0.7751238889672686
2022-10-07,4400.0,4430.0,4350.0,4350.0,3371.788818359375,102570000,TLKM.JK,0.7751238662895115
2022-10-10,4340.0,4420.0,4330.0,4420.0,3426.04736328125,72389100,TLKM.JK,0.7751238378464367
2022-10-11,4360.0,4380.0,4310.0,4310.0,3340.783935546875,108794500,TLKM.JK,0.7751238829575116
2022-10-12,4300.0,4350.0,4280.0,4340.0,3364.03759765625,107938600,TLKM.JK,0.7751238704277074
2022-10-13,4330.0,4350.0,4290.0,4300.0,3333.032470703125,70034500,TLKM.JK,0.7751238303960756
2022-10-14,4360.0,4360.0,4290.0,4290.0,3325.28125,68096300,TLKM.JK,0.7751238344988345
2022-10-17,4200.0,4330.0,4200.0,4330.0,3356.28662109375,90321700,TLKM.JK,0.7751239309685335
2022-10-18,4310.0,4340.0,4250.0,4250.0,3294.276611328125,72516000,TLKM.JK,0.7751239085477941
2022-10-19,4220.0,4300.0,4200.0,4200.0,3255.5205078125,65848300,TLKM.JK,0.7751239304315476
2022-10-20,4200.0,4350.0,4200.0,4350.0,3371.788818359375,165391500,TLKM.JK,0.7751238662895115
2022-10-21,4300.0,4390.0,4300.0,4360.0,3379.5400390625,79825700,TLKM.JK,0.7751238621702982
2022-10-24,4380.0,4450.0,4380.0,4410.0,3418.29638671875,76777200,TLKM.JK,0.7751238972151361
2022-10-25,4430.0,4470.0,4390.0,4390.0,3402.793701171875,109154300,TLKM.JK,0.7751238499252563
2022-10-26,4420.0,4430.0,4330.0,4370.0,3387.29150390625,97320500,TLKM.JK,0.775123913937357
2022-10-27,4390.0,4410.0,4340.0,4370.0,3387.29150390625,80270300,TLKM.JK,0.775123913937357
2022-10-28,4420.0,4450.0,4380.0,4450.0,3449.301025390625,91101500,TLKM.JK,0.7751238259304776
2022-10-31,4460.0,4460.0,4360.0,4390.0,3402.793701171875,162753500,TLKM.JK,0.7751238499252563
2022-11-01,4420.0,4420.0,4360.0,4420.0,3426.04736328125,108592900,TLKM.JK,0.7751238378464367
2022-11-02,4400.0,4420.0,4220.0,4220.0,3271.02294921875,217855200,TLKM.JK,0.7751239216158176
2022-11-03,4140.0,4170.0,4050.0,4130.0,3201.261474609375,231475000,TLKM.JK,0.7751238437310836
2022-11-04,4070.0,4210.0,4070.0,4210.0,3263.271484375,201183100,TLKM.JK,0.7751238680225653
2022-11-07,4250.0,4280.0,4160.0,4280.0,3317.530517578125,129868800,TLKM.JK,0.7751239527051694
2022-11-08,4270.0,4280.0,4200.0,4220.0,3271.02294921875,110546800,TLKM.JK,0.7751239216158176
2022-11-09,4200.0,4230.0,4180.0,4190.0,3247.76904296875,145833200,TLKM.JK,0.7751238766035203
2022-11-10,4110.0,4210.0,4110.0,4170.0,3232.2666015625,81249200,TLKM.JK,0.7751238852667865
2022-11-11,4160.0,4180.0,4140.0,4150.0,3216.764404296875,227799300,TLKM.JK,0.7751239528426205
2022-11-14,4090.0,4120.0,4030.0,4050.0,3139.251708984375,188771200,TLKM.JK,0.7751238787615741
2022-11-15,4050.0,4080.0,4030.0,4050.0,3139.251708984375,88570400,TLKM.JK,0.7751238787615741
2022-11-16,4000.0,4070.0,3960.0,4050.0,3139.251708984375,149512300,TLKM.JK,0.7751238787615741
2022-11-17,4020.0,4070.0,4020.0,4040.0,3131.50048828125,68616700,TLKM.JK,0.7751238832379331
2022-11-18,4070.0,4080.0,4010.0,4010.0,3108.246826171875,115907900,TLKM.JK,0.7751238968009664
2022-11-21,4020.0,4060.0,4010.0,4030.0,3123.7490234375,45277400,TLKM.JK,0.7751238271557072
2022-11-22,4020.0,4040.0,4000.0,4000.0,3100.495361328125,83888300,TLKM.JK,0.7751238403320313
2022-11-23,3990.0,4030.0,3970.0,3970.0,3077.241943359375,95750400,TLKM.JK,0.7751239152038728
2022-11-24,3980.0,4040.0,3980.0,4030.0,3123.7490234375,50741600,TLKM.JK,0.7751238271557072
2022-11-25,4010.0,4040.0,3980.0,4030.0,3123.7490234375,73305800,TLKM.JK,0.7751238271557072
2022-11-28,4030.0,4040.0,3980.0,3980.0,3084.992919921875,94063100,TLKM.JK,0.7751238492266017
2022-11-29,3980.0,4020.0,3980.0,3980.0,3084.992919921875,94389800,TLKM.JK,0.7751238492266017
2022-11-30,3970.0,4050.0,3970.0,4040.0,3131.50048828125,585687400,TLKM.JK,0.7751238832379331
2022-12-01,4020.0,4040.0,3960.0,3960.0,3069.490478515625,230066600,TLKM.JK,0.7751238582110164
2022-12-02,3950.0,4020.0,3930.0,4000.0,3100.495361328125,113336600,TLKM.JK,0.7751238403320313
2022-12-05,3980.0,3990.0,3820.0,3840.0,2976.4755859375,148751200,TLKM.JK,0.7751238505045573
2022-12-06,3640.0,3720.0,3580.0,3600.0,2790.446044921875,416468700,TLKM.JK,0.7751239013671875
2022-12-07,3600.0,3700.0,3570.0,3680.0,2852.455810546875,278572200,TLKM.JK,0.7751238615616508
2022-12-08,3700.0,3780.0,3620.0,3740.0,2898.96337890625,245646400,TLKM.JK,0.7751238981032754
2022-12-09,3680.0,3720.0,3630.0,3650.0,2829.2021484375,164606100,TLKM.JK,0.7751238762842466
2022-12-12,3670.0,3710.0,3640.0,3700.0,2867.95849609375,170545000,TLKM.JK,0.7751239178631757
2022-12-13,3690.0,3790.0,3680.0,3750.0,2906.714599609375,231127000,TLKM.JK,0.7751238932291666
2022-12-14,3820.0,3820.0,3740.0,3750.0,2906.714599609375,107175700,TLKM.JK,0.7751238932291666
2022-12-15,3680.0,3720.0,3670.0,3670.0,2844.70458984375,143233600,TLKM.JK,0.7751238664424387
2022-12-16,3610.0,3740.0,3610.0,3680.0,2852.455810546875,310944500,TLKM.JK,0.7751238615616508
2022-12-19,3740.0,3790.0,3680.0,3720.0,2883.460693359375,119137700,TLKM.JK,0.7751238423009073
2022-12-20,3730.0,3750.0,3700.0,3720.0,2883.460693359375,55351300,TLKM.JK,0.7751238423009073
2022-12-21,3690.0,3790.0,3670.0,3790.0,2937.719482421875,98741000,TLKM.JK,0.7751238739899406
2022-12-22,3800.0,3810.0,3740.0,3750.0,2906.714599609375,68702100,TLKM.JK,0.7751238932291666
2022-12-23,3710.0,3780.0,3700.0,3780.0,2929.968017578125,45179400,TLKM.JK,0.7751238141741071
2022-12-26,3780.0,3800.0,3730.0,3750.0,2906.714599609375,19216700,TLKM.JK,0.7751238932291666
2022-12-27,3770.0,3840.0,3750.0,3810.0,2953.22216796875,49816500,TLKM.JK,0.7751239286007218
2022-12-28,3800.0,3810.0,3710.0,3730.0,2891.2119140625,65006300,TLKM.JK,0.7751238375502681
2022-12-29,3720.0,3790.0,3710.0,3780.0,2929.968017578125,51703500,TLKM.JK,0.7751238141741071
2022-12-30,3760.0,3800.0,3750.0,3750.0,2906.714599609375,79677300,TLKM.JK,0.7751238932291666
2023-01-02,3750.0,3800.0,3750.0,3800.0,2945.470703125,7959900,TLKM.JK,0.775123869243421
2023-01-03,3790.0,3890.0,3770.0,3860.0,2991.978271484375,64235000,TLKM.JK,0.7751239045296309
2023-01-04,3840.0,3860.0,3810.0,3820.0,2960.97314453125,56785600,TLKM.JK,0.7751238598249346
2023-01-05,3800.0,3820.0,3720.0,3770.0,2922.217041015625,135167000,TLKM.JK,0.7751238835585212
2023-01-06,3750.0,3770.0,3710.0,3710.0,2875.70947265625,65207400,TLKM.JK,0.7751238470771563
2023-01-09,3730.0,3790.0,3730.0,3790.0,2937.719482421875,46616400,TLKM.JK,0.7751238739899406
2023-01-10,3810.0,3850.0,3750.0,3830.0,2968.724609375,80009900,TLKM.JK,0.7751239188968668
2023-01-11,3820.0,3900.0,3790.0,3870.0,2999.7294921875,75139300,TLKM.JK,0.7751238997900517
2023-01-12,3790.0,3900.0,3780.0,3860.0,2991.978271484375,105775500,TLKM.JK,0.7751239045296309
2023-01-13,3820.0,3860.0,3770.0,3780.0,2929.968017578125,85780600,TLKM.JK,0.7751238141741071
2023-01-16,3780.0,3850.0,3780.0,3850.0,2984.226806640625,58918700,TLKM.JK,0.7751238458806818
2023-01-17,3870.0,3990.0,3860.0,3950.0,3061.7392578125,132256600,TLKM.JK,0.7751238627373418
2023-01-18,4010.0,4010.0,3900.0,3930.0,3046.23681640625,94772000,TLKM.JK,0.7751238718590967
2023-01-19,3900.0,3980.0,3880.0,3890.0,3015.23193359375,109555200,TLKM.JK,0.7751238903839974
2023-01-20,3910.0,3920.0,3850.0,3870.0,2999.7294921875,88457800,TLKM.JK,0.7751238997900517
2023-01-24,3890.0,3910.0,3850.0,3850.0,2984.226806640625,45504900,TLKM.JK,0.7751238458806818
2023-01-25,3850.0,3880.0,3810.0,3840.0,2976.4755859375,80575100,TLKM.JK,0.7751238505045573
2023-01-26,3850.0,4000.0,3850.0,3970.0,3077.241943359375,117238000,TLKM.JK,0.7751239152038728
2023-01-27,3970.0,3990.0,3950.0,3960.0,3069.490478515625,100769500,TLKM.JK,0.7751238582110164
2023-01-30,3960.0,3970.0,3910.0,3960.0,3069.490478515625,59425300,TLKM.JK,0.7751238582110164
2023-01-31,3940.0,3950.0,3850.0,3850.0,2984.226806640625,179726700,TLKM.JK,0.7751238458806818
2023-02-01,3850.0,3900.0,3840.0,3870.0,2999.7294921875,70997300,TLKM.JK,0.7751238997900517
2023-02-02,3850.0,3900.0,3840.0,3890.0,3015.23193359375,78852300,TLKM.JK,0.7751238903839974
2023-02-03,3910.0,3920.0,3870.0,3880.0,3007.480712890625,55154800,TLKM.JK,0.7751238950749033
2023-02-06,3860.0,3910.0,3850.0,3880.0,3007.480712890625,58861300,TLKM.JK,0.7751238950749033
2023-02-07,3880.0,3880.0,3800.0,3800.0,2945.470703125,76254900,TLKM.JK,0.775123869243421
2023-02-08,3800.0,3850.0,3790.0,3840.0,2976.4755859375,65856500,TLKM.JK,0.7751238505045573
2023-02-09,3840.0,3840.0,3760.0,3770.0,2922.217041015625,91337300,TLKM.JK,0.7751238835585212
2023-02-10,3750.0,3800.0,3690.0,3800.0,2945.470703125,88759600,TLKM.JK,0.775123869243421
2023-02-13,3800.0,3810.0,3750.0,3790.0,2937.719482421875,69004400,TLKM.JK,0.7751238739899406
2023-02-14,3830.0,3830.0,3760.0,3800.0,2945.470703125,80331100,TLKM.JK,0.775123869243421
2023-02-15,3810.0,3820.0,3730.0,3790.0,2937.719482421875,59028200,TLKM.JK,0.7751238739899406
2023-02-16,3800.0,3800.0,3750.0,3770.0,2922.217041015625,49869900,TLKM.JK,0.7751238835585212
2023-02-17,3770.0,3770.0,3720.0,3760.0,2914.466064453125,50369000,TLKM.JK,0.7751239533120013
2023-02-20,3760.0,3820.0,3760.0,3820.0,2960.97314453125,57438900,TLKM.JK,0.7751238598249346
2023-02-21,3850.0,3870.0,3830.0,3840.0,2976.4755859375,63880300,TLKM.JK,0.7751238505045573
2023-02-22,3850.0,3870.0,3800.0,3860.0,2991.978271484375,48505600,TLKM.JK,0.7751239045296309
2023-02-23,3950.0,3970.0,3890.0,3970.0,3077.241943359375,109147100,TLKM.JK,0.7751239152038728
2023-02-24,4000.0,4040.0,3950.0,4040.0,3131.50048828125,142165700,TLKM.JK,0.7751238832379331
2023-02-27,3990.0,4000.0,3920.0,3960.0,3069.490478515625,66461600,TLKM.JK,0.7751238582110164
2023-02-28,3930.0,3970.0,3880.0,3880.0,3007.480712890625,115766900,TLKM.JK,0.7751238950749033
2023-03-01,3930.0,3990.0,3910.0,3930.0,3046.23681640625,47395200,TLKM.JK,0.7751238718590967
2023-03-02,3900.0,3930.0,3880.0,3880.0,3007.480712890625,43208800,TLKM.JK,0.7751238950749033
2023-03-03,3880.0,3920.0,3870.0,3900.0,3022.983154296875,49796000,TLKM.JK,0.7751238857171474
2023-03-06,3940.0,3950.0,3870.0,3880.0,3007.480712890625,50103800,TLKM.JK,0.7751238950749033
2023-03-07,3890.0,3910.0,3850.0,3880.0,3007.480712890625,59086800,TLKM.JK,0.7751238950749033
2023-03-08,3850.0,3940.0,3850.0,3940.0,3053.98828125,78551000,TLKM.JK,0.775123929251269
2023-03-09,3970.0,4000.0,3960.0,3970.0,3077.241943359375,68725500,TLKM.JK,0.7751239152038728
2023-03-10,3960.0,4020.0,3930.0,4010.0,3108.246826171875,76136200,TLKM.JK,0.7751238968009664
2023-03-13,4020.0,4090.0,3980.0,4070.0,3154.754150390625,104663300,TLKM.JK,0.7751238698748464
2023-03-14,4030.0,4090.0,4000.0,4020.0,3115.998046875,111430100,TLKM.JK,0.7751238922574627
2023-03-15,4050.0,4050.0,3990.0,4010.0,3108.246826171875,65025400,TLKM.JK,0.7751238968009664
2023-03-16,4040.0,4060.0,3980.0,4050.0,3139.251708984375,96707900,TLKM.JK,0.7751238787615741
2023-03-17,4090.0,4100.0,4030.0,4050.0,3139.251708984375,232270900,TLKM.JK,0.7751238787615741
2023-03-20,4050.0,4050.0,3940.0,3990.0,3092.744384765625,105982700,TLKM.JK,0.775123905956297
2023-03-21,4000.0,4120.0,4000.0,4120.0,3193.51025390625,88808200,TLKM.JK,0.7751238480354976
2023-03-24,4100.0,4120.0,4060.0,4070.0,3154.754150390625,96214700,TLKM.JK,0.7751238698748464
2023-03-27,4100.0,4120.0,4030.0,4050.0,3139.251708984375,71556400,TLKM.JK,0.7751238787615741
2023-03-28,4100.0,4100.0,4030.0,4050.0,3139.251708984375,87955300,TLKM.JK,0.7751238787615741
2023-03-29,4090.0,4120.0,4070.0,4100.0,3178.008056640625,113504700,TLKM.JK,0.7751239162538109
2023-03-30,4050.0,4130.0,4040.0,4090.0,3170.2568359375,87690800,TLKM.JK,0.7751239207671149
2023-03-31,4110.0,4120.0,4040.0,4060.0,3147.0029296875,93699000,TLKM.JK,0.775123874307266
2023-04-03,4100.0,4100.0,4070.0,4080.0,3162.505615234375,56896200,TLKM.JK,0.7751239253025429
2023-04-04,4080.0,4100.0,4040.0,4060.0,3147.0029296875,82969200,TLKM.JK,0.775123874307266
2023-04-05,4100.0,4170.0,4080.0,4150.0,3216.764404296875,70419100,TLKM.JK,0.7751239528426205
2023-04-06,4200.0,4270.0,4170.0,4250.0,3294.276611328125,125329700,TLKM.JK,0.7751239085477941
2023-04-10,4250.0,4300.0,4190.0,4300.0,3333.032470703125,85757900,TLKM.JK,0.7751238303960756
2023-04-11,4290.0,4300.0,4250.0,4300.0,3333.032470703125,84322900,TLKM.JK,0.7751238303960756
2023-04-12,4320.0,4350.0,4260.0,4310.0,3340.783935546875,178923700,TLKM.JK,0.7751238829575116
2023-04-13,4340.0,4350.0,4290.0,4340.0,3364.03759765625,119431600,TLKM.JK,0.7751238704277074
2023-04-14,4340.0,4360.0,4320.0,4340.0,3364.03759765625,117305500,TLKM.JK,0.7751238704277074
2023-04-17,4340.0,4340.0,4250.0,4270.0,3309.779052734375,59688000,TLKM.JK,0.7751238999377927
2023-04-18,4240.0,4280.0,4230.0,4270.0,3309.779052734375,65644600,TLKM.JK,0.7751238999377927
2023-04-26,4480.0,4500.0,4330.0,4400.0,3410.545166015625,198984100,TLKM.JK,0.7751239013671875
2023-04-27,4450.0,4450.0,4300.0,4320.0,3348.53515625,58407000,TLKM.JK,0.7751238787615741
2023-04-28,4270.0,4320.0,4220.0,4250.0,3294.276611328125,112116900,TLKM.JK,0.7751239085477941
2023-05-02,4210.0,4220.0,4130.0,4190.0,3247.76904296875,117097400,TLKM.JK,0.7751238766035203
2023-05-03,4200.0,4200.0,4080.0,4150.0,3216.764404296875,158597800,TLKM.JK,0.7751239528426205
2023-05-04,4170.0,4190.0,4140.0,4150.0,3216.764404296875,98421300,TLKM.JK,0.7751239528426205
2023-05-05,4160.0,4170.0,4080.0,4170.0,3232.2666015625,113408100,TLKM.JK,0.7751238852667865
2023-05-08,4170.0,4180.0,4040.0,4060.0,3147.0029296875,121002600,TLKM.JK,0.775123874307266
2023-05-09,4050.0,4090.0,4030.0,4070.0,3154.754150390625,105907900,TLKM.JK,0.7751238698748464
2023-05-10,4050.0,4130.0,4040.0,4130.0,3201.261474609375,84306600,TLKM.JK,0.7751238437310836
2023-05-11,4100.0,4120.0,4060.0,4090.0,3170.2568359375,74171300,TLKM.JK,0.7751239207671149
2023-05-12,4050.0,4050.0,3950.0,3980.0,3084.992919921875,236777600,TLKM.JK,0.7751238492266017
2023-05-15,3990.0,3990.0,3930.0,3980.0,3084.992919921875,113329300,TLKM.JK,0.7751238492266017
2023-05-16,4020.0,4020.0,3940.0,3980.0,3084.992919921875,68777200,TLKM.JK,0.7751238492266017
2023-05-17,3980.0,4020.0,3960.0,3990.0,3092.744384765625,83183300,TLKM.JK,0.775123905956297
2023-05-19,3990.0,4060.0,3970.0,4020.0,3115.998046875,95986000,TLKM.JK,0.7751238922574627
2023-05-22,4000.0,4080.0,3980.0,4040.0,3131.50048828125,115578100,TLKM.JK,0.7751238832379331
2023-05-23,4030.0,4080.0,4030.0,4040.0,3131.50048828125,132751000,TLKM.JK,0.7751238832379331
2023-05-24,4020.0,4200.0,4020.0,4160.0,3224.51513671875,194127500,TLKM.JK,0.7751238309420072
2023-05-25,4190.0,4220.0,4120.0,4120.0,3193.51025390625,122121000,TLKM.JK,0.7751238480354976
2023-05-26,4140.0,4160.0,4110.0,4130.0,3201.261474609375,62211800,TLKM.JK,0.7751238437310836
2023-05-29,4120.0,4200.0,4090.0,4200.0,3255.5205078125,77540300,TLKM.JK,0.7751239304315476
2023-05-30,4140.0,4190.0,4120.0,4120.0,3193.51025390625,78924700,TLKM.JK,0.7751238480354976
2023-05-31,4120.0,4160.0,4040.0,4040.0,3131.50048828125,1155861400,TLKM.JK,0.7751238832379331
2023-06-05,4060.0,4130.0,4020.0,4080.0,3162.505615234375,189129300,TLKM.JK,0.7751239253025429
2023-06-06,4090.0,4130.0,4050.0,4090.0,3170.2568359375,95792700,TLKM.JK,0.7751239207671149
2023-06-07,4100.0,4150.0,4080.0,4150.0,3216.764404296875,127707400,TLKM.JK,0.7751239528426205
2023-06-08,4160.0,4180.0,4120.0,4170.0,3232.2666015625,78989700,TLKM.JK,0.7751238852667865
2023-06-09,4170.0,4170.0,4140.0,4150.0,3216.764404296875,83014700,TLKM.JK,0.7751239528426205
2023-06-12,4040.0,4050.0,4010.0,4050.0,3271.36669921875,94687300,TLKM.JK,0.8077448640046296
2023-06-13,4040.0,4060.0,4030.0,4030.0,3255.211669921875,69609000,TLKM.JK,0.8077448312461228
2023-06-14,4020.0,4040.0,3990.0,4000.0,3230.979248046875,110730800,TLKM.JK,0.8077448120117188
2023-06-15,3990.0,4040.0,3980.0,4020.0,3247.13427734375,85391800,TLKM.JK,0.8077448451103856
2023-06-16,4020.0,4030.0,3960.0,3970.0,3206.747314453125,160978900,TLKM.JK,0.8077449154793765
2023-06-19,3960.0,3990.0,3950.0,3960.0,3198.66943359375,54934100,TLKM.JK,0.8077448064630682
2023-06-20,3980.0,3990.0,3950.0,3990.0,3222.902099609375,55155600,TLKM.JK,0.8077448871201441
2023-06-21,3970.0,3980.0,3950.0,3980.0,3214.824462890625,60191300,TLKM.JK,0.8077448399222676
2023-06-22,3980.0,3990.0,3940.0,3940.0,3182.514892578125,56150900,TLKM.JK,0.8077448965934327
2023-06-23,3940.0,3960.0,3940.0,3950.0,3190.592041015625,41812400,TLKM.JK,0.8077448205102848
2023-06-26,3940.0,3990.0,3940.0,3990.0,3222.902099609375,36011500,TLKM.JK,0.8077448871201441
2023-06-27,4030.0,4030.0,3990.0,4000.0,3230.979248046875,64879900,TLKM.JK,0.8077448120117188
2023-07-03,4030.0,4030.0,3970.0,4000.0,3230.979248046875,75193200,TLKM.JK,0.8077448120117188
2023-07-04,4000.0,4010.0,3970.0,3970.0,3206.747314453125,33974300,TLKM.JK,0.8077449154793765
2023-07-05,3970.0,3980.0,3950.0,3980.0,3214.824462890625,43303000,TLKM.JK,0.8077448399222676
2023-07-06,3970.0,3990.0,3960.0,3960.0,3198.66943359375,68088900,TLKM.JK,0.8077448064630682
2023-07-07,3960.0,3980.0,3950.0,3960.0,3198.66943359375,50474800,TLKM.JK,0.8077448064630682
2023-07-10,3960.0,3980.0,3940.0,3950.0,3190.592041015625,65643300,TLKM.JK,0.8077448205102848
2023-07-11,3950.0,3990.0,3950.0,3980.0,3214.824462890625,89768500,TLKM.JK,0.8077448399222676
2023-07-12,3980.0,4010.0,3970.0,3980.0,3214.824462890625,73770400,TLKM.JK,0.8077448399222676
2023-07-13,3960.0,3970.0,3910.0,3920.0,3166.360107421875,83009900,TLKM.JK,0.8077449253627232
2023-07-14,3960.0,3960.0,3920.0,3930.0,3174.437255859375,64886900,TLKM.JK,0.8077448488191794
2023-07-17,3950.0,3970.0,3910.0,3910.0,3158.282470703125,81399700,TLKM.JK,0.807744877417679
2023-07-18,3930.0,3930.0,3820.0,3850.0,3109.817626953125,135860500,TLKM.JK,0.8077448381696428
2023-07-20,3820.0,3860.0,3810.0,3850.0,3109.817626953125,88907600,TLKM.JK,0.8077448381696428
2023-07-21,3840.0,3870.0,3840.0,3860.0,3117.895263671875,53955100,TLKM.JK,0.8077448869616256
2023-07-24,3880.0,3930.0,3870.0,3900.0,3150.204833984375,80710100,TLKM.JK,0.8077448292267628
2023-07-25,3920.0,3920.0,3880.0,3880.0,3134.050048828125,66434400,TLKM.JK,0.8077448579453931
2023-07-26,3890.0,3900.0,3830.0,3880.0,3134.050048828125,86732900,TLKM.JK,0.8077448579453931
2023-07-27,3840.0,3860.0,3720.0,3720.0,3004.810791015625,235026400,TLKM.JK,0.8077448362945229
2023-07-28,3710.0,3750.0,3690.0,3720.0,3004.810791015625,181626700,TLKM.JK,0.8077448362945229
2023-07-31,3700.0,3750.0,3670.0,3720.0,3004.810791015625,153583300,TLKM.JK,0.8077448362945229
2023-08-01,3700.0,3780.0,3700.0,3750.0,3029.043212890625,97680500,TLKM.JK,0.8077448567708333
2023-08-02,3740.0,3740.0,3680.0,3690.0,2980.57861328125,121333500,TLKM.JK,0.8077448816480353
2023-08-03,3670.0,3760.0,3670.0,3720.0,3004.810791015625,82013300,TLKM.JK,0.8077448362945229
2023-08-04,3720.0,3730.0,3690.0,3690.0,2980.57861328125,67746800,TLKM.JK,0.8077448816480353
2023-08-07,3700.0,3720.0,3680.0,3680.0,2972.5009765625,94909700,TLKM.JK,0.8077448305876359
2023-08-08,3680.0,3760.0,3680.0,3730.0,3012.88818359375,116329400,TLKM.JK,0.807744821338807
2023-08-09,3750.0,3800.0,3740.0,3770.0,3045.197998046875,129416100,TLKM.JK,0.8077448270681366
2023-08-10,3800.0,3830.0,3800.0,3800.0,3069.430419921875,140158900,TLKM.JK,0.8077448473478619
2023-08-11,3830.0,3840.0,3790.0,3810.0,3077.508056640625,109714400,TLKM.JK,0.8077448967560695
2023-08-14,3810.0,3830.0,3760.0,3830.0,3093.662841796875,86871800,TLKM.JK,0.807744867309889
2023-08-15,3800.0,3830.0,3800.0,3820.0,3085.585205078125,80015200,TLKM.JK,0.8077448180832788
2023-08-16,3790.0,3830.0,3750.0,3830.0,3093.662841796875,81507800,TLKM.JK,0.807744867309889
2023-08-18,3790.0,3800.0,3760.0,3760.0,3037.120849609375,108780100,TLKM.JK,0.807744906811004
2023-08-21,3760.0,3780.0,3720.0,3740.0,3020.9658203125,64449000,TLKM.JK,0.8077448717413102
2023-08-22,3740.0,3780.0,3730.0,3750.0,3029.043212890625,98059600,TLKM.JK,0.8077448567708333
2023-08-23,3750.0,3770.0,3730.0,3740.0,3020.9658203125,84842500,TLKM.JK,0.8077448717413102
2023-08-24,3730.0,3770.0,3720.0,3720.0,3004.810791015625,82789700,TLKM.JK,0.8077448362945229
2023-08-25,3700.0,3730.0,3700.0,3720.0,3004.810791015625,42049200,TLKM.JK,0.8077448362945229
2023-08-28,3730.0,3740.0,3700.0,3700.0,2988.656005859375,37727500,TLKM.JK,0.8077448664484798
2023-08-29,3700.0,3720.0,3700.0,3720.0,3004.810791015625,53453600,TLKM.JK,0.8077448362945229
2023-08-30,3730.0,3850.0,3720.0,3810.0,3077.508056640625,130027200,TLKM.JK,0.8077448967560695
2023-08-31,3810.0,3820.0,3700.0,3730.0,3012.88818359375,227635800,TLKM.JK,0.807744821338807
2023-09-01,3710.0,3740.0,3710.0,3720.0,3004.810791015625,82253200,TLKM.JK,0.8077448362945229
2023-09-04,3720.0,3750.0,3710.0,3730.0,3012.88818359375,55881900,TLKM.JK,0.807744821338807
2023-09-05,3730.0,3750.0,3710.0,3740.0,3020.9658203125,62933300,TLKM.JK,0.8077448717413102
2023-09-06,3750.0,3810.0,3740.0,3790.0,3061.35302734375,98673400,TLKM.JK,0.8077448620959763
2023-09-07,3780.0,3790.0,3730.0,3760.0,3037.120849609375,63054500,TLKM.JK,0.807744906811004
2023-09-08,3770.0,3770.0,3670.0,3690.0,2980.57861328125,143090100,TLKM.JK,0.8077448816480353
2023-09-11,3710.0,3710.0,3680.0,3700.0,2988.656005859375,76577500,TLKM.JK,0.8077448664484798
2023-09-12,3700.0,3740.0,3700.0,3710.0,2996.7333984375,72170600,TLKM.JK,0.8077448513308625
2023-09-13,3720.0,3720.0,3670.0,3710.0,2996.7333984375,82635900,TLKM.JK,0.8077448513308625
2023-09-14,3710.0,3720.0,3680.0,3680.0,2972.5009765625,55532900,TLKM.JK,0.8077448305876359
2023-09-15,3680.0,3780.0,3670.0,3720.0,3004.810791015625,147757300,TLKM.JK,0.8077448362945229
2023-09-18,3700.0,3720.0,3680.0,3680.0,2972.5009765625,40645900,TLKM.JK,0.8077448305876359
2023-09-19,3690.0,3740.0,3690.0,3730.0,3012.88818359375,38375000,TLKM.JK,0.807744821338807
2023-09-20,3740.0,3850.0,3740.0,3810.0,3077.508056640625,171751900,TLKM.JK,0.8077448967560695
2023-09-21,3810.0,3840.0,3790.0,3810.0,3077.508056640625,94880700,TLKM.JK,0.8077448967560695
2023-09-22,3830.0,3880.0,3810.0,3860.0,3117.895263671875,101185700,TLKM.JK,0.8077448869616256
2023-09-25,3810.0,3830.0,3770.0,3770.0,3045.197998046875,125817700,TLKM.JK,0.8077448270681366
2023-09-26,3770.0,3800.0,3750.0,3760.0,3037.120849609375,74734500,TLKM.JK,0.807744906811004
2023-09-27,3750.0,3780.0,3720.0,3720.0,3004.810791015625,83337700,TLKM.JK,0.8077448362945229
2023-09-29,3730.0,3800.0,3730.0,3750.0,3029.043212890625,66219300,TLKM.JK,0.8077448567708333
2023-10-02,3750.0,3780.0,3730.0,3750.0,3029.043212890625,71945000,TLKM.JK,0.8077448567708333
2023-10-03,3750.0,3800.0,3740.0,3770.0,3045.197998046875,61155100,TLKM.JK,0.8077448270681366
2023-10-04,3800.0,3800.0,3740.0,3780.0,3053.275390625,77527700,TLKM.JK,0.8077448123346561
2023-10-05,3790.0,3800.0,3720.0,3720.0,3004.810791015625,81258900,TLKM.JK,0.8077448362945229
2023-10-06,3780.0,3800.0,3770.0,3780.0,3053.275390625,60156100,TLKM.JK,0.8077448123346561
2023-10-09,3770.0,3780.0,3750.0,3760.0,3037.120849609375,37711400,TLKM.JK,0.807744906811004
2023-10-10,3780.0,3820.0,3770.0,3810.0,3077.508056640625,51167900,TLKM.JK,0.8077448967560695
2023-10-11,3780.0,3810.0,3780.0,3780.0,3053.275390625,83154300,TLKM.JK,0.8077448123346561
2023-10-12,3820.0,3870.0,3800.0,3830.0,3093.662841796875,101645100,TLKM.JK,0.807744867309889
2023-10-13,3820.0,3850.0,3810.0,3850.0,3109.817626953125,48856500,TLKM.JK,0.8077448381696428
2023-10-16,3850.0,3850.0,3740.0,3760.0,3037.120849609375,117472800,TLKM.JK,0.807744906811004
2023-10-17,3780.0,3810.0,3770.0,3790.0,3061.35302734375,57046900,TLKM.JK,0.8077448620959763
2023-10-18,3770.0,3780.0,3730.0,3750.0,3029.043212890625,64910600,TLKM.JK,0.8077448567708333
2023-10-19,3730.0,3760.0,3720.0,3730.0,3012.88818359375,62296900,TLKM.JK,0.807744821338807
2023-10-20,3720.0,3730.0,3690.0,3700.0,2988.656005859375,38978200,TLKM.JK,0.8077448664484798
2023-10-23,3710.0,3720.0,3610.0,3610.0,2915.958984375,69428400,TLKM.JK,0.8077448710180055
2023-10-24,3640.0,3670.0,3600.0,3650.0,2948.268798828125,67041700,TLKM.JK,0.8077448763912671
2023-10-25,3650.0,3680.0,3580.0,3600.0,2907.881591796875,89567900,TLKM.JK,0.807744886610243
2023-10-26,3600.0,3610.0,3460.0,3480.0,2810.9521484375,141139700,TLKM.JK,0.8077448702406609
2023-10-27,3480.0,3530.0,3440.0,3500.0,2827.10693359375,99607000,TLKM.JK,0.8077448381696428
2023-10-30,3500.0,3500.0,3390.0,3420.0,2762.487548828125,82945500,TLKM.JK,0.8077448973181652
2023-10-31,3400.0,3510.0,3400.0,3490.0,2819.029541015625,66801600,TLKM.JK,0.8077448541592048
2023-11-01,3600.0,3700.0,3600.0,3620.0,2924.0361328125,154441100,TLKM.JK,0.8077447880697514
2023-11-02,3690.0,3690.0,3620.0,3620.0,2924.0361328125,69582500,TLKM.JK,0.8077447880697514
2023-11-03,3590.0,3630.0,3540.0,3570.0,2883.64892578125,85146800,TLKM.JK,0.807744797137605
2023-11-06,3610.0,3650.0,3600.0,3650.0,2948.268798828125,66902400,TLKM.JK,0.8077448763912671
2023-11-07,3600.0,3610.0,3550.0,3570.0,2883.64892578125,103642200,TLKM.JK,0.807744797137605
2023-11-08,3520.0,3540.0,3500.0,3520.0,2843.261962890625,103415400,TLKM.JK,0.8077448758212002
2023-11-09,3500.0,3570.0,3500.0,3530.0,2851.33935546875,96594900,TLKM.JK,0.8077448599061615
2023-11-10,3520.0,3550.0,3490.0,3550.0,2867.494140625,48619500,TLKM.JK,0.8077448283450704
2023-11-13,3570.0,3570.0,3510.0,3520.0,2843.261962890625,37975400,TLKM.JK,0.8077448758212002
2023-11-14,3500.0,3540.0,3500.0,3500.0,2827.10693359375,45987000,TLKM.JK,0.8077448381696428
2023-11-15,3520.0,3570.0,3520.0,3550.0,2867.494140625,114104500,TLKM.JK,0.8077448283450704
2023-11-16,3550.0,3550.0,3510.0,3540.0,2859.416748046875,41789400,TLKM.JK,0.8077448440810381
2023-11-17,3530.0,3550.0,3480.0,3550.0,2867.494140625,55585600,TLKM.JK,0.8077448283450704
2023-11-20,3560.0,3600.0,3540.0,3590.0,2899.803955078125,39932700,TLKM.JK,0.8077448342836003
2023-11-21,3590.0,3620.0,3580.0,3620.0,2924.0361328125,68255800,TLKM.JK,0.8077447880697514
2023-11-22,3610.0,3630.0,3590.0,3610.0,2915.958984375,34555300,TLKM.JK,0.8077448710180055
2023-11-23,3610.0,3630.0,3590.0,3600.0,2907.881591796875,57385100,TLKM.JK,0.807744886610243
2023-11-24,3600.0,3620.0,3570.0,3620.0,2924.0361328125,34583700,TLKM.JK,0.8077447880697514
2023-11-27,3640.0,3730.0,3640.0,3680.0,2972.5009765625,73888700,TLKM.JK,0.8077448305876359
2023-11-28,3680.0,3800.0,3680.0,3770.0,3045.197998046875,106829100,TLKM.JK,0.8077448270681366
2023-11-29,3750.0,3770.0,3700.0,3720.0,3004.810791015625,56467400,TLKM.JK,0.8077448362945229
2023-11-30,3750.0,3820.0,3740.0,3760.0,3037.120849609375,258522400,TLKM.JK,0.807744906811004
2023-12-01,3790.0,3840.0,3790.0,3830.0,3093.662841796875,81037200,TLKM.JK,0.807744867309889
2023-12-04,3840.0,3860.0,3780.0,3810.0,3077.508056640625,118483900,TLKM.JK,0.8077448967560695
2023-12-05,3830.0,3850.0,3800.0,3850.0,3109.817626953125,74608900,TLKM.JK,0.8077448381696428
2023-12-06,3900.0,3950.0,3870.0,3920.0,3166.360107421875,149345100,TLKM.JK,0.8077449253627232
2023-12-07,3950.0,3950.0,3880.0,3910.0,3158.282470703125,91076200,TLKM.JK,0.807744877417679
2023-12-08,3940.0,3940.0,3900.0,3940.0,3182.514892578125,61476300,TLKM.JK,0.8077448965934327
2023-12-11,3870.0,3980.0,3850.0,3980.0,3214.824462890625,99365500,TLKM.JK,0.8077448399222676
2023-12-12,3940.0,3950.0,3890.0,3910.0,3158.282470703125,58707700,TLKM.JK,0.807744877417679
2023-12-13,3870.0,3920.0,3870.0,3920.0,3166.360107421875,54386800,TLKM.JK,0.8077449253627232
2023-12-14,3880.0,3960.0,3880.0,3940.0,3182.514892578125,70705300,TLKM.JK,0.8077448965934327
2023-12-15,3940.0,3980.0,3900.0,3980.0,3214.824462890625,109064200,TLKM.JK,0.8077448399222676
2023-12-18,3940.0,3970.0,3930.0,3970.0,3206.747314453125,60940400,TLKM.JK,0.8077449154793765
2023-12-19,3950.0,3970.0,3940.0,3970.0,3206.747314453125,32984500,TLKM.JK,0.8077449154793765
2023-12-20,3960.0,3990.0,3960.0,3960.0,3198.66943359375,59574800,TLKM.JK,0.8077448064630682
2023-12-21,3960.0,3970.0,3930.0,3950.0,3190.592041015625,48242100,TLKM.JK,0.8077448205102848
2023-12-22,3980.0,3980.0,3950.0,3960.0,3198.66943359375,28222700,TLKM.JK,0.8077448064630682
2023-12-27,3990.0,4000.0,3920.0,3940.0,3182.514892578125,73157200,TLKM.JK,0.8077448965934327
2023-12-28,3960.0,3970.0,3940.0,3960.0,3198.66943359375,34024400,TLKM.JK,0.8077448064630682
2023-12-29,3960.0,3980.0,3940.0,3950.0,3190.592041015625,27497600,TLKM.JK,0.8077448205102848
2024-01-02,3950.0,3990.0,3940.0,3990.0,3222.902099609375,23774100,TLKM.JK,0.8077448871201441
2024-01-03,3990.0,3990.0,3950.0,3960.0,3198.66943359375,22018500,TLKM.JK,0.8077448064630682
2024-01-04,3980.0,3990.0,3960.0,3970.0,3206.747314453125,33922400,TLKM.JK,0.8077449154793765
2024-01-05,3950.0,3970.0,3880.0,3890.0,3142.12744140625,69268000,TLKM.JK,0.8077448435491645
2024-01-08,3890.0,3920.0,3860.0,3890.0,3142.12744140625,61064100,TLKM.JK,0.8077448435491645
2024-01-09,3930.0,3980.0,3920.0,3960.0,3198.66943359375,64015400,TLKM.JK,0.8077448064630682
2024-01-10,4000.0,4030.0,3980.0,4000.0,3230.979248046875,99083600,TLKM.JK,0.8077448120117188
2024-01-11,4040.0,4040.0,3990.0,3990.0,3222.902099609375,36333300,TLKM.JK,0.8077448871201441
2024-01-12,3970.0,4010.0,3970.0,4010.0,3239.056884765625,53685600,TLKM.JK,0.8077448590437968
2024-01-15,4040.0,4040.0,3980.0,4000.0,3230.979248046875,38339500,TLKM.JK,0.8077448120117188
2024-01-16,4020.0,4030.0,3980.0,4010.0,3239.056884765625,44782300,TLKM.JK,0.8077448590437968
2024-01-17,4000.0,4010.0,3970.0,3990.0,3222.902099609375,62728400,TLKM.JK,0.8077448871201441
2024-01-18,3990.0,4010.0,3930.0,3950.0,3190.592041015625,73029300,TLKM.JK,0.8077448205102848
2024-01-19,3950.0,3960.0,3890.0,3940.0,3182.514892578125,67016100,TLKM.JK,0.8077448965934327
2024-01-22,3980.0,4010.0,3960.0,3980.0,3214.824462890625,50643700,TLKM.JK,0.8077448399222676
2024-01-23,4000.0,4010.0,3910.0,3950.0,3190.592041015625,72595400,TLKM.JK,0.8077448205102848
2024-01-24,3950.0,3980.0,3930.0,3970.0,3206.747314453125,38732000,TLKM.JK,0.8077449154793765
2024-01-25,3980.0,4000.0,3960.0,3980.0,3214.824462890625,58541300,TLKM.JK,0.8077448399222676
2024-01-26,3940.0,3990.0,3930.0,3980.0,3214.824462890625,65272600,TLKM.JK,0.8077448399222676
2024-01-29,4000.0,4010.0,3970.0,4010.0,3239.056884765625,59150000,TLKM.JK,0.8077448590437968
2024-01-30,4000.0,4020.0,3980.0,4000.0,3230.979248046875,66906900,TLKM.JK,0.8077448120117188
2024-01-31,4000.0,4020.0,3960.0,3960.0,3198.66943359375,100403700,TLKM.JK,0.8077448064630682
2024-02-01,3970.0,4050.0,3970.0,4040.0,3263.289306640625,105414400,TLKM.JK,0.8077448778813429
2024-02-02,4030.0,4030.0,3930.0,3990.0,3222.902099609375,96180000,TLKM.JK,0.8077448871201441
2024-02-05,4010.0,4010.0,3970.0,3980.0,3214.824462890625,57789500,TLKM.JK,0.8077448399222676
2024-02-06,3970.0,4000.0,3970.0,3980.0,3214.824462890625,65167500,TLKM.JK,0.8077448399222676
2024-02-07,4010.0,4020.0,3980.0,3980.0,3214.824462890625,53084600,TLKM.JK,0.8077448399222676
2024-02-12,4000.0,4020.0,3970.0,4000.0,3230.979248046875,85763200,TLKM.JK,0.8077448120117188
2024-02-13,4010.0,4010.0,3980.0,3980.0,3214.824462890625,52020300,TLKM.JK,0.8077448399222676
2024-02-15,4040.0,4080.0,3980.0,4030.0,3255.211669921875,129347900,TLKM.JK,0.8077448312461228
2024-02-16,4050.0,4160.0,4050.0,4160.0,3360.218505859375,244064200,TLKM.JK,0.8077448331392728
2024-02-19,4130.0,4170.0,4130.0,4160.0,3360.218505859375,82867500,TLKM.JK,0.8077448331392728
2024-02-20,4200.0,4210.0,4160.0,4210.0,3400.605712890625,267636700,TLKM.JK,0.8077448249146377
2024-02-21,4190.0,4240.0,4070.0,4180.0,3376.373291015625,152787100,TLKM.JK,0.8077448064630682
2024-02-22,4130.0,4150.0,4070.0,4090.0,3303.676513671875,93555100,TLKM.JK,0.8077448688684291
2024-02-23,4070.0,4100.0,4040.0,4100.0,3311.754150390625,87665800,TLKM.JK,0.8077449147294208
2024-02-26,4060.0,4100.0,4050.0,4090.0,3303.676513671875,55761700,TLKM.JK,0.8077448688684291
2024-02-27,4050.0,4060.0,3990.0,3990.0,3222.902099609375,119637000,TLKM.JK,0.8077448871201441
2024-02-28,3980.0,4020.0,3950.0,3990.0,3222.902099609375,77255300,TLKM.JK,0.8077448871201441
2024-02-29,4020.0,4040.0,3950.0,4000.0,3230.979248046875,157431900,TLKM.JK,0.8077448120117188
2024-03-01,3950.0,3990.0,3860.0,3920.0,3166.360107421875,139582000,TLKM.JK,0.8077449253627232
2024-03-04,3960.0,3960.0,3900.0,3940.0,3182.514892578125,81580800,TLKM.JK,0.8077448965934327
2024-03-05,3880.0,3900.0,3860.0,3870.0,3125.97265625,100671500,TLKM.JK,0.8077448724160207
2024-03-06,3870.0,3920.0,3860.0,3900.0,3150.204833984375,83251500,TLKM.JK,0.8077448292267628
2024-03-07,3900.0,3930.0,3900.0,3900.0,3150.204833984375,86888100,TLKM.JK,0.8077448292267628
2024-03-08,3900.0,3910.0,3840.0,3860.0,3117.895263671875,101556500,TLKM.JK,0.8077448869616256
2024-03-13,3910.0,3910.0,3890.0,3900.0,3150.204833984375,106191400,TLKM.JK,0.8077448292267628
2024-03-14,3930.0,3980.0,3920.0,3960.0,3198.66943359375,122570700,TLKM.JK,0.8077448064630682
2024-03-15,4000.0,4000.0,3900.0,3970.0,3206.747314453125,184885900,TLKM.JK,0.8077449154793765
2024-03-18,3960.0,3970.0,3920.0,3920.0,3166.360107421875,57508300,TLKM.JK,0.8077449253627232
2024-03-19,3980.0,3980.0,3940.0,3940.0,3182.514892578125,51629700,TLKM.JK,0.8077448965934327
2024-03-20,3910.0,3940.0,3910.0,3930.0,3174.437255859375,84777400,TLKM.JK,0.8077448488191794
2024-03-21,3930.0,3960.0,3890.0,3890.0,3142.12744140625,81520900,TLKM.JK,0.8077448435491645
2024-03-22,3900.0,3920.0,3890.0,3900.0,3150.204833984375,44501700,TLKM.JK,0.8077448292267628
2024-03-25,3890.0,3890.0,3700.0,3730.0,3012.88818359375,313394400,TLKM.JK,0.807744821338807
2024-03-26,3680.0,3680.0,3610.0,3620.0,2924.0361328125,354086400,TLKM.JK,0.8077447880697514
2024-03-27,3610.0,3630.0,3490.0,3490.0,2819.029541015625,496202800,TLKM.JK,0.8077448541592048
2024-03-28,3470.0,3520.0,3430.0,3470.0,2802.874755859375,258985200,TLKM.JK,0.8077448864148055
2024-04-01,3480.0,3520.0,3420.0,3510.0,2835.184326171875,248116300,TLKM.JK,0.8077448222711895
2024-04-02,3460.0,3500.0,3410.0,3490.0,2819.029541015625,233017700,TLKM.JK,0.8077448541592048
2024-04-03,3450.0,3490.0,3420.0,3420.0,2762.487548828125,150265700,TLKM.JK,0.8077448973181652
2024-04-04,3410.0,3460.0,3410.0,3450.0,2786.7197265625,205184000,TLKM.JK,0.8077448482789855
2024-04-05,3440.0,3450.0,3420.0,3430.0,2770.56494140625,116051700,TLKM.JK,0.8077448808764577
2024-04-16,3260.0,3280.0,3150.0,3220.0,2600.9384765625,490658200,TLKM.JK,0.8077448684976708
2024-04-17,3220.0,3240.0,3200.0,3200.0,2584.78369140625,187876400,TLKM.JK,0.8077449035644532
2024-04-18,3190.0,3310.0,3110.0,3250.0,2625.1708984375,337490100,TLKM.JK,0.8077448918269231
2024-04-19,3230.0,3230.0,3130.0,3150.0,2544.396240234375,149997000,TLKM.JK,0.8077448381696428
2024-04-22,3150.0,3200.0,3130.0,3170.0,2560.55126953125,140971800,TLKM.JK,0.8077448799783123
2024-04-23,3180.0,3190.0,3080.0,3100.0,2504.009033203125,312052300,TLKM.JK,0.807744849420363
2024-04-24,3100.0,3110.0,3040.0,3040.0,2455.54443359375,327330800,TLKM.JK,0.8077448794716283
2024-04-25,3010.0,3060.0,2990.0,3040.0,2455.54443359375,369525200,TLKM.JK,0.8077448794716283
2024-04-26,2980.0,3060.0,2960.0,3030.0,2447.466796875,442527900,TLKM.JK,0.8077448174504951
2024-04-29,3030.0,3090.0,3010.0,3080.0,2487.854248046875,172773600,TLKM.JK,0.8077448857295049
2024-04-30,3120.0,3200.0,3110.0,3170.0,2560.55126953125,273121800,TLKM.JK,0.8077448799783123
2024-05-02,3170.0,3200.0,3120.0,3120.0,2520.163818359375,157637100,TLKM.JK,0.8077448135767228
2024-05-03,3180.0,3180.0,3120.0,3160.0,2552.4736328125,127945300,TLKM.JK,0.8077448205102848
2024-05-06,3180.0,3200.0,3040.0,3050.0,2463.62158203125,221330900,TLKM.JK,0.8077447809938525
2024-05-07,3070.0,3110.0,3060.0,3090.0,2495.931640625,124914600,TLKM.JK,0.8077448675161812
2024-05-08,3130.0,3150.0,3050.0,3080.0,2487.854248046875,120622600,TLKM.JK,0.8077448857295049
2024-05-13,3070.0,3100.0,3040.0,3090.0,2495.931640625,133048300,TLKM.JK,0.8077448675161812
2024-05-14,3100.0,3120.0,3080.0,3120.0,2520.163818359375,104126800,TLKM.JK,0.8077448135767228
2024-05-15,3120.0,3130.0,3070.0,3100.0,2504.009033203125,149143600,TLKM.JK,0.807744849420363
2024-05-16,2960.0,3050.0,2960.0,3010.0,2579.86572265625,196239200,TLKM.JK,0.8570982467296512
2024-05-17,3050.0,3050.0,2980.0,2990.0,2562.72412109375,120345300,TLKM.JK,0.8570983682587793
2024-05-20,2950.0,3000.0,2950.0,2990.0,2562.72412109375,215877500,TLKM.JK,0.8570983682587793
2024-05-21,2990.0,2990.0,2920.0,2950.0,2528.43994140625,138864400,TLKM.JK,0.8570982852224577
2024-05-22,2980.0,2980.0,2910.0,2940.0,2519.869140625,145109200,TLKM.JK,0.8570983471513606
2024-05-27,2900.0,2920.0,2780.0,2810.0,2408.4462890625,246979600,TLKM.JK,0.8570983235097864
2024-05-28,2810.0,2880.0,2810.0,2860.0,2451.301025390625,113093300,TLKM.JK,0.8570982606260926
2024-05-29,2850.0,2860.0,2810.0,2810.0,2408.4462890625,148952900,TLKM.JK,0.8570983235097864
2024-05-30,2810.0,2870.0,2720.0,2810.0,2408.4462890625,253471800,TLKM.JK,0.8570983235097864
2024-05-31,2840.0,2920.0,2810.0,2900.0,2485.585205078125,411324600,TLKM.JK,0.8570983465786638
2024-06-03,2930.0,2970.0,2900.0,2930.0,2511.298095703125,124570400,TLKM.JK,0.857098326178541
2024-06-04,2980.0,3060.0,2940.0,3000.0,2571.294921875,130203100,TLKM.JK,0.8570983072916667
2024-06-05,3000.0,3080.0,3000.0,3060.0,2622.720703125,141157300,TLKM.JK,0.857098268995098
2024-06-06,3100.0,3100.0,3030.0,3050.0,2614.14990234375,107996900,TLKM.JK,0.8570983286372951
2024-06-07,3050.0,3090.0,3050.0,3050.0,2614.14990234375,67191100,TLKM.JK,0.8570983286372951
2024-06-10,3050.0,3050.0,2980.0,3010.0,2579.86572265625,66983900,TLKM.JK,0.8570982467296512
2024-06-11,2960.0,2980.0,2880.0,2880.0,2468.443115234375,172688100,TLKM.JK,0.8570983039008246
2024-06-12,2890.0,2970.0,2890.0,2920.0,2502.72705078125,91584500,TLKM.JK,0.857098305062072
2024-06-13,2940.0,2940.0,2830.0,2840.0,2434.159423828125,95740000,TLKM.JK,0.857098388671875
2024-06-14,2820.0,2830.0,2700.0,2720.0,2331.307373046875,202750500,TLKM.JK,0.8570982989142922
2024-06-19,2780.0,2850.0,2760.0,2830.0,2425.588134765625,128843500,TLKM.JK,0.8570982808359099
2024-06-20,2850.0,2850.0,2800.0,2840.0,2434.159423828125,55434800,TLKM.JK,0.857098388671875
2024-06-21,2850.0,2960.0,2840.0,2950.0,2528.43994140625,184918000,TLKM.JK,0.8570982852224577
2024-06-24,2930.0,2980.0,2910.0,2950.0,2528.43994140625,111618800,TLKM.JK,0.8570982852224577
2024-06-25,2950.0,2990.0,2930.0,2990.0,2562.72412109375,89913400,TLKM.JK,0.8570983682587793
2024-06-26,2990.0,3020.0,2980.0,3000.0,2571.294921875,73994000,TLKM.JK,0.8570983072916667
2024-06-27,3030.0,3030.0,2990.0,3030.0,2597.0078125,70154600,TLKM.JK,0.8570982879537954
2024-06-28,3030.0,3140.0,3030.0,3130.0,2682.717529296875,213539300,TLKM.JK,0.8570982521715256
2024-07-01,3130.0,3130.0,3080.0,3090.0,2648.433837890625,134082800,TLKM.JK,0.8570983294144418
2024-07-02,3070.0,3090.0,3030.0,3040.0,2605.578857421875,79024200,TLKM.JK,0.8570983083624589
2024-07-03,3040.0,3050.0,3020.0,3030.0,2597.0078125,51977100,TLKM.JK,0.8570982879537954
2024-07-04,3000.0,3050.0,2960.0,2960.0,2537.010986328125,93100500,TLKM.JK,0.8570983061919342
2024-07-05,2970.0,3020.0,2960.0,3020.0,2588.43701171875,69339200,TLKM.JK,0.8570983482512418
2024-07-08,3040.0,3090.0,3000.0,3080.0,2639.86279296875,125004600,TLKM.JK,0.8570983094054383
2024-07-09,3050.0,3120.0,3040.0,3080.0,2639.86279296875,118245600,TLKM.JK,0.8570983094054383
2024-07-10,3090.0,3180.0,3090.0,3160.0,2708.4306640625,120007400,TLKM.JK,0.8570983114121835
2024-07-11,3200.0,3200.0,3160.0,3180.0,2725.572509765625,126490000,TLKM.JK,0.8570982735112028
2024-07-12,3230.0,3270.0,3210.0,3220.0,2759.8564453125,135830300,TLKM.JK,0.8570982749417702
2024-07-15,3220.0,3220.0,3130.0,3160.0,2708.4306640625,100918500,TLKM.JK,0.8570983114121835
2024-07-16,3180.0,3180.0,3090.0,3100.0,2657.004638671875,78769700,TLKM.JK,0.8570982705393145
2024-07-17,3190.0,3270.0,3160.0,3250.0,2785.569580078125,167149300,TLKM.JK,0.8570983323317307
2024-07-18,3260.0,3280.0,3190.0,3210.0,2751.28564453125,98903500,TLKM.JK,0.8570983316296729
2024-07-19,3200.0,3210.0,3120.0,3140.0,2691.288818359375,138117200,TLKM.JK,0.8570983497959793
2024-07-22,3180.0,3210.0,3090.0,3100.0,2657.004638671875,139383000,TLKM.JK,0.8570982705393145
2024-07-23,3140.0,3160.0,3100.0,3160.0,2708.4306640625,74338000,TLKM.JK,0.8570983114121835
2024-07-24,3140.0,3150.0,3040.0,3060.0,2622.720703125,98752100,TLKM.JK,0.857098268995098
2024-07-25,3080.0,3090.0,3030.0,3090.0,2648.433837890625,67060000,TLKM.JK,0.8570983294144418
2024-07-26,3110.0,3110.0,3060.0,3100.0,2657.004638671875,94900300,TLKM.JK,0.8570982705393145
2024-07-29,3090.0,3120.0,3040.0,3050.0,2614.14990234375,90885600,TLKM.JK,0.8570983286372951
2024-07-30,3000.0,3000.0,2880.0,2880.0,2468.443115234375,321472800,TLKM.JK,0.8570983039008246
2024-07-31,2880.0,2920.0,2840.0,2880.0,2468.443115234375,207440800,TLKM.JK,0.8570983039008246
2024-08-01,2890.0,2930.0,2880.0,2880.0,2468.443115234375,121021800,TLKM.JK,0.8570983039008246
2024-08-02,2880.0,2880.0,2820.0,2850.0,2442.730224609375,105816800,TLKM.JK,0.8570983244243421
2024-08-05,2820.0,2830.0,2760.0,2790.0,2391.30419921875,105246400,TLKM.JK,0.8570982792898746
2024-08-06,2800.0,2840.0,2790.0,2790.0,2391.30419921875,98524200,TLKM.JK,0.8570982792898746
2024-08-07,2800.0,2840.0,2790.0,2820.0,2417.017333984375,77263000,TLKM.JK,0.8570983453845301
2024-08-08,2800.0,2880.0,2800.0,2850.0,2442.730224609375,99533000,TLKM.JK,0.8570983244243421
2024-08-09,2860.0,2880.0,2830.0,2830.0,2425.588134765625,80800300,TLKM.JK,0.8570982808359099
2024-08-12,2850.0,2910.0,2840.0,2870.0,2459.872314453125,62746600,TLKM.JK,0.85709836740527
2024-08-13,2900.0,2900.0,2840.0,2850.0,2442.730224609375,82063600,TLKM.JK,0.8570983244243421
2024-08-14,2850.0,2890.0,2850.0,2860.0,2451.301025390625,70188800,TLKM.JK,0.8570982606260926
2024-08-15,2870.0,2880.0,2820.0,2870.0,2459.872314453125,79724100,TLKM.JK,0.85709836740527
2024-08-16,2910.0,2990.0,2900.0,2960.0,2537.010986328125,207060000,TLKM.JK,0.8570983061919342
2024-08-19,2960.0,2970.0,2910.0,2930.0,2511.298095703125,68692700,TLKM.JK,0.857098326178541
2024-08-20,2990.0,3000.0,2960.0,2980.0,2554.15283203125,100434600,TLKM.JK,0.8570982657822986
2024-08-21,2980.0,3010.0,2960.0,2970.0,2545.58203125,111842200,TLKM.JK,0.857098327020202
2024-08-22,2940.0,2970.0,2920.0,2920.0,2502.72705078125,90336300,TLKM.JK,0.857098305062072
2024-08-23,2970.0,3010.0,2950.0,2950.0,2528.43994140625,86092500,TLKM.JK,0.8570982852224577
2024-08-26,2940.0,2990.0,2930.0,2980.0,2554.15283203125,88941900,TLKM.JK,0.8570982657822986
2024-08-27,2990.0,3000.0,2950.0,2990.0,2562.72412109375,71223800,TLKM.JK,0.8570983682587793
2024-08-28,3000.0,3000.0,2960.0,2980.0,2554.15283203125,68736300,TLKM.JK,0.8570982657822986
2024-08-29,2980.0,3080.0,2980.0,3030.0,2597.0078125,160714800,TLKM.JK,0.8570982879537954
2024-08-30,3030.0,3070.0,3010.0,3060.0,2622.720703125,195809000,TLKM.JK,0.857098268995098
2024-09-02,3090.0,3150.0,3080.0,3140.0,2691.288818359375,118928500,TLKM.JK,0.8570983497959793
2024-09-03,3140.0,3150.0,3080.0,3080.0,2639.86279296875,82172000,TLKM.JK,0.8570983094054383
2024-09-04,3060.0,3100.0,3040.0,3080.0,2639.86279296875,81041700,TLKM.JK,0.8570983094054383
2024-09-05,3080.0,3090.0,3020.0,3020.0,2588.43701171875,78989400,TLKM.JK,0.8570983482512418
2024-09-06,3010.0,3050.0,3010.0,3040.0,2605.578857421875,82391200,TLKM.JK,0.8570983083624589
2024-09-09,3050.0,3080.0,3000.0,3030.0,2597.0078125,69264400,TLKM.JK,0.8570982879537954
2024-09-10,3060.0,3060.0,3020.0,3030.0,2597.0078125,46436100,TLKM.JK,0.8570982879537954
2024-09-11,3030.0,3050.0,3020.0,3040.0,2605.578857421875,62899600,TLKM.JK,0.8570983083624589
2024-09-12,3060.0,3070.0,3050.0,3050.0,2614.14990234375,85785000,TLKM.JK,0.8570983286372951
2024-09-13,3080.0,3120.0,3070.0,3110.0,2665.57568359375,125032200,TLKM.JK,0.8570982905446142
2024-09-17,3120.0,3130.0,3080.0,3090.0,2648.433837890625,56181000,TLKM.JK,0.8570983294144418
2024-09-18,3120.0,3130.0,3100.0,3120.0,2674.146728515625,87120700,TLKM.JK,0.8570983104216747
2024-09-19,3140.0,3150.0,3120.0,3140.0,2691.288818359375,130418300,TLKM.JK,0.8570983497959793
2024-09-20,3150.0,3170.0,3120.0,3150.0,2699.859619140625,152477400,TLKM.JK,0.8570982917906746
2024-09-23,3150.0,3180.0,3130.0,3170.0,2717.001708984375,82274400,TLKM.JK,0.8570983309098975
2024-09-24,3180.0,3180.0,3150.0,3160.0,2708.4306640625,92256900,TLKM.JK,0.8570983114121835
2024-09-25,3100.0,3190.0,3060.0,3190.0,2734.1435546875,215241700,TLKM.JK,0.8570982930054859
2024-09-26,3170.0,3180.0,3120.0,3170.0,2717.001708984375,120042500,TLKM.JK,0.8570983309098975
2024-09-27,3130.0,3140.0,3010.0,3050.0,2614.14990234375,291217300,TLKM.JK,0.8570983286372951
2024-09-30,3030.0,3030.0,2990.0,2990.0,2562.72412109375,150844800,TLKM.JK,0.8570983682587793
2024-10-01,2990.0,3040.0,2990.0,3020.0,2588.43701171875,77208500,TLKM.JK,0.8570983482512418
2024-10-02,2950.0,2980.0,2920.0,2920.0,2502.72705078125,124629400,TLKM.JK,0.857098305062072
2024-10-03,2950.0,2950.0,2890.0,2890.0,2477.01416015625,92510900,TLKM.JK,0.8570983253135813
2024-10-04,2900.0,2930.0,2860.0,2880.0,2468.443115234375,76757200,TLKM.JK,0.8570983039008246
2024-10-07,2910.0,2910.0,2870.0,2900.0,2485.585205078125,84507100,TLKM.JK,0.8570983465786638
2024-10-08,2890.0,2990.0,2870.0,2990.0,2562.72412109375,135357200,TLKM.JK,0.8570983682587793
2024-10-09,2980.0,3010.0,2960.0,2960.0,2537.010986328125,69435900,TLKM.JK,0.8570983061919342
2024-10-10,2960.0,2980.0,2940.0,2950.0,2528.43994140625,57867000,TLKM.JK,0.8570982852224577
2024-10-11,3000.0,3000.0,2920.0,2940.0,2519.869140625,40454300,TLKM.JK,0.8570983471513606
2024-10-14,2930.0,2970.0,2900.0,2900.0,2485.585205078125,66631500,TLKM.JK,0.8570983465786638
2024-10-15,2920.0,2970.0,2910.0,2940.0,2519.869140625,74529600,TLKM.JK,0.8570983471513606
2024-10-16,2970.0,3000.0,2930.0,3000.0,2571.294921875,163988000,TLKM.JK,0.8570983072916667
2024-10-17,3000.0,3060.0,2980.0,3040.0,2605.578857421875,107040100,TLKM.JK,0.8570983083624589
2024-10-18,3050.0,3130.0,3040.0,3100.0,2657.004638671875,138783600,TLKM.JK,0.8570982705393145
2024-10-21,3100.0,3130.0,3060.0,3100.0,2657.004638671875,92240300,TLKM.JK,0.8570982705393145
2024-10-22,3060.0,3070.0,3010.0,3010.0,2579.86572265625,93662500,TLKM.JK,0.8570982467296512
2024-10-23,2940.0,2980.0,2930.0,2940.0,2519.869140625,99423700,TLKM.JK,0.8570983471513606
2024-10-24,2940.0,2960.0,2900.0,2900.0,2485.585205078125,72559000,TLKM.JK,0.8570983465786638
2024-10-25,2900.0,2950.0,2900.0,2910.0,2494.156005859375,50694200,TLKM.JK,0.8570982838004725
2024-10-28,2920.0,2940.0,2900.0,2920.0,2502.72705078125,38720700,TLKM.JK,0.857098305062072
2024-10-29,2910.0,2930.0,2880.0,2900.0,2485.585205078125,67727500,TLKM.JK,0.8570983465786638
2024-10-30,2880.0,2900.0,2850.0,2900.0,2485.585205078125,123573100,TLKM.JK,0.8570983465786638
2024-10-31,2860.0,2870.0,2820.0,2820.0,2417.017333984375,139590300,TLKM.JK,0.8570983453845301
2024-11-01,2820.0,2840.0,2760.0,2780.0,2382.7333984375,99364500,TLKM.JK,0.8570983447616907
2024-11-04,2780.0,2810.0,2750.0,2800.0,2399.875244140625,63112300,TLKM.JK,0.8570983014787946
2024-11-05,2800.0,2810.0,2730.0,2770.0,2374.162353515625,96721100,TLKM.JK,0.8570983225688177
2024-11-06,2780.0,2800.0,2740.0,2740.0,2348.44921875,66808900,TLKM.JK,0.8570982550182482
2024-11-07,2760.0,2790.0,2740.0,2760.0,2365.59130859375,79485800,TLKM.JK,0.8570983002151268
2024-11-08,2760.0,2780.0,2750.0,2750.0,2357.020263671875,66113200,TLKM.JK,0.8570982776988636
2024-11-11,2720.0,2730.0,2650.0,2690.0,2305.59423828125,108153500,TLKM.JK,0.8570982298443308
2024-11-12,2660.0,2670.0,2600.0,2600.0,2228.45556640625,215910600,TLKM.JK,0.8570982947716346
2024-11-13,2610.0,2630.0,2570.0,2580.0,2211.313720703125,142812600,TLKM.JK,0.8570983413578004
2024-11-14,2550.0,2590.0,2530.0,2530.0,2168.458740234375,185269500,TLKM.JK,0.8570983162981719
2024-11-15,2500.0,2580.0,2500.0,2540.0,2177.029541015625,103680400,TLKM.JK,0.8570982444943406
2024-11-18,2540.0,2610.0,2520.0,2590.0,2219.884521484375,119481300,TLKM.JK,0.8570982708433881
2024-11-19,2610.0,2850.0,2590.0,2780.0,2382.7333984375,275670300,TLKM.JK,0.8570983447616907
2024-11-20,2740.0,2750.0,2640.0,2680.0,2297.0234375,150242900,TLKM.JK,0.8570982975746269
2024-11-21,2680.0,2810.0,2680.0,2770.0,2374.162353515625,128294600,TLKM.JK,0.8570983225688177
2024-11-22,2750.0,2790.0,2720.0,2750.0,2357.020263671875,135265300,TLKM.JK,0.8570982776988636
2024-11-25,2740.0,2780.0,2720.0,2740.0,2348.44921875,358617100,TLKM.JK,0.8570982550182482
2024-11-26,2770.0,2800.0,2680.0,2710.0,2322.736328125,106721000,TLKM.JK,0.8570982760608856
2024-11-28,2680.0,2750.0,2680.0,2720.0,2331.307373046875,102808400,TLKM.JK,0.8570982989142922
2024-11-29,2700.0,2760.0,2700.0,2710.0,2322.736328125,103162000,TLKM.JK,0.8570982760608856
2024-12-02,2720.0,2730.0,2680.0,2680.0,2297.0234375,66025900,TLKM.JK,0.8570982975746269
2024-12-03,2760.0,2830.0,2710.0,2820.0,2417.017333984375,167603900,TLKM.JK,0.8570983453845301
2024-12-04,2820.0,2850.0,2800.0,2840.0,2434.159423828125,83412800,TLKM.JK,0.857098388671875
2024-12-05,2840.0,2840.0,2730.0,2770.0,2374.162353515625,96025400,TLKM.JK,0.8570983225688177
2024-12-06,2740.0,2780.0,2740.0,2760.0,2365.59130859375,48179800,TLKM.JK,0.8570983002151268
2024-12-09,2760.0,2770.0,2730.0,2740.0,2348.44921875,63671900,TLKM.JK,0.8570982550182482
2024-12-10,2770.0,2830.0,2750.0,2770.0,2374.162353515625,124138200,TLKM.JK,0.8570983225688177
2024-12-11,2770.0,2880.0,2770.0,2860.0,2451.301025390625,140611400,TLKM.JK,0.8570982606260926
2024-12-12,2830.0,2850.0,2780.0,2820.0,2417.017333984375,66977700,TLKM.JK,0.8570983453845301
2024-12-13,2770.0,2790.0,2750.0,2790.0,2391.30419921875,77540100,TLKM.JK,0.8570982792898746
2024-12-16,2760.0,2760.0,2650.0,2660.0,2279.88134765625,147655600,TLKM.JK,0.8570982509985903
2024-12-17,2630.0,2650.0,2600.0,2620.0,2245.59765625,113785500,TLKM.JK,0.8570983420801527
2024-12-18,2620.0,2660.0,2570.0,2570.0,2202.74267578125,79565300,TLKM.JK,0.8570983174246108
2024-12-19,2510.0,2560.0,2500.0,2530.0,2168.458740234375,123504200,TLKM.JK,0.8570983162981719
2024-12-20,2530.0,2570.0,2520.0,2550.0,2185.600830078125,110308800,TLKM.JK,0.8570983647365196
2024-12-23,2580.0,2670.0,2580.0,2650.0,2271.310546875,72113700,TLKM.JK,0.8570983195754717
2024-12-24,2680.0,2750.0,2620.0,2740.0,2348.44921875,117582400,TLKM.JK,0.8570982550182482
2024-12-27,2770.0,2800.0,2710.0,2750.0,2357.020263671875,92727600,TLKM.JK,0.8570982776988636
2024-12-30,2720.0,2760.0,2700.0,2710.0,2322.736328125,74279200,TLKM.JK,0.8570982760608856
2025-01-02,2710.0,2740.0,2680.0,2700.0,2314.16552734375,38776700,TLKM.JK,0.8570983434606482
2025-01-03,2740.0,2770.0,2730.0,2750.0,2357.020263671875,49907500,TLKM.JK,0.8570982776988636
2025-01-06,2760.0,2770.0,2660.0,2690.0,2305.59423828125,54087800,TLKM.JK,0.8570982298443308
2025-01-07,2670.0,2680.0,2570.0,2570.0,2202.74267578125,109758000,TLKM.JK,0.8570983174246108
2025-01-08,2590.0,2700.0,2590.0,2650.0,2271.310546875,100688500,TLKM.JK,0.8570983195754717
2025-01-09,2690.0,2700.0,2620.0,2620.0,2245.59765625,55206700,TLKM.JK,0.8570983420801527
2025-01-10,2640.0,2690.0,2630.0,2680.0,2297.0234375,54496800,TLKM.JK,0.8570982975746269
2025-01-13,2670.0,2740.0,2650.0,2670.0,2288.45263671875,90816500,TLKM.JK,0.857098365812266
2025-01-14,2670.0,2690.0,2610.0,2620.0,2245.59765625,53116800,TLKM.JK,0.8570983420801527
2025-01-15,2640.0,2670.0,2620.0,2630.0,2254.16845703125,52867900,TLKM.JK,0.8570982726354562
2025-01-16,2660.0,2660.0,2590.0,2590.0,2219.884521484375,118890200,TLKM.JK,0.8570982708433881
2025-01-17,2630.0,2680.0,2610.0,2660.0,2279.88134765625,107245400,TLKM.JK,0.8570982509985903
2025-01-20,2670.0,2690.0,2610.0,2610.0,2237.026611328125,49752300,TLKM.JK,0.857098318516523
2025-01-21,2630.0,2660.0,2600.0,2630.0,2254.16845703125,86549000,TLKM.JK,0.8570982726354562
2025-01-22,2680.0,2750.0,2650.0,2730.0,2339.87841796875,128617700,TLKM.JK,0.8570983216002748
2025-01-23,2730.0,2750.0,2710.0,2710.0,2322.736328125,63216100,TLKM.JK,0.8570982760608856
2025-01-24,2740.0,2750.0,2690.0,2690.0,2305.59423828125,49844700,TLKM.JK,0.8570982298443308
2025-01-30,2690.0,2710.0,2610.0,2640.0,2262.739501953125,89736900,TLKM.JK,0.8570982961943655
2025-01-31,2660.0,2710.0,2660.0,2660.0,2279.88134765625,83736900,TLKM.JK,0.8570982509985903
2025-02-03,2620.0,2630.0,2560.0,2630.0,2254.16845703125,91801900,TLKM.JK,0.8570982726354562
2025-02-04,2640.0,2660.0,2590.0,2640.0,2262.739501953125,95311100,TLKM.JK,0.8570982961943655
2025-02-05,2600.0,2640.0,2590.0,2620.0,2245.59765625,110400300,TLKM.JK,0.8570983420801527
2025-02-06,2630.0,2630.0,2520.0,2560.0,2194.171630859375,90471900,TLKM.JK,0.8570982933044433
2025-02-07,2550.0,2590.0,2510.0,2590.0,2219.884521484375,105020200,TLKM.JK,0.8570982708433881
2025-02-10,2520.0,2550.0,2440.0,2440.0,2091.31982421875,153328500,TLKM.JK,0.8570982886142418
2025-02-11,2430.0,2450.0,2300.0,2320.0,1988.468017578125,254907800,TLKM.JK,0.857098283438847
2025-02-12,2360.0,2480.0,2350.0,2480.0,2125.603759765625,173407600,TLKM.JK,0.8570982902280746
2025-02-13,2370.0,2420.0,2310.0,2420.0,2074.177734375,219425500,TLKM.JK,0.8570982373450413
2025-02-14,2460.0,2530.0,2440.0,2530.0,2168.458740234375,156474300,TLKM.JK,0.8570983162981719
2025-02-17,2570.0,2650.0,2530.0,2650.0,2271.310546875,113998200,TLKM.JK,0.8570983195754717
2025-02-18,2660.0,2710.0,2630.0,2680.0,2297.0234375,115881200,TLKM.JK,0.8570982975746269
2025-02-19,2680.0,2690.0,2600.0,2670.0,2288.45263671875,119388200,TLKM.JK,0.857098365812266
2025-02-20,2650.0,2680.0,2620.0,2670.0,2288.45263671875,90411700,TLKM.JK,0.857098365812266
2025-02-21,2670.0,2680.0,2630.0,2650.0,2271.310546875,75110600,TLKM.JK,0.8570983195754717
2025-02-24,2630.0,2640.0,2570.0,2600.0,2228.45556640625,42327600,TLKM.JK,0.8570982947716346
2025-02-25,2560.0,2580.0,2460.0,2460.0,2108.4619140625,111687700,TLKM.JK,0.8570983390497967
2025-02-26,2500.0,2520.0,2460.0,2520.0,2159.8876953125,65752000,TLKM.JK,0.8570982917906746
2025-02-27,2520.0,2560.0,2430.0,2490.0,2134.1748046875,88741400,TLKM.JK,0.8570983151355421
2025-02-28,2470.0,2470.0,2350.0,2350.0,2014.18115234375,249795300,TLKM.JK,0.857098362699468
2025-03-03,2400.0,2420.0,2370.0,2400.0,2057.0361328125,178833400,TLKM.JK,0.857098388671875
2025-03-04,2400.0,2440.0,2350.0,2380.0,2039.89404296875,131347800,TLKM.JK,0.8570983373818277
2025-03-05,2420.0,2470.0,2410.0,2450.0,2099.890869140625,167407400,TLKM.JK,0.857098313934949
2025-03-06,2490.0,2510.0,2400.0,2400.0,2057.0361328125,131136100,TLKM.JK,0.857098388671875
2025-03-07,2430.0,2470.0,2350.0,2410.0,2065.60693359375,182407000,TLKM.JK,0.8570983126945021
2025-03-10,2430.0,2430.0,2370.0,2390.0,2048.46484375,88949400,TLKM.JK,0.8570982609832636
2025-03-11,2380.0,2390.0,2350.0,2370.0,2031.3228759765625,102235600,TLKM.JK,0.8570982599057225
2025-03-12,2410.0,2490.0,2400.0,2450.0,2099.890869140625,98938700,TLKM.JK,0.857098313934949
2025-03-13,2470.0,2490.0,2420.0,2430.0,2082.7490234375,66706500,TLKM.JK,0.8570983635545267
2025-03-14,2450.0,2480.0,2410.0,2420.0,2074.177734375,107627100,TLKM.JK,0.8570982373450413
2025-03-17,2420.0,2450.0,2410.0,2420.0,2074.177734375,58129400,TLKM.JK,0.8570982373450413
2025-03-18,2450.0,2470.0,2300.0,2420.0,2074.177734375,139758600,TLKM.JK,0.8570982373450413
2025-03-19,2420.0,2440.0,2380.0,2430.0,2082.7490234375,96825800,TLKM.JK,0.8570983635545267
2025-03-20,2440.0,2440.0,2350.0,2390.0,2048.46484375,94823100,TLKM.JK,0.8570982609832636
2025-03-21,2370.0,2380.0,2300.0,2310.0,1979.8970947265625,204534000,TLKM.JK,0.8570983094054383
2025-03-24,2320.0,2360.0,2240.0,2330.0,1997.0390625,105865000,TLKM.JK,0.8570983100858369
2025-03-25,2340.0,2360.0,2300.0,2340.0,2005.6099853515625,107964200,TLKM.JK,0.8570982843382746
2025-03-26,2360.0,2460.0,2350.0,2440.0,2091.31982421875,215856700,TLKM.JK,0.8570982886142418
2025-03-27,2430.0,2430.0,2390.0,2410.0,2065.60693359375,120411200,TLKM.JK,0.8570983126945021
2025-04-08,2050.0,2300.0,2050.0,2290.0,1962.755126953125,409973200,TLKM.JK,0.8570983087131551
2025-04-09,2440.0,2440.0,2300.0,2320.0,1988.468017578125,120363300,TLKM.JK,0.857098283438847
2025-04-10,2450.0,2470.0,2320.0,2350.0,2014.18115234375,139327100,TLKM.JK,0.857098362699468
2025-04-11,2320.0,2350.0,2300.0,2330.0,1997.0390625,60214100,TLKM.JK,0.8570983100858369
2025-04-14,2320.0,2430.0,2310.0,2430.0,2082.7490234375,116968600,TLKM.JK,0.8570983635545267
2025-04-15,2460.0,2470.0,2420.0,2450.0,2099.890869140625,99064500,TLKM.JK,0.857098313934949
2025-04-16,2490.0,2510.0,2450.0,2480.0,2125.603759765625,121853000,TLKM.JK,0.8570982902280746
2025-04-17,2500.0,2660.0,2490.0,2550.0,2185.600830078125,195577900,TLKM.JK,0.8570983647365196
2025-04-21,2600.0,2610.0,2510.0,2570.0,2202.74267578125,84209300,TLKM.JK,0.8570983174246108
2025-04-22,2570.0,2570.0,2520.0,2550.0,2185.600830078125,44958000,TLKM.JK,0.8570983647365196
2025-04-23,2580.0,2640.0,2570.0,2630.0,2254.16845703125,128704200,TLKM.JK,0.8570982726354562
2025-04-24,2630.0,2650.0,2600.0,2630.0,2254.16845703125,75733400,TLKM.JK,0.8570982726354562
2025-04-25,2630.0,2650.0,2570.0,2600.0,2228.45556640625,93439600,TLKM.JK,0.8570982947716346
2025-04-28,2600.0,2610.0,2560.0,2560.0,2194.171630859375,51086400,TLKM.JK,0.8570982933044433
2025-04-29,2570.0,2600.0,2560.0,2590.0,2219.884521484375,56546100,TLKM.JK,0.8570982708433881
2025-04-30,2600.0,2640.0,2600.0,2640.0,2262.739501953125,96333300,TLKM.JK,0.8570982961943655
2025-05-02,2640.0,2720.0,2620.0,2680.0,2297.0234375,132357600,TLKM.JK,0.8570982975746269
2025-05-05,2710.0,2710.0,2670.0,2700.0,2314.16552734375,85592500,TLKM.JK,0.8570983434606482
2025-05-06,2720.0,2730.0,2680.0,2680.0,2297.0234375,76948300,TLKM.JK,0.8570982975746269
2025-05-07,2680.0,2690.0,2620.0,2620.0,2245.59765625,100293700,TLKM.JK,0.8570983420801527
2025-05-08,2630.0,2640.0,2570.0,2570.0,2202.74267578125,122965300,TLKM.JK,0.8570983174246108
2025-05-09,2570.0,2630.0,2570.0,2600.0,2228.45556640625,59433500,TLKM.JK,0.8570982947716346
2025-05-14,2530.0,2620.0,2530.0,2590.0,2219.884521484375,132760900,TLKM.JK,0.8570982708433881
2025-05-15,2580.0,2690.0,2580.0,2660.0,2279.88134765625,120039700,TLKM.JK,0.8570982509985903
2025-05-16,2710.0,2750.0,2680.0,2740.0,2348.44921875,101569600,TLKM.JK,0.8570982550182482
2025-05-19,2760.0,2860.0,2740.0,2820.0,2417.017333984375,164194700,TLKM.JK,0.8570983453845301
2025-05-20,2830.0,2840.0,2740.0,2740.0,2348.44921875,129805200,TLKM.JK,0.8570982550182482
2025-05-21,2710.0,2780.0,2690.0,2750.0,2357.020263671875,120242100,TLKM.JK,0.8570982776988636
2025-05-22,2750.0,2850.0,2750.0,2800.0,2399.875244140625,131277300,TLKM.JK,0.8570983014787946
2025-05-23,2710.0,2720.0,2690.0,2690.0,2305.59423828125,141199500,TLKM.JK,0.8570982298443308
2025-05-26,2720.0,2820.0,2700.0,2800.0,2399.875244140625,186806300,TLKM.JK,0.8570983014787946
2025-05-27,2840.0,2880.0,2790.0,2830.0,2425.588134765625,279180500,TLKM.JK,0.8570982808359099
2025-05-28,2860.0,2870.0,2800.0,2820.0,2417.017333984375,531309500,TLKM.JK,0.8570983453845301
2025-06-02,2780.0,2820.0,2750.0,2780.0,2382.7333984375,211393400,TLKM.JK,0.8570983447616907
2025-06-03,2780.0,2830.0,2730.0,2800.0,2399.875244140625,142896600,TLKM.JK,0.8570983014787946
2025-06-04,2810.0,2860.0,2810.0,2820.0,2417.017333984375,125006700,TLKM.JK,0.8570983453845301
2025-06-05,2850.0,2850.0,2820.0,2840.0,2434.159423828125,95008500,TLKM.JK,0.857098388671875
2025-06-10,2920.0,2920.0,2880.0,2910.0,2494.156005859375,213564000,TLKM.JK,0.8570982838004725
2025-06-11,2750.0,2810.0,2730.0,2800.0,2588.897216796875,200609800,TLKM.JK,0.9246061488560268
2025-06-12,2830.0,2830.0,2750.0,2780.0,2570.405029296875,97099100,TLKM.JK,0.9246061256463579
2025-06-13,2770.0,2770.0,2720.0,2740.0,2533.4208984375,81111300,TLKM.JK,0.9246061673129562
2025-06-16,2740.0,2770.0,2730.0,2740.0,2533.4208984375,46641000,TLKM.JK,0.9246061673129562
2025-06-17,2800.0,2800.0,2760.0,2760.0,2551.912841796875,59643500,TLKM.JK,0.924606102100317
2025-06-18,2770.0,2800.0,2760.0,2770.0,2561.158935546875,70757600,TLKM.JK,0.9246061139158394
2025-06-19,2740.0,2780.0,2630.0,2690.0,2487.1904296875,98911200,TLKM.JK,0.9246061076905204
2025-06-20,2700.0,2710.0,2640.0,2640.0,2440.960205078125,243027500,TLKM.JK,0.9246061382871685
2025-06-23,2610.0,2610.0,2560.0,2580.0,2385.48388671875,73554200,TLKM.JK,0.9246061576429263
2025-06-24,2600.0,2670.0,2580.0,2590.0,2394.72998046875,107300200,TLKM.JK,0.9246061700651544
2025-06-25,2650.0,2650.0,2560.0,2620.0,2422.468017578125,79958900,TLKM.JK,0.924606113579437
2025-06-26,2620.0,2710.0,2590.0,2710.0,2505.6826171875,132868200,TLKM.JK,0.9246061318035055
2025-06-30,2780.0,2790.0,2730.0,2780.0,2570.405029296875,124299500,TLKM.JK,0.9246061256463579
2025-07-01,2800.0,2810.0,2760.0,2810.0,2598.143310546875,73006700,TLKM.JK,0.9246061603369662
2025-07-02,2820.0,2820.0,2730.0,2780.0,2570.405029296875,92321600,TLKM.JK,0.9246061256463579
2025-07-03,2780.0,2810.0,2690.0,2710.0,2505.6826171875,69094400,TLKM.JK,0.9246061318035055
2025-07-04,2710.0,2720.0,2620.0,2630.0,2431.714111328125,53587300,TLKM.JK,0.9246061259802757
2025-07-07,2630.0,2700.0,2610.0,2700.0,2496.4365234375,33446600,TLKM.JK,0.9246061197916666
2025-07-08,2680.0,2700.0,2640.0,2650.0,2450.206298828125,45926000,TLKM.JK,0.9246061505011792
2025-07-09,2650.0,2680.0,2640.0,2670.0,2468.698486328125,44897100,TLKM.JK,0.9246061746547285
2025-07-10,2690.0,2710.0,2650.0,2690.0,2487.1904296875,41108700,TLKM.JK,0.9246061076905204
2025-07-11,2710.0,2730.0,2690.0,2730.0,2524.1748046875,47851300,TLKM.JK,0.9246061555631868
2025-07-14,2700.0,2710.0,2640.0,2690.0,2487.1904296875,60458400,TLKM.JK,0.9246061076905204
2025-07-15,2690.0,2690.0,2640.0,2640.0,2440.960205078125,35309100,TLKM.JK,0.9246061382871685
2025-07-16,2660.0,2680.0,2650.0,2650.0,2450.206298828125,43385900,TLKM.JK,0.9246061505011792
2025-07-17,2700.0,2770.0,2660.0,2770.0,2561.158935546875,102642100,TLKM.JK,0.9246061139158394
2025-07-18,2800.0,2800.0,2750.0,2770.0,2561.158935546875,83762800,TLKM.JK,0.9246061139158394
2025-07-21,2800.0,2800.0,2750.0,2800.0,2588.897216796875,52553200,TLKM.JK,0.9246061488560268
2025-07-22,2800.0,2850.0,2800.0,2850.0,2635.12744140625,108243300,TLKM.JK,0.9246061197916666
2025-07-23,2870.0,2870.0,2840.0,2850.0,2635.12744140625,86077600,TLKM.JK,0.9246061197916666
2025-07-24,2860.0,2870.0,2800.0,2840.0,2625.88134765625,74224200,TLKM.JK,0.9246061083296655
2025-07-25,2810.0,2830.0,2780.0,2820.0,2607.389404296875,41296200,TLKM.JK,0.9246061717364805
2025-07-28,2870.0,2870.0,2830.0,2860.0,2644.37353515625,40193800,TLKM.JK,0.924606131173514
2025-07-29,2870.0,2880.0,2840.0,2880.0,2662.86572265625,46357400,TLKM.JK,0.9246061537000868
2025-07-30,2890.0,2890.0,2850.0,2880.0,2662.86572265625,99062400,TLKM.JK,0.9246061537000868
2025-07-31,2890.0,2930.0,2860.0,2880.0,2662.86572265625,201065700,TLKM.JK,0.9246061537000868
2025-08-01,2960.0,2990.0,2910.0,2980.0,2755.326416015625,130977000,TLKM.JK,0.9246061798710151
2025-08-04,3000.0,3030.0,2990.0,3030.0,2801.556640625,96385300,TLKM.JK,0.9246061520214521
2025-08-05,3050.0,3050.0,2990.0,3030.0,2801.556640625,99396900,TLKM.JK,0.9246061520214521
2025-08-06,3000.0,3010.0,2960.0,2990.0,2764.572265625,86215200,TLKM.JK,0.9246061089046823
2025-08-07,2990.0,2990.0,2930.0,2950.0,2727.588134765625,46506200,TLKM.JK,0.9246061473781779
2025-08-08,2950.0,2960.0,2930.0,2940.0,2718.342041015625,46945800,TLKM.JK,0.9246061363998724
2025-08-11,2990.0,3010.0,2970.0,2990.0,2764.572265625,74978300,TLKM.JK,0.9246061089046823
2025-08-12,3050.0,3200.0,3010.0,3180.0,2940.24755859375,217607800,TLKM.JK,0.9246061505011792
2025-08-13,3220.0,3420.0,3210.0,3360.0,3106.6767578125,465722400,TLKM.JK,0.9246061779203869
2025-08-14,3370.0,3490.0,3370.0,3420.0,3162.153076171875,232557200,TLKM.JK,0.9246061626233553
2025-08-15,3360.0,3410.0,3310.0,3310.0,3060.4462890625,182893900,TLKM.JK,0.924606129626133
2025-08-19,3260.0,3330.0,3240.0,3250.0,3004.969970703125,164921000,TLKM.JK,0.9246061448317308
2025-08-20,3220.0,3290.0,3220.0,3220.0,2977.231689453125,80084600,TLKM.JK,0.9246061147369954
2025-08-21,3210.0,3270.0,3210.0,3250.0,3004.969970703125,63861900,TLKM.JK,0.9246061448317308
2025-08-22,3270.0,3290.0,3220.0,3240.0,2995.723876953125,61351700,TLKM.JK,0.9246061348620757
2025-08-25,3280.0,3350.0,3250.0,3310.0,3060.4462890625,93221500,TLKM.JK,0.924606129626133
2025-08-26,3310.0,3320.0,3230.0,3260.0,3014.216064453125,227364800,TLKM.JK,0.9246061547402223
2025-08-27,3200.0,3250.0,3100.0,3170.0,2931.00146484375,118158900,TLKM.JK,0.9246061403292587
2025-08-28,3160.0,3220.0,3150.0,3180.0,2940.24755859375,55940600,TLKM.JK,0.9246061505011792
2025-08-29,3180.0,3210.0,3100.0,3130.0,2894.017333984375,72585500,TLKM.JK,0.9246061769918131
2025-09-01,3080.0,3110.0,2960.0,3110.0,2875.525146484375,130027900,TLKM.JK,0.9246061564258441
2025-09-02,3120.0,3140.0,3050.0,3070.0,2838.540771484375,64402900,TLKM.JK,0.9246061144900244
2025-09-03,3080.0,3170.0,3070.0,3110.0,2875.525146484375,113875700,TLKM.JK,0.9246061564258441
2025-09-04,3090.0,3170.0,3090.0,3150.0,2912.50927734375,37223800,TLKM.JK,0.9246061197916666
2025-09-08,3300.0,3300.0,3090.0,3090.0,2857.032958984375,93725000,TLKM.JK,0.9246061355936489
2025-09-09,3100.0,3130.0,3000.0,3050.0,2820.048828125,104463400,TLKM.JK,0.9246061731557377
2025-09-10,3070.0,3180.0,3050.0,3150.0,2912.50927734375,49840200,TLKM.JK,0.9246061197916666
2025-09-11,3180.0,3190.0,3070.0,3080.0,2847.786865234375,71919900,TLKM.JK,0.9246061250760957
2025-09-12,3090.0,3110.0,3050.0,3100.0,2866.279052734375,61521400,TLKM.JK,0.9246061460433468
2025-09-15,3150.0,3260.0,3130.0,3260.0,3014.216064453125,115361300,TLKM.JK,0.9246061547402223
2025-09-16,3300.0,3300.0,3260.0,3300.0,3051.2001953125,80642900,TLKM.JK,0.9246061197916666
2025-09-17,3300.0,3340.0,3210.0,3340.0,3088.1845703125,73539700,TLKM.JK,0.9246061587761976
2025-09-18,3400.0,3400.0,3230.0,3250.0,3004.969970703125,99501600,TLKM.JK,0.9246061448317308
2025-09-19,3210.0,3300.0,3160.0,3230.0,2986.477783203125,113834400,TLKM.JK,0.9246061248306888
2025-09-22,3300.0,3300.0,3190.0,3220.0,2977.231689453125,53704700,TLKM.JK,0.9246061147369954
2025-09-23,3240.0,3260.0,3130.0,3190.0,2949.49365234375,40100300,TLKM.JK,0.924606160609326
2025-09-24,3190.0,3190.0,3150.0,3160.0,2921.75537109375,37086500,TLKM.JK,0.9246061300929589
2025-09-25,3160.0,3200.0,3110.0,3120.0,2884.771240234375,37627500,TLKM.JK,0.9246061667417869
2025-09-26,3100.0,3160.0,3090.0,3110.0,2875.525146484375,66789300,TLKM.JK,0.9246061564258441
2025-09-29,3110.0,3130.0,3050.0,3080.0,2847.786865234375,85911300,TLKM.JK,0.9246061250760957
2025-09-30,3090.0,3140.0,3060.0,3060.0,2829.294921875,117025800,TLKM.JK,0.924606183619281
2025-10-01,3060.0,3100.0,3060.0,3060.0,2829.294921875,59779700,TLKM.JK,0.924606183619281
2025-10-02,3070.0,3200.0,3060.0,3130.0,2894.017333984375,113431700,TLKM.JK,0.9246061769918131
2025-10-03,3110.0,3130.0,3050.0,3070.0,2838.540771484375,59116700,TLKM.JK,0.9246061144900244
2025-10-06,3080.0,3090.0,2960.0,3010.0,2783.064453125,59707600,TLKM.JK,0.9246061306063122
2025-10-07,3030.0,3050.0,3000.0,3010.0,2783.064453125,30353000,TLKM.JK,0.9246061306063122
2025-10-08,3030.0,3040.0,2940.0,2990.0,2764.572265625,66090700,TLKM.JK,0.9246061089046823
2025-10-09,2950.0,3020.0,2950.0,3010.0,2783.064453125,54769300,TLKM.JK,0.9246061306063122
2025-10-10,3030.0,3080.0,3000.0,3040.0,2810.802734375,62254500,TLKM.JK,0.9246061626233553
2025-10-13,3020.0,3070.0,2980.0,3020.0,2792.310546875,46978500,TLKM.JK,0.9246061413493377
2025-10-14,3050.0,3070.0,2960.0,2960.0,2736.834228515625,38518800,TLKM.JK,0.9246061582823057
2025-10-15,3000.0,3090.0,2950.0,3080.0,2847.786865234375,67503700,TLKM.JK,0.9246061250760957
2025-10-16,2970.0,3020.0,2900.0,2950.0,2727.588134765625,103687000,TLKM.JK,0.9246061473781779
2025-10-17,2950.0,2960.0,2850.0,2880.0,2662.86572265625,82482200,TLKM.JK,0.9246061537000868
2025-10-20,2930.0,2970.0,2900.0,2940.0,2718.342041015625,96029300,TLKM.JK,0.9246061363998724
2025-10-21,2970.0,3290.0,2970.0,3280.0,3032.708251953125,223104600,TLKM.JK,0.9246061743759527
2025-10-22,3220.0,3220.0,3120.0,3150.0,2912.50927734375,128796800,TLKM.JK,0.9246061197916666
2025-10-23,3180.0,3400.0,3170.0,3360.0,3106.6767578125,218967200,TLKM.JK,0.9246061779203869
2025-10-24,3370.0,3440.0,3290.0,3290.0,3041.9541015625,115104000,TLKM.JK,0.9246061098974164
2025-10-27,3320.0,3360.0,3280.0,3330.0,3078.9384765625,105683900,TLKM.JK,0.9246061491178679
2025-10-28,3330.0,3480.0,3270.0,3400.0,3143.660888671875,143082100,TLKM.JK,0.9246061437270221
2025-10-29,3390.0,3390.0,3270.0,3290.0,3041.9541015625,93073800,TLKM.JK,0.9246061098974164
2025-10-30,3290.0,3310.0,3200.0,3250.0,3004.969970703125,83523100,TLKM.JK,0.9246061448317308
2025-10-31,3200.0,3250.0,3150.0,3210.0,2967.98583984375,126790400,TLKM.JK,0.9246061806366822
2025-11-03,3210.0,3380.0,3210.0,3350.0,3097.4306640625,107151300,TLKM.JK,0.9246061683768657
2025-11-04,3360.0,3590.0,3360.0,3500.0,3236.12158203125,227450800,TLKM.JK,0.9246061662946429
2025-11-05,3600.0,3630.0,3510.0,3540.0,3273.105712890625,182624300,TLKM.JK,0.9246061335849223
2025-11-06,3540.0,3550.0,3470.0,3480.0,3217.62939453125,71766000,TLKM.JK,0.9246061478538075
2025-11-07,3460.0,3490.0,3420.0,3470.0,3208.38330078125,58917900,TLKM.JK,0.9246061385536744
2025-11-10,3490.0,3550.0,3440.0,3440.0,3180.64501953125,88941900,TLKM.JK,0.9246061103288518
2025-11-11,3500.0,3530.0,3470.0,3520.0,3254.613525390625,63130300,TLKM.JK,0.9246061151677912
2025-11-12,3540.0,3590.0,3510.0,3560.0,3291.597900390625,61339600,TLKM.JK,0.9246061517951194
2025-11-13,3570.0,3570.0,3480.0,3500.0,3236.12158203125,57467900,TLKM.JK,0.9246061662946429
2025-11-14,3530.0,3560.0,3510.0,3550.0,3282.351806640625,55079600,TLKM.JK,0.924606142715669
2025-11-17,3570.0,3630.0,3560.0,3610.0,3337.828125,76833800,TLKM.JK,0.9246061288088643
2025-11-18,3610.0,3630.0,3540.0,3620.0,3347.07421875,97747000,TLKM.JK,0.9246061377762431
2025-11-19,3620.0,3690.0,3620.0,3650.0,3374.8125,109911100,TLKM.JK,0.9246061643835617
2025-11-20,3650.0,3660.0,3620.0,3640.0,3365.56640625,52200700,TLKM.JK,0.9246061555631868
2025-11-21,3590.0,3610.0,3460.0,3500.0,3236.12158203125,93181600,TLKM.JK,0.9246061662946429
2025-11-24,3560.0,3700.0,3540.0,3700.0,3421.042724609375,241304000,TLKM.JK,0.9246061417863176
2025-11-25,3690.0,3690.0,3560.0,3650.0,3374.8125,84816600,TLKM.JK,0.9246061643835617
2025-11-26,3600.0,3720.0,3600.0,3720.0,3439.534912109375,111114600,TLKM.JK,0.9246061591691869
2025-11-27,3700.0,3700.0,3560.0,3570.0,3300.843994140625,48436500,TLKM.JK,0.9246061608237045
2025-11-28,3600.0,3630.0,3500.0,3510.0,3245.36767578125,70943000,TLKM.JK,0.9246061754362536
2025-12-01,3530.0,3650.0,3520.0,3650.0,3374.8125,89045500,TLKM.JK,0.9246061643835617
2025-12-02,3660.0,3670.0,3560.0,3560.0,3291.597900390625,62155900,TLKM.JK,0.9246061517951194
2025-12-03,3590.0,3650.0,3580.0,3580.0,3310.090087890625,60429900,TLKM.JK,0.9246061698018505
2025-12-04,3660.0,3660.0,3580.0,3630.0,3356.3203125,38947500,TLKM.JK,0.9246061466942149
2025-12-05,3630.0,3700.0,3610.0,3700.0,3421.042724609375,50641400,TLKM.JK,0.9246061417863176
2025-12-08,3700.0,3700.0,3600.0,3630.0,3356.3203125,64911000,TLKM.JK,0.9246061466942149
2025-12-09,3650.0,3650.0,3520.0,3570.0,3300.843994140625,94381800,TLKM.JK,0.9246061608237045
2025-12-10,3620.0,3700.0,3590.0,3640.0,3365.56640625,68644900,TLKM.JK,0.9246061555631868
2025-12-11,3670.0,3690.0,3500.0,3570.0,3300.843994140625,84823100,TLKM.JK,0.9246061608237045
2025-12-12,3630.0,3630.0,3500.0,3550.0,3282.351806640625,67076200,TLKM.JK,0.924606142715669
2025-12-15,3550.0,3560.0,3460.0,3470.0,3208.38330078125,121707400,TLKM.JK,0.9246061385536744
2025-12-16,3490.0,3550.0,3470.0,3520.0,3254.613525390625,120576700,TLKM.JK,0.9246061151677912
2025-12-17,3540.0,3590.0,3490.0,3500.0,3236.12158203125,118452300,TLKM.JK,0.9246061662946429
2025-12-18,3540.0,3580.0,3460.0,3460.0,3199.13720703125,111042200,TLKM.JK,0.9246061291997832
2025-12-19,3520.0,3520.0,3390.0,3410.0,3152.906982421875,236770700,TLKM.JK,0.9246061532028959
2025-12-22,3440.0,3490.0,3420.0,3470.0,3208.38330078125,113720300,TLKM.JK,0.9246061385536744
2025-12-23,3470.0,3470.0,3420.0,3470.0,3208.38330078125,39083700,TLKM.JK,0.9246061385536744
2025-12-24,3480.0,3500.0,3440.0,3460.0,3199.13720703125,30919800,TLKM.JK,0.9246061291997832
2025-12-29,3480.0,3530.0,3460.0,3490.0,3226.87548828125,53079900,TLKM.JK,0.9246061571006448
2025-12-30,3490.0,3510.0,3480.0,3480.0,3217.62939453125,48019100,TLKM.JK,0.9246061478538075
2026-01-02,3510.0,3510.0,3450.0,3470.0,3208.38330078125,34812500,TLKM.JK,0.9246061385536744
2026-01-05,3490.0,3590.0,3480.0,3580.0,3310.090087890625,77224000,TLKM.JK,0.9246061698018505
2026-01-06,3600.0,3600.0,3490.0,3520.0,3254.613525390625,77477100,TLKM.JK,0.9246061151677912
2026-01-07,3540.0,3550.0,3500.0,3540.0,3273.105712890625,60466200,TLKM.JK,0.9246061335849223
2026-01-08,3540.0,3580.0,3520.0,3530.0,3263.859619140625,61219400,TLKM.JK,0.9246061244024434
2026-01-09,3550.0,3560.0,3450.0,3450.0,3189.89111328125,82708700,TLKM.JK,0.9246061197916666
2026-01-12,3470.0,3530.0,3460.0,3520.0,3254.613525390625,89165400,TLKM.JK,0.9246061151677912
2026-01-13,3600.0,3660.0,3550.0,3620.0,3347.07421875,129812000,TLKM.JK,0.9246061377762431
2026-01-14,3690.0,3700.0,3610.0,3650.0,3374.8125,98179400,TLKM.JK,0.9246061643835617
2026-01-15,3650.0,3680.0,3610.0,3660.0,3384.05859375,83981800,TLKM.JK,0.9246061731557377
2026-01-19,3590.0,3630.0,3490.0,3620.0,3347.07421875,147127900,TLKM.JK,0.9246061377762431
2026-01-20,3550.0,3680.0,3550.0,3600.0,3328.58203125,89987800,TLKM.JK,0.9246061197916666
2026-01-21,3670.0,3700.0,3570.0,3600.0,3328.58203125,104120400,TLKM.JK,0.9246061197916666
2026-01-22,3670.0,3790.0,3660.0,3740.0,3458.027099609375,149259700,TLKM.JK,0.9246061763661431
2026-01-23,3790.0,3800.0,3730.0,3770.0,3485.76513671875,109079700,TLKM.JK,0.9246061370606764
2026-01-26,3780.0,3850.0,3750.0,3850.0,3559.733642578125,91258600,TLKM.JK,0.9246061409293831
2026-01-27,3850.0,3990.0,3730.0,3940.0,3642.9482421875,161704800,TLKM.JK,0.924606152839467
2026-01-28,3800.0,3800.0,3390.0,3470.0,3208.38330078125,439277400,TLKM.JK,0.9246061385536744
2026-01-29,3420.0,3500.0,3100.0,3450.0,3189.89111328125,582049700,TLKM.JK,0.9246061197916666
2026-01-30,3550.0,3740.0,3540.0,3600.0,3328.58203125,332372800,TLKM.JK,0.9246061197916666
2026-02-02,3670.0,3700.0,3430.0,3500.0,3236.12158203125,157041400,TLKM.JK,0.9246061662946429
2026-02-03,3540.0,3550.0,3420.0,3450.0,3189.89111328125,155611200,TLKM.JK,0.9246061197916666
2026-02-04,3420.0,3440.0,3260.0,3330.0,3078.9384765625,215692700,TLKM.JK,0.9246061491178679
2026-02-05,3350.0,3360.0,3260.0,3290.0,3041.9541015625,148908600,TLKM.JK,0.9246061098974164
2026-02-06,3310.0,3390.0,3270.0,3380.0,3125.168701171875,137552600,TLKM.JK,0.9246061246070636
2026-02-09,3430.0,3430.0,3340.0,3350.0,3097.4306640625,109053400,TLKM.JK,0.9246061683768657
2026-02-10,3380.0,3430.0,3360.0,3400.0,3143.660888671875,129254100,TLKM.JK,0.9246061437270221
2026-02-11,3430.0,3530.0,3420.0,3530.0,3263.859619140625,151785400,TLKM.JK,0.9246061244024434
2026-02-12,3500.0,3560.0,3470.0,3560.0,3291.597900390625,114656400,TLKM.JK,0.9246061517951194
2026-02-13,3540.0,3550.0,3440.0,3450.0,3189.89111328125,102244000,TLKM.JK,0.9246061197916666
2026-02-18,3470.0,3510.0,3460.0,3490.0,3226.87548828125,82797000,TLKM.JK,0.9246061571006448
2026-02-19,3500.0,3500.0,3460.0,3480.0,3217.62939453125,70690600,TLKM.JK,0.9246061478538075
2026-02-20,3490.0,3510.0,3430.0,3480.0,3217.62939453125,75231500,TLKM.JK,0.9246061478538075
2026-02-23,3480.0,3550.0,3480.0,3550.0,3282.351806640625,59621900,TLKM.JK,0.924606142715669
2026-02-24,3600.0,3600.0,3510.0,3580.0,3310.090087890625,119024300,TLKM.JK,0.9246061698018505
2026-02-25,3580.0,3660.0,3580.0,3600.0,3328.58203125,66237300,TLKM.JK,0.9246061197916666
2026-02-26,3560.0,3650.0,3510.0,3650.0,3374.8125,111136200,TLKM.JK,0.9246061643835617
2026-02-27,3630.0,3630.0,3530.0,3540.0,3273.105712890625,140862100,TLKM.JK,0.9246061335849223
2026-03-02,3440.0,3490.0,3410.0,3450.0,3189.89111328125,80022100,TLKM.JK,0.9246061197916666
2026-03-03,3520.0,3530.0,3440.0,3450.0,3189.89111328125,125403800,TLKM.JK,0.9246061197916666
2026-03-04,3430.0,3450.0,3110.0,3200.0,2958.73974609375,206478300,TLKM.JK,0.9246061706542968
2026-03-05,3300.0,3350.0,3210.0,3260.0,3014.216064453125,137853600,TLKM.JK,0.9246061547402223
2026-03-06,3270.0,3290.0,3180.0,3190.0,2949.49365234375,84932600,TLKM.JK,0.924606160609326
2026-03-09,3160.0,3160.0,3000.0,3100.0,2866.279052734375,126776600,TLKM.JK,0.9246061460433468
2026-03-10,3120.0,3150.0,2930.0,2960.0,2736.834228515625,288339600,TLKM.JK,0.9246061582823057
2026-03-11,3000.0,3020.0,2930.0,3000.0,2773.818359375,209073500,TLKM.JK,0.9246061197916666
2026-03-12,3020.0,3060.0,2980.0,3020.0,2792.310546875,100856000,TLKM.JK,0.9246061413493377
2026-03-13,3030.0,3050.0,2920.0,2970.0,2746.080322265625,102546800,TLKM.JK,0.9246061691130051
2026-03-16,2970.0,2980.0,2830.0,2960.0,2736.834228515625,95426400,TLKM.JK,0.9246061582823057
2026-03-17,3050.0,3050.0,2960.0,3050.0,2820.048828125,164842700,TLKM.JK,0.9246061731557377
2026-03-25,3140.0,3300.0,3130.0,3300.0,3051.2001953125,228354400,TLKM.JK,0.9246061197916666
2026-03-26,3240.0,3260.0,3130.0,3170.0,2931.00146484375,130477500,TLKM.JK,0.9246061403292587
2026-03-27,3150.0,3160.0,3050.0,3050.0,2820.048828125,72337500,TLKM.JK,0.9246061731557377
2026-03-30,3050.0,3110.0,3030.0,3040.0,2810.802734375,115529200,TLKM.JK,0.9246061626233553
2026-03-31,3130.0,3130.0,3040.0,3060.0,2829.294921875,95463800,TLKM.JK,0.924606183619281
2026-04-01,3150.0,3150.0,3100.0,3150.0,2912.50927734375,68303100,TLKM.JK,0.9246061197916666
2026-04-02,3150.0,3160.0,3080.0,3130.0,2894.017333984375,56283200,TLKM.JK,0.9246061769918131
2026-04-06,3200.0,3200.0,3100.0,3160.0,2921.75537109375,37192400,TLKM.JK,0.9246061300929589
2026-04-07,3150.0,3160.0,3060.0,3100.0,2866.279052734375,49528200,TLKM.JK,0.9246061460433468
2026-04-08,3150.0,3180.0,3110.0,3160.0,2921.75537109375,78411200,TLKM.JK,0.9246061300929589
2026-04-09,3170.0,3190.0,3120.0,3190.0,2949.49365234375,58857300,TLKM.JK,0.924606160609326
2026-04-10,3190.0,3220.0,3170.0,3210.0,2967.98583984375,70335700,TLKM.JK,0.9246061806366822
2026-04-13,3130.0,3200.0,3130.0,3190.0,2949.49365234375,77410000,TLKM.JK,0.924606160609326
2026-04-14,3190.0,3200.0,3110.0,3120.0,2884.771240234375,92852900,TLKM.JK,0.9246061667417869
2026-04-15,3120.0,3150.0,3060.0,3090.0,2857.032958984375,89181500,TLKM.JK,0.9246061355936489
2026-04-16,3100.0,3150.0,3100.0,3120.0,2884.771240234375,57013000,TLKM.JK,0.9246061667417869
2026-04-17,3120.0,3150.0,3080.0,3100.0,2866.279052734375,96349500,TLKM.JK,0.9246061460433468
2026-04-20,3130.0,3160.0,3050.0,3100.0,2866.279052734375,142308900,TLKM.JK,0.9246061460433468
2026-04-21,3050.0,3070.0,2980.0,3010.0,2783.064453125,137586500,TLKM.JK,0.9246061306063122
2026-04-22,3010.0,3030.0,2990.0,3000.0,2773.818359375,57088500,TLKM.JK,0.9246061197916666
2026-04-23,3010.0,3020.0,2880.0,2880.0,2662.86572265625,164145000,TLKM.JK,0.9246061537000868
2026-04-24,2880.0,2940.0,2750.0,2810.0,2598.143310546875,254588000,TLKM.JK,0.9246061603369662
2026-04-27,2850.0,2850.0,2810.0,2830.0,2616.635498046875,77838700,TLKM.JK,0.9246061830554329
2026-04-28,2790.0,2820.0,2750.0,2820.0,2607.389404296875,146311100,TLKM.JK,0.9246061717364805
2026-04-29,2820.0,2880.0,2800.0,2870.0,2653.61962890625,144598700,TLKM.JK,0.9246061424760453
2026-04-30,2860.0,2870.0,2810.0,2810.0,2598.143310546875,134260800,TLKM.JK,0.9246061603369662
2026-05-04,2840.0,2890.0,2840.0,2890.0,2672.11181640625,81120300,TLKM.JK,0.9246061648464533
2026-05-05,2910.0,2940.0,2870.0,2880.0,2662.86572265625,71127200,TLKM.JK,0.9246061537000868
2026-05-06,2890.0,2910.0,2870.0,2900.0,2681.35791015625,82205900,TLKM.JK,0.9246061759159483
2026-05-07,2950.0,2980.0,2920.0,2930.0,2709.095947265625,102205600,TLKM.JK,0.9246061253466297
2026-05-08,2930.0,3000.0,2900.0,2960.0,2736.834228515625,102107300,TLKM.JK,0.9246061582823057
2026-05-11,2990.0,3010.0,2920.0,2960.0,2736.834228515625,58491000,TLKM.JK,0.9246061582823057
2026-05-12,3000.0,3000.0,2860.0,2950.0,2727.588134765625,91619700,TLKM.JK,0.9246061473781779
2026-05-13,2950.0,2970.0,2920.0,2960.0,2736.834228515625,62623700,TLKM.JK,0.9246061582823057
2026-05-18,2910.0,3080.0,2860.0,3080.0,2847.786865234375,148994300,TLKM.JK,0.9246061250760957
2026-05-19,3080.0,3130.0,3030.0,3080.0,2847.786865234375,147808100,TLKM.JK,0.9246061250760957
2026-05-20,3130.0,3190.0,3100.0,3100.0,2866.279052734375,191400600,TLKM.JK,0.9246061460433468
2026-05-21,3100.0,3120.0,2950.0,3000.0,2773.818359375,141907000,TLKM.JK,0.9246061197916666
2026-05-22,3000.0,3010.0,2850.0,2920.0,2699.849853515625,138085300,TLKM.JK,0.9246061142176798
2026-05-25,2880.0,2960.0,2870.0,2930.0,2709.095947265625,88999600,TLKM.JK,0.9246061253466297
2026-05-26,2950.0,3100.0,2940.0,3090.0,2857.032958984375,136083800,TLKM.JK,0.9246061355936489
2026-05-29,2900.0,3170.0,2900.0,3030.0,2801.556640625,835364400,TLKM.JK,0.9246061520214521
2026-06-02,2990.0,3020.0,2910.0,2950.0,2727.588134765625,242446000,TLKM.JK,0.9246061473781779
2026-06-03,2900.0,2950.0,2850.0,2850.0,2635.12744140625,168085400,TLKM.JK,0.9246061197916666
2026-06-04,2900.0,2950.0,2680.0,2900.0,2681.35791015625,197151900,TLKM.JK,0.9246061759159483
2026-06-05,2900.0,2930.0,2760.0,2760.0,2551.912841796875,105040300,TLKM.JK,0.924606102100317
2026-06-08,2620.0,2650.0,2350.0,2350.0,2172.824462890625,331947700,TLKM.JK,0.9246061544215426
2026-06-09,2510.0,2620.0,2510.0,2620.0,2422.468017578125,371055600,TLKM.JK,0.924606113579437
2026-06-10,2500.0,2810.0,2500.0,2810.0,2598.143310546875,391732600,TLKM.JK,0.9246061603369662
2026-06-11,2870.0,2970.0,2810.0,2870.0,2653.61962890625,274793100,TLKM.JK,0.9246061424760453
2026-06-12,2910.0,2980.0,2860.0,2860.0,2644.37353515625,181531900,TLKM.JK,0.924606131173514
2026-06-15,2900.0,2970.0,2890.0,2930.0,2709.095947265625,156789000,TLKM.JK,0.9246061253466297
2026-06-17,2950.0,3030.0,2940.0,2960.0,2736.834228515625,200799700,TLKM.JK,0.9246061582823057
2026-06-18,2800.0,2800.0,2670.0,2780.0,2780.0,210813900,TLKM.JK,1.0
2026-06-19,2700.0,2710.0,2580.0,2580.0,2580.0,374544500,TLKM.JK,1.0
2026-06-22,2580.0,2590.0,2500.0,2510.0,2510.0,194270900,TLKM.JK,1.0
2026-06-23,2500.0,2610.0,2500.0,2540.0,2540.0,173184800,TLKM.JK,1.0
2026-06-24,2570.0,2590.0,2480.0,2500.0,2500.0,173348900,TLKM.JK,1.0
2026-06-25,2530.0,2540.0,2500.0,2500.0,2500.0,94937900,TLKM.JK,1.0
2026-06-26,2420.0,2480.0,2370.0,2480.0,2480.0,220918000,TLKM.JK,1.0
2026-06-29,2470.0,2470.0,2410.0,2410.0,2410.0,124858100,TLKM.JK,1.0
2026-06-30,2390.0,2400.0,2350.0,2350.0,2350.0,318664200,TLKM.JK,1.0
2026-07-01,2380.0,2450.0,2350.0,2440.0,2440.0,111997100,TLKM.JK,1.0
2026-07-02,2470.0,2490.0,2420.0,2450.0,2450.0,112046100,TLKM.JK,1.0
2026-07-03,2480.0,2540.0,2470.0,2520.0,2520.0,83587600,TLKM.JK,1.0
2026-07-06,2520.0,2530.0,2470.0,2480.0,2480.0,48614200,TLKM.JK,1.0
2026-07-07,2460.0,2480.0,2420.0,2480.0,2480.0,119404100,TLKM.JK,1.0
2026-07-08,2480.0,2540.0,2470.0,2510.0,2510.0,98228500,TLKM.JK,1.0
2026-07-09,2500.0,2510.0,2450.0,2510.0,2510.0,68742100,TLKM.JK,1.0
2026-07-10,2480.0,2500.0,2440.0,2480.0,2480.0,129033800,TLKM.JK,1.0
2026-07-13,2480.0,2520.0,2460.0,2510.0,2510.0,80358400,TLKM.JK,1.0
2026-07-14,2500.0,2600.0,2490.0,2560.0,2560.0,118565500,TLKM.JK,1.0
2026-07-15,2560.0,2570.0,2490.0,2520.0,2520.0,142706600,TLKM.JK,1.0
2026-07-16,2520.0,2560.0,2510.0,2530.0,2530.0,56858100,TLKM.JK,1.0
2026-07-17,2550.0,2670.0,2540.0,2660.0,2660.0,143963900,TLKM.JK,1.0
2026-07-20,2670.0,2750.0,2660.0,2710.0,2710.0,146905500,TLKM.JK,1.0
2026-07-21,2770.0,2770.0,2700.0,2750.0,2750.0,140279600,TLKM.JK,1.0
2026-07-22,2730.0,2730.0,2670.0,2700.0,2700.0,122114100,TLKM.JK,1.0
2026-07-23,2710.0,2710.0,2650.0,2650.0,2650.0,91296700,TLKM.JK,1.0
2026-07-24,2600.0,2630.0,2580.0,2630.0,2630.0,92442500,TLKM.JK,1.0
2026-07-27,2670.0,2670.0,2560.0,2590.0,2590.0,60467000,TLKM.JK,1.0
2026-07-28,2580.0,2620.0,2560.0,2560.0,2560.0,69694800,TLKM.JK,1.0
2026-07-29,2560.0,2610.0,2540.0,2560.0,2560.0,76414900,TLKM.JK,1.0
2026-07-30,2600.0,2670.0,2590.0,2670.0,2670.0,103302600,TLKM.JK,1.0
2026-07-31,2670.0,2680.0,2600.0,2630.0,2630.0,91987400,TLKM.JK,1.0
2026-08-03,2600.0,2740.0,2600.0,2740.0,2740.0,112278700,TLKM.JK,1.0
2026-08-04,2740.0,2790.0,2710.0,2790.0,2790.0,90753600,TLKM.JK,1.0
2026-08-05,2780.0,2780.0,2700.0,2710.0,2710.0,109494500,TLKM.JK,1.0
2026-08-06,2710.0,2720.0,2650.0,2650.0,2650.0,138223900,TLKM.JK,1.0
2026-08-07,2650.0,2720.0,2650.0,2710.0,2710.0,66412400,TLKM.JK,1.0
2026-08-10,2720.0,2730.0,2620.0,2620.0,2620.0,93974000,TLKM.JK,1.0
2026-08-11,2640.0,2650.0,2570.0,2610.0,2610.0,84124100,TLKM.JK,1.0
2026-08-12,2610.0,2620.0,2570.0,2590.0,2590.0,120373100,TLKM.JK,1.0
2026-08-13,2600.0,2610.0,2570.0,2590.0,2590.0,76115000,TLKM.JK,1.0
2026-08-14,2600.0,2630.0,2590.0,2620.0,2620.0,80799200,TLKM.JK,1.0
2026-08-18,2640.0,2640.0,2600.0,2600.0,2600.0,80089000,TLKM.JK,1.0
2026-08-19,2600.0,2610.0,2580.0,2600.0,2600.0,45580300,TLKM.JK,1.0
2026-08-20,2610.0,2620.0,2590.0,2610.0,2610.0,86747700,TLKM.JK,1.0
2026-08-21,2610.0,2640.0,2610.0,2610.0,2610.0,72276500,TLKM.JK,1.0
2026-08-24,2620.0,2640.0,2600.0,2620.0,2620.0,46321100,TLKM.JK,1.0
2026-08-26,2630.0,2630.0,2590.0,2600.0,2600.0,82579200,TLKM.JK,1.0
2026-08-27,2590.0,2610.0,2550.0,2610.0,2610.0,115845900,TLKM.JK,1.0
2026-08-28,2620.0,2620.0,2570.0,2570.0,2570.0,78958600,TLKM.JK,1.0
2026-08-31,2570.0,2600.0,2560.0,2600.0,2600.0,204591800,TLKM.JK,1.0
2026-09-01,2600.0,2630.0,2590.0,2610.0,2610.0,82430900,TLKM.JK,1.0
