date,ticker,model,probability_up,prediction,signal
2025-01-02,ASII.JK,logistic_regression,0.44053,0,SELL
2025-01-03,ASII.JK,logistic_regression,0.43268,0,SELL
2025-01-06,ASII.JK,logistic_regression,0.48375,0,HOLD
2025-01-07,ASII.JK,logistic_regression,0.44442,0,SELL
2025-01-08,ASII.JK,logistic_regression,0.46582,0,HOLD
2025-01-09,ASII.JK,logistic_regression,0.42705,0,SELL
2025-01-10,ASII.JK,logistic_regression,0.40617,0,SELL
2025-01-13,ASII.JK,logistic_regression,0.5234,1,HOLD
2025-01-14,ASII.JK,logistic_regression,0.49167,0,HOLD
2025-01-15,ASII.JK,logistic_regression,0.33144,0,SELL
2025-01-16,ASII.JK,logistic_regression,0.43982,0,SELL
2025-01-17,ASII.JK,logistic_regression,0.44807,0,SELL
2025-01-20,ASII.JK,logistic_regression,0.40503,0,SELL
2025-01-21,ASII.JK,logistic_regression,0.46996,0,HOLD
2025-01-22,ASII.JK,logistic_regression,0.44236,0,SELL
2025-01-23,ASII.JK,logistic_regression,0.45742,0,HOLD
2025-01-24,ASII.JK,logistic_regression,0.49677,0,HOLD
2025-01-30,ASII.JK,logistic_regression,0.50888,1,HOLD
2025-01-31,ASII.JK,logistic_regression,0.47971,0,HOLD
2025-02-03,ASII.JK,logistic_regression,0.48473,0,HOLD
2025-02-04,ASII.JK,logistic_regression,0.43835,0,SELL
2025-02-05,ASII.JK,logistic_regression,0.46142,0,HOLD
2025-02-06,ASII.JK,logistic_regression,0.52278,1,HOLD
2025-02-07,ASII.JK,logistic_regression,0.44972,0,SELL
2025-02-10,ASII.JK,logistic_regression,0.4815,0,HOLD
2025-02-11,ASII.JK,logistic_regression,0.50037,1,HOLD
2025-02-12,ASII.JK,logistic_regression,0.42445,0,SELL
2025-02-13,ASII.JK,logistic_regression,0.44002,0,SELL
2025-02-14,ASII.JK,logistic_regression,0.47441,0,HOLD
2025-02-17,ASII.JK,logistic_regression,0.43785,0,SELL
2025-02-18,ASII.JK,logistic_regression,0.42002,0,SELL
2025-02-19,ASII.JK,logistic_regression,0.50614,1,HOLD
2025-02-20,ASII.JK,logistic_regression,0.47729,0,HOLD
2025-02-21,ASII.JK,logistic_regression,0.43218,0,SELL
2025-02-24,ASII.JK,logistic_regression,0.477,0,HOLD
2025-02-25,ASII.JK,logistic_regression,0.5582,1,BUY
2025-02-26,ASII.JK,logistic_regression,0.47121,0,HOLD
2025-02-27,ASII.JK,logistic_regression,0.4445,0,SELL
2025-02-28,ASII.JK,logistic_regression,0.48953,0,HOLD
2025-03-03,ASII.JK,logistic_regression,0.43314,0,SELL
2025-03-04,ASII.JK,logistic_regression,0.40772,0,SELL
2025-03-05,ASII.JK,logistic_regression,0.44517,0,SELL
2025-03-06,ASII.JK,logistic_regression,0.42348,0,SELL
2025-03-07,ASII.JK,logistic_regression,0.48086,0,HOLD
2025-03-10,ASII.JK,logistic_regression,0.51569,1,HOLD
2025-03-11,ASII.JK,logistic_regression,0.48675,0,HOLD
2025-03-12,ASII.JK,logistic_regression,0.44701,0,SELL
2025-03-13,ASII.JK,logistic_regression,0.48494,0,HOLD
2025-03-14,ASII.JK,logistic_regression,0.50138,1,HOLD
2025-03-17,ASII.JK,logistic_regression,0.45249,0,HOLD
2025-03-18,ASII.JK,logistic_regression,0.47237,0,HOLD
2025-03-19,ASII.JK,logistic_regression,0.45098,0,HOLD
2025-03-20,ASII.JK,logistic_regression,0.44099,0,SELL
2025-03-21,ASII.JK,logistic_regression,0.42049,0,SELL
2025-03-24,ASII.JK,logistic_regression,0.47562,0,HOLD
2025-03-25,ASII.JK,logistic_regression,0.5176,1,HOLD
2025-03-26,ASII.JK,logistic_regression,0.39641,0,SELL
2025-03-27,ASII.JK,logistic_regression,0.36911,0,SELL
2025-04-08,ASII.JK,logistic_regression,0.61781,1,BUY
2025-04-09,ASII.JK,logistic_regression,0.50129,1,HOLD
2025-04-10,ASII.JK,logistic_regression,0.33766,0,SELL
2025-04-11,ASII.JK,logistic_regression,0.47461,0,HOLD
2025-04-14,ASII.JK,logistic_regression,0.36255,0,SELL
2025-04-15,ASII.JK,logistic_regression,0.38695,0,SELL
2025-04-16,ASII.JK,logistic_regression,0.53332,1,HOLD
2025-04-17,ASII.JK,logistic_regression,0.46697,0,HOLD
2025-04-21,ASII.JK,logistic_regression,0.42486,0,SELL
2025-04-22,ASII.JK,logistic_regression,0.48267,0,HOLD
2025-04-23,ASII.JK,logistic_regression,0.40376,0,SELL
2025-04-24,ASII.JK,logistic_regression,0.41756,0,SELL
2025-04-25,ASII.JK,logistic_regression,0.4253,0,SELL
2025-04-28,ASII.JK,logistic_regression,0.38307,0,SELL
2025-04-29,ASII.JK,logistic_regression,0.47756,0,HOLD
2025-04-30,ASII.JK,logistic_regression,0.49787,0,HOLD
2025-05-02,ASII.JK,logistic_regression,0.45928,0,HOLD
2025-05-05,ASII.JK,logistic_regression,0.46947,0,HOLD
2025-05-06,ASII.JK,logistic_regression,0.47534,0,HOLD
2025-05-07,ASII.JK,logistic_regression,0.38144,0,SELL
2025-05-08,ASII.JK,logistic_regression,0.48645,0,HOLD
2025-05-09,ASII.JK,logistic_regression,0.483,0,HOLD
2025-05-14,ASII.JK,logistic_regression,0.44622,0,SELL
2025-05-15,ASII.JK,logistic_regression,0.45797,0,HOLD
2025-05-16,ASII.JK,logistic_regression,0.40999,0,SELL
2025-05-19,ASII.JK,logistic_regression,0.40415,0,SELL
2025-05-20,ASII.JK,logistic_regression,0.52933,1,HOLD
2025-05-21,ASII.JK,logistic_regression,0.44627,0,SELL
2025-05-22,ASII.JK,logistic_regression,0.42364,0,SELL
2025-05-23,ASII.JK,logistic_regression,0.41635,0,SELL
2025-05-26,ASII.JK,logistic_regression,0.39914,0,SELL
2025-05-27,ASII.JK,logistic_regression,0.45475,0,HOLD
2025-05-28,ASII.JK,logistic_regression,0.47765,0,HOLD
2025-06-02,ASII.JK,logistic_regression,0.45961,0,HOLD
2025-06-03,ASII.JK,logistic_regression,0.52023,1,HOLD
2025-06-04,ASII.JK,logistic_regression,0.49064,0,HOLD
2025-06-05,ASII.JK,logistic_regression,0.46004,0,HOLD
2025-06-10,ASII.JK,logistic_regression,0.45713,0,HOLD
2025-06-11,ASII.JK,logistic_regression,0.44591,0,SELL
2025-06-12,ASII.JK,logistic_regression,0.46626,0,HOLD
2025-06-13,ASII.JK,logistic_regression,0.4448,0,SELL
2025-06-16,ASII.JK,logistic_regression,0.4044,0,SELL
2025-06-17,ASII.JK,logistic_regression,0.428,0,SELL
2025-06-18,ASII.JK,logistic_regression,0.4425,0,SELL
2025-06-19,ASII.JK,logistic_regression,0.44357,0,SELL
2025-06-20,ASII.JK,logistic_regression,0.47221,0,HOLD
2025-06-23,ASII.JK,logistic_regression,0.45789,0,HOLD
2025-06-24,ASII.JK,logistic_regression,0.43266,0,SELL
2025-06-25,ASII.JK,logistic_regression,0.42803,0,SELL
2025-06-26,ASII.JK,logistic_regression,0.4581,0,HOLD
2025-06-30,ASII.JK,logistic_regression,0.42361,0,SELL
2025-07-01,ASII.JK,logistic_regression,0.4574,0,HOLD
2025-07-02,ASII.JK,logistic_regression,0.42667,0,SELL
2025-07-03,ASII.JK,logistic_regression,0.38747,0,SELL
2025-07-04,ASII.JK,logistic_regression,0.40703,0,SELL
2025-07-07,ASII.JK,logistic_regression,0.39708,0,SELL
2025-07-08,ASII.JK,logistic_regression,0.43164,0,SELL
2025-07-09,ASII.JK,logistic_regression,0.44804,0,SELL
2025-07-10,ASII.JK,logistic_regression,0.4493,0,SELL
2025-07-11,ASII.JK,logistic_regression,0.44017,0,SELL
2025-07-14,ASII.JK,logistic_regression,0.45263,0,HOLD
2025-07-15,ASII.JK,logistic_regression,0.44994,0,SELL
2025-07-16,ASII.JK,logistic_regression,0.47076,0,HOLD
2025-07-17,ASII.JK,logistic_regression,0.42948,0,SELL
2025-07-18,ASII.JK,logistic_regression,0.45911,0,HOLD
2025-07-21,ASII.JK,logistic_regression,0.44188,0,SELL
2025-07-22,ASII.JK,logistic_regression,0.5108,1,HOLD
2025-07-23,ASII.JK,logistic_regression,0.47257,0,HOLD
2025-07-24,ASII.JK,logistic_regression,0.40734,0,SELL
2025-07-25,ASII.JK,logistic_regression,0.46316,0,HOLD
2025-07-28,ASII.JK,logistic_regression,0.43072,0,SELL
2025-07-29,ASII.JK,logistic_regression,0.41411,0,SELL
2025-07-30,ASII.JK,logistic_regression,0.48434,0,HOLD
2025-07-31,ASII.JK,logistic_regression,0.45999,0,HOLD
2025-08-01,ASII.JK,logistic_regression,0.47606,0,HOLD
2025-08-04,ASII.JK,logistic_regression,0.4482,0,SELL
2025-08-05,ASII.JK,logistic_regression,0.41155,0,SELL
2025-08-06,ASII.JK,logistic_regression,0.48932,0,HOLD
2025-08-07,ASII.JK,logistic_regression,0.4383,0,SELL
2025-08-08,ASII.JK,logistic_regression,0.42033,0,SELL
2025-08-11,ASII.JK,logistic_regression,0.47677,0,HOLD
2025-08-12,ASII.JK,logistic_regression,0.42913,0,SELL
2025-08-13,ASII.JK,logistic_regression,0.40003,0,SELL
2025-08-14,ASII.JK,logistic_regression,0.43384,0,SELL
2025-08-15,ASII.JK,logistic_regression,0.47672,0,HOLD
2025-08-19,ASII.JK,logistic_regression,0.49993,0,HOLD
2025-08-20,ASII.JK,logistic_regression,0.34812,0,SELL
2025-08-21,ASII.JK,logistic_regression,0.45756,0,HOLD
2025-08-22,ASII.JK,logistic_regression,0.37718,0,SELL
2025-08-25,ASII.JK,logistic_regression,0.39757,0,SELL
2025-08-26,ASII.JK,logistic_regression,0.48364,0,HOLD
2025-08-27,ASII.JK,logistic_regression,0.44199,0,SELL
2025-08-28,ASII.JK,logistic_regression,0.4014,0,SELL
2025-08-29,ASII.JK,logistic_regression,0.44196,0,SELL
2025-09-01,ASII.JK,logistic_regression,0.48729,0,HOLD
2025-09-02,ASII.JK,logistic_regression,0.39461,0,SELL
2025-09-03,ASII.JK,logistic_regression,0.40106,0,SELL
2025-09-04,ASII.JK,logistic_regression,0.41817,0,SELL
2025-09-08,ASII.JK,logistic_regression,0.4513,0,HOLD
2025-09-09,ASII.JK,logistic_regression,0.41921,0,SELL
2025-09-10,ASII.JK,logistic_regression,0.39944,0,SELL
2025-09-11,ASII.JK,logistic_regression,0.39933,0,SELL
2025-09-12,ASII.JK,logistic_regression,0.33607,0,SELL
2025-09-15,ASII.JK,logistic_regression,0.37982,0,SELL
2025-09-16,ASII.JK,logistic_regression,0.3917,0,SELL
2025-09-17,ASII.JK,logistic_regression,0.37146,0,SELL
2025-09-18,ASII.JK,logistic_regression,0.46838,0,HOLD
2025-09-19,ASII.JK,logistic_regression,0.43479,0,SELL
2025-09-22,ASII.JK,logistic_regression,0.38652,0,SELL
2025-09-23,ASII.JK,logistic_regression,0.41861,0,SELL
2025-09-24,ASII.JK,logistic_regression,0.39682,0,SELL
2025-09-25,ASII.JK,logistic_regression,0.45422,0,HOLD
2025-09-26,ASII.JK,logistic_regression,0.42583,0,SELL
2025-09-29,ASII.JK,logistic_regression,0.41963,0,SELL
2025-09-30,ASII.JK,logistic_regression,0.48374,0,HOLD
2025-10-01,ASII.JK,logistic_regression,0.45153,0,HOLD
2025-10-02,ASII.JK,logistic_regression,0.42381,0,SELL
2025-10-03,ASII.JK,logistic_regression,0.35849,0,SELL
2025-10-06,ASII.JK,logistic_regression,0.36581,0,SELL
2025-10-07,ASII.JK,logistic_regression,0.46129,0,HOLD
2025-10-08,ASII.JK,logistic_regression,0.43848,0,SELL
2025-10-09,ASII.JK,logistic_regression,0.34672,0,SELL
2025-10-10,ASII.JK,logistic_regression,0.3864,0,SELL
2025-10-13,ASII.JK,logistic_regression,0.47248,0,HOLD
2025-10-14,ASII.JK,logistic_regression,0.39688,0,SELL
2025-10-15,ASII.JK,logistic_regression,0.43069,0,SELL
2025-10-16,ASII.JK,logistic_regression,0.43199,0,SELL
2025-10-17,ASII.JK,logistic_regression,0.45875,0,HOLD
2025-10-20,ASII.JK,logistic_regression,0.32381,0,SELL
2025-10-21,ASII.JK,logistic_regression,0.32454,0,SELL
2025-10-22,ASII.JK,logistic_regression,0.45533,0,HOLD
2025-10-23,ASII.JK,logistic_regression,0.38778,0,SELL
2025-10-24,ASII.JK,logistic_regression,0.41593,0,SELL
2025-10-27,ASII.JK,logistic_regression,0.41418,0,SELL
2025-10-28,ASII.JK,logistic_regression,0.45433,0,HOLD
2025-10-29,ASII.JK,logistic_regression,0.42611,0,SELL
2025-10-30,ASII.JK,logistic_regression,0.41002,0,SELL
2025-10-31,ASII.JK,logistic_regression,0.4965,0,HOLD
2025-11-03,ASII.JK,logistic_regression,0.38362,0,SELL
2025-11-04,ASII.JK,logistic_regression,0.38779,0,SELL
2025-11-05,ASII.JK,logistic_regression,0.45669,0,HOLD
2025-11-06,ASII.JK,logistic_regression,0.39094,0,SELL
2025-11-07,ASII.JK,logistic_regression,0.4076,0,SELL
2025-11-10,ASII.JK,logistic_regression,0.43943,0,SELL
2025-11-11,ASII.JK,logistic_regression,0.38323,0,SELL
2025-11-12,ASII.JK,logistic_regression,0.4133,0,SELL
2025-11-13,ASII.JK,logistic_regression,0.44821,0,SELL
2025-11-14,ASII.JK,logistic_regression,0.38154,0,SELL
2025-11-17,ASII.JK,logistic_regression,0.37768,0,SELL
2025-11-18,ASII.JK,logistic_regression,0.4028,0,SELL
2025-11-19,ASII.JK,logistic_regression,0.41993,0,SELL
2025-11-20,ASII.JK,logistic_regression,0.39247,0,SELL
2025-11-21,ASII.JK,logistic_regression,0.42363,0,SELL
2025-11-24,ASII.JK,logistic_regression,0.41803,0,SELL
2025-11-25,ASII.JK,logistic_regression,0.408,0,SELL
2025-11-26,ASII.JK,logistic_regression,0.3504,0,SELL
2025-11-27,ASII.JK,logistic_regression,0.37778,0,SELL
2025-11-28,ASII.JK,logistic_regression,0.44663,0,SELL
2025-12-01,ASII.JK,logistic_regression,0.54197,1,HOLD
2025-12-02,ASII.JK,logistic_regression,0.36062,0,SELL
2025-12-03,ASII.JK,logistic_regression,0.36419,0,SELL
2025-12-04,ASII.JK,logistic_regression,0.41687,0,SELL
2025-12-05,ASII.JK,logistic_regression,0.44854,0,SELL
2025-12-08,ASII.JK,logistic_regression,0.41953,0,SELL
2025-12-09,ASII.JK,logistic_regression,0.46078,0,HOLD
2025-12-10,ASII.JK,logistic_regression,0.42983,0,SELL
2025-12-11,ASII.JK,logistic_regression,0.47414,0,HOLD
2025-12-12,ASII.JK,logistic_regression,0.3977,0,SELL
2025-12-15,ASII.JK,logistic_regression,0.36397,0,SELL
2025-12-16,ASII.JK,logistic_regression,0.42308,0,SELL
2025-12-17,ASII.JK,logistic_regression,0.4149,0,SELL
2025-12-18,ASII.JK,logistic_regression,0.43854,0,SELL
2025-12-19,ASII.JK,logistic_regression,0.47221,0,HOLD
2025-12-22,ASII.JK,logistic_regression,0.40669,0,SELL
2025-12-23,ASII.JK,logistic_regression,0.43497,0,SELL
2025-12-24,ASII.JK,logistic_regression,0.38804,0,SELL
2025-12-29,ASII.JK,logistic_regression,0.33663,0,SELL
2025-12-30,ASII.JK,logistic_regression,0.38253,0,SELL
2026-01-02,ASII.JK,logistic_regression,0.36945,0,SELL
2026-01-05,ASII.JK,logistic_regression,0.38922,0,SELL
2026-01-06,ASII.JK,logistic_regression,0.42593,0,SELL
2026-01-07,ASII.JK,logistic_regression,0.44591,0,SELL
2026-01-08,ASII.JK,logistic_regression,0.41978,0,SELL
2026-01-09,ASII.JK,logistic_regression,0.46392,0,HOLD
2026-01-12,ASII.JK,logistic_regression,0.39562,0,SELL
2026-01-13,ASII.JK,logistic_regression,0.39036,0,SELL
2026-01-14,ASII.JK,logistic_regression,0.45211,0,HOLD
2026-01-15,ASII.JK,logistic_regression,0.45574,0,HOLD
2026-01-19,ASII.JK,logistic_regression,0.37562,0,SELL
2026-01-20,ASII.JK,logistic_regression,0.41753,0,SELL
2026-01-21,ASII.JK,logistic_regression,0.69971,1,BUY
2026-01-22,ASII.JK,logistic_regression,0.46773,0,HOLD
2026-01-23,ASII.JK,logistic_regression,0.38149,0,SELL
2026-01-26,ASII.JK,logistic_regression,0.46744,0,HOLD
2026-01-27,ASII.JK,logistic_regression,0.50397,1,HOLD
2026-01-28,ASII.JK,logistic_regression,0.52712,1,HOLD
2026-01-29,ASII.JK,logistic_regression,0.43656,0,SELL
2026-01-30,ASII.JK,logistic_regression,0.4523,0,HOLD
2026-02-02,ASII.JK,logistic_regression,0.49203,0,HOLD
2026-02-03,ASII.JK,logistic_regression,0.33243,0,SELL
2026-02-04,ASII.JK,logistic_regression,0.37693,0,SELL
2026-02-05,ASII.JK,logistic_regression,0.454,0,HOLD
2026-02-06,ASII.JK,logistic_regression,0.38776,0,SELL
2026-02-09,ASII.JK,logistic_regression,0.43814,0,SELL
2026-02-10,ASII.JK,logistic_regression,0.37792,0,SELL
2026-02-11,ASII.JK,logistic_regression,0.3864,0,SELL
2026-02-12,ASII.JK,logistic_regression,0.42383,0,SELL
2026-02-13,ASII.JK,logistic_regression,0.37672,0,SELL
2026-02-18,ASII.JK,logistic_regression,0.39156,0,SELL
2026-02-19,ASII.JK,logistic_regression,0.41907,0,SELL
2026-02-20,ASII.JK,logistic_regression,0.45343,0,HOLD
2026-02-23,ASII.JK,logistic_regression,0.40624,0,SELL
2026-02-24,ASII.JK,logistic_regression,0.42229,0,SELL
2026-02-25,ASII.JK,logistic_regression,0.43211,0,SELL
2026-02-26,ASII.JK,logistic_regression,0.36279,0,SELL
2026-02-27,ASII.JK,logistic_regression,0.42009,0,SELL
2026-03-02,ASII.JK,logistic_regression,0.51798,1,HOLD
2026-03-03,ASII.JK,logistic_regression,0.46652,0,HOLD
2026-03-04,ASII.JK,logistic_regression,0.42985,0,SELL
2026-03-05,ASII.JK,logistic_regression,0.41959,0,SELL
2026-03-06,ASII.JK,logistic_regression,0.44824,0,SELL
2026-03-09,ASII.JK,logistic_regression,0.52879,1,HOLD
2026-03-10,ASII.JK,logistic_regression,0.44132,0,SELL
2026-03-11,ASII.JK,logistic_regression,0.4314,0,SELL
2026-03-12,ASII.JK,logistic_regression,0.49676,0,HOLD
2026-03-13,ASII.JK,logistic_regression,0.46264,0,HOLD
2026-03-16,ASII.JK,logistic_regression,0.44679,0,SELL
2026-03-17,ASII.JK,logistic_regression,0.50121,1,HOLD
2026-03-25,ASII.JK,logistic_regression,0.38483,0,SELL
2026-03-26,ASII.JK,logistic_regression,0.36983,0,SELL
2026-03-27,ASII.JK,logistic_regression,0.53537,1,HOLD
2026-03-30,ASII.JK,logistic_regression,0.36653,0,SELL
2026-03-31,ASII.JK,logistic_regression,0.42722,0,SELL
2026-04-01,ASII.JK,logistic_regression,0.51207,1,HOLD
2026-04-02,ASII.JK,logistic_regression,0.41572,0,SELL
2026-04-06,ASII.JK,logistic_regression,0.42021,0,SELL
2026-04-07,ASII.JK,logistic_regression,0.45817,0,HOLD
2026-04-08,ASII.JK,logistic_regression,0.36869,0,SELL
2026-04-09,ASII.JK,logistic_regression,0.3735,0,SELL
2026-04-10,ASII.JK,logistic_regression,0.40563,0,SELL
2026-04-13,ASII.JK,logistic_regression,0.41626,0,SELL
2026-04-14,ASII.JK,logistic_regression,0.45828,0,HOLD
2026-04-15,ASII.JK,logistic_regression,0.41928,0,SELL
2026-04-16,ASII.JK,logistic_regression,0.39374,0,SELL
2026-04-17,ASII.JK,logistic_regression,0.38869,0,SELL
2026-04-20,ASII.JK,logistic_regression,0.36894,0,SELL
2026-04-21,ASII.JK,logistic_regression,0.42422,0,SELL
2026-04-22,ASII.JK,logistic_regression,0.38135,0,SELL
2026-04-23,ASII.JK,logistic_regression,0.45673,0,HOLD
2026-04-24,ASII.JK,logistic_regression,0.50969,1,HOLD
2026-04-27,ASII.JK,logistic_regression,0.47516,0,HOLD
2026-04-28,ASII.JK,logistic_regression,0.54021,1,HOLD
2026-04-29,ASII.JK,logistic_regression,0.45764,0,HOLD
2026-04-30,ASII.JK,logistic_regression,0.45018,0,HOLD
2026-05-04,ASII.JK,logistic_regression,0.43918,0,SELL
2026-05-05,ASII.JK,logistic_regression,0.39182,0,SELL
2026-05-06,ASII.JK,logistic_regression,0.46601,0,HOLD
2026-05-07,ASII.JK,logistic_regression,0.47001,0,HOLD
2026-05-08,ASII.JK,logistic_regression,0.43414,0,SELL
2026-05-11,ASII.JK,logistic_regression,0.39976,0,SELL
2026-05-12,ASII.JK,logistic_regression,0.45103,0,HOLD
2026-05-13,ASII.JK,logistic_regression,0.51913,1,HOLD
2026-05-18,ASII.JK,logistic_regression,0.38728,0,SELL
2026-05-19,ASII.JK,logistic_regression,0.39507,0,SELL
2026-05-20,ASII.JK,logistic_regression,0.47843,0,HOLD
2026-05-21,ASII.JK,logistic_regression,0.53672,1,HOLD
2026-05-22,ASII.JK,logistic_regression,0.54051,1,HOLD
2026-05-25,ASII.JK,logistic_regression,0.47862,0,HOLD
2026-05-26,ASII.JK,logistic_regression,0.50645,1,HOLD
2026-05-29,ASII.JK,logistic_regression,0.71843,1,BUY
2026-06-02,ASII.JK,logistic_regression,0.44924,0,SELL
2026-06-03,ASII.JK,logistic_regression,0.49739,0,HOLD
2026-06-04,ASII.JK,logistic_regression,0.53403,1,HOLD
2026-06-05,ASII.JK,logistic_regression,0.46965,0,HOLD
2026-06-08,ASII.JK,logistic_regression,0.47967,0,HOLD
2026-06-09,ASII.JK,logistic_regression,0.47388,0,HOLD
2026-06-10,ASII.JK,logistic_regression,0.42281,0,SELL
2026-06-11,ASII.JK,logistic_regression,0.4941,0,HOLD
2026-06-12,ASII.JK,logistic_regression,0.43171,0,SELL
2026-06-15,ASII.JK,logistic_regression,0.40929,0,SELL
2026-06-17,ASII.JK,logistic_regression,0.48775,0,HOLD
2026-06-18,ASII.JK,logistic_regression,0.4794,0,HOLD
2026-06-19,ASII.JK,logistic_regression,0.45684,0,HOLD
2026-06-22,ASII.JK,logistic_regression,0.4202,0,SELL
2026-06-23,ASII.JK,logistic_regression,0.45085,0,HOLD
2026-06-24,ASII.JK,logistic_regression,0.41127,0,SELL
2026-06-25,ASII.JK,logistic_regression,0.3736,0,SELL
2026-06-26,ASII.JK,logistic_regression,0.41479,0,SELL
2026-06-29,ASII.JK,logistic_regression,0.48732,0,HOLD
2026-06-30,ASII.JK,logistic_regression,0.50855,1,HOLD
2026-07-01,ASII.JK,logistic_regression,0.4662,0,HOLD
2026-07-02,ASII.JK,logistic_regression,0.44482,0,SELL
2026-07-03,ASII.JK,logistic_regression,0.35329,0,SELL
2026-07-06,ASII.JK,logistic_regression,0.37279,0,SELL
2026-07-07,ASII.JK,logistic_regression,0.40073,0,SELL
2026-07-08,ASII.JK,logistic_regression,0.42922,0,SELL
2026-07-09,ASII.JK,logistic_regression,0.49115,0,HOLD
2026-07-10,ASII.JK,logistic_regression,0.49496,0,HOLD
2026-07-13,ASII.JK,logistic_regression,0.46108,0,HOLD
2026-07-14,ASII.JK,logistic_regression,0.44202,0,SELL
2026-07-15,ASII.JK,logistic_regression,0.45529,0,HOLD
2026-07-16,ASII.JK,logistic_regression,0.42864,0,SELL
2026-07-17,ASII.JK,logistic_regression,0.42711,0,SELL
2026-07-20,ASII.JK,logistic_regression,0.51343,1,HOLD
2026-07-21,ASII.JK,logistic_regression,0.45115,0,HOLD
2026-07-22,ASII.JK,logistic_regression,0.47124,0,HOLD
2026-07-23,ASII.JK,logistic_regression,0.5471,1,HOLD
2026-07-24,ASII.JK,logistic_regression,0.5273,1,HOLD
2026-07-27,ASII.JK,logistic_regression,0.46937,0,HOLD
2026-07-28,ASII.JK,logistic_regression,0.46962,0,HOLD
2026-07-29,ASII.JK,logistic_regression,0.43849,0,SELL
2026-07-30,ASII.JK,logistic_regression,0.46874,0,HOLD
2026-07-31,ASII.JK,logistic_regression,0.42414,0,SELL
2026-08-03,ASII.JK,logistic_regression,0.42425,0,SELL
2026-08-04,ASII.JK,logistic_regression,0.46629,0,HOLD
2026-08-05,ASII.JK,logistic_regression,0.48242,0,HOLD
2026-08-06,ASII.JK,logistic_regression,0.474,0,HOLD
2026-08-07,ASII.JK,logistic_regression,0.44124,0,SELL
2026-08-10,ASII.JK,logistic_regression,0.51643,1,HOLD
2026-08-11,ASII.JK,logistic_regression,0.54661,1,HOLD
2026-08-12,ASII.JK,logistic_regression,0.4907,0,HOLD
2026-08-13,ASII.JK,logistic_regression,0.49254,0,HOLD
2026-08-14,ASII.JK,logistic_regression,0.49285,0,HOLD
2026-08-18,ASII.JK,logistic_regression,0.47576,0,HOLD
2026-08-19,ASII.JK,logistic_regression,0.48435,0,HOLD
2026-08-20,ASII.JK,logistic_regression,0.47081,0,HOLD
2026-08-21,ASII.JK,logistic_regression,0.4657,0,HOLD
2026-08-24,ASII.JK,logistic_regression,0.48167,0,HOLD
2026-08-26,ASII.JK,logistic_regression,0.48319,0,HOLD
2026-08-27,ASII.JK,logistic_regression,0.46976,0,HOLD
2026-08-28,ASII.JK,logistic_regression,0.48008,0,HOLD
2026-08-31,ASII.JK,logistic_regression,0.4864,0,HOLD
2025-01-02,BBCA.JK,logistic_regression,0.42767,0,SELL
2025-01-03,BBCA.JK,logistic_regression,0.43943,0,SELL
2025-01-06,BBCA.JK,logistic_regression,0.50724,1,HOLD
2025-01-07,BBCA.JK,logistic_regression,0.51353,1,HOLD
2025-01-08,BBCA.JK,logistic_regression,0.42464,0,SELL
2025-01-09,BBCA.JK,logistic_regression,0.3766,0,SELL
2025-01-10,BBCA.JK,logistic_regression,0.47902,0,HOLD
2025-01-13,BBCA.JK,logistic_regression,0.50868,1,HOLD
2025-01-14,BBCA.JK,logistic_regression,0.52924,1,HOLD
2025-01-15,BBCA.JK,logistic_regression,0.40541,0,SELL
2025-01-16,BBCA.JK,logistic_regression,0.42501,0,SELL
2025-01-17,BBCA.JK,logistic_regression,0.41838,0,SELL
2025-01-20,BBCA.JK,logistic_regression,0.54694,1,HOLD
2025-01-21,BBCA.JK,logistic_regression,0.57748,1,BUY
2025-01-22,BBCA.JK,logistic_regression,0.47289,0,HOLD
2025-01-23,BBCA.JK,logistic_regression,0.4854,0,HOLD
2025-01-24,BBCA.JK,logistic_regression,0.53611,1,HOLD
2025-01-30,BBCA.JK,logistic_regression,0.53098,1,HOLD
2025-01-31,BBCA.JK,logistic_regression,0.41216,0,SELL
2025-02-03,BBCA.JK,logistic_regression,0.45681,0,HOLD
2025-02-04,BBCA.JK,logistic_regression,0.54236,1,HOLD
2025-02-05,BBCA.JK,logistic_regression,0.48981,0,HOLD
2025-02-06,BBCA.JK,logistic_regression,0.49237,0,HOLD
2025-02-07,BBCA.JK,logistic_regression,0.44235,0,SELL
2025-02-10,BBCA.JK,logistic_regression,0.45705,0,HOLD
2025-02-11,BBCA.JK,logistic_regression,0.51993,1,HOLD
2025-02-12,BBCA.JK,logistic_regression,0.45628,0,HOLD
2025-02-13,BBCA.JK,logistic_regression,0.48324,0,HOLD
2025-02-14,BBCA.JK,logistic_regression,0.52665,1,HOLD
2025-02-17,BBCA.JK,logistic_regression,0.37358,0,SELL
2025-02-18,BBCA.JK,logistic_regression,0.40647,0,SELL
2025-02-19,BBCA.JK,logistic_regression,0.56694,1,BUY
2025-02-20,BBCA.JK,logistic_regression,0.48613,0,HOLD
2025-02-21,BBCA.JK,logistic_regression,0.45358,0,HOLD
2025-02-24,BBCA.JK,logistic_regression,0.51039,1,HOLD
2025-02-25,BBCA.JK,logistic_regression,0.48412,0,HOLD
2025-02-26,BBCA.JK,logistic_regression,0.45659,0,HOLD
2025-02-27,BBCA.JK,logistic_regression,0.49849,0,HOLD
2025-02-28,BBCA.JK,logistic_regression,0.5392,1,HOLD
2025-03-03,BBCA.JK,logistic_regression,0.42262,0,SELL
2025-03-04,BBCA.JK,logistic_regression,0.40996,0,SELL
2025-03-05,BBCA.JK,logistic_regression,0.44909,0,SELL
2025-03-06,BBCA.JK,logistic_regression,0.40785,0,SELL
2025-03-07,BBCA.JK,logistic_regression,0.47328,0,HOLD
2025-03-10,BBCA.JK,logistic_regression,0.47307,0,HOLD
2025-03-11,BBCA.JK,logistic_regression,0.44691,0,SELL
2025-03-12,BBCA.JK,logistic_regression,0.4091,0,SELL
2025-03-13,BBCA.JK,logistic_regression,0.44599,0,SELL
2025-03-14,BBCA.JK,logistic_regression,0.54204,1,HOLD
2025-03-17,BBCA.JK,logistic_regression,0.53094,1,HOLD
2025-03-18,BBCA.JK,logistic_regression,0.55919,1,BUY
2025-03-19,BBCA.JK,logistic_regression,0.5234,1,HOLD
2025-03-20,BBCA.JK,logistic_regression,0.44982,0,SELL
2025-03-21,BBCA.JK,logistic_regression,0.5323,1,HOLD
2025-03-24,BBCA.JK,logistic_regression,0.51283,1,HOLD
2025-03-25,BBCA.JK,logistic_regression,0.42243,0,SELL
2025-03-26,BBCA.JK,logistic_regression,0.42724,0,SELL
2025-03-27,BBCA.JK,logistic_regression,0.43032,0,SELL
2025-04-08,BBCA.JK,logistic_regression,0.64758,1,BUY
2025-04-09,BBCA.JK,logistic_regression,0.52125,1,HOLD
2025-04-10,BBCA.JK,logistic_regression,0.36225,0,SELL
2025-04-11,BBCA.JK,logistic_regression,0.44854,0,SELL
2025-04-14,BBCA.JK,logistic_regression,0.41033,0,SELL
2025-04-15,BBCA.JK,logistic_regression,0.34791,0,SELL
2025-04-16,BBCA.JK,logistic_regression,0.45997,0,HOLD
2025-04-17,BBCA.JK,logistic_regression,0.47406,0,HOLD
2025-04-21,BBCA.JK,logistic_regression,0.46479,0,HOLD
2025-04-22,BBCA.JK,logistic_regression,0.44365,0,SELL
2025-04-23,BBCA.JK,logistic_regression,0.36874,0,SELL
2025-04-24,BBCA.JK,logistic_regression,0.44771,0,SELL
2025-04-25,BBCA.JK,logistic_regression,0.43077,0,SELL
2025-04-28,BBCA.JK,logistic_regression,0.3629,0,SELL
2025-04-29,BBCA.JK,logistic_regression,0.44878,0,SELL
2025-04-30,BBCA.JK,logistic_regression,0.47092,0,HOLD
2025-05-02,BBCA.JK,logistic_regression,0.38937,0,SELL
2025-05-05,BBCA.JK,logistic_regression,0.44558,0,SELL
2025-05-06,BBCA.JK,logistic_regression,0.42916,0,SELL
2025-05-07,BBCA.JK,logistic_regression,0.42251,0,SELL
2025-05-08,BBCA.JK,logistic_regression,0.50953,1,HOLD
2025-05-09,BBCA.JK,logistic_regression,0.46027,0,HOLD
2025-05-14,BBCA.JK,logistic_regression,0.42323,0,SELL
2025-05-15,BBCA.JK,logistic_regression,0.45031,0,HOLD
2025-05-16,BBCA.JK,logistic_regression,0.45437,0,HOLD
2025-05-19,BBCA.JK,logistic_regression,0.42865,0,SELL
2025-05-20,BBCA.JK,logistic_regression,0.49213,0,HOLD
2025-05-21,BBCA.JK,logistic_regression,0.47252,0,HOLD
2025-05-22,BBCA.JK,logistic_regression,0.43218,0,SELL
2025-05-23,BBCA.JK,logistic_regression,0.45299,0,HOLD
2025-05-26,BBCA.JK,logistic_regression,0.45304,0,HOLD
2025-05-27,BBCA.JK,logistic_regression,0.50226,1,HOLD
2025-05-28,BBCA.JK,logistic_regression,0.54203,1,HOLD
2025-06-02,BBCA.JK,logistic_regression,0.57513,1,BUY
2025-06-03,BBCA.JK,logistic_regression,0.52492,1,HOLD
2025-06-04,BBCA.JK,logistic_regression,0.4684,0,HOLD
2025-06-05,BBCA.JK,logistic_regression,0.47243,0,HOLD
2025-06-10,BBCA.JK,logistic_regression,0.42147,0,SELL
2025-06-11,BBCA.JK,logistic_regression,0.4276,0,SELL
2025-06-12,BBCA.JK,logistic_regression,0.45122,0,HOLD
2025-06-13,BBCA.JK,logistic_regression,0.46549,0,HOLD
2025-06-16,BBCA.JK,logistic_regression,0.49958,0,HOLD
2025-06-17,BBCA.JK,logistic_regression,0.43424,0,SELL
2025-06-18,BBCA.JK,logistic_regression,0.4733,0,HOLD
2025-06-19,BBCA.JK,logistic_regression,0.4872,0,HOLD
2025-06-20,BBCA.JK,logistic_regression,0.52983,1,HOLD
2025-06-23,BBCA.JK,logistic_regression,0.45179,0,HOLD
2025-06-24,BBCA.JK,logistic_regression,0.42773,0,SELL
2025-06-25,BBCA.JK,logistic_regression,0.47736,0,HOLD
2025-06-26,BBCA.JK,logistic_regression,0.49425,0,HOLD
2025-06-30,BBCA.JK,logistic_regression,0.46261,0,HOLD
2025-07-01,BBCA.JK,logistic_regression,0.44449,0,SELL
2025-07-02,BBCA.JK,logistic_regression,0.47155,0,HOLD
2025-07-03,BBCA.JK,logistic_regression,0.4635,0,HOLD
2025-07-04,BBCA.JK,logistic_regression,0.44007,0,SELL
2025-07-07,BBCA.JK,logistic_regression,0.4431,0,SELL
2025-07-08,BBCA.JK,logistic_regression,0.52379,1,HOLD
2025-07-09,BBCA.JK,logistic_regression,0.46805,0,HOLD
2025-07-10,BBCA.JK,logistic_regression,0.40914,0,SELL
2025-07-11,BBCA.JK,logistic_regression,0.43417,0,SELL
2025-07-14,BBCA.JK,logistic_regression,0.49049,0,HOLD
2025-07-15,BBCA.JK,logistic_regression,0.4496,0,SELL
2025-07-16,BBCA.JK,logistic_regression,0.45867,0,HOLD
2025-07-17,BBCA.JK,logistic_regression,0.47256,0,HOLD
2025-07-18,BBCA.JK,logistic_regression,0.49675,0,HOLD
2025-07-21,BBCA.JK,logistic_regression,0.45437,0,HOLD
2025-07-22,BBCA.JK,logistic_regression,0.46286,0,HOLD
2025-07-23,BBCA.JK,logistic_regression,0.45733,0,HOLD
2025-07-24,BBCA.JK,logistic_regression,0.42421,0,SELL
2025-07-25,BBCA.JK,logistic_regression,0.45892,0,HOLD
2025-07-28,BBCA.JK,logistic_regression,0.44991,0,SELL
2025-07-29,BBCA.JK,logistic_regression,0.50593,1,HOLD
2025-07-30,BBCA.JK,logistic_regression,0.49793,0,HOLD
2025-07-31,BBCA.JK,logistic_regression,0.52298,1,HOLD
2025-08-01,BBCA.JK,logistic_regression,0.46067,0,HOLD
2025-08-04,BBCA.JK,logistic_regression,0.46142,0,HOLD
2025-08-05,BBCA.JK,logistic_regression,0.39216,0,SELL
2025-08-06,BBCA.JK,logistic_regression,0.47134,0,HOLD
2025-08-07,BBCA.JK,logistic_regression,0.49203,0,HOLD
2025-08-08,BBCA.JK,logistic_regression,0.45784,0,HOLD
2025-08-11,BBCA.JK,logistic_regression,0.35925,0,SELL
2025-08-12,BBCA.JK,logistic_regression,0.37695,0,SELL
2025-08-13,BBCA.JK,logistic_regression,0.41867,0,SELL
2025-08-14,BBCA.JK,logistic_regression,0.48624,0,HOLD
2025-08-15,BBCA.JK,logistic_regression,0.4768,0,HOLD
2025-08-19,BBCA.JK,logistic_regression,0.53834,1,HOLD
2025-08-20,BBCA.JK,logistic_regression,0.53927,1,HOLD
2025-08-21,BBCA.JK,logistic_regression,0.42746,0,SELL
2025-08-22,BBCA.JK,logistic_regression,0.45874,0,HOLD
2025-08-25,BBCA.JK,logistic_regression,0.44433,0,SELL
2025-08-26,BBCA.JK,logistic_regression,0.54356,1,HOLD
2025-08-27,BBCA.JK,logistic_regression,0.48886,0,HOLD
2025-08-28,BBCA.JK,logistic_regression,0.43345,0,SELL
2025-08-29,BBCA.JK,logistic_regression,0.53497,1,HOLD
2025-09-01,BBCA.JK,logistic_regression,0.55814,1,BUY
2025-09-02,BBCA.JK,logistic_regression,0.45246,0,HOLD
2025-09-03,BBCA.JK,logistic_regression,0.52433,1,HOLD
2025-09-04,BBCA.JK,logistic_regression,0.47844,0,HOLD
2025-09-08,BBCA.JK,logistic_regression,0.53161,1,HOLD
2025-09-09,BBCA.JK,logistic_regression,0.60482,1,BUY
2025-09-10,BBCA.JK,logistic_regression,0.45983,0,HOLD
2025-09-11,BBCA.JK,logistic_regression,0.45021,0,HOLD
2025-09-12,BBCA.JK,logistic_regression,0.4664,0,HOLD
2025-09-15,BBCA.JK,logistic_regression,0.40866,0,SELL
2025-09-16,BBCA.JK,logistic_regression,0.45829,0,HOLD
2025-09-17,BBCA.JK,logistic_regression,0.52945,1,HOLD
2025-09-18,BBCA.JK,logistic_regression,0.51966,1,HOLD
2025-09-19,BBCA.JK,logistic_regression,0.46648,0,HOLD
2025-09-22,BBCA.JK,logistic_regression,0.45053,0,HOLD
2025-09-23,BBCA.JK,logistic_regression,0.40687,0,SELL
2025-09-24,BBCA.JK,logistic_regression,0.43647,0,SELL
2025-09-25,BBCA.JK,logistic_regression,0.50481,1,HOLD
2025-09-26,BBCA.JK,logistic_regression,0.50088,1,HOLD
2025-09-29,BBCA.JK,logistic_regression,0.42695,0,SELL
2025-09-30,BBCA.JK,logistic_regression,0.50593,1,HOLD
2025-10-01,BBCA.JK,logistic_regression,0.52323,1,HOLD
2025-10-02,BBCA.JK,logistic_regression,0.4548,0,HOLD
2025-10-03,BBCA.JK,logistic_regression,0.4378,0,SELL
2025-10-06,BBCA.JK,logistic_regression,0.45939,0,HOLD
2025-10-07,BBCA.JK,logistic_regression,0.41828,0,SELL
2025-10-08,BBCA.JK,logistic_regression,0.50946,1,HOLD
2025-10-09,BBCA.JK,logistic_regression,0.48714,0,HOLD
2025-10-10,BBCA.JK,logistic_regression,0.46843,0,HOLD
2025-10-13,BBCA.JK,logistic_regression,0.5424,1,HOLD
2025-10-14,BBCA.JK,logistic_regression,0.49767,0,HOLD
2025-10-15,BBCA.JK,logistic_regression,0.47033,0,HOLD
2025-10-16,BBCA.JK,logistic_regression,0.46879,0,HOLD
2025-10-17,BBCA.JK,logistic_regression,0.4025,0,SELL
2025-10-20,BBCA.JK,logistic_regression,0.40712,0,SELL
2025-10-21,BBCA.JK,logistic_regression,0.44493,0,SELL
2025-10-22,BBCA.JK,logistic_regression,0.47006,0,HOLD
2025-10-23,BBCA.JK,logistic_regression,0.4898,0,HOLD
2025-10-24,BBCA.JK,logistic_regression,0.42105,0,SELL
2025-10-27,BBCA.JK,logistic_regression,0.4742,0,HOLD
2025-10-28,BBCA.JK,logistic_regression,0.46252,0,HOLD
2025-10-29,BBCA.JK,logistic_regression,0.39882,0,SELL
2025-10-30,BBCA.JK,logistic_regression,0.4263,0,SELL
2025-10-31,BBCA.JK,logistic_regression,0.45888,0,HOLD
2025-11-03,BBCA.JK,logistic_regression,0.40868,0,SELL
2025-11-04,BBCA.JK,logistic_regression,0.44634,0,SELL
2025-11-05,BBCA.JK,logistic_regression,0.4637,0,HOLD
2025-11-06,BBCA.JK,logistic_regression,0.4637,0,HOLD
2025-11-07,BBCA.JK,logistic_regression,0.45142,0,HOLD
2025-11-10,BBCA.JK,logistic_regression,0.46264,0,HOLD
2025-11-11,BBCA.JK,logistic_regression,0.52275,1,HOLD
2025-11-12,BBCA.JK,logistic_regression,0.44142,0,SELL
2025-11-13,BBCA.JK,logistic_regression,0.45583,0,HOLD
2025-11-14,BBCA.JK,logistic_regression,0.4621,0,HOLD
2025-11-17,BBCA.JK,logistic_regression,0.36847,0,SELL
2025-11-18,BBCA.JK,logistic_regression,0.51053,1,HOLD
2025-11-19,BBCA.JK,logistic_regression,0.46881,0,HOLD
2025-11-20,BBCA.JK,logistic_regression,0.43177,0,SELL
2025-11-21,BBCA.JK,logistic_regression,0.49642,0,HOLD
2025-11-24,BBCA.JK,logistic_regression,0.46887,0,HOLD
2025-11-25,BBCA.JK,logistic_regression,0.4002,0,SELL
2025-11-26,BBCA.JK,logistic_regression,0.48905,0,HOLD
2025-11-27,BBCA.JK,logistic_regression,0.51033,1,HOLD
2025-11-28,BBCA.JK,logistic_regression,0.47451,0,HOLD
2025-12-01,BBCA.JK,logistic_regression,0.38376,0,SELL
2025-12-02,BBCA.JK,logistic_regression,0.43208,0,SELL
2025-12-03,BBCA.JK,logistic_regression,0.47024,0,HOLD
2025-12-04,BBCA.JK,logistic_regression,0.47747,0,HOLD
2025-12-05,BBCA.JK,logistic_regression,0.42114,0,SELL
2025-12-08,BBCA.JK,logistic_regression,0.41652,0,SELL
2025-12-09,BBCA.JK,logistic_regression,0.52318,1,HOLD
2025-12-10,BBCA.JK,logistic_regression,0.49299,0,HOLD
2025-12-11,BBCA.JK,logistic_regression,0.44613,0,SELL
2025-12-12,BBCA.JK,logistic_regression,0.4749,0,HOLD
2025-12-15,BBCA.JK,logistic_regression,0.37555,0,SELL
2025-12-16,BBCA.JK,logistic_regression,0.46199,0,HOLD
2025-12-17,BBCA.JK,logistic_regression,0.54028,1,HOLD
2025-12-18,BBCA.JK,logistic_regression,0.40181,0,SELL
2025-12-19,BBCA.JK,logistic_regression,0.48732,0,HOLD
2025-12-22,BBCA.JK,logistic_regression,0.46113,0,HOLD
2025-12-23,BBCA.JK,logistic_regression,0.45456,0,HOLD
2025-12-24,BBCA.JK,logistic_regression,0.48601,0,HOLD
2025-12-29,BBCA.JK,logistic_regression,0.44809,0,SELL
2025-12-30,BBCA.JK,logistic_regression,0.44101,0,SELL
2026-01-02,BBCA.JK,logistic_regression,0.46046,0,HOLD
2026-01-05,BBCA.JK,logistic_regression,0.43084,0,SELL
2026-01-06,BBCA.JK,logistic_regression,0.3919,0,SELL
2026-01-07,BBCA.JK,logistic_regression,0.44841,0,SELL
2026-01-08,BBCA.JK,logistic_regression,0.50168,1,HOLD
2026-01-09,BBCA.JK,logistic_regression,0.39757,0,SELL
2026-01-12,BBCA.JK,logistic_regression,0.46984,0,HOLD
2026-01-13,BBCA.JK,logistic_regression,0.45167,0,HOLD
2026-01-14,BBCA.JK,logistic_regression,0.4684,0,HOLD
2026-01-15,BBCA.JK,logistic_regression,0.43905,0,SELL
2026-01-19,BBCA.JK,logistic_regression,0.40818,0,SELL
2026-01-20,BBCA.JK,logistic_regression,0.53227,1,HOLD
2026-01-21,BBCA.JK,logistic_regression,0.62035,1,BUY
2026-01-22,BBCA.JK,logistic_regression,0.53561,1,HOLD
2026-01-23,BBCA.JK,logistic_regression,0.49152,0,HOLD
2026-01-26,BBCA.JK,logistic_regression,0.51137,1,HOLD
2026-01-27,BBCA.JK,logistic_regression,0.53267,1,HOLD
2026-01-28,BBCA.JK,logistic_regression,0.60782,1,BUY
2026-01-29,BBCA.JK,logistic_regression,0.64726,1,BUY
2026-01-30,BBCA.JK,logistic_regression,0.45552,0,HOLD
2026-02-02,BBCA.JK,logistic_regression,0.4579,0,HOLD
2026-02-03,BBCA.JK,logistic_regression,0.43516,0,SELL
2026-02-04,BBCA.JK,logistic_regression,0.41873,0,SELL
2026-02-05,BBCA.JK,logistic_regression,0.45202,0,HOLD
2026-02-06,BBCA.JK,logistic_regression,0.50072,1,HOLD
2026-02-09,BBCA.JK,logistic_regression,0.49017,0,HOLD
2026-02-10,BBCA.JK,logistic_regression,0.4664,0,HOLD
2026-02-11,BBCA.JK,logistic_regression,0.45388,0,HOLD
2026-02-12,BBCA.JK,logistic_regression,0.46944,0,HOLD
2026-02-13,BBCA.JK,logistic_regression,0.4855,0,HOLD
2026-02-18,BBCA.JK,logistic_regression,0.4369,0,SELL
2026-02-19,BBCA.JK,logistic_regression,0.45386,0,HOLD
2026-02-20,BBCA.JK,logistic_regression,0.52913,1,HOLD
2026-02-23,BBCA.JK,logistic_regression,0.43681,0,SELL
2026-02-24,BBCA.JK,logistic_regression,0.45494,0,HOLD
2026-02-25,BBCA.JK,logistic_regression,0.43046,0,SELL
2026-02-26,BBCA.JK,logistic_regression,0.41642,0,SELL
2026-02-27,BBCA.JK,logistic_regression,0.51025,1,HOLD
2026-03-02,BBCA.JK,logistic_regression,0.49237,0,HOLD
2026-03-03,BBCA.JK,logistic_regression,0.43974,0,SELL
2026-03-04,BBCA.JK,logistic_regression,0.50039,1,HOLD
2026-03-05,BBCA.JK,logistic_regression,0.42288,0,SELL
2026-03-06,BBCA.JK,logistic_regression,0.43052,0,SELL
2026-03-09,BBCA.JK,logistic_regression,0.54999,1,HOLD
2026-03-10,BBCA.JK,logistic_regression,0.45427,0,HOLD
2026-03-11,BBCA.JK,logistic_regression,0.48496,0,HOLD
2026-03-12,BBCA.JK,logistic_regression,0.50073,1,HOLD
2026-03-13,BBCA.JK,logistic_regression,0.44507,0,SELL
2026-03-16,BBCA.JK,logistic_regression,0.48845,0,HOLD
2026-03-17,BBCA.JK,logistic_regression,0.49349,0,HOLD
2026-03-25,BBCA.JK,logistic_regression,0.46272,0,HOLD
2026-03-26,BBCA.JK,logistic_regression,0.45645,0,HOLD
2026-03-27,BBCA.JK,logistic_regression,0.56699,1,BUY
2026-03-30,BBCA.JK,logistic_regression,0.49793,0,HOLD
2026-03-31,BBCA.JK,logistic_regression,0.46193,0,HOLD
2026-04-01,BBCA.JK,logistic_regression,0.45636,0,HOLD
2026-04-02,BBCA.JK,logistic_regression,0.39613,0,SELL
2026-04-06,BBCA.JK,logistic_regression,0.45189,0,HOLD
2026-04-07,BBCA.JK,logistic_regression,0.47671,0,HOLD
2026-04-08,BBCA.JK,logistic_regression,0.37421,0,SELL
2026-04-09,BBCA.JK,logistic_regression,0.52152,1,HOLD
2026-04-10,BBCA.JK,logistic_regression,0.45925,0,HOLD
2026-04-13,BBCA.JK,logistic_regression,0.41224,0,SELL
2026-04-14,BBCA.JK,logistic_regression,0.42529,0,SELL
2026-04-15,BBCA.JK,logistic_regression,0.47583,0,HOLD
2026-04-16,BBCA.JK,logistic_regression,0.50534,1,HOLD
2026-04-17,BBCA.JK,logistic_regression,0.51317,1,HOLD
2026-04-20,BBCA.JK,logistic_regression,0.48113,0,HOLD
2026-04-21,BBCA.JK,logistic_regression,0.44774,0,SELL
2026-04-22,BBCA.JK,logistic_regression,0.46358,0,HOLD
2026-04-23,BBCA.JK,logistic_regression,0.47084,0,HOLD
2026-04-24,BBCA.JK,logistic_regression,0.526,1,HOLD
2026-04-27,BBCA.JK,logistic_regression,0.54331,1,HOLD
2026-04-28,BBCA.JK,logistic_regression,0.47737,0,HOLD
2026-04-29,BBCA.JK,logistic_regression,0.50043,1,HOLD
2026-04-30,BBCA.JK,logistic_regression,0.51738,1,HOLD
2026-05-04,BBCA.JK,logistic_regression,0.47592,0,HOLD
2026-05-05,BBCA.JK,logistic_regression,0.47314,0,HOLD
2026-05-06,BBCA.JK,logistic_regression,0.48151,0,HOLD
2026-05-07,BBCA.JK,logistic_regression,0.43676,0,SELL
2026-05-08,BBCA.JK,logistic_regression,0.45022,0,HOLD
2026-05-11,BBCA.JK,logistic_regression,0.49912,0,HOLD
2026-05-12,BBCA.JK,logistic_regression,0.46757,0,HOLD
2026-05-13,BBCA.JK,logistic_regression,0.48443,0,HOLD
2026-05-18,BBCA.JK,logistic_regression,0.49896,0,HOLD
2026-05-19,BBCA.JK,logistic_regression,0.5029,1,HOLD
2026-05-20,BBCA.JK,logistic_regression,0.49342,0,HOLD
2026-05-21,BBCA.JK,logistic_regression,0.45782,0,HOLD
2026-05-22,BBCA.JK,logistic_regression,0.51168,1,HOLD
2026-05-25,BBCA.JK,logistic_regression,0.42252,0,SELL
2026-05-26,BBCA.JK,logistic_regression,0.45268,0,HOLD
2026-05-29,BBCA.JK,logistic_regression,0.6535,1,BUY
2026-06-02,BBCA.JK,logistic_regression,0.48249,0,HOLD
2026-06-03,BBCA.JK,logistic_regression,0.49591,0,HOLD
2026-06-04,BBCA.JK,logistic_regression,0.57265,1,BUY
2026-06-05,BBCA.JK,logistic_regression,0.49636,0,HOLD
2026-06-08,BBCA.JK,logistic_regression,0.5592,1,BUY
2026-06-09,BBCA.JK,logistic_regression,0.52176,1,HOLD
2026-06-10,BBCA.JK,logistic_regression,0.40376,0,SELL
2026-06-11,BBCA.JK,logistic_regression,0.42596,0,SELL
2026-06-12,BBCA.JK,logistic_regression,0.42167,0,SELL
2026-06-15,BBCA.JK,logistic_regression,0.41507,0,SELL
2026-06-17,BBCA.JK,logistic_regression,0.48706,0,HOLD
2026-06-18,BBCA.JK,logistic_regression,0.5364,1,HOLD
2026-06-19,BBCA.JK,logistic_regression,0.43978,0,SELL
2026-06-22,BBCA.JK,logistic_regression,0.38307,0,SELL
2026-06-23,BBCA.JK,logistic_regression,0.4611,0,HOLD
2026-06-24,BBCA.JK,logistic_regression,0.42136,0,SELL
2026-06-25,BBCA.JK,logistic_regression,0.42135,0,SELL
2026-06-26,BBCA.JK,logistic_regression,0.4058,0,SELL
2026-06-29,BBCA.JK,logistic_regression,0.45124,0,HOLD
2026-06-30,BBCA.JK,logistic_regression,0.55778,1,BUY
2026-07-01,BBCA.JK,logistic_regression,0.49906,0,HOLD
2026-07-02,BBCA.JK,logistic_regression,0.41489,0,SELL
2026-07-03,BBCA.JK,logistic_regression,0.3839,0,SELL
2026-07-06,BBCA.JK,logistic_regression,0.37714,0,SELL
2026-07-07,BBCA.JK,logistic_regression,0.36052,0,SELL
2026-07-08,BBCA.JK,logistic_regression,0.43886,0,SELL
2026-07-09,BBCA.JK,logistic_regression,0.50841,1,HOLD
2026-07-10,BBCA.JK,logistic_regression,0.44825,0,SELL
2026-07-13,BBCA.JK,logistic_regression,0.45433,0,HOLD
2026-07-14,BBCA.JK,logistic_regression,0.45824,0,HOLD
2026-07-15,BBCA.JK,logistic_regression,0.44642,0,SELL
2026-07-16,BBCA.JK,logistic_regression,0.40625,0,SELL
2026-07-17,BBCA.JK,logistic_regression,0.43809,0,SELL
2026-07-20,BBCA.JK,logistic_regression,0.45855,0,HOLD
2026-07-21,BBCA.JK,logistic_regression,0.43893,0,SELL
2026-07-22,BBCA.JK,logistic_regression,0.43451,0,SELL
2026-07-23,BBCA.JK,logistic_regression,0.53904,1,HOLD
2026-07-24,BBCA.JK,logistic_regression,0.52763,1,HOLD
2026-07-27,BBCA.JK,logistic_regression,0.43278,0,SELL
2026-07-28,BBCA.JK,logistic_regression,0.47557,0,HOLD
2026-07-29,BBCA.JK,logistic_regression,0.44294,0,SELL
2026-07-30,BBCA.JK,logistic_regression,0.35789,0,SELL
2026-07-31,BBCA.JK,logistic_regression,0.46572,0,HOLD
2026-08-03,BBCA.JK,logistic_regression,0.48777,0,HOLD
2026-08-04,BBCA.JK,logistic_regression,0.37572,0,SELL
2026-08-05,BBCA.JK,logistic_regression,0.4341,0,SELL
2026-08-06,BBCA.JK,logistic_regression,0.50519,1,HOLD
2026-08-07,BBCA.JK,logistic_regression,0.42268,0,SELL
2026-08-10,BBCA.JK,logistic_regression,0.42429,0,SELL
2026-08-11,BBCA.JK,logistic_regression,0.48714,0,HOLD
2026-08-12,BBCA.JK,logistic_regression,0.427,0,SELL
2026-08-13,BBCA.JK,logistic_regression,0.40851,0,SELL
2026-08-14,BBCA.JK,logistic_regression,0.46703,0,HOLD
2026-08-18,BBCA.JK,logistic_regression,0.48767,0,HOLD
2026-08-19,BBCA.JK,logistic_regression,0.46047,0,HOLD
2026-08-20,BBCA.JK,logistic_regression,0.38252,0,SELL
2026-08-21,BBCA.JK,logistic_regression,0.38574,0,SELL
2026-08-24,BBCA.JK,logistic_regression,0.45419,0,HOLD
2026-08-26,BBCA.JK,logistic_regression,0.48402,0,HOLD
2026-08-27,BBCA.JK,logistic_regression,0.41401,0,SELL
2026-08-28,BBCA.JK,logistic_regression,0.42372,0,SELL
2026-08-31,BBCA.JK,logistic_regression,0.47023,0,HOLD
2025-01-02,BBRI.JK,logistic_regression,0.40599,0,SELL
2025-01-03,BBRI.JK,logistic_regression,0.4575,0,HOLD
2025-01-06,BBRI.JK,logistic_regression,0.4974,0,HOLD
2025-01-07,BBRI.JK,logistic_regression,0.50864,1,HOLD
2025-01-08,BBRI.JK,logistic_regression,0.45597,0,HOLD
2025-01-09,BBRI.JK,logistic_regression,0.47379,0,HOLD
2025-01-10,BBRI.JK,logistic_regression,0.4899,0,HOLD
2025-01-13,BBRI.JK,logistic_regression,0.54501,1,HOLD
2025-01-14,BBRI.JK,logistic_regression,0.53692,1,HOLD
2025-01-15,BBRI.JK,logistic_regression,0.38897,0,SELL
2025-01-16,BBRI.JK,logistic_regression,0.35981,0,SELL
2025-01-17,BBRI.JK,logistic_regression,0.5024,1,HOLD
2025-01-20,BBRI.JK,logistic_regression,0.39514,0,SELL
2025-01-21,BBRI.JK,logistic_regression,0.4543,0,HOLD
2025-01-22,BBRI.JK,logistic_regression,0.51349,1,HOLD
2025-01-23,BBRI.JK,logistic_regression,0.44428,0,SELL
2025-01-24,BBRI.JK,logistic_regression,0.47344,0,HOLD
2025-01-30,BBRI.JK,logistic_regression,0.52584,1,HOLD
2025-01-31,BBRI.JK,logistic_regression,0.41354,0,SELL
2025-02-03,BBRI.JK,logistic_regression,0.42085,0,SELL
2025-02-04,BBRI.JK,logistic_regression,0.45543,0,HOLD
2025-02-05,BBRI.JK,logistic_regression,0.47167,0,HOLD
2025-02-06,BBRI.JK,logistic_regression,0.56238,1,BUY
2025-02-07,BBRI.JK,logistic_regression,0.52326,1,HOLD
2025-02-10,BBRI.JK,logistic_regression,0.48264,0,HOLD
2025-02-11,BBRI.JK,logistic_regression,0.47303,0,HOLD
2025-02-12,BBRI.JK,logistic_regression,0.43237,0,SELL
2025-02-13,BBRI.JK,logistic_regression,0.47743,0,HOLD
2025-02-14,BBRI.JK,logistic_regression,0.54449,1,HOLD
2025-02-17,BBRI.JK,logistic_regression,0.4409,0,SELL
2025-02-18,BBRI.JK,logistic_regression,0.39521,0,SELL
2025-02-19,BBRI.JK,logistic_regression,0.51086,1,HOLD
2025-02-20,BBRI.JK,logistic_regression,0.54518,1,HOLD
2025-02-21,BBRI.JK,logistic_regression,0.47614,0,HOLD
2025-02-24,BBRI.JK,logistic_regression,0.46469,0,HOLD
2025-02-25,BBRI.JK,logistic_regression,0.51967,1,HOLD
2025-02-26,BBRI.JK,logistic_regression,0.45591,0,HOLD
2025-02-27,BBRI.JK,logistic_regression,0.47024,0,HOLD
2025-02-28,BBRI.JK,logistic_regression,0.5692,1,BUY
2025-03-03,BBRI.JK,logistic_regression,0.45303,0,HOLD
2025-03-04,BBRI.JK,logistic_regression,0.38673,0,SELL
2025-03-05,BBRI.JK,logistic_regression,0.47158,0,HOLD
2025-03-06,BBRI.JK,logistic_regression,0.35705,0,SELL
2025-03-07,BBRI.JK,logistic_regression,0.45961,0,HOLD
2025-03-10,BBRI.JK,logistic_regression,0.54743,1,HOLD
2025-03-11,BBRI.JK,logistic_regression,0.43583,0,SELL
2025-03-12,BBRI.JK,logistic_regression,0.42907,0,SELL
2025-03-13,BBRI.JK,logistic_regression,0.43533,0,SELL
2025-03-14,BBRI.JK,logistic_regression,0.44078,0,SELL
2025-03-17,BBRI.JK,logistic_regression,0.39125,0,SELL
2025-03-18,BBRI.JK,logistic_regression,0.46962,0,HOLD
2025-03-19,BBRI.JK,logistic_regression,0.49137,0,HOLD
2025-03-20,BBRI.JK,logistic_regression,0.43879,0,SELL
2025-03-21,BBRI.JK,logistic_regression,0.49478,0,HOLD
2025-03-24,BBRI.JK,logistic_regression,0.46642,0,HOLD
2025-03-25,BBRI.JK,logistic_regression,0.37811,0,SELL
2025-03-26,BBRI.JK,logistic_regression,0.33327,0,SELL
2025-03-27,BBRI.JK,logistic_regression,0.39143,0,SELL
2025-04-08,BBRI.JK,logistic_regression,0.64781,1,BUY
2025-04-09,BBRI.JK,logistic_regression,0.55173,1,BUY
2025-04-10,BBRI.JK,logistic_regression,0.36421,0,SELL
2025-04-11,BBRI.JK,logistic_regression,0.4307,0,SELL
2025-04-14,BBRI.JK,logistic_regression,0.39647,0,SELL
2025-04-15,BBRI.JK,logistic_regression,0.359,0,SELL
2025-04-16,BBRI.JK,logistic_regression,0.45505,0,HOLD
2025-04-17,BBRI.JK,logistic_regression,0.46567,0,HOLD
2025-04-21,BBRI.JK,logistic_regression,0.45541,0,HOLD
2025-04-22,BBRI.JK,logistic_regression,0.45978,0,HOLD
2025-04-23,BBRI.JK,logistic_regression,0.38928,0,SELL
2025-04-24,BBRI.JK,logistic_regression,0.39231,0,SELL
2025-04-25,BBRI.JK,logistic_regression,0.4274,0,SELL
2025-04-28,BBRI.JK,logistic_regression,0.37639,0,SELL
2025-04-29,BBRI.JK,logistic_regression,0.41179,0,SELL
2025-04-30,BBRI.JK,logistic_regression,0.46798,0,HOLD
2025-05-02,BBRI.JK,logistic_regression,0.41432,0,SELL
2025-05-05,BBRI.JK,logistic_regression,0.4376,0,SELL
2025-05-06,BBRI.JK,logistic_regression,0.43466,0,SELL
2025-05-07,BBRI.JK,logistic_regression,0.39477,0,SELL
2025-05-08,BBRI.JK,logistic_regression,0.52054,1,HOLD
2025-05-09,BBRI.JK,logistic_regression,0.47111,0,HOLD
2025-05-14,BBRI.JK,logistic_regression,0.38835,0,SELL
2025-05-15,BBRI.JK,logistic_regression,0.44346,0,SELL
2025-05-16,BBRI.JK,logistic_regression,0.44726,0,SELL
2025-05-19,BBRI.JK,logistic_regression,0.43099,0,SELL
2025-05-20,BBRI.JK,logistic_regression,0.45664,0,HOLD
2025-05-21,BBRI.JK,logistic_regression,0.472,0,HOLD
2025-05-22,BBRI.JK,logistic_regression,0.42669,0,SELL
2025-05-23,BBRI.JK,logistic_regression,0.39658,0,SELL
2025-05-26,BBRI.JK,logistic_regression,0.41703,0,SELL
2025-05-27,BBRI.JK,logistic_regression,0.41919,0,SELL
2025-05-28,BBRI.JK,logistic_regression,0.46166,0,HOLD
2025-06-02,BBRI.JK,logistic_regression,0.53695,1,HOLD
2025-06-03,BBRI.JK,logistic_regression,0.51163,1,HOLD
2025-06-04,BBRI.JK,logistic_regression,0.48567,0,HOLD
2025-06-05,BBRI.JK,logistic_regression,0.51773,1,HOLD
2025-06-10,BBRI.JK,logistic_regression,0.41425,0,SELL
2025-06-11,BBRI.JK,logistic_regression,0.44001,0,SELL
2025-06-12,BBRI.JK,logistic_regression,0.45624,0,HOLD
2025-06-13,BBRI.JK,logistic_regression,0.44758,0,SELL
2025-06-16,BBRI.JK,logistic_regression,0.46633,0,HOLD
2025-06-17,BBRI.JK,logistic_regression,0.46233,0,HOLD
2025-06-18,BBRI.JK,logistic_regression,0.44575,0,SELL
2025-06-19,BBRI.JK,logistic_regression,0.49556,0,HOLD
2025-06-20,BBRI.JK,logistic_regression,0.51644,1,HOLD
2025-06-23,BBRI.JK,logistic_regression,0.4637,0,HOLD
2025-06-24,BBRI.JK,logistic_regression,0.45287,0,HOLD
2025-06-25,BBRI.JK,logistic_regression,0.43211,0,SELL
2025-06-26,BBRI.JK,logistic_regression,0.42827,0,SELL
2025-06-30,BBRI.JK,logistic_regression,0.47043,0,HOLD
2025-07-01,BBRI.JK,logistic_regression,0.49274,0,HOLD
2025-07-02,BBRI.JK,logistic_regression,0.47852,0,HOLD
2025-07-03,BBRI.JK,logistic_regression,0.45144,0,HOLD
2025-07-04,BBRI.JK,logistic_regression,0.45084,0,HOLD
2025-07-07,BBRI.JK,logistic_regression,0.41676,0,SELL
2025-07-08,BBRI.JK,logistic_regression,0.43827,0,SELL
2025-07-09,BBRI.JK,logistic_regression,0.445,0,SELL
2025-07-10,BBRI.JK,logistic_regression,0.34111,0,SELL
2025-07-11,BBRI.JK,logistic_regression,0.37656,0,SELL
2025-07-14,BBRI.JK,logistic_regression,0.51533,1,HOLD
2025-07-15,BBRI.JK,logistic_regression,0.39795,0,SELL
2025-07-16,BBRI.JK,logistic_regression,0.40171,0,SELL
2025-07-17,BBRI.JK,logistic_regression,0.44852,0,SELL
2025-07-18,BBRI.JK,logistic_regression,0.41942,0,SELL
2025-07-21,BBRI.JK,logistic_regression,0.43557,0,SELL
2025-07-22,BBRI.JK,logistic_regression,0.43546,0,SELL
2025-07-23,BBRI.JK,logistic_regression,0.45486,0,HOLD
2025-07-24,BBRI.JK,logistic_regression,0.38604,0,SELL
2025-07-25,BBRI.JK,logistic_regression,0.40853,0,SELL
2025-07-28,BBRI.JK,logistic_regression,0.42799,0,SELL
2025-07-29,BBRI.JK,logistic_regression,0.42104,0,SELL
2025-07-30,BBRI.JK,logistic_regression,0.5929,1,BUY
2025-07-31,BBRI.JK,logistic_regression,0.56131,1,BUY
2025-08-01,BBRI.JK,logistic_regression,0.41679,0,SELL
2025-08-04,BBRI.JK,logistic_regression,0.45888,0,HOLD
2025-08-05,BBRI.JK,logistic_regression,0.45373,0,HOLD
2025-08-06,BBRI.JK,logistic_regression,0.42567,0,SELL
2025-08-07,BBRI.JK,logistic_regression,0.46523,0,HOLD
2025-08-08,BBRI.JK,logistic_regression,0.47243,0,HOLD
2025-08-11,BBRI.JK,logistic_regression,0.39855,0,SELL
2025-08-12,BBRI.JK,logistic_regression,0.38627,0,SELL
2025-08-13,BBRI.JK,logistic_regression,0.40911,0,SELL
2025-08-14,BBRI.JK,logistic_regression,0.45898,0,HOLD
2025-08-15,BBRI.JK,logistic_regression,0.4451,0,SELL
2025-08-19,BBRI.JK,logistic_regression,0.48713,0,HOLD
2025-08-20,BBRI.JK,logistic_regression,0.45343,0,HOLD
2025-08-21,BBRI.JK,logistic_regression,0.38895,0,SELL
2025-08-22,BBRI.JK,logistic_regression,0.44868,0,SELL
2025-08-25,BBRI.JK,logistic_regression,0.42859,0,SELL
2025-08-26,BBRI.JK,logistic_regression,0.44086,0,SELL
2025-08-27,BBRI.JK,logistic_regression,0.49162,0,HOLD
2025-08-28,BBRI.JK,logistic_regression,0.43046,0,SELL
2025-08-29,BBRI.JK,logistic_regression,0.49014,0,HOLD
2025-09-01,BBRI.JK,logistic_regression,0.56437,1,BUY
2025-09-02,BBRI.JK,logistic_regression,0.47359,0,HOLD
2025-09-03,BBRI.JK,logistic_regression,0.41203,0,SELL
2025-09-04,BBRI.JK,logistic_regression,0.4398,0,SELL
2025-09-08,BBRI.JK,logistic_regression,0.48511,0,HOLD
2025-09-09,BBRI.JK,logistic_regression,0.51662,1,HOLD
2025-09-10,BBRI.JK,logistic_regression,0.43145,0,SELL
2025-09-11,BBRI.JK,logistic_regression,0.38331,0,SELL
2025-09-12,BBRI.JK,logistic_regression,0.37137,0,SELL
2025-09-15,BBRI.JK,logistic_regression,0.41549,0,SELL
2025-09-16,BBRI.JK,logistic_regression,0.44188,0,SELL
2025-09-17,BBRI.JK,logistic_regression,0.4382,0,SELL
2025-09-18,BBRI.JK,logistic_regression,0.47704,0,HOLD
2025-09-19,BBRI.JK,logistic_regression,0.4631,0,HOLD
2025-09-22,BBRI.JK,logistic_regression,0.45131,0,HOLD
2025-09-23,BBRI.JK,logistic_regression,0.45419,0,HOLD
2025-09-24,BBRI.JK,logistic_regression,0.42564,0,SELL
2025-09-25,BBRI.JK,logistic_regression,0.46935,0,HOLD
2025-09-26,BBRI.JK,logistic_regression,0.48454,0,HOLD
2025-09-29,BBRI.JK,logistic_regression,0.46568,0,HOLD
2025-09-30,BBRI.JK,logistic_regression,0.54014,1,HOLD
2025-10-01,BBRI.JK,logistic_regression,0.50615,1,HOLD
2025-10-02,BBRI.JK,logistic_regression,0.49968,0,HOLD
2025-10-03,BBRI.JK,logistic_regression,0.48062,0,HOLD
2025-10-06,BBRI.JK,logistic_regression,0.45979,0,HOLD
2025-10-07,BBRI.JK,logistic_regression,0.44987,0,SELL
2025-10-08,BBRI.JK,logistic_regression,0.44243,0,SELL
2025-10-09,BBRI.JK,logistic_regression,0.48877,0,HOLD
2025-10-10,BBRI.JK,logistic_regression,0.49308,0,HOLD
2025-10-13,BBRI.JK,logistic_regression,0.54342,1,HOLD
2025-10-14,BBRI.JK,logistic_regression,0.49894,0,HOLD
2025-10-15,BBRI.JK,logistic_regression,0.51323,1,HOLD
2025-10-16,BBRI.JK,logistic_regression,0.47277,0,HOLD
2025-10-17,BBRI.JK,logistic_regression,0.4547,0,HOLD
2025-10-20,BBRI.JK,logistic_regression,0.41917,0,SELL
2025-10-21,BBRI.JK,logistic_regression,0.35835,0,SELL
2025-10-22,BBRI.JK,logistic_regression,0.47576,0,HOLD
2025-10-23,BBRI.JK,logistic_regression,0.42916,0,SELL
2025-10-24,BBRI.JK,logistic_regression,0.40563,0,SELL
2025-10-27,BBRI.JK,logistic_regression,0.47024,0,HOLD
2025-10-28,BBRI.JK,logistic_regression,0.43112,0,SELL
2025-10-29,BBRI.JK,logistic_regression,0.40629,0,SELL
2025-10-30,BBRI.JK,logistic_regression,0.44181,0,SELL
2025-10-31,BBRI.JK,logistic_regression,0.42565,0,SELL
2025-11-03,BBRI.JK,logistic_regression,0.38489,0,SELL
2025-11-04,BBRI.JK,logistic_regression,0.45187,0,HOLD
2025-11-05,BBRI.JK,logistic_regression,0.44783,0,SELL
2025-11-06,BBRI.JK,logistic_regression,0.42038,0,SELL
2025-11-07,BBRI.JK,logistic_regression,0.45914,0,HOLD
2025-11-10,BBRI.JK,logistic_regression,0.47674,0,HOLD
2025-11-11,BBRI.JK,logistic_regression,0.47532,0,HOLD
2025-11-12,BBRI.JK,logistic_regression,0.46328,0,HOLD
2025-11-13,BBRI.JK,logistic_regression,0.46348,0,HOLD
2025-11-14,BBRI.JK,logistic_regression,0.44413,0,SELL
2025-11-17,BBRI.JK,logistic_regression,0.41858,0,SELL
2025-11-18,BBRI.JK,logistic_regression,0.4417,0,SELL
2025-11-19,BBRI.JK,logistic_regression,0.41382,0,SELL
2025-11-20,BBRI.JK,logistic_regression,0.44818,0,SELL
2025-11-21,BBRI.JK,logistic_regression,0.49088,0,HOLD
2025-11-24,BBRI.JK,logistic_regression,0.47176,0,HOLD
2025-11-25,BBRI.JK,logistic_regression,0.59237,1,BUY
2025-11-26,BBRI.JK,logistic_regression,0.56353,1,BUY
2025-11-27,BBRI.JK,logistic_regression,0.47592,0,HOLD
2025-11-28,BBRI.JK,logistic_regression,0.5297,1,HOLD
2025-12-01,BBRI.JK,logistic_regression,0.51064,1,HOLD
2025-12-02,BBRI.JK,logistic_regression,0.46065,0,HOLD
2025-12-03,BBRI.JK,logistic_regression,0.50312,1,HOLD
2025-12-04,BBRI.JK,logistic_regression,0.48859,0,HOLD
2025-12-05,BBRI.JK,logistic_regression,0.47132,0,HOLD
2025-12-08,BBRI.JK,logistic_regression,0.48135,0,HOLD
2025-12-09,BBRI.JK,logistic_regression,0.46088,0,HOLD
2025-12-10,BBRI.JK,logistic_regression,0.47297,0,HOLD
2025-12-11,BBRI.JK,logistic_regression,0.48534,0,HOLD
2025-12-12,BBRI.JK,logistic_regression,0.44888,0,SELL
2025-12-15,BBRI.JK,logistic_regression,0.36803,0,SELL
2025-12-16,BBRI.JK,logistic_regression,0.45216,0,HOLD
2025-12-17,BBRI.JK,logistic_regression,0.4713,0,HOLD
2025-12-18,BBRI.JK,logistic_regression,0.40314,0,SELL
2025-12-19,BBRI.JK,logistic_regression,0.46456,0,HOLD
2025-12-22,BBRI.JK,logistic_regression,0.46964,0,HOLD
2025-12-23,BBRI.JK,logistic_regression,0.42447,0,SELL
2025-12-24,BBRI.JK,logistic_regression,0.44107,0,SELL
2025-12-29,BBRI.JK,logistic_regression,0.44811,0,SELL
2025-12-30,BBRI.JK,logistic_regression,0.43715,0,SELL
2026-01-02,BBRI.JK,logistic_regression,0.46298,0,HOLD
2026-01-05,BBRI.JK,logistic_regression,0.47571,0,HOLD
2026-01-06,BBRI.JK,logistic_regression,0.41635,0,SELL
2026-01-07,BBRI.JK,logistic_regression,0.43267,0,SELL
2026-01-08,BBRI.JK,logistic_regression,0.47726,0,HOLD
2026-01-09,BBRI.JK,logistic_regression,0.47095,0,HOLD
2026-01-12,BBRI.JK,logistic_regression,0.46048,0,HOLD
2026-01-13,BBRI.JK,logistic_regression,0.43201,0,SELL
2026-01-14,BBRI.JK,logistic_regression,0.43451,0,SELL
2026-01-15,BBRI.JK,logistic_regression,0.44073,0,SELL
2026-01-19,BBRI.JK,logistic_regression,0.43636,0,SELL
2026-01-20,BBRI.JK,logistic_regression,0.4427,0,SELL
2026-01-21,BBRI.JK,logistic_regression,0.46743,0,HOLD
2026-01-22,BBRI.JK,logistic_regression,0.45853,0,HOLD
2026-01-23,BBRI.JK,logistic_regression,0.43693,0,SELL
2026-01-26,BBRI.JK,logistic_regression,0.42976,0,SELL
2026-01-27,BBRI.JK,logistic_regression,0.47443,0,HOLD
2026-01-28,BBRI.JK,logistic_regression,0.62983,1,BUY
2026-01-29,BBRI.JK,logistic_regression,0.49453,0,HOLD
2026-01-30,BBRI.JK,logistic_regression,0.39242,0,SELL
2026-02-02,BBRI.JK,logistic_regression,0.46626,0,HOLD
2026-02-03,BBRI.JK,logistic_regression,0.42988,0,SELL
2026-02-04,BBRI.JK,logistic_regression,0.41363,0,SELL
2026-02-05,BBRI.JK,logistic_regression,0.48628,0,HOLD
2026-02-06,BBRI.JK,logistic_regression,0.50972,1,HOLD
2026-02-09,BBRI.JK,logistic_regression,0.46929,0,HOLD
2026-02-10,BBRI.JK,logistic_regression,0.44599,0,SELL
2026-02-11,BBRI.JK,logistic_regression,0.4286,0,SELL
2026-02-12,BBRI.JK,logistic_regression,0.43609,0,SELL
2026-02-13,BBRI.JK,logistic_regression,0.43751,0,SELL
2026-02-18,BBRI.JK,logistic_regression,0.41583,0,SELL
2026-02-19,BBRI.JK,logistic_regression,0.4459,0,SELL
2026-02-20,BBRI.JK,logistic_regression,0.47268,0,HOLD
2026-02-23,BBRI.JK,logistic_regression,0.3738,0,SELL
2026-02-24,BBRI.JK,logistic_regression,0.42885,0,SELL
2026-02-25,BBRI.JK,logistic_regression,0.39379,0,SELL
2026-02-26,BBRI.JK,logistic_regression,0.38351,0,SELL
2026-02-27,BBRI.JK,logistic_regression,0.49037,0,HOLD
2026-03-02,BBRI.JK,logistic_regression,0.52895,1,HOLD
2026-03-03,BBRI.JK,logistic_regression,0.51346,1,HOLD
2026-03-04,BBRI.JK,logistic_regression,0.51083,1,HOLD
2026-03-05,BBRI.JK,logistic_regression,0.41347,0,SELL
2026-03-06,BBRI.JK,logistic_regression,0.46408,0,HOLD
2026-03-09,BBRI.JK,logistic_regression,0.52215,1,HOLD
2026-03-10,BBRI.JK,logistic_regression,0.46851,0,HOLD
2026-03-11,BBRI.JK,logistic_regression,0.44738,0,SELL
2026-03-12,BBRI.JK,logistic_regression,0.48266,0,HOLD
2026-03-13,BBRI.JK,logistic_regression,0.47717,0,HOLD
2026-03-16,BBRI.JK,logistic_regression,0.46313,0,HOLD
2026-03-17,BBRI.JK,logistic_regression,0.47802,0,HOLD
2026-03-25,BBRI.JK,logistic_regression,0.49703,0,HOLD
2026-03-26,BBRI.JK,logistic_regression,0.46481,0,HOLD
2026-03-27,BBRI.JK,logistic_regression,0.51868,1,HOLD
2026-03-30,BBRI.JK,logistic_regression,0.51088,1,HOLD
2026-03-31,BBRI.JK,logistic_regression,0.50911,1,HOLD
2026-04-01,BBRI.JK,logistic_regression,0.48913,0,HOLD
2026-04-02,BBRI.JK,logistic_regression,0.4782,0,HOLD
2026-04-06,BBRI.JK,logistic_regression,0.46106,0,HOLD
2026-04-07,BBRI.JK,logistic_regression,0.47961,0,HOLD
2026-04-08,BBRI.JK,logistic_regression,0.45917,0,HOLD
2026-04-09,BBRI.JK,logistic_regression,0.47913,0,HOLD
2026-04-10,BBRI.JK,logistic_regression,0.46622,0,HOLD
2026-04-13,BBRI.JK,logistic_regression,0.41243,0,SELL
2026-04-14,BBRI.JK,logistic_regression,0.43044,0,SELL
2026-04-15,BBRI.JK,logistic_regression,0.46469,0,HOLD
2026-04-16,BBRI.JK,logistic_regression,0.46195,0,HOLD
2026-04-17,BBRI.JK,logistic_regression,0.43282,0,SELL
2026-04-20,BBRI.JK,logistic_regression,0.45443,0,HOLD
2026-04-21,BBRI.JK,logistic_regression,0.44363,0,SELL
2026-04-22,BBRI.JK,logistic_regression,0.44358,0,SELL
2026-04-23,BBRI.JK,logistic_regression,0.52569,1,HOLD
2026-04-24,BBRI.JK,logistic_regression,0.56689,1,BUY
2026-04-27,BBRI.JK,logistic_regression,0.5194,1,HOLD
2026-04-28,BBRI.JK,logistic_regression,0.45146,0,HOLD
2026-04-29,BBRI.JK,logistic_regression,0.43479,0,SELL
2026-04-30,BBRI.JK,logistic_regression,0.50112,1,HOLD
2026-05-04,BBRI.JK,logistic_regression,0.44405,0,SELL
2026-05-05,BBRI.JK,logistic_regression,0.38073,0,SELL
2026-05-06,BBRI.JK,logistic_regression,0.43111,0,SELL
2026-05-07,BBRI.JK,logistic_regression,0.39917,0,SELL
2026-05-08,BBRI.JK,logistic_regression,0.43486,0,SELL
2026-05-11,BBRI.JK,logistic_regression,0.52912,1,HOLD
2026-05-12,BBRI.JK,logistic_regression,0.45727,0,HOLD
2026-05-13,BBRI.JK,logistic_regression,0.49571,0,HOLD
2026-05-18,BBRI.JK,logistic_regression,0.5752,1,BUY
2026-05-19,BBRI.JK,logistic_regression,0.46223,0,HOLD
2026-05-20,BBRI.JK,logistic_regression,0.45884,0,HOLD
2026-05-21,BBRI.JK,logistic_regression,0.46777,0,HOLD
2026-05-22,BBRI.JK,logistic_regression,0.43477,0,SELL
2026-05-25,BBRI.JK,logistic_regression,0.38747,0,SELL
2026-05-26,BBRI.JK,logistic_regression,0.4745,0,HOLD
2026-05-29,BBRI.JK,logistic_regression,0.62043,1,BUY
2026-06-02,BBRI.JK,logistic_regression,0.44342,0,SELL
2026-06-03,BBRI.JK,logistic_regression,0.48707,0,HOLD
2026-06-04,BBRI.JK,logistic_regression,0.55055,1,BUY
2026-06-05,BBRI.JK,logistic_regression,0.45613,0,HOLD
2026-06-08,BBRI.JK,logistic_regression,0.51339,1,HOLD
2026-06-09,BBRI.JK,logistic_regression,0.53776,1,HOLD
2026-06-10,BBRI.JK,logistic_regression,0.39689,0,SELL
2026-06-11,BBRI.JK,logistic_regression,0.49683,0,HOLD
2026-06-12,BBRI.JK,logistic_regression,0.46974,0,HOLD
2026-06-15,BBRI.JK,logistic_regression,0.42883,0,SELL
2026-06-17,BBRI.JK,logistic_regression,0.45882,0,HOLD
2026-06-18,BBRI.JK,logistic_regression,0.48704,0,HOLD
2026-06-19,BBRI.JK,logistic_regression,0.4797,0,HOLD
2026-06-22,BBRI.JK,logistic_regression,0.44768,0,SELL
2026-06-23,BBRI.JK,logistic_regression,0.45699,0,HOLD
2026-06-24,BBRI.JK,logistic_regression,0.45341,0,HOLD
2026-06-25,BBRI.JK,logistic_regression,0.44395,0,SELL
2026-06-26,BBRI.JK,logistic_regression,0.39215,0,SELL
2026-06-29,BBRI.JK,logistic_regression,0.43652,0,SELL
2026-06-30,BBRI.JK,logistic_regression,0.54806,1,HOLD
2026-07-01,BBRI.JK,logistic_regression,0.50012,1,HOLD
2026-07-02,BBRI.JK,logistic_regression,0.44465,0,SELL
2026-07-03,BBRI.JK,logistic_regression,0.429,0,SELL
2026-07-06,BBRI.JK,logistic_regression,0.40775,0,SELL
2026-07-07,BBRI.JK,logistic_regression,0.37016,0,SELL
2026-07-08,BBRI.JK,logistic_regression,0.45149,0,HOLD
2026-07-09,BBRI.JK,logistic_regression,0.50065,1,HOLD
2026-07-10,BBRI.JK,logistic_regression,0.45153,0,HOLD
2026-07-13,BBRI.JK,logistic_regression,0.44033,0,SELL
2026-07-14,BBRI.JK,logistic_regression,0.46198,0,HOLD
2026-07-15,BBRI.JK,logistic_regression,0.4271,0,SELL
2026-07-16,BBRI.JK,logistic_regression,0.40177,0,SELL
2026-07-17,BBRI.JK,logistic_regression,0.463,0,HOLD
2026-07-20,BBRI.JK,logistic_regression,0.45664,0,HOLD
2026-07-21,BBRI.JK,logistic_regression,0.42475,0,SELL
2026-07-22,BBRI.JK,logistic_regression,0.45412,0,HOLD
2026-07-23,BBRI.JK,logistic_regression,0.4901,0,HOLD
2026-07-24,BBRI.JK,logistic_regression,0.50648,1,HOLD
2026-07-27,BBRI.JK,logistic_regression,0.48985,0,HOLD
2026-07-28,BBRI.JK,logistic_regression,0.47843,0,HOLD
2026-07-29,BBRI.JK,logistic_regression,0.45926,0,HOLD
2026-07-30,BBRI.JK,logistic_regression,0.4223,0,SELL
2026-07-31,BBRI.JK,logistic_regression,0.40479,0,SELL
2026-08-03,BBRI.JK,logistic_regression,0.457,0,HOLD
2026-08-04,BBRI.JK,logistic_regression,0.45124,0,HOLD
2026-08-05,BBRI.JK,logistic_regression,0.46626,0,HOLD
2026-08-06,BBRI.JK,logistic_regression,0.48807,0,HOLD
2026-08-07,BBRI.JK,logistic_regression,0.4322,0,SELL
2026-08-10,BBRI.JK,logistic_regression,0.46923,0,HOLD
2026-08-11,BBRI.JK,logistic_regression,0.4852,0,HOLD
2026-08-12,BBRI.JK,logistic_regression,0.39611,0,SELL
2026-08-13,BBRI.JK,logistic_regression,0.44894,0,SELL
2026-08-14,BBRI.JK,logistic_regression,0.46411,0,HOLD
2026-08-18,BBRI.JK,logistic_regression,0.46535,0,HOLD
2026-08-19,BBRI.JK,logistic_regression,0.47336,0,HOLD
2026-08-20,BBRI.JK,logistic_regression,0.41332,0,SELL
2026-08-21,BBRI.JK,logistic_regression,0.43691,0,SELL
2026-08-24,BBRI.JK,logistic_regression,0.47186,0,HOLD
2026-08-26,BBRI.JK,logistic_regression,0.51112,1,HOLD
2026-08-27,BBRI.JK,logistic_regression,0.45681,0,HOLD
2026-08-28,BBRI.JK,logistic_regression,0.40959,0,SELL
2026-08-31,BBRI.JK,logistic_regression,0.44056,0,SELL
2025-01-02,BMRI.JK,logistic_regression,0.46869,0,HOLD
2025-01-03,BMRI.JK,logistic_regression,0.4577,0,HOLD
2025-01-06,BMRI.JK,logistic_regression,0.50474,1,HOLD
2025-01-07,BMRI.JK,logistic_regression,0.50327,1,HOLD
2025-01-08,BMRI.JK,logistic_regression,0.43545,0,SELL
2025-01-09,BMRI.JK,logistic_regression,0.44151,0,SELL
2025-01-10,BMRI.JK,logistic_regression,0.51757,1,HOLD
2025-01-13,BMRI.JK,logistic_regression,0.50293,1,HOLD
2025-01-14,BMRI.JK,logistic_regression,0.50693,1,HOLD
2025-01-15,BMRI.JK,logistic_regression,0.41787,0,SELL
2025-01-16,BMRI.JK,logistic_regression,0.3884,0,SELL
2025-01-17,BMRI.JK,logistic_regression,0.4754,0,HOLD
2025-01-20,BMRI.JK,logistic_regression,0.38763,0,SELL
2025-01-21,BMRI.JK,logistic_regression,0.40386,0,SELL
2025-01-22,BMRI.JK,logistic_regression,0.46586,0,HOLD
2025-01-23,BMRI.JK,logistic_regression,0.45915,0,HOLD
2025-01-24,BMRI.JK,logistic_regression,0.4608,0,HOLD
2025-01-30,BMRI.JK,logistic_regression,0.47101,0,HOLD
2025-01-31,BMRI.JK,logistic_regression,0.45889,0,HOLD
2025-02-03,BMRI.JK,logistic_regression,0.54169,1,HOLD
2025-02-04,BMRI.JK,logistic_regression,0.52479,1,HOLD
2025-02-05,BMRI.JK,logistic_regression,0.53012,1,HOLD
2025-02-06,BMRI.JK,logistic_regression,0.57668,1,BUY
2025-02-07,BMRI.JK,logistic_regression,0.56664,1,BUY
2025-02-10,BMRI.JK,logistic_regression,0.47348,0,HOLD
2025-02-11,BMRI.JK,logistic_regression,0.57801,1,BUY
2025-02-12,BMRI.JK,logistic_regression,0.48432,0,HOLD
2025-02-13,BMRI.JK,logistic_regression,0.47051,0,HOLD
2025-02-14,BMRI.JK,logistic_regression,0.50858,1,HOLD
2025-02-17,BMRI.JK,logistic_regression,0.44841,0,SELL
2025-02-18,BMRI.JK,logistic_regression,0.45044,0,HOLD
2025-02-19,BMRI.JK,logistic_regression,0.55772,1,BUY
2025-02-20,BMRI.JK,logistic_regression,0.5034,1,HOLD
2025-02-21,BMRI.JK,logistic_regression,0.49723,0,HOLD
2025-02-24,BMRI.JK,logistic_regression,0.51007,1,HOLD
2025-02-25,BMRI.JK,logistic_regression,0.4901,0,HOLD
2025-02-26,BMRI.JK,logistic_regression,0.45121,0,HOLD
2025-02-27,BMRI.JK,logistic_regression,0.48568,0,HOLD
2025-02-28,BMRI.JK,logistic_regression,0.53574,1,HOLD
2025-03-03,BMRI.JK,logistic_regression,0.38508,0,SELL
2025-03-04,BMRI.JK,logistic_regression,0.41829,0,SELL
2025-03-05,BMRI.JK,logistic_regression,0.49167,0,HOLD
2025-03-06,BMRI.JK,logistic_regression,0.41695,0,SELL
2025-03-07,BMRI.JK,logistic_regression,0.47493,0,HOLD
2025-03-10,BMRI.JK,logistic_regression,0.54534,1,HOLD
2025-03-11,BMRI.JK,logistic_regression,0.46665,0,HOLD
2025-03-12,BMRI.JK,logistic_regression,0.39858,0,SELL
2025-03-13,BMRI.JK,logistic_regression,0.46279,0,HOLD
2025-03-14,BMRI.JK,logistic_regression,0.49827,0,HOLD
2025-03-17,BMRI.JK,logistic_regression,0.45838,0,HOLD
2025-03-18,BMRI.JK,logistic_regression,0.51935,1,HOLD
2025-03-19,BMRI.JK,logistic_regression,0.47388,0,HOLD
2025-03-20,BMRI.JK,logistic_regression,0.42444,0,SELL
2025-03-21,BMRI.JK,logistic_regression,0.57307,1,BUY
2025-03-24,BMRI.JK,logistic_regression,0.49899,0,HOLD
2025-03-25,BMRI.JK,logistic_regression,0.38172,0,SELL
2025-03-26,BMRI.JK,logistic_regression,0.40857,0,SELL
2025-03-27,BMRI.JK,logistic_regression,0.40565,0,SELL
2025-04-08,BMRI.JK,logistic_regression,0.63291,1,BUY
2025-04-09,BMRI.JK,logistic_regression,0.55273,1,BUY
2025-04-10,BMRI.JK,logistic_regression,0.38447,0,SELL
2025-04-11,BMRI.JK,logistic_regression,0.45994,0,HOLD
2025-04-14,BMRI.JK,logistic_regression,0.42612,0,SELL
2025-04-15,BMRI.JK,logistic_regression,0.3599,0,SELL
2025-04-16,BMRI.JK,logistic_regression,0.47438,0,HOLD
2025-04-17,BMRI.JK,logistic_regression,0.49068,0,HOLD
2025-04-21,BMRI.JK,logistic_regression,0.45654,0,HOLD
2025-04-22,BMRI.JK,logistic_regression,0.43962,0,SELL
2025-04-23,BMRI.JK,logistic_regression,0.379,0,SELL
2025-04-24,BMRI.JK,logistic_regression,0.4196,0,SELL
2025-04-25,BMRI.JK,logistic_regression,0.43531,0,SELL
2025-04-28,BMRI.JK,logistic_regression,0.41214,0,SELL
2025-04-29,BMRI.JK,logistic_regression,0.44596,0,SELL
2025-04-30,BMRI.JK,logistic_regression,0.49421,0,HOLD
2025-05-02,BMRI.JK,logistic_regression,0.40784,0,SELL
2025-05-05,BMRI.JK,logistic_regression,0.41301,0,SELL
2025-05-06,BMRI.JK,logistic_regression,0.43626,0,SELL
2025-05-07,BMRI.JK,logistic_regression,0.43071,0,SELL
2025-05-08,BMRI.JK,logistic_regression,0.52067,1,HOLD
2025-05-09,BMRI.JK,logistic_regression,0.51334,1,HOLD
2025-05-14,BMRI.JK,logistic_regression,0.39386,0,SELL
2025-05-15,BMRI.JK,logistic_regression,0.39519,0,SELL
2025-05-16,BMRI.JK,logistic_regression,0.4035,0,SELL
2025-05-19,BMRI.JK,logistic_regression,0.41812,0,SELL
2025-05-20,BMRI.JK,logistic_regression,0.47389,0,HOLD
2025-05-21,BMRI.JK,logistic_regression,0.48777,0,HOLD
2025-05-22,BMRI.JK,logistic_regression,0.44559,0,SELL
2025-05-23,BMRI.JK,logistic_regression,0.44471,0,SELL
2025-05-26,BMRI.JK,logistic_regression,0.40691,0,SELL
2025-05-27,BMRI.JK,logistic_regression,0.41013,0,SELL
2025-05-28,BMRI.JK,logistic_regression,0.49132,0,HOLD
2025-06-02,BMRI.JK,logistic_regression,0.54784,1,HOLD
2025-06-03,BMRI.JK,logistic_regression,0.49727,0,HOLD
2025-06-04,BMRI.JK,logistic_regression,0.47116,0,HOLD
2025-06-05,BMRI.JK,logistic_regression,0.44715,0,SELL
2025-06-10,BMRI.JK,logistic_regression,0.38734,0,SELL
2025-06-11,BMRI.JK,logistic_regression,0.39755,0,SELL
2025-06-12,BMRI.JK,logistic_regression,0.4585,0,HOLD
2025-06-13,BMRI.JK,logistic_regression,0.45268,0,HOLD
2025-06-16,BMRI.JK,logistic_regression,0.4471,0,SELL
2025-06-17,BMRI.JK,logistic_regression,0.46692,0,HOLD
2025-06-18,BMRI.JK,logistic_regression,0.44984,0,SELL
2025-06-19,BMRI.JK,logistic_regression,0.47487,0,HOLD
2025-06-20,BMRI.JK,logistic_regression,0.50609,1,HOLD
2025-06-23,BMRI.JK,logistic_regression,0.44566,0,SELL
2025-06-24,BMRI.JK,logistic_regression,0.40353,0,SELL
2025-06-25,BMRI.JK,logistic_regression,0.47946,0,HOLD
2025-06-26,BMRI.JK,logistic_regression,0.42092,0,SELL
2025-06-30,BMRI.JK,logistic_regression,0.46495,0,HOLD
2025-07-01,BMRI.JK,logistic_regression,0.5569,1,BUY
2025-07-02,BMRI.JK,logistic_regression,0.46811,0,HOLD
2025-07-03,BMRI.JK,logistic_regression,0.44437,0,SELL
2025-07-04,BMRI.JK,logistic_regression,0.47182,0,HOLD
2025-07-07,BMRI.JK,logistic_regression,0.42838,0,SELL
2025-07-08,BMRI.JK,logistic_regression,0.45454,0,HOLD
2025-07-09,BMRI.JK,logistic_regression,0.46782,0,HOLD
2025-07-10,BMRI.JK,logistic_regression,0.41578,0,SELL
2025-07-11,BMRI.JK,logistic_regression,0.38776,0,SELL
2025-07-14,BMRI.JK,logistic_regression,0.54524,1,HOLD
2025-07-15,BMRI.JK,logistic_regression,0.51947,1,HOLD
2025-07-16,BMRI.JK,logistic_regression,0.44182,0,SELL
2025-07-17,BMRI.JK,logistic_regression,0.44541,0,SELL
2025-07-18,BMRI.JK,logistic_regression,0.41413,0,SELL
2025-07-21,BMRI.JK,logistic_regression,0.42207,0,SELL
2025-07-22,BMRI.JK,logistic_regression,0.45867,0,HOLD
2025-07-23,BMRI.JK,logistic_regression,0.42171,0,SELL
2025-07-24,BMRI.JK,logistic_regression,0.40057,0,SELL
2025-07-25,BMRI.JK,logistic_regression,0.45296,0,HOLD
2025-07-28,BMRI.JK,logistic_regression,0.45093,0,HOLD
2025-07-29,BMRI.JK,logistic_regression,0.40062,0,SELL
2025-07-30,BMRI.JK,logistic_regression,0.47974,0,HOLD
2025-07-31,BMRI.JK,logistic_regression,0.49329,0,HOLD
2025-08-01,BMRI.JK,logistic_regression,0.4326,0,SELL
2025-08-04,BMRI.JK,logistic_regression,0.40353,0,SELL
2025-08-05,BMRI.JK,logistic_regression,0.372,0,SELL
2025-08-06,BMRI.JK,logistic_regression,0.41291,0,SELL
2025-08-07,BMRI.JK,logistic_regression,0.4573,0,HOLD
2025-08-08,BMRI.JK,logistic_regression,0.44717,0,SELL
2025-08-11,BMRI.JK,logistic_regression,0.43819,0,SELL
2025-08-12,BMRI.JK,logistic_regression,0.41677,0,SELL
2025-08-13,BMRI.JK,logistic_regression,0.4287,0,SELL
2025-08-14,BMRI.JK,logistic_regression,0.4581,0,HOLD
2025-08-15,BMRI.JK,logistic_regression,0.42608,0,SELL
2025-08-19,BMRI.JK,logistic_regression,0.47034,0,HOLD
2025-08-20,BMRI.JK,logistic_regression,0.42687,0,SELL
2025-08-21,BMRI.JK,logistic_regression,0.41638,0,SELL
2025-08-22,BMRI.JK,logistic_regression,0.46034,0,HOLD
2025-08-25,BMRI.JK,logistic_regression,0.42507,0,SELL
2025-08-26,BMRI.JK,logistic_regression,0.50185,1,HOLD
2025-08-27,BMRI.JK,logistic_regression,0.54845,1,HOLD
2025-08-28,BMRI.JK,logistic_regression,0.49228,0,HOLD
2025-08-29,BMRI.JK,logistic_regression,0.49914,0,HOLD
2025-09-01,BMRI.JK,logistic_regression,0.5394,1,HOLD
2025-09-02,BMRI.JK,logistic_regression,0.4866,0,HOLD
2025-09-03,BMRI.JK,logistic_regression,0.44777,0,SELL
2025-09-04,BMRI.JK,logistic_regression,0.43371,0,SELL
2025-09-08,BMRI.JK,logistic_regression,0.52369,1,HOLD
2025-09-09,BMRI.JK,logistic_regression,0.58673,1,BUY
2025-09-10,BMRI.JK,logistic_regression,0.48763,0,HOLD
2025-09-11,BMRI.JK,logistic_regression,0.47464,0,HOLD
2025-09-12,BMRI.JK,logistic_regression,0.47229,0,HOLD
2025-09-15,BMRI.JK,logistic_regression,0.44523,0,SELL
2025-09-16,BMRI.JK,logistic_regression,0.44972,0,SELL
2025-09-17,BMRI.JK,logistic_regression,0.49203,0,HOLD
2025-09-18,BMRI.JK,logistic_regression,0.49125,0,HOLD
2025-09-19,BMRI.JK,logistic_regression,0.5351,1,HOLD
2025-09-22,BMRI.JK,logistic_regression,0.43727,0,SELL
2025-09-23,BMRI.JK,logistic_regression,0.43293,0,SELL
2025-09-24,BMRI.JK,logistic_regression,0.45836,0,HOLD
2025-09-25,BMRI.JK,logistic_regression,0.44557,0,SELL
2025-09-26,BMRI.JK,logistic_regression,0.41469,0,SELL
2025-09-29,BMRI.JK,logistic_regression,0.43948,0,SELL
2025-09-30,BMRI.JK,logistic_regression,0.45941,0,HOLD
2025-10-01,BMRI.JK,logistic_regression,0.4555,0,HOLD
2025-10-02,BMRI.JK,logistic_regression,0.45587,0,HOLD
2025-10-03,BMRI.JK,logistic_regression,0.47036,0,HOLD
2025-10-06,BMRI.JK,logistic_regression,0.47065,0,HOLD
2025-10-07,BMRI.JK,logistic_regression,0.44888,0,SELL
2025-10-08,BMRI.JK,logistic_regression,0.45377,0,HOLD
2025-10-09,BMRI.JK,logistic_regression,0.39824,0,SELL
2025-10-10,BMRI.JK,logistic_regression,0.49996,0,HOLD
2025-10-13,BMRI.JK,logistic_regression,0.55753,1,BUY
2025-10-14,BMRI.JK,logistic_regression,0.51722,1,HOLD
2025-10-15,BMRI.JK,logistic_regression,0.53916,1,HOLD
2025-10-16,BMRI.JK,logistic_regression,0.47775,0,HOLD
2025-10-17,BMRI.JK,logistic_regression,0.50887,1,HOLD
2025-10-20,BMRI.JK,logistic_regression,0.44244,0,SELL
2025-10-21,BMRI.JK,logistic_regression,0.37886,0,SELL
2025-10-22,BMRI.JK,logistic_regression,0.50019,1,HOLD
2025-10-23,BMRI.JK,logistic_regression,0.45209,0,HOLD
2025-10-24,BMRI.JK,logistic_regression,0.47397,0,HOLD
2025-10-27,BMRI.JK,logistic_regression,0.51373,1,HOLD
2025-10-28,BMRI.JK,logistic_regression,0.45494,0,HOLD
2025-10-29,BMRI.JK,logistic_regression,0.38835,0,SELL
2025-10-30,BMRI.JK,logistic_regression,0.46067,0,HOLD
2025-10-31,BMRI.JK,logistic_regression,0.45831,0,HOLD
2025-11-03,BMRI.JK,logistic_regression,0.4328,0,SELL
2025-11-04,BMRI.JK,logistic_regression,0.43341,0,SELL
2025-11-05,BMRI.JK,logistic_regression,0.45775,0,HOLD
2025-11-06,BMRI.JK,logistic_regression,0.43777,0,SELL
2025-11-07,BMRI.JK,logistic_regression,0.44734,0,SELL
2025-11-10,BMRI.JK,logistic_regression,0.44778,0,SELL
2025-11-11,BMRI.JK,logistic_regression,0.47922,0,HOLD
2025-11-12,BMRI.JK,logistic_regression,0.44973,0,SELL
2025-11-13,BMRI.JK,logistic_regression,0.45898,0,HOLD
2025-11-14,BMRI.JK,logistic_regression,0.45006,0,HOLD
2025-11-17,BMRI.JK,logistic_regression,0.41198,0,SELL
2025-11-18,BMRI.JK,logistic_regression,0.47153,0,HOLD
2025-11-19,BMRI.JK,logistic_regression,0.43331,0,SELL
2025-11-20,BMRI.JK,logistic_regression,0.43687,0,SELL
2025-11-21,BMRI.JK,logistic_regression,0.45548,0,HOLD
2025-11-24,BMRI.JK,logistic_regression,0.46156,0,HOLD
2025-11-25,BMRI.JK,logistic_regression,0.43835,0,SELL
2025-11-26,BMRI.JK,logistic_regression,0.47097,0,HOLD
2025-11-27,BMRI.JK,logistic_regression,0.50712,1,HOLD
2025-11-28,BMRI.JK,logistic_regression,0.51702,1,HOLD
2025-12-01,BMRI.JK,logistic_regression,0.44298,0,SELL
2025-12-02,BMRI.JK,logistic_regression,0.43555,0,SELL
2025-12-03,BMRI.JK,logistic_regression,0.43229,0,SELL
2025-12-04,BMRI.JK,logistic_regression,0.40112,0,SELL
2025-12-05,BMRI.JK,logistic_regression,0.4413,0,SELL
2025-12-08,BMRI.JK,logistic_regression,0.41923,0,SELL
2025-12-09,BMRI.JK,logistic_regression,0.46313,0,HOLD
2025-12-10,BMRI.JK,logistic_regression,0.41671,0,SELL
2025-12-11,BMRI.JK,logistic_regression,0.41593,0,SELL
2025-12-12,BMRI.JK,logistic_regression,0.51846,1,HOLD
2025-12-15,BMRI.JK,logistic_regression,0.36502,0,SELL
2025-12-16,BMRI.JK,logistic_regression,0.34907,0,SELL
2025-12-17,BMRI.JK,logistic_regression,0.43425,0,SELL
2025-12-18,BMRI.JK,logistic_regression,0.4048,0,SELL
2025-12-19,BMRI.JK,logistic_regression,0.4111,0,SELL
2025-12-22,BMRI.JK,logistic_regression,0.47821,0,HOLD
2025-12-23,BMRI.JK,logistic_regression,0.45857,0,HOLD
2025-12-24,BMRI.JK,logistic_regression,0.43201,0,SELL
2025-12-29,BMRI.JK,logistic_regression,0.42122,0,SELL
2025-12-30,BMRI.JK,logistic_regression,0.40559,0,SELL
2026-01-02,BMRI.JK,logistic_regression,0.41561,0,SELL
2026-01-05,BMRI.JK,logistic_regression,0.4531,0,HOLD
2026-01-06,BMRI.JK,logistic_regression,0.49464,0,HOLD
2026-01-07,BMRI.JK,logistic_regression,0.54625,1,HOLD
2026-01-08,BMRI.JK,logistic_regression,0.5045,1,HOLD
2026-01-09,BMRI.JK,logistic_regression,0.46741,0,HOLD
2026-01-12,BMRI.JK,logistic_regression,0.4345,0,SELL
2026-01-13,BMRI.JK,logistic_regression,0.39723,0,SELL
2026-01-14,BMRI.JK,logistic_regression,0.42275,0,SELL
2026-01-15,BMRI.JK,logistic_regression,0.40758,0,SELL
2026-01-19,BMRI.JK,logistic_regression,0.41113,0,SELL
2026-01-20,BMRI.JK,logistic_regression,0.43844,0,SELL
2026-01-21,BMRI.JK,logistic_regression,0.44916,0,SELL
2026-01-22,BMRI.JK,logistic_regression,0.46838,0,HOLD
2026-01-23,BMRI.JK,logistic_regression,0.44728,0,SELL
2026-01-26,BMRI.JK,logistic_regression,0.50701,1,HOLD
2026-01-27,BMRI.JK,logistic_regression,0.52837,1,HOLD
2026-01-28,BMRI.JK,logistic_regression,0.57914,1,BUY
2026-01-29,BMRI.JK,logistic_regression,0.56859,1,BUY
2026-01-30,BMRI.JK,logistic_regression,0.39554,0,SELL
2026-02-02,BMRI.JK,logistic_regression,0.43529,0,SELL
2026-02-03,BMRI.JK,logistic_regression,0.43847,0,SELL
2026-02-04,BMRI.JK,logistic_regression,0.38093,0,SELL
2026-02-05,BMRI.JK,logistic_regression,0.4206,0,SELL
2026-02-06,BMRI.JK,logistic_regression,0.48418,0,HOLD
2026-02-09,BMRI.JK,logistic_regression,0.43974,0,SELL
2026-02-10,BMRI.JK,logistic_regression,0.42126,0,SELL
2026-02-11,BMRI.JK,logistic_regression,0.4329,0,SELL
2026-02-12,BMRI.JK,logistic_regression,0.4227,0,SELL
2026-02-13,BMRI.JK,logistic_regression,0.40523,0,SELL
2026-02-18,BMRI.JK,logistic_regression,0.40562,0,SELL
2026-02-19,BMRI.JK,logistic_regression,0.4355,0,SELL
2026-02-20,BMRI.JK,logistic_regression,0.4557,0,HOLD
2026-02-23,BMRI.JK,logistic_regression,0.36327,0,SELL
2026-02-24,BMRI.JK,logistic_regression,0.39847,0,SELL
2026-02-25,BMRI.JK,logistic_regression,0.45279,0,HOLD
2026-02-26,BMRI.JK,logistic_regression,0.4051,0,SELL
2026-02-27,BMRI.JK,logistic_regression,0.44616,0,SELL
2026-03-02,BMRI.JK,logistic_regression,0.56547,1,BUY
2026-03-03,BMRI.JK,logistic_regression,0.47646,0,HOLD
2026-03-04,BMRI.JK,logistic_regression,0.46855,0,HOLD
2026-03-05,BMRI.JK,logistic_regression,0.40386,0,SELL
2026-03-06,BMRI.JK,logistic_regression,0.44057,0,SELL
2026-03-09,BMRI.JK,logistic_regression,0.54604,1,HOLD
2026-03-10,BMRI.JK,logistic_regression,0.42744,0,SELL
2026-03-11,BMRI.JK,logistic_regression,0.42438,0,SELL
2026-03-12,BMRI.JK,logistic_regression,0.45436,0,HOLD
2026-03-13,BMRI.JK,logistic_regression,0.4825,0,HOLD
2026-03-16,BMRI.JK,logistic_regression,0.48531,0,HOLD
2026-03-17,BMRI.JK,logistic_regression,0.46381,0,HOLD
2026-03-25,BMRI.JK,logistic_regression,0.45538,0,HOLD
2026-03-26,BMRI.JK,logistic_regression,0.42684,0,SELL
2026-03-27,BMRI.JK,logistic_regression,0.47491,0,HOLD
2026-03-30,BMRI.JK,logistic_regression,0.46156,0,HOLD
2026-03-31,BMRI.JK,logistic_regression,0.47648,0,HOLD
2026-04-01,BMRI.JK,logistic_regression,0.45708,0,HOLD
2026-04-02,BMRI.JK,logistic_regression,0.45235,0,HOLD
2026-04-06,BMRI.JK,logistic_regression,0.43732,0,SELL
2026-04-07,BMRI.JK,logistic_regression,0.45465,0,HOLD
2026-04-08,BMRI.JK,logistic_regression,0.3909,0,SELL
2026-04-09,BMRI.JK,logistic_regression,0.44025,0,SELL
2026-04-10,BMRI.JK,logistic_regression,0.43466,0,SELL
2026-04-13,BMRI.JK,logistic_regression,0.41993,0,SELL
2026-04-14,BMRI.JK,logistic_regression,0.42032,0,SELL
2026-04-15,BMRI.JK,logistic_regression,0.43244,0,SELL
2026-04-16,BMRI.JK,logistic_regression,0.44804,0,SELL
2026-04-17,BMRI.JK,logistic_regression,0.43633,0,SELL
2026-04-20,BMRI.JK,logistic_regression,0.438,0,SELL
2026-04-21,BMRI.JK,logistic_regression,0.40758,0,SELL
2026-04-22,BMRI.JK,logistic_regression,0.36395,0,SELL
2026-04-23,BMRI.JK,logistic_regression,0.49815,0,HOLD
2026-04-24,BMRI.JK,logistic_regression,0.59444,1,BUY
2026-04-27,BMRI.JK,logistic_regression,0.52095,1,HOLD
2026-04-28,BMRI.JK,logistic_regression,0.4857,0,HOLD
2026-04-29,BMRI.JK,logistic_regression,0.46863,0,HOLD
2026-04-30,BMRI.JK,logistic_regression,0.48307,0,HOLD
2026-05-04,BMRI.JK,logistic_regression,0.4503,0,HOLD
2026-05-05,BMRI.JK,logistic_regression,0.42675,0,SELL
2026-05-06,BMRI.JK,logistic_regression,0.44872,0,SELL
2026-05-07,BMRI.JK,logistic_regression,0.43477,0,SELL
2026-05-08,BMRI.JK,logistic_regression,0.46465,0,HOLD
2026-05-11,BMRI.JK,logistic_regression,0.51143,1,HOLD
2026-05-12,BMRI.JK,logistic_regression,0.46426,0,HOLD
2026-05-13,BMRI.JK,logistic_regression,0.48552,0,HOLD
2026-05-18,BMRI.JK,logistic_regression,0.53103,1,HOLD
2026-05-19,BMRI.JK,logistic_regression,0.48721,0,HOLD
2026-05-20,BMRI.JK,logistic_regression,0.4144,0,SELL
2026-05-21,BMRI.JK,logistic_regression,0.44154,0,SELL
2026-05-22,BMRI.JK,logistic_regression,0.51021,1,HOLD
2026-05-25,BMRI.JK,logistic_regression,0.40755,0,SELL
2026-05-26,BMRI.JK,logistic_regression,0.47894,0,HOLD
2026-05-29,BMRI.JK,logistic_regression,0.57373,1,BUY
2026-06-02,BMRI.JK,logistic_regression,0.41222,0,SELL
2026-06-03,BMRI.JK,logistic_regression,0.48831,0,HOLD
2026-06-04,BMRI.JK,logistic_regression,0.54236,1,HOLD
2026-06-05,BMRI.JK,logistic_regression,0.49061,0,HOLD
2026-06-08,BMRI.JK,logistic_regression,0.52624,1,HOLD
2026-06-09,BMRI.JK,logistic_regression,0.42142,0,SELL
2026-06-10,BMRI.JK,logistic_regression,0.3137,0,SELL
2026-06-11,BMRI.JK,logistic_regression,0.45832,0,HOLD
2026-06-12,BMRI.JK,logistic_regression,0.43813,0,SELL
2026-06-15,BMRI.JK,logistic_regression,0.3984,0,SELL
2026-06-17,BMRI.JK,logistic_regression,0.46423,0,HOLD
2026-06-18,BMRI.JK,logistic_regression,0.48384,0,HOLD
2026-06-19,BMRI.JK,logistic_regression,0.46258,0,HOLD
2026-06-22,BMRI.JK,logistic_regression,0.45836,0,HOLD
2026-06-23,BMRI.JK,logistic_regression,0.48626,0,HOLD
2026-06-24,BMRI.JK,logistic_regression,0.48378,0,HOLD
2026-06-25,BMRI.JK,logistic_regression,0.46275,0,HOLD
2026-06-26,BMRI.JK,logistic_regression,0.42151,0,SELL
2026-06-29,BMRI.JK,logistic_regression,0.45086,0,HOLD
2026-06-30,BMRI.JK,logistic_regression,0.49765,0,HOLD
2026-07-01,BMRI.JK,logistic_regression,0.47776,0,HOLD
2026-07-02,BMRI.JK,logistic_regression,0.44556,0,SELL
2026-07-03,BMRI.JK,logistic_regression,0.39058,0,SELL
2026-07-06,BMRI.JK,logistic_regression,0.41735,0,SELL
2026-07-07,BMRI.JK,logistic_regression,0.41927,0,SELL
2026-07-08,BMRI.JK,logistic_regression,0.45375,0,HOLD
2026-07-09,BMRI.JK,logistic_regression,0.46041,0,HOLD
2026-07-10,BMRI.JK,logistic_regression,0.38983,0,SELL
2026-07-13,BMRI.JK,logistic_regression,0.38848,0,SELL
2026-07-14,BMRI.JK,logistic_regression,0.44865,0,SELL
2026-07-15,BMRI.JK,logistic_regression,0.44715,0,SELL
2026-07-16,BMRI.JK,logistic_regression,0.38277,0,SELL
2026-07-17,BMRI.JK,logistic_regression,0.44554,0,SELL
2026-07-20,BMRI.JK,logistic_regression,0.46137,0,HOLD
2026-07-21,BMRI.JK,logistic_regression,0.43105,0,SELL
2026-07-22,BMRI.JK,logistic_regression,0.43966,0,SELL
2026-07-23,BMRI.JK,logistic_regression,0.49176,0,HOLD
2026-07-24,BMRI.JK,logistic_regression,0.58907,1,BUY
2026-07-27,BMRI.JK,logistic_regression,0.52304,1,HOLD
2026-07-28,BMRI.JK,logistic_regression,0.454,0,HOLD
2026-07-29,BMRI.JK,logistic_regression,0.48498,0,HOLD
2026-07-30,BMRI.JK,logistic_regression,0.41843,0,SELL
2026-07-31,BMRI.JK,logistic_regression,0.41146,0,SELL
2026-08-03,BMRI.JK,logistic_regression,0.46016,0,HOLD
2026-08-04,BMRI.JK,logistic_regression,0.42591,0,SELL
2026-08-05,BMRI.JK,logistic_regression,0.44964,0,SELL
2026-08-06,BMRI.JK,logistic_regression,0.4866,0,HOLD
2026-08-07,BMRI.JK,logistic_regression,0.4176,0,SELL
2026-08-10,BMRI.JK,logistic_regression,0.45968,0,HOLD
2026-08-11,BMRI.JK,logistic_regression,0.50065,1,HOLD
2026-08-12,BMRI.JK,logistic_regression,0.43307,0,SELL
2026-08-13,BMRI.JK,logistic_regression,0.4308,0,SELL
2026-08-14,BMRI.JK,logistic_regression,0.42271,0,SELL
2026-08-18,BMRI.JK,logistic_regression,0.43892,0,SELL
2026-08-19,BMRI.JK,logistic_regression,0.46929,0,HOLD
2026-08-20,BMRI.JK,logistic_regression,0.44001,0,SELL
2026-08-21,BMRI.JK,logistic_regression,0.38394,0,SELL
2026-08-24,BMRI.JK,logistic_regression,0.43503,0,SELL
2026-08-26,BMRI.JK,logistic_regression,0.51619,1,HOLD
2026-08-27,BMRI.JK,logistic_regression,0.41273,0,SELL
2026-08-28,BMRI.JK,logistic_regression,0.38451,0,SELL
2026-08-31,BMRI.JK,logistic_regression,0.49559,0,HOLD
2025-01-02,TLKM.JK,logistic_regression,0.48346,0,HOLD
2025-01-03,TLKM.JK,logistic_regression,0.43866,0,SELL
2025-01-06,TLKM.JK,logistic_regression,0.47056,0,HOLD
2025-01-07,TLKM.JK,logistic_regression,0.54642,1,HOLD
2025-01-08,TLKM.JK,logistic_regression,0.43598,0,SELL
2025-01-09,TLKM.JK,logistic_regression,0.41212,0,SELL
2025-01-10,TLKM.JK,logistic_regression,0.44722,0,SELL
2025-01-13,TLKM.JK,logistic_regression,0.42182,0,SELL
2025-01-14,TLKM.JK,logistic_regression,0.4899,0,HOLD
2025-01-15,TLKM.JK,logistic_regression,0.49493,0,HOLD
2025-01-16,TLKM.JK,logistic_regression,0.49123,0,HOLD
2025-01-17,TLKM.JK,logistic_regression,0.44944,0,SELL
2025-01-20,TLKM.JK,logistic_regression,0.43308,0,SELL
2025-01-21,TLKM.JK,logistic_regression,0.45733,0,HOLD
2025-01-22,TLKM.JK,logistic_regression,0.36008,0,SELL
2025-01-23,TLKM.JK,logistic_regression,0.40735,0,SELL
2025-01-24,TLKM.JK,logistic_regression,0.48038,0,HOLD
2025-01-30,TLKM.JK,logistic_regression,0.50699,1,HOLD
2025-01-31,TLKM.JK,logistic_regression,0.47703,0,HOLD
2025-02-03,TLKM.JK,logistic_regression,0.48406,0,HOLD
2025-02-04,TLKM.JK,logistic_regression,0.45798,0,HOLD
2025-02-05,TLKM.JK,logistic_regression,0.47578,0,HOLD
2025-02-06,TLKM.JK,logistic_regression,0.49508,0,HOLD
2025-02-07,TLKM.JK,logistic_regression,0.47382,0,HOLD
2025-02-10,TLKM.JK,logistic_regression,0.54381,1,HOLD
2025-02-11,TLKM.JK,logistic_regression,0.58144,1,BUY
2025-02-12,TLKM.JK,logistic_regression,0.43503,0,SELL
2025-02-13,TLKM.JK,logistic_regression,0.4856,0,HOLD
2025-02-14,TLKM.JK,logistic_regression,0.49152,0,HOLD
2025-02-17,TLKM.JK,logistic_regression,0.32444,0,SELL
2025-02-18,TLKM.JK,logistic_regression,0.40954,0,SELL
2025-02-19,TLKM.JK,logistic_regression,0.49497,0,HOLD
2025-02-20,TLKM.JK,logistic_regression,0.45223,0,HOLD
2025-02-21,TLKM.JK,logistic_regression,0.48789,0,HOLD
2025-02-24,TLKM.JK,logistic_regression,0.48895,0,HOLD
2025-02-25,TLKM.JK,logistic_regression,0.52183,1,HOLD
2025-02-26,TLKM.JK,logistic_regression,0.44052,0,SELL
2025-02-27,TLKM.JK,logistic_regression,0.41159,0,SELL
2025-02-28,TLKM.JK,logistic_regression,0.55512,1,BUY
2025-03-03,TLKM.JK,logistic_regression,0.46754,0,HOLD
2025-03-04,TLKM.JK,logistic_regression,0.41917,0,SELL
2025-03-05,TLKM.JK,logistic_regression,0.48145,0,HOLD
2025-03-06,TLKM.JK,logistic_regression,0.4351,0,SELL
2025-03-07,TLKM.JK,logistic_regression,0.46862,0,HOLD
2025-03-10,TLKM.JK,logistic_regression,0.4545,0,HOLD
2025-03-11,TLKM.JK,logistic_regression,0.47749,0,HOLD
2025-03-12,TLKM.JK,logistic_regression,0.42431,0,SELL
2025-03-13,TLKM.JK,logistic_regression,0.40729,0,SELL
2025-03-14,TLKM.JK,logistic_regression,0.46222,0,HOLD
2025-03-17,TLKM.JK,logistic_regression,0.42745,0,SELL
2025-03-18,TLKM.JK,logistic_regression,0.43701,0,SELL
2025-03-19,TLKM.JK,logistic_regression,0.44312,0,SELL
2025-03-20,TLKM.JK,logistic_regression,0.46297,0,HOLD
2025-03-21,TLKM.JK,logistic_regression,0.56547,1,BUY
2025-03-24,TLKM.JK,logistic_regression,0.44548,0,SELL
2025-03-25,TLKM.JK,logistic_regression,0.42077,0,SELL
2025-03-26,TLKM.JK,logistic_regression,0.41189,0,SELL
2025-03-27,TLKM.JK,logistic_regression,0.41404,0,SELL
2025-04-08,TLKM.JK,logistic_regression,0.6494,1,BUY
2025-04-09,TLKM.JK,logistic_regression,0.45452,0,HOLD
2025-04-10,TLKM.JK,logistic_regression,0.41997,0,SELL
2025-04-11,TLKM.JK,logistic_regression,0.50337,1,HOLD
2025-04-14,TLKM.JK,logistic_regression,0.4112,0,SELL
2025-04-15,TLKM.JK,logistic_regression,0.36843,0,SELL
2025-04-16,TLKM.JK,logistic_regression,0.45907,0,HOLD
2025-04-17,TLKM.JK,logistic_regression,0.46089,0,HOLD
2025-04-21,TLKM.JK,logistic_regression,0.4167,0,SELL
2025-04-22,TLKM.JK,logistic_regression,0.45519,0,HOLD
2025-04-23,TLKM.JK,logistic_regression,0.40435,0,SELL
2025-04-24,TLKM.JK,logistic_regression,0.40087,0,SELL
2025-04-25,TLKM.JK,logistic_regression,0.46474,0,HOLD
2025-04-28,TLKM.JK,logistic_regression,0.44056,0,SELL
2025-04-29,TLKM.JK,logistic_regression,0.43952,0,SELL
2025-04-30,TLKM.JK,logistic_regression,0.43036,0,SELL
2025-05-02,TLKM.JK,logistic_regression,0.43969,0,SELL
2025-05-05,TLKM.JK,logistic_regression,0.42166,0,SELL
2025-05-06,TLKM.JK,logistic_regression,0.45043,0,HOLD
2025-05-07,TLKM.JK,logistic_regression,0.51421,1,HOLD
2025-05-08,TLKM.JK,logistic_regression,0.55227,1,BUY
2025-05-09,TLKM.JK,logistic_regression,0.47148,0,HOLD
2025-05-14,TLKM.JK,logistic_regression,0.48775,0,HOLD
2025-05-15,TLKM.JK,logistic_regression,0.41368,0,SELL
2025-05-16,TLKM.JK,logistic_regression,0.33861,0,SELL
2025-05-19,TLKM.JK,logistic_regression,0.43049,0,SELL
2025-05-20,TLKM.JK,logistic_regression,0.49287,0,HOLD
2025-05-21,TLKM.JK,logistic_regression,0.49232,0,HOLD
2025-05-22,TLKM.JK,logistic_regression,0.42634,0,SELL
2025-05-23,TLKM.JK,logistic_regression,0.53177,1,HOLD
2025-05-26,TLKM.JK,logistic_regression,0.45498,0,HOLD
2025-05-27,TLKM.JK,logistic_regression,0.38757,0,SELL
2025-05-28,TLKM.JK,logistic_regression,0.53208,1,HOLD
2025-06-02,TLKM.JK,logistic_regression,0.47972,0,HOLD
2025-06-03,TLKM.JK,logistic_regression,0.42794,0,SELL
2025-06-04,TLKM.JK,logistic_regression,0.44042,0,SELL
2025-06-05,TLKM.JK,logistic_regression,0.41672,0,SELL
2025-06-10,TLKM.JK,logistic_regression,0.40636,0,SELL
2025-06-11,TLKM.JK,logistic_regression,0.39521,0,SELL
2025-06-12,TLKM.JK,logistic_regression,0.40931,0,SELL
2025-06-13,TLKM.JK,logistic_regression,0.45517,0,HOLD
2025-06-16,TLKM.JK,logistic_regression,0.41544,0,SELL
2025-06-17,TLKM.JK,logistic_regression,0.39402,0,SELL
2025-06-18,TLKM.JK,logistic_regression,0.40547,0,SELL
2025-06-19,TLKM.JK,logistic_regression,0.4575,0,HOLD
2025-06-20,TLKM.JK,logistic_regression,0.49732,0,HOLD
2025-06-23,TLKM.JK,logistic_regression,0.47686,0,HOLD
2025-06-24,TLKM.JK,logistic_regression,0.45191,0,HOLD
2025-06-25,TLKM.JK,logistic_regression,0.4005,0,SELL
2025-06-26,TLKM.JK,logistic_regression,0.36212,0,SELL
2025-06-30,TLKM.JK,logistic_regression,0.32807,0,SELL
2025-07-01,TLKM.JK,logistic_regression,0.3661,0,SELL
2025-07-02,TLKM.JK,logistic_regression,0.44194,0,SELL
2025-07-03,TLKM.JK,logistic_regression,0.49522,0,HOLD
2025-07-04,TLKM.JK,logistic_regression,0.52349,1,HOLD
2025-07-07,TLKM.JK,logistic_regression,0.40658,0,SELL
2025-07-08,TLKM.JK,logistic_regression,0.41571,0,SELL
2025-07-09,TLKM.JK,logistic_regression,0.42739,0,SELL
2025-07-10,TLKM.JK,logistic_regression,0.36349,0,SELL
2025-07-11,TLKM.JK,logistic_regression,0.37816,0,SELL
2025-07-14,TLKM.JK,logistic_regression,0.45774,0,HOLD
2025-07-15,TLKM.JK,logistic_regression,0.47601,0,HOLD
2025-07-16,TLKM.JK,logistic_regression,0.45058,0,HOLD
2025-07-17,TLKM.JK,logistic_regression,0.34865,0,SELL
2025-07-18,TLKM.JK,logistic_regression,0.36663,0,SELL
2025-07-21,TLKM.JK,logistic_regression,0.38999,0,SELL
2025-07-22,TLKM.JK,logistic_regression,0.38484,0,SELL
2025-07-23,TLKM.JK,logistic_regression,0.42935,0,SELL
2025-07-24,TLKM.JK,logistic_regression,0.45778,0,HOLD
2025-07-25,TLKM.JK,logistic_regression,0.43864,0,SELL
2025-07-28,TLKM.JK,logistic_regression,0.38988,0,SELL
2025-07-29,TLKM.JK,logistic_regression,0.3878,0,SELL
2025-07-30,TLKM.JK,logistic_regression,0.44172,0,SELL
2025-07-31,TLKM.JK,logistic_regression,0.50576,1,HOLD
2025-08-01,TLKM.JK,logistic_regression,0.4149,0,SELL
2025-08-04,TLKM.JK,logistic_regression,0.39959,0,SELL
2025-08-05,TLKM.JK,logistic_regression,0.43835,0,SELL
2025-08-06,TLKM.JK,logistic_regression,0.46053,0,HOLD
2025-08-07,TLKM.JK,logistic_regression,0.45698,0,HOLD
2025-08-08,TLKM.JK,logistic_regression,0.45853,0,HOLD
2025-08-11,TLKM.JK,logistic_regression,0.40017,0,SELL
2025-08-12,TLKM.JK,logistic_regression,0.4049,0,SELL
2025-08-13,TLKM.JK,logistic_regression,0.47691,0,HOLD
2025-08-14,TLKM.JK,logistic_regression,0.40537,0,SELL
2025-08-15,TLKM.JK,logistic_regression,0.45165,0,HOLD
2025-08-19,TLKM.JK,logistic_regression,0.48386,0,HOLD
2025-08-20,TLKM.JK,logistic_regression,0.45991,0,HOLD
2025-08-21,TLKM.JK,logistic_regression,0.43074,0,SELL
2025-08-22,TLKM.JK,logistic_regression,0.39133,0,SELL
2025-08-25,TLKM.JK,logistic_regression,0.3549,0,SELL
2025-08-26,TLKM.JK,logistic_regression,0.41208,0,SELL
2025-08-27,TLKM.JK,logistic_regression,0.47348,0,HOLD
2025-08-28,TLKM.JK,logistic_regression,0.43052,0,SELL
2025-08-29,TLKM.JK,logistic_regression,0.43676,0,SELL
2025-09-01,TLKM.JK,logistic_regression,0.47548,0,HOLD
2025-09-02,TLKM.JK,logistic_regression,0.41636,0,SELL
2025-09-03,TLKM.JK,logistic_regression,0.41081,0,SELL
2025-09-04,TLKM.JK,logistic_regression,0.3751,0,SELL
2025-09-08,TLKM.JK,logistic_regression,0.39653,0,SELL
2025-09-09,TLKM.JK,logistic_regression,0.46033,0,HOLD
2025-09-10,TLKM.JK,logistic_regression,0.36431,0,SELL
2025-09-11,TLKM.JK,logistic_regression,0.42252,0,SELL
2025-09-12,TLKM.JK,logistic_regression,0.45458,0,HOLD
2025-09-15,TLKM.JK,logistic_regression,0.3145,0,SELL
2025-09-16,TLKM.JK,logistic_regression,0.3289,0,SELL
2025-09-17,TLKM.JK,logistic_regression,0.40894,0,SELL
2025-09-18,TLKM.JK,logistic_regression,0.43796,0,SELL
2025-09-19,TLKM.JK,logistic_regression,0.48671,0,HOLD
2025-09-22,TLKM.JK,logistic_regression,0.41853,0,SELL
2025-09-23,TLKM.JK,logistic_regression,0.41689,0,SELL
2025-09-24,TLKM.JK,logistic_regression,0.42569,0,SELL
2025-09-25,TLKM.JK,logistic_regression,0.41306,0,SELL
2025-09-26,TLKM.JK,logistic_regression,0.43662,0,SELL
2025-09-29,TLKM.JK,logistic_regression,0.46157,0,HOLD
2025-09-30,TLKM.JK,logistic_regression,0.47074,0,HOLD
2025-10-01,TLKM.JK,logistic_regression,0.42888,0,SELL
2025-10-02,TLKM.JK,logistic_regression,0.40209,0,SELL
2025-10-03,TLKM.JK,logistic_regression,0.43076,0,SELL
2025-10-06,TLKM.JK,logistic_regression,0.44917,0,SELL
2025-10-07,TLKM.JK,logistic_regression,0.41266,0,SELL
2025-10-08,TLKM.JK,logistic_regression,0.43895,0,SELL
2025-10-09,TLKM.JK,logistic_regression,0.45149,0,HOLD
2025-10-10,TLKM.JK,logistic_regression,0.39684,0,SELL
2025-10-13,TLKM.JK,logistic_regression,0.42937,0,SELL
2025-10-14,TLKM.JK,logistic_regression,0.47701,0,HOLD
2025-10-15,TLKM.JK,logistic_regression,0.3836,0,SELL
2025-10-16,TLKM.JK,logistic_regression,0.49309,0,HOLD
2025-10-17,TLKM.JK,logistic_regression,0.54415,1,HOLD
2025-10-20,TLKM.JK,logistic_regression,0.41332,0,SELL
2025-10-21,TLKM.JK,logistic_regression,0.36017,0,SELL
2025-10-22,TLKM.JK,logistic_regression,0.40506,0,SELL
2025-10-23,TLKM.JK,logistic_regression,0.46397,0,HOLD
2025-10-24,TLKM.JK,logistic_regression,0.35411,0,SELL
2025-10-27,TLKM.JK,logistic_regression,0.47427,0,HOLD
2025-10-28,TLKM.JK,logistic_regression,0.42678,0,SELL
2025-10-29,TLKM.JK,logistic_regression,0.42202,0,SELL
2025-10-30,TLKM.JK,logistic_regression,0.47167,0,HOLD
2025-10-31,TLKM.JK,logistic_regression,0.41534,0,SELL
2025-11-03,TLKM.JK,logistic_regression,0.388,0,SELL
2025-11-04,TLKM.JK,logistic_regression,0.40127,0,SELL
2025-11-05,TLKM.JK,logistic_regression,0.37195,0,SELL
2025-11-06,TLKM.JK,logistic_regression,0.40985,0,SELL
2025-11-07,TLKM.JK,logistic_regression,0.41475,0,SELL
2025-11-10,TLKM.JK,logistic_regression,0.44841,0,SELL
2025-11-11,TLKM.JK,logistic_regression,0.40451,0,SELL
2025-11-12,TLKM.JK,logistic_regression,0.35506,0,SELL
2025-11-13,TLKM.JK,logistic_regression,0.39977,0,SELL
2025-11-14,TLKM.JK,logistic_regression,0.37484,0,SELL
2025-11-17,TLKM.JK,logistic_regression,0.34679,0,SELL
2025-11-18,TLKM.JK,logistic_regression,0.41917,0,SELL
2025-11-19,TLKM.JK,logistic_regression,0.43257,0,SELL
2025-11-20,TLKM.JK,logistic_regression,0.40875,0,SELL
2025-11-21,TLKM.JK,logistic_regression,0.52682,1,HOLD
2025-11-24,TLKM.JK,logistic_regression,0.43325,0,SELL
2025-11-25,TLKM.JK,logistic_regression,0.37559,0,SELL
2025-11-26,TLKM.JK,logistic_regression,0.4584,0,HOLD
2025-11-27,TLKM.JK,logistic_regression,0.45589,0,HOLD
2025-11-28,TLKM.JK,logistic_regression,0.51423,1,HOLD
2025-12-01,TLKM.JK,logistic_regression,0.37174,0,SELL
2025-12-02,TLKM.JK,logistic_regression,0.41586,0,SELL
2025-12-03,TLKM.JK,logistic_regression,0.4634,0,HOLD
2025-12-04,TLKM.JK,logistic_regression,0.32636,0,SELL
2025-12-05,TLKM.JK,logistic_regression,0.34775,0,SELL
2025-12-08,TLKM.JK,logistic_regression,0.45854,0,HOLD
2025-12-09,TLKM.JK,logistic_regression,0.48968,0,HOLD
2025-12-10,TLKM.JK,logistic_regression,0.39167,0,SELL
2025-12-11,TLKM.JK,logistic_regression,0.45251,0,HOLD
2025-12-12,TLKM.JK,logistic_regression,0.47029,0,HOLD
2025-12-15,TLKM.JK,logistic_regression,0.45945,0,HOLD
2025-12-16,TLKM.JK,logistic_regression,0.42098,0,SELL
2025-12-17,TLKM.JK,logistic_regression,0.42435,0,SELL
2025-12-18,TLKM.JK,logistic_regression,0.46195,0,HOLD
2025-12-19,TLKM.JK,logistic_regression,0.46803,0,HOLD
2025-12-22,TLKM.JK,logistic_regression,0.40418,0,SELL
2025-12-23,TLKM.JK,logistic_regression,0.40333,0,SELL
2025-12-24,TLKM.JK,logistic_regression,0.42883,0,SELL
2025-12-29,TLKM.JK,logistic_regression,0.39952,0,SELL
2025-12-30,TLKM.JK,logistic_regression,0.41519,0,SELL
2026-01-02,TLKM.JK,logistic_regression,0.43612,0,SELL
2026-01-05,TLKM.JK,logistic_regression,0.36579,0,SELL
2026-01-06,TLKM.JK,logistic_regression,0.40166,0,SELL
2026-01-07,TLKM.JK,logistic_regression,0.42519,0,SELL
2026-01-08,TLKM.JK,logistic_regression,0.40187,0,SELL
2026-01-09,TLKM.JK,logistic_regression,0.50853,1,HOLD
2026-01-12,TLKM.JK,logistic_regression,0.42958,0,SELL
2026-01-13,TLKM.JK,logistic_regression,0.33646,0,SELL
2026-01-14,TLKM.JK,logistic_regression,0.39499,0,SELL
2026-01-15,TLKM.JK,logistic_regression,0.40979,0,SELL
2026-01-19,TLKM.JK,logistic_regression,0.46408,0,HOLD
2026-01-20,TLKM.JK,logistic_regression,0.48897,0,HOLD
2026-01-21,TLKM.JK,logistic_regression,0.44397,0,SELL
2026-01-22,TLKM.JK,logistic_regression,0.39433,0,SELL
2026-01-23,TLKM.JK,logistic_regression,0.37565,0,SELL
2026-01-26,TLKM.JK,logistic_regression,0.39588,0,SELL
2026-01-27,TLKM.JK,logistic_regression,0.42507,0,SELL
2026-01-28,TLKM.JK,logistic_regression,0.59539,1,BUY
2026-01-29,TLKM.JK,logistic_regression,0.63496,1,BUY
2026-01-30,TLKM.JK,logistic_regression,0.38182,0,SELL
2026-02-02,TLKM.JK,logistic_regression,0.44386,0,SELL
2026-02-03,TLKM.JK,logistic_regression,0.47218,0,HOLD
2026-02-04,TLKM.JK,logistic_regression,0.41567,0,SELL
2026-02-05,TLKM.JK,logistic_regression,0.4931,0,HOLD
2026-02-06,TLKM.JK,logistic_regression,0.45163,0,HOLD
2026-02-09,TLKM.JK,logistic_regression,0.41965,0,SELL
2026-02-10,TLKM.JK,logistic_regression,0.45002,0,HOLD
2026-02-11,TLKM.JK,logistic_regression,0.36258,0,SELL
2026-02-12,TLKM.JK,logistic_regression,0.3942,0,SELL
2026-02-13,TLKM.JK,logistic_regression,0.4649,0,HOLD
2026-02-18,TLKM.JK,logistic_regression,0.40143,0,SELL
2026-02-19,TLKM.JK,logistic_regression,0.39281,0,SELL
2026-02-20,TLKM.JK,logistic_regression,0.4507,0,HOLD
2026-02-23,TLKM.JK,logistic_regression,0.37004,0,SELL
2026-02-24,TLKM.JK,logistic_regression,0.32965,0,SELL
2026-02-25,TLKM.JK,logistic_regression,0.39685,0,SELL
2026-02-26,TLKM.JK,logistic_regression,0.38248,0,SELL
2026-02-27,TLKM.JK,logistic_regression,0.47251,0,HOLD
2026-03-02,TLKM.JK,logistic_regression,0.55405,1,BUY
2026-03-03,TLKM.JK,logistic_regression,0.46544,0,HOLD
2026-03-04,TLKM.JK,logistic_regression,0.49556,0,HOLD
2026-03-05,TLKM.JK,logistic_regression,0.4755,0,HOLD
2026-03-06,TLKM.JK,logistic_regression,0.41896,0,SELL
2026-03-09,TLKM.JK,logistic_regression,0.50819,1,HOLD
2026-03-10,TLKM.JK,logistic_regression,0.5146,1,HOLD
2026-03-11,TLKM.JK,logistic_regression,0.48264,0,HOLD
2026-03-12,TLKM.JK,logistic_regression,0.46654,0,HOLD
2026-03-13,TLKM.JK,logistic_regression,0.48562,0,HOLD
2026-03-16,TLKM.JK,logistic_regression,0.45961,0,HOLD
2026-03-17,TLKM.JK,logistic_regression,0.44027,0,SELL
2026-03-25,TLKM.JK,logistic_regression,0.42399,0,SELL
2026-03-26,TLKM.JK,logistic_regression,0.44726,0,SELL
2026-03-27,TLKM.JK,logistic_regression,0.51791,1,HOLD
2026-03-30,TLKM.JK,logistic_regression,0.45147,0,HOLD
2026-03-31,TLKM.JK,logistic_regression,0.42925,0,SELL
2026-04-01,TLKM.JK,logistic_regression,0.40693,0,SELL
2026-04-02,TLKM.JK,logistic_regression,0.38126,0,SELL
2026-04-06,TLKM.JK,logistic_regression,0.38745,0,SELL
2026-04-07,TLKM.JK,logistic_regression,0.42772,0,SELL
2026-04-08,TLKM.JK,logistic_regression,0.425,0,SELL
2026-04-09,TLKM.JK,logistic_regression,0.41038,0,SELL
2026-04-10,TLKM.JK,logistic_regression,0.41963,0,SELL
2026-04-13,TLKM.JK,logistic_regression,0.45034,0,HOLD
2026-04-14,TLKM.JK,logistic_regression,0.48743,0,HOLD
2026-04-15,TLKM.JK,logistic_regression,0.49186,0,HOLD
2026-04-16,TLKM.JK,logistic_regression,0.4082,0,SELL
2026-04-17,TLKM.JK,logistic_regression,0.4481,0,SELL
2026-04-20,TLKM.JK,logistic_regression,0.47528,0,HOLD
2026-04-21,TLKM.JK,logistic_regression,0.49691,0,HOLD
2026-04-22,TLKM.JK,logistic_regression,0.48544,0,HOLD
2026-04-23,TLKM.JK,logistic_regression,0.51774,1,HOLD
2026-04-24,TLKM.JK,logistic_regression,0.54662,1,HOLD
2026-04-27,TLKM.JK,logistic_regression,0.46566,0,HOLD
2026-04-28,TLKM.JK,logistic_regression,0.50846,1,HOLD
2026-04-29,TLKM.JK,logistic_regression,0.49946,0,HOLD
2026-04-30,TLKM.JK,logistic_regression,0.49422,0,HOLD
2026-05-04,TLKM.JK,logistic_regression,0.47368,0,HOLD
2026-05-05,TLKM.JK,logistic_regression,0.4551,0,HOLD
2026-05-06,TLKM.JK,logistic_regression,0.49452,0,HOLD
2026-05-07,TLKM.JK,logistic_regression,0.46311,0,HOLD
2026-05-08,TLKM.JK,logistic_regression,0.45097,0,HOLD
2026-05-11,TLKM.JK,logistic_regression,0.43545,0,SELL
2026-05-12,TLKM.JK,logistic_regression,0.43922,0,SELL
2026-05-13,TLKM.JK,logistic_regression,0.4492,0,SELL
2026-05-18,TLKM.JK,logistic_regression,0.44587,0,SELL
2026-05-19,TLKM.JK,logistic_regression,0.45235,0,HOLD
2026-05-20,TLKM.JK,logistic_regression,0.49002,0,HOLD
2026-05-21,TLKM.JK,logistic_regression,0.49394,0,HOLD
2026-05-22,TLKM.JK,logistic_regression,0.54112,1,HOLD
2026-05-25,TLKM.JK,logistic_regression,0.49999,0,HOLD
2026-05-26,TLKM.JK,logistic_regression,0.37966,0,SELL
2026-05-29,TLKM.JK,logistic_regression,0.59243,1,BUY
2026-06-02,TLKM.JK,logistic_regression,0.53746,1,HOLD
2026-06-03,TLKM.JK,logistic_regression,0.52399,1,HOLD
2026-06-04,TLKM.JK,logistic_regression,0.44418,0,SELL
2026-06-05,TLKM.JK,logistic_regression,0.50075,1,HOLD
2026-06-08,TLKM.JK,logistic_regression,0.57157,1,BUY
2026-06-09,TLKM.JK,logistic_regression,0.47683,0,HOLD
2026-06-10,TLKM.JK,logistic_regression,0.38044,0,SELL
2026-06-11,TLKM.JK,logistic_regression,0.46172,0,HOLD
2026-06-12,TLKM.JK,logistic_regression,0.39949,0,SELL
2026-06-15,TLKM.JK,logistic_regression,0.38492,0,SELL
2026-06-17,TLKM.JK,logistic_regression,0.50464,1,HOLD
2026-06-18,TLKM.JK,logistic_regression,0.46664,0,HOLD
2026-06-19,TLKM.JK,logistic_regression,0.51856,1,HOLD
2026-06-22,TLKM.JK,logistic_regression,0.4963,0,HOLD
2026-06-23,TLKM.JK,logistic_regression,0.38736,0,SELL
2026-06-24,TLKM.JK,logistic_regression,0.42143,0,SELL
2026-06-25,TLKM.JK,logistic_regression,0.42776,0,SELL
2026-06-26,TLKM.JK,logistic_regression,0.41359,0,SELL
2026-06-29,TLKM.JK,logistic_regression,0.47658,0,HOLD
2026-06-30,TLKM.JK,logistic_regression,0.51997,1,HOLD
2026-07-01,TLKM.JK,logistic_regression,0.40759,0,SELL
2026-07-02,TLKM.JK,logistic_regression,0.39868,0,SELL
2026-07-03,TLKM.JK,logistic_regression,0.38618,0,SELL
2026-07-06,TLKM.JK,logistic_regression,0.37883,0,SELL
2026-07-07,TLKM.JK,logistic_regression,0.46035,0,HOLD
2026-07-08,TLKM.JK,logistic_regression,0.43256,0,SELL
2026-07-09,TLKM.JK,logistic_regression,0.42392,0,SELL
2026-07-10,TLKM.JK,logistic_regression,0.49466,0,HOLD
2026-07-13,TLKM.JK,logistic_regression,0.42575,0,SELL
2026-07-14,TLKM.JK,logistic_regression,0.40257,0,SELL
2026-07-15,TLKM.JK,logistic_regression,0.47413,0,HOLD
2026-07-16,TLKM.JK,logistic_regression,0.44704,0,SELL
2026-07-17,TLKM.JK,logistic_regression,0.38841,0,SELL
2026-07-20,TLKM.JK,logistic_regression,0.42639,0,SELL
2026-07-21,TLKM.JK,logistic_regression,0.44728,0,SELL
2026-07-22,TLKM.JK,logistic_regression,0.45853,0,HOLD
2026-07-23,TLKM.JK,logistic_regression,0.49883,0,HOLD
2026-07-24,TLKM.JK,logistic_regression,0.50869,1,HOLD
2026-07-27,TLKM.JK,logistic_regression,0.47642,0,HOLD
2026-07-28,TLKM.JK,logistic_regression,0.49673,0,HOLD
2026-07-29,TLKM.JK,logistic_regression,0.45415,0,HOLD
2026-07-30,TLKM.JK,logistic_regression,0.38784,0,SELL
2026-07-31,TLKM.JK,logistic_regression,0.44758,0,SELL
2026-08-03,TLKM.JK,logistic_regression,0.4351,0,SELL
2026-08-04,TLKM.JK,logistic_regression,0.38011,0,SELL
2026-08-05,TLKM.JK,logistic_regression,0.52827,1,HOLD
2026-08-06,TLKM.JK,logistic_regression,0.56446,1,BUY
2026-08-07,TLKM.JK,logistic_regression,0.41887,0,SELL
2026-08-10,TLKM.JK,logistic_regression,0.50288,1,HOLD
2026-08-11,TLKM.JK,logistic_regression,0.50833,1,HOLD
2026-08-12,TLKM.JK,logistic_regression,0.44613,0,SELL
2026-08-13,TLKM.JK,logistic_regression,0.4604,0,HOLD
2026-08-14,TLKM.JK,logistic_regression,0.43944,0,SELL
2026-08-18,TLKM.JK,logistic_regression,0.44348,0,SELL
2026-08-19,TLKM.JK,logistic_regression,0.48043,0,HOLD
2026-08-20,TLKM.JK,logistic_regression,0.4523,0,HOLD
2026-08-21,TLKM.JK,logistic_regression,0.4494,0,SELL
2026-08-24,TLKM.JK,logistic_regression,0.4397,0,SELL
2026-08-26,TLKM.JK,logistic_regression,0.45133,0,HOLD
2026-08-27,TLKM.JK,logistic_regression,0.44455,0,SELL
2026-08-28,TLKM.JK,logistic_regression,0.4672,0,HOLD
2026-08-31,TLKM.JK,logistic_regression,0.49613,0,HOLD
