Date,Adj Close,Close,High,Low,Open,Volume,Ticker
2018-01-01,5038.54833984375,8300.0,8300.0,8300.0,8300.0,0,ASII.JK
2018-01-02,4977.8427734375,8200.0,8400.0,8150.0,8300.0,24661300,ASII.JK
2018-01-03,4886.78369140625,8050.0,8250.0,8000.0,8250.0,40976100,ASII.JK
2018-01-04,4993.01904296875,8225.0,8225.0,8050.0,8075.0,30604400,ASII.JK
2018-01-05,5038.54833984375,8300.0,8300.0,8125.0,8150.0,18885300,ASII.JK
2018-01-08,5038.54833984375,8300.0,8325.0,8200.0,8300.0,17178400,ASII.JK
2018-01-09,4962.66552734375,8175.0,8300.0,8150.0,8300.0,23323800,ASII.JK
2018-01-10,5023.37255859375,8275.0,8300.0,8175.0,8275.0,29616100,ASII.JK
2018-01-11,5008.1953125,8250.0,8275.0,8125.0,8275.0,19294700,ASII.JK
2018-01-12,4962.66552734375,8175.0,8250.0,8175.0,8200.0,15456000,ASII.JK
2018-01-15,4962.66552734375,8175.0,8200.0,8125.0,8175.0,12912900,ASII.JK
2018-01-16,4993.01904296875,8225.0,8250.0,8125.0,8200.0,25472200,ASII.JK
2018-01-17,4977.8427734375,8200.0,8300.0,8125.0,8150.0,44342900,ASII.JK
2018-01-18,5038.54833984375,8300.0,8300.0,8200.0,8275.0,41790200,ASII.JK
2018-01-19,5068.90087890625,8350.0,8350.0,8250.0,8300.0,28789700,ASII.JK
2018-01-22,5008.1953125,8250.0,8350.0,8200.0,8350.0,40680600,ASII.JK
2018-01-23,5175.13623046875,8525.0,8525.0,8250.0,8300.0,39074200,ASII.JK
2018-01-24,5296.54638671875,8725.0,8750.0,8450.0,8525.0,36840200,ASII.JK
2018-01-25,5296.54638671875,8725.0,8750.0,8625.0,8675.0,27585500,ASII.JK
2018-01-26,5235.8408203125,8625.0,8725.0,8500.0,8725.0,24505100,ASII.JK
2018-01-29,5251.017578125,8650.0,8675.0,8500.0,8650.0,17150200,ASII.JK
2018-01-30,5114.42919921875,8425.0,8650.0,8400.0,8650.0,23643200,ASII.JK
2018-01-31,5159.95947265625,8500.0,8700.0,8375.0,8400.0,29112000,ASII.JK
2018-02-01,5205.48779296875,8575.0,8750.0,8525.0,8525.0,31700800,ASII.JK
2018-02-02,5281.3701171875,8700.0,8750.0,8625.0,8700.0,24482800,ASII.JK
2018-02-05,5175.13623046875,8525.0,8650.0,8450.0,8500.0,23045600,ASII.JK
2018-02-06,5114.42919921875,8425.0,8475.0,8350.0,8350.0,33410900,ASII.JK
2018-02-07,5129.6064453125,8450.0,8600.0,8375.0,8500.0,31215400,ASII.JK
2018-02-08,5084.07763671875,8375.0,8525.0,8350.0,8500.0,28406900,ASII.JK
2018-02-09,4977.8427734375,8200.0,8350.0,8175.0,8250.0,64748600,ASII.JK
2018-02-12,4977.8427734375,8200.0,8300.0,8200.0,8300.0,20368800,ASII.JK
2018-02-13,5023.37255859375,8275.0,8300.0,8200.0,8200.0,30608200,ASII.JK
2018-02-14,5084.07763671875,8375.0,8375.0,8275.0,8275.0,24033700,ASII.JK
2018-02-15,5023.37255859375,8275.0,8425.0,8275.0,8425.0,14832000,ASII.JK
2018-02-16,5023.37255859375,8275.0,8275.0,8275.0,8275.0,0,ASII.JK
2018-02-19,5114.42919921875,8425.0,8425.0,8300.0,8350.0,22998500,ASII.JK
2018-02-20,5038.54833984375,8300.0,8375.0,8250.0,8350.0,17276200,ASII.JK
2018-02-21,4962.66552734375,8175.0,8350.0,8125.0,8325.0,43896000,ASII.JK
2018-02-22,4856.4326171875,8000.0,8225.0,8000.0,8200.0,33253700,ASII.JK
2018-02-23,4977.8427734375,8200.0,8250.0,8100.0,8125.0,29457600,ASII.JK
2018-02-26,4917.1376953125,8100.0,8225.0,8050.0,8200.0,23816800,ASII.JK
2018-02-27,4977.8427734375,8200.0,8200.0,8075.0,8100.0,23718200,ASII.JK
2018-02-28,4901.9619140625,8075.0,8175.0,8075.0,8175.0,45102600,ASII.JK
2018-03-01,4901.9619140625,8075.0,8175.0,8075.0,8100.0,25963100,ASII.JK
2018-03-02,4947.490234375,8150.0,8150.0,8025.0,8075.0,15833800,ASII.JK
2018-03-05,4947.490234375,8150.0,8175.0,8075.0,8175.0,19421500,ASII.JK
2018-03-06,4886.78369140625,8050.0,8200.0,8025.0,8200.0,29864500,ASII.JK
2018-03-07,4750.19775390625,7825.0,8025.0,7775.0,8000.0,56371600,ASII.JK
2018-03-08,4765.37353515625,7850.0,7925.0,7775.0,7925.0,45172700,ASII.JK
2018-03-09,4719.84521484375,7775.0,7900.0,7750.0,7900.0,26855700,ASII.JK
2018-03-12,4735.02099609375,7800.0,7875.0,7775.0,7850.0,34352400,ASII.JK
2018-03-13,4674.31591796875,7700.0,7775.0,7675.0,7775.0,29718200,ASII.JK
2018-03-14,4598.4345703125,7575.0,7725.0,7575.0,7650.0,25878500,ASII.JK
2018-03-15,4522.5517578125,7450.0,7575.0,7425.0,7525.0,38893700,ASII.JK
2018-03-16,4522.5517578125,7450.0,7525.0,7350.0,7450.0,93558800,ASII.JK
2018-03-19,4416.31787109375,7275.0,7475.0,7250.0,7450.0,44260000,ASII.JK
2018-03-20,4431.494140625,7300.0,7350.0,7200.0,7225.0,53047800,ASII.JK
2018-03-21,4431.494140625,7300.0,7350.0,7275.0,7350.0,41451100,ASII.JK
2018-03-22,4461.8466796875,7350.0,7450.0,7325.0,7350.0,40302400,ASII.JK
2018-03-23,4416.31787109375,7275.0,7275.0,7050.0,7050.0,38206300,ASII.JK
2018-03-26,4385.96435546875,7225.0,7275.0,7175.0,7275.0,22640900,ASII.JK
2018-03-27,4431.494140625,7300.0,7375.0,7250.0,7300.0,24060300,ASII.JK
2018-03-28,4310.08251953125,7100.0,7250.0,7075.0,7225.0,32341200,ASII.JK
2018-03-29,4431.494140625,7300.0,7325.0,7050.0,7175.0,40859700,ASII.JK
2018-03-30,4431.494140625,7300.0,7300.0,7300.0,7300.0,0,ASII.JK
2018-04-02,4583.2578125,7550.0,7600.0,7300.0,7350.0,30899400,ASII.JK
2018-04-03,4659.13916015625,7675.0,7750.0,7450.0,7500.0,30007800,ASII.JK
2018-04-04,4598.4345703125,7575.0,7675.0,7475.0,7675.0,22563400,ASII.JK
2018-04-05,4613.6103515625,7600.0,7650.0,7475.0,7625.0,16561500,ASII.JK
2018-04-06,4568.08154296875,7525.0,7600.0,7525.0,7600.0,8268700,ASII.JK
2018-04-09,4704.66845703125,7750.0,7750.0,7550.0,7550.0,17097200,ASII.JK
2018-04-10,4750.19775390625,7825.0,7850.0,7675.0,7700.0,27654600,ASII.JK
2018-04-11,4826.07958984375,7950.0,7975.0,7850.0,7875.0,34716800,ASII.JK
2018-04-12,4689.49267578125,7725.0,7925.0,7700.0,7850.0,26558600,ASII.JK
2018-04-13,4568.08154296875,7525.0,7825.0,7525.0,7750.0,17816300,ASII.JK
2018-04-16,4568.08154296875,7525.0,7525.0,7525.0,7525.0,0,ASII.JK
2018-04-17,4568.08154296875,7525.0,7525.0,7525.0,7525.0,0,ASII.JK
2018-04-18,4568.08154296875,7525.0,7625.0,7475.0,7625.0,23356500,ASII.JK
2018-04-19,4568.08154296875,7525.0,7525.0,7525.0,7525.0,0,ASII.JK
2018-04-20,4568.08154296875,7525.0,7525.0,7525.0,7525.0,0,ASII.JK
2018-04-23,4537.72802734375,7475.0,7600.0,7475.0,7600.0,12648900,ASII.JK
2018-04-24,4446.67138671875,7325.0,7475.0,7300.0,7400.0,33995200,ASII.JK
2018-04-25,4446.67138671875,7325.0,7325.0,7325.0,7325.0,0,ASII.JK
2018-04-26,4446.67138671875,7325.0,7325.0,7325.0,7325.0,0,ASII.JK
2018-04-27,4446.67138671875,7325.0,7325.0,7325.0,7325.0,0,ASII.JK
2018-04-30,4340.435546875,7150.0,7300.0,7150.0,7275.0,20489400,ASII.JK
2018-05-01,4340.435546875,7150.0,7150.0,7150.0,7150.0,0,ASII.JK
2018-05-02,4477.02294921875,7375.0,7375.0,7150.0,7200.0,28029500,ASII.JK
2018-05-03,4416.31787109375,7275.0,7400.0,7275.0,7375.0,38116700,ASII.JK
2018-05-04,4481.21826171875,7250.0,7300.0,7125.0,7200.0,20155100,ASII.JK
2018-05-07,4373.05078125,7075.0,7300.0,7050.0,7300.0,24167400,ASII.JK
2018-05-08,4295.78955078125,6950.0,7100.0,6825.0,7075.0,45877500,ASII.JK
2018-05-09,4388.50341796875,7100.0,7125.0,6800.0,6800.0,51249600,ASII.JK
2018-05-10,4388.50341796875,7100.0,7100.0,7100.0,7100.0,0,ASII.JK
2018-05-11,4357.5986328125,7050.0,7200.0,7050.0,7150.0,21370800,ASII.JK
2018-05-14,4342.14599609375,7025.0,7100.0,6950.0,6950.0,28081600,ASII.JK
2018-05-15,4280.3359375,6925.0,7100.0,6925.0,7025.0,30656400,ASII.JK
2018-05-16,4264.88427734375,6900.0,6925.0,6650.0,6900.0,39298500,ASII.JK
2018-05-17,4156.71630859375,6725.0,6925.0,6725.0,6900.0,31996300,ASII.JK
2018-05-18,4033.096435546875,6525.0,6800.0,6525.0,6800.0,32946300,ASII.JK
2018-05-21,4033.096435546875,6525.0,6675.0,6525.0,6600.0,19666000,ASII.JK
2018-05-22,4295.78955078125,6950.0,7000.0,6550.0,6575.0,52564600,ASII.JK
2018-05-23,4326.693359375,7000.0,7225.0,6950.0,7000.0,46432300,ASII.JK
2018-05-24,4465.76513671875,7225.0,7300.0,7125.0,7150.0,31517700,ASII.JK
2018-05-25,4481.21826171875,7250.0,7275.0,7050.0,7275.0,23149300,ASII.JK
2018-05-28,4434.861328125,7175.0,7300.0,7100.0,7100.0,20768800,ASII.JK
2018-05-29,4434.861328125,7175.0,7175.0,7175.0,7175.0,0,ASII.JK
2018-05-30,4326.693359375,7000.0,7200.0,6950.0,7125.0,38264900,ASII.JK
2018-05-31,4264.88427734375,6900.0,7150.0,6850.0,7075.0,99330400,ASII.JK
2018-06-01,4264.88427734375,6900.0,6900.0,6900.0,6900.0,0,ASII.JK
2018-06-04,4326.693359375,7000.0,7100.0,6975.0,7050.0,29071700,ASII.JK
2018-06-05,4326.693359375,7000.0,7050.0,6950.0,6950.0,32973400,ASII.JK
2018-06-06,4311.240234375,6975.0,7025.0,6950.0,7000.0,27978000,ASII.JK
2018-06-07,4311.240234375,6975.0,7025.0,6950.0,7000.0,34005400,ASII.JK
2018-06-08,4264.88427734375,6900.0,6975.0,6875.0,6875.0,82723800,ASII.JK
2018-06-11,4264.88427734375,6900.0,6900.0,6900.0,6900.0,0,ASII.JK
2018-06-12,4264.88427734375,6900.0,6900.0,6900.0,6900.0,0,ASII.JK
2018-06-13,4264.88427734375,6900.0,6900.0,6900.0,6900.0,0,ASII.JK
2018-06-14,4264.88427734375,6900.0,6900.0,6900.0,6900.0,0,ASII.JK
2018-06-15,4264.88427734375,6900.0,6900.0,6900.0,6900.0,0,ASII.JK
2018-06-18,4264.88427734375,6900.0,6900.0,6900.0,6900.0,0,ASII.JK
2018-06-19,4264.88427734375,6900.0,6900.0,6900.0,6900.0,0,ASII.JK
2018-06-20,4295.78955078125,6950.0,6950.0,6625.0,6850.0,94750500,ASII.JK
2018-06-21,4125.810546875,6675.0,7100.0,6675.0,7100.0,40710000,ASII.JK
2018-06-22,4079.4541015625,6600.0,6675.0,6575.0,6675.0,30220100,ASII.JK
2018-06-25,4079.4541015625,6600.0,6725.0,6575.0,6700.0,35216300,ASII.JK
2018-06-26,4141.26416015625,6700.0,6800.0,6550.0,6550.0,21592800,ASII.JK
2018-06-27,3971.28662109375,6425.0,6750.0,6425.0,6725.0,26041600,ASII.JK
2018-06-28,3924.92919921875,6350.0,6475.0,6275.0,6425.0,47122000,ASII.JK
2018-06-29,4079.4541015625,6600.0,6600.0,6375.0,6400.0,44077400,ASII.JK
2018-07-02,3863.11962890625,6250.0,6650.0,6250.0,6650.0,30044400,ASII.JK
2018-07-03,3770.404052734375,6100.0,6400.0,6100.0,6250.0,31918600,ASII.JK
2018-07-04,3863.11962890625,6250.0,6425.0,6125.0,6175.0,26706500,ASII.JK
2018-07-05,3894.0244140625,6300.0,6375.0,6200.0,6200.0,10071000,ASII.JK
2018-07-06,3894.0244140625,6300.0,6375.0,6250.0,6375.0,12516100,ASII.JK
2018-07-09,3909.476806640625,6325.0,6400.0,6250.0,6350.0,17337000,ASII.JK
2018-07-10,3924.92919921875,6350.0,6550.0,6350.0,6450.0,36086900,ASII.JK
2018-07-11,4094.90625,6625.0,6625.0,6275.0,6300.0,29415100,ASII.JK
2018-07-12,4125.810546875,6675.0,6700.0,6550.0,6575.0,22465500,ASII.JK
2018-07-13,4203.07373046875,6800.0,6825.0,6650.0,6750.0,27647800,ASII.JK
2018-07-16,4141.26416015625,6700.0,6725.0,6550.0,6700.0,16831500,ASII.JK
2018-07-17,4094.90625,6625.0,6675.0,6500.0,6550.0,15901500,ASII.JK
2018-07-18,4110.3583984375,6650.0,6750.0,6575.0,6700.0,19002100,ASII.JK
2018-07-19,4141.26416015625,6700.0,6750.0,6650.0,6650.0,27562100,ASII.JK
2018-07-20,4125.810546875,6675.0,6750.0,6575.0,6700.0,22005400,ASII.JK
2018-07-23,4125.810546875,6675.0,6750.0,6675.0,6750.0,13735600,ASII.JK
2018-07-24,4110.3583984375,6650.0,6750.0,6625.0,6625.0,8932500,ASII.JK
2018-07-25,4249.43115234375,6875.0,6900.0,6650.0,6725.0,15946900,ASII.JK
2018-07-26,4125.810546875,6675.0,6950.0,6650.0,6925.0,20823800,ASII.JK
2018-07-27,4311.240234375,6975.0,7000.0,6700.0,6700.0,31156700,ASII.JK
2018-07-30,4388.50341796875,7100.0,7100.0,6900.0,7000.0,21379900,ASII.JK
2018-07-31,4419.408203125,7150.0,7150.0,6975.0,7050.0,25841400,ASII.JK
2018-08-01,4620.2900390625,7475.0,7475.0,7150.0,7150.0,53935800,ASII.JK
2018-08-02,4512.12353515625,7300.0,7500.0,7300.0,7500.0,19141400,ASII.JK
2018-08-03,4403.95556640625,7125.0,7300.0,7050.0,7275.0,24035700,ASII.JK
2018-08-06,4589.3857421875,7425.0,7475.0,7200.0,7250.0,37077600,ASII.JK
2018-08-07,4558.47998046875,7375.0,7475.0,7325.0,7475.0,23222200,ASII.JK
2018-08-08,4589.3857421875,7425.0,7450.0,7325.0,7400.0,16794100,ASII.JK
2018-08-09,4635.7431640625,7500.0,7525.0,7300.0,7300.0,17331500,ASII.JK
2018-08-10,4573.93359375,7400.0,7475.0,7325.0,7450.0,16288400,ASII.JK
2018-08-13,4388.50341796875,7100.0,7275.0,7075.0,7275.0,25732900,ASII.JK
2018-08-14,4218.5263671875,6825.0,7225.0,6825.0,7075.0,34274000,ASII.JK
2018-08-15,4311.240234375,6975.0,7050.0,6600.0,6900.0,44615000,ASII.JK
2018-08-16,4388.50341796875,7100.0,7250.0,6850.0,6975.0,21705200,ASII.JK
2018-08-17,4388.50341796875,7100.0,7100.0,7100.0,7100.0,0,ASII.JK
2018-08-20,4573.93359375,7400.0,7400.0,7150.0,7250.0,44690500,ASII.JK
2018-08-21,4620.2900390625,7475.0,7475.0,7325.0,7400.0,20659500,ASII.JK
2018-08-22,4620.2900390625,7475.0,7475.0,7475.0,7475.0,0,ASII.JK
2018-08-23,4589.3857421875,7425.0,7525.0,7300.0,7475.0,30246600,ASII.JK
2018-08-24,4558.47998046875,7375.0,7450.0,7275.0,7375.0,15617800,ASII.JK
2018-08-27,4682.10107421875,7575.0,7600.0,7350.0,7375.0,32820400,ASII.JK
2018-08-28,4543.02783203125,7350.0,7600.0,7350.0,7575.0,17798200,ASII.JK
2018-08-29,4620.2900390625,7475.0,7550.0,7375.0,7450.0,26083000,ASII.JK
2018-08-30,4620.2900390625,7475.0,7500.0,7350.0,7500.0,15151400,ASII.JK
2018-08-31,4481.21826171875,7250.0,7400.0,7200.0,7400.0,40829300,ASII.JK
2018-09-03,4388.50341796875,7100.0,7275.0,7075.0,7275.0,25016000,ASII.JK
2018-09-04,4373.05078125,7075.0,7100.0,7000.0,7100.0,30739500,ASII.JK
2018-09-05,4187.62109375,6775.0,6950.0,6725.0,6900.0,52098900,ASII.JK
2018-09-06,4203.07373046875,6800.0,6875.0,6600.0,6675.0,60188600,ASII.JK
2018-09-07,4434.861328125,7175.0,7175.0,6825.0,6900.0,42928600,ASII.JK
2018-09-10,4434.861328125,7175.0,7175.0,6975.0,7125.0,21884300,ASII.JK
2018-09-11,4434.861328125,7175.0,7175.0,7175.0,7175.0,0,ASII.JK
2018-09-12,4403.95556640625,7125.0,7275.0,7125.0,7175.0,27126400,ASII.JK
2018-09-13,4373.05078125,7075.0,7275.0,7000.0,7275.0,22644700,ASII.JK
2018-09-14,4465.76513671875,7225.0,7225.0,7050.0,7075.0,17697900,ASII.JK
2018-09-17,4295.78955078125,6950.0,7125.0,6950.0,7125.0,15380700,ASII.JK
2018-09-18,4342.14599609375,7025.0,7125.0,6875.0,6925.0,31839500,ASII.JK
2018-09-19,4573.93359375,7400.0,7400.0,7100.0,7100.0,28048600,ASII.JK
2018-09-20,4635.7431640625,7500.0,7575.0,7325.0,7400.0,37420600,ASII.JK
2018-09-21,4481.21826171875,7250.0,7475.0,7225.0,7475.0,48533000,ASII.JK
2018-09-24,4403.95556640625,7125.0,7225.0,7075.0,7200.0,24764900,ASII.JK
2018-09-25,4450.3125,7200.0,7200.0,7075.0,7100.0,14404300,ASII.JK
2018-09-26,4543.02783203125,7350.0,7425.0,7200.0,7200.0,25803300,ASII.JK
2018-09-27,4558.47998046875,7375.0,7375.0,7200.0,7225.0,29349300,ASII.JK
2018-09-28,4543.02783203125,7350.0,7450.0,7275.0,7275.0,31995300,ASII.JK
2018-10-01,4527.57568359375,7325.0,7475.0,7225.0,7225.0,14131300,ASII.JK
2018-10-02,4450.3125,7200.0,7450.0,7125.0,7450.0,19915100,ASII.JK
2018-10-03,4450.3125,7200.0,7275.0,7175.0,7250.0,16575900,ASII.JK
2018-10-04,4373.05078125,7075.0,7150.0,7025.0,7125.0,19705600,ASII.JK
2018-10-05,4332.5302734375,6950.0,7050.0,6900.0,6975.0,25996300,ASII.JK
2018-10-08,4270.19287109375,6850.0,6975.0,6850.0,6900.0,19133100,ASII.JK
2018-10-09,4379.28466796875,7025.0,7025.0,6850.0,6975.0,17361000,ASII.JK
2018-10-10,4332.5302734375,6950.0,7050.0,6900.0,7000.0,17102700,ASII.JK
2018-10-11,4192.26904296875,6725.0,6825.0,6700.0,6800.0,40456500,ASII.JK
2018-10-12,4270.19287109375,6850.0,6925.0,6775.0,6775.0,28756200,ASII.JK
2018-10-15,4270.19287109375,6850.0,6925.0,6825.0,6850.0,18822300,ASII.JK
2018-10-16,4348.1162109375,6975.0,6975.0,6825.0,6900.0,18553300,ASII.JK
2018-10-17,4379.28466796875,7025.0,7100.0,6975.0,7075.0,23333900,ASII.JK
2018-10-18,4379.28466796875,7025.0,7025.0,6950.0,7025.0,12591900,ASII.JK
2018-10-19,4550.7158203125,7300.0,7350.0,6975.0,7000.0,48440500,ASII.JK
2018-10-22,4535.13134765625,7275.0,7300.0,7200.0,7275.0,22418400,ASII.JK
2018-10-23,4581.88525390625,7350.0,7375.0,7125.0,7200.0,38954800,ASII.JK
2018-10-24,4550.7158203125,7300.0,7450.0,7300.0,7350.0,36406600,ASII.JK
2018-10-25,4597.46923828125,7375.0,7375.0,7100.0,7100.0,26522600,ASII.JK
2018-10-26,4628.638671875,7425.0,7425.0,7275.0,7375.0,22297400,ASII.JK
2018-10-29,4675.39306640625,7500.0,7625.0,7450.0,7475.0,50786300,ASII.JK
2018-10-30,4800.06982421875,7700.0,7750.0,7450.0,7500.0,39056900,ASII.JK
2018-10-31,4924.74658203125,7900.0,7900.0,7700.0,7725.0,46586400,ASII.JK
2018-11-01,5018.25537109375,8050.0,8050.0,7900.0,7925.0,59367100,ASII.JK
2018-11-02,5096.17822265625,8175.0,8200.0,8050.0,8150.0,58720200,ASII.JK
2018-11-05,5142.931640625,8250.0,8250.0,8050.0,8150.0,32945600,ASII.JK
2018-11-06,5049.4248046875,8100.0,8250.0,7975.0,8250.0,40294600,ASII.JK
2018-11-07,5127.34814453125,8225.0,8325.0,8050.0,8125.0,44005500,ASII.JK
2018-11-08,5111.76220703125,8200.0,8425.0,8150.0,8300.0,48031900,ASII.JK
2018-11-09,5096.17822265625,8175.0,8250.0,8100.0,8200.0,26391600,ASII.JK
2018-11-12,4909.16259765625,7875.0,8125.0,7875.0,8050.0,27601900,ASII.JK
2018-11-13,4987.08544921875,8000.0,8100.0,7825.0,7850.0,40483500,ASII.JK
2018-11-14,5096.17822265625,8175.0,8300.0,8100.0,8200.0,35668500,ASII.JK
2018-11-15,5314.36376953125,8525.0,8525.0,8275.0,8325.0,59979400,ASII.JK
2018-11-16,5329.947265625,8550.0,8575.0,8400.0,8500.0,45617600,ASII.JK
2018-11-19,5298.77880859375,8500.0,8550.0,8400.0,8550.0,26364000,ASII.JK
2018-11-20,5298.77880859375,8500.0,8500.0,8500.0,8500.0,0,ASII.JK
2018-11-21,5267.60888671875,8450.0,8575.0,8275.0,8300.0,27715700,ASII.JK
2018-11-22,5267.60888671875,8450.0,8475.0,8250.0,8250.0,21296200,ASII.JK
2018-11-23,5236.43994140625,8400.0,8425.0,8300.0,8400.0,7150800,ASII.JK
2018-11-26,5189.68603515625,8325.0,8425.0,8325.0,8375.0,18712300,ASII.JK
2018-11-27,5236.43994140625,8400.0,8450.0,8225.0,8225.0,21522600,ASII.JK
2018-11-28,5236.43994140625,8400.0,8400.0,8175.0,8400.0,40728200,ASII.JK
2018-11-29,5283.19482421875,8475.0,8575.0,8400.0,8450.0,46667000,ASII.JK
2018-11-30,5329.947265625,8550.0,8625.0,8375.0,8575.0,69165200,ASII.JK
2018-12-03,5361.11767578125,8600.0,8775.0,8525.0,8700.0,44652600,ASII.JK
2018-12-04,5314.36376953125,8525.0,8600.0,8425.0,8600.0,50127600,ASII.JK
2018-12-05,5189.68603515625,8325.0,8475.0,8250.0,8400.0,28909900,ASII.JK
2018-12-06,5049.4248046875,8100.0,8250.0,8050.0,8200.0,55894200,ASII.JK
2018-12-07,5127.34814453125,8225.0,8275.0,8075.0,8100.0,58677800,ASII.JK
2018-12-10,5080.59326171875,8150.0,8175.0,8050.0,8075.0,23912000,ASII.JK
2018-12-11,5080.59326171875,8150.0,8250.0,8150.0,8150.0,34673200,ASII.JK
2018-12-12,5142.931640625,8250.0,8275.0,8200.0,8275.0,23533500,ASII.JK
2018-12-13,5267.60888671875,8450.0,8625.0,8275.0,8300.0,57420600,ASII.JK
2018-12-14,5267.60888671875,8450.0,8500.0,8400.0,8500.0,36739100,ASII.JK
2018-12-17,5174.1015625,8300.0,8450.0,8250.0,8450.0,37179000,ASII.JK
2018-12-18,5220.85498046875,8375.0,8375.0,8200.0,8200.0,27136700,ASII.JK
2018-12-19,5252.02490234375,8425.0,8450.0,8325.0,8350.0,29886700,ASII.JK
2018-12-20,5283.19482421875,8475.0,8525.0,8325.0,8325.0,24652800,ASII.JK
2018-12-21,5252.02490234375,8425.0,8450.0,8300.0,8450.0,31157200,ASII.JK
2018-12-24,5252.02490234375,8425.0,8425.0,8425.0,8425.0,0,ASII.JK
2018-12-25,5252.02490234375,8425.0,8425.0,8425.0,8425.0,0,ASII.JK
2018-12-26,5065.0087890625,8125.0,8300.0,8125.0,8250.0,19355100,ASII.JK
2018-12-27,5127.34814453125,8225.0,8325.0,8175.0,8300.0,25748300,ASII.JK
2018-12-28,5127.34814453125,8225.0,8400.0,8225.0,8275.0,24480400,ASII.JK
2018-12-31,5127.34814453125,8225.0,8225.0,8225.0,8225.0,0,ASII.JK
2019-01-01,5127.34814453125,8225.0,8225.0,8225.0,8225.0,0,ASII.JK
2019-01-02,5111.76220703125,8200.0,8275.0,8125.0,8200.0,14014100,ASII.JK
2019-01-03,5220.85498046875,8375.0,8400.0,8100.0,8100.0,25148400,ASII.JK
2019-01-04,5205.2705078125,8350.0,8450.0,8200.0,8400.0,32475900,ASII.JK
2019-01-07,5080.59326171875,8150.0,8475.0,8150.0,8450.0,32649700,ASII.JK
2019-01-08,5096.17822265625,8175.0,8225.0,8125.0,8150.0,29130800,ASII.JK
2019-01-09,5111.76220703125,8200.0,8275.0,8150.0,8225.0,42977800,ASII.JK
2019-01-10,5111.76220703125,8200.0,8200.0,7950.0,8175.0,76803900,ASII.JK
2019-01-11,5174.1015625,8300.0,8300.0,8225.0,8300.0,32212200,ASII.JK
2019-01-14,5080.59326171875,8150.0,8225.0,8050.0,8225.0,40449800,ASII.JK
2019-01-15,5080.59326171875,8150.0,8150.0,8050.0,8150.0,56524700,ASII.JK
2019-01-16,5142.931640625,8250.0,8250.0,8125.0,8175.0,33593600,ASII.JK
2019-01-17,5158.5166015625,8275.0,8325.0,8200.0,8250.0,38888100,ASII.JK
2019-01-18,5283.19482421875,8475.0,8475.0,8275.0,8300.0,45180500,ASII.JK
2019-01-21,5189.68603515625,8325.0,8550.0,8300.0,8475.0,39949600,ASII.JK
2019-01-22,5111.76220703125,8200.0,8375.0,8150.0,8375.0,33129500,ASII.JK
2019-01-23,5096.17822265625,8175.0,8275.0,8175.0,8200.0,26554900,ASII.JK
2019-01-24,5252.02490234375,8425.0,8450.0,8225.0,8225.0,56764700,ASII.JK
2019-01-25,5252.02490234375,8425.0,8475.0,8275.0,8475.0,27967500,ASII.JK
2019-01-28,5220.85498046875,8375.0,8450.0,8275.0,8450.0,25672700,ASII.JK
2019-01-29,5220.85498046875,8375.0,8400.0,8275.0,8375.0,34675500,ASII.JK
2019-01-30,5205.2705078125,8350.0,8375.0,8225.0,8275.0,40835000,ASII.JK
2019-01-31,5267.60888671875,8450.0,8450.0,8325.0,8375.0,49304900,ASII.JK
2019-02-01,5267.60888671875,8450.0,8500.0,8350.0,8475.0,23915300,ASII.JK
2019-02-04,5111.76220703125,8200.0,8475.0,8175.0,8450.0,27634200,ASII.JK
2019-02-05,5111.76220703125,8200.0,8200.0,8200.0,8200.0,0,ASII.JK
2019-02-06,5127.34814453125,8225.0,8350.0,8225.0,8275.0,28617900,ASII.JK
2019-02-07,5111.76220703125,8200.0,8275.0,8150.0,8225.0,27500100,ASII.JK
2019-02-08,5080.59326171875,8150.0,8225.0,8100.0,8150.0,36834100,ASII.JK
2019-02-11,4987.08544921875,8000.0,8150.0,8000.0,8125.0,34439900,ASII.JK
2019-02-12,4768.90087890625,7650.0,8000.0,7650.0,8000.0,84655500,ASII.JK
2019-02-13,4784.48583984375,7675.0,7775.0,7550.0,7700.0,60065900,ASII.JK
2019-02-14,4737.7314453125,7600.0,7775.0,7550.0,7775.0,37462300,ASII.JK
2019-02-15,4737.7314453125,7600.0,7650.0,7525.0,7650.0,51353000,ASII.JK
2019-02-18,4909.16259765625,7875.0,7925.0,7700.0,7725.0,39041200,ASII.JK
2019-02-19,4846.82470703125,7775.0,7875.0,7725.0,7800.0,24292900,ASII.JK
2019-02-20,4846.82470703125,7775.0,7875.0,7625.0,7850.0,46538800,ASII.JK
2019-02-21,4800.06982421875,7700.0,7725.0,7650.0,7700.0,41248700,ASII.JK
2019-02-22,4753.31640625,7625.0,7700.0,7575.0,7650.0,32076500,ASII.JK
2019-02-25,4768.90087890625,7650.0,7800.0,7575.0,7625.0,34983600,ASII.JK
2019-02-26,4737.7314453125,7600.0,7675.0,7600.0,7625.0,29923400,ASII.JK
2019-02-27,4737.7314453125,7600.0,7650.0,7525.0,7650.0,38903200,ASII.JK
2019-02-28,4457.2080078125,7150.0,7550.0,7150.0,7550.0,119005400,ASII.JK
2019-03-01,4503.9619140625,7225.0,7400.0,7225.0,7250.0,56265500,ASII.JK
2019-03-04,4457.2080078125,7150.0,7275.0,7150.0,7200.0,31484700,ASII.JK
2019-03-05,4550.7158203125,7300.0,7375.0,7025.0,7125.0,60708500,ASII.JK
2019-03-06,4566.30029296875,7325.0,7400.0,7275.0,7400.0,35643300,ASII.JK
2019-03-07,4566.30029296875,7325.0,7325.0,7325.0,7325.0,0,ASII.JK
2019-03-08,4457.2080078125,7150.0,7225.0,7150.0,7200.0,86989800,ASII.JK
2019-03-11,4503.9619140625,7225.0,7300.0,7175.0,7300.0,33829300,ASII.JK
2019-03-12,4472.79248046875,7175.0,7350.0,7175.0,7250.0,36724200,ASII.JK
2019-03-13,4441.623046875,7125.0,7150.0,7100.0,7100.0,35882400,ASII.JK
2019-03-14,4488.37744140625,7200.0,7250.0,7125.0,7125.0,29057900,ASII.JK
2019-03-15,4566.30029296875,7325.0,7375.0,7200.0,7200.0,39356200,ASII.JK
2019-03-18,4566.30029296875,7325.0,7375.0,7275.0,7300.0,32558100,ASII.JK
2019-03-19,4535.13134765625,7275.0,7325.0,7225.0,7300.0,40585700,ASII.JK
2019-03-20,4535.13134765625,7275.0,7350.0,7225.0,7300.0,30377700,ASII.JK
2019-03-21,4519.54638671875,7250.0,7325.0,7225.0,7300.0,31066900,ASII.JK
2019-03-22,4503.9619140625,7225.0,7300.0,7225.0,7275.0,13387300,ASII.JK
2019-03-25,4394.86962890625,7050.0,7175.0,7000.0,7175.0,51758500,ASII.JK
2019-03-26,4426.03857421875,7100.0,7175.0,7075.0,7100.0,23711700,ASII.JK
2019-03-27,4472.79248046875,7175.0,7200.0,7100.0,7175.0,12546100,ASII.JK
2019-03-28,4426.03857421875,7100.0,7150.0,7050.0,7150.0,17584700,ASII.JK
2019-03-29,4550.7158203125,7300.0,7300.0,7100.0,7100.0,30122900,ASII.JK
2019-04-01,4581.88525390625,7350.0,7400.0,7275.0,7375.0,13152600,ASII.JK
2019-04-02,4628.638671875,7425.0,7450.0,7300.0,7325.0,28647700,ASII.JK
2019-04-03,4628.638671875,7425.0,7425.0,7425.0,7425.0,0,ASII.JK
2019-04-04,4706.56298828125,7550.0,7625.0,7500.0,7500.0,38598100,ASII.JK
2019-04-05,4768.90087890625,7650.0,7650.0,7500.0,7575.0,21303800,ASII.JK
2019-04-08,4690.97705078125,7525.0,7625.0,7375.0,7600.0,23973800,ASII.JK
2019-04-09,4784.48583984375,7675.0,7700.0,7475.0,7475.0,31230600,ASII.JK
2019-04-10,4768.90087890625,7650.0,7725.0,7625.0,7725.0,18506200,ASII.JK
2019-04-11,4690.97705078125,7525.0,7675.0,7475.0,7675.0,17082800,ASII.JK
2019-04-12,4690.97705078125,7525.0,7575.0,7450.0,7450.0,12332300,ASII.JK
2019-04-15,4737.7314453125,7600.0,7625.0,7475.0,7575.0,30002000,ASII.JK
2019-04-16,4831.2392578125,7750.0,7800.0,7550.0,7550.0,37600500,ASII.JK
2019-04-17,4831.2392578125,7750.0,7750.0,7750.0,7750.0,0,ASII.JK
2019-04-18,4893.578125,7850.0,8025.0,7775.0,7925.0,88459900,ASII.JK
2019-04-19,4893.578125,7850.0,7850.0,7850.0,7850.0,0,ASII.JK
2019-04-22,4690.97705078125,7525.0,7850.0,7500.0,7850.0,33999600,ASII.JK
2019-04-23,4768.90087890625,7650.0,7675.0,7550.0,7625.0,30486900,ASII.JK
2019-04-24,4768.90087890625,7650.0,7675.0,7600.0,7625.0,22044600,ASII.JK
2019-04-25,4706.56298828125,7550.0,7600.0,7400.0,7550.0,34998300,ASII.JK
2019-04-26,4768.90087890625,7650.0,7650.0,7475.0,7475.0,31531100,ASII.JK
2019-04-29,4737.7314453125,7600.0,7700.0,7500.0,7525.0,33169300,ASII.JK
2019-04-30,4753.31640625,7625.0,7675.0,7575.0,7650.0,29569700,ASII.JK
2019-05-01,4753.31640625,7625.0,7625.0,7625.0,7625.0,0,ASII.JK
2019-05-02,4659.80810546875,7475.0,7675.0,7450.0,7600.0,37010600,ASII.JK
2019-05-03,4628.638671875,7425.0,7500.0,7400.0,7475.0,30801100,ASII.JK
2019-05-06,4628.638671875,7425.0,7450.0,7300.0,7350.0,22291100,ASII.JK
2019-05-07,4790.41796875,7525.0,7550.0,7375.0,7400.0,22700800,ASII.JK
2019-05-08,4710.84326171875,7400.0,7475.0,7375.0,7450.0,22454500,ASII.JK
2019-05-09,4551.693359375,7150.0,7350.0,7125.0,7325.0,42585100,ASII.JK
2019-05-10,4567.60791015625,7175.0,7225.0,7075.0,7200.0,37086400,ASII.JK
2019-05-13,4472.1181640625,7025.0,7150.0,6975.0,7100.0,26992400,ASII.JK
2019-05-14,4456.203125,7000.0,7050.0,6825.0,6900.0,47782200,ASII.JK
2019-05-15,4424.37255859375,6950.0,7075.0,6875.0,7075.0,30786000,ASII.JK
2019-05-16,4312.9677734375,6775.0,6950.0,6725.0,6900.0,47245500,ASII.JK
2019-05-17,4265.22265625,6700.0,6925.0,6700.0,6900.0,25102800,ASII.JK
2019-05-20,4392.54296875,6900.0,6925.0,6625.0,6650.0,28865800,ASII.JK
2019-05-21,4456.203125,7000.0,7050.0,6925.0,6925.0,35020100,ASII.JK
2019-05-22,4456.203125,7000.0,7025.0,6850.0,7000.0,22967500,ASII.JK
2019-05-23,4519.86328125,7100.0,7125.0,6975.0,7000.0,26460200,ASII.JK
2019-05-24,4567.60791015625,7175.0,7200.0,7050.0,7125.0,22372000,ASII.JK
2019-05-27,4535.77783203125,7125.0,7225.0,7100.0,7175.0,20859100,ASII.JK
2019-05-28,4503.947265625,7075.0,7200.0,7050.0,7200.0,77066000,ASII.JK
2019-05-29,4583.5234375,7200.0,7275.0,7050.0,7075.0,28805600,ASII.JK
2019-05-30,4583.5234375,7200.0,7200.0,7200.0,7200.0,0,ASII.JK
2019-05-31,4742.67333984375,7450.0,7450.0,7175.0,7250.0,46478800,ASII.JK
2019-06-03,4742.67333984375,7450.0,7450.0,7450.0,7450.0,0,ASII.JK
2019-06-04,4742.67333984375,7450.0,7450.0,7450.0,7450.0,0,ASII.JK
2019-06-05,4742.67333984375,7450.0,7450.0,7450.0,7450.0,0,ASII.JK
2019-06-06,4742.67333984375,7450.0,7450.0,7450.0,7450.0,0,ASII.JK
2019-06-07,4742.67333984375,7450.0,7450.0,7450.0,7450.0,0,ASII.JK
2019-06-10,4885.90869140625,7675.0,7700.0,7550.0,7575.0,50332200,ASII.JK
2019-06-11,4854.07861328125,7625.0,7675.0,7450.0,7525.0,37387000,ASII.JK
2019-06-12,4774.50341796875,7500.0,7575.0,7450.0,7500.0,27570300,ASII.JK
2019-06-13,4774.50341796875,7500.0,7525.0,7375.0,7450.0,33860400,ASII.JK
2019-06-14,4726.7578125,7425.0,7575.0,7400.0,7500.0,28282900,ASII.JK
2019-06-17,4694.927734375,7375.0,7450.0,7375.0,7425.0,11239700,ASII.JK
2019-06-18,4774.50341796875,7500.0,7500.0,7400.0,7425.0,17393200,ASII.JK
2019-06-20,4838.16357421875,7600.0,7625.0,7500.0,7575.0,26961500,ASII.JK
2019-06-21,4742.67333984375,7450.0,7625.0,7350.0,7625.0,72597200,ASII.JK
2019-06-24,4679.013671875,7350.0,7450.0,7300.0,7375.0,23779400,ASII.JK
2019-06-25,4679.013671875,7350.0,7400.0,7275.0,7275.0,23606900,ASII.JK
2019-06-26,4615.35302734375,7250.0,7375.0,7225.0,7375.0,20215500,ASII.JK
2019-06-27,4694.927734375,7375.0,7425.0,7250.0,7250.0,24916300,ASII.JK
2019-06-28,4742.67333984375,7450.0,7475.0,7350.0,7400.0,22286100,ASII.JK
2019-07-01,4694.927734375,7375.0,7500.0,7300.0,7475.0,28466100,ASII.JK
2019-07-02,4647.18310546875,7300.0,7400.0,7250.0,7400.0,30466600,ASII.JK
2019-07-03,4631.2685546875,7275.0,7350.0,7225.0,7275.0,30525700,ASII.JK
2019-07-04,4615.35302734375,7250.0,7300.0,7200.0,7300.0,25196500,ASII.JK
2019-07-05,4551.693359375,7150.0,7250.0,7150.0,7200.0,17084700,ASII.JK
2019-07-08,4647.18310546875,7300.0,7325.0,7175.0,7225.0,20878100,ASII.JK
2019-07-09,4631.2685546875,7275.0,7325.0,7225.0,7325.0,21689700,ASII.JK
2019-07-10,4742.67333984375,7450.0,7450.0,7300.0,7325.0,39466400,ASII.JK
2019-07-11,4790.41796875,7525.0,7525.0,7425.0,7475.0,33821300,ASII.JK
2019-07-12,4742.67333984375,7450.0,7500.0,7400.0,7500.0,31711400,ASII.JK
2019-07-15,4726.7578125,7425.0,7500.0,7400.0,7500.0,26628700,ASII.JK
2019-07-16,4742.67333984375,7450.0,7475.0,7400.0,7450.0,18188000,ASII.JK
2019-07-17,4519.86328125,7100.0,7400.0,7100.0,7400.0,56668400,ASII.JK
2019-07-18,4551.693359375,7150.0,7200.0,7075.0,7100.0,22334900,ASII.JK
2019-07-19,4519.86328125,7100.0,7200.0,7075.0,7175.0,28008400,ASII.JK
2019-07-22,4519.86328125,7100.0,7150.0,7050.0,7100.0,18040600,ASII.JK
2019-07-23,4551.693359375,7150.0,7200.0,7125.0,7150.0,25156100,ASII.JK
2019-07-24,4567.60791015625,7175.0,7250.0,7175.0,7225.0,25597700,ASII.JK
2019-07-25,4647.18310546875,7300.0,7300.0,7175.0,7225.0,35643500,ASII.JK
2019-07-26,4503.947265625,7075.0,7175.0,7075.0,7175.0,26627900,ASII.JK
2019-07-29,4567.60791015625,7175.0,7175.0,7050.0,7075.0,18841000,ASII.JK
2019-07-30,4631.2685546875,7275.0,7275.0,7175.0,7175.0,30765800,ASII.JK
2019-07-31,4456.203125,7000.0,7200.0,7000.0,7150.0,61515300,ASII.JK
2019-08-01,4472.1181640625,7025.0,7075.0,6975.0,7000.0,37270900,ASII.JK
2019-08-02,4503.947265625,7075.0,7100.0,6950.0,6950.0,40942800,ASII.JK
2019-08-05,4408.45849609375,6925.0,7025.0,6900.0,6975.0,44819000,ASII.JK
2019-08-06,4297.05419921875,6750.0,6900.0,6750.0,6800.0,55429900,ASII.JK
2019-08-07,4281.13818359375,6725.0,6850.0,6725.0,6750.0,31631500,ASII.JK
2019-08-08,4392.54296875,6900.0,6950.0,6750.0,6750.0,31521500,ASII.JK
2019-08-09,4312.9677734375,6775.0,6950.0,6775.0,6900.0,22712900,ASII.JK
2019-08-12,4297.05419921875,6750.0,6850.0,6725.0,6850.0,17186100,ASII.JK
2019-08-13,4249.30810546875,6675.0,6750.0,6600.0,6750.0,34123600,ASII.JK
2019-08-14,4249.30810546875,6675.0,6750.0,6600.0,6725.0,36012100,ASII.JK
2019-08-15,4153.81787109375,6525.0,6625.0,6500.0,6600.0,36960700,ASII.JK
2019-08-16,4137.90380859375,6500.0,6600.0,6500.0,6575.0,24416100,ASII.JK
2019-08-19,4090.15673828125,6425.0,6600.0,6425.0,6600.0,31718800,ASII.JK
2019-08-20,4090.15673828125,6425.0,6500.0,6375.0,6475.0,29465900,ASII.JK
2019-08-21,4042.4130859375,6350.0,6500.0,6350.0,6425.0,21306900,ASII.JK
2019-08-22,4026.49755859375,6325.0,6400.0,6250.0,6375.0,53070300,ASII.JK
2019-08-23,4185.64697265625,6575.0,6575.0,6275.0,6350.0,35340800,ASII.JK
2019-08-26,4185.64697265625,6575.0,6650.0,6425.0,6475.0,24275700,ASII.JK
2019-08-27,4153.81787109375,6525.0,6625.0,6500.0,6625.0,79684000,ASII.JK
2019-08-28,4106.0732421875,6450.0,6575.0,6425.0,6525.0,28499000,ASII.JK
2019-08-29,4090.15673828125,6425.0,6500.0,6425.0,6475.0,18028100,ASII.JK
2019-08-30,4249.30810546875,6675.0,6750.0,6475.0,6500.0,53158400,ASII.JK
2019-09-02,4169.7333984375,6550.0,6725.0,6550.0,6725.0,18009100,ASII.JK
2019-09-03,4121.98828125,6475.0,6600.0,6400.0,6600.0,26812500,ASII.JK
2019-09-04,4137.90380859375,6500.0,6500.0,6375.0,6475.0,25562700,ASII.JK
2019-09-05,4265.22265625,6700.0,6700.0,6525.0,6575.0,26551900,ASII.JK
2019-09-06,4297.05419921875,6750.0,6750.0,6650.0,6725.0,21425300,ASII.JK
2019-09-09,4233.392578125,6650.0,6750.0,6625.0,6750.0,21619600,ASII.JK
2019-09-10,4249.30810546875,6675.0,6725.0,6600.0,6675.0,20241600,ASII.JK
2019-09-11,4408.45849609375,6925.0,6925.0,6675.0,6700.0,29449700,ASII.JK
2019-09-12,4297.05419921875,6750.0,6925.0,6750.0,6900.0,18842400,ASII.JK
2019-09-13,4297.05419921875,6750.0,6875.0,6725.0,6850.0,13398000,ASII.JK
2019-09-16,4265.22265625,6700.0,6775.0,6575.0,6750.0,25529200,ASII.JK
2019-09-17,4121.98828125,6475.0,6725.0,6475.0,6700.0,27745300,ASII.JK
2019-09-18,4265.22265625,6700.0,6700.0,6500.0,6525.0,24627700,ASII.JK
2019-09-19,4201.56396484375,6600.0,6725.0,6575.0,6725.0,13478800,ASII.JK
2019-09-20,4185.64697265625,6575.0,6600.0,6525.0,6575.0,45888900,ASII.JK
2019-09-23,4217.4775390625,6625.0,6625.0,6550.0,6575.0,14044900,ASII.JK
2019-09-24,4121.98828125,6475.0,6625.0,6450.0,6575.0,29738600,ASII.JK
2019-09-25,4137.90380859375,6500.0,6500.0,6400.0,6400.0,17781500,ASII.JK
2019-09-26,4265.22265625,6700.0,6700.0,6525.0,6575.0,37979500,ASII.JK
2019-09-27,4233.392578125,6650.0,6700.0,6600.0,6700.0,9831000,ASII.JK
2019-09-30,4201.56396484375,6600.0,6675.0,6575.0,6650.0,21089600,ASII.JK
2019-10-01,4169.7333984375,6550.0,6625.0,6550.0,6550.0,7452500,ASII.JK
2019-10-02,4106.0732421875,6450.0,6550.0,6450.0,6500.0,11128500,ASII.JK
2019-10-03,4121.98828125,6475.0,6500.0,6300.0,6400.0,20769800,ASII.JK
2019-10-04,4090.15673828125,6425.0,6550.0,6400.0,6550.0,10680600,ASII.JK
2019-10-07,4062.539306640625,6325.0,6450.0,6300.0,6400.0,13250100,ASII.JK
2019-10-08,4078.59619140625,6350.0,6400.0,6275.0,6325.0,25385900,ASII.JK
2019-10-09,4030.424560546875,6275.0,6350.0,6250.0,6300.0,15376200,ASII.JK
2019-10-10,4030.424560546875,6275.0,6350.0,6250.0,6275.0,12172600,ASII.JK
2019-10-11,4158.8837890625,6475.0,6475.0,6275.0,6275.0,16181100,ASII.JK
2019-10-14,4126.76904296875,6425.0,6600.0,6375.0,6550.0,21236100,ASII.JK
2019-10-15,4110.7109375,6400.0,6425.0,6350.0,6400.0,20590600,ASII.JK
2019-10-16,4094.653564453125,6375.0,6425.0,6300.0,6400.0,32586000,ASII.JK
2019-10-17,4255.228515625,6625.0,6625.0,6325.0,6350.0,49979500,ASII.JK
2019-10-18,4303.4013671875,6700.0,6750.0,6550.0,6650.0,38012800,ASII.JK
2019-10-21,4319.45849609375,6725.0,6750.0,6600.0,6700.0,12245000,ASII.JK
2019-10-22,4335.51611328125,6750.0,6750.0,6550.0,6750.0,32099000,ASII.JK
2019-10-23,4335.51611328125,6750.0,6775.0,6650.0,6700.0,28015600,ASII.JK
2019-10-24,4463.97607421875,6950.0,6975.0,6750.0,6800.0,44294700,ASII.JK
2019-10-25,4367.63134765625,6800.0,6975.0,6775.0,6950.0,25245600,ASII.JK
2019-10-28,4431.8603515625,6900.0,6900.0,6775.0,6800.0,12206400,ASII.JK
2019-10-29,4480.033203125,6975.0,6975.0,6875.0,6875.0,32681600,ASII.JK
2019-10-30,4463.97607421875,6950.0,7000.0,6875.0,7000.0,22319800,ASII.JK
2019-10-31,4463.97607421875,6950.0,6975.0,6825.0,6950.0,26502100,ASII.JK
2019-11-01,4367.63134765625,6800.0,6975.0,6725.0,6975.0,17213000,ASII.JK
2019-11-04,4303.4013671875,6700.0,6825.0,6700.0,6800.0,19339100,ASII.JK
2019-11-05,4431.8603515625,6900.0,6950.0,6750.0,6775.0,42041800,ASII.JK
2019-11-06,4399.74560546875,6850.0,6975.0,6825.0,6975.0,29565500,ASII.JK
2019-11-07,4319.45849609375,6725.0,6925.0,6650.0,6925.0,29891900,ASII.JK
2019-11-08,4255.228515625,6625.0,6700.0,6550.0,6700.0,34878600,ASII.JK
2019-11-11,4271.28564453125,6650.0,6650.0,6550.0,6650.0,19373700,ASII.JK
2019-11-12,4351.5732421875,6775.0,6800.0,6550.0,6650.0,29633100,ASII.JK
2019-11-13,4319.45849609375,6725.0,6775.0,6675.0,6775.0,20566300,ASII.JK
2019-11-14,4223.11376953125,6575.0,6700.0,6550.0,6675.0,18695900,ASII.JK
2019-11-15,4190.99951171875,6525.0,6650.0,6475.0,6650.0,30343300,ASII.JK
2019-11-18,4239.1708984375,6600.0,6600.0,6525.0,6525.0,27729100,ASII.JK
2019-11-19,4271.28564453125,6650.0,6700.0,6575.0,6650.0,18139800,ASII.JK
2019-11-20,4255.228515625,6625.0,6675.0,6550.0,6600.0,24083000,ASII.JK
2019-11-21,4239.1708984375,6600.0,6650.0,6525.0,6550.0,19675100,ASII.JK
2019-11-22,4255.228515625,6625.0,6650.0,6575.0,6600.0,23600000,ASII.JK
2019-11-25,4174.94091796875,6500.0,6600.0,6475.0,6600.0,24848800,ASII.JK
2019-11-26,4078.59619140625,6350.0,6575.0,6350.0,6575.0,79166300,ASII.JK
2019-11-27,4126.76904296875,6425.0,6475.0,6350.0,6400.0,37566700,ASII.JK
2019-11-28,4110.7109375,6400.0,6425.0,6350.0,6425.0,17353400,ASII.JK
2019-11-29,4174.94091796875,6500.0,6575.0,6375.0,6400.0,33440400,ASII.JK
2019-12-02,4271.28564453125,6650.0,6650.0,6500.0,6500.0,22114700,ASII.JK
2019-12-03,4190.99951171875,6525.0,6675.0,6525.0,6650.0,15510600,ASII.JK
2019-12-04,4207.0556640625,6550.0,6575.0,6475.0,6500.0,16154100,ASII.JK
2019-12-05,4303.4013671875,6700.0,6700.0,6550.0,6600.0,26468200,ASII.JK
2019-12-06,4351.5732421875,6775.0,6775.0,6625.0,6675.0,27395100,ASII.JK
2019-12-09,4287.34326171875,6675.0,6775.0,6625.0,6775.0,16336900,ASII.JK
2019-12-10,4271.28564453125,6650.0,6750.0,6625.0,6625.0,19229100,ASII.JK
2019-12-11,4207.0556640625,6550.0,6675.0,6550.0,6675.0,22787600,ASII.JK
2019-12-12,4207.0556640625,6550.0,6600.0,6550.0,6575.0,16626700,ASII.JK
2019-12-13,4399.74560546875,6850.0,6900.0,6700.0,6700.0,66943600,ASII.JK
2019-12-16,4480.033203125,6975.0,7025.0,6875.0,6900.0,43517600,ASII.JK
2019-12-17,4463.97607421875,6950.0,7000.0,6875.0,6975.0,29835500,ASII.JK
2019-12-18,4431.8603515625,6900.0,6925.0,6750.0,6875.0,31614900,ASII.JK
2019-12-19,4399.74560546875,6850.0,6900.0,6775.0,6875.0,17259400,ASII.JK
2019-12-20,4447.91796875,6925.0,6925.0,6750.0,6850.0,38886700,ASII.JK
2019-12-23,4431.8603515625,6900.0,7000.0,6775.0,7000.0,23654800,ASII.JK
2019-12-26,4415.802734375,6875.0,6950.0,6800.0,6800.0,18685200,ASII.JK
2019-12-27,4447.91796875,6925.0,6925.0,6850.0,6925.0,13714400,ASII.JK
2019-12-30,4447.91796875,6925.0,6950.0,6850.0,6925.0,25494000,ASII.JK
2020-01-02,4415.802734375,6875.0,6925.0,6775.0,6925.0,15008600,ASII.JK
2020-01-03,4463.97607421875,6950.0,6950.0,6825.0,6925.0,19068800,ASII.JK
2020-01-06,4335.51611328125,6750.0,6900.0,6750.0,6900.0,22261900,ASII.JK
2020-01-07,4351.5732421875,6775.0,6825.0,6675.0,6800.0,27963000,ASII.JK
2020-01-08,4351.5732421875,6775.0,6825.0,6700.0,6700.0,15150400,ASII.JK
2020-01-09,4415.802734375,6875.0,6875.0,6750.0,6800.0,19691200,ASII.JK
2020-01-10,4383.6884765625,6825.0,6925.0,6825.0,6900.0,17687600,ASII.JK
2020-01-13,4447.91796875,6925.0,6925.0,6825.0,6850.0,29585200,ASII.JK
2020-01-14,4608.4931640625,7175.0,7175.0,6925.0,6975.0,41214400,ASII.JK
2020-01-15,4624.55029296875,7200.0,7250.0,7025.0,7150.0,38535100,ASII.JK
2020-01-16,4576.37841796875,7125.0,7200.0,7075.0,7125.0,38504400,ASII.JK
2020-01-17,4544.26318359375,7075.0,7150.0,7000.0,7075.0,26714800,ASII.JK
2020-01-20,4496.09130859375,7000.0,7125.0,6975.0,7100.0,22389100,ASII.JK
2020-01-21,4512.14892578125,7025.0,7025.0,6925.0,7025.0,12520300,ASII.JK
2020-01-22,4496.09130859375,7000.0,7075.0,6975.0,7025.0,20100300,ASII.JK
2020-01-23,4528.2060546875,7050.0,7100.0,7000.0,7050.0,18020200,ASII.JK
2020-01-24,4480.033203125,6975.0,7050.0,6975.0,7000.0,13710000,ASII.JK
2020-01-27,4319.45849609375,6725.0,6975.0,6700.0,6975.0,17470800,ASII.JK
2020-01-28,4383.6884765625,6825.0,6825.0,6650.0,6675.0,23466100,ASII.JK
2020-01-29,4383.6884765625,6825.0,6850.0,6750.0,6850.0,12646100,ASII.JK
2020-01-30,4255.228515625,6625.0,6800.0,6625.0,6775.0,25324800,ASII.JK
2020-01-31,4078.59619140625,6350.0,6675.0,6350.0,6650.0,66460400,ASII.JK
2020-02-03,4030.424560546875,6275.0,6425.0,6250.0,6275.0,34538400,ASII.JK
2020-02-04,4110.7109375,6400.0,6450.0,6300.0,6350.0,46272800,ASII.JK
2020-02-05,4110.7109375,6400.0,6500.0,6300.0,6450.0,32227100,ASII.JK
2020-02-06,4174.94091796875,6500.0,6525.0,6425.0,6500.0,26015800,ASII.JK
2020-02-07,4110.7109375,6400.0,6550.0,6400.0,6550.0,13918700,ASII.JK
2020-02-10,3982.25146484375,6200.0,6400.0,6175.0,6400.0,45366900,ASII.JK
2020-02-11,3918.021728515625,6100.0,6300.0,6050.0,6300.0,54325000,ASII.JK
2020-02-12,3837.735107421875,5975.0,6100.0,5925.0,6075.0,51100700,ASII.JK
2020-02-13,3821.677490234375,5950.0,6025.0,5925.0,5975.0,33021700,ASII.JK
2020-02-14,3918.021728515625,6100.0,6100.0,5925.0,5975.0,60901000,ASII.JK
2020-02-17,3918.021728515625,6100.0,6175.0,6050.0,6150.0,16567600,ASII.JK
2020-02-18,3918.021728515625,6100.0,6200.0,6050.0,6050.0,27960300,ASII.JK
2020-02-19,4014.366943359375,6250.0,6250.0,6150.0,6175.0,35186100,ASII.JK
2020-02-20,4030.424560546875,6275.0,6275.0,6125.0,6275.0,37995400,ASII.JK
2020-02-21,3982.25146484375,6200.0,6300.0,6150.0,6275.0,33804700,ASII.JK
2020-02-24,3918.021728515625,6100.0,6150.0,6025.0,6050.0,34190600,ASII.JK
2020-02-25,3998.31005859375,6225.0,6275.0,5975.0,6000.0,40723200,ASII.JK
2020-02-26,3885.9072265625,6050.0,6150.0,6050.0,6100.0,34453700,ASII.JK
2020-02-27,3821.677490234375,5950.0,6100.0,5950.0,6100.0,44801100,ASII.JK
2020-02-28,3548.70068359375,5525.0,5850.0,5525.0,5850.0,100693900,ASII.JK
2020-03-02,3661.102783203125,5700.0,5850.0,5625.0,5700.0,63765800,ASII.JK
2020-03-03,3789.562255859375,5900.0,5975.0,5775.0,5850.0,53817300,ASII.JK
2020-03-04,3837.735107421875,5975.0,6025.0,5875.0,5900.0,43566600,ASII.JK
2020-03-05,3885.9072265625,6050.0,6050.0,5875.0,6025.0,40537300,ASII.JK
2020-03-06,3645.044677734375,5675.0,5950.0,5675.0,5950.0,31282500,ASII.JK
2020-03-09,3227.550537109375,5025.0,5500.0,5025.0,5500.0,87904100,ASII.JK
2020-03-10,3307.837646484375,5150.0,5325.0,5100.0,5100.0,86444600,ASII.JK
2020-03-11,3291.7802734375,5125.0,5175.0,5050.0,5150.0,45134700,ASII.JK
2020-03-12,3153.6865234375,4910.0,5025.0,4820.0,5000.0,64824200,ASII.JK
2020-03-13,3153.6865234375,4910.0,4910.0,4910.0,4910.0,0,ASII.JK
2020-03-16,2948.151123046875,4590.0,4770.0,4530.0,4770.0,55655900,ASII.JK
2020-03-17,2742.615478515625,4270.0,4600.0,4270.0,4590.0,67166600,ASII.JK
2020-03-18,2665.5390625,4150.0,4350.0,3980.0,4290.0,61972000,ASII.JK
2020-03-19,2479.27294921875,3860.0,4020.0,3860.0,4020.0,27066700,ASII.JK
2020-03-20,2427.888916015625,3780.0,3900.0,3590.0,3890.0,141147800,ASII.JK
2020-03-23,2260.8916015625,3520.0,3780.0,3520.0,3780.0,40318500,ASII.JK
2020-03-24,2106.739990234375,3280.0,3610.0,3280.0,3570.0,89502100,ASII.JK
2020-03-26,2325.12158203125,3620.0,3680.0,3220.0,3220.0,180290700,ASII.JK
2020-03-27,2620.5791015625,4080.0,4360.0,3650.0,3650.0,150312000,ASII.JK
2020-03-30,2440.734619140625,3800.0,4080.0,3800.0,4080.0,45490800,ASII.JK
2020-03-31,2504.964599609375,3900.0,3980.0,3740.0,3880.0,62534800,ASII.JK
2020-04-01,2421.466064453125,3770.0,4090.0,3650.0,3880.0,78042900,ASII.JK
2020-04-02,2524.23388671875,3930.0,3930.0,3580.0,3670.0,39717300,ASII.JK
2020-04-03,2504.964599609375,3900.0,4050.0,3860.0,3990.0,42577100,ASII.JK
2020-04-06,2588.4638671875,4030.0,4040.0,3880.0,3920.0,71205800,ASII.JK
2020-04-07,2607.732666015625,4060.0,4250.0,3960.0,4060.0,79018000,ASII.JK
2020-04-08,2472.849609375,3850.0,4030.0,3810.0,4000.0,55980400,ASII.JK
2020-04-09,2627.00146484375,4090.0,4120.0,3870.0,3870.0,53526100,ASII.JK
2020-04-13,2543.502685546875,3960.0,4150.0,3920.0,4090.0,27520900,ASII.JK
2020-04-14,2543.502685546875,3960.0,4030.0,3920.0,3960.0,64571400,ASII.JK
2020-04-15,2453.580810546875,3820.0,4000.0,3800.0,4000.0,86149800,ASII.JK
2020-04-16,2325.12158203125,3620.0,3780.0,3620.0,3780.0,61494300,ASII.JK
2020-04-17,2440.734619140625,3800.0,3840.0,3680.0,3680.0,78593000,ASII.JK
2020-04-20,2389.35107421875,3720.0,3830.0,3710.0,3800.0,50406600,ASII.JK
2020-04-21,2337.96728515625,3640.0,3740.0,3610.0,3710.0,36590700,ASII.JK
2020-04-22,2337.96728515625,3640.0,3660.0,3450.0,3600.0,76750500,ASII.JK
2020-04-23,2415.04296875,3760.0,3790.0,3650.0,3700.0,85068700,ASII.JK
2020-04-24,2331.544189453125,3630.0,3760.0,3610.0,3760.0,49597000,ASII.JK
2020-04-27,2382.927978515625,3710.0,3760.0,3570.0,3670.0,45682200,ASII.JK
2020-04-28,2402.197021484375,3740.0,3790.0,3630.0,3750.0,53532700,ASII.JK
2020-04-29,2370.08203125,3690.0,3780.0,3650.0,3770.0,40557200,ASII.JK
2020-04-30,2472.849609375,3850.0,3860.0,3720.0,3750.0,92257000,ASII.JK
2020-05-04,2318.697998046875,3610.0,3750.0,3610.0,3750.0,71301800,ASII.JK
2020-05-05,2318.697998046875,3610.0,3660.0,3580.0,3630.0,54983300,ASII.JK
2020-05-06,2337.96728515625,3640.0,3680.0,3580.0,3610.0,70425000,ASII.JK
2020-05-08,2402.197021484375,3740.0,3740.0,3600.0,3690.0,63346500,ASII.JK
2020-05-11,2517.810791015625,3920.0,3920.0,3750.0,3760.0,79511800,ASII.JK
2020-05-12,2453.580810546875,3820.0,3920.0,3780.0,3920.0,58347900,ASII.JK
2020-05-13,2395.7744140625,3730.0,3820.0,3710.0,3820.0,44974600,ASII.JK
2020-05-14,2293.00634765625,3570.0,3710.0,3530.0,3700.0,80570900,ASII.JK
2020-05-15,2382.927978515625,3710.0,3720.0,3560.0,3590.0,65284900,ASII.JK
2020-05-18,2511.3876953125,3910.0,3950.0,3710.0,3720.0,88368200,ASII.JK
2020-05-19,2537.079833984375,3950.0,4040.0,3940.0,4000.0,77238800,ASII.JK
2020-05-20,2549.926025390625,3970.0,3980.0,3870.0,3950.0,38965700,ASII.JK
2020-05-26,2781.1533203125,4330.0,4360.0,3970.0,3970.0,116041900,ASII.JK
2020-05-27,2793.9990234375,4350.0,4390.0,4220.0,4350.0,68841200,ASII.JK
2020-05-28,2916.036376953125,4540.0,4580.0,4350.0,4370.0,86825700,ASII.JK
2020-05-29,3063.764404296875,4770.0,4770.0,4470.0,4520.0,164786500,ASII.JK
2020-06-02,3038.07275390625,4730.0,4950.0,4630.0,4760.0,72425900,ASII.JK
2020-06-03,3140.840576171875,4890.0,4950.0,4680.0,4750.0,76654100,ASII.JK
2020-06-04,3057.341552734375,4760.0,4960.0,4740.0,4950.0,82711000,ASII.JK
2020-06-05,3211.4931640625,5000.0,5025.0,4670.0,4780.0,63578800,ASII.JK
2020-06-08,3227.550537109375,5025.0,5250.0,4990.0,5250.0,53808200,ASII.JK
2020-06-09,3211.4931640625,5000.0,5125.0,4980.0,5100.0,43049500,ASII.JK
2020-06-10,3115.148681640625,4850.0,5025.0,4650.0,5025.0,39812900,ASII.JK
2020-06-11,3018.8037109375,4700.0,4840.0,4660.0,4840.0,53920100,ASII.JK
2020-06-12,3076.611083984375,4790.0,4820.0,4400.0,4590.0,45837700,ASII.JK
2020-06-15,3044.495849609375,4740.0,4850.0,4700.0,4800.0,42880500,ASII.JK
2020-06-16,3192.224365234375,4970.0,5000.0,4800.0,4800.0,38736700,ASII.JK
2020-06-17,3192.224365234375,4970.0,5000.0,4910.0,4990.0,24744500,ASII.JK
2020-06-18,3083.033447265625,4800.0,4970.0,4800.0,4970.0,40331900,ASII.JK
2020-06-19,3140.840576171875,4890.0,4910.0,4800.0,4830.0,62874800,ASII.JK
2020-06-22,3140.840576171875,4890.0,4940.0,4850.0,4930.0,25097200,ASII.JK
2020-06-23,3147.263671875,4900.0,4940.0,4850.0,4890.0,29490500,ASII.JK
2020-06-24,3211.4931640625,5000.0,5050.0,4900.0,4920.0,55421700,ASII.JK
2020-06-25,3249.291748046875,4900.0,4920.0,4800.0,4840.0,34952700,ASII.JK
2020-06-26,3249.291748046875,4900.0,4950.0,4900.0,4950.0,24019200,ASII.JK
2020-06-29,3182.9794921875,4800.0,4900.0,4750.0,4900.0,29368700,ASII.JK
2020-06-30,3182.9794921875,4800.0,4880.0,4800.0,4840.0,25197000,ASII.JK
2020-07-01,3189.6103515625,4810.0,4860.0,4770.0,4800.0,22586000,ASII.JK
2020-07-02,3229.39794921875,4870.0,4890.0,4810.0,4830.0,26575000,ASII.JK
2020-07-03,3216.135498046875,4850.0,4910.0,4840.0,4880.0,20400200,ASII.JK
2020-07-06,3209.504150390625,4840.0,4900.0,4840.0,4860.0,17783800,ASII.JK
2020-07-07,3202.87353515625,4830.0,4910.0,4800.0,4900.0,46178600,ASII.JK
2020-07-08,3255.9228515625,4910.0,4930.0,4770.0,4840.0,45246000,ASII.JK
2020-07-09,3249.291748046875,4900.0,5000.0,4880.0,4930.0,33377800,ASII.JK
2020-07-10,3202.87353515625,4830.0,4920.0,4830.0,4880.0,23181700,ASII.JK
2020-07-13,3249.291748046875,4900.0,4910.0,4850.0,4850.0,22481400,ASII.JK
2020-07-14,3282.447509765625,4950.0,4950.0,4880.0,4900.0,22418400,ASII.JK
2020-07-15,3415.071044921875,5150.0,5200.0,4970.0,4990.0,64249400,ASII.JK
2020-07-16,3481.383056640625,5250.0,5350.0,5150.0,5150.0,72113500,ASII.JK
2020-07-17,3448.227294921875,5200.0,5300.0,5200.0,5300.0,46235300,ASII.JK
2020-07-20,3381.915771484375,5100.0,5225.0,5025.0,5200.0,24829000,ASII.JK
2020-07-21,3564.27392578125,5375.0,5450.0,5100.0,5100.0,51878900,ASII.JK
2020-07-22,3514.539794921875,5300.0,5400.0,5200.0,5375.0,29493500,ASII.JK
2020-07-23,3431.64990234375,5175.0,5325.0,5125.0,5300.0,27787400,ASII.JK
2020-07-24,3348.759765625,5050.0,5175.0,5000.0,5175.0,32338100,ASII.JK
2020-07-27,3398.493408203125,5125.0,5150.0,5025.0,5075.0,17645200,ASII.JK
2020-07-28,3431.64990234375,5175.0,5225.0,5100.0,5175.0,30210400,ASII.JK
2020-07-29,3365.33740234375,5075.0,5225.0,5050.0,5175.0,32010100,ASII.JK
2020-07-30,3415.071044921875,5150.0,5225.0,5000.0,5025.0,32720500,ASII.JK
2020-08-03,3236.028564453125,4880.0,5150.0,4860.0,5100.0,66053200,ASII.JK
2020-08-04,3289.078125,4960.0,4960.0,4900.0,4900.0,32307000,ASII.JK
2020-08-05,3348.759765625,5050.0,5100.0,4950.0,4970.0,22883900,ASII.JK
2020-08-06,3464.8056640625,5225.0,5225.0,5050.0,5075.0,45906700,ASII.JK
2020-08-07,3497.9619140625,5275.0,5300.0,5100.0,5225.0,35036700,ASII.JK
2020-08-10,3398.493408203125,5125.0,5275.0,5125.0,5275.0,30588200,ASII.JK
2020-08-11,3464.8056640625,5225.0,5250.0,5150.0,5175.0,19877700,ASII.JK
2020-08-12,3580.85107421875,5400.0,5400.0,5175.0,5225.0,31304300,ASII.JK
2020-08-13,3580.85107421875,5400.0,5550.0,5375.0,5450.0,36344700,ASII.JK
2020-08-14,3564.27392578125,5375.0,5450.0,5350.0,5400.0,15337700,ASII.JK
2020-08-18,3564.27392578125,5375.0,5450.0,5300.0,5325.0,34974800,ASII.JK
2020-08-19,3514.539794921875,5300.0,5425.0,5250.0,5425.0,24870200,ASII.JK
2020-08-24,3514.539794921875,5300.0,5350.0,5250.0,5300.0,20000900,ASII.JK
2020-08-25,3514.539794921875,5300.0,5375.0,5300.0,5325.0,27807900,ASII.JK
2020-08-26,3547.6953125,5350.0,5400.0,5275.0,5400.0,29957700,ASII.JK
2020-08-27,3514.539794921875,5300.0,5400.0,5250.0,5375.0,27491500,ASII.JK
2020-08-28,3531.11767578125,5325.0,5325.0,5275.0,5300.0,20347900,ASII.JK
2020-08-31,3381.915771484375,5100.0,5350.0,5100.0,5325.0,42240600,ASII.JK
2020-09-01,3481.383056640625,5250.0,5250.0,5100.0,5175.0,20881000,ASII.JK
2020-09-02,3514.539794921875,5300.0,5350.0,5200.0,5300.0,19074500,ASII.JK
2020-09-03,3431.64990234375,5175.0,5350.0,5125.0,5350.0,38323300,ASII.JK
2020-09-04,3348.759765625,5050.0,5150.0,5025.0,5100.0,47966200,ASII.JK
2020-09-07,3332.181396484375,5025.0,5075.0,4950.0,5050.0,37120700,ASII.JK
2020-09-08,3398.493408203125,5125.0,5125.0,5025.0,5025.0,22790200,ASII.JK
2020-09-09,3249.291748046875,4900.0,5025.0,4900.0,5025.0,62626200,ASII.JK
2020-09-10,3023.830078125,4560.0,4610.0,4560.0,4560.0,142910700,ASII.JK
2020-09-11,3070.2490234375,4630.0,4700.0,4310.0,4350.0,76725700,ASII.JK
2020-09-14,3176.347900390625,4790.0,4830.0,4700.0,4780.0,57904800,ASII.JK
2020-09-15,3196.241943359375,4820.0,4870.0,4770.0,4850.0,35809700,ASII.JK
2020-09-16,3169.716552734375,4780.0,4860.0,4780.0,4850.0,21529200,ASII.JK
2020-09-17,3222.76611328125,4860.0,4880.0,4770.0,4770.0,26234600,ASII.JK
2020-09-18,3169.716552734375,4780.0,4870.0,4760.0,4840.0,46011300,ASII.JK
2020-09-21,3096.773681640625,4670.0,4800.0,4620.0,4790.0,23388100,ASII.JK
2020-09-22,3096.773681640625,4670.0,4740.0,4590.0,4600.0,22893300,ASII.JK
2020-09-23,3070.2490234375,4630.0,4730.0,4590.0,4680.0,15696100,ASII.JK
2020-09-24,3050.355224609375,4600.0,4650.0,4560.0,4620.0,24393300,ASII.JK
2020-09-25,3222.76611328125,4860.0,4920.0,4610.0,4610.0,40064600,ASII.JK
2020-09-28,3143.192626953125,4740.0,4910.0,4740.0,4870.0,28967600,ASII.JK
2020-09-29,3030.46142578125,4570.0,4800.0,4560.0,4760.0,31707100,ASII.JK
2020-09-30,2957.518310546875,4460.0,4570.0,4450.0,4560.0,40490200,ASII.JK
2020-10-01,3056.986572265625,4610.0,4640.0,4490.0,4490.0,32822900,ASII.JK
2020-10-02,3043.723876953125,4590.0,4640.0,4520.0,4630.0,33355000,ASII.JK
2020-10-05,3023.830078125,4560.0,4630.0,4540.0,4600.0,20624400,ASII.JK
2020-10-06,3063.617431640625,4620.0,4660.0,4600.0,4650.0,23682500,ASII.JK
2020-10-07,3088.297607421875,4630.0,4630.0,4560.0,4590.0,21814000,ASII.JK
2020-10-08,3168.339599609375,4750.0,4770.0,4630.0,4640.0,32946600,ASII.JK
2020-10-09,3161.669677734375,4740.0,4760.0,4700.0,4720.0,19525000,ASII.JK
2020-10-12,3134.989013671875,4700.0,4810.0,4700.0,4790.0,23749400,ASII.JK
2020-10-13,3161.669677734375,4740.0,4750.0,4650.0,4700.0,25032100,ASII.JK
2020-10-14,3215.03125,4820.0,4860.0,4710.0,4710.0,50174100,ASII.JK
2020-10-15,3161.669677734375,4740.0,4820.0,4740.0,4820.0,29382300,ASII.JK
2020-10-16,3288.40283203125,4930.0,4930.0,4700.0,4740.0,37775400,ASII.JK
2020-10-19,3335.094482421875,5000.0,5075.0,4880.0,4930.0,38057900,ASII.JK
2020-10-20,3451.82275390625,5175.0,5175.0,4960.0,4990.0,68915600,ASII.JK
2020-10-21,3501.848388671875,5250.0,5250.0,5175.0,5200.0,52567200,ASII.JK
2020-10-22,3501.848388671875,5250.0,5275.0,5200.0,5200.0,75883000,ASII.JK
2020-10-23,3601.9013671875,5400.0,5400.0,5250.0,5300.0,46040700,ASII.JK
2020-10-26,3601.9013671875,5400.0,5450.0,5300.0,5400.0,33055000,ASII.JK
2020-10-27,3618.5771484375,5425.0,5500.0,5300.0,5300.0,45393900,ASII.JK
2020-11-02,3601.9013671875,5400.0,5425.0,5275.0,5325.0,48772200,ASII.JK
2020-11-03,3668.603515625,5500.0,5500.0,5425.0,5450.0,44789800,ASII.JK
2020-11-04,3601.9013671875,5400.0,5500.0,5350.0,5475.0,22433700,ASII.JK
2020-11-05,3668.603515625,5500.0,5550.0,5425.0,5500.0,25384200,ASII.JK
2020-11-06,3885.385498046875,5825.0,5875.0,5525.0,5525.0,62036900,ASII.JK
2020-11-09,3735.305908203125,5600.0,5850.0,5600.0,5800.0,53921900,ASII.JK
2020-11-10,3835.35791015625,5750.0,5850.0,5700.0,5775.0,60062700,ASII.JK
2020-11-11,4002.113037109375,6000.0,6025.0,5850.0,5850.0,56581600,ASII.JK
2020-11-12,4002.113037109375,6000.0,6025.0,5775.0,5875.0,67819100,ASII.JK
2020-11-13,3935.411376953125,5900.0,5925.0,5850.0,5900.0,24090900,ASII.JK
2020-11-16,3952.086669921875,5925.0,6000.0,5900.0,5925.0,62526400,ASII.JK
2020-11-17,3868.709716796875,5800.0,5975.0,5800.0,5950.0,28012800,ASII.JK
2020-11-18,3852.033935546875,5775.0,5875.0,5750.0,5825.0,25384700,ASII.JK
2020-11-19,3818.682373046875,5725.0,5775.0,5725.0,5750.0,35427800,ASII.JK
2020-11-20,3818.682373046875,5725.0,5825.0,5700.0,5725.0,33703300,ASII.JK
2020-11-23,3868.709716796875,5800.0,5850.0,5725.0,5725.0,40933800,ASII.JK
2020-11-24,3868.709716796875,5800.0,5875.0,5800.0,5875.0,33117500,ASII.JK
2020-11-25,3701.954345703125,5550.0,5875.0,5550.0,5825.0,117614100,ASII.JK
2020-11-26,3768.656982421875,5650.0,5675.0,5500.0,5525.0,89572000,ASII.JK
2020-11-27,3701.954345703125,5550.0,5700.0,5525.0,5650.0,98376500,ASII.JK
2020-11-30,3535.199951171875,5300.0,5575.0,5200.0,5550.0,311402400,ASII.JK
2020-12-01,3701.954345703125,5550.0,5550.0,5400.0,5425.0,119445500,ASII.JK
2020-12-02,3818.682373046875,5725.0,5750.0,5575.0,5600.0,94220300,ASII.JK
2020-12-03,3751.981201171875,5625.0,5750.0,5600.0,5725.0,54407800,ASII.JK
2020-12-04,3802.007568359375,5700.0,5725.0,5550.0,5625.0,52405500,ASII.JK
2020-12-07,3902.060791015625,5850.0,5900.0,5725.0,5800.0,92859500,ASII.JK
2020-12-08,3802.007568359375,5700.0,5875.0,5675.0,5850.0,77339200,ASII.JK
2020-12-10,3885.385498046875,5825.0,5875.0,5750.0,5800.0,92988900,ASII.JK
2020-12-11,3785.332275390625,5675.0,5875.0,5650.0,5825.0,53669200,ASII.JK
2020-12-14,3785.332275390625,5675.0,5750.0,5650.0,5725.0,43821600,ASII.JK
2020-12-15,3968.762451171875,5950.0,5975.0,5650.0,5675.0,128853200,ASII.JK
2020-12-16,4085.490966796875,6125.0,6200.0,6000.0,6000.0,98362500,ASII.JK
2020-12-17,4135.517578125,6200.0,6200.0,6050.0,6125.0,76361900,ASII.JK
2020-12-18,4135.517578125,6200.0,6275.0,6175.0,6250.0,81878000,ASII.JK
2020-12-21,4102.16650390625,6150.0,6225.0,6100.0,6200.0,54800500,ASII.JK
2020-12-22,4052.14013671875,6075.0,6250.0,5950.0,6100.0,94394100,ASII.JK
2020-12-23,4002.113037109375,6000.0,6100.0,5825.0,6025.0,73880100,ASII.JK
2020-12-28,4052.14013671875,6075.0,6175.0,5950.0,6175.0,32572200,ASII.JK
2020-12-29,4035.463623046875,6050.0,6175.0,6000.0,6100.0,40341500,ASII.JK
2020-12-30,4018.7890625,6025.0,6125.0,6025.0,6100.0,39615400,ASII.JK
2021-01-04,4152.19189453125,6225.0,6250.0,6025.0,6100.0,34840200,ASII.JK
2021-01-05,4118.84130859375,6175.0,6250.0,6150.0,6225.0,27318400,ASII.JK
2021-01-06,4102.16650390625,6150.0,6225.0,5950.0,6175.0,42778200,ASII.JK
2021-01-07,4052.14013671875,6075.0,6200.0,6075.0,6175.0,33536400,ASII.JK
2021-01-08,4285.595703125,6425.0,6475.0,6100.0,6150.0,88590400,ASII.JK
2021-01-11,4352.29833984375,6525.0,6600.0,6475.0,6500.0,57622400,ASII.JK
2021-01-12,4352.29833984375,6525.0,6650.0,6400.0,6425.0,38226200,ASII.JK
2021-01-13,4519.05322265625,6775.0,6800.0,6500.0,6600.0,56171600,ASII.JK
2021-01-14,4519.05322265625,6775.0,6925.0,6775.0,6850.0,48209800,ASII.JK
2021-01-15,4385.6484375,6575.0,6850.0,6525.0,6800.0,45722300,ASII.JK
2021-01-18,4452.3505859375,6675.0,6700.0,6525.0,6575.0,48444700,ASII.JK
2021-01-19,4452.3505859375,6675.0,6775.0,6575.0,6775.0,37236400,ASII.JK
2021-01-20,4452.3505859375,6675.0,6775.0,6625.0,6625.0,27403000,ASII.JK
2021-01-21,4535.7275390625,6800.0,6800.0,6725.0,6800.0,32219700,ASII.JK
2021-01-22,4469.02685546875,6700.0,6850.0,6600.0,6825.0,34960500,ASII.JK
2021-01-25,4318.947265625,6475.0,6650.0,6325.0,6650.0,73391700,ASII.JK
2021-01-26,4235.5703125,6350.0,6575.0,6300.0,6475.0,39158300,ASII.JK
2021-01-27,4185.54296875,6275.0,6350.0,6150.0,6350.0,56444100,ASII.JK
2021-01-28,4185.54296875,6275.0,6450.0,6150.0,6150.0,54596400,ASII.JK
2021-01-29,4068.81494140625,6100.0,6375.0,5950.0,6300.0,71886200,ASII.JK
2021-02-01,4018.7890625,6025.0,6075.0,5750.0,5850.0,57416200,ASII.JK
2021-02-02,3985.438232421875,5975.0,6150.0,5875.0,6150.0,42421400,ASII.JK
2021-02-03,4102.16650390625,6150.0,6275.0,5950.0,6075.0,76420800,ASII.JK
2021-02-04,4135.517578125,6200.0,6225.0,6125.0,6225.0,29508100,ASII.JK
2021-02-05,4068.81494140625,6100.0,6250.0,6050.0,6250.0,34366600,ASII.JK
2021-02-08,4068.81494140625,6100.0,6200.0,6075.0,6200.0,28817400,ASII.JK
2021-02-09,3885.385498046875,5825.0,6200.0,5825.0,6100.0,113795000,ASII.JK
2021-02-10,3935.411376953125,5900.0,5975.0,5825.0,5850.0,43492200,ASII.JK
2021-02-11,3902.060791015625,5850.0,5950.0,5825.0,5875.0,37890700,ASII.JK
2021-02-15,3968.762451171875,5950.0,6250.0,5950.0,6100.0,178642200,ASII.JK
2021-02-16,3952.086669921875,5925.0,6000.0,5900.0,5975.0,35796600,ASII.JK
2021-02-17,3868.709716796875,5800.0,5925.0,5750.0,5900.0,56517500,ASII.JK
2021-02-18,3818.682373046875,5725.0,5875.0,5725.0,5750.0,56765900,ASII.JK
2021-02-19,3852.033935546875,5775.0,5850.0,5725.0,5725.0,42627800,ASII.JK
2021-02-22,3802.007568359375,5700.0,5850.0,5700.0,5825.0,55230300,ASII.JK
2021-02-23,3818.682373046875,5725.0,5825.0,5700.0,5700.0,60745000,ASII.JK
2021-02-24,3751.981201171875,5625.0,5850.0,5600.0,5775.0,73050200,ASII.JK
2021-02-25,3718.630615234375,5575.0,5700.0,5475.0,5700.0,123672200,ASII.JK
2021-02-26,3601.9013671875,5400.0,5525.0,5350.0,5450.0,146271500,ASII.JK
2021-03-01,3735.305908203125,5600.0,5600.0,5450.0,5500.0,118418900,ASII.JK
2021-03-02,3718.630615234375,5575.0,5675.0,5550.0,5650.0,87061500,ASII.JK
2021-03-03,3785.332275390625,5675.0,5700.0,5525.0,5625.0,49030200,ASII.JK
2021-03-04,3718.630615234375,5575.0,5700.0,5525.0,5675.0,70766800,ASII.JK
2021-03-05,3668.603515625,5500.0,5575.0,5475.0,5525.0,48034400,ASII.JK
2021-03-08,3701.954345703125,5550.0,5625.0,5475.0,5550.0,55652900,ASII.JK
2021-03-09,3685.279541015625,5525.0,5650.0,5400.0,5550.0,66908800,ASII.JK
2021-03-10,3618.5771484375,5425.0,5525.0,5400.0,5500.0,66154200,ASII.JK
2021-03-12,3651.928466796875,5475.0,5575.0,5450.0,5550.0,87065000,ASII.JK
2021-03-15,3685.279541015625,5525.0,5625.0,5500.0,5525.0,48489500,ASII.JK
2021-03-16,3701.954345703125,5550.0,5725.0,5550.0,5600.0,64804400,ASII.JK
2021-03-17,3718.630615234375,5575.0,5650.0,5550.0,5625.0,61881600,ASII.JK
2021-03-18,3818.682373046875,5725.0,5800.0,5625.0,5675.0,90338700,ASII.JK
2021-03-19,3852.033935546875,5775.0,5775.0,5625.0,5725.0,80429800,ASII.JK
2021-03-22,3718.630615234375,5575.0,5775.0,5550.0,5750.0,57320300,ASII.JK
2021-03-23,3718.630615234375,5575.0,5675.0,5550.0,5550.0,46973100,ASII.JK
2021-03-24,3635.2529296875,5450.0,5600.0,5450.0,5575.0,40065300,ASII.JK
2021-03-25,3635.2529296875,5450.0,5525.0,5400.0,5450.0,49497900,ASII.JK
2021-03-26,3735.305908203125,5600.0,5600.0,5475.0,5525.0,24880300,ASII.JK
2021-03-29,3685.279541015625,5525.0,5650.0,5525.0,5600.0,25164100,ASII.JK
2021-03-30,3601.9013671875,5400.0,5550.0,5400.0,5475.0,55842300,ASII.JK
2021-03-31,3518.524658203125,5275.0,5450.0,5225.0,5450.0,89835200,ASII.JK
2021-04-01,3568.550537109375,5350.0,5400.0,5325.0,5350.0,33323600,ASII.JK
2021-04-05,3568.550537109375,5350.0,5450.0,5350.0,5425.0,29142200,ASII.JK
2021-04-06,3568.550537109375,5350.0,5400.0,5300.0,5375.0,26040800,ASII.JK
2021-04-07,3551.87548828125,5325.0,5350.0,5275.0,5300.0,33361900,ASII.JK
2021-04-08,3535.199951171875,5300.0,5375.0,5300.0,5375.0,43680100,ASII.JK
2021-04-09,3518.524658203125,5275.0,5400.0,5275.0,5300.0,59348800,ASII.JK
2021-04-12,3385.12060546875,5075.0,5275.0,5050.0,5250.0,68211200,ASII.JK
2021-04-13,3385.12060546875,5075.0,5175.0,5025.0,5025.0,53505400,ASII.JK
2021-04-14,3501.848388671875,5250.0,5275.0,5100.0,5150.0,39277800,ASII.JK
2021-04-15,3501.848388671875,5250.0,5275.0,5175.0,5250.0,34533700,ASII.JK
2021-04-16,3501.848388671875,5250.0,5325.0,5200.0,5300.0,38151200,ASII.JK
2021-04-19,3468.497802734375,5200.0,5250.0,5200.0,5225.0,30832600,ASII.JK
2021-04-20,3535.199951171875,5300.0,5300.0,5150.0,5150.0,46601200,ASII.JK
2021-04-21,3485.173583984375,5225.0,5275.0,5200.0,5225.0,47261000,ASII.JK
2021-04-22,3635.2529296875,5450.0,5500.0,5225.0,5225.0,86785100,ASII.JK
2021-04-23,3751.981201171875,5625.0,5650.0,5475.0,5500.0,95175600,ASII.JK
2021-04-26,3751.981201171875,5625.0,5675.0,5600.0,5625.0,65428000,ASII.JK
2021-04-27,3685.279541015625,5525.0,5650.0,5475.0,5625.0,41552600,ASII.JK
2021-04-28,3568.550537109375,5350.0,5575.0,5325.0,5400.0,72011700,ASII.JK
2021-04-29,3618.5771484375,5425.0,5475.0,5350.0,5350.0,43203100,ASII.JK
2021-04-30,3668.603515625,5500.0,5550.0,5375.0,5450.0,56668600,ASII.JK
2021-05-03,3676.736572265625,5425.0,5500.0,5400.0,5450.0,29451000,ASII.JK
2021-05-04,3727.56689453125,5500.0,5575.0,5425.0,5500.0,39860400,ASII.JK
2021-05-05,3744.5107421875,5525.0,5600.0,5475.0,5525.0,27270000,ASII.JK
2021-05-06,3676.736572265625,5425.0,5600.0,5400.0,5600.0,34361400,ASII.JK
2021-05-07,3608.962646484375,5325.0,5475.0,5275.0,5450.0,30771700,ASII.JK
2021-05-10,3642.849853515625,5375.0,5425.0,5350.0,5350.0,25429700,ASII.JK
2021-05-11,3541.188720703125,5225.0,5425.0,5175.0,5400.0,49162600,ASII.JK
2021-05-17,3507.302001953125,5175.0,5325.0,5125.0,5300.0,47623100,ASII.JK
2021-05-18,3490.357666015625,5150.0,5200.0,5100.0,5150.0,45784300,ASII.JK
2021-05-19,3422.58447265625,5050.0,5125.0,5025.0,5100.0,47008800,ASII.JK
2021-05-20,3507.302001953125,5175.0,5200.0,5025.0,5050.0,49746900,ASII.JK
2021-05-21,3422.58447265625,5050.0,5225.0,5050.0,5175.0,43416900,ASII.JK
2021-05-24,3456.4716796875,5100.0,5150.0,5025.0,5100.0,33540000,ASII.JK
2021-05-25,3439.527587890625,5075.0,5150.0,5050.0,5100.0,45393500,ASII.JK
2021-05-27,3490.357666015625,5150.0,5225.0,5075.0,5100.0,99709500,ASII.JK
2021-05-28,3490.357666015625,5150.0,5225.0,5125.0,5175.0,24346700,ASII.JK
2021-05-31,3558.131591796875,5250.0,5300.0,5150.0,5175.0,41498000,ASII.JK
2021-06-02,3608.962646484375,5325.0,5350.0,5275.0,5350.0,43217400,ASII.JK
2021-06-03,3625.906005859375,5350.0,5350.0,5275.0,5350.0,49012700,ASII.JK
2021-06-04,3541.188720703125,5225.0,5350.0,5200.0,5325.0,35211100,ASII.JK
2021-06-07,3558.131591796875,5250.0,5300.0,5200.0,5225.0,31693200,ASII.JK
2021-06-08,3575.075927734375,5275.0,5325.0,5200.0,5300.0,35402300,ASII.JK
2021-06-09,3608.962646484375,5325.0,5350.0,5225.0,5275.0,24331300,ASII.JK
2021-06-10,3659.792724609375,5400.0,5425.0,5325.0,5400.0,42924200,ASII.JK
2021-06-11,3575.075927734375,5275.0,5425.0,5250.0,5400.0,44421700,ASII.JK
2021-06-14,3507.302001953125,5175.0,5350.0,5150.0,5350.0,40699500,ASII.JK
2021-06-15,3490.357666015625,5150.0,5200.0,5125.0,5175.0,35915800,ASII.JK
2021-06-16,3490.357666015625,5150.0,5200.0,5125.0,5200.0,29144900,ASII.JK
2021-06-17,3456.4716796875,5100.0,5150.0,5075.0,5125.0,38074600,ASII.JK
2021-06-18,3388.697265625,5000.0,5125.0,4900.0,5075.0,112157600,ASII.JK
2021-06-21,3334.478515625,4920.0,4970.0,4760.0,4920.0,48183300,ASII.JK
2021-06-22,3334.478515625,4920.0,5025.0,4900.0,4920.0,47156200,ASII.JK
2021-06-23,3341.255615234375,4930.0,5025.0,4920.0,4980.0,46351900,ASII.JK
2021-06-24,3348.032958984375,4940.0,4980.0,4910.0,4930.0,24665200,ASII.JK
2021-06-25,3334.478515625,4920.0,4980.0,4910.0,4940.0,33125300,ASII.JK
2021-06-28,3192.153564453125,4710.0,4930.0,4710.0,4920.0,53083400,ASII.JK
2021-06-29,3280.25927734375,4840.0,4920.0,4710.0,4730.0,70425700,ASII.JK
2021-06-30,3348.032958984375,4940.0,5000.0,4820.0,4830.0,34641700,ASII.JK
2021-07-01,3405.640869140625,5025.0,5100.0,4950.0,4990.0,42856900,ASII.JK
2021-07-02,3388.697265625,5000.0,5075.0,4980.0,5025.0,22436900,ASII.JK
2021-07-05,3348.032958984375,4940.0,5075.0,4920.0,5050.0,27554100,ASII.JK
2021-07-06,3320.923828125,4900.0,4970.0,4890.0,4970.0,31280100,ASII.JK
2021-07-07,3320.923828125,4900.0,4990.0,4860.0,4900.0,35907800,ASII.JK
2021-07-08,3307.3681640625,4880.0,4960.0,4850.0,4930.0,40566600,ASII.JK
2021-07-09,3327.70068359375,4910.0,4920.0,4870.0,4880.0,21088500,ASII.JK
2021-07-12,3334.478515625,4920.0,4950.0,4880.0,4910.0,26816600,ASII.JK
2021-07-13,3320.923828125,4900.0,4960.0,4850.0,4950.0,28998600,ASII.JK
2021-07-14,3205.707763671875,4730.0,4920.0,4730.0,4920.0,43408700,ASII.JK
2021-07-15,3259.926513671875,4810.0,4840.0,4640.0,4730.0,50750700,ASII.JK
2021-07-16,3307.3681640625,4880.0,4910.0,4820.0,4840.0,32544000,ASII.JK
2021-07-19,3239.594482421875,4780.0,4870.0,4780.0,4850.0,25106100,ASII.JK
2021-07-21,3300.59130859375,4870.0,4930.0,4780.0,4780.0,41716000,ASII.JK
2021-07-22,3375.14306640625,4980.0,5025.0,4900.0,4930.0,36287300,ASII.JK
2021-07-23,3354.810791015625,4950.0,5000.0,4910.0,5000.0,26847700,ASII.JK
2021-07-26,3232.817626953125,4770.0,4970.0,4770.0,4950.0,43373400,ASII.JK
2021-07-27,3226.03955078125,4760.0,4830.0,4730.0,4770.0,42635500,ASII.JK
2021-07-28,3192.153564453125,4710.0,4790.0,4710.0,4780.0,24083000,ASII.JK
2021-07-29,3151.48876953125,4650.0,4740.0,4650.0,4720.0,50238500,ASII.JK
2021-07-30,3198.93017578125,4720.0,4840.0,4670.0,4710.0,65379500,ASII.JK
2021-08-02,3266.704345703125,4820.0,4820.0,4730.0,4730.0,39192600,ASII.JK
2021-08-03,3348.032958984375,4940.0,4970.0,4830.0,4840.0,46414100,ASII.JK
2021-08-04,3320.923828125,4900.0,4970.0,4870.0,4970.0,25646900,ASII.JK
2021-08-05,3314.145751953125,4890.0,4930.0,4860.0,4900.0,31304900,ASII.JK
2021-08-06,3348.032958984375,4940.0,4980.0,4880.0,4940.0,45454600,ASII.JK
2021-08-09,3293.8134765625,4860.0,4950.0,4830.0,4940.0,31858700,ASII.JK
2021-08-10,3327.70068359375,4910.0,4930.0,4840.0,4900.0,41920300,ASII.JK
2021-08-12,3348.032958984375,4940.0,4960.0,4880.0,4940.0,22191700,ASII.JK
2021-08-13,3405.640869140625,5025.0,5075.0,4960.0,4960.0,62673300,ASII.JK
2021-08-16,3439.527587890625,5075.0,5075.0,4990.0,5050.0,46949700,ASII.JK
2021-08-18,3541.188720703125,5225.0,5300.0,5075.0,5100.0,102560600,ASII.JK
2021-08-19,3490.357666015625,5150.0,5275.0,5075.0,5225.0,53594900,ASII.JK
2021-08-20,3456.4716796875,5100.0,5150.0,5000.0,5150.0,32878200,ASII.JK
2021-08-23,3456.4716796875,5100.0,5150.0,5050.0,5100.0,30921500,ASII.JK
2021-08-24,3439.527587890625,5075.0,5175.0,5050.0,5175.0,32783500,ASII.JK
2021-08-25,3490.357666015625,5150.0,5200.0,5075.0,5150.0,26870400,ASII.JK
2021-08-26,3456.4716796875,5100.0,5200.0,5050.0,5200.0,28757400,ASII.JK
2021-08-27,3422.58447265625,5050.0,5100.0,5050.0,5100.0,26966100,ASII.JK
2021-08-30,3575.075927734375,5275.0,5275.0,5100.0,5100.0,51914600,ASII.JK
2021-08-31,3541.188720703125,5225.0,5300.0,5200.0,5275.0,45649200,ASII.JK
2021-09-01,3507.302001953125,5175.0,5275.0,5100.0,5225.0,26732500,ASII.JK
2021-09-02,3558.131591796875,5250.0,5250.0,5175.0,5200.0,17335000,ASII.JK
2021-09-03,3625.906005859375,5350.0,5350.0,5200.0,5250.0,28004500,ASII.JK
2021-09-06,3676.736572265625,5425.0,5450.0,5325.0,5375.0,28315200,ASII.JK
2021-09-07,3625.906005859375,5350.0,5450.0,5300.0,5425.0,23685800,ASII.JK
2021-09-08,3558.131591796875,5250.0,5375.0,5250.0,5375.0,44076000,ASII.JK
2021-09-09,3693.68017578125,5450.0,5450.0,5250.0,5250.0,49118000,ASII.JK
2021-09-10,3676.736572265625,5425.0,5475.0,5375.0,5450.0,31997100,ASII.JK
2021-09-13,3693.68017578125,5450.0,5500.0,5350.0,5425.0,29796400,ASII.JK
2021-09-14,3744.5107421875,5525.0,5550.0,5450.0,5500.0,34356900,ASII.JK
2021-09-15,3659.792724609375,5400.0,5550.0,5375.0,5525.0,61522300,ASII.JK
2021-09-16,3642.849853515625,5375.0,5475.0,5350.0,5425.0,27187700,ASII.JK
2021-09-17,3676.736572265625,5425.0,5425.0,5275.0,5375.0,44004000,ASII.JK
2021-09-20,3592.01904296875,5300.0,5425.0,5225.0,5425.0,46896100,ASII.JK
2021-09-21,3541.188720703125,5225.0,5275.0,5150.0,5275.0,23656300,ASII.JK
2021-09-22,3575.075927734375,5275.0,5350.0,5200.0,5225.0,21750800,ASII.JK
2021-09-23,3490.357666015625,5150.0,5325.0,5150.0,5275.0,27178400,ASII.JK
2021-09-24,3490.357666015625,5150.0,5225.0,5125.0,5150.0,29394300,ASII.JK
2021-09-27,3507.302001953125,5175.0,5225.0,5125.0,5150.0,25252300,ASII.JK
2021-09-28,3439.527587890625,5075.0,5200.0,5075.0,5175.0,35640900,ASII.JK
2021-09-29,3608.962646484375,5325.0,5350.0,5050.0,5075.0,42995900,ASII.JK
2021-09-30,3727.56689453125,5500.0,5500.0,5300.0,5375.0,44723000,ASII.JK
2021-10-01,3693.68017578125,5450.0,5500.0,5400.0,5450.0,27484100,ASII.JK
2021-10-04,3778.39794921875,5575.0,5625.0,5475.0,5500.0,52074900,ASII.JK
2021-10-05,3761.453857421875,5550.0,5650.0,5500.0,5575.0,27128000,ASII.JK
2021-10-06,4049.493408203125,5975.0,6100.0,5575.0,5600.0,168237500,ASII.JK
2021-10-07,3863.11474609375,5700.0,6000.0,5700.0,5975.0,97516000,ASII.JK
2021-10-08,4030.482666015625,5900.0,5975.0,5625.0,5700.0,91094200,ASII.JK
2021-10-11,3945.091064453125,5775.0,5950.0,5775.0,5925.0,38994500,ASII.JK
2021-10-12,4013.404296875,5875.0,5950.0,5775.0,5800.0,68823100,ASII.JK
2021-10-13,4286.6572265625,6275.0,6300.0,5925.0,5950.0,143652900,ASII.JK
2021-10-14,4252.50048828125,6225.0,6450.0,6125.0,6300.0,104502800,ASII.JK
2021-10-15,4269.5791015625,6250.0,6300.0,6125.0,6275.0,82896700,ASII.JK
2021-10-18,4252.50048828125,6225.0,6350.0,6200.0,6275.0,61419000,ASII.JK
2021-10-19,4337.892578125,6350.0,6375.0,6200.0,6275.0,52117000,ASII.JK
2021-10-21,4201.265625,6150.0,6350.0,6125.0,6350.0,132905200,ASII.JK
2021-10-22,4218.3447265625,6175.0,6225.0,6125.0,6150.0,26886400,ASII.JK
2021-10-25,4132.95263671875,6050.0,6225.0,6025.0,6200.0,51872000,ASII.JK
2021-10-26,4201.265625,6150.0,6175.0,6050.0,6050.0,25950500,ASII.JK
2021-10-27,4098.7958984375,6000.0,6125.0,6000.0,6100.0,40588700,ASII.JK
2021-10-28,4098.7958984375,6000.0,6175.0,5950.0,6000.0,50046900,ASII.JK
2021-10-29,4115.8740234375,6025.0,6250.0,6025.0,6225.0,82397400,ASII.JK
2021-11-01,4115.8740234375,6025.0,6150.0,6025.0,6050.0,37254100,ASII.JK
2021-11-02,4030.482666015625,5900.0,6100.0,5900.0,6025.0,25293400,ASII.JK
2021-11-03,4081.7177734375,5975.0,6025.0,5825.0,5900.0,90495000,ASII.JK
2021-11-04,4081.7177734375,5975.0,6075.0,5950.0,6075.0,41774200,ASII.JK
2021-11-05,4047.561279296875,5925.0,5975.0,5850.0,5900.0,80775400,ASII.JK
2021-11-08,4047.561279296875,5925.0,6000.0,5900.0,5925.0,23177300,ASII.JK
2021-11-09,3996.325439453125,5850.0,5950.0,5850.0,5900.0,41112200,ASII.JK
2021-11-10,4218.3447265625,6175.0,6250.0,5875.0,5925.0,104312600,ASII.JK
2021-11-11,4218.3447265625,6175.0,6250.0,6150.0,6200.0,51111700,ASII.JK
2021-11-12,4201.265625,6150.0,6225.0,6075.0,6200.0,26920800,ASII.JK
2021-11-15,4184.1875,6125.0,6175.0,6050.0,6150.0,22148900,ASII.JK
2021-11-16,4218.3447265625,6175.0,6250.0,6100.0,6125.0,42681000,ASII.JK
2021-11-17,4269.5791015625,6250.0,6250.0,6175.0,6225.0,49120900,ASII.JK
2021-11-18,4235.42236328125,6200.0,6250.0,6175.0,6250.0,29629900,ASII.JK
2021-11-19,4252.50048828125,6225.0,6250.0,6200.0,6225.0,37505200,ASII.JK
2021-11-22,4235.42236328125,6200.0,6375.0,6125.0,6250.0,62612600,ASII.JK
2021-11-23,4269.5791015625,6250.0,6300.0,6175.0,6250.0,31557400,ASII.JK
2021-11-24,4252.50048828125,6225.0,6275.0,6200.0,6275.0,25645300,ASII.JK
2021-11-25,4252.50048828125,6225.0,6300.0,6175.0,6250.0,32763500,ASII.JK
2021-11-26,4030.482666015625,5900.0,6225.0,5875.0,6200.0,93634100,ASII.JK
2021-11-29,4081.7177734375,5975.0,6000.0,5750.0,5900.0,87367400,ASII.JK
2021-11-30,3945.091064453125,5775.0,5975.0,5750.0,5950.0,97592700,ASII.JK
2021-12-01,3859.699462890625,5650.0,5850.0,5625.0,5825.0,102412800,ASII.JK
2021-12-02,3996.325439453125,5850.0,5875.0,5600.0,5650.0,48422300,ASII.JK
2021-12-03,3928.012451171875,5750.0,5925.0,5725.0,5900.0,31882900,ASII.JK
2021-12-06,3859.699462890625,5650.0,5800.0,5650.0,5750.0,53112400,ASII.JK
2021-12-07,4047.561279296875,5925.0,5925.0,5700.0,5700.0,39679500,ASII.JK
2021-12-08,3962.1689453125,5800.0,5950.0,5775.0,5925.0,44189500,ASII.JK
2021-12-09,4098.7958984375,6000.0,6000.0,5800.0,5900.0,35386900,ASII.JK
2021-12-10,4047.561279296875,5925.0,5950.0,5800.0,5950.0,55629400,ASII.JK
2021-12-13,4030.482666015625,5900.0,5975.0,5875.0,5925.0,30655800,ASII.JK
2021-12-14,4013.404296875,5875.0,5925.0,5850.0,5925.0,17233700,ASII.JK
2021-12-15,4098.7958984375,6000.0,6050.0,5875.0,5900.0,51113700,ASII.JK
2021-12-16,3962.1689453125,5800.0,6050.0,5800.0,6025.0,56929600,ASII.JK
2021-12-17,3962.1689453125,5800.0,5825.0,5725.0,5800.0,55854900,ASII.JK
2021-12-20,3876.777587890625,5675.0,5775.0,5675.0,5750.0,26290000,ASII.JK
2021-12-21,3859.699462890625,5650.0,5750.0,5650.0,5675.0,29127800,ASII.JK
2021-12-22,3842.620849609375,5625.0,5775.0,5625.0,5700.0,33727100,ASII.JK
2021-12-23,3910.93408203125,5725.0,5750.0,5625.0,5650.0,21744100,ASII.JK
2021-12-24,3876.777587890625,5675.0,5750.0,5650.0,5725.0,16203800,ASII.JK
2021-12-27,3876.777587890625,5675.0,5750.0,5650.0,5725.0,20426700,ASII.JK
2021-12-28,3910.93408203125,5725.0,5750.0,5650.0,5675.0,21833300,ASII.JK
2021-12-29,3928.012451171875,5750.0,5775.0,5675.0,5750.0,14260000,ASII.JK
2021-12-30,3893.855712890625,5700.0,5775.0,5700.0,5775.0,17144000,ASII.JK
2022-01-03,3910.93408203125,5725.0,5750.0,5625.0,5675.0,27052300,ASII.JK
2022-01-04,3945.091064453125,5775.0,5875.0,5725.0,5750.0,29770700,ASII.JK
2022-01-05,3808.464599609375,5575.0,5775.0,5550.0,5725.0,50423900,ASII.JK
2022-01-06,3876.777587890625,5675.0,5675.0,5575.0,5600.0,32155800,ASII.JK
2022-01-07,3893.855712890625,5700.0,5750.0,5650.0,5725.0,25014800,ASII.JK
2022-01-10,3859.699462890625,5650.0,5725.0,5650.0,5675.0,15379400,ASII.JK
2022-01-11,3893.855712890625,5700.0,5700.0,5650.0,5700.0,21800300,ASII.JK
2022-01-12,3910.93408203125,5725.0,5725.0,5650.0,5725.0,21283700,ASII.JK
2022-01-13,3945.091064453125,5775.0,5775.0,5675.0,5725.0,18618100,ASII.JK
2022-01-14,3910.93408203125,5725.0,5800.0,5700.0,5775.0,17719100,ASII.JK
2022-01-17,3876.777587890625,5675.0,5775.0,5650.0,5775.0,15859100,ASII.JK
2022-01-18,3859.699462890625,5650.0,5725.0,5575.0,5675.0,28165300,ASII.JK
2022-01-19,3825.542724609375,5600.0,5675.0,5575.0,5650.0,38051800,ASII.JK
2022-01-20,3774.30810546875,5525.0,5625.0,5500.0,5600.0,46564600,ASII.JK
2022-01-21,3825.542724609375,5600.0,5625.0,5500.0,5525.0,40709600,ASII.JK
2022-01-24,3774.30810546875,5525.0,5625.0,5525.0,5600.0,27127800,ASII.JK
2022-01-25,3723.072509765625,5450.0,5500.0,5375.0,5500.0,56709200,ASII.JK
2022-01-26,3723.072509765625,5450.0,5500.0,5425.0,5500.0,27985700,ASII.JK
2022-01-27,3740.151611328125,5475.0,5525.0,5400.0,5425.0,34574800,ASII.JK
2022-01-28,3740.151611328125,5475.0,5525.0,5450.0,5475.0,27378500,ASII.JK
2022-01-31,3740.151611328125,5475.0,5550.0,5450.0,5475.0,32006300,ASII.JK
2022-02-02,3757.229248046875,5500.0,5525.0,5425.0,5500.0,33450400,ASII.JK
2022-02-03,3757.229248046875,5500.0,5550.0,5450.0,5500.0,38565600,ASII.JK
2022-02-04,3757.229248046875,5500.0,5525.0,5475.0,5525.0,16052500,ASII.JK
2022-02-07,3740.151611328125,5475.0,5525.0,5450.0,5500.0,46685400,ASII.JK
2022-02-08,3791.386474609375,5550.0,5700.0,5500.0,5525.0,95691000,ASII.JK
2022-02-09,3791.386474609375,5550.0,5650.0,5475.0,5550.0,80244900,ASII.JK
2022-02-10,3723.072509765625,5450.0,5625.0,5450.0,5575.0,93265400,ASII.JK
2022-02-11,3723.072509765625,5450.0,5475.0,5400.0,5450.0,36376700,ASII.JK
2022-02-14,3620.6025390625,5300.0,5425.0,5250.0,5400.0,74307400,ASII.JK
2022-02-15,3757.229248046875,5500.0,5525.0,5300.0,5300.0,77964800,ASII.JK
2022-02-16,3740.151611328125,5475.0,5600.0,5475.0,5550.0,46730000,ASII.JK
2022-02-17,3740.151611328125,5475.0,5525.0,5425.0,5500.0,47572000,ASII.JK
2022-02-18,3825.542724609375,5600.0,5625.0,5425.0,5450.0,53981400,ASII.JK
2022-02-21,3808.464599609375,5575.0,5650.0,5550.0,5625.0,27509200,ASII.JK
2022-02-22,3808.464599609375,5575.0,5575.0,5450.0,5525.0,49233600,ASII.JK
2022-02-23,3859.699462890625,5650.0,5650.0,5525.0,5575.0,44299100,ASII.JK
2022-02-24,3893.855712890625,5700.0,5775.0,5525.0,5625.0,76492000,ASII.JK
2022-02-25,3962.1689453125,5800.0,5800.0,5650.0,5700.0,97598000,ASII.JK
2022-03-01,3893.855712890625,5700.0,5950.0,5700.0,5800.0,101227600,ASII.JK
2022-03-02,3774.30810546875,5525.0,5700.0,5500.0,5650.0,80565600,ASII.JK
2022-03-04,3842.620849609375,5625.0,5675.0,5525.0,5575.0,50348400,ASII.JK
2022-03-07,3962.1689453125,5800.0,5825.0,5550.0,5600.0,59978000,ASII.JK
2022-03-08,4269.5791015625,6250.0,6550.0,5975.0,6000.0,256655000,ASII.JK
2022-03-09,4303.73583984375,6300.0,6500.0,6225.0,6500.0,107853200,ASII.JK
2022-03-10,4269.5791015625,6250.0,6300.0,6150.0,6300.0,56584100,ASII.JK
2022-03-11,4286.6572265625,6275.0,6300.0,6125.0,6175.0,32940500,ASII.JK
2022-03-14,4354.970703125,6375.0,6425.0,6300.0,6350.0,61811900,ASII.JK
2022-03-15,4303.73583984375,6300.0,6450.0,6275.0,6425.0,57193600,ASII.JK
2022-03-16,4372.048828125,6400.0,6400.0,6300.0,6325.0,55776300,ASII.JK
2022-03-17,4389.126953125,6425.0,6475.0,6350.0,6400.0,53844700,ASII.JK
2022-03-18,4372.048828125,6400.0,6450.0,6325.0,6450.0,69493500,ASII.JK
2022-03-21,4508.67578125,6600.0,6600.0,6450.0,6450.0,72452300,ASII.JK
2022-03-22,4491.59716796875,6575.0,6600.0,6500.0,6600.0,39260600,ASII.JK
2022-03-23,4423.2841796875,6475.0,6575.0,6450.0,6575.0,27348900,ASII.JK
2022-03-24,4491.59716796875,6575.0,6575.0,6425.0,6425.0,37635100,ASII.JK
2022-03-25,4372.048828125,6400.0,6575.0,6375.0,6550.0,42984300,ASII.JK
2022-03-28,4576.9892578125,6700.0,6775.0,6400.0,6400.0,68545500,ASII.JK
2022-03-29,4474.51806640625,6550.0,6700.0,6550.0,6600.0,24901500,ASII.JK
2022-03-30,4542.83203125,6650.0,6650.0,6500.0,6550.0,34320500,ASII.JK
2022-03-31,4491.59716796875,6575.0,6675.0,6575.0,6675.0,41346500,ASII.JK
2022-04-01,4576.9892578125,6700.0,6775.0,6625.0,6775.0,35365600,ASII.JK
2022-04-04,4662.38037109375,6825.0,6825.0,6675.0,6775.0,29374100,ASII.JK
2022-04-05,4713.61474609375,6900.0,6900.0,6725.0,6825.0,28581200,ASII.JK
2022-04-06,4781.92822265625,7000.0,7000.0,6800.0,6825.0,48854700,ASII.JK
2022-04-07,4713.61474609375,6900.0,7000.0,6850.0,6950.0,41492600,ASII.JK
2022-04-08,4781.92822265625,7000.0,7075.0,6900.0,7000.0,55006300,ASII.JK
2022-04-11,4679.458984375,6850.0,7000.0,6750.0,6975.0,51481700,ASII.JK
2022-04-12,4747.771484375,6950.0,6950.0,6825.0,6875.0,41879800,ASII.JK
2022-04-13,4764.85009765625,6975.0,7000.0,6875.0,6950.0,52818100,ASII.JK
2022-04-14,4696.53662109375,6875.0,7050.0,6875.0,6975.0,23891600,ASII.JK
2022-04-18,4781.92822265625,7000.0,7050.0,6900.0,6900.0,32962100,ASII.JK
2022-04-19,4713.61474609375,6900.0,7050.0,6800.0,7050.0,29237600,ASII.JK
2022-04-20,4713.61474609375,6900.0,6975.0,6825.0,6900.0,39881900,ASII.JK
2022-04-21,4781.92822265625,7000.0,7100.0,6900.0,6925.0,51438900,ASII.JK
2022-04-22,4816.0849609375,7050.0,7100.0,6875.0,6975.0,39795300,ASII.JK
2022-04-25,4833.1630859375,7075.0,7150.0,6875.0,7050.0,52305700,ASII.JK
2022-04-26,4918.5546875,7200.0,7200.0,7000.0,7100.0,39223700,ASII.JK
2022-04-27,4867.3203125,7125.0,7200.0,7050.0,7175.0,34988500,ASII.JK
2022-04-28,5174.7294921875,7575.0,7700.0,7225.0,7250.0,118152200,ASII.JK
2022-05-09,4942.66943359375,7050.0,7425.0,7050.0,7425.0,81089600,ASII.JK
2022-05-10,4907.615234375,7000.0,7000.0,6625.0,6650.0,118477400,ASII.JK
2022-05-11,4837.505859375,6900.0,7225.0,6900.0,7025.0,71287600,ASII.JK
2022-05-12,4802.4521484375,6850.0,7025.0,6725.0,6900.0,45587500,ASII.JK
2022-05-13,4995.2509765625,7125.0,7225.0,6850.0,6900.0,73260300,ASII.JK
2022-05-17,4907.615234375,7000.0,7300.0,7000.0,7250.0,40279200,ASII.JK
2022-05-18,4977.7236328125,7100.0,7200.0,6925.0,6975.0,44859900,ASII.JK
2022-05-19,4907.615234375,7000.0,7125.0,6850.0,6925.0,27558300,ASII.JK
2022-05-20,4995.2509765625,7125.0,7200.0,7050.0,7050.0,37674800,ASII.JK
2022-05-23,4872.560546875,6950.0,7175.0,6825.0,7125.0,46368600,ASII.JK
2022-05-24,5012.77880859375,7150.0,7200.0,7025.0,7025.0,52177200,ASII.JK
2022-05-25,4977.7236328125,7100.0,7175.0,7050.0,7100.0,51200500,ASII.JK
2022-05-27,5065.35986328125,7225.0,7300.0,7150.0,7200.0,34766600,ASII.JK
2022-05-30,5082.88720703125,7250.0,7275.0,7125.0,7275.0,37147800,ASII.JK
2022-05-31,5152.99560546875,7350.0,7475.0,7250.0,7250.0,90800300,ASII.JK
2022-06-02,5135.46923828125,7325.0,7500.0,7250.0,7300.0,72733400,ASII.JK
2022-06-03,5117.94140625,7300.0,7475.0,7300.0,7350.0,43947400,ASII.JK
2022-06-06,5065.35986328125,7225.0,7250.0,7075.0,7200.0,53388400,ASII.JK
2022-06-07,5047.8330078125,7200.0,7400.0,7200.0,7300.0,54814500,ASII.JK
2022-06-08,5030.30615234375,7175.0,7350.0,7150.0,7150.0,33478600,ASII.JK
2022-06-09,5047.8330078125,7200.0,7350.0,7150.0,7150.0,37787500,ASII.JK
2022-06-10,4855.033203125,6925.0,7175.0,6925.0,7100.0,57621000,ASII.JK
2022-06-13,4925.142578125,7025.0,7100.0,6725.0,6900.0,59781700,ASII.JK
2022-06-14,4890.087890625,6975.0,7000.0,6875.0,6875.0,38001800,ASII.JK
2022-06-15,4697.2890625,6700.0,6975.0,6700.0,6975.0,50804600,ASII.JK
2022-06-16,4802.4521484375,6850.0,6950.0,6750.0,6850.0,74982600,ASII.JK
2022-06-17,4872.560546875,6950.0,6950.0,6675.0,6675.0,63931400,ASII.JK
2022-06-20,4855.033203125,6925.0,6975.0,6750.0,6950.0,44263700,ASII.JK
2022-06-21,4802.4521484375,6850.0,6975.0,6850.0,6900.0,31247000,ASII.JK
2022-06-22,4767.3974609375,6800.0,6925.0,6775.0,6850.0,35536800,ASII.JK
2022-06-23,4819.978515625,6875.0,6875.0,6750.0,6850.0,30137200,ASII.JK
2022-06-24,4679.76220703125,6675.0,6900.0,6650.0,6900.0,42386000,ASII.JK
2022-06-27,4662.23486328125,6650.0,6750.0,6550.0,6700.0,48277300,ASII.JK
2022-06-28,4697.2890625,6700.0,6700.0,6600.0,6650.0,36838200,ASII.JK
2022-06-29,4557.0712890625,6500.0,6700.0,6500.0,6625.0,46682700,ASII.JK
2022-06-30,4644.70751953125,6625.0,6650.0,6500.0,6525.0,52839200,ASII.JK
2022-07-01,4574.59814453125,6525.0,6675.0,6500.0,6675.0,52387100,ASII.JK
2022-07-04,4557.0712890625,6500.0,6575.0,6300.0,6500.0,43087400,ASII.JK
2022-07-05,4434.380859375,6325.0,6525.0,6325.0,6500.0,39700000,ASII.JK
2022-07-06,4259.109375,6075.0,6400.0,6050.0,6300.0,67773900,ASII.JK
2022-07-07,4171.47265625,5950.0,6125.0,5900.0,6025.0,62871600,ASII.JK
2022-07-08,4189.0,5975.0,6075.0,5950.0,6025.0,78131700,ASII.JK
2022-07-11,4241.58203125,6050.0,6075.0,5925.0,5975.0,49946600,ASII.JK
2022-07-12,4276.63623046875,6100.0,6150.0,6050.0,6050.0,22900800,ASII.JK
2022-07-13,4083.837158203125,5825.0,6100.0,5825.0,6100.0,56747900,ASII.JK
2022-07-14,4276.63623046875,6100.0,6100.0,5825.0,5825.0,59847700,ASII.JK
2022-07-15,4171.47265625,5950.0,6075.0,5925.0,6000.0,32403800,ASII.JK
2022-07-18,4224.0546875,6025.0,6025.0,5950.0,5975.0,27618400,ASII.JK
2022-07-19,4259.109375,6075.0,6150.0,6025.0,6025.0,50725600,ASII.JK
2022-07-20,4399.32666015625,6275.0,6275.0,6100.0,6175.0,70493600,ASII.JK
2022-07-21,4329.21826171875,6175.0,6250.0,6050.0,6200.0,55415500,ASII.JK
2022-07-22,4259.109375,6075.0,6175.0,6050.0,6175.0,37583800,ASII.JK
2022-07-25,4259.109375,6075.0,6150.0,6050.0,6050.0,24674200,ASII.JK
2022-07-26,4276.63623046875,6100.0,6125.0,6075.0,6100.0,21937400,ASII.JK
2022-07-27,4276.63623046875,6100.0,6125.0,6000.0,6125.0,35066000,ASII.JK
2022-07-28,4241.58203125,6050.0,6150.0,6025.0,6125.0,51909300,ASII.JK
2022-07-29,4434.380859375,6325.0,6425.0,6125.0,6150.0,150285200,ASII.JK
2022-08-01,4539.54443359375,6475.0,6550.0,6350.0,6425.0,55511700,ASII.JK
2022-08-02,4539.54443359375,6475.0,6475.0,6275.0,6475.0,53235100,ASII.JK
2022-08-03,4627.18017578125,6600.0,6600.0,6375.0,6450.0,40666300,ASII.JK
2022-08-04,4627.18017578125,6600.0,6700.0,6450.0,6700.0,66966300,ASII.JK
2022-08-05,4644.70751953125,6625.0,6650.0,6475.0,6600.0,46702100,ASII.JK
2022-08-08,4697.2890625,6700.0,6700.0,6525.0,6625.0,32971000,ASII.JK
2022-08-09,4732.3427734375,6750.0,6825.0,6700.0,6725.0,61001700,ASII.JK
2022-08-10,4802.4521484375,6850.0,6850.0,6600.0,6775.0,37086500,ASII.JK
2022-08-11,4872.560546875,6950.0,7000.0,6900.0,6975.0,42007400,ASII.JK
2022-08-12,4872.560546875,6950.0,7000.0,6850.0,6950.0,58469000,ASII.JK
2022-08-15,4819.978515625,6875.0,6950.0,6800.0,6925.0,35283300,ASII.JK
2022-08-16,4890.087890625,6975.0,7050.0,6875.0,6875.0,61907800,ASII.JK
2022-08-18,4890.087890625,6975.0,7000.0,6850.0,6975.0,25190000,ASII.JK
2022-08-19,4890.087890625,6975.0,7000.0,6900.0,6975.0,32914500,ASII.JK
2022-08-22,4855.033203125,6925.0,6925.0,6800.0,6875.0,48266600,ASII.JK
2022-08-23,4890.087890625,6975.0,7025.0,6850.0,6900.0,56381000,ASII.JK
2022-08-24,4942.66943359375,7050.0,7050.0,6900.0,6925.0,30605000,ASII.JK
2022-08-25,4890.087890625,6975.0,7050.0,6950.0,7050.0,22793800,ASII.JK
2022-08-26,4819.978515625,6875.0,7025.0,6850.0,6975.0,31120500,ASII.JK
2022-08-29,4784.9248046875,6825.0,6900.0,6750.0,6800.0,29722100,ASII.JK
2022-08-30,4837.505859375,6900.0,7025.0,6850.0,6850.0,45566100,ASII.JK
2022-08-31,4890.087890625,6975.0,6975.0,6775.0,6875.0,55714900,ASII.JK
2022-09-01,4855.033203125,6925.0,7025.0,6900.0,6975.0,36691900,ASII.JK
2022-09-02,4855.033203125,6925.0,7000.0,6875.0,6950.0,26077700,ASII.JK
2022-09-05,4819.978515625,6875.0,6925.0,6850.0,6900.0,24953800,ASII.JK
2022-09-06,4837.505859375,6900.0,6950.0,6850.0,6875.0,18626800,ASII.JK
2022-09-07,4662.23486328125,6650.0,6875.0,6625.0,6800.0,77218400,ASII.JK
2022-09-08,4662.23486328125,6650.0,6750.0,6625.0,6650.0,39405200,ASII.JK
2022-09-09,4749.86962890625,6775.0,6775.0,6625.0,6675.0,31904200,ASII.JK
2022-09-12,4890.087890625,6975.0,6975.0,6725.0,6775.0,51563200,ASII.JK
2022-09-13,5047.8330078125,7200.0,7225.0,6950.0,7025.0,70555900,ASII.JK
2022-09-14,5012.77880859375,7150.0,7300.0,7050.0,7100.0,56832100,ASII.JK
2022-09-15,4942.66943359375,7050.0,7225.0,7050.0,7125.0,63346200,ASII.JK
2022-09-16,4837.505859375,6900.0,7050.0,6900.0,7000.0,65885100,ASII.JK
2022-09-19,4995.2509765625,7125.0,7225.0,6925.0,6950.0,52232700,ASII.JK
2022-09-20,5030.30615234375,7175.0,7250.0,7100.0,7150.0,47337700,ASII.JK
2022-09-21,5012.77880859375,7150.0,7200.0,7100.0,7125.0,26007500,ASII.JK
2022-09-22,5030.30615234375,7175.0,7225.0,7000.0,7025.0,26295200,ASII.JK
2022-09-23,5012.77880859375,7150.0,7175.0,7050.0,7100.0,22258800,ASII.JK
2022-09-26,4890.087890625,6975.0,7025.0,6850.0,7000.0,61422800,ASII.JK
2022-09-27,4872.560546875,6950.0,7050.0,6950.0,7000.0,42809400,ASII.JK
2022-09-28,4767.3974609375,6800.0,7000.0,6800.0,6950.0,50825400,ASII.JK
2022-09-29,4749.86962890625,6775.0,6900.0,6700.0,6850.0,36653400,ASII.JK
2022-09-30,4644.70751953125,6625.0,6750.0,6600.0,6700.0,71017400,ASII.JK
2022-10-03,4644.70751953125,6625.0,6700.0,6600.0,6650.0,27280600,ASII.JK
2022-10-04,4714.8154296875,6725.0,6800.0,6700.0,6725.0,33322400,ASII.JK
2022-10-05,4679.76220703125,6675.0,6825.0,6675.0,6800.0,31019300,ASII.JK
2022-10-06,4627.18017578125,6600.0,6750.0,6600.0,6675.0,37002600,ASII.JK
2022-10-07,4539.54443359375,6475.0,6575.0,6450.0,6550.0,54850200,ASII.JK
2022-10-10,4557.0712890625,6500.0,6525.0,6375.0,6425.0,34319700,ASII.JK
2022-10-11,4574.59814453125,6525.0,6575.0,6400.0,6400.0,35320000,ASII.JK
2022-10-12,4512.77001953125,6350.0,6475.0,6350.0,6450.0,72794100,ASII.JK
2022-10-13,4512.77001953125,6350.0,6400.0,6275.0,6375.0,44281200,ASII.JK
2022-10-14,4512.77001953125,6350.0,6500.0,6350.0,6500.0,45496900,ASII.JK
2022-10-17,4566.06982421875,6425.0,6525.0,6200.0,6325.0,50710300,ASII.JK
2022-10-18,4512.77001953125,6350.0,6500.0,6350.0,6450.0,42600400,ASII.JK
2022-10-19,4637.1376953125,6525.0,6525.0,6400.0,6425.0,25542800,ASII.JK
2022-10-20,4566.06982421875,6425.0,6525.0,6400.0,6500.0,32226200,ASII.JK
2022-10-21,4672.671875,6575.0,6675.0,6450.0,6475.0,52148500,ASII.JK
2022-10-24,4725.9716796875,6650.0,6700.0,6575.0,6575.0,37202900,ASII.JK
2022-10-25,4761.5048828125,6700.0,6700.0,6600.0,6700.0,37836000,ASII.JK
2022-10-26,4672.671875,6575.0,6700.0,6575.0,6700.0,36289700,ASII.JK
2022-10-27,4725.9716796875,6650.0,6675.0,6525.0,6575.0,30429800,ASII.JK
2022-10-28,4654.904296875,6550.0,6650.0,6500.0,6650.0,28492900,ASII.JK
2022-10-31,4725.9716796875,6650.0,6650.0,6550.0,6550.0,45774000,ASII.JK
2022-11-01,4672.671875,6575.0,6675.0,6475.0,6650.0,59240700,ASII.JK
2022-11-02,4566.06982421875,6425.0,6550.0,6375.0,6525.0,59695600,ASII.JK
2022-11-03,4530.53662109375,6375.0,6425.0,6350.0,6375.0,29905800,ASII.JK
2022-11-04,4566.06982421875,6425.0,6425.0,6350.0,6350.0,60465200,ASII.JK
2022-11-07,4619.37158203125,6500.0,6500.0,6425.0,6425.0,41824000,ASII.JK
2022-11-08,4637.1376953125,6525.0,6525.0,6450.0,6500.0,35241500,ASII.JK
2022-11-09,4654.904296875,6550.0,6550.0,6475.0,6525.0,45144800,ASII.JK
2022-11-10,4637.1376953125,6525.0,6550.0,6450.0,6550.0,33770400,ASII.JK
2022-11-11,4583.8369140625,6450.0,6625.0,6450.0,6600.0,50938200,ASII.JK
2022-11-14,4477.236328125,6300.0,6475.0,6300.0,6450.0,46011200,ASII.JK
2022-11-15,4423.93603515625,6225.0,6350.0,6200.0,6300.0,65536000,ASII.JK
2022-11-16,4388.40185546875,6175.0,6200.0,6100.0,6175.0,60298900,ASII.JK
2022-11-17,4477.236328125,6300.0,6300.0,6050.0,6200.0,35165100,ASII.JK
2022-11-18,4423.93603515625,6225.0,6300.0,6200.0,6275.0,29302300,ASII.JK
2022-11-21,4495.0029296875,6325.0,6350.0,6250.0,6275.0,19074900,ASII.JK
2022-11-22,4423.93603515625,6225.0,6350.0,6225.0,6325.0,33102700,ASII.JK
2022-11-23,4406.16943359375,6200.0,6300.0,6200.0,6275.0,30863200,ASII.JK
2022-11-24,4406.16943359375,6200.0,6275.0,6200.0,6200.0,21534300,ASII.JK
2022-11-25,4388.40185546875,6175.0,6200.0,6125.0,6175.0,40948100,ASII.JK
2022-11-28,4423.93603515625,6225.0,6275.0,6150.0,6175.0,37901700,ASII.JK
2022-11-29,4299.568359375,6050.0,6150.0,6025.0,6125.0,121505900,ASII.JK
2022-11-30,4299.568359375,6050.0,6200.0,6025.0,6050.0,191276100,ASII.JK
2022-12-01,4388.40185546875,6175.0,6200.0,6100.0,6100.0,88307900,ASII.JK
2022-12-02,4352.86865234375,6125.0,6175.0,6050.0,6175.0,51843800,ASII.JK
2022-12-05,4281.80126953125,6025.0,6100.0,6000.0,6075.0,64357800,ASII.JK
2022-12-06,4175.20068359375,5875.0,6025.0,5800.0,6000.0,69873000,ASII.JK
2022-12-07,4068.599609375,5725.0,5900.0,5700.0,5800.0,116677600,ASII.JK
2022-12-08,4033.066162109375,5675.0,5800.0,5550.0,5650.0,161238600,ASII.JK
2022-12-09,4033.066162109375,5675.0,5750.0,5650.0,5700.0,55355700,ASII.JK
2022-12-12,4033.066162109375,5675.0,5725.0,5625.0,5675.0,92687900,ASII.JK
2022-12-13,4139.66748046875,5825.0,5900.0,5675.0,5700.0,113893000,ASII.JK
2022-12-14,4139.66748046875,5825.0,5950.0,5775.0,5925.0,78775300,ASII.JK
2022-12-15,4121.89990234375,5800.0,5850.0,5750.0,5825.0,61581800,ASII.JK
2022-12-16,4104.1337890625,5775.0,5800.0,5700.0,5775.0,95271600,ASII.JK
2022-12-19,4050.832763671875,5700.0,5850.0,5650.0,5850.0,57531200,ASII.JK
2022-12-20,4050.832763671875,5700.0,5750.0,5675.0,5675.0,25876100,ASII.JK
2022-12-21,4050.832763671875,5700.0,5725.0,5650.0,5700.0,34940600,ASII.JK
2022-12-22,4104.1337890625,5775.0,5775.0,5675.0,5700.0,32103400,ASII.JK
2022-12-23,4033.066162109375,5675.0,5775.0,5650.0,5750.0,31969000,ASII.JK
2022-12-26,4015.299560546875,5650.0,5725.0,5625.0,5675.0,13540500,ASII.JK
2022-12-27,4033.066162109375,5675.0,5750.0,5650.0,5700.0,13680300,ASII.JK
2022-12-28,3997.532470703125,5625.0,5725.0,5575.0,5725.0,29919100,ASII.JK
2022-12-29,4015.299560546875,5650.0,5675.0,5550.0,5600.0,32241500,ASII.JK
2022-12-30,4050.832763671875,5700.0,5750.0,5650.0,5675.0,36384500,ASII.JK
2023-01-02,4050.832763671875,5700.0,5725.0,5625.0,5725.0,12068800,ASII.JK
2023-01-03,4015.299560546875,5650.0,5700.0,5625.0,5675.0,22854400,ASII.JK
2023-01-04,4033.066162109375,5675.0,5700.0,5625.0,5650.0,32578900,ASII.JK
2023-01-05,3819.8642578125,5375.0,5700.0,5375.0,5650.0,106047000,ASII.JK
2023-01-06,3873.16455078125,5450.0,5525.0,5350.0,5400.0,59754600,ASII.JK
2023-01-09,3802.097412109375,5350.0,5500.0,5275.0,5500.0,63437700,ASII.JK
2023-01-10,3784.33056640625,5325.0,5375.0,5275.0,5375.0,62964600,ASII.JK
2023-01-11,3713.263427734375,5225.0,5350.0,5200.0,5325.0,45514800,ASII.JK
2023-01-12,3802.097412109375,5350.0,5375.0,5200.0,5200.0,61374300,ASII.JK
2023-01-13,3873.16455078125,5450.0,5500.0,5300.0,5375.0,52039800,ASII.JK
2023-01-16,3979.76513671875,5600.0,5600.0,5475.0,5525.0,48458700,ASII.JK
2023-01-17,3944.2314453125,5550.0,5650.0,5500.0,5600.0,66999600,ASII.JK
2023-01-18,4015.299560546875,5650.0,5650.0,5550.0,5550.0,28120700,ASII.JK
2023-01-19,4157.43408203125,5850.0,5875.0,5650.0,5650.0,95543300,ASII.JK
2023-01-20,4192.966796875,5900.0,5900.0,5775.0,5875.0,54173000,ASII.JK
2023-01-24,4210.734375,5925.0,5950.0,5850.0,5900.0,26217800,ASII.JK
2023-01-25,4228.5009765625,5950.0,5950.0,5850.0,5900.0,18115800,ASII.JK
2023-01-26,4192.966796875,5900.0,5950.0,5850.0,5925.0,40168400,ASII.JK
2023-01-27,4175.20068359375,5875.0,5950.0,5875.0,5925.0,31869800,ASII.JK
2023-01-30,4175.20068359375,5875.0,5900.0,5775.0,5875.0,34817500,ASII.JK
2023-01-31,4264.0341796875,6000.0,6025.0,5900.0,5925.0,89064100,ASII.JK
2023-02-01,4264.0341796875,6000.0,6000.0,5925.0,6000.0,35355300,ASII.JK
2023-02-02,4210.734375,5925.0,5975.0,5875.0,5950.0,30039900,ASII.JK
2023-02-03,4175.20068359375,5875.0,5975.0,5875.0,5975.0,24629700,ASII.JK
2023-02-06,4157.43408203125,5850.0,5900.0,5825.0,5875.0,31033700,ASII.JK
2023-02-07,4175.20068359375,5875.0,5925.0,5825.0,5825.0,29536700,ASII.JK
2023-02-08,4121.89990234375,5800.0,5900.0,5775.0,5875.0,27235100,ASII.JK
2023-02-09,4033.066162109375,5675.0,5850.0,5675.0,5825.0,48263600,ASII.JK
2023-02-10,4050.832763671875,5700.0,5700.0,5550.0,5600.0,71158200,ASII.JK
2023-02-13,4068.599609375,5725.0,5750.0,5675.0,5700.0,22154800,ASII.JK
2023-02-14,4068.599609375,5725.0,5800.0,5700.0,5750.0,31292000,ASII.JK
2023-02-15,4033.066162109375,5675.0,5725.0,5575.0,5725.0,38862100,ASII.JK
2023-02-16,4050.832763671875,5700.0,5700.0,5625.0,5700.0,19014100,ASII.JK
2023-02-17,4033.066162109375,5675.0,5725.0,5625.0,5700.0,31273200,ASII.JK
2023-02-20,3979.76513671875,5600.0,5700.0,5575.0,5675.0,29576500,ASII.JK
2023-02-21,3961.99853515625,5575.0,5650.0,5550.0,5600.0,26985200,ASII.JK
2023-02-22,3997.532470703125,5625.0,5650.0,5550.0,5550.0,24822300,ASII.JK
2023-02-23,4015.299560546875,5650.0,5700.0,5575.0,5650.0,33406700,ASII.JK
2023-02-24,4086.36669921875,5750.0,5800.0,5650.0,5675.0,30869400,ASII.JK
2023-02-27,4121.89990234375,5800.0,5800.0,5700.0,5725.0,28650400,ASII.JK
2023-02-28,4335.10205078125,6100.0,6275.0,6100.0,6200.0,154669700,ASII.JK
2023-03-01,4370.634765625,6150.0,6175.0,6050.0,6100.0,49851200,ASII.JK
2023-03-02,4370.634765625,6150.0,6175.0,6075.0,6150.0,26943600,ASII.JK
2023-03-03,4299.568359375,6050.0,6150.0,6025.0,6150.0,32818500,ASII.JK
2023-03-06,4317.3349609375,6075.0,6125.0,6050.0,6100.0,22141000,ASII.JK
2023-03-07,4228.5009765625,5950.0,6075.0,5900.0,6050.0,41630000,ASII.JK
2023-03-08,4210.734375,5925.0,5975.0,5875.0,5900.0,40374900,ASII.JK
2023-03-09,4281.80126953125,6025.0,6050.0,5950.0,5975.0,23104400,ASII.JK
2023-03-10,4246.267578125,5975.0,6000.0,5900.0,5975.0,33330500,ASII.JK
2023-03-13,4210.734375,5925.0,5975.0,5850.0,5900.0,28402600,ASII.JK
2023-03-14,4104.1337890625,5775.0,5925.0,5750.0,5900.0,56988600,ASII.JK
2023-03-15,4104.1337890625,5775.0,5875.0,5775.0,5850.0,40170800,ASII.JK
2023-03-16,4157.43408203125,5850.0,5875.0,5675.0,5775.0,33947700,ASII.JK
2023-03-17,4157.43408203125,5850.0,5925.0,5850.0,5875.0,74811900,ASII.JK
2023-03-20,4175.20068359375,5875.0,5900.0,5800.0,5850.0,22146000,ASII.JK
2023-03-21,4175.20068359375,5875.0,5975.0,5850.0,5850.0,40671600,ASII.JK
2023-03-24,4228.5009765625,5950.0,6000.0,5900.0,5925.0,60721800,ASII.JK
2023-03-27,4175.20068359375,5875.0,5975.0,5875.0,5950.0,32493100,ASII.JK
2023-03-28,4157.43408203125,5850.0,5925.0,5850.0,5900.0,42944400,ASII.JK
2023-03-29,4228.5009765625,5950.0,6050.0,5850.0,5850.0,81945000,ASII.JK
2023-03-30,4192.966796875,5900.0,5975.0,5900.0,5975.0,40174400,ASII.JK
2023-03-31,4264.0341796875,6000.0,6025.0,5925.0,5950.0,40364100,ASII.JK
2023-04-03,4264.0341796875,6000.0,6100.0,5975.0,6050.0,44636200,ASII.JK
2023-04-04,4281.80126953125,6025.0,6050.0,5950.0,6025.0,35612700,ASII.JK
2023-04-05,4264.0341796875,6000.0,6050.0,5975.0,6025.0,27556300,ASII.JK
2023-04-06,4210.734375,5925.0,6000.0,5925.0,6000.0,32964500,ASII.JK
2023-04-10,4246.267578125,5975.0,5975.0,5875.0,5950.0,40039500,ASII.JK
2023-04-11,4317.3349609375,6075.0,6100.0,5925.0,5950.0,37545800,ASII.JK
2023-04-12,4441.7021484375,6250.0,6300.0,6125.0,6150.0,126817700,ASII.JK
2023-04-13,4441.7021484375,6250.0,6275.0,6175.0,6225.0,35138600,ASII.JK
2023-04-14,4406.16943359375,6200.0,6300.0,6200.0,6275.0,45556300,ASII.JK
2023-04-17,4423.93603515625,6225.0,6275.0,6200.0,6200.0,33965200,ASII.JK
2023-04-18,4566.06982421875,6425.0,6475.0,6275.0,6275.0,101792500,ASII.JK
2023-04-26,4761.5048828125,6700.0,6700.0,6500.0,6625.0,182919200,ASII.JK
2023-04-27,4761.5048828125,6700.0,6725.0,6625.0,6675.0,45762900,ASII.JK
2023-04-28,4797.0390625,6750.0,6750.0,6675.0,6700.0,64976400,ASII.JK
2023-05-02,4743.73828125,6675.0,6775.0,6600.0,6775.0,62972600,ASII.JK
2023-05-03,4708.205078125,6625.0,6725.0,6550.0,6700.0,106341300,ASII.JK
2023-05-04,4690.4384765625,6600.0,6625.0,6550.0,6600.0,132167800,ASII.JK
2023-05-05,4769.5419921875,6150.0,6150.0,6150.0,6150.0,82270600,ASII.JK
2023-05-08,4750.154296875,6125.0,6175.0,6050.0,6150.0,95087500,ASII.JK
2023-05-09,4905.26123046875,6325.0,6325.0,6075.0,6125.0,96938100,ASII.JK
2023-05-10,4905.26123046875,6325.0,6425.0,6300.0,6350.0,52404700,ASII.JK
2023-05-11,4847.095703125,6250.0,6350.0,6175.0,6350.0,39596900,ASII.JK
2023-05-12,4827.7080078125,6225.0,6275.0,6175.0,6225.0,67576500,ASII.JK
2023-05-15,4924.6494140625,6350.0,6350.0,6175.0,6275.0,42039400,ASII.JK
2023-05-16,4866.48388671875,6275.0,6400.0,6250.0,6350.0,19445400,ASII.JK
2023-05-17,4905.26123046875,6325.0,6350.0,6275.0,6350.0,29480000,ASII.JK
2023-05-19,5021.59130859375,6475.0,6550.0,6350.0,6400.0,75548600,ASII.JK
2023-05-22,5118.53369140625,6600.0,6650.0,6425.0,6525.0,63793800,ASII.JK
2023-05-23,5118.53369140625,6600.0,6650.0,6550.0,6600.0,49261900,ASII.JK
2023-05-24,5176.69873046875,6675.0,6675.0,6500.0,6575.0,54136600,ASII.JK
2023-05-25,5118.53369140625,6600.0,6700.0,6525.0,6700.0,43564900,ASII.JK
2023-05-26,5118.53369140625,6600.0,6600.0,6525.0,6600.0,25356200,ASII.JK
2023-05-29,5118.53369140625,6600.0,6625.0,6475.0,6625.0,27939400,ASII.JK
2023-05-30,5040.98046875,6500.0,6600.0,6500.0,6575.0,23340800,ASII.JK
2023-05-31,5002.203125,6450.0,6600.0,6450.0,6500.0,154796300,ASII.JK
2023-06-05,5293.02880859375,6825.0,7000.0,6500.0,6525.0,200252000,ASII.JK
2023-06-06,5273.64111328125,6800.0,6925.0,6750.0,6800.0,65282100,ASII.JK
2023-06-07,5273.64111328125,6800.0,6850.0,6675.0,6800.0,81991400,ASII.JK
2023-06-08,5254.251953125,6775.0,6775.0,6700.0,6725.0,32704900,ASII.JK
2023-06-09,5273.64111328125,6800.0,6800.0,6700.0,6750.0,24893400,ASII.JK
2023-06-12,5254.251953125,6775.0,6800.0,6675.0,6800.0,37558000,ASII.JK
2023-06-13,5234.86376953125,6750.0,6825.0,6750.0,6775.0,23911800,ASII.JK
2023-06-14,5351.1943359375,6900.0,6900.0,6750.0,6750.0,34146100,ASII.JK
2023-06-15,5331.80517578125,6875.0,6900.0,6825.0,6900.0,16414000,ASII.JK
2023-06-16,5312.4169921875,6850.0,6875.0,6775.0,6850.0,63892800,ASII.JK
2023-06-19,5331.80517578125,6875.0,6875.0,6775.0,6800.0,12514200,ASII.JK
2023-06-20,5273.64111328125,6800.0,6850.0,6775.0,6825.0,24394300,ASII.JK
2023-06-21,5370.58251953125,6925.0,6975.0,6750.0,6775.0,37629300,ASII.JK
2023-06-22,5254.251953125,6775.0,6900.0,6775.0,6875.0,51199300,ASII.JK
2023-06-23,5254.251953125,6775.0,6825.0,6700.0,6775.0,32156800,ASII.JK
2023-06-26,5273.64111328125,6800.0,6900.0,6775.0,6800.0,31726400,ASII.JK
2023-06-27,5254.251953125,6775.0,6850.0,6775.0,6800.0,36422700,ASII.JK
2023-07-03,5293.02880859375,6825.0,6825.0,6750.0,6775.0,37348600,ASII.JK
2023-07-04,5254.251953125,6775.0,6825.0,6700.0,6825.0,20047800,ASII.JK
2023-07-05,5254.251953125,6775.0,6775.0,6700.0,6775.0,34751800,ASII.JK
2023-07-06,5273.64111328125,6800.0,6800.0,6750.0,6775.0,35473800,ASII.JK
2023-07-07,5293.02880859375,6825.0,6825.0,6750.0,6775.0,28755500,ASII.JK
2023-07-10,5254.251953125,6775.0,6825.0,6775.0,6825.0,15301300,ASII.JK
2023-07-11,5273.64111328125,6800.0,6800.0,6750.0,6775.0,32949200,ASII.JK
2023-07-12,5254.251953125,6775.0,6825.0,6750.0,6775.0,29210200,ASII.JK
2023-07-13,5273.64111328125,6800.0,6825.0,6750.0,6775.0,31298400,ASII.JK
2023-07-14,5234.86376953125,6750.0,6825.0,6700.0,6775.0,56060600,ASII.JK
2023-07-17,5176.69873046875,6675.0,6775.0,6675.0,6750.0,41698600,ASII.JK
2023-07-18,5099.1455078125,6575.0,6700.0,6475.0,6675.0,68904700,ASII.JK
2023-07-20,5060.3681640625,6525.0,6575.0,6450.0,6575.0,64069100,ASII.JK
2023-07-21,5002.203125,6450.0,6525.0,6375.0,6500.0,64037700,ASII.JK
2023-07-24,5079.7568359375,6550.0,6600.0,6400.0,6400.0,40830500,ASII.JK
2023-07-25,5040.98046875,6500.0,6625.0,6500.0,6600.0,23958900,ASII.JK
2023-07-26,5118.53369140625,6600.0,6625.0,6500.0,6575.0,38599800,ASII.JK
2023-07-27,5060.3681640625,6525.0,6600.0,6500.0,6600.0,27816700,ASII.JK
2023-07-28,5137.92236328125,6625.0,6625.0,6475.0,6500.0,28288300,ASII.JK
2023-07-31,5312.4169921875,6850.0,6950.0,6725.0,6750.0,87828900,ASII.JK
2023-08-01,5331.80517578125,6875.0,6900.0,6800.0,6875.0,29425300,ASII.JK
2023-08-02,5312.4169921875,6850.0,6850.0,6775.0,6825.0,29463700,ASII.JK
2023-08-03,5293.02880859375,6825.0,6900.0,6775.0,6800.0,29272000,ASII.JK
2023-08-04,5273.64111328125,6800.0,6850.0,6750.0,6825.0,16646300,ASII.JK
2023-08-07,5331.80517578125,6875.0,6900.0,6750.0,6825.0,32608000,ASII.JK
2023-08-08,5312.4169921875,6850.0,6900.0,6825.0,6850.0,16515100,ASII.JK
2023-08-09,5331.80517578125,6875.0,6875.0,6825.0,6850.0,13781700,ASII.JK
2023-08-10,5234.86376953125,6750.0,6875.0,6750.0,6850.0,32076700,ASII.JK
2023-08-11,5234.86376953125,6750.0,6775.0,6650.0,6750.0,42320900,ASII.JK
2023-08-14,5273.64111328125,6800.0,6800.0,6700.0,6700.0,27616200,ASII.JK
2023-08-15,5215.4755859375,6725.0,6775.0,6675.0,6725.0,32385400,ASII.JK
2023-08-16,5234.86376953125,6750.0,6750.0,6650.0,6675.0,24913200,ASII.JK
2023-08-18,5060.3681640625,6525.0,6700.0,6500.0,6675.0,69001300,ASII.JK
2023-08-21,5021.59130859375,6475.0,6550.0,6425.0,6525.0,34702500,ASII.JK
2023-08-22,5079.7568359375,6550.0,6600.0,6450.0,6450.0,37704700,ASII.JK
2023-08-23,5079.7568359375,6550.0,6600.0,6525.0,6550.0,27624900,ASII.JK
2023-08-24,5021.59130859375,6475.0,6600.0,6475.0,6550.0,33278500,ASII.JK
2023-08-25,5002.203125,6450.0,6500.0,6400.0,6475.0,35673300,ASII.JK
2023-08-28,4982.81396484375,6425.0,6500.0,6400.0,6500.0,14871100,ASII.JK
2023-08-29,4963.42578125,6400.0,6450.0,6375.0,6450.0,29937800,ASII.JK
2023-08-30,5002.203125,6450.0,6525.0,6400.0,6450.0,41993300,ASII.JK
2023-08-31,5002.203125,6450.0,6475.0,6400.0,6450.0,44502000,ASII.JK
2023-09-01,5079.7568359375,6550.0,6575.0,6475.0,6475.0,26069500,ASII.JK
2023-09-04,5118.53369140625,6600.0,6600.0,6525.0,6575.0,17384000,ASII.JK
2023-09-05,5118.53369140625,6600.0,6650.0,6550.0,6600.0,23070700,ASII.JK
2023-09-06,5060.3681640625,6525.0,6625.0,6525.0,6575.0,18421300,ASII.JK
2023-09-07,4963.42578125,6400.0,6500.0,6350.0,6475.0,49921600,ASII.JK
2023-09-08,4963.42578125,6400.0,6450.0,6350.0,6450.0,32416900,ASII.JK
2023-09-11,4944.0380859375,6375.0,6425.0,6300.0,6400.0,33422100,ASII.JK
2023-09-12,4885.87255859375,6300.0,6375.0,6300.0,6375.0,30225600,ASII.JK
2023-09-13,4885.87255859375,6300.0,6325.0,6225.0,6325.0,40040900,ASII.JK
2023-09-14,4905.26123046875,6325.0,6375.0,6250.0,6325.0,40259300,ASII.JK
2023-09-15,4885.87255859375,6300.0,6325.0,6200.0,6250.0,132198700,ASII.JK
2023-09-18,4885.87255859375,6300.0,6325.0,6250.0,6275.0,35517300,ASII.JK
2023-09-19,4924.6494140625,6350.0,6375.0,6275.0,6300.0,31439200,ASII.JK
2023-09-20,4885.87255859375,6300.0,6400.0,6300.0,6350.0,39764900,ASII.JK
2023-09-21,4808.3193359375,6200.0,6325.0,6200.0,6300.0,46231100,ASII.JK
2023-09-22,4808.3193359375,6200.0,6275.0,6175.0,6200.0,30610900,ASII.JK
2023-09-25,4847.095703125,6250.0,6275.0,6200.0,6225.0,32700500,ASII.JK
2023-09-26,4808.3193359375,6200.0,6300.0,6200.0,6225.0,43217400,ASII.JK
2023-09-27,4769.5419921875,6150.0,6250.0,6125.0,6200.0,31688400,ASII.JK
2023-09-29,4827.7080078125,6225.0,6275.0,6200.0,6250.0,20902300,ASII.JK
2023-10-02,4866.48388671875,6275.0,6350.0,6250.0,6275.0,23884400,ASII.JK
2023-10-03,4808.3193359375,6200.0,6275.0,6200.0,6275.0,25350100,ASII.JK
2023-10-04,4711.376953125,6075.0,6200.0,6050.0,6175.0,55496200,ASII.JK
2023-10-05,4672.6005859375,6025.0,6175.0,6025.0,6125.0,55924900,ASII.JK
2023-10-06,4711.376953125,6075.0,6150.0,6050.0,6050.0,18104300,ASII.JK
2023-10-09,4750.154296875,6125.0,6225.0,6100.0,6150.0,43718300,ASII.JK
2023-10-10,4691.98876953125,6050.0,6175.0,6050.0,6175.0,36797700,ASII.JK
2023-10-11,4691.98876953125,6050.0,6125.0,6050.0,6075.0,45959600,ASII.JK
2023-10-12,4690.41259765625,5950.0,6025.0,5950.0,6000.0,71954600,ASII.JK
2023-10-13,4710.11962890625,5975.0,6025.0,5950.0,6000.0,32794800,ASII.JK
2023-10-16,4611.58203125,5850.0,5975.0,5825.0,5925.0,52414600,ASII.JK
2023-10-17,4611.58203125,5850.0,5925.0,5850.0,5875.0,40295600,ASII.JK
2023-10-18,4591.87451171875,5825.0,6000.0,5825.0,5850.0,53751300,ASII.JK
2023-10-19,4513.0439453125,5725.0,5850.0,5700.0,5825.0,60258300,ASII.JK
2023-10-20,4493.3359375,5700.0,5750.0,5650.0,5675.0,56606100,ASII.JK
2023-10-23,4414.50537109375,5600.0,5750.0,5600.0,5725.0,57516800,ASII.JK
2023-10-24,4572.16650390625,5800.0,5850.0,5600.0,5600.0,57283100,ASII.JK
2023-10-25,4552.45947265625,5775.0,5925.0,5775.0,5825.0,51542400,ASII.JK
2023-10-26,4513.0439453125,5725.0,5800.0,5675.0,5775.0,18969800,ASII.JK
2023-10-27,4513.0439453125,5725.0,5775.0,5725.0,5750.0,35328800,ASII.JK
2023-10-30,4572.16650390625,5800.0,5825.0,5675.0,5750.0,17820800,ASII.JK
2023-10-31,4552.45947265625,5775.0,5900.0,5775.0,5850.0,46118000,ASII.JK
2023-11-01,4572.16650390625,5800.0,6000.0,5800.0,5900.0,91836500,ASII.JK
2023-11-02,4572.16650390625,5800.0,5900.0,5800.0,5850.0,46166200,ASII.JK
2023-11-03,4650.99658203125,5900.0,5925.0,5825.0,5850.0,43395900,ASII.JK
2023-11-06,4670.705078125,5925.0,5950.0,5900.0,5925.0,29757300,ASII.JK
2023-11-07,4591.87451171875,5825.0,5950.0,5775.0,5925.0,30298200,ASII.JK
2023-11-08,4513.0439453125,5725.0,5825.0,5675.0,5800.0,38367700,ASII.JK
2023-11-09,4532.751953125,5750.0,5825.0,5725.0,5775.0,20420100,ASII.JK
2023-11-10,4552.45947265625,5775.0,5775.0,5725.0,5725.0,15229800,ASII.JK
2023-11-13,4453.92138671875,5650.0,5825.0,5650.0,5825.0,24673700,ASII.JK
2023-11-14,4473.62890625,5675.0,5725.0,5650.0,5675.0,12066000,ASII.JK
2023-11-15,4532.751953125,5750.0,5850.0,5700.0,5750.0,34814300,ASII.JK
2023-11-16,4591.87451171875,5825.0,5825.0,5725.0,5750.0,17422800,ASII.JK
2023-11-17,4493.3359375,5700.0,5825.0,5700.0,5800.0,27116700,ASII.JK
2023-11-20,4572.16650390625,5800.0,5850.0,5700.0,5725.0,22940000,ASII.JK
2023-11-21,4552.45947265625,5775.0,5850.0,5750.0,5800.0,17153300,ASII.JK
2023-11-22,4473.62890625,5675.0,5775.0,5650.0,5775.0,36329500,ASII.JK
2023-11-23,4493.3359375,5700.0,5725.0,5675.0,5675.0,43425400,ASII.JK
2023-11-24,4513.0439453125,5725.0,5750.0,5700.0,5700.0,9347300,ASII.JK
2023-11-27,4434.21337890625,5625.0,5750.0,5600.0,5725.0,63360900,ASII.JK
2023-11-28,4375.08984375,5550.0,5675.0,5550.0,5675.0,86907600,ASII.JK
2023-11-29,4355.3828125,5525.0,5650.0,5525.0,5600.0,75070800,ASII.JK
2023-11-30,4256.84521484375,5400.0,5575.0,5400.0,5575.0,161684600,ASII.JK
2023-12-01,4532.751953125,5750.0,5750.0,5450.0,5450.0,145374400,ASII.JK
2023-12-04,4532.751953125,5750.0,5825.0,5725.0,5750.0,57590700,ASII.JK
2023-12-05,4513.0439453125,5725.0,5800.0,5675.0,5775.0,25787200,ASII.JK
2023-12-06,4513.0439453125,5725.0,5825.0,5700.0,5700.0,41363700,ASII.JK
2023-12-07,4473.62890625,5675.0,5750.0,5600.0,5750.0,40599000,ASII.JK
2023-12-08,4473.62890625,5675.0,5700.0,5625.0,5675.0,26972000,ASII.JK
2023-12-11,4414.50537109375,5600.0,5675.0,5525.0,5650.0,39510200,ASII.JK
2023-12-12,4394.7978515625,5575.0,5675.0,5550.0,5675.0,19272900,ASII.JK
2023-12-13,4355.3828125,5525.0,5600.0,5525.0,5550.0,31196600,ASII.JK
2023-12-14,4434.21337890625,5625.0,5650.0,5575.0,5600.0,65510200,ASII.JK
2023-12-15,4453.92138671875,5650.0,5700.0,5600.0,5625.0,93580400,ASII.JK
2023-12-18,4414.50537109375,5600.0,5650.0,5550.0,5650.0,39134200,ASII.JK
2023-12-19,4434.21337890625,5625.0,5650.0,5600.0,5625.0,33668300,ASII.JK
2023-12-20,4434.21337890625,5625.0,5700.0,5625.0,5650.0,27178500,ASII.JK
2023-12-21,4375.08984375,5550.0,5600.0,5475.0,5600.0,114749900,ASII.JK
2023-12-22,4375.08984375,5550.0,5600.0,5500.0,5550.0,38055800,ASII.JK
2023-12-27,4375.08984375,5550.0,5575.0,5500.0,5550.0,34332400,ASII.JK
2023-12-28,4414.50537109375,5600.0,5600.0,5550.0,5575.0,31643200,ASII.JK
2023-12-29,4453.92138671875,5650.0,5675.0,5575.0,5600.0,36245000,ASII.JK
2024-01-02,4493.3359375,5700.0,5700.0,5575.0,5625.0,36479600,ASII.JK
2024-01-03,4414.50537109375,5600.0,5700.0,5600.0,5700.0,37187300,ASII.JK
2024-01-04,4493.3359375,5700.0,5750.0,5600.0,5600.0,52008000,ASII.JK
2024-01-05,4434.21337890625,5625.0,5750.0,5625.0,5725.0,39167600,ASII.JK
2024-01-08,4394.7978515625,5575.0,5675.0,5550.0,5625.0,39614600,ASII.JK
2024-01-09,4394.7978515625,5575.0,5600.0,5525.0,5600.0,36777600,ASII.JK
2024-01-10,4355.3828125,5525.0,5575.0,5450.0,5500.0,75423900,ASII.JK
2024-01-11,4375.08984375,5550.0,5625.0,5525.0,5550.0,39941000,ASII.JK
2024-01-12,4414.50537109375,5600.0,5625.0,5550.0,5550.0,28821000,ASII.JK
2024-01-15,4355.3828125,5525.0,5600.0,5500.0,5600.0,79502600,ASII.JK
2024-01-16,4335.67529296875,5500.0,5525.0,5475.0,5525.0,44840900,ASII.JK
2024-01-17,4256.84521484375,5400.0,5525.0,5350.0,5500.0,114587100,ASII.JK
2024-01-18,4237.13720703125,5375.0,5400.0,5325.0,5400.0,71517600,ASII.JK
2024-01-19,4217.4296875,5350.0,5400.0,5300.0,5375.0,52865000,ASII.JK
2024-01-22,4118.8916015625,5225.0,5425.0,5225.0,5350.0,169967200,ASII.JK
2024-01-23,4040.06103515625,5125.0,5200.0,5075.0,5150.0,176612600,ASII.JK
2024-01-24,4000.645751953125,5075.0,5175.0,4980.0,5150.0,246293300,ASII.JK
2024-01-25,3980.93798828125,5050.0,5150.0,5025.0,5075.0,81025300,ASII.JK
2024-01-26,4000.645751953125,5075.0,5075.0,4990.0,5050.0,71861600,ASII.JK
2024-01-29,3886.341552734375,4930.0,5075.0,4910.0,5075.0,132819200,ASII.JK
2024-01-30,4020.353515625,5100.0,5175.0,4900.0,4920.0,165689300,ASII.JK
2024-01-31,4040.06103515625,5125.0,5150.0,5050.0,5125.0,79343600,ASII.JK
2024-02-01,4040.06103515625,5125.0,5175.0,5075.0,5100.0,55358600,ASII.JK
2024-02-02,4197.7216796875,5325.0,5325.0,5125.0,5150.0,104840200,ASII.JK
2024-02-05,4079.475830078125,5175.0,5350.0,5150.0,5325.0,88826000,ASII.JK
2024-02-06,4138.599609375,5250.0,5275.0,5150.0,5175.0,46257400,ASII.JK
2024-02-07,4197.7216796875,5325.0,5325.0,5250.0,5250.0,68376900,ASII.JK
2024-02-12,4178.01416015625,5300.0,5350.0,5225.0,5300.0,80552600,ASII.JK
2024-02-13,4099.18359375,5200.0,5300.0,5150.0,5300.0,63689100,ASII.JK
2024-02-15,4040.06103515625,5125.0,5325.0,5075.0,5325.0,124120800,ASII.JK
2024-02-16,4099.18359375,5200.0,5200.0,5100.0,5125.0,75502700,ASII.JK
2024-02-19,4040.06103515625,5125.0,5250.0,5075.0,5200.0,89709800,ASII.JK
2024-02-20,4099.18359375,5200.0,5250.0,5125.0,5125.0,41623800,ASII.JK
2024-02-21,4138.599609375,5250.0,5300.0,5175.0,5200.0,68374800,ASII.JK
2024-02-22,4158.306640625,5275.0,5300.0,5275.0,5275.0,41938600,ASII.JK
2024-02-23,4040.06103515625,5125.0,5275.0,5100.0,5250.0,81214600,ASII.JK
2024-02-26,4040.06103515625,5125.0,5200.0,5075.0,5150.0,50291500,ASII.JK
2024-02-27,4079.475830078125,5175.0,5175.0,5050.0,5125.0,46555200,ASII.JK
2024-02-28,4118.8916015625,5225.0,5425.0,5200.0,5325.0,216020000,ASII.JK
2024-02-29,4118.8916015625,5225.0,5300.0,5200.0,5250.0,85412900,ASII.JK
2024-03-01,4118.8916015625,5225.0,5275.0,5150.0,5225.0,64835200,ASII.JK
2024-03-04,4099.18359375,5200.0,5275.0,5175.0,5250.0,57118400,ASII.JK
2024-03-05,4020.353515625,5100.0,5225.0,5100.0,5225.0,53172900,ASII.JK
2024-03-06,4079.475830078125,5175.0,5200.0,5100.0,5125.0,29210000,ASII.JK
2024-03-07,4040.06103515625,5125.0,5200.0,5100.0,5175.0,55244400,ASII.JK
2024-03-08,4059.768798828125,5150.0,5175.0,5125.0,5150.0,39983000,ASII.JK
2024-03-13,4059.768798828125,5150.0,5200.0,5125.0,5150.0,63672300,ASII.JK
2024-03-14,4158.306640625,5275.0,5300.0,5150.0,5175.0,79465800,ASII.JK
2024-03-15,4079.475830078125,5175.0,5300.0,5175.0,5300.0,164222200,ASII.JK
2024-03-18,4059.768798828125,5150.0,5250.0,5150.0,5200.0,50943600,ASII.JK
2024-03-19,4118.8916015625,5225.0,5250.0,5150.0,5150.0,48398600,ASII.JK
2024-03-20,4158.306640625,5275.0,5275.0,5225.0,5225.0,56191300,ASII.JK
2024-03-21,4217.4296875,5350.0,5400.0,5275.0,5300.0,67351800,ASII.JK
2024-03-22,4237.13720703125,5375.0,5375.0,5325.0,5375.0,46341000,ASII.JK
2024-03-25,4217.4296875,5350.0,5425.0,5325.0,5425.0,39759600,ASII.JK
2024-03-26,4178.01416015625,5300.0,5375.0,5250.0,5375.0,57175300,ASII.JK
2024-03-27,4158.306640625,5275.0,5325.0,5250.0,5300.0,47174800,ASII.JK
2024-03-28,4059.768798828125,5150.0,5275.0,5100.0,5275.0,107123600,ASII.JK
2024-04-01,4099.18359375,5200.0,5225.0,5150.0,5175.0,42828200,ASII.JK
2024-04-02,4158.306640625,5275.0,5275.0,5175.0,5225.0,41029100,ASII.JK
2024-04-03,4138.599609375,5250.0,5275.0,5200.0,5275.0,39260600,ASII.JK
2024-04-04,4079.475830078125,5175.0,5250.0,5150.0,5250.0,48395600,ASII.JK
2024-04-05,4158.306640625,5275.0,5325.0,5150.0,5150.0,59190300,ASII.JK
2024-04-16,4020.353515625,5100.0,5225.0,5100.0,5175.0,137258300,ASII.JK
2024-04-17,4040.06103515625,5125.0,5175.0,5100.0,5150.0,47211000,ASII.JK
2024-04-18,4020.353515625,5100.0,5150.0,5050.0,5150.0,81583700,ASII.JK
2024-04-19,3862.69287109375,4900.0,5075.0,4870.0,5050.0,185008500,ASII.JK
2024-04-22,3902.10791015625,4950.0,4990.0,4940.0,4940.0,57689200,ASII.JK
2024-04-23,3961.230712890625,5025.0,5075.0,4990.0,4990.0,49438000,ASII.JK
2024-04-24,3870.57568359375,4910.0,5050.0,4910.0,5000.0,65796800,ASII.JK
2024-04-25,3902.10791015625,4950.0,4980.0,4910.0,4910.0,52139300,ASII.JK
2024-04-26,3846.92626953125,4880.0,4980.0,4880.0,4980.0,70877700,ASII.JK
2024-04-29,3961.230712890625,5025.0,5050.0,4900.0,4920.0,68303100,ASII.JK
2024-04-30,4059.768798828125,5150.0,5225.0,4980.0,5050.0,142632100,ASII.JK
2024-05-02,4079.475830078125,5175.0,5275.0,5175.0,5225.0,100889100,ASII.JK
2024-05-03,4118.8916015625,5225.0,5250.0,5200.0,5225.0,44094400,ASII.JK
2024-05-06,4020.353515625,5100.0,5250.0,5075.0,5250.0,70400000,ASII.JK
2024-05-07,3980.93798828125,5050.0,5125.0,5025.0,5100.0,58780600,ASII.JK
2024-05-08,4040.06103515625,5125.0,5150.0,5000.0,5075.0,86738900,ASII.JK
2024-05-13,4000.645751953125,5075.0,5175.0,5075.0,5150.0,143316000,ASII.JK
2024-05-14,3937.034423828125,4580.0,4690.0,4580.0,4680.0,264535600,ASII.JK
2024-05-15,3894.053466796875,4530.0,4620.0,4530.0,4570.0,109962400,ASII.JK
2024-05-16,4048.784423828125,4710.0,4720.0,4540.0,4590.0,149039700,ASII.JK
2024-05-17,4126.14990234375,4800.0,4810.0,4690.0,4710.0,101492400,ASII.JK
2024-05-20,4074.572509765625,4740.0,4830.0,4730.0,4800.0,58021800,ASII.JK
2024-05-21,4040.18798828125,4700.0,4770.0,4700.0,4750.0,57558000,ASII.JK
2024-05-22,4048.784423828125,4710.0,4730.0,4700.0,4720.0,25932300,ASII.JK
2024-05-27,3911.245849609375,4550.0,4720.0,4550.0,4700.0,86050000,ASII.JK
2024-05-28,3876.861572265625,4510.0,4600.0,4510.0,4560.0,42542400,ASII.JK
2024-05-29,3833.880615234375,4460.0,4800.0,4370.0,4800.0,148814900,ASII.JK
2024-05-30,3713.534423828125,4320.0,4450.0,4310.0,4450.0,112636300,ASII.JK
2024-05-31,3687.746337890625,4290.0,4370.0,4290.0,4340.0,144592700,ASII.JK
2024-06-03,3868.264892578125,4500.0,4530.0,4330.0,4330.0,77444200,ASII.JK
2024-06-04,3937.034423828125,4580.0,4630.0,4480.0,4510.0,92676800,ASII.JK
2024-06-05,3954.226318359375,4600.0,4640.0,4550.0,4560.0,65856400,ASII.JK
2024-06-06,3919.842041015625,4560.0,4620.0,4530.0,4620.0,43632400,ASII.JK
2024-06-07,3919.842041015625,4560.0,4570.0,4530.0,4550.0,34027900,ASII.JK
2024-06-10,3876.861572265625,4510.0,4560.0,4500.0,4560.0,19932200,ASII.JK
2024-06-11,3739.322998046875,4350.0,4500.0,4350.0,4500.0,71234400,ASII.JK
2024-06-12,3747.919189453125,4360.0,4410.0,4290.0,4350.0,65665400,ASII.JK
2024-06-13,3833.880615234375,4460.0,4480.0,4400.0,4410.0,55824400,ASII.JK
2024-06-14,3799.49560546875,4420.0,4530.0,4410.0,4480.0,57967500,ASII.JK
2024-06-19,3825.284423828125,4450.0,4510.0,4420.0,4450.0,48727600,ASII.JK
2024-06-20,3825.284423828125,4450.0,4470.0,4360.0,4440.0,35160300,ASII.JK
2024-06-21,3859.669189453125,4490.0,4530.0,4410.0,4450.0,98313200,ASII.JK
2024-06-24,3808.092041015625,4430.0,4500.0,4410.0,4480.0,36677200,ASII.JK
2024-06-25,3782.303466796875,4400.0,4440.0,4360.0,4440.0,50385000,ASII.JK
2024-06-26,3799.49560546875,4420.0,4450.0,4370.0,4400.0,38397100,ASII.JK
2024-06-27,3808.092041015625,4430.0,4440.0,4400.0,4430.0,21784700,ASII.JK
2024-06-28,3833.880615234375,4460.0,4560.0,4430.0,4430.0,127293900,ASII.JK
2024-07-01,3971.4189453125,4620.0,4620.0,4490.0,4490.0,141627300,ASII.JK
2024-07-02,3894.053466796875,4530.0,4620.0,4510.0,4610.0,72229800,ASII.JK
2024-07-03,3928.437744140625,4570.0,4580.0,4520.0,4550.0,30743200,ASII.JK
2024-07-04,3911.245849609375,4550.0,4610.0,4550.0,4580.0,44755400,ASII.JK
2024-07-05,3937.034423828125,4580.0,4610.0,4540.0,4570.0,53196500,ASII.JK
2024-07-08,3988.611083984375,4640.0,4640.0,4560.0,4600.0,69535000,ASII.JK
2024-07-09,3919.842041015625,4560.0,4620.0,4540.0,4620.0,84784500,ASII.JK
2024-07-10,3902.650146484375,4540.0,4580.0,4520.0,4570.0,44563900,ASII.JK
2024-07-11,3876.861572265625,4510.0,4600.0,4500.0,4550.0,71140800,ASII.JK
2024-07-12,3902.650146484375,4540.0,4570.0,4500.0,4510.0,54299700,ASII.JK
2024-07-15,3842.476318359375,4470.0,4550.0,4460.0,4540.0,53234000,ASII.JK
2024-07-16,3765.111572265625,4380.0,4490.0,4380.0,4480.0,83814800,ASII.JK
2024-07-17,3833.880615234375,4460.0,4470.0,4400.0,4420.0,49379700,ASII.JK
2024-07-18,3902.650146484375,4540.0,4540.0,4460.0,4470.0,54184300,ASII.JK
2024-07-19,3894.053466796875,4530.0,4540.0,4480.0,4520.0,40785800,ASII.JK
2024-07-22,3885.457275390625,4520.0,4540.0,4480.0,4530.0,33128600,ASII.JK
2024-07-23,3825.284423828125,4450.0,4530.0,4450.0,4510.0,46427300,ASII.JK
2024-07-24,3894.053466796875,4530.0,4560.0,4460.0,4470.0,50741700,ASII.JK
2024-07-25,3859.669189453125,4490.0,4530.0,4450.0,4530.0,40364400,ASII.JK
2024-07-26,3962.822998046875,4610.0,4620.0,4500.0,4500.0,92236800,ASII.JK
2024-07-29,3962.822998046875,4610.0,4630.0,4580.0,4620.0,42232800,ASII.JK
2024-07-30,3902.650146484375,4540.0,4610.0,4520.0,4610.0,40995800,ASII.JK
2024-07-31,4057.38037109375,4720.0,4730.0,4590.0,4620.0,170406600,ASII.JK
2024-08-01,4074.572509765625,4740.0,4740.0,4660.0,4700.0,50775700,ASII.JK
2024-08-02,4031.591552734375,4690.0,4740.0,4670.0,4710.0,47509800,ASII.JK
2024-08-05,3919.842041015625,4560.0,4650.0,4520.0,4640.0,93952300,ASII.JK
2024-08-06,3962.822998046875,4610.0,4620.0,4540.0,4600.0,56748800,ASII.JK
2024-08-07,3980.014892578125,4630.0,4630.0,4560.0,4600.0,72464900,ASII.JK
2024-08-08,4074.572509765625,4740.0,4750.0,4600.0,4620.0,116387300,ASII.JK
2024-08-09,4091.76513671875,4760.0,4790.0,4730.0,4760.0,44489500,ASII.JK
2024-08-12,4091.76513671875,4760.0,4780.0,4720.0,4760.0,34027600,ASII.JK
2024-08-13,4091.76513671875,4760.0,4800.0,4740.0,4800.0,43904800,ASII.JK
2024-08-14,4203.5146484375,4890.0,4930.0,4770.0,4800.0,91874600,ASII.JK
2024-08-15,4203.5146484375,4890.0,4920.0,4840.0,4890.0,46694800,ASII.JK
2024-08-16,4272.28369140625,4970.0,4990.0,4900.0,4900.0,65502100,ASII.JK
2024-08-19,4319.56298828125,5025.0,5050.0,4940.0,4970.0,54296700,ASII.JK
2024-08-20,4405.52392578125,5125.0,5150.0,5025.0,5050.0,94493800,ASII.JK
2024-08-21,4362.54345703125,5075.0,5225.0,5075.0,5150.0,94502800,ASII.JK
2024-08-22,4298.07275390625,5000.0,5050.0,4990.0,5025.0,63177200,ASII.JK
2024-08-23,4384.0341796875,5100.0,5175.0,5050.0,5050.0,52275100,ASII.JK
2024-08-26,4427.0146484375,5150.0,5200.0,5125.0,5125.0,30540900,ASII.JK
2024-08-27,4427.0146484375,5150.0,5175.0,5075.0,5150.0,30475700,ASII.JK
2024-08-28,4319.56298828125,5025.0,5150.0,5000.0,5150.0,64090900,ASII.JK
2024-08-29,4362.54345703125,5075.0,5075.0,5000.0,5050.0,42502100,ASII.JK
2024-08-30,4384.0341796875,5100.0,5125.0,5025.0,5075.0,74429400,ASII.JK
2024-09-02,4469.99560546875,5200.0,5225.0,5100.0,5100.0,84858600,ASII.JK
2024-09-03,4405.52392578125,5125.0,5225.0,5125.0,5225.0,34864300,ASII.JK
2024-09-04,4341.05322265625,5050.0,5100.0,5025.0,5050.0,45331200,ASII.JK
2024-09-05,4362.54345703125,5075.0,5125.0,5050.0,5075.0,34711100,ASII.JK
2024-09-06,4341.05322265625,5050.0,5125.0,5050.0,5050.0,32014300,ASII.JK
2024-09-09,4319.56298828125,5025.0,5100.0,5000.0,5050.0,55466500,ASII.JK
2024-09-10,4319.56298828125,5025.0,5100.0,5000.0,5075.0,58871700,ASII.JK
2024-09-11,4319.56298828125,5025.0,5050.0,5000.0,5025.0,27381100,ASII.JK
2024-09-12,4319.56298828125,5025.0,5075.0,5025.0,5025.0,24718300,ASII.JK
2024-09-13,4362.54345703125,5075.0,5075.0,5025.0,5025.0,24921900,ASII.JK
2024-09-17,4362.54345703125,5075.0,5100.0,5025.0,5075.0,35574000,ASII.JK
2024-09-18,4512.97607421875,5250.0,5275.0,5075.0,5100.0,123540100,ASII.JK
2024-09-19,4534.46630859375,5275.0,5275.0,5200.0,5275.0,57254000,ASII.JK
2024-09-20,4491.48583984375,5225.0,5275.0,5200.0,5275.0,47509500,ASII.JK
2024-09-23,4491.48583984375,5225.0,5275.0,5225.0,5250.0,23362800,ASII.JK
2024-09-24,4534.46630859375,5275.0,5275.0,5225.0,5250.0,43482600,ASII.JK
2024-09-25,4491.48583984375,5225.0,5300.0,5150.0,5300.0,63437200,ASII.JK
2024-09-26,4512.97607421875,5250.0,5275.0,5175.0,5250.0,56030300,ASII.JK
2024-09-27,4384.0341796875,5100.0,5275.0,5050.0,5275.0,57476200,ASII.JK
2024-09-30,4341.05322265625,5050.0,5100.0,5000.0,5100.0,66737800,ASII.JK
2024-10-01,4448.5048828125,5175.0,5175.0,5075.0,5100.0,39024000,ASII.JK
2024-10-02,4427.0146484375,5150.0,5150.0,5050.0,5150.0,39888600,ASII.JK
2024-10-03,4512.97607421875,5250.0,5250.0,5100.0,5175.0,56763900,ASII.JK
2024-10-04,4427.0146484375,5150.0,5250.0,5100.0,5250.0,35939300,ASII.JK
2024-10-07,4384.0341796875,5100.0,5175.0,5075.0,5150.0,27889100,ASII.JK
2024-10-08,4491.48583984375,5225.0,5225.0,5075.0,5100.0,42347600,ASII.JK
2024-10-09,4362.54345703125,5075.0,5225.0,5075.0,5225.0,33544900,ASII.JK
2024-10-10,4405.52392578125,5125.0,5125.0,5075.0,5100.0,27734400,ASII.JK
2024-10-11,4362.54345703125,5075.0,5150.0,5075.0,5125.0,39320000,ASII.JK
2024-10-14,4321.3466796875,4930.0,5025.0,4920.0,5025.0,71369100,ASII.JK
2024-10-15,4321.3466796875,4930.0,4970.0,4900.0,4930.0,61263600,ASII.JK
2024-10-16,4347.64208984375,4960.0,4960.0,4900.0,4950.0,80530100,ASII.JK
2024-10-17,4338.876953125,4950.0,4970.0,4930.0,4950.0,54164800,ASII.JK
2024-10-18,4312.58056640625,4920.0,4960.0,4920.0,4960.0,39805400,ASII.JK
2024-10-21,4470.3583984375,5100.0,5100.0,4930.0,4950.0,88954300,ASII.JK
2024-10-22,4623.75244140625,5275.0,5275.0,5100.0,5125.0,132222000,ASII.JK
2024-10-23,4645.666015625,5300.0,5300.0,5175.0,5275.0,64519100,ASII.JK
2024-10-24,4623.75244140625,5275.0,5300.0,5200.0,5300.0,50777100,ASII.JK
2024-10-25,4579.92578125,5225.0,5275.0,5200.0,5275.0,27247500,ASII.JK
2024-10-28,4601.83935546875,5250.0,5250.0,5125.0,5250.0,40165900,ASII.JK
2024-10-29,4492.271484375,5125.0,5250.0,5125.0,5250.0,45247600,ASII.JK
2024-10-30,4558.01220703125,5200.0,5200.0,5050.0,5125.0,33200300,ASII.JK
2024-10-31,4470.3583984375,5100.0,5300.0,5100.0,5300.0,77263000,ASII.JK
2024-11-01,4448.4443359375,5075.0,5175.0,5050.0,5125.0,54219100,ASII.JK
2024-11-04,4492.271484375,5125.0,5125.0,4980.0,5075.0,52362100,ASII.JK
2024-11-05,4536.0986328125,5175.0,5200.0,5075.0,5125.0,31165800,ASII.JK
2024-11-06,4426.53125,5050.0,5175.0,5025.0,5175.0,32975900,ASII.JK
2024-11-07,4382.7041015625,5000.0,5075.0,5000.0,5050.0,46053500,ASII.JK
2024-11-08,4347.64208984375,4960.0,5075.0,4950.0,5050.0,32828900,ASII.JK
2024-11-11,4356.40771484375,4970.0,4990.0,4850.0,4960.0,49885000,ASII.JK
2024-11-12,4356.40771484375,4970.0,5000.0,4930.0,5000.0,43239600,ASII.JK
2024-11-13,4404.61767578125,5025.0,5025.0,4950.0,5000.0,24479600,ASII.JK
2024-11-14,4338.876953125,4950.0,5025.0,4930.0,5025.0,38255700,ASII.JK
2024-11-15,4330.111328125,4940.0,4960.0,4920.0,4940.0,14867600,ASII.JK
2024-11-18,4321.3466796875,4930.0,4970.0,4910.0,4950.0,17408700,ASII.JK
2024-11-19,4356.40771484375,4970.0,4970.0,4900.0,4930.0,36816800,ASII.JK
2024-11-20,4382.7041015625,5000.0,5025.0,4950.0,4970.0,18634300,ASII.JK
2024-11-21,4286.2841796875,4890.0,4990.0,4890.0,4990.0,27662900,ASII.JK
2024-11-22,4303.81494140625,4910.0,4960.0,4860.0,4900.0,21241800,ASII.JK
2024-11-25,4536.0986328125,5175.0,5175.0,4940.0,4950.0,84518400,ASII.JK
2024-11-26,4514.18505859375,5150.0,5200.0,5100.0,5150.0,45059300,ASII.JK
2024-11-28,4492.271484375,5125.0,5225.0,5125.0,5200.0,30554200,ASII.JK
2024-11-29,4470.3583984375,5100.0,5125.0,5025.0,5125.0,48756800,ASII.JK
2024-12-02,4330.111328125,4940.0,5150.0,4900.0,5100.0,47373200,ASII.JK
2024-12-03,4492.271484375,5125.0,5125.0,4970.0,4980.0,46752800,ASII.JK
2024-12-04,4579.92578125,5225.0,5225.0,5075.0,5100.0,51733400,ASII.JK
2024-12-05,4558.01220703125,5200.0,5225.0,5125.0,5225.0,21948400,ASII.JK
2024-12-06,4514.18505859375,5150.0,5175.0,5050.0,5150.0,36599600,ASII.JK
2024-12-09,4579.92578125,5225.0,5225.0,5100.0,5150.0,37208600,ASII.JK
2024-12-10,4579.92578125,5225.0,5225.0,5150.0,5200.0,41536400,ASII.JK
2024-12-11,4601.83935546875,5250.0,5250.0,5175.0,5175.0,41090000,ASII.JK
2024-12-12,4470.3583984375,5100.0,5225.0,5050.0,5150.0,37254100,ASII.JK
2024-12-13,4492.271484375,5125.0,5150.0,5050.0,5100.0,27732300,ASII.JK
2024-12-16,4492.271484375,5125.0,5150.0,5000.0,5075.0,35937800,ASII.JK
2024-12-17,4365.17333984375,4980.0,5150.0,4950.0,5100.0,48682400,ASII.JK
2024-12-18,4382.7041015625,5000.0,5050.0,4960.0,4980.0,27412000,ASII.JK
2024-12-19,4277.51904296875,4880.0,4950.0,4860.0,4950.0,39151900,ASII.JK
2024-12-20,4268.75390625,4870.0,4900.0,4850.0,4880.0,44851200,ASII.JK
2024-12-23,4338.876953125,4950.0,4950.0,4870.0,4900.0,29678900,ASII.JK
2024-12-24,4277.51904296875,4880.0,4980.0,4880.0,4940.0,22600500,ASII.JK
2024-12-27,4321.3466796875,4930.0,4940.0,4880.0,4890.0,14456700,ASII.JK
2024-12-30,4295.05029296875,4900.0,4940.0,4880.0,4930.0,23926400,ASII.JK
2025-01-02,4338.876953125,4950.0,4970.0,4900.0,4910.0,17924000,ASII.JK
2025-01-03,4338.876953125,4950.0,4970.0,4920.0,4950.0,12711800,ASII.JK
2025-01-06,4259.98779296875,4860.0,5000.0,4860.0,4950.0,18412500,ASII.JK
2025-01-07,4312.58056640625,4920.0,4920.0,4850.0,4860.0,20452200,ASII.JK
2025-01-08,4216.1611328125,4810.0,4910.0,4810.0,4880.0,23739400,ASII.JK
2025-01-09,4321.3466796875,4930.0,4950.0,4830.0,4830.0,23802600,ASII.JK
2025-01-10,4295.05029296875,4900.0,4960.0,4860.0,4940.0,31951800,ASII.JK
2025-01-13,4163.568359375,4750.0,4920.0,4720.0,4910.0,46247300,ASII.JK
2025-01-14,4163.568359375,4750.0,4850.0,4750.0,4770.0,28096700,ASII.JK
2025-01-15,4330.111328125,4940.0,4940.0,4780.0,4790.0,27497200,ASII.JK
2025-01-16,4277.51904296875,4880.0,5025.0,4880.0,5025.0,30520200,ASII.JK
2025-01-17,4330.111328125,4940.0,4970.0,4840.0,4860.0,23691900,ASII.JK
2025-01-20,4303.81494140625,4910.0,4960.0,4900.0,4940.0,11873200,ASII.JK
2025-01-21,4303.81494140625,4910.0,4970.0,4900.0,4930.0,21762200,ASII.JK
2025-01-22,4347.64208984375,4960.0,4980.0,4880.0,4920.0,33116700,ASII.JK
2025-01-23,4295.05029296875,4900.0,4980.0,4900.0,4960.0,17049700,ASII.JK
2025-01-24,4268.75390625,4870.0,4960.0,4870.0,4900.0,19663900,ASII.JK
2025-01-30,4189.86474609375,4780.0,4870.0,4780.0,4870.0,28147100,ASII.JK
2025-01-31,4207.39599609375,4800.0,4840.0,4790.0,4790.0,27064100,ASII.JK
2025-02-03,4172.33447265625,4760.0,4800.0,4740.0,4800.0,33116100,ASII.JK
2025-02-04,4207.39599609375,4800.0,4840.0,4760.0,4770.0,20631500,ASII.JK
2025-02-05,4154.80322265625,4740.0,4850.0,4730.0,4850.0,20436200,ASII.JK
2025-02-06,3988.260498046875,4550.0,4740.0,4520.0,4740.0,61645400,ASII.JK
2025-02-07,4075.91455078125,4650.0,4670.0,4530.0,4610.0,33223300,ASII.JK
2025-02-10,4005.791015625,4570.0,4650.0,4520.0,4610.0,40230000,ASII.JK
2025-02-11,4040.853271484375,4610.0,4650.0,4570.0,4590.0,32956400,ASII.JK
2025-02-12,4067.149169921875,4640.0,4680.0,4620.0,4680.0,30762900,ASII.JK
2025-02-13,4084.68017578125,4660.0,4670.0,4580.0,4640.0,21320200,ASII.JK
2025-02-14,4102.2109375,4680.0,4730.0,4640.0,4660.0,31409000,ASII.JK
2025-02-17,4154.80322265625,4740.0,4780.0,4670.0,4680.0,30270200,ASII.JK
2025-02-18,4207.39599609375,4800.0,4840.0,4740.0,4740.0,31828200,ASII.JK
2025-02-19,4119.74169921875,4700.0,4840.0,4610.0,4820.0,47951400,ASII.JK
2025-02-20,4137.2724609375,4720.0,4740.0,4650.0,4700.0,23653800,ASII.JK
2025-02-21,4163.568359375,4750.0,4800.0,4600.0,4740.0,31937400,ASII.JK
2025-02-24,4119.74169921875,4700.0,4770.0,4660.0,4750.0,22303600,ASII.JK
2025-02-25,3997.026123046875,4560.0,4750.0,4550.0,4710.0,42728600,ASII.JK
2025-02-26,4014.556884765625,4580.0,4600.0,4520.0,4560.0,19351300,ASII.JK
2025-02-27,4023.322021484375,4590.0,4590.0,4480.0,4550.0,37731000,ASII.JK
2025-02-28,3970.729736328125,4530.0,4650.0,4370.0,4650.0,70620000,ASII.JK
2025-03-03,4102.2109375,4680.0,4720.0,4500.0,4530.0,65345600,ASII.JK
2025-03-04,4110.97607421875,4690.0,4700.0,4590.0,4680.0,40873900,ASII.JK
2025-03-05,4295.05029296875,4900.0,4900.0,4690.0,4700.0,86703900,ASII.JK
2025-03-06,4295.05029296875,4900.0,4960.0,4860.0,4900.0,51276300,ASII.JK
2025-03-07,4321.3466796875,4930.0,4970.0,4790.0,4900.0,59830500,ASII.JK
2025-03-10,4181.099609375,4770.0,4900.0,4750.0,4900.0,53139600,ASII.JK
2025-03-11,4207.39599609375,4800.0,4800.0,4700.0,4720.0,35571600,ASII.JK
2025-03-12,4216.1611328125,4810.0,4830.0,4740.0,4760.0,29264500,ASII.JK
2025-03-13,4146.0380859375,4730.0,4810.0,4680.0,4790.0,41066600,ASII.JK
2025-03-14,4049.618408203125,4620.0,4730.0,4610.0,4730.0,35967600,ASII.JK
2025-03-17,4049.618408203125,4620.0,4670.0,4610.0,4660.0,23856300,ASII.JK
2025-03-18,4075.91455078125,4650.0,4650.0,4460.0,4630.0,66583100,ASII.JK
2025-03-19,4110.97607421875,4690.0,4700.0,4610.0,4650.0,37556400,ASII.JK
2025-03-20,4128.50732421875,4710.0,4750.0,4640.0,4690.0,23310500,ASII.JK
2025-03-21,4242.45703125,4840.0,4840.0,4630.0,4720.0,57730500,ASII.JK
2025-03-24,4110.97607421875,4690.0,4780.0,4540.0,4780.0,29695400,ASII.JK
2025-03-25,4075.91455078125,4650.0,4700.0,4610.0,4700.0,26320300,ASII.JK
2025-03-26,4207.39599609375,4800.0,4840.0,4660.0,4660.0,30508200,ASII.JK
2025-03-27,4312.58056640625,4920.0,4920.0,4790.0,4800.0,44551200,ASII.JK
2025-04-08,3926.90283203125,4480.0,4800.0,4450.0,4800.0,94752400,ASII.JK
2025-04-09,4049.618408203125,4620.0,4660.0,4470.0,4480.0,46086300,ASII.JK
2025-04-10,4128.50732421875,4710.0,4840.0,4690.0,4750.0,43115600,ASII.JK
2025-04-11,4128.50732421875,4710.0,4740.0,4620.0,4660.0,31446100,ASII.JK
2025-04-14,4321.3466796875,4930.0,4930.0,4710.0,4740.0,39843200,ASII.JK
2025-04-15,4268.75390625,4870.0,4950.0,4800.0,4930.0,56488100,ASII.JK
2025-04-16,4189.86474609375,4780.0,4860.0,4690.0,4850.0,44479500,ASII.JK
2025-04-17,4163.568359375,4750.0,4770.0,4710.0,4770.0,28099700,ASII.JK
2025-04-21,4198.63037109375,4790.0,4810.0,4740.0,4750.0,14313200,ASII.JK
2025-04-22,4154.80322265625,4740.0,4780.0,4720.0,4750.0,29906300,ASII.JK
2025-04-23,4224.9267578125,4820.0,4840.0,4770.0,4770.0,38609800,ASII.JK
2025-04-24,4181.099609375,4770.0,4840.0,4770.0,4830.0,42307000,ASII.JK
2025-04-25,4259.98779296875,4860.0,4910.0,4790.0,4790.0,45465200,ASII.JK
2025-04-28,4286.2841796875,4890.0,4930.0,4870.0,4880.0,22380800,ASII.JK
2025-04-29,4207.39599609375,4800.0,4910.0,4800.0,4910.0,46881000,ASII.JK
2025-04-30,4207.39599609375,4800.0,4840.0,4780.0,4800.0,46038900,ASII.JK
2025-05-02,4198.63037109375,4790.0,4860.0,4760.0,4810.0,61301400,ASII.JK
2025-05-05,4189.86474609375,4780.0,4810.0,4770.0,4800.0,30747900,ASII.JK
2025-05-06,4163.568359375,4750.0,4800.0,4750.0,4780.0,53222000,ASII.JK
2025-05-07,4233.69189453125,4830.0,4840.0,4770.0,4780.0,47790800,ASII.JK
2025-05-08,4189.86474609375,4780.0,4930.0,4780.0,4860.0,92459500,ASII.JK
2025-05-09,4189.86474609375,4780.0,4830.0,4780.0,4790.0,38964000,ASII.JK
2025-05-14,4216.1611328125,4810.0,4880.0,4800.0,4860.0,92389200,ASII.JK
2025-05-15,4224.9267578125,4820.0,4850.0,4810.0,4820.0,69701600,ASII.JK
2025-05-16,4277.51904296875,4880.0,4880.0,4810.0,4840.0,64271600,ASII.JK
2025-05-19,4330.111328125,4940.0,4960.0,4880.0,4890.0,97782400,ASII.JK
2025-05-20,4259.98779296875,4860.0,4960.0,4860.0,4960.0,127610600,ASII.JK
2025-05-21,4370.41845703125,4670.0,4690.0,4570.0,4600.0,115335300,ASII.JK
2025-05-22,4332.984375,4630.0,4710.0,4630.0,4680.0,52032700,ASII.JK
2025-05-23,4435.927734375,4740.0,4780.0,4730.0,4770.0,42300400,ASII.JK
2025-05-26,4426.5693359375,4730.0,4780.0,4690.0,4770.0,40971400,ASII.JK
2025-05-27,4398.49365234375,4700.0,4730.0,4660.0,4710.0,38680100,ASII.JK
2025-05-28,4538.87158203125,4850.0,4850.0,4660.0,4710.0,188036300,ASII.JK
2025-06-02,4473.36181640625,4780.0,4800.0,4730.0,4780.0,115876200,ASII.JK
2025-06-03,4398.49365234375,4700.0,4760.0,4650.0,4750.0,51574100,ASII.JK
2025-06-04,4314.267578125,4610.0,4760.0,4610.0,4760.0,55901000,ASII.JK
2025-06-05,4314.267578125,4610.0,4670.0,4610.0,4640.0,38381400,ASII.JK
2025-06-10,4304.90869140625,4600.0,4670.0,4600.0,4670.0,60469600,ASII.JK
2025-06-11,4314.267578125,4610.0,4630.0,4580.0,4610.0,50550100,ASII.JK
2025-06-12,4267.47509765625,4560.0,4620.0,4560.0,4610.0,54629900,ASII.JK
2025-06-13,4276.8330078125,4570.0,4600.0,4560.0,4580.0,38510500,ASII.JK
2025-06-16,4314.267578125,4610.0,4630.0,4560.0,4570.0,29939400,ASII.JK
2025-06-17,4304.90869140625,4600.0,4640.0,4590.0,4640.0,29978400,ASII.JK
2025-06-18,4295.55029296875,4590.0,4620.0,4590.0,4610.0,19386900,ASII.JK
2025-06-19,4239.3994140625,4530.0,4600.0,4500.0,4590.0,30832700,ASII.JK
2025-06-20,4201.9658203125,4490.0,4530.0,4480.0,4530.0,50116600,ASII.JK
2025-06-23,4145.814453125,4430.0,4470.0,4400.0,4470.0,28820000,ASII.JK
2025-06-24,4183.248046875,4470.0,4500.0,4430.0,4470.0,37523200,ASII.JK
2025-06-25,4183.248046875,4470.0,4530.0,4420.0,4530.0,33217200,ASII.JK
2025-06-26,4164.53125,4450.0,4450.0,4410.0,4440.0,26909800,ASII.JK
2025-06-30,4211.32373046875,4500.0,4520.0,4450.0,4470.0,41865200,ASII.JK
2025-07-01,4164.53125,4450.0,4510.0,4440.0,4490.0,27410600,ASII.JK
2025-07-02,4248.75830078125,4540.0,4550.0,4440.0,4450.0,34231600,ASII.JK
2025-07-03,4276.8330078125,4570.0,4590.0,4530.0,4540.0,24120100,ASII.JK
2025-07-04,4323.6259765625,4620.0,4650.0,4570.0,4600.0,25298100,ASII.JK
2025-07-07,4379.77685546875,4680.0,4680.0,4590.0,4620.0,20181800,ASII.JK
2025-07-08,4361.06005859375,4660.0,4670.0,4620.0,4670.0,21173700,ASII.JK
2025-07-09,4417.2109375,4720.0,4720.0,4670.0,4680.0,32577400,ASII.JK
2025-07-10,4379.77685546875,4680.0,4730.0,4680.0,4720.0,21464100,ASII.JK
2025-07-11,4407.8525390625,4710.0,4720.0,4680.0,4720.0,19382400,ASII.JK
2025-07-14,4398.49365234375,4700.0,4750.0,4650.0,4710.0,32985800,ASII.JK
2025-07-15,4398.49365234375,4700.0,4700.0,4630.0,4700.0,25045900,ASII.JK
2025-07-16,4445.2861328125,4750.0,4810.0,4690.0,4700.0,53394000,ASII.JK
2025-07-17,4482.72021484375,4790.0,4820.0,4730.0,4750.0,37859000,ASII.JK
2025-07-18,4445.2861328125,4750.0,4840.0,4750.0,4810.0,23680400,ASII.JK
2025-07-21,4454.64501953125,4760.0,4810.0,4720.0,4810.0,17018900,ASII.JK
2025-07-22,4389.13525390625,4690.0,4760.0,4680.0,4760.0,47232600,ASII.JK
2025-07-23,4632.45654296875,4950.0,4950.0,4720.0,4740.0,94669900,ASII.JK
2025-07-24,4726.04150390625,5050.0,5075.0,4980.0,4990.0,72459700,ASII.JK
2025-07-25,4679.2490234375,5000.0,5050.0,4950.0,5000.0,28079000,ASII.JK
2025-07-28,4772.833984375,5100.0,5100.0,4990.0,5025.0,59414600,ASII.JK
2025-07-29,4772.833984375,5100.0,5125.0,5025.0,5100.0,36861000,ASII.JK
2025-07-30,4819.62646484375,5150.0,5150.0,5075.0,5100.0,53075600,ASII.JK
2025-07-31,4772.833984375,5100.0,5175.0,5100.0,5150.0,44048400,ASII.JK
2025-08-01,4679.2490234375,5000.0,5150.0,4960.0,5125.0,33392000,ASII.JK
2025-08-04,4702.64501953125,5025.0,5050.0,4940.0,5000.0,21561700,ASII.JK
2025-08-05,4702.64501953125,5025.0,5050.0,4990.0,5050.0,20210600,ASII.JK
2025-08-06,4585.6640625,4900.0,5025.0,4900.0,5025.0,24786300,ASII.JK
2025-08-07,4641.814453125,4960.0,5025.0,4920.0,4920.0,25930000,ASII.JK
2025-08-08,4604.380859375,4920.0,4990.0,4920.0,4950.0,20639400,ASII.JK
2025-08-11,4585.6640625,4900.0,4930.0,4870.0,4920.0,21955000,ASII.JK
2025-08-12,4669.89013671875,4990.0,5025.0,4890.0,4900.0,22725500,ASII.JK
2025-08-13,4843.0224609375,5175.0,5250.0,5025.0,5100.0,103458500,ASII.JK
2025-08-14,4772.833984375,5100.0,5150.0,5075.0,5125.0,31796500,ASII.JK
2025-08-15,4702.64501953125,5025.0,5125.0,5025.0,5100.0,16434700,ASII.JK
2025-08-19,5170.56982421875,5525.0,5575.0,5200.0,5275.0,260942000,ASII.JK
2025-08-20,5170.56982421875,5525.0,5550.0,5450.0,5525.0,74517000,ASII.JK
2025-08-21,5264.1552734375,5625.0,5650.0,5500.0,5525.0,76746200,ASII.JK
2025-08-22,5334.34375,5700.0,5775.0,5600.0,5650.0,73126900,ASII.JK
2025-08-25,5381.13623046875,5750.0,5775.0,5675.0,5750.0,60737900,ASII.JK
2025-08-26,5264.1552734375,5625.0,5725.0,5475.0,5725.0,79136200,ASII.JK
2025-08-27,5147.17333984375,5500.0,5725.0,5500.0,5650.0,33172600,ASII.JK
2025-08-28,5217.3623046875,5575.0,5650.0,5525.0,5525.0,18032900,ASII.JK
2025-08-29,5147.17333984375,5500.0,5625.0,5425.0,5450.0,62869000,ASII.JK
2025-09-01,5100.380859375,5450.0,5500.0,5200.0,5200.0,67904000,ASII.JK
2025-09-02,5123.77734375,5475.0,5550.0,5400.0,5500.0,21623300,ASII.JK
2025-09-03,5147.17333984375,5500.0,5650.0,5450.0,5525.0,45471600,ASII.JK
2025-09-04,5147.17333984375,5500.0,5500.0,5400.0,5500.0,26987400,ASII.JK
2025-09-08,5076.98486328125,5425.0,5600.0,5350.0,5600.0,57081800,ASII.JK
2025-09-09,5170.56982421875,5525.0,5600.0,5350.0,5400.0,49240100,ASII.JK
2025-09-10,5123.77734375,5475.0,5525.0,5400.0,5525.0,22964700,ASII.JK
2025-09-11,5193.9658203125,5550.0,5600.0,5450.0,5475.0,28151500,ASII.JK
2025-09-12,5310.94775390625,5675.0,5700.0,5600.0,5625.0,30653500,ASII.JK
2025-09-15,5264.1552734375,5625.0,5700.0,5600.0,5675.0,26368000,ASII.JK
2025-09-16,5287.55126953125,5650.0,5675.0,5600.0,5650.0,15987900,ASII.JK
2025-09-17,5334.34375,5700.0,5700.0,5600.0,5650.0,23879700,ASII.JK
2025-09-18,5217.3623046875,5575.0,5725.0,5550.0,5700.0,27261300,ASII.JK
2025-09-19,5357.740234375,5725.0,5750.0,5575.0,5575.0,52162200,ASII.JK
2025-09-22,5334.34375,5700.0,5725.0,5625.0,5725.0,35106300,ASII.JK
2025-09-23,5521.513671875,5900.0,5950.0,5650.0,5675.0,41044200,ASII.JK
2025-09-24,5521.513671875,5900.0,5950.0,5850.0,5950.0,61167600,ASII.JK
2025-09-25,5404.53271484375,5775.0,5900.0,5750.0,5900.0,35805100,ASII.JK
2025-09-26,5498.11767578125,5875.0,6000.0,5775.0,5875.0,42677800,ASII.JK
2025-09-29,5404.53271484375,5775.0,5900.0,5750.0,5875.0,20892700,ASII.JK
2025-09-30,5404.53271484375,5775.0,5825.0,5700.0,5750.0,41266900,ASII.JK
2025-10-01,5310.94775390625,5675.0,5850.0,5650.0,5825.0,26508200,ASII.JK
2025-10-02,5334.34375,5700.0,5750.0,5625.0,5750.0,29346300,ASII.JK
2025-10-03,5451.3251953125,5825.0,5850.0,5750.0,5750.0,27951100,ASII.JK
2025-10-06,5451.3251953125,5825.0,5925.0,5800.0,5900.0,21809400,ASII.JK
2025-10-07,5381.13623046875,5750.0,6050.0,5725.0,5925.0,43328700,ASII.JK
2025-10-08,5357.740234375,5725.0,5875.0,5650.0,5825.0,30080700,ASII.JK
2025-10-09,5544.90966796875,5925.0,5925.0,5750.0,5775.0,27699300,ASII.JK
2025-10-10,5521.513671875,5900.0,5950.0,5850.0,5925.0,27133800,ASII.JK
2025-10-13,5427.9287109375,5800.0,5925.0,5775.0,5850.0,29034500,ASII.JK
2025-10-14,5545.0166015625,5825.0,6025.0,5800.0,5800.0,53096200,ASII.JK
2025-10-15,5497.419921875,5775.0,5950.0,5750.0,5950.0,96604500,ASII.JK
2025-10-16,5473.62158203125,5750.0,5850.0,5750.0,5850.0,15044500,ASII.JK
2025-10-17,5354.6298828125,5625.0,5800.0,5575.0,5725.0,31793700,ASII.JK
2025-10-20,5640.2099609375,5925.0,5925.0,5625.0,5625.0,29959700,ASII.JK
2025-10-21,5711.60498046875,6000.0,6050.0,5900.0,6000.0,46181700,ASII.JK
2025-10-22,5878.193359375,6175.0,6300.0,6000.0,6050.0,98615300,ASII.JK
2025-10-23,6020.9833984375,6325.0,6400.0,6075.0,6075.0,60009000,ASII.JK
2025-10-24,6258.96728515625,6575.0,6675.0,6350.0,6375.0,93344500,ASII.JK
2025-10-27,6282.765625,6600.0,6725.0,6375.0,6600.0,64262300,ASII.JK
2025-10-28,6020.9833984375,6325.0,6600.0,6275.0,6600.0,37953500,ASII.JK
2025-10-29,6163.7734375,6475.0,6500.0,6225.0,6250.0,39818900,ASII.JK
2025-10-30,5973.38671875,6275.0,6450.0,6250.0,6425.0,28976800,ASII.JK
2025-10-31,5854.39501953125,6150.0,6300.0,6125.0,6250.0,64790000,ASII.JK
2025-11-03,6044.78173828125,6350.0,6450.0,6150.0,6150.0,59085000,ASII.JK
2025-11-04,5997.18505859375,6300.0,6375.0,6250.0,6300.0,62249200,ASII.JK
2025-11-05,5949.58837890625,6250.0,6325.0,6175.0,6250.0,43439100,ASII.JK
2025-11-06,6020.9833984375,6325.0,6350.0,6200.0,6300.0,48979900,ASII.JK
2025-11-07,6116.1767578125,6425.0,6450.0,6300.0,6325.0,42960800,ASII.JK
2025-11-10,6116.1767578125,6425.0,6500.0,6400.0,6500.0,45533400,ASII.JK
2025-11-11,6211.37060546875,6525.0,6600.0,6450.0,6550.0,43529600,ASII.JK
2025-11-12,6139.97509765625,6450.0,6575.0,6400.0,6550.0,37083400,ASII.JK
2025-11-13,6068.580078125,6375.0,6425.0,6350.0,6425.0,21200000,ASII.JK
2025-11-14,6092.37841796875,6400.0,6450.0,6325.0,6375.0,23431700,ASII.JK
2025-11-17,6139.97509765625,6450.0,6500.0,6375.0,6400.0,40681500,ASII.JK
2025-11-18,6116.1767578125,6425.0,6550.0,6400.0,6475.0,27510900,ASII.JK
2025-11-19,6092.37841796875,6400.0,6475.0,6275.0,6425.0,45476700,ASII.JK
2025-11-20,6116.1767578125,6425.0,6500.0,6375.0,6450.0,30547700,ASII.JK
2025-11-21,6116.1767578125,6425.0,6425.0,6325.0,6400.0,43653200,ASII.JK
2025-11-24,6163.7734375,6475.0,6525.0,6425.0,6500.0,71721700,ASII.JK
2025-11-25,6139.97509765625,6450.0,6475.0,6375.0,6425.0,20954400,ASII.JK
2025-11-26,6282.765625,6600.0,6600.0,6425.0,6500.0,29331000,ASII.JK
2025-11-27,6258.96728515625,6575.0,6600.0,6450.0,6600.0,23737100,ASII.JK
2025-11-28,6235.1689453125,6550.0,6600.0,6500.0,6600.0,38378700,ASII.JK
2025-12-01,6068.580078125,6375.0,6500.0,6325.0,6375.0,38669000,ASII.JK
2025-12-02,6306.56396484375,6625.0,6625.0,6500.0,6575.0,53567600,ASII.JK
2025-12-03,6282.765625,6600.0,6650.0,6550.0,6600.0,24386200,ASII.JK
2025-12-04,6401.75732421875,6725.0,6725.0,6550.0,6575.0,38510600,ASII.JK
2025-12-05,6377.958984375,6700.0,6900.0,6700.0,6725.0,67707300,ASII.JK
2025-12-08,6401.75732421875,6725.0,6825.0,6625.0,6825.0,38776000,ASII.JK
2025-12-09,6282.765625,6600.0,6775.0,6450.0,6775.0,38482800,ASII.JK
2025-12-10,6306.56396484375,6625.0,6725.0,6550.0,6700.0,34524000,ASII.JK
2025-12-11,6139.97509765625,6450.0,6675.0,6350.0,6650.0,42116700,ASII.JK
2025-12-12,6282.765625,6600.0,6600.0,6425.0,6550.0,28841900,ASII.JK
2025-12-15,6282.765625,6600.0,6725.0,6525.0,6725.0,38096700,ASII.JK
2025-12-16,6282.765625,6600.0,6600.0,6500.0,6575.0,34723600,ASII.JK
2025-12-17,6282.765625,6600.0,6600.0,6500.0,6550.0,32681400,ASII.JK
2025-12-18,6187.572265625,6500.0,6600.0,6475.0,6600.0,20454400,ASII.JK
2025-12-19,6211.37060546875,6525.0,6575.0,6425.0,6575.0,61201100,ASII.JK
2025-12-22,6258.96728515625,6575.0,6600.0,6450.0,6450.0,30755900,ASII.JK
2025-12-23,6187.572265625,6500.0,6575.0,6450.0,6500.0,13756700,ASII.JK
2025-12-24,6306.56396484375,6625.0,6675.0,6450.0,6450.0,20273000,ASII.JK
2025-12-29,6354.16064453125,6675.0,6725.0,6600.0,6625.0,20982300,ASII.JK
2025-12-30,6377.958984375,6700.0,6725.0,6600.0,6675.0,23486000,ASII.JK
2026-01-02,6473.15234375,6800.0,6800.0,6600.0,6600.0,19569100,ASII.JK
2026-01-05,6544.54736328125,6875.0,6875.0,6675.0,6775.0,30633400,ASII.JK
2026-01-06,6568.345703125,6900.0,6900.0,6700.0,6875.0,33964700,ASII.JK
2026-01-07,6687.33740234375,7025.0,7075.0,6800.0,6800.0,55249800,ASII.JK
2026-01-08,6663.5390625,7000.0,7100.0,6975.0,7025.0,30845500,ASII.JK
2026-01-09,6544.54736328125,6875.0,7100.0,6825.0,7000.0,29171000,ASII.JK
2026-01-12,6663.5390625,7000.0,7000.0,6900.0,6925.0,24915100,ASII.JK
2026-01-13,6949.119140625,7300.0,7300.0,7025.0,7075.0,65659900,ASII.JK
2026-01-14,6782.53076171875,7125.0,7225.0,7025.0,7200.0,40658400,ASII.JK
2026-01-15,6711.1357421875,7050.0,7200.0,7000.0,7200.0,26410300,ASII.JK
2026-01-19,7044.31298828125,7400.0,7475.0,7175.0,7200.0,51590900,ASII.JK
2026-01-20,6925.32080078125,7275.0,7375.0,7225.0,7350.0,21167100,ASII.JK
2026-01-21,6282.765625,6600.0,6800.0,6300.0,6300.0,269454100,ASII.JK
2026-01-22,6449.35400390625,6775.0,6850.0,6625.0,6700.0,70220500,ASII.JK
2026-01-23,6496.95068359375,6825.0,6900.0,6650.0,6800.0,52227800,ASII.JK
2026-01-26,6544.54736328125,6875.0,6875.0,6700.0,6850.0,55468700,ASII.JK
2026-01-27,5997.18505859375,6300.0,6800.0,6225.0,6775.0,145465800,ASII.JK
2026-01-28,5878.193359375,6175.0,6475.0,5775.0,6200.0,200262500,ASII.JK
2026-01-29,6163.7734375,6475.0,6475.0,5725.0,6200.0,136295200,ASII.JK
2026-01-30,6044.78173828125,6350.0,6550.0,6300.0,6525.0,101087200,ASII.JK
2026-02-02,5973.38671875,6275.0,6400.0,6175.0,6350.0,71571500,ASII.JK
2026-02-03,6473.15234375,6800.0,6800.0,6325.0,6375.0,63526500,ASII.JK
2026-02-04,6354.16064453125,6675.0,6825.0,6625.0,6800.0,58211100,ASII.JK
2026-02-05,6615.9423828125,6950.0,7000.0,6725.0,6725.0,72792600,ASII.JK
2026-02-06,6377.958984375,6700.0,6800.0,6575.0,6800.0,49547300,ASII.JK
2026-02-09,6330.3623046875,6650.0,6750.0,6525.0,6750.0,34797900,ASII.JK
2026-02-10,6520.7490234375,6850.0,6850.0,6650.0,6700.0,45371100,ASII.JK
2026-02-11,6425.5556640625,6750.0,6825.0,6700.0,6800.0,41050100,ASII.JK
2026-02-12,6449.35400390625,6775.0,6900.0,6750.0,6775.0,26536900,ASII.JK
2026-02-13,6330.3623046875,6650.0,6775.0,6575.0,6775.0,31212900,ASII.JK
2026-02-18,6377.958984375,6700.0,6750.0,6650.0,6750.0,25858200,ASII.JK
2026-02-19,6282.765625,6600.0,6775.0,6550.0,6700.0,46704000,ASII.JK
2026-02-20,6235.1689453125,6550.0,6650.0,6550.0,6600.0,28160900,ASII.JK
2026-02-23,6306.56396484375,6625.0,6650.0,6550.0,6625.0,38075400,ASII.JK
2026-02-24,6235.1689453125,6550.0,6725.0,6550.0,6650.0,51297100,ASII.JK
2026-02-25,6330.3623046875,6650.0,6675.0,6575.0,6600.0,45214100,ASII.JK
2026-02-26,6401.75732421875,6725.0,6725.0,6575.0,6700.0,30901600,ASII.JK
2026-02-27,6354.16064453125,6675.0,6750.0,6575.0,6725.0,68396400,ASII.JK
2026-03-02,5997.18505859375,6300.0,6625.0,6275.0,6600.0,60477400,ASII.JK
2026-03-03,5973.38671875,6275.0,6425.0,6250.0,6400.0,31573300,ASII.JK
2026-03-04,5854.39501953125,6150.0,6325.0,6000.0,6275.0,49747800,ASII.JK
2026-03-05,6020.9833984375,6325.0,6350.0,6200.0,6300.0,38471400,ASII.JK
2026-03-06,5830.5966796875,6125.0,6300.0,6050.0,6300.0,38071100,ASII.JK
2026-03-09,5568.81494140625,5850.0,5900.0,5800.0,5900.0,46625500,ASII.JK
2026-03-10,5711.60498046875,6000.0,6150.0,5900.0,5900.0,33964900,ASII.JK
2026-03-11,5664.00830078125,5950.0,6050.0,5875.0,6000.0,18403300,ASII.JK
2026-03-12,5664.00830078125,5950.0,6050.0,5900.0,5975.0,20628100,ASII.JK
2026-03-13,5545.0166015625,5825.0,5950.0,5775.0,5900.0,27856000,ASII.JK
2026-03-16,5568.81494140625,5850.0,5900.0,5675.0,5875.0,37696400,ASII.JK
2026-03-17,5521.21826171875,5800.0,5925.0,5750.0,5925.0,89895700,ASII.JK
2026-03-25,6282.765625,6600.0,6600.0,6100.0,6300.0,134276600,ASII.JK
2026-03-26,5949.58837890625,6250.0,6575.0,6225.0,6575.0,45012000,ASII.JK
2026-03-27,5830.5966796875,6125.0,6225.0,6050.0,6200.0,32993200,ASII.JK
2026-03-30,6044.78173828125,6350.0,6400.0,6000.0,6100.0,48246100,ASII.JK
2026-03-31,5949.58837890625,6250.0,6350.0,6175.0,6350.0,31516100,ASII.JK
2026-04-01,5949.58837890625,6250.0,6350.0,6125.0,6275.0,37708800,ASII.JK
2026-04-02,5783.0,6075.0,6300.0,6025.0,6150.0,37842500,ASII.JK
2026-04-06,5806.79833984375,6100.0,6125.0,6025.0,6075.0,15705000,ASII.JK
2026-04-07,5616.41162109375,5900.0,6075.0,5875.0,6075.0,22912400,ASII.JK
2026-04-08,5901.99169921875,6200.0,6250.0,6025.0,6050.0,28419500,ASII.JK
2026-04-09,5878.193359375,6175.0,6175.0,6050.0,6150.0,25785600,ASII.JK
2026-04-10,5997.18505859375,6300.0,6350.0,6200.0,6225.0,37451300,ASII.JK
2026-04-13,5878.193359375,6175.0,6275.0,6150.0,6275.0,35616700,ASII.JK
2026-04-14,5854.39501953125,6150.0,6275.0,6100.0,6250.0,35499900,ASII.JK
2026-04-15,5997.18505859375,6300.0,6400.0,6225.0,6250.0,54204700,ASII.JK
2026-04-16,5901.99169921875,6200.0,6375.0,6175.0,6350.0,28237100,ASII.JK
2026-04-17,6068.580078125,6375.0,6475.0,6250.0,6275.0,25291100,ASII.JK
2026-04-20,6044.78173828125,6350.0,6450.0,6275.0,6375.0,18307400,ASII.JK
2026-04-21,6020.9833984375,6325.0,6450.0,6300.0,6450.0,25696400,ASII.JK
2026-04-22,6282.765625,6600.0,6625.0,6375.0,6425.0,42250100,ASII.JK
2026-04-23,6020.9833984375,6325.0,6625.0,6325.0,6600.0,31725300,ASII.JK
2026-04-24,6020.9833984375,6325.0,6475.0,6275.0,6400.0,27751700,ASII.JK
2026-04-27,5830.5966796875,6125.0,6375.0,6125.0,6375.0,19496400,ASII.JK
2026-04-28,5735.4033203125,6025.0,6200.0,6025.0,6150.0,36965000,ASII.JK
2026-04-29,5759.20166015625,6050.0,6250.0,6025.0,6125.0,26325800,ASII.JK
2026-04-30,5687.806640625,5975.0,6075.0,5975.0,6075.0,47690300,ASII.JK
2026-05-04,5783.0,6075.0,6125.0,6025.0,6050.0,33999000,ASII.JK
2026-05-05,5875.0,5875.0,5950.0,5725.0,5825.0,38038400,ASII.JK
2026-05-06,5750.0,5750.0,5975.0,5750.0,5950.0,27273500,ASII.JK
2026-05-07,5850.0,5850.0,5900.0,5775.0,5800.0,37017100,ASII.JK
2026-05-08,5825.0,5825.0,6000.0,5800.0,5875.0,36425000,ASII.JK
2026-05-11,6050.0,6050.0,6050.0,5825.0,5925.0,26376000,ASII.JK
2026-05-12,5850.0,5850.0,6100.0,5850.0,6050.0,25658100,ASII.JK
2026-05-13,5750.0,5750.0,5900.0,5750.0,5850.0,32026500,ASII.JK
2026-05-14,5750.0,5750.0,5750.0,5750.0,5750.0,0,ASII.JK
2026-05-15,5750.0,5750.0,5750.0,5750.0,5750.0,0,ASII.JK
2026-05-18,6000.0,6000.0,6000.0,5775.0,5825.0,54305300,ASII.JK
2026-05-19,5950.0,5950.0,6050.0,5925.0,6000.0,34901400,ASII.JK
2026-05-20,5975.0,5975.0,6100.0,5900.0,5950.0,37175000,ASII.JK
2026-05-21,5600.0,5600.0,6025.0,5600.0,6000.0,57790800,ASII.JK
2026-05-22,5400.0,5400.0,5650.0,5300.0,5625.0,65064200,ASII.JK
2026-05-25,5600.0,5600.0,5625.0,5325.0,5425.0,92115700,ASII.JK
2026-05-26,5125.0,5125.0,5600.0,5125.0,5575.0,82648100,ASII.JK
2026-05-27,5125.0,5125.0,5125.0,5125.0,5125.0,0,ASII.JK
2026-05-28,5125.0,5125.0,5125.0,5125.0,5125.0,0,ASII.JK
2026-05-29,5000.0,5000.0,5200.0,4800.0,4800.0,481573900,ASII.JK
2026-06-02,4900.0,4900.0,5050.0,4840.0,5000.0,156532600,ASII.JK
2026-06-03,4840.0,4840.0,4920.0,4670.0,4900.0,101108500,ASII.JK
2026-06-04,4630.0,4630.0,4840.0,4570.0,4810.0,160423900,ASII.JK
2026-06-05,4570.0,4570.0,4620.0,4530.0,4600.0,64364700,ASII.JK
2026-06-08,4360.0,4360.0,4550.0,4350.0,4550.0,85460100,ASII.JK
2026-06-09,4670.0,4670.0,4680.0,4360.0,4360.0,84193600,ASII.JK
2026-06-10,4700.0,4700.0,4750.0,4530.0,4650.0,91880000,ASII.JK
2026-06-11,4700.0,4700.0,4950.0,4680.0,4700.0,85205900,ASII.JK
2026-06-12,4740.0,4740.0,4810.0,4720.0,4760.0,66162000,ASII.JK
2026-06-15,4890.0,4890.0,4980.0,4880.0,4900.0,89864300,ASII.JK
2026-06-17,4800.0,4800.0,4910.0,4790.0,4880.0,72821600,ASII.JK
2026-06-18,4770.0,4770.0,4830.0,4710.0,4800.0,60565200,ASII.JK
2026-06-19,4810.0,4810.0,4830.0,4750.0,4770.0,229098200,ASII.JK
2026-06-22,4730.0,4730.0,4880.0,4710.0,4880.0,46627400,ASII.JK
2026-06-23,4680.0,4680.0,4780.0,4650.0,4730.0,57376700,ASII.JK
2026-06-24,4640.0,4640.0,4830.0,4630.0,4830.0,53683100,ASII.JK
2026-06-25,4920.0,4920.0,4950.0,4640.0,4640.0,88497000,ASII.JK
2026-06-26,4760.0,4760.0,4930.0,4710.0,4920.0,64841400,ASII.JK
2026-06-29,4710.0,4710.0,4770.0,4680.0,4770.0,25237300,ASII.JK
2026-06-30,4520.0,4520.0,4720.0,4470.0,4710.0,81706000,ASII.JK
2026-07-01,4600.0,4600.0,4650.0,4500.0,4530.0,30899300,ASII.JK
2026-07-02,4580.0,4580.0,4680.0,4580.0,4620.0,52263400,ASII.JK
2026-07-03,4810.0,4810.0,4830.0,4600.0,4600.0,24908400,ASII.JK
2026-07-06,4780.0,4780.0,4810.0,4690.0,4810.0,31139400,ASII.JK
2026-07-07,4930.0,4930.0,4980.0,4780.0,4790.0,44556600,ASII.JK
2026-07-08,4890.0,4890.0,4980.0,4870.0,4930.0,44811600,ASII.JK
2026-07-09,4880.0,4880.0,4900.0,4760.0,4900.0,43391100,ASII.JK
2026-07-10,4810.0,4810.0,4870.0,4770.0,4850.0,24557100,ASII.JK
2026-07-13,4850.0,4850.0,4860.0,4730.0,4810.0,43780800,ASII.JK
2026-07-14,4880.0,4880.0,4910.0,4810.0,4850.0,50811200,ASII.JK
2026-07-15,4850.0,4850.0,4930.0,4850.0,4880.0,37729500,ASII.JK
2026-07-16,5100.0,5100.0,5150.0,4840.0,4850.0,72624500,ASII.JK
2026-07-17,5100.0,5100.0,5200.0,5025.0,5125.0,65960600,ASII.JK
2026-07-20,5050.0,5050.0,5250.0,5050.0,5125.0,67793400,ASII.JK
2026-07-21,5100.0,5100.0,5150.0,5050.0,5100.0,40894600,ASII.JK
2026-07-22,5150.0,5150.0,5300.0,5100.0,5150.0,93334100,ASII.JK
2026-07-23,5000.0,5000.0,5175.0,5000.0,5150.0,66257200,ASII.JK
2026-07-24,4980.0,4980.0,4980.0,4900.0,4980.0,73314000,ASII.JK
2026-07-27,4910.0,4910.0,4950.0,4900.0,4950.0,21049300,ASII.JK
2026-07-28,4970.0,4970.0,5025.0,4920.0,4920.0,34388400,ASII.JK
2026-07-29,4960.0,4960.0,5025.0,4950.0,5000.0,23808100,ASII.JK
2026-07-30,4950.0,4950.0,4950.0,4870.0,4920.0,33910100,ASII.JK
2026-07-31,5100.0,5100.0,5175.0,5000.0,5000.0,46139800,ASII.JK
2026-08-03,5050.0,5050.0,5275.0,5000.0,5275.0,30943600,ASII.JK
2026-08-04,5125.0,5125.0,5125.0,5000.0,5050.0,39489500,ASII.JK
2026-08-05,5025.0,5025.0,5175.0,5000.0,5150.0,49014700,ASII.JK
2026-08-06,5100.0,5100.0,5125.0,5025.0,5050.0,53209500,ASII.JK
2026-08-07,5100.0,5100.0,5175.0,5025.0,5050.0,34507300,ASII.JK
2026-08-10,5000.0,5000.0,5100.0,4960.0,5100.0,70515600,ASII.JK
2026-08-11,4870.0,4870.0,5025.0,4860.0,5000.0,49228200,ASII.JK
2026-08-12,4860.0,4860.0,4920.0,4810.0,4870.0,62946100,ASII.JK
2026-08-13,4800.0,4800.0,4890.0,4780.0,4880.0,48407300,ASII.JK
2026-08-14,4780.0,4780.0,4820.0,4760.0,4800.0,31883200,ASII.JK
2026-08-18,4790.0,4790.0,4820.0,4760.0,4800.0,59420100,ASII.JK
2026-08-19,4730.0,4730.0,4800.0,4720.0,4790.0,44815500,ASII.JK
2026-08-20,4790.0,4790.0,4790.0,4730.0,4750.0,40700200,ASII.JK
2026-08-21,4780.0,4780.0,4850.0,4780.0,4840.0,48756800,ASII.JK
2026-08-24,4790.0,4790.0,4800.0,4730.0,4800.0,35455200,ASII.JK
2026-08-26,4780.0,4780.0,4810.0,4740.0,4800.0,47671400,ASII.JK
2026-08-27,4790.0,4790.0,4810.0,4740.0,4780.0,37802400,ASII.JK
2026-08-28,4800.0,4800.0,4860.0,4760.0,4790.0,53631000,ASII.JK
2026-08-31,4800.0,4800.0,4830.0,4770.0,4800.0,79688700,ASII.JK
2026-09-01,4920.0,4920.0,4930.0,4790.0,4800.0,72626100,ASII.JK
