Date,Adj Close,Close,High,Low,Open,Volume,Ticker
2018-01-01,3530.62939453125,4380.0,4380.0,4380.0,4380.0,0,BBCA.JK
2018-01-02,3530.62939453125,4380.0,4505.0,4365.0,4380.0,82303500,BBCA.JK
2018-01-03,3530.62939453125,4380.0,4390.0,4265.0,4385.0,68214000,BBCA.JK
2018-01-04,3583.024169921875,4445.0,4445.0,4380.0,4380.0,76567000,BBCA.JK
2018-01-05,3587.054931640625,4450.0,4480.0,4435.0,4460.0,65268000,BBCA.JK
2018-01-08,3603.176513671875,4470.0,4515.0,4445.0,4450.0,57928000,BBCA.JK
2018-01-09,3631.389404296875,4505.0,4510.0,4490.0,4500.0,61213000,BBCA.JK
2018-01-10,3619.297607421875,4490.0,4545.0,4465.0,4505.0,47292000,BBCA.JK
2018-01-11,3659.602783203125,4540.0,4540.0,4460.0,4490.0,57569000,BBCA.JK
2018-01-12,3615.267333984375,4485.0,4545.0,4465.0,4540.0,66590500,BBCA.JK
2018-01-15,3623.32861328125,4495.0,4500.0,4460.0,4490.0,41875000,BBCA.JK
2018-01-16,3643.47998046875,4520.0,4535.0,4490.0,4490.0,50055000,BBCA.JK
2018-01-17,3570.932861328125,4430.0,4540.0,4430.0,4540.0,183003000,BBCA.JK
2018-01-18,3639.4501953125,4515.0,4520.0,4450.0,4450.0,84980500,BBCA.JK
2018-01-19,3619.297607421875,4490.0,4530.0,4480.0,4525.0,50450500,BBCA.JK
2018-01-22,3623.32861328125,4495.0,4515.0,4485.0,4510.0,81367500,BBCA.JK
2018-01-23,3651.541015625,4530.0,4540.0,4505.0,4530.0,68752000,BBCA.JK
2018-01-24,3639.4501953125,4515.0,4525.0,4500.0,4525.0,94254500,BBCA.JK
2018-01-25,3639.4501953125,4515.0,4530.0,4490.0,4510.0,53653500,BBCA.JK
2018-01-26,3659.602783203125,4540.0,4570.0,4505.0,4525.0,58121000,BBCA.JK
2018-01-29,3675.7236328125,4560.0,4565.0,4510.0,4560.0,114814500,BBCA.JK
2018-01-30,3675.7236328125,4560.0,4690.0,4530.0,4540.0,114055000,BBCA.JK
2018-01-31,3663.63232421875,4545.0,4580.0,4540.0,4560.0,106803000,BBCA.JK
2018-02-01,3768.421875,4675.0,4685.0,4570.0,4570.0,138208000,BBCA.JK
2018-02-02,3865.15234375,4795.0,4940.0,4720.0,4725.0,98474000,BBCA.JK
2018-02-05,3836.940185546875,4760.0,4805.0,4700.0,4750.0,49501500,BBCA.JK
2018-02-06,3792.60546875,4705.0,4735.0,4660.0,4690.0,117589500,BBCA.JK
2018-02-07,3788.574462890625,4700.0,4795.0,4695.0,4730.0,121947000,BBCA.JK
2018-02-08,3820.817138671875,4740.0,4760.0,4700.0,4710.0,68461000,BBCA.JK
2018-02-09,3800.66552734375,4715.0,4745.0,4670.0,4680.0,71076500,BBCA.JK
2018-02-12,3788.574462890625,4700.0,4760.0,4700.0,4760.0,38409500,BBCA.JK
2018-02-13,3836.940185546875,4760.0,4785.0,4750.0,4760.0,59406000,BBCA.JK
2018-02-14,3820.817138671875,4740.0,4775.0,4710.0,4745.0,75553000,BBCA.JK
2018-02-15,3780.51416015625,4690.0,4785.0,4690.0,4780.0,52958500,BBCA.JK
2018-02-16,3780.51416015625,4690.0,4690.0,4690.0,4690.0,0,BBCA.JK
2018-02-19,3909.48681640625,4850.0,4850.0,4730.0,4735.0,50185500,BBCA.JK
2018-02-20,3873.213134765625,4805.0,4840.0,4775.0,4820.0,34830000,BBCA.JK
2018-02-21,3873.213134765625,4805.0,4835.0,4745.0,4790.0,62499000,BBCA.JK
2018-02-22,3853.060546875,4780.0,4835.0,4750.0,4820.0,47217000,BBCA.JK
2018-02-23,3909.48681640625,4850.0,4895.0,4790.0,4805.0,82233000,BBCA.JK
2018-02-26,3792.60546875,4705.0,4845.0,4700.0,4830.0,85227500,BBCA.JK
2018-02-27,3796.6357421875,4710.0,4755.0,4660.0,4745.0,87429500,BBCA.JK
2018-02-28,3736.1796875,4635.0,4690.0,4615.0,4680.0,132869000,BBCA.JK
2018-03-01,3736.1796875,4635.0,4645.0,4620.0,4620.0,125474500,BBCA.JK
2018-03-02,3687.814208984375,4575.0,4625.0,4550.0,4615.0,151511000,BBCA.JK
2018-03-05,3687.814208984375,4575.0,4660.0,4575.0,4630.0,87744000,BBCA.JK
2018-03-06,3671.693115234375,4555.0,4640.0,4545.0,4635.0,75907000,BBCA.JK
2018-03-07,3643.47998046875,4520.0,4630.0,4505.0,4620.0,106152000,BBCA.JK
2018-03-08,3756.330810546875,4660.0,4680.0,4550.0,4600.0,102994500,BBCA.JK
2018-03-09,3756.330810546875,4660.0,4660.0,4595.0,4660.0,66797000,BBCA.JK
2018-03-12,3808.7265625,4725.0,4730.0,4670.0,4680.0,111180500,BBCA.JK
2018-03-13,3780.51416015625,4690.0,4740.0,4655.0,4720.0,80643000,BBCA.JK
2018-03-14,3772.453857421875,4680.0,4720.0,4645.0,4695.0,54505500,BBCA.JK
2018-03-15,3768.421875,4675.0,4685.0,4650.0,4680.0,60774500,BBCA.JK
2018-03-16,3764.39208984375,4670.0,4735.0,4600.0,4730.0,193122000,BBCA.JK
2018-03-19,3764.39208984375,4670.0,4675.0,4640.0,4660.0,74200000,BBCA.JK
2018-03-20,3752.30029296875,4655.0,4660.0,4600.0,4655.0,89683500,BBCA.JK
2018-03-21,3768.421875,4675.0,4705.0,4655.0,4670.0,67617500,BBCA.JK
2018-03-22,3780.51416015625,4690.0,4700.0,4670.0,4695.0,60791500,BBCA.JK
2018-03-23,3836.940185546875,4760.0,4760.0,4600.0,4600.0,62978000,BBCA.JK
2018-03-26,3752.30029296875,4655.0,4690.0,4640.0,4680.0,100407000,BBCA.JK
2018-03-27,3780.51416015625,4690.0,4755.0,4685.0,4730.0,66088000,BBCA.JK
2018-03-28,3760.36181640625,4665.0,4690.0,4630.0,4690.0,36212500,BBCA.JK
2018-03-29,3756.330810546875,4660.0,4665.0,4565.0,4630.0,77650500,BBCA.JK
2018-03-30,3756.330810546875,4660.0,4660.0,4660.0,4660.0,0,BBCA.JK
2018-04-02,3772.453857421875,4680.0,4695.0,4620.0,4690.0,37162500,BBCA.JK
2018-04-03,3772.453857421875,4680.0,4700.0,4665.0,4675.0,56261000,BBCA.JK
2018-04-04,3756.330810546875,4660.0,4700.0,4605.0,4700.0,49877000,BBCA.JK
2018-04-05,3716.02734375,4610.0,4700.0,4610.0,4700.0,22521500,BBCA.JK
2018-04-06,3663.63232421875,4545.0,4625.0,4520.0,4625.0,47941500,BBCA.JK
2018-04-09,3671.693115234375,4555.0,4580.0,4515.0,4570.0,51013000,BBCA.JK
2018-04-10,3756.330810546875,4660.0,4690.0,4560.0,4575.0,79533500,BBCA.JK
2018-04-11,3760.36181640625,4665.0,4730.0,4660.0,4700.0,41891500,BBCA.JK
2018-04-12,3732.14892578125,4630.0,4665.0,4610.0,4665.0,45957000,BBCA.JK
2018-04-13,3719.9658203125,4580.0,4630.0,4580.0,4620.0,70179500,BBCA.JK
2018-04-16,3719.9658203125,4580.0,4580.0,4580.0,4580.0,0,BBCA.JK
2018-04-17,3719.9658203125,4580.0,4580.0,4580.0,4580.0,0,BBCA.JK
2018-04-18,3732.148681640625,4595.0,4595.0,4545.0,4565.0,43716000,BBCA.JK
2018-04-19,3732.148681640625,4595.0,4595.0,4595.0,4595.0,0,BBCA.JK
2018-04-20,3732.148681640625,4595.0,4595.0,4595.0,4595.0,0,BBCA.JK
2018-04-23,3736.2099609375,4600.0,4640.0,4585.0,4640.0,46236000,BBCA.JK
2018-04-24,3724.02685546875,4585.0,4625.0,4575.0,4620.0,72223500,BBCA.JK
2018-04-25,3724.02685546875,4585.0,4585.0,4585.0,4585.0,0,BBCA.JK
2018-04-26,3724.02685546875,4585.0,4585.0,4585.0,4585.0,0,BBCA.JK
2018-04-27,3724.02685546875,4585.0,4585.0,4585.0,4585.0,0,BBCA.JK
2018-04-30,3590.0107421875,4420.0,4480.0,4290.0,4300.0,90414000,BBCA.JK
2018-05-01,3590.0107421875,4420.0,4420.0,4420.0,4420.0,0,BBCA.JK
2018-05-02,3719.9658203125,4580.0,4580.0,4420.0,4420.0,82346000,BBCA.JK
2018-05-03,3622.49951171875,4460.0,4575.0,4460.0,4560.0,138704500,BBCA.JK
2018-05-04,3577.82763671875,4405.0,4465.0,4400.0,4460.0,74133500,BBCA.JK
2018-05-07,3622.49951171875,4460.0,4460.0,4360.0,4410.0,49054500,BBCA.JK
2018-05-08,3577.82763671875,4405.0,4405.0,4340.0,4400.0,70739000,BBCA.JK
2018-05-09,3719.9658203125,4580.0,4580.0,4305.0,4305.0,72094000,BBCA.JK
2018-05-10,3719.9658203125,4580.0,4580.0,4580.0,4580.0,0,BBCA.JK
2018-05-11,3695.599609375,4550.0,4610.0,4510.0,4550.0,80000500,BBCA.JK
2018-05-14,3732.148681640625,4595.0,4595.0,4465.0,4490.0,57370500,BBCA.JK
2018-05-15,3606.2548828125,4440.0,4540.0,4400.0,4535.0,130583000,BBCA.JK
2018-05-16,3634.68310546875,4475.0,4480.0,4380.0,4380.0,87185000,BBCA.JK
2018-05-17,3573.766357421875,4400.0,4455.0,4400.0,4440.0,84030500,BBCA.JK
2018-05-18,3525.033203125,4340.0,4405.0,4340.0,4400.0,88681000,BBCA.JK
2018-05-21,3516.91162109375,4330.0,4345.0,4295.0,4310.0,82237000,BBCA.JK
2018-05-22,3573.766357421875,4400.0,4420.0,4340.0,4390.0,62761000,BBCA.JK
2018-05-23,3573.766357421875,4400.0,4470.0,4400.0,4420.0,79515500,BBCA.JK
2018-05-24,3646.865966796875,4490.0,4525.0,4455.0,4460.0,77697000,BBCA.JK
2018-05-25,3663.1103515625,4510.0,4535.0,4475.0,4485.0,63913500,BBCA.JK
2018-05-28,3711.843505859375,4570.0,4600.0,4480.0,4500.0,64104500,BBCA.JK
2018-05-29,3711.843505859375,4570.0,4570.0,4570.0,4570.0,0,BBCA.JK
2018-05-30,3687.4775390625,4540.0,4595.0,4490.0,4570.0,109761500,BBCA.JK
2018-05-31,3687.4775390625,4540.0,4590.0,4490.0,4575.0,178023000,BBCA.JK
2018-06-01,3687.4775390625,4540.0,4540.0,4540.0,4540.0,0,BBCA.JK
2018-06-04,3724.02685546875,4585.0,4595.0,4560.0,4590.0,89585000,BBCA.JK
2018-06-05,3691.538330078125,4545.0,4585.0,4480.0,4560.0,77233000,BBCA.JK
2018-06-06,3740.271240234375,4605.0,4630.0,4525.0,4545.0,57913500,BBCA.JK
2018-06-07,3732.148681640625,4595.0,4630.0,4580.0,4630.0,40681500,BBCA.JK
2018-06-08,3614.37744140625,4450.0,4600.0,4420.0,4570.0,170845000,BBCA.JK
2018-06-11,3614.37744140625,4450.0,4450.0,4450.0,4450.0,0,BBCA.JK
2018-06-12,3614.37744140625,4450.0,4450.0,4450.0,4450.0,0,BBCA.JK
2018-06-13,3614.37744140625,4450.0,4450.0,4450.0,4450.0,0,BBCA.JK
2018-06-14,3614.37744140625,4450.0,4450.0,4450.0,4450.0,0,BBCA.JK
2018-06-15,3614.37744140625,4450.0,4450.0,4450.0,4450.0,0,BBCA.JK
2018-06-18,3614.37744140625,4450.0,4450.0,4450.0,4450.0,0,BBCA.JK
2018-06-19,3614.37744140625,4450.0,4450.0,4450.0,4450.0,0,BBCA.JK
2018-06-20,3492.54443359375,4300.0,4405.0,4230.0,4400.0,253439000,BBCA.JK
2018-06-21,3435.68896484375,4230.0,4390.0,4230.0,4325.0,90593500,BBCA.JK
2018-06-22,3561.58251953125,4385.0,4385.0,4220.0,4280.0,96509500,BBCA.JK
2018-06-25,3606.2548828125,4440.0,4495.0,4365.0,4385.0,62513000,BBCA.JK
2018-06-26,3472.23876953125,4275.0,4460.0,4275.0,4420.0,54763500,BBCA.JK
2018-06-27,3468.177734375,4270.0,4340.0,4270.0,4280.0,67309500,BBCA.JK
2018-06-28,3403.19970703125,4190.0,4275.0,4185.0,4275.0,118098500,BBCA.JK
2018-06-29,3488.483154296875,4295.0,4295.0,4165.0,4190.0,119188000,BBCA.JK
2018-07-02,3484.42236328125,4290.0,4330.0,4285.0,4330.0,59441500,BBCA.JK
2018-07-03,3346.3447265625,4120.0,4325.0,4120.0,4320.0,73038000,BBCA.JK
2018-07-04,3447.872314453125,4245.0,4280.0,4140.0,4195.0,61994500,BBCA.JK
2018-07-05,3447.872314453125,4245.0,4260.0,4200.0,4210.0,34144000,BBCA.JK
2018-07-06,3399.139404296875,4185.0,4210.0,4185.0,4195.0,37609000,BBCA.JK
2018-07-09,3557.522216796875,4380.0,4400.0,4215.0,4240.0,80049500,BBCA.JK
2018-07-10,3557.522216796875,4380.0,4400.0,4280.0,4370.0,116639500,BBCA.JK
2018-07-11,3626.560791015625,4465.0,4490.0,4300.0,4300.0,95570000,BBCA.JK
2018-07-12,3707.782470703125,4565.0,4580.0,4435.0,4440.0,79008000,BBCA.JK
2018-07-13,3740.271240234375,4605.0,4615.0,4560.0,4600.0,73936000,BBCA.JK
2018-07-16,3756.516357421875,4625.0,4625.0,4580.0,4610.0,71571000,BBCA.JK
2018-07-17,3691.538330078125,4545.0,4600.0,4505.0,4585.0,30322000,BBCA.JK
2018-07-18,3768.698974609375,4640.0,4640.0,4590.0,4590.0,80090500,BBCA.JK
2018-07-19,3768.698974609375,4640.0,4640.0,4610.0,4620.0,76925500,BBCA.JK
2018-07-20,3752.45458984375,4620.0,4630.0,4585.0,4630.0,57104000,BBCA.JK
2018-07-23,3793.0654296875,4670.0,4700.0,4620.0,4640.0,70157500,BBCA.JK
2018-07-24,3821.493408203125,4705.0,4705.0,4660.0,4700.0,88291000,BBCA.JK
2018-07-25,3829.615234375,4715.0,4715.0,4685.0,4705.0,50131500,BBCA.JK
2018-07-26,3789.004638671875,4665.0,4725.0,4645.0,4645.0,54317500,BBCA.JK
2018-07-27,3772.760498046875,4645.0,4670.0,4625.0,4660.0,46642500,BBCA.JK
2018-07-30,3780.8818359375,4655.0,4680.0,4600.0,4680.0,40096500,BBCA.JK
2018-07-31,3780.8818359375,4655.0,4660.0,4530.0,4640.0,66803000,BBCA.JK
2018-08-01,3813.370849609375,4695.0,4695.0,4650.0,4680.0,56594000,BBCA.JK
2018-08-02,3809.310302734375,4690.0,4780.0,4690.0,4720.0,79333000,BBCA.JK
2018-08-03,3809.310302734375,4690.0,4730.0,4670.0,4690.0,41404000,BBCA.JK
2018-08-06,3866.166015625,4760.0,4760.0,4680.0,4680.0,63000500,BBCA.JK
2018-08-07,3866.166015625,4760.0,4775.0,4740.0,4740.0,114379000,BBCA.JK
2018-08-08,3886.470703125,4785.0,4790.0,4710.0,4780.0,64702500,BBCA.JK
2018-08-09,3914.8994140625,4820.0,4820.0,4780.0,4800.0,65947500,BBCA.JK
2018-08-10,3878.34912109375,4775.0,4815.0,4740.0,4800.0,80348000,BBCA.JK
2018-08-13,3789.004638671875,4665.0,4710.0,4610.0,4705.0,80184000,BBCA.JK
2018-08-14,3817.43212890625,4700.0,4780.0,4605.0,4690.0,85527500,BBCA.JK
2018-08-15,3809.310302734375,4690.0,4720.0,4660.0,4720.0,57330500,BBCA.JK
2018-08-16,3797.1259765625,4675.0,4695.0,4640.0,4690.0,52903500,BBCA.JK
2018-08-17,3797.1259765625,4675.0,4675.0,4675.0,4675.0,0,BBCA.JK
2018-08-20,3882.40966796875,4780.0,4780.0,4685.0,4700.0,96832000,BBCA.JK
2018-08-21,3878.34912109375,4775.0,4795.0,4770.0,4770.0,67938000,BBCA.JK
2018-08-22,3878.34912109375,4775.0,4775.0,4775.0,4775.0,0,BBCA.JK
2018-08-23,3992.0595703125,4915.0,4930.0,4755.0,4760.0,145868000,BBCA.JK
2018-08-24,4073.281494140625,5015.0,5095.0,4915.0,4920.0,103975000,BBCA.JK
2018-08-27,4024.54931640625,4955.0,5070.0,4935.0,5020.0,91285000,BBCA.JK
2018-08-28,4057.037353515625,4995.0,5020.0,4910.0,5020.0,63353500,BBCA.JK
2018-08-29,4028.609375,4960.0,4960.0,4895.0,4900.0,87695500,BBCA.JK
2018-08-30,4073.281494140625,5015.0,5030.0,4985.0,4995.0,96273500,BBCA.JK
2018-08-31,4028.609375,4960.0,5010.0,4960.0,5000.0,111563000,BBCA.JK
2018-09-03,4024.54931640625,4955.0,5015.0,4920.0,5010.0,38489500,BBCA.JK
2018-09-04,4020.487548828125,4950.0,4980.0,4900.0,4965.0,42271500,BBCA.JK
2018-09-05,3898.654052734375,4800.0,4900.0,4730.0,4900.0,95608500,BBCA.JK
2018-09-06,4012.364501953125,4940.0,5040.0,4720.0,4805.0,95265000,BBCA.JK
2018-09-07,4036.73193359375,4970.0,4970.0,4875.0,4965.0,72551500,BBCA.JK
2018-09-10,4020.487548828125,4950.0,4950.0,4830.0,4920.0,66696500,BBCA.JK
2018-09-11,4020.487548828125,4950.0,4950.0,4950.0,4950.0,0,BBCA.JK
2018-09-12,3882.40966796875,4780.0,4965.0,4765.0,4950.0,87900500,BBCA.JK
2018-09-13,3898.654052734375,4800.0,4875.0,4780.0,4840.0,94051000,BBCA.JK
2018-09-14,3894.593017578125,4795.0,4840.0,4740.0,4780.0,72473500,BBCA.JK
2018-09-17,3886.470703125,4785.0,4795.0,4750.0,4750.0,39478000,BBCA.JK
2018-09-18,3898.654052734375,4800.0,4850.0,4740.0,4740.0,75119500,BBCA.JK
2018-09-19,3898.654052734375,4800.0,4845.0,4765.0,4815.0,111558500,BBCA.JK
2018-09-20,3890.53271484375,4790.0,4845.0,4780.0,4840.0,60786000,BBCA.JK
2018-09-21,3849.920654296875,4740.0,4830.0,4740.0,4780.0,152052000,BBCA.JK
2018-09-24,3886.470703125,4785.0,4815.0,4760.0,4780.0,59902000,BBCA.JK
2018-09-25,3886.470703125,4785.0,4800.0,4765.0,4800.0,42771000,BBCA.JK
2018-09-26,3931.142822265625,4840.0,4860.0,4760.0,4760.0,71715500,BBCA.JK
2018-09-27,3898.654052734375,4800.0,4825.0,4770.0,4780.0,71001000,BBCA.JK
2018-09-28,3923.021240234375,4830.0,4830.0,4780.0,4780.0,96975000,BBCA.JK
2018-10-01,3890.53271484375,4790.0,4840.0,4790.0,4800.0,36388000,BBCA.JK
2018-10-02,3890.53271484375,4790.0,4840.0,4750.0,4815.0,50639500,BBCA.JK
2018-10-03,3886.470703125,4785.0,4795.0,4745.0,4750.0,33524500,BBCA.JK
2018-10-04,3833.677001953125,4720.0,4785.0,4700.0,4785.0,67869500,BBCA.JK
2018-10-05,3744.33251953125,4610.0,4710.0,4595.0,4710.0,98249500,BBCA.JK
2018-10-08,3809.310302734375,4690.0,4790.0,4615.0,4615.0,57250000,BBCA.JK
2018-10-09,3858.043212890625,4750.0,4750.0,4680.0,4700.0,36940000,BBCA.JK
2018-10-10,3797.1259765625,4675.0,4825.0,4650.0,4780.0,59394500,BBCA.JK
2018-10-11,3691.538330078125,4545.0,4660.0,4495.0,4600.0,102336000,BBCA.JK
2018-10-12,3776.8212890625,4650.0,4695.0,4600.0,4600.0,82574500,BBCA.JK
2018-10-15,3874.287109375,4770.0,4770.0,4695.0,4700.0,65950000,BBCA.JK
2018-10-16,3914.8994140625,4820.0,4820.0,4700.0,4770.0,47449000,BBCA.JK
2018-10-17,3902.71533203125,4805.0,4835.0,4755.0,4830.0,38359000,BBCA.JK
2018-10-18,3833.677001953125,4720.0,4775.0,4720.0,4760.0,29360500,BBCA.JK
2018-10-19,3797.1259765625,4675.0,4730.0,4645.0,4660.0,45219500,BBCA.JK
2018-10-22,3760.57666015625,4630.0,4720.0,4630.0,4675.0,63484000,BBCA.JK
2018-10-23,3728.088134765625,4590.0,4685.0,4575.0,4680.0,62162500,BBCA.JK
2018-10-24,3679.354736328125,4530.0,4630.0,4530.0,4600.0,59493500,BBCA.JK
2018-10-25,3719.9658203125,4580.0,4635.0,4435.0,4435.0,87732500,BBCA.JK
2018-10-26,3833.677001953125,4720.0,4720.0,4600.0,4620.0,83994000,BBCA.JK
2018-10-29,3756.516357421875,4625.0,4710.0,4625.0,4660.0,34553000,BBCA.JK
2018-10-30,3817.43212890625,4700.0,4730.0,4620.0,4625.0,68882500,BBCA.JK
2018-10-31,3841.798583984375,4730.0,4775.0,4700.0,4750.0,128908500,BBCA.JK
2018-11-01,3866.166015625,4760.0,4810.0,4745.0,4770.0,117906500,BBCA.JK
2018-11-02,3898.654052734375,4800.0,4835.0,4760.0,4800.0,114054500,BBCA.JK
2018-11-05,3927.080810546875,4835.0,4850.0,4790.0,4800.0,76754500,BBCA.JK
2018-11-06,3963.631103515625,4880.0,4945.0,4850.0,4860.0,94410500,BBCA.JK
2018-11-07,3914.8994140625,4820.0,4920.0,4780.0,4920.0,83875500,BBCA.JK
2018-11-08,3898.654052734375,4800.0,4900.0,4780.0,4880.0,99739000,BBCA.JK
2018-11-09,3898.654052734375,4800.0,4810.0,4785.0,4800.0,62938500,BBCA.JK
2018-11-12,3849.920654296875,4740.0,4835.0,4740.0,4830.0,65125000,BBCA.JK
2018-11-13,3910.8369140625,4815.0,4820.0,4670.0,4740.0,61231500,BBCA.JK
2018-11-14,3906.777099609375,4810.0,4850.0,4780.0,4815.0,68511500,BBCA.JK
2018-11-15,3927.080810546875,4835.0,4870.0,4790.0,4855.0,87085500,BBCA.JK
2018-11-16,4032.670654296875,4965.0,4980.0,4860.0,4870.0,134145500,BBCA.JK
2018-11-19,4077.343017578125,5020.0,5080.0,4980.0,5000.0,103822500,BBCA.JK
2018-11-20,4077.343017578125,5020.0,5020.0,5020.0,5020.0,0,BBCA.JK
2018-11-21,4028.609375,4960.0,5010.0,4955.0,5000.0,107889000,BBCA.JK
2018-11-22,4077.343017578125,5020.0,5040.0,4940.0,4940.0,87270000,BBCA.JK
2018-11-23,4077.343017578125,5020.0,5090.0,4975.0,5060.0,57460000,BBCA.JK
2018-11-26,4097.64794921875,5045.0,5080.0,4960.0,4960.0,64336500,BBCA.JK
2018-11-27,4142.31982421875,5100.0,5100.0,5000.0,5040.0,73989000,BBCA.JK
2018-11-28,4134.1982421875,5090.0,5125.0,5080.0,5125.0,90687500,BBCA.JK
2018-11-29,4256.03173828125,5240.0,5240.0,5100.0,5100.0,113847500,BBCA.JK
2018-11-30,4231.66357421875,5210.0,5240.0,5155.0,5240.0,178034500,BBCA.JK
2018-12-03,4204.7734375,5160.0,5395.0,5100.0,5215.0,100923000,BBCA.JK
2018-12-04,4269.96484375,5240.0,5295.0,5155.0,5160.0,119232500,BBCA.JK
2018-12-05,4261.81494140625,5230.0,5230.0,5115.0,5120.0,74994000,BBCA.JK
2018-12-06,4286.2607421875,5260.0,5260.0,5120.0,5170.0,75450000,BBCA.JK
2018-12-07,4229.21875,5190.0,5210.0,5160.0,5190.0,71070000,BBCA.JK
2018-12-10,4221.07080078125,5180.0,5205.0,5120.0,5120.0,81221000,BBCA.JK
2018-12-11,4204.7734375,5160.0,5200.0,5125.0,5130.0,93017000,BBCA.JK
2018-12-12,4208.84716796875,5165.0,5190.0,5130.0,5190.0,121623000,BBCA.JK
2018-12-13,4208.84716796875,5165.0,5205.0,5145.0,5200.0,84280500,BBCA.JK
2018-12-14,4208.84716796875,5165.0,5180.0,5140.0,5160.0,184435000,BBCA.JK
2018-12-17,4208.84716796875,5165.0,5200.0,5150.0,5185.0,101438500,BBCA.JK
2018-12-18,4127.3603515625,5065.0,5115.0,4980.0,5100.0,132039000,BBCA.JK
2018-12-19,4261.81494140625,5230.0,5230.0,5040.0,5040.0,102220500,BBCA.JK
2018-12-20,4168.10302734375,5115.0,5170.0,5070.0,5120.0,94455000,BBCA.JK
2018-12-21,4212.92138671875,5170.0,5175.0,5040.0,5040.0,89979500,BBCA.JK
2018-12-24,4212.92138671875,5170.0,5170.0,5170.0,5170.0,0,BBCA.JK
2018-12-25,4212.92138671875,5170.0,5170.0,5170.0,5170.0,0,BBCA.JK
2018-12-26,4257.740234375,5225.0,5225.0,5140.0,5170.0,66511500,BBCA.JK
2018-12-27,4233.2939453125,5195.0,5255.0,5180.0,5240.0,50265500,BBCA.JK
2018-12-28,4237.36865234375,5200.0,5240.0,5180.0,5195.0,54467500,BBCA.JK
2018-12-31,4237.36865234375,5200.0,5200.0,5200.0,5200.0,0,BBCA.JK
2019-01-01,4237.36865234375,5200.0,5200.0,5200.0,5200.0,0,BBCA.JK
2019-01-02,4269.96484375,5240.0,5245.0,5200.0,5200.0,35956000,BBCA.JK
2019-01-03,4221.07080078125,5180.0,5220.0,5115.0,5200.0,72358000,BBCA.JK
2019-01-04,4241.44287109375,5205.0,5205.0,5125.0,5175.0,51465000,BBCA.JK
2019-01-07,4274.03759765625,5245.0,5325.0,5245.0,5265.0,73438000,BBCA.JK
2019-01-08,4269.96484375,5240.0,5320.0,5205.0,5230.0,66247500,BBCA.JK
2019-01-09,4282.1875,5255.0,5320.0,5225.0,5300.0,84871000,BBCA.JK
2019-01-10,4282.1875,5255.0,5300.0,5190.0,5300.0,114314500,BBCA.JK
2019-01-11,4278.11181640625,5250.0,5300.0,5235.0,5280.0,84826500,BBCA.JK
2019-01-14,4237.36865234375,5200.0,5235.0,5150.0,5220.0,87547500,BBCA.JK
2019-01-15,4286.2607421875,5260.0,5260.0,5190.0,5230.0,87763000,BBCA.JK
2019-01-16,4306.6328125,5285.0,5285.0,5245.0,5260.0,94972500,BBCA.JK
2019-01-17,4343.3017578125,5330.0,5330.0,5285.0,5290.0,91654000,BBCA.JK
2019-01-18,4420.7158203125,5425.0,5425.0,5315.0,5340.0,100873500,BBCA.JK
2019-01-21,4518.501953125,5545.0,5600.0,5390.0,5425.0,87118000,BBCA.JK
2019-01-22,4563.31884765625,5600.0,5620.0,5450.0,5600.0,91907000,BBCA.JK
2019-01-23,4481.83203125,5500.0,5600.0,5475.0,5600.0,98512500,BBCA.JK
2019-01-24,4449.23681640625,5460.0,5485.0,5355.0,5430.0,106781000,BBCA.JK
2019-01-25,4481.83203125,5500.0,5520.0,5400.0,5400.0,68944000,BBCA.JK
2019-01-28,4477.75732421875,5495.0,5515.0,5475.0,5515.0,69704000,BBCA.JK
2019-01-29,4514.4267578125,5540.0,5550.0,5440.0,5445.0,77679000,BBCA.JK
2019-01-30,4498.12939453125,5520.0,5560.0,5495.0,5560.0,76285000,BBCA.JK
2019-01-31,4591.84033203125,5635.0,5640.0,5520.0,5520.0,135904500,BBCA.JK
2019-02-01,4591.84033203125,5635.0,5750.0,5560.0,5680.0,57719500,BBCA.JK
2019-02-04,4481.83203125,5500.0,5635.0,5500.0,5635.0,113846500,BBCA.JK
2019-02-05,4481.83203125,5500.0,5500.0,5500.0,5500.0,0,BBCA.JK
2019-02-06,4510.3525390625,5535.0,5540.0,5495.0,5500.0,121996500,BBCA.JK
2019-02-07,4506.27880859375,5530.0,5535.0,5505.0,5535.0,63697500,BBCA.JK
2019-02-08,4498.12939453125,5520.0,5535.0,5500.0,5530.0,65268500,BBCA.JK
2019-02-11,4477.75732421875,5495.0,5530.0,5460.0,5520.0,37639000,BBCA.JK
2019-02-12,4449.23681640625,5460.0,5530.0,5450.0,5530.0,95883500,BBCA.JK
2019-02-13,4416.6416015625,5420.0,5490.0,5410.0,5460.0,103115500,BBCA.JK
2019-02-14,4384.0478515625,5380.0,5405.0,5380.0,5405.0,108738500,BBCA.JK
2019-02-15,4367.7490234375,5360.0,5410.0,5335.0,5360.0,81340000,BBCA.JK
2019-02-18,4465.53369140625,5480.0,5500.0,5410.0,5410.0,62991000,BBCA.JK
2019-02-19,4384.0478515625,5380.0,5480.0,5380.0,5420.0,64469000,BBCA.JK
2019-02-20,4481.83203125,5500.0,5595.0,5440.0,5450.0,89583000,BBCA.JK
2019-02-21,4485.9072265625,5505.0,5560.0,5470.0,5540.0,54561500,BBCA.JK
2019-02-22,4473.68310546875,5490.0,5525.0,5460.0,5475.0,48271500,BBCA.JK
2019-02-25,4473.68310546875,5490.0,5500.0,5455.0,5490.0,47887000,BBCA.JK
2019-02-26,4526.64990234375,5555.0,5555.0,5495.0,5500.0,98446000,BBCA.JK
2019-02-27,4534.79833984375,5565.0,5570.0,5545.0,5565.0,78519500,BBCA.JK
2019-02-28,4494.0546875,5515.0,5580.0,5510.0,5570.0,99366000,BBCA.JK
2019-03-01,4514.4267578125,5540.0,5600.0,5535.0,5565.0,72589500,BBCA.JK
2019-03-04,4510.3525390625,5535.0,5540.0,5515.0,5520.0,63910500,BBCA.JK
2019-03-05,4477.75732421875,5495.0,5505.0,5440.0,5500.0,46499500,BBCA.JK
2019-03-06,4473.68310546875,5490.0,5555.0,5490.0,5555.0,37777000,BBCA.JK
2019-03-07,4473.68310546875,5490.0,5490.0,5490.0,5490.0,0,BBCA.JK
2019-03-08,4432.93896484375,5440.0,5570.0,5440.0,5545.0,61126000,BBCA.JK
2019-03-11,4485.9072265625,5505.0,5530.0,5460.0,5530.0,32469000,BBCA.JK
2019-03-12,4481.83203125,5500.0,5540.0,5450.0,5540.0,40178500,BBCA.JK
2019-03-13,4481.83203125,5500.0,5505.0,5450.0,5450.0,17722000,BBCA.JK
2019-03-14,4465.53369140625,5480.0,5495.0,5450.0,5450.0,41096000,BBCA.JK
2019-03-15,4514.4267578125,5540.0,5545.0,5485.0,5520.0,41759500,BBCA.JK
2019-03-18,4522.57568359375,5550.0,5560.0,5535.0,5555.0,42791000,BBCA.JK
2019-03-19,4473.68310546875,5490.0,5545.0,5485.0,5540.0,51527000,BBCA.JK
2019-03-20,4457.38525390625,5470.0,5555.0,5465.0,5540.0,42388500,BBCA.JK
2019-03-21,4461.4599609375,5475.0,5520.0,5465.0,5490.0,39866000,BBCA.JK
2019-03-22,4469.609375,5485.0,5500.0,5465.0,5465.0,29601000,BBCA.JK
2019-03-25,4445.16259765625,5455.0,5500.0,5440.0,5440.0,23054500,BBCA.JK
2019-03-26,4457.38525390625,5470.0,5510.0,5455.0,5480.0,19895500,BBCA.JK
2019-03-27,4469.609375,5485.0,5510.0,5460.0,5510.0,17804500,BBCA.JK
2019-03-28,4457.38525390625,5470.0,5485.0,5425.0,5460.0,32187500,BBCA.JK
2019-03-29,4489.97998046875,5510.0,5530.0,5460.0,5515.0,36234000,BBCA.JK
2019-04-01,4481.83203125,5500.0,5550.0,5480.0,5550.0,21786000,BBCA.JK
2019-04-02,4481.83203125,5500.0,5570.0,5480.0,5530.0,36853000,BBCA.JK
2019-04-03,4481.83203125,5500.0,5500.0,5500.0,5500.0,0,BBCA.JK
2019-04-04,4514.4267578125,5540.0,5560.0,5490.0,5540.0,48112000,BBCA.JK
2019-04-05,4506.27880859375,5530.0,5560.0,5525.0,5560.0,21913500,BBCA.JK
2019-04-08,4465.53369140625,5480.0,5540.0,5450.0,5505.0,39910000,BBCA.JK
2019-04-09,4510.3525390625,5535.0,5550.0,5515.0,5535.0,29447000,BBCA.JK
2019-04-10,4502.20361328125,5525.0,5555.0,5515.0,5550.0,19508500,BBCA.JK
2019-04-11,4465.53369140625,5480.0,5560.0,5480.0,5560.0,25356000,BBCA.JK
2019-04-12,4481.83203125,5500.0,5510.0,5460.0,5460.0,18577000,BBCA.JK
2019-04-15,4485.9072265625,5505.0,5570.0,5490.0,5560.0,68152000,BBCA.JK
2019-04-16,4477.75732421875,5495.0,5505.0,5475.0,5495.0,71017000,BBCA.JK
2019-04-17,4477.75732421875,5495.0,5495.0,5495.0,5495.0,0,BBCA.JK
2019-04-18,4583.69189453125,5625.0,5805.0,5580.0,5600.0,129332500,BBCA.JK
2019-04-19,4583.69189453125,5625.0,5625.0,5625.0,5625.0,0,BBCA.JK
2019-04-22,4583.69189453125,5625.0,5680.0,5585.0,5625.0,62837500,BBCA.JK
2019-04-23,4587.76611328125,5630.0,5710.0,5595.0,5680.0,48654000,BBCA.JK
2019-04-24,4629.70458984375,5630.0,5640.0,5600.0,5640.0,46975000,BBCA.JK
2019-04-25,4600.92333984375,5595.0,5620.0,5525.0,5535.0,61482500,BBCA.JK
2019-04-26,4621.48095703125,5620.0,5645.0,5570.0,5585.0,66204500,BBCA.JK
2019-04-29,4674.93212890625,5685.0,5695.0,5595.0,5610.0,65480500,BBCA.JK
2019-04-30,4728.3837890625,5750.0,5760.0,5670.0,5670.0,107607500,BBCA.JK
2019-05-01,4728.3837890625,5750.0,5750.0,5750.0,5750.0,0,BBCA.JK
2019-05-02,4674.93212890625,5685.0,5810.0,5675.0,5800.0,80879500,BBCA.JK
2019-05-03,4666.708984375,5675.0,5750.0,5615.0,5680.0,58244500,BBCA.JK
2019-05-06,4621.48095703125,5620.0,5660.0,5595.0,5600.0,36649500,BBCA.JK
2019-05-07,4654.37451171875,5660.0,5710.0,5650.0,5675.0,59177000,BBCA.JK
2019-05-08,4687.267578125,5700.0,5700.0,5595.0,5600.0,59062000,BBCA.JK
2019-05-09,4629.70458984375,5630.0,5700.0,5625.0,5700.0,126636500,BBCA.JK
2019-05-10,4613.2587890625,5610.0,5680.0,5600.0,5610.0,76130500,BBCA.JK
2019-05-13,4613.2587890625,5610.0,5695.0,5600.0,5680.0,63720500,BBCA.JK
2019-05-14,4518.6904296875,5495.0,5630.0,5495.0,5560.0,114800500,BBCA.JK
2019-05-15,4489.9091796875,5460.0,5555.0,5445.0,5555.0,72065000,BBCA.JK
2019-05-16,4341.890625,5280.0,5480.0,5280.0,5460.0,87939000,BBCA.JK
2019-05-17,4259.6572265625,5180.0,5310.0,5180.0,5280.0,74207000,BBCA.JK
2019-05-20,4424.1240234375,5380.0,5390.0,5140.0,5180.0,54764500,BBCA.JK
2019-05-21,4489.9091796875,5460.0,5495.0,5400.0,5470.0,97371000,BBCA.JK
2019-05-22,4489.9091796875,5460.0,5530.0,5400.0,5530.0,38519000,BBCA.JK
2019-05-23,4609.14599609375,5605.0,5605.0,5340.0,5440.0,54926000,BBCA.JK
2019-05-24,4613.2587890625,5610.0,5630.0,5605.0,5610.0,37402000,BBCA.JK
2019-05-27,4674.93212890625,5685.0,5700.0,5530.0,5535.0,68564000,BBCA.JK
2019-05-28,4716.04931640625,5735.0,5770.0,5655.0,5655.0,209923000,BBCA.JK
2019-05-29,4720.16064453125,5740.0,5895.0,5730.0,5800.0,133044500,BBCA.JK
2019-05-30,4720.16064453125,5740.0,5740.0,5740.0,5740.0,0,BBCA.JK
2019-05-31,4785.947265625,5820.0,5870.0,5735.0,5740.0,96875000,BBCA.JK
2019-06-03,4785.947265625,5820.0,5820.0,5820.0,5820.0,0,BBCA.JK
2019-06-04,4785.947265625,5820.0,5820.0,5820.0,5820.0,0,BBCA.JK
2019-06-05,4785.947265625,5820.0,5820.0,5820.0,5820.0,0,BBCA.JK
2019-06-06,4785.947265625,5820.0,5820.0,5820.0,5820.0,0,BBCA.JK
2019-06-07,4785.947265625,5820.0,5820.0,5820.0,5820.0,0,BBCA.JK
2019-06-10,4835.28662109375,5880.0,6190.0,5810.0,6000.0,179238000,BBCA.JK
2019-06-11,4859.9560546875,5910.0,5960.0,5845.0,5900.0,72901000,BBCA.JK
2019-06-12,4806.50537109375,5845.0,5900.0,5820.0,5840.0,69255500,BBCA.JK
2019-06-13,4773.61279296875,5805.0,5885.0,5790.0,5885.0,78802500,BBCA.JK
2019-06-14,4769.49951171875,5800.0,5845.0,5790.0,5845.0,57220500,BBCA.JK
2019-06-17,4765.388671875,5795.0,5840.0,5790.0,5810.0,83624000,BBCA.JK
2019-06-18,4851.73388671875,5900.0,5900.0,5795.0,5795.0,78788000,BBCA.JK
2019-06-19,4884.62646484375,5940.0,5960.0,5890.0,5900.0,66944500,BBCA.JK
2019-06-20,4859.9560546875,5910.0,5940.0,5805.0,5900.0,59504500,BBCA.JK
2019-06-21,4835.28662109375,5880.0,5935.0,5840.0,5910.0,144149000,BBCA.JK
2019-06-24,4831.17529296875,5875.0,5900.0,5865.0,5895.0,30084000,BBCA.JK
2019-06-25,4859.9560546875,5910.0,5960.0,5875.0,5930.0,40561500,BBCA.JK
2019-06-26,4822.95166015625,5865.0,5940.0,5860.0,5940.0,59334500,BBCA.JK
2019-06-27,4880.5146484375,5935.0,5935.0,5805.0,5850.0,77525000,BBCA.JK
2019-06-28,4929.85498046875,5995.0,5995.0,5960.0,5980.0,80919000,BBCA.JK
2019-07-01,4925.7421875,5990.0,6025.0,5965.0,5995.0,56612500,BBCA.JK
2019-07-02,4933.9658203125,6000.0,6000.0,5950.0,5990.0,48563500,BBCA.JK
2019-07-03,4933.9658203125,6000.0,6000.0,5940.0,5950.0,43640000,BBCA.JK
2019-07-04,4925.7421875,5990.0,6010.0,5965.0,6000.0,28224500,BBCA.JK
2019-07-05,4909.2958984375,5970.0,6020.0,5970.0,6020.0,32722500,BBCA.JK
2019-07-08,4835.28662109375,5880.0,5960.0,5865.0,5935.0,38361000,BBCA.JK
2019-07-09,4933.9658203125,6000.0,6000.0,5870.0,5870.0,47740500,BBCA.JK
2019-07-10,4933.9658203125,6000.0,6040.0,5995.0,6000.0,52183500,BBCA.JK
2019-07-11,4954.5244140625,6025.0,6025.0,5980.0,6020.0,34279500,BBCA.JK
2019-07-12,4942.18994140625,6010.0,6030.0,5995.0,6000.0,29838000,BBCA.JK
2019-07-15,5020.310546875,6105.0,6115.0,6035.0,6060.0,61453500,BBCA.JK
2019-07-16,5003.86376953125,6085.0,6105.0,6070.0,6080.0,38075000,BBCA.JK
2019-07-17,5057.314453125,6150.0,6150.0,6045.0,6080.0,45487000,BBCA.JK
2019-07-18,5053.20263671875,6145.0,6170.0,6055.0,6100.0,43625500,BBCA.JK
2019-07-19,5098.4306640625,6200.0,6210.0,6150.0,6195.0,43973500,BBCA.JK
2019-07-22,5172.43994140625,6290.0,6290.0,6200.0,6260.0,37314500,BBCA.JK
2019-07-23,5127.212890625,6235.0,6290.0,6205.0,6240.0,39129500,BBCA.JK
2019-07-24,5139.5478515625,6250.0,6265.0,6165.0,6260.0,51343500,BBCA.JK
2019-07-25,5139.5478515625,6250.0,6275.0,6200.0,6270.0,53477500,BBCA.JK
2019-07-26,5094.3203125,6195.0,6250.0,6190.0,6250.0,51797500,BBCA.JK
2019-07-29,5090.20849609375,6190.0,6230.0,6160.0,6220.0,68509500,BBCA.JK
2019-07-30,5114.8779296875,6220.0,6250.0,6190.0,6205.0,38225500,BBCA.JK
2019-07-31,5090.20849609375,6190.0,6240.0,6180.0,6190.0,64129000,BBCA.JK
2019-08-01,5106.65478515625,6210.0,6270.0,6185.0,6190.0,78228000,BBCA.JK
2019-08-02,5069.64990234375,6165.0,6205.0,6160.0,6160.0,62989500,BBCA.JK
2019-08-05,4933.9658203125,6000.0,6215.0,6000.0,6215.0,90924000,BBCA.JK
2019-08-06,4835.28662109375,5880.0,5955.0,5765.0,5880.0,183296000,BBCA.JK
2019-08-07,4942.18994140625,6010.0,6050.0,5905.0,5975.0,92102000,BBCA.JK
2019-08-08,4938.0771484375,6005.0,6080.0,5980.0,6010.0,58295500,BBCA.JK
2019-08-09,4987.4169921875,6065.0,6120.0,6055.0,6055.0,48118500,BBCA.JK
2019-08-12,4966.857421875,6040.0,6080.0,6000.0,6070.0,52705000,BBCA.JK
2019-08-13,4946.30126953125,6015.0,6040.0,6000.0,6000.0,84406000,BBCA.JK
2019-08-14,4942.18994140625,6010.0,6060.0,5980.0,6040.0,81942000,BBCA.JK
2019-08-15,4933.9658203125,6000.0,6000.0,5860.0,5920.0,52561500,BBCA.JK
2019-08-16,4901.072265625,5960.0,6040.0,5960.0,6040.0,49821500,BBCA.JK
2019-08-19,4946.30126953125,6015.0,6030.0,5965.0,6030.0,30619000,BBCA.JK
2019-08-20,4921.630859375,5985.0,6035.0,5985.0,6035.0,58393500,BBCA.JK
2019-08-21,4913.4072265625,5975.0,6005.0,5975.0,6000.0,55927500,BBCA.JK
2019-08-22,4933.9658203125,6000.0,6000.0,5920.0,5925.0,65888000,BBCA.JK
2019-08-23,4929.85498046875,5995.0,5995.0,5905.0,5920.0,33083500,BBCA.JK
2019-08-26,4925.7421875,5990.0,6000.0,5860.0,5940.0,41388500,BBCA.JK
2019-08-27,4938.0771484375,6005.0,6040.0,5950.0,6040.0,123780000,BBCA.JK
2019-08-28,4929.85498046875,5995.0,6020.0,5985.0,6000.0,55688000,BBCA.JK
2019-08-29,4938.0771484375,6005.0,6025.0,5985.0,5990.0,51525500,BBCA.JK
2019-08-30,5016.19873046875,6100.0,6100.0,6005.0,6080.0,73650000,BBCA.JK
2019-09-02,4933.9658203125,6000.0,6100.0,6000.0,6100.0,42429000,BBCA.JK
2019-09-03,4979.19384765625,6055.0,6055.0,6000.0,6000.0,42743500,BBCA.JK
2019-09-04,4950.412109375,6020.0,6060.0,6005.0,6060.0,41979000,BBCA.JK
2019-09-05,4966.857421875,6040.0,6085.0,6015.0,6085.0,53650500,BBCA.JK
2019-09-06,4954.5244140625,6025.0,6060.0,6025.0,6060.0,54349000,BBCA.JK
2019-09-09,4962.74755859375,6035.0,6055.0,5980.0,6050.0,25912000,BBCA.JK
2019-09-10,4979.19384765625,6055.0,6055.0,5985.0,6020.0,40291000,BBCA.JK
2019-09-11,5016.19873046875,6100.0,6100.0,6010.0,6050.0,45243500,BBCA.JK
2019-09-12,4950.412109375,6020.0,6105.0,6010.0,6100.0,40034000,BBCA.JK
2019-09-13,4958.63623046875,6030.0,6090.0,6010.0,6080.0,28419500,BBCA.JK
2019-09-16,4938.0771484375,6005.0,6015.0,5985.0,6000.0,77289000,BBCA.JK
2019-09-17,4958.63623046875,6030.0,6035.0,5985.0,5990.0,92037500,BBCA.JK
2019-09-18,4966.857421875,6040.0,6040.0,5990.0,5990.0,28667000,BBCA.JK
2019-09-19,4958.63623046875,6030.0,6045.0,6000.0,6015.0,61988500,BBCA.JK
2019-09-20,4925.7421875,5990.0,6050.0,5990.0,6050.0,133433000,BBCA.JK
2019-09-23,4954.5244140625,6025.0,6030.0,6000.0,6030.0,47231500,BBCA.JK
2019-09-24,4888.73779296875,5945.0,6000.0,5940.0,5980.0,79718500,BBCA.JK
2019-09-25,4880.5146484375,5935.0,5935.0,5780.0,5900.0,88620000,BBCA.JK
2019-09-26,4983.30517578125,6060.0,6060.0,5970.0,6000.0,109859000,BBCA.JK
2019-09-27,4991.5283203125,6070.0,6075.0,6000.0,6005.0,48010000,BBCA.JK
2019-09-30,4991.5283203125,6070.0,6070.0,6005.0,6070.0,73391000,BBCA.JK
2019-10-01,4966.857421875,6040.0,6065.0,6010.0,6010.0,40057000,BBCA.JK
2019-10-02,4975.0830078125,6050.0,6070.0,6010.0,6010.0,52376500,BBCA.JK
2019-10-03,4966.857421875,6040.0,6045.0,5950.0,6010.0,50269000,BBCA.JK
2019-10-04,4970.97021484375,6045.0,6065.0,5980.0,5980.0,56890500,BBCA.JK
2019-10-07,4991.5283203125,6070.0,6080.0,6050.0,6070.0,56705500,BBCA.JK
2019-10-08,5016.19873046875,6100.0,6100.0,6015.0,6080.0,46997500,BBCA.JK
2019-10-09,4991.5283203125,6070.0,6100.0,6050.0,6100.0,41496500,BBCA.JK
2019-10-10,5024.42236328125,6110.0,6110.0,6020.0,6020.0,65806500,BBCA.JK
2019-10-11,5036.75634765625,6125.0,6155.0,6080.0,6080.0,40863500,BBCA.JK
2019-10-14,5098.4306640625,6200.0,6200.0,6130.0,6130.0,37514500,BBCA.JK
2019-10-15,5077.87353515625,6175.0,6190.0,6145.0,6190.0,40935000,BBCA.JK
2019-10-16,5110.765625,6215.0,6215.0,6175.0,6200.0,65776500,BBCA.JK
2019-10-17,5028.53369140625,6115.0,6210.0,6105.0,6185.0,45666500,BBCA.JK
2019-10-18,5065.53857421875,6160.0,6170.0,6140.0,6160.0,41008500,BBCA.JK
2019-10-21,5114.8779296875,6220.0,6255.0,6185.0,6200.0,59971500,BBCA.JK
2019-10-22,5180.66455078125,6300.0,6300.0,6225.0,6270.0,67259500,BBCA.JK
2019-10-23,5160.1064453125,6275.0,6305.0,6260.0,6300.0,62219000,BBCA.JK
2019-10-24,5180.66455078125,6300.0,6320.0,6270.0,6290.0,73101000,BBCA.JK
2019-10-25,5098.4306640625,6200.0,6325.0,6175.0,6320.0,61929500,BBCA.JK
2019-10-28,5102.54345703125,6205.0,6250.0,6200.0,6200.0,43249500,BBCA.JK
2019-10-29,5114.8779296875,6220.0,6240.0,6150.0,6205.0,79861500,BBCA.JK
2019-10-30,5151.8818359375,6265.0,6285.0,6200.0,6280.0,60738000,BBCA.JK
2019-10-31,5172.43994140625,6290.0,6300.0,6250.0,6270.0,58420500,BBCA.JK
2019-11-01,5201.22265625,6325.0,6325.0,6275.0,6300.0,42080500,BBCA.JK
2019-11-04,5160.1064453125,6275.0,6380.0,6260.0,6350.0,43794500,BBCA.JK
2019-11-05,5230.00341796875,6360.0,6360.0,6270.0,6350.0,66161500,BBCA.JK
2019-11-06,5176.552734375,6295.0,6380.0,6295.0,6380.0,63393000,BBCA.JK
2019-11-07,5168.3291015625,6285.0,6335.0,6250.0,6335.0,61972000,BBCA.JK
2019-11-08,5164.2177734375,6280.0,6315.0,6250.0,6315.0,90040500,BBCA.JK
2019-11-11,5176.552734375,6295.0,6340.0,6265.0,6335.0,70207000,BBCA.JK
2019-11-12,5151.8818359375,6265.0,6280.0,6220.0,6220.0,47635500,BBCA.JK
2019-11-13,5164.2177734375,6280.0,6285.0,6265.0,6265.0,40083500,BBCA.JK
2019-11-14,5155.9951171875,6270.0,6280.0,6210.0,6265.0,37862000,BBCA.JK
2019-11-15,5160.1064453125,6275.0,6290.0,6255.0,6280.0,47138000,BBCA.JK
2019-11-18,5164.2177734375,6280.0,6285.0,6210.0,6245.0,65599000,BBCA.JK
2019-11-19,5192.9990234375,6315.0,6350.0,6300.0,6330.0,60115000,BBCA.JK
2019-11-20,5221.77978515625,6350.0,6350.0,6255.0,6255.0,43229500,BBCA.JK
2019-11-21,5180.66455078125,6300.0,6350.0,6300.0,6350.0,57523500,BBCA.JK
2019-11-22,5184.775390625,6305.0,6310.0,6270.0,6280.0,56035000,BBCA.JK
2019-11-25,5160.1064453125,6275.0,6335.0,6275.0,6330.0,55133500,BBCA.JK
2019-11-26,5168.3291015625,6285.0,6330.0,6270.0,6330.0,192783500,BBCA.JK
2019-11-27,5180.66455078125,6300.0,6300.0,6240.0,6270.0,58833500,BBCA.JK
2019-11-28,5139.5478515625,6250.0,6295.0,6245.0,6295.0,44248000,BBCA.JK
2019-11-29,5164.2177734375,6280.0,6295.0,6225.0,6230.0,52954500,BBCA.JK
2019-12-02,5283.455078125,6425.0,6425.0,6270.0,6280.0,49909000,BBCA.JK
2019-12-03,5242.33837890625,6375.0,6420.0,6345.0,6420.0,42823000,BBCA.JK
2019-12-04,5234.11572265625,6365.0,6400.0,6355.0,6360.0,37552000,BBCA.JK
2019-12-05,5213.5576171875,6340.0,6385.0,6330.0,6360.0,54168000,BBCA.JK
2019-12-06,5275.4267578125,6395.0,6395.0,6320.0,6340.0,69920500,BBCA.JK
2019-12-09,5275.4267578125,6395.0,6395.0,6360.0,6370.0,51667500,BBCA.JK
2019-12-10,5250.6787109375,6365.0,6400.0,6360.0,6395.0,57654000,BBCA.JK
2019-12-11,5263.05322265625,6380.0,6385.0,6350.0,6365.0,48469000,BBCA.JK
2019-12-12,5230.05517578125,6340.0,6405.0,6340.0,6400.0,79198500,BBCA.JK
2019-12-13,5246.5537109375,6360.0,6420.0,6350.0,6395.0,70822500,BBCA.JK
2019-12-16,5246.5537109375,6360.0,6395.0,6340.0,6340.0,78684000,BBCA.JK
2019-12-17,5362.0439453125,6500.0,6500.0,6365.0,6395.0,102914500,BBCA.JK
2019-12-18,5572.40185546875,6755.0,6800.0,6440.0,6500.0,181804000,BBCA.JK
2019-12-19,5444.53759765625,6600.0,6720.0,6590.0,6700.0,74171000,BBCA.JK
2019-12-20,5494.033203125,6660.0,6740.0,6610.0,6680.0,99453000,BBCA.JK
2019-12-23,5494.033203125,6660.0,6730.0,6650.0,6680.0,46558500,BBCA.JK
2019-12-26,5510.53271484375,6680.0,6725.0,6660.0,6660.0,38188500,BBCA.JK
2019-12-27,5522.90673828125,6695.0,6700.0,6670.0,6670.0,29945000,BBCA.JK
2019-12-30,5514.65673828125,6685.0,6720.0,6670.0,6680.0,61168000,BBCA.JK
2020-01-02,5518.78173828125,6690.0,6780.0,6680.0,6695.0,49445000,BBCA.JK
2020-01-03,5609.52392578125,6800.0,6800.0,6725.0,6750.0,47755500,BBCA.JK
2020-01-06,5555.9033203125,6735.0,6750.0,6690.0,6720.0,27300000,BBCA.JK
2020-01-07,5560.02734375,6740.0,6770.0,6730.0,6735.0,45022500,BBCA.JK
2020-01-08,5510.53271484375,6680.0,6745.0,6670.0,6670.0,53692500,BBCA.JK
2020-01-09,5560.02734375,6740.0,6755.0,6730.0,6740.0,40363500,BBCA.JK
2020-01-10,5547.65380859375,6725.0,6825.0,6710.0,6765.0,73362000,BBCA.JK
2020-01-13,5564.1533203125,6745.0,6760.0,6735.0,6740.0,67855000,BBCA.JK
2020-01-14,5667.26904296875,6870.0,6885.0,6740.0,6745.0,93582000,BBCA.JK
2020-01-15,5638.396484375,6835.0,7060.0,6800.0,6870.0,75623500,BBCA.JK
2020-01-16,5650.77001953125,6850.0,6890.0,6795.0,6805.0,88931500,BBCA.JK
2020-01-17,5671.3935546875,6875.0,6890.0,6800.0,6840.0,38249500,BBCA.JK
2020-01-20,5638.396484375,6835.0,6975.0,6830.0,6950.0,93554500,BBCA.JK
2020-01-21,5634.27197265625,6830.0,6895.0,6825.0,6885.0,103984500,BBCA.JK
2020-01-22,5642.52099609375,6840.0,6895.0,6835.0,6855.0,94311500,BBCA.JK
2020-01-23,5642.52099609375,6840.0,6895.0,6830.0,6885.0,87728000,BBCA.JK
2020-01-24,5617.7724609375,6810.0,6880.0,6810.0,6820.0,69653500,BBCA.JK
2020-01-27,5642.52099609375,6840.0,6940.0,6815.0,6865.0,39679000,BBCA.JK
2020-01-28,5601.2734375,6790.0,6845.0,6755.0,6835.0,82615000,BBCA.JK
2020-01-29,5597.1494140625,6785.0,6845.0,6770.0,6800.0,43821000,BBCA.JK
2020-01-30,5560.02734375,6740.0,6845.0,6730.0,6845.0,71990000,BBCA.JK
2020-01-31,5345.5458984375,6480.0,6805.0,6480.0,6800.0,163136500,BBCA.JK
2020-02-03,5312.54931640625,6440.0,6585.0,6370.0,6480.0,149797000,BBCA.JK
2020-02-04,5444.53759765625,6600.0,6620.0,6520.0,6570.0,113316500,BBCA.JK
2020-02-05,5551.77783203125,6730.0,6780.0,6650.0,6780.0,123002500,BBCA.JK
2020-02-06,5560.02734375,6740.0,6780.0,6680.0,6740.0,154693500,BBCA.JK
2020-02-07,5576.52685546875,6760.0,6780.0,6705.0,6710.0,82609000,BBCA.JK
2020-02-10,5597.1494140625,6785.0,6785.0,6630.0,6760.0,66578500,BBCA.JK
2020-02-11,5593.02490234375,6780.0,6785.0,6745.0,6785.0,77526500,BBCA.JK
2020-02-12,5609.52392578125,6800.0,6800.0,6760.0,6800.0,69971500,BBCA.JK
2020-02-13,5601.2734375,6790.0,6820.0,6740.0,6820.0,49737000,BBCA.JK
2020-02-14,5510.53271484375,6680.0,6795.0,6675.0,6780.0,147028500,BBCA.JK
2020-02-17,5543.529296875,6720.0,6750.0,6680.0,6680.0,115319000,BBCA.JK
2020-02-18,5522.90673828125,6695.0,6720.0,6670.0,6685.0,98436500,BBCA.JK
2020-02-19,5522.90673828125,6695.0,6760.0,6665.0,6665.0,74594000,BBCA.JK
2020-02-20,5440.4130859375,6595.0,6695.0,6565.0,6690.0,136724500,BBCA.JK
2020-02-21,5456.912109375,6615.0,6660.0,6595.0,6600.0,98261000,BBCA.JK
2020-02-24,5382.66845703125,6525.0,6600.0,6510.0,6565.0,84910000,BBCA.JK
2020-02-25,5386.79248046875,6530.0,6560.0,6510.0,6550.0,86446500,BBCA.JK
2020-02-26,5296.05029296875,6420.0,6535.0,6420.0,6500.0,92824500,BBCA.JK
2020-02-27,5188.81005859375,6290.0,6475.0,6200.0,6470.0,129254500,BBCA.JK
2020-02-28,5188.81005859375,6290.0,6290.0,6035.0,6200.0,169946500,BBCA.JK
2020-03-02,5015.57373046875,6080.0,6290.0,6035.0,6290.0,144871500,BBCA.JK
2020-03-03,5213.5576171875,6320.0,6350.0,6200.0,6200.0,114663500,BBCA.JK
2020-03-04,5312.54931640625,6440.0,6500.0,6260.0,6315.0,83025000,BBCA.JK
2020-03-05,5308.42431640625,6435.0,6540.0,6340.0,6540.0,77583000,BBCA.JK
2020-03-06,5114.56591796875,6200.0,6350.0,6200.0,6350.0,77835500,BBCA.JK
2020-03-09,4772.2197265625,5785.0,6040.0,5785.0,6000.0,140889500,BBCA.JK
2020-03-10,4887.7109375,5925.0,6010.0,5840.0,5840.0,133667000,BBCA.JK
2020-03-11,4825.84033203125,5850.0,5980.0,5790.0,5950.0,93204500,BBCA.JK
2020-03-12,4586.60986328125,5560.0,5640.0,5460.0,5600.0,129845500,BBCA.JK
2020-03-13,4586.60986328125,5560.0,5560.0,5560.0,5560.0,0,BBCA.JK
2020-03-16,4586.60986328125,5560.0,5560.0,5560.0,5560.0,0,BBCA.JK
2020-03-17,4223.6416015625,5120.0,5505.0,5120.0,5495.0,212200000,BBCA.JK
2020-03-18,4124.64990234375,5000.0,5380.0,4765.0,5120.0,180053500,BBCA.JK
2020-03-19,3835.924560546875,4650.0,4995.0,4650.0,4995.0,264419000,BBCA.JK
2020-03-20,3906.04345703125,4735.0,5385.0,4325.0,4600.0,335132000,BBCA.JK
2020-03-23,3654.439208984375,4430.0,5000.0,4405.0,4760.0,217843500,BBCA.JK
2020-03-24,3712.184814453125,4500.0,4995.0,4450.0,4450.0,253971000,BBCA.JK
2020-03-26,4355.63037109375,5280.0,5395.0,4650.0,4650.0,331633000,BBCA.JK
2020-03-27,4545.36328125,5510.0,5895.0,5355.0,5360.0,269683000,BBCA.JK
2020-03-30,4532.990234375,5495.0,5555.0,5155.0,5480.0,159964500,BBCA.JK
2020-03-31,4557.73779296875,5525.0,5710.0,5485.0,5660.0,182638500,BBCA.JK
2020-04-01,4520.61572265625,5480.0,5750.0,5425.0,5560.0,152831500,BBCA.JK
2020-04-02,4462.8720703125,5410.0,5470.0,5360.0,5470.0,136623500,BBCA.JK
2020-04-03,4532.990234375,5495.0,5530.0,5365.0,5460.0,110506000,BBCA.JK
2020-04-06,4730.97265625,5735.0,5740.0,5495.0,5520.0,78184000,BBCA.JK
2020-04-07,4664.97900390625,5655.0,6100.0,5580.0,5735.0,149153500,BBCA.JK
2020-04-08,4648.48046875,5635.0,5660.0,5480.0,5655.0,106111500,BBCA.JK
2020-04-09,4615.48291015625,5595.0,5695.0,5500.0,5600.0,89997000,BBCA.JK
2020-04-13,4537.115234375,5500.0,5615.0,5480.0,5540.0,58043000,BBCA.JK
2020-04-14,4549.48828125,5515.0,5590.0,5445.0,5505.0,95796000,BBCA.JK
2020-04-15,4524.7412109375,5485.0,5630.0,5445.0,5515.0,95342000,BBCA.JK
2020-04-16,4322.6328125,5240.0,5520.0,5185.0,5485.0,176990500,BBCA.JK
2020-04-17,4475.24560546875,5425.0,5445.0,5280.0,5300.0,160935500,BBCA.JK
2020-04-20,4417.49951171875,5355.0,5500.0,5330.0,5430.0,90744000,BBCA.JK
2020-04-21,4330.224609375,5160.0,5355.0,5160.0,5355.0,73431000,BBCA.JK
2020-04-22,4317.6357421875,5145.0,5235.0,5045.0,5160.0,107263500,BBCA.JK
2020-04-23,4296.65625,5120.0,5245.0,5120.0,5180.0,105419500,BBCA.JK
2020-04-24,4128.818359375,4920.0,5140.0,4920.0,5120.0,131149500,BBCA.JK
2020-04-27,4162.38525390625,4960.0,5020.0,4855.0,4940.0,151103500,BBCA.JK
2020-04-28,4053.290771484375,4830.0,4975.0,4805.0,4960.0,180488000,BBCA.JK
2020-04-29,4070.07568359375,4850.0,4850.0,4800.0,4825.0,121161000,BBCA.JK
2020-04-30,4338.61572265625,5170.0,5250.0,4880.0,4880.0,174081000,BBCA.JK
2020-05-04,4380.57568359375,5220.0,5300.0,5000.0,5150.0,114497500,BBCA.JK
2020-05-05,4435.12255859375,5285.0,5340.0,5200.0,5220.0,118643500,BBCA.JK
2020-05-06,4493.86572265625,5355.0,5370.0,5300.0,5315.0,86395500,BBCA.JK
2020-05-08,4401.55517578125,5245.0,5400.0,5150.0,5345.0,123028000,BBCA.JK
2020-05-11,4443.51513671875,5295.0,5325.0,5245.0,5245.0,40615500,BBCA.JK
2020-05-12,4380.57568359375,5220.0,5340.0,5030.0,5340.0,118660000,BBCA.JK
2020-05-13,4288.263671875,5110.0,5170.0,5085.0,5160.0,94973000,BBCA.JK
2020-05-14,4128.818359375,4920.0,5110.0,4905.0,5070.0,131268000,BBCA.JK
2020-05-15,4015.52783203125,4785.0,4995.0,4680.0,4920.0,205790000,BBCA.JK
2020-05-18,3998.74365234375,4765.0,4845.0,4750.0,4800.0,139997500,BBCA.JK
2020-05-19,3927.412841796875,4680.0,4960.0,4680.0,4840.0,128504500,BBCA.JK
2020-05-20,3998.74365234375,4765.0,4800.0,4690.0,4720.0,119158000,BBCA.JK
2020-05-26,4170.77734375,4970.0,5000.0,4775.0,4775.0,176076500,BBCA.JK
2020-05-27,4166.5810546875,4965.0,5000.0,4855.0,4970.0,151753500,BBCA.JK
2020-05-28,4443.51513671875,5295.0,5320.0,5000.0,5000.0,229233000,BBCA.JK
2020-05-29,4355.39990234375,5190.0,5295.0,5190.0,5295.0,399414000,BBCA.JK
2020-06-02,4498.06201171875,5360.0,5500.0,5240.0,5260.0,181369500,BBCA.JK
2020-06-03,4850.521484375,5780.0,5780.0,5400.0,5410.0,279673500,BBCA.JK
2020-06-04,4858.9140625,5790.0,5990.0,5600.0,5780.0,236158500,BBCA.JK
2020-06-05,4804.36669921875,5725.0,5855.0,5585.0,5790.0,88157500,BBCA.JK
2020-06-08,4951.22607421875,5900.0,5925.0,5755.0,5755.0,173557500,BBCA.JK
2020-06-09,4871.50244140625,5805.0,5995.0,5795.0,5940.0,100110000,BBCA.JK
2020-06-10,4867.30517578125,5800.0,5865.0,5595.0,5800.0,115382500,BBCA.JK
2020-06-11,4766.60205078125,5680.0,5810.0,5605.0,5750.0,85187500,BBCA.JK
2020-06-12,4758.2109375,5670.0,5680.0,5480.0,5680.0,96044000,BBCA.JK
2020-06-15,4615.54736328125,5500.0,5710.0,5500.0,5680.0,100844500,BBCA.JK
2020-06-16,4833.7392578125,5760.0,5795.0,5580.0,5580.0,91518500,BBCA.JK
2020-06-17,4800.1708984375,5720.0,5800.0,5680.0,5800.0,79800000,BBCA.JK
2020-06-18,4686.88134765625,5585.0,5740.0,5585.0,5720.0,68032000,BBCA.JK
2020-06-19,4678.48828125,5575.0,5650.0,5545.0,5600.0,110071000,BBCA.JK
2020-06-22,4649.1171875,5540.0,5660.0,5530.0,5595.0,51590500,BBCA.JK
2020-06-23,4716.251953125,5620.0,5660.0,5520.0,5570.0,69954000,BBCA.JK
2020-06-24,4787.58349609375,5705.0,5760.0,5640.0,5650.0,57333000,BBCA.JK
2020-06-25,4804.36669921875,5725.0,5745.0,5640.0,5700.0,51415000,BBCA.JK
2020-06-26,4737.2314453125,5645.0,5760.0,5640.0,5720.0,57467500,BBCA.JK
2020-06-29,4762.40673828125,5675.0,5695.0,5585.0,5640.0,48796500,BBCA.JK
2020-06-30,4779.19091796875,5695.0,5740.0,5660.0,5700.0,74474000,BBCA.JK
2020-07-01,4867.30517578125,5800.0,5800.0,5675.0,5700.0,63959000,BBCA.JK
2020-07-02,4926.0498046875,5870.0,5870.0,5760.0,5775.0,75585500,BBCA.JK
2020-07-03,4926.0498046875,5870.0,5905.0,5840.0,5870.0,52219000,BBCA.JK
2020-07-06,4980.5966796875,5935.0,5935.0,5850.0,5860.0,67800000,BBCA.JK
2020-07-07,5026.75244140625,5990.0,5995.0,5900.0,5940.0,74168000,BBCA.JK
2020-07-08,5202.98193359375,6200.0,6265.0,5980.0,5990.0,106444500,BBCA.JK
2020-07-09,5119.0634765625,6100.0,6240.0,6030.0,6210.0,93543500,BBCA.JK
2020-07-10,5202.98193359375,6200.0,6240.0,6080.0,6100.0,67224000,BBCA.JK
2020-07-13,5182.001953125,6175.0,6240.0,6140.0,6230.0,86006000,BBCA.JK
2020-07-14,5202.98193359375,6200.0,6200.0,6110.0,6175.0,45616500,BBCA.JK
2020-07-15,5161.0234375,6150.0,6240.0,6150.0,6200.0,61468000,BBCA.JK
2020-07-16,5186.1982421875,6180.0,6200.0,6140.0,6150.0,66520500,BBCA.JK
2020-07-17,5135.84765625,6120.0,6180.0,6040.0,6135.0,73348000,BBCA.JK
2020-07-20,5152.630859375,6140.0,6160.0,6060.0,6120.0,59794500,BBCA.JK
2020-07-21,5202.98193359375,6200.0,6235.0,6100.0,6100.0,84159500,BBCA.JK
2020-07-22,5186.1982421875,6180.0,6250.0,6130.0,6210.0,44725500,BBCA.JK
2020-07-23,5202.98193359375,6200.0,6215.0,6140.0,6180.0,84026500,BBCA.JK
2020-07-24,5119.0634765625,6100.0,6200.0,6100.0,6200.0,58366500,BBCA.JK
2020-07-27,5119.0634765625,6100.0,6140.0,6000.0,6100.0,41972500,BBCA.JK
2020-07-28,5190.39404296875,6185.0,6200.0,6060.0,6120.0,65279000,BBCA.JK
2020-07-29,5148.43408203125,6135.0,6185.0,6100.0,6185.0,50262500,BBCA.JK
2020-07-30,5236.55029296875,6240.0,6240.0,6055.0,6135.0,80533500,BBCA.JK
2020-08-03,5144.2392578125,6130.0,6235.0,5825.0,6220.0,137079000,BBCA.JK
2020-08-04,5211.3740234375,6210.0,6220.0,6130.0,6155.0,79357000,BBCA.JK
2020-08-05,5207.17822265625,6205.0,6220.0,6100.0,6200.0,49393000,BBCA.JK
2020-08-06,5253.33447265625,6260.0,6295.0,6185.0,6215.0,55258500,BBCA.JK
2020-08-07,5186.1982421875,6180.0,6285.0,6160.0,6265.0,43621000,BBCA.JK
2020-08-10,5135.84765625,6120.0,6200.0,6105.0,6180.0,37774500,BBCA.JK
2020-08-11,5182.001953125,6175.0,6200.0,6130.0,6140.0,38795500,BBCA.JK
2020-08-12,5253.33447265625,6260.0,6260.0,6160.0,6175.0,35612000,BBCA.JK
2020-08-13,5286.9013671875,6300.0,6300.0,6180.0,6260.0,48581000,BBCA.JK
2020-08-14,5375.01708984375,6405.0,6405.0,6240.0,6300.0,57316000,BBCA.JK
2020-08-18,5337.25341796875,6360.0,6425.0,6300.0,6405.0,81563500,BBCA.JK
2020-08-19,5312.0771484375,6330.0,6410.0,6310.0,6360.0,58793500,BBCA.JK
2020-08-24,5299.48974609375,6315.0,6380.0,6280.0,6340.0,66882500,BBCA.JK
2020-08-25,5341.44873046875,6365.0,6380.0,6305.0,6320.0,49211000,BBCA.JK
2020-08-26,5320.4697265625,6340.0,6390.0,6305.0,6385.0,42983000,BBCA.JK
2020-08-27,5538.65869140625,6600.0,6600.0,6340.0,6365.0,68326000,BBCA.JK
2020-08-28,5450.54296875,6495.0,6600.0,6425.0,6560.0,52292500,BBCA.JK
2020-08-31,5265.921875,6275.0,6540.0,6275.0,6500.0,97032000,BBCA.JK
2020-09-01,5471.52294921875,6520.0,6520.0,6240.0,6280.0,67446000,BBCA.JK
2020-09-02,5400.1923828125,6435.0,6560.0,6365.0,6520.0,66065000,BBCA.JK
2020-09-03,5454.73974609375,6500.0,6500.0,6300.0,6465.0,68208500,BBCA.JK
2020-09-04,5354.03662109375,6380.0,6450.0,6265.0,6450.0,80613500,BBCA.JK
2020-09-07,5274.31298828125,6285.0,6360.0,6200.0,6335.0,64249500,BBCA.JK
2020-09-08,5316.27294921875,6335.0,6360.0,6285.0,6285.0,39649000,BBCA.JK
2020-09-09,5240.74609375,6245.0,6320.0,6210.0,6300.0,49285000,BBCA.JK
2020-09-10,4875.6982421875,5810.0,6220.0,5810.0,6220.0,175735000,BBCA.JK
2020-09-11,4955.421875,5905.0,5975.0,5620.0,5800.0,403032500,BBCA.JK
2020-09-14,5077.10400390625,6050.0,6115.0,5985.0,6000.0,138115000,BBCA.JK
2020-09-15,4917.6572265625,5860.0,6100.0,5860.0,6040.0,170087000,BBCA.JK
2020-09-16,4825.34716796875,5750.0,5870.0,5745.0,5860.0,158565500,BBCA.JK
2020-09-17,4829.5419921875,5755.0,5855.0,5665.0,5750.0,138796000,BBCA.JK
2020-09-18,4724.64306640625,5630.0,5735.0,5570.0,5700.0,316912000,BBCA.JK
2020-09-21,4703.6640625,5605.0,5735.0,5595.0,5640.0,112443000,BBCA.JK
2020-09-22,4573.58935546875,5450.0,5565.0,5430.0,5520.0,163442500,BBCA.JK
2020-09-23,4619.74462890625,5505.0,5585.0,5425.0,5450.0,100517000,BBCA.JK
2020-09-24,4569.39306640625,5445.0,5535.0,5390.0,5430.0,88618500,BBCA.JK
2020-09-25,4707.8603515625,5610.0,5625.0,5460.0,5480.0,100705000,BBCA.JK
2020-09-28,4628.13671875,5515.0,5695.0,5500.0,5650.0,93522000,BBCA.JK
2020-09-29,4619.74462890625,5505.0,5635.0,5460.0,5575.0,117778500,BBCA.JK
2020-09-30,4548.4140625,5420.0,5565.0,5420.0,5565.0,107377000,BBCA.JK
2020-10-01,4674.29150390625,5570.0,5570.0,5480.0,5485.0,56893000,BBCA.JK
2020-10-02,4619.74462890625,5505.0,5565.0,5440.0,5560.0,66848000,BBCA.JK
2020-10-05,4632.33251953125,5520.0,5560.0,5460.0,5515.0,58291000,BBCA.JK
2020-10-06,4783.38720703125,5700.0,5715.0,5600.0,5630.0,141955500,BBCA.JK
2020-10-07,4829.5419921875,5755.0,5755.0,5580.0,5600.0,89937500,BBCA.JK
2020-10-08,4850.521484375,5780.0,5800.0,5710.0,5790.0,77384500,BBCA.JK
2020-10-09,4846.326171875,5775.0,5775.0,5720.0,5750.0,54250500,BBCA.JK
2020-10-12,4913.4609375,5855.0,5875.0,5830.0,5840.0,82918500,BBCA.JK
2020-10-13,4913.4609375,5855.0,5860.0,5770.0,5840.0,48250500,BBCA.JK
2020-10-14,4951.22607421875,5900.0,5900.0,5810.0,5840.0,83117500,BBCA.JK
2020-10-15,4854.71875,5785.0,5880.0,5760.0,5875.0,82067000,BBCA.JK
2020-10-16,4833.7392578125,5760.0,5790.0,5730.0,5785.0,89051500,BBCA.JK
2020-10-19,4951.22607421875,5900.0,5900.0,5710.0,5750.0,56871500,BBCA.JK
2020-10-20,4871.50244140625,5805.0,5880.0,5785.0,5880.0,74995500,BBCA.JK
2020-10-21,4850.521484375,5780.0,5865.0,5730.0,5860.0,77944000,BBCA.JK
2020-10-22,4867.30517578125,5800.0,5800.0,5705.0,5740.0,96872500,BBCA.JK
2020-10-23,4842.13037109375,5770.0,5840.0,5750.0,5840.0,66328000,BBCA.JK
2020-10-26,4879.89404296875,5815.0,5835.0,5725.0,5725.0,70452500,BBCA.JK
2020-10-27,4858.9140625,5790.0,5830.0,5755.0,5815.0,89482000,BBCA.JK
2020-11-02,4884.0888671875,5820.0,5825.0,5720.0,5760.0,151006500,BBCA.JK
2020-11-03,4942.8330078125,5890.0,5895.0,5835.0,5840.0,78152000,BBCA.JK
2020-11-04,4884.0888671875,5820.0,5940.0,5785.0,5900.0,78626000,BBCA.JK
2020-11-05,5161.0234375,6150.0,6180.0,5900.0,5900.0,161090000,BBCA.JK
2020-11-06,5286.9013671875,6300.0,6300.0,6060.0,6160.0,137303500,BBCA.JK
2020-11-09,5274.31298828125,6285.0,6400.0,6215.0,6300.0,82739500,BBCA.JK
2020-11-10,5437.95654296875,6480.0,6600.0,6380.0,6395.0,191073500,BBCA.JK
2020-11-11,5488.30810546875,6540.0,6565.0,6480.0,6540.0,131383500,BBCA.JK
2020-11-12,5387.60400390625,6420.0,6495.0,6405.0,6410.0,83082500,BBCA.JK
2020-11-13,5362.42724609375,6390.0,6450.0,6320.0,6420.0,82374500,BBCA.JK
2020-11-16,5437.95654296875,6480.0,6485.0,6385.0,6485.0,54905000,BBCA.JK
2020-11-17,5496.69970703125,6550.0,6565.0,6490.0,6500.0,119784000,BBCA.JK
2020-11-18,5513.482421875,6570.0,6575.0,6540.0,6550.0,99789000,BBCA.JK
2020-11-19,5551.24658203125,6615.0,6640.0,6515.0,6520.0,147346500,BBCA.JK
2020-11-20,5538.65869140625,6600.0,6650.0,6550.0,6640.0,68468500,BBCA.JK
2020-11-23,5538.65869140625,6600.0,6610.0,6550.0,6600.0,75265500,BBCA.JK
2020-11-24,5509.2861328125,6565.0,6600.0,6545.0,6600.0,72349500,BBCA.JK
2020-11-25,5379.21240234375,6410.0,6585.0,6380.0,6580.0,170140500,BBCA.JK
2020-11-26,5437.95654296875,6480.0,6490.0,6300.0,6350.0,64339000,BBCA.JK
2020-11-27,5358.232421875,6385.0,6490.0,6380.0,6480.0,87361500,BBCA.JK
2020-11-30,5207.17822265625,6205.0,6400.0,6135.0,6385.0,393091500,BBCA.JK
2020-12-01,5366.62548828125,6395.0,6435.0,6220.0,6220.0,114563500,BBCA.JK
2020-12-02,5412.7802734375,6450.0,6485.0,6340.0,6460.0,93897500,BBCA.JK
2020-12-03,5421.17236328125,6460.0,6525.0,6425.0,6500.0,98210000,BBCA.JK
2020-12-04,5362.42724609375,6390.0,6465.0,6360.0,6460.0,64995500,BBCA.JK
2020-12-07,5471.52294921875,6520.0,6580.0,6480.0,6500.0,96636000,BBCA.JK
2020-12-08,5462.84619140625,6490.0,6520.0,6425.0,6520.0,70561500,BBCA.JK
2020-12-10,5534.39306640625,6575.0,6600.0,6540.0,6590.0,151420500,BBCA.JK
2020-12-11,5669.0693359375,6735.0,6780.0,6595.0,6600.0,214160000,BBCA.JK
2020-12-14,5740.61767578125,6820.0,6830.0,6795.0,6800.0,179785500,BBCA.JK
2020-12-15,5715.36572265625,6790.0,6900.0,6605.0,6830.0,164024500,BBCA.JK
2020-12-16,5850.04248046875,6950.0,6950.0,6840.0,6860.0,138674000,BBCA.JK
2020-12-17,5837.4169921875,6935.0,7000.0,6820.0,6965.0,91920000,BBCA.JK
2020-12-18,5723.78271484375,6800.0,6935.0,6755.0,6935.0,147238500,BBCA.JK
2020-12-21,5749.03466796875,6830.0,6890.0,6800.0,6890.0,93692500,BBCA.JK
2020-12-22,5652.236328125,6715.0,6820.0,6710.0,6740.0,61790500,BBCA.JK
2020-12-23,5660.65283203125,6725.0,6905.0,6620.0,6905.0,76948000,BBCA.JK
2020-12-28,5706.94775390625,6780.0,6820.0,6660.0,6790.0,60234000,BBCA.JK
2020-12-29,5694.322265625,6765.0,6810.0,6740.0,6775.0,34212500,BBCA.JK
2020-12-30,5698.5302734375,6770.0,6800.0,6700.0,6800.0,52675500,BBCA.JK
2021-01-04,5753.2431640625,6835.0,6855.0,6720.0,6800.0,47937000,BBCA.JK
2021-01-05,5967.884765625,7090.0,7090.0,6850.0,6860.0,104831000,BBCA.JK
2021-01-06,5845.83447265625,6945.0,7075.0,6880.0,7050.0,89753500,BBCA.JK
2021-01-07,5862.66845703125,6965.0,7050.0,6910.0,7000.0,71360000,BBCA.JK
2021-01-08,5934.21630859375,7050.0,7080.0,6975.0,7035.0,75033500,BBCA.JK
2021-01-11,6182.52734375,7345.0,7360.0,7145.0,7150.0,169034500,BBCA.JK
2021-01-12,6026.8076171875,7160.0,7380.0,7160.0,7345.0,95235000,BBCA.JK
2021-01-13,5993.1376953125,7120.0,7275.0,7070.0,7245.0,76581500,BBCA.JK
2021-01-14,5908.96484375,7020.0,7090.0,6995.0,7050.0,89319500,BBCA.JK
2021-01-15,5854.25146484375,6955.0,7100.0,6840.0,7095.0,89853500,BBCA.JK
2021-01-18,5993.1376953125,7120.0,7125.0,6845.0,6955.0,86343000,BBCA.JK
2021-01-19,5972.09375,7095.0,7120.0,7005.0,7120.0,73777000,BBCA.JK
2021-01-20,5972.09375,7095.0,7295.0,7070.0,7165.0,107216000,BBCA.JK
2021-01-21,5955.25927734375,7075.0,7300.0,7060.0,7280.0,66428000,BBCA.JK
2021-01-22,5959.46826171875,7080.0,7160.0,7075.0,7075.0,80829000,BBCA.JK
2021-01-25,5921.58984375,7035.0,7200.0,7000.0,7200.0,76836500,BBCA.JK
2021-01-26,5740.61767578125,6820.0,7000.0,6820.0,6955.0,98658000,BBCA.JK
2021-01-27,5715.36572265625,6790.0,6930.0,6705.0,6820.0,97920000,BBCA.JK
2021-01-28,5807.95654296875,6900.0,6925.0,6790.0,6790.0,104627000,BBCA.JK
2021-01-29,5690.11376953125,6760.0,7000.0,6760.0,6900.0,132762500,BBCA.JK
2021-02-01,5740.61767578125,6820.0,6920.0,6595.0,6760.0,113129000,BBCA.JK
2021-02-02,5723.78271484375,6800.0,6980.0,6800.0,6965.0,86741000,BBCA.JK
2021-02-03,5744.826171875,6825.0,7000.0,6825.0,7000.0,67291000,BBCA.JK
2021-02-04,5770.078125,6855.0,7000.0,6835.0,6920.0,80950500,BBCA.JK
2021-02-05,5820.58251953125,6915.0,6950.0,6855.0,6870.0,51602000,BBCA.JK
2021-02-08,5824.791015625,6920.0,7055.0,6880.0,7050.0,45604000,BBCA.JK
2021-02-09,5875.294921875,6980.0,7030.0,6955.0,7000.0,75574000,BBCA.JK
2021-02-10,5824.791015625,6920.0,7050.0,6900.0,7050.0,44984500,BBCA.JK
2021-02-11,5791.12158203125,6880.0,6985.0,6840.0,6985.0,36926000,BBCA.JK
2021-02-15,5723.78271484375,6800.0,6890.0,6720.0,6830.0,83922000,BBCA.JK
2021-02-16,5841.62548828125,6940.0,6945.0,6830.0,6880.0,47221000,BBCA.JK
2021-02-17,5807.95654296875,6900.0,6960.0,6850.0,6890.0,66011500,BBCA.JK
2021-02-18,5669.0693359375,6735.0,6900.0,6735.0,6850.0,91204000,BBCA.JK
2021-02-19,5744.826171875,6825.0,6850.0,6760.0,6780.0,70487500,BBCA.JK
2021-02-22,5715.36572265625,6790.0,6940.0,6790.0,6900.0,68913000,BBCA.JK
2021-02-23,5744.826171875,6825.0,6845.0,6775.0,6820.0,58360000,BBCA.JK
2021-02-24,5660.65283203125,6725.0,6835.0,6725.0,6825.0,71869000,BBCA.JK
2021-02-25,5643.81787109375,6705.0,6770.0,6680.0,6740.0,78688000,BBCA.JK
2021-02-26,5648.0263671875,6710.0,6810.0,6645.0,6705.0,173631500,BBCA.JK
2021-03-01,5930.00732421875,7045.0,7045.0,6800.0,6830.0,205539000,BBCA.JK
2021-03-02,5904.7568359375,7015.0,7160.0,7000.0,7120.0,81446500,BBCA.JK
2021-03-03,5892.1298828125,7000.0,7085.0,7000.0,7065.0,84470000,BBCA.JK
2021-03-04,5656.4443359375,6720.0,7000.0,6720.0,6905.0,120802500,BBCA.JK
2021-03-05,5723.78271484375,6800.0,6925.0,6720.0,6720.0,111871500,BBCA.JK
2021-03-08,5656.4443359375,6720.0,6950.0,6720.0,6950.0,90883000,BBCA.JK
2021-03-09,5559.6455078125,6605.0,6715.0,6600.0,6700.0,135582000,BBCA.JK
2021-03-10,5643.81787109375,6705.0,6720.0,6620.0,6720.0,50302000,BBCA.JK
2021-03-12,5694.322265625,6765.0,6880.0,6715.0,6875.0,74328000,BBCA.JK
2021-03-15,5610.14892578125,6665.0,6820.0,6665.0,6815.0,57416000,BBCA.JK
2021-03-16,5576.4794921875,6625.0,6710.0,6620.0,6710.0,70755500,BBCA.JK
2021-03-17,5563.85400390625,6610.0,6665.0,6605.0,6650.0,71474500,BBCA.JK
2021-03-18,5643.81787109375,6705.0,6720.0,6610.0,6620.0,70067500,BBCA.JK
2021-03-19,5690.11376953125,6760.0,6770.0,6625.0,6770.0,125853000,BBCA.JK
2021-03-22,5572.271484375,6620.0,6680.0,6610.0,6640.0,67523500,BBCA.JK
2021-03-23,5525.97509765625,6565.0,6720.0,6555.0,6720.0,127762500,BBCA.JK
2021-03-24,5420.759765625,6440.0,6550.0,6420.0,6515.0,152050000,BBCA.JK
2021-03-25,5361.83740234375,6370.0,6440.0,6330.0,6400.0,119101500,BBCA.JK
2021-03-26,5399.71630859375,6415.0,6445.0,6300.0,6370.0,134467500,BBCA.JK
2021-03-29,5353.4208984375,6360.0,6515.0,6360.0,6410.0,113370500,BBCA.JK
2021-03-30,5382.88134765625,6395.0,6455.0,6370.0,6370.0,83115500,BBCA.JK
2021-03-31,5231.369140625,6215.0,6395.0,6145.0,6390.0,223390500,BBCA.JK
2021-04-01,5239.7861328125,6225.0,6270.0,6155.0,6215.0,112286000,BBCA.JK
2021-04-05,5180.86572265625,6155.0,6290.0,6155.0,6250.0,73311500,BBCA.JK
2021-04-06,5189.2822265625,6165.0,6170.0,6080.0,6135.0,80215000,BBCA.JK
2021-04-07,5260.830078125,6250.0,6275.0,6135.0,6155.0,107908000,BBCA.JK
2021-04-08,5236.4189453125,6135.0,6215.0,6125.0,6200.0,123697500,BBCA.JK
2021-04-09,5291.8984375,6200.0,6320.0,6145.0,6315.0,116961000,BBCA.JK
2021-04-12,5176.67138671875,6065.0,6295.0,6060.0,6295.0,110411500,BBCA.JK
2021-04-13,5121.19189453125,6000.0,6060.0,5980.0,6050.0,119211500,BBCA.JK
2021-04-14,5381.51904296875,6305.0,6305.0,6060.0,6105.0,135519500,BBCA.JK
2021-04-15,5360.1806640625,6280.0,6310.0,6180.0,6305.0,102686500,BBCA.JK
2021-04-16,5355.91357421875,6275.0,6370.0,6215.0,6370.0,79293500,BBCA.JK
2021-04-19,5351.6455078125,6270.0,6280.0,6230.0,6275.0,47095000,BBCA.JK
2021-04-20,5321.77197265625,6235.0,6250.0,6185.0,6200.0,72721000,BBCA.JK
2021-04-21,5262.0244140625,6165.0,6225.0,6165.0,6200.0,68397000,BBCA.JK
2021-04-22,5304.70166015625,6215.0,6275.0,6180.0,6200.0,63758000,BBCA.JK
2021-04-23,5454.06884765625,6390.0,6395.0,6225.0,6280.0,108498500,BBCA.JK
2021-04-26,5364.4482421875,6285.0,6400.0,6280.0,6395.0,108742000,BBCA.JK
2021-04-27,5466.87255859375,6405.0,6435.0,6355.0,6370.0,132650000,BBCA.JK
2021-04-28,5394.32177734375,6320.0,6405.0,6315.0,6400.0,87660000,BBCA.JK
2021-04-29,5471.14013671875,6410.0,6460.0,6360.0,6460.0,57355000,BBCA.JK
2021-04-30,5466.87255859375,6405.0,6450.0,6380.0,6450.0,65829500,BBCA.JK
2021-05-03,5454.06884765625,6390.0,6480.0,6345.0,6480.0,42065500,BBCA.JK
2021-05-04,5462.60498046875,6400.0,6430.0,6340.0,6350.0,50123500,BBCA.JK
2021-05-05,5483.9423828125,6425.0,6430.0,6400.0,6420.0,51685000,BBCA.JK
2021-05-06,5483.9423828125,6425.0,6450.0,6400.0,6400.0,38115500,BBCA.JK
2021-05-07,5462.60498046875,6400.0,6460.0,6385.0,6460.0,48864000,BBCA.JK
2021-05-10,5479.6748046875,6420.0,6420.0,6395.0,6400.0,68180500,BBCA.JK
2021-05-11,5530.8876953125,6480.0,6480.0,6305.0,6400.0,70680000,BBCA.JK
2021-05-17,5547.95751953125,6500.0,6500.0,6375.0,6500.0,129058500,BBCA.JK
2021-05-18,5454.06884765625,6390.0,6455.0,6365.0,6400.0,73563000,BBCA.JK
2021-05-19,5415.66064453125,6345.0,6400.0,6335.0,6380.0,64912500,BBCA.JK
2021-05-20,5445.5341796875,6380.0,6435.0,6350.0,6390.0,64950000,BBCA.JK
2021-05-21,5428.4638671875,6360.0,6450.0,6260.0,6450.0,92620000,BBCA.JK
2021-05-24,5398.58984375,6325.0,6380.0,6290.0,6355.0,59210000,BBCA.JK
2021-05-25,5424.19580078125,6355.0,6440.0,6300.0,6300.0,87470000,BBCA.JK
2021-05-27,5351.6455078125,6270.0,6480.0,6270.0,6440.0,537971500,BBCA.JK
2021-05-28,5411.3935546875,6340.0,6370.0,6330.0,6330.0,102108500,BBCA.JK
2021-05-31,5441.26611328125,6375.0,6390.0,6325.0,6360.0,101442000,BBCA.JK
2021-06-02,5518.0849609375,6465.0,6515.0,6420.0,6500.0,141732500,BBCA.JK
2021-06-03,5633.3115234375,6600.0,6600.0,6430.0,6495.0,133810500,BBCA.JK
2021-06-04,5616.240234375,6580.0,6620.0,6500.0,6620.0,62108500,BBCA.JK
2021-06-07,5573.56298828125,6530.0,6570.0,6430.0,6560.0,62576000,BBCA.JK
2021-06-08,5488.2109375,6430.0,6575.0,6430.0,6575.0,64348000,BBCA.JK
2021-06-09,5573.56298828125,6530.0,6535.0,6360.0,6360.0,77198000,BBCA.JK
2021-06-10,5650.38232421875,6620.0,6620.0,6490.0,6555.0,73262500,BBCA.JK
2021-06-11,5522.35205078125,6470.0,6580.0,6460.0,6570.0,72780500,BBCA.JK
2021-06-14,5471.14013671875,6410.0,6520.0,6400.0,6520.0,61478500,BBCA.JK
2021-06-15,5522.35205078125,6470.0,6470.0,6405.0,6445.0,87799000,BBCA.JK
2021-06-16,5449.80224609375,6385.0,6435.0,6360.0,6420.0,48984000,BBCA.JK
2021-06-17,5402.85791015625,6330.0,6390.0,6275.0,6390.0,68448500,BBCA.JK
2021-06-18,5398.58984375,6325.0,6345.0,6280.0,6300.0,118043000,BBCA.JK
2021-06-21,5334.5751953125,6250.0,6300.0,6210.0,6300.0,60823500,BBCA.JK
2021-06-22,5411.3935546875,6340.0,6390.0,6240.0,6250.0,65824000,BBCA.JK
2021-06-23,5317.50390625,6230.0,6340.0,6230.0,6295.0,52451000,BBCA.JK
2021-06-24,5300.43359375,6210.0,6310.0,6200.0,6310.0,56010000,BBCA.JK
2021-06-25,5283.36328125,6190.0,6260.0,6190.0,6230.0,68939500,BBCA.JK
2021-06-28,5168.13720703125,6055.0,6150.0,6055.0,6100.0,84420500,BBCA.JK
2021-06-29,5159.60107421875,6045.0,6090.0,6040.0,6050.0,53704000,BBCA.JK
2021-06-30,5142.52978515625,6025.0,6070.0,6000.0,6000.0,65795000,BBCA.JK
2021-07-01,5142.52978515625,6025.0,6075.0,6000.0,6060.0,58153000,BBCA.JK
2021-07-02,5206.54541015625,6100.0,6140.0,6040.0,6070.0,67392500,BBCA.JK
2021-07-05,5215.0810546875,6110.0,6130.0,6070.0,6100.0,39710500,BBCA.JK
2021-07-06,5168.13720703125,6055.0,6110.0,6055.0,6110.0,34279500,BBCA.JK
2021-07-07,5176.67138671875,6065.0,6180.0,6030.0,6180.0,35595000,BBCA.JK
2021-07-08,5133.99560546875,6015.0,6040.0,5980.0,6000.0,47297000,BBCA.JK
2021-07-09,5138.26220703125,6020.0,6020.0,5990.0,6010.0,40707500,BBCA.JK
2021-07-12,5266.2919921875,6170.0,6180.0,6020.0,6070.0,65981500,BBCA.JK
2021-07-13,5159.60107421875,6045.0,6175.0,6015.0,6170.0,65946500,BBCA.JK
2021-07-14,5112.65673828125,5990.0,6030.0,5980.0,6020.0,59321000,BBCA.JK
2021-07-15,5219.34814453125,6115.0,6115.0,5995.0,6000.0,49724000,BBCA.JK
2021-07-16,5215.0810546875,6110.0,6170.0,6055.0,6170.0,47998500,BBCA.JK
2021-07-19,5125.4599609375,6005.0,6110.0,6005.0,6110.0,47119000,BBCA.JK
2021-07-21,5129.72705078125,6010.0,6120.0,6010.0,6050.0,55009500,BBCA.JK
2021-07-22,5253.48974609375,6155.0,6155.0,6050.0,6115.0,60792000,BBCA.JK
2021-07-23,5151.064453125,6035.0,6190.0,6025.0,6180.0,79938000,BBCA.JK
2021-07-26,5125.4599609375,6005.0,6060.0,6005.0,6040.0,48171500,BBCA.JK
2021-07-27,5125.4599609375,6005.0,6060.0,6000.0,6005.0,53107500,BBCA.JK
2021-07-28,5104.12109375,5980.0,6010.0,5970.0,6005.0,74133000,BBCA.JK
2021-07-29,5155.333984375,6040.0,6085.0,5980.0,6055.0,84605000,BBCA.JK
2021-07-30,5095.58544921875,5970.0,6100.0,5960.0,6040.0,105685000,BBCA.JK
2021-08-02,5087.05078125,5960.0,6065.0,5905.0,6060.0,119981500,BBCA.JK
2021-08-03,5244.95361328125,6145.0,6180.0,5985.0,6025.0,110071500,BBCA.JK
2021-08-04,5223.6162109375,6120.0,6150.0,6060.0,6145.0,41112000,BBCA.JK
2021-08-05,5377.25146484375,6300.0,6310.0,6140.0,6170.0,93768000,BBCA.JK
2021-08-06,5257.75732421875,6160.0,6360.0,6135.0,6360.0,67285000,BBCA.JK
2021-08-09,5291.8984375,6200.0,6200.0,6105.0,6135.0,52858500,BBCA.JK
2021-08-10,5377.25146484375,6300.0,6300.0,6115.0,6250.0,60446000,BBCA.JK
2021-08-12,5377.25146484375,6300.0,6320.0,6120.0,6120.0,118325500,BBCA.JK
2021-08-13,5471.14013671875,6410.0,6435.0,6325.0,6350.0,86929000,BBCA.JK
2021-08-16,5479.6748046875,6420.0,6420.0,6305.0,6420.0,69282000,BBCA.JK
2021-08-18,5633.3115234375,6600.0,6760.0,6460.0,6520.0,186354500,BBCA.JK
2021-08-19,5633.3115234375,6600.0,6600.0,6530.0,6600.0,100926000,BBCA.JK
2021-08-20,5633.3115234375,6600.0,6600.0,6510.0,6600.0,120163500,BBCA.JK
2021-08-23,5624.77587890625,6590.0,6590.0,6515.0,6515.0,68253000,BBCA.JK
2021-08-24,5633.3115234375,6600.0,6600.0,6500.0,6570.0,59561500,BBCA.JK
2021-08-25,5633.3115234375,6600.0,6605.0,6585.0,6600.0,80751500,BBCA.JK
2021-08-26,5599.16943359375,6560.0,6580.0,6470.0,6560.0,74337000,BBCA.JK
2021-08-27,5556.49365234375,6510.0,6530.0,6490.0,6490.0,71572500,BBCA.JK
2021-08-30,5603.43701171875,6565.0,6580.0,6520.0,6530.0,74564500,BBCA.JK
2021-08-31,5590.63427734375,6550.0,6570.0,6515.0,6520.0,115373500,BBCA.JK
2021-09-01,5603.43701171875,6565.0,6600.0,6535.0,6550.0,67362500,BBCA.JK
2021-09-02,5582.099609375,6540.0,6575.0,6455.0,6525.0,53257000,BBCA.JK
2021-09-03,5633.3115234375,6600.0,6600.0,6515.0,6560.0,35764500,BBCA.JK
2021-09-06,5611.97265625,6575.0,6605.0,6550.0,6600.0,36780000,BBCA.JK
2021-09-07,5607.705078125,6570.0,6605.0,6570.0,6595.0,53902000,BBCA.JK
2021-09-08,5496.74609375,6440.0,6595.0,6420.0,6550.0,77888000,BBCA.JK
2021-09-09,5607.705078125,6570.0,6570.0,6410.0,6410.0,110074000,BBCA.JK
2021-09-10,5565.02880859375,6520.0,6565.0,6495.0,6495.0,41483500,BBCA.JK
2021-09-13,5594.90234375,6555.0,6560.0,6525.0,6560.0,29929000,BBCA.JK
2021-09-14,5586.36669921875,6545.0,6595.0,6495.0,6590.0,51990500,BBCA.JK
2021-09-15,5543.6904296875,6495.0,6550.0,6485.0,6545.0,44514000,BBCA.JK
2021-09-16,5547.95751953125,6500.0,6580.0,6480.0,6580.0,58672500,BBCA.JK
2021-09-17,5565.02880859375,6520.0,6535.0,6480.0,6490.0,117540000,BBCA.JK
2021-09-20,5620.50830078125,6585.0,6590.0,6510.0,6570.0,73157500,BBCA.JK
2021-09-21,5539.42333984375,6490.0,6535.0,6470.0,6510.0,57115500,BBCA.JK
2021-09-22,5594.90234375,6555.0,6580.0,6500.0,6500.0,68722000,BBCA.JK
2021-09-23,5616.240234375,6580.0,6590.0,6545.0,6555.0,60998500,BBCA.JK
2021-09-24,5620.50830078125,6585.0,6585.0,6500.0,6500.0,60539500,BBCA.JK
2021-09-27,5616.240234375,6580.0,6595.0,6555.0,6585.0,55052500,BBCA.JK
2021-09-28,5565.02880859375,6520.0,6560.0,6500.0,6540.0,80186000,BBCA.JK
2021-09-29,5616.240234375,6580.0,6580.0,6515.0,6520.0,74079000,BBCA.JK
2021-09-30,5974.724609375,7000.0,7000.0,6595.0,6600.0,156848000,BBCA.JK
2021-10-01,5769.87646484375,6760.0,6900.0,6710.0,6900.0,103954500,BBCA.JK
2021-10-04,5940.5830078125,6960.0,6960.0,6740.0,6740.0,74719000,BBCA.JK
2021-10-05,5927.77978515625,6945.0,6945.0,6860.0,6910.0,54986500,BBCA.JK
2021-10-06,6128.35986328125,7180.0,7180.0,6970.0,6980.0,174312000,BBCA.JK
2021-10-07,6111.2900390625,7160.0,7175.0,7080.0,7175.0,107263500,BBCA.JK
2021-10-08,6222.248046875,7290.0,7300.0,7175.0,7200.0,94643500,BBCA.JK
2021-10-11,6192.37548828125,7255.0,7290.0,7230.0,7240.0,47201000,BBCA.JK
2021-10-12,6247.8544921875,7320.0,7320.0,7245.0,7255.0,91067000,BBCA.JK
2021-10-13,6422.82763671875,7525.0,8250.0,7400.0,7400.0,210893300,BBCA.JK
2021-10-14,6614.873046875,7750.0,7900.0,7600.0,7600.0,138811900,BBCA.JK
2021-10-15,6529.52001953125,7650.0,7875.0,7450.0,7800.0,142378200,BBCA.JK
2021-10-18,6422.82763671875,7525.0,7675.0,7475.0,7650.0,116644300,BBCA.JK
2021-10-19,6401.49072265625,7500.0,7525.0,7350.0,7475.0,134601200,BBCA.JK
2021-10-21,6316.13671875,7400.0,7550.0,7350.0,7500.0,106120100,BBCA.JK
2021-10-22,6422.82763671875,7525.0,7550.0,7425.0,7450.0,96730700,BBCA.JK
2021-10-25,6422.82763671875,7525.0,7525.0,7400.0,7400.0,60329800,BBCA.JK
2021-10-26,6422.82763671875,7525.0,7600.0,7500.0,7600.0,70103000,BBCA.JK
2021-10-27,6358.81396484375,7450.0,7575.0,7425.0,7575.0,57067000,BBCA.JK
2021-10-28,6294.798828125,7375.0,7425.0,7350.0,7350.0,75271900,BBCA.JK
2021-10-29,6380.1513671875,7475.0,7475.0,7375.0,7450.0,60639200,BBCA.JK
2021-11-01,6316.13671875,7400.0,7550.0,7400.0,7550.0,38593400,BBCA.JK
2021-11-02,6230.78369140625,7300.0,7425.0,7250.0,7375.0,90535400,BBCA.JK
2021-11-03,6273.46044921875,7350.0,7400.0,7250.0,7300.0,61621500,BBCA.JK
2021-11-04,6294.798828125,7375.0,7475.0,7375.0,7425.0,61081400,BBCA.JK
2021-11-05,6358.81396484375,7450.0,7475.0,7375.0,7475.0,43120400,BBCA.JK
2021-11-08,6465.5048828125,7575.0,7600.0,7450.0,7500.0,85441700,BBCA.JK
2021-11-09,6550.85791015625,7675.0,7675.0,7575.0,7600.0,101785800,BBCA.JK
2021-11-10,6529.52001953125,7650.0,7675.0,7575.0,7675.0,47503900,BBCA.JK
2021-11-11,6550.85791015625,7675.0,7750.0,7600.0,7700.0,55790000,BBCA.JK
2021-11-12,6422.82763671875,7525.0,7750.0,7525.0,7750.0,52590100,BBCA.JK
2021-11-15,6401.49072265625,7500.0,7625.0,7500.0,7625.0,67344200,BBCA.JK
2021-11-16,6380.1513671875,7475.0,7475.0,7325.0,7400.0,98616900,BBCA.JK
2021-11-17,6487.201171875,7575.0,7575.0,7425.0,7500.0,61968100,BBCA.JK
2021-11-18,6337.33154296875,7400.0,7500.0,7400.0,7425.0,78839600,BBCA.JK
2021-11-19,6358.7421875,7425.0,7450.0,7375.0,7425.0,68203700,BBCA.JK
2021-11-22,6401.56103515625,7475.0,7525.0,7400.0,7425.0,66328300,BBCA.JK
2021-11-23,6401.56103515625,7475.0,7500.0,7400.0,7400.0,43477500,BBCA.JK
2021-11-24,6401.56103515625,7475.0,7575.0,7425.0,7575.0,35181400,BBCA.JK
2021-11-25,6358.7421875,7425.0,7525.0,7425.0,7450.0,40216100,BBCA.JK
2021-11-26,6230.2822265625,7275.0,7450.0,7250.0,7400.0,113288400,BBCA.JK
2021-11-29,6337.33154296875,7400.0,7425.0,7175.0,7275.0,87907900,BBCA.JK
2021-11-30,6230.2822265625,7275.0,7425.0,7275.0,7325.0,144923700,BBCA.JK
2021-12-01,6251.6923828125,7300.0,7450.0,7275.0,7275.0,76538100,BBCA.JK
2021-12-02,6422.9716796875,7500.0,7500.0,7300.0,7375.0,66831000,BBCA.JK
2021-12-03,6315.921875,7375.0,7525.0,7350.0,7525.0,63283700,BBCA.JK
2021-12-06,6294.51220703125,7350.0,7475.0,7350.0,7450.0,56944100,BBCA.JK
2021-12-07,6294.51220703125,7350.0,7475.0,7350.0,7450.0,51258200,BBCA.JK
2021-12-08,6358.7421875,7425.0,7475.0,7400.0,7450.0,74775000,BBCA.JK
2021-12-09,6294.51220703125,7350.0,7450.0,7350.0,7400.0,54886400,BBCA.JK
2021-12-10,6315.921875,7375.0,7375.0,7275.0,7325.0,91092400,BBCA.JK
2021-12-13,6251.6923828125,7300.0,7400.0,7300.0,7375.0,59977100,BBCA.JK
2021-12-14,6251.6923828125,7300.0,7375.0,7275.0,7300.0,49763600,BBCA.JK
2021-12-15,6251.6923828125,7300.0,7375.0,7275.0,7300.0,52477600,BBCA.JK
2021-12-16,6230.2822265625,7275.0,7400.0,7275.0,7375.0,95171400,BBCA.JK
2021-12-17,6422.9716796875,7500.0,7500.0,7300.0,7325.0,107096800,BBCA.JK
2021-12-20,6315.921875,7375.0,7400.0,7325.0,7350.0,74753000,BBCA.JK
2021-12-21,6315.921875,7375.0,7400.0,7325.0,7325.0,52386100,BBCA.JK
2021-12-22,6273.10205078125,7325.0,7425.0,7325.0,7425.0,33232000,BBCA.JK
2021-12-23,6251.6923828125,7300.0,7350.0,7300.0,7325.0,37136400,BBCA.JK
2021-12-24,6251.6923828125,7300.0,7350.0,7300.0,7300.0,30802100,BBCA.JK
2021-12-27,6294.51220703125,7350.0,7350.0,7300.0,7300.0,20722100,BBCA.JK
2021-12-28,6294.51220703125,7350.0,7400.0,7325.0,7375.0,39343800,BBCA.JK
2021-12-29,6251.6923828125,7300.0,7375.0,7300.0,7350.0,42079500,BBCA.JK
2021-12-30,6251.6923828125,7300.0,7350.0,7300.0,7350.0,49954700,BBCA.JK
2022-01-03,6273.10205078125,7325.0,7400.0,7300.0,7325.0,54287400,BBCA.JK
2022-01-04,6337.33154296875,7400.0,7450.0,7325.0,7325.0,70624000,BBCA.JK
2022-01-05,6380.15185546875,7450.0,7525.0,7375.0,7450.0,76164900,BBCA.JK
2022-01-06,6401.56103515625,7475.0,7525.0,7425.0,7500.0,63657100,BBCA.JK
2022-01-07,6551.4306640625,7650.0,7700.0,7500.0,7550.0,143433300,BBCA.JK
2022-01-10,6508.61083984375,7600.0,7650.0,7550.0,7575.0,45351900,BBCA.JK
2022-01-11,6594.25048828125,7700.0,7700.0,7625.0,7650.0,110334600,BBCA.JK
2022-01-12,6594.25048828125,7700.0,7700.0,7650.0,7700.0,62606000,BBCA.JK
2022-01-13,6594.25048828125,7700.0,7750.0,7650.0,7700.0,50025200,BBCA.JK
2022-01-14,6722.71044921875,7850.0,7850.0,7650.0,7700.0,65898700,BBCA.JK
2022-01-17,6637.07080078125,7750.0,7900.0,7700.0,7900.0,63902600,BBCA.JK
2022-01-18,6572.8408203125,7675.0,7775.0,7550.0,7775.0,71476300,BBCA.JK
2022-01-19,6572.8408203125,7675.0,7725.0,7575.0,7650.0,60389700,BBCA.JK
2022-01-20,6658.48046875,7775.0,7775.0,7625.0,7725.0,59925500,BBCA.JK
2022-01-21,6808.34912109375,7950.0,7950.0,7700.0,7775.0,63370500,BBCA.JK
2022-01-24,6679.89013671875,7800.0,7850.0,7775.0,7825.0,40278300,BBCA.JK
2022-01-25,6658.48046875,7775.0,7775.0,7625.0,7675.0,106796900,BBCA.JK
2022-01-26,6594.25048828125,7700.0,7750.0,7650.0,7700.0,53350200,BBCA.JK
2022-01-27,6679.89013671875,7800.0,7800.0,7625.0,7625.0,71945100,BBCA.JK
2022-01-28,6658.48046875,7775.0,7825.0,7700.0,7800.0,70595000,BBCA.JK
2022-01-31,6530.02099609375,7625.0,7775.0,7625.0,7775.0,68122000,BBCA.JK
2022-02-02,6679.89013671875,7800.0,7800.0,7675.0,7775.0,65308100,BBCA.JK
2022-02-03,6615.66064453125,7725.0,7825.0,7700.0,7800.0,35100600,BBCA.JK
2022-02-04,6615.66064453125,7725.0,7800.0,7700.0,7750.0,39324700,BBCA.JK
2022-02-07,6679.89013671875,7800.0,7800.0,7700.0,7775.0,56813200,BBCA.JK
2022-02-08,6615.66064453125,7725.0,7850.0,7725.0,7750.0,61883100,BBCA.JK
2022-02-09,6808.34912109375,7950.0,7950.0,7800.0,7850.0,108922200,BBCA.JK
2022-02-10,6637.07080078125,7750.0,7950.0,7750.0,7950.0,93277000,BBCA.JK
2022-02-11,6701.2998046875,7825.0,7825.0,7650.0,7675.0,71968800,BBCA.JK
2022-02-14,6594.25048828125,7700.0,7775.0,7700.0,7750.0,57710700,BBCA.JK
2022-02-15,6744.11962890625,7875.0,7875.0,7725.0,7750.0,55617000,BBCA.JK
2022-02-16,6829.75927734375,7975.0,7975.0,7825.0,7850.0,77055100,BBCA.JK
2022-02-17,6765.52978515625,7900.0,7925.0,7800.0,7850.0,48704600,BBCA.JK
2022-02-18,6786.93994140625,7925.0,7950.0,7850.0,7950.0,56813400,BBCA.JK
2022-02-21,6808.34912109375,7950.0,7975.0,7900.0,7925.0,43821700,BBCA.JK
2022-02-22,6765.52978515625,7900.0,7950.0,7850.0,7900.0,80095500,BBCA.JK
2022-02-23,6893.9892578125,8050.0,8100.0,7875.0,7900.0,99240300,BBCA.JK
2022-02-24,6851.16943359375,8000.0,8150.0,7925.0,8125.0,124947700,BBCA.JK
2022-02-25,6893.9892578125,8050.0,8175.0,7925.0,7950.0,135899900,BBCA.JK
2022-03-01,6893.9892578125,8050.0,8175.0,8000.0,8000.0,136616800,BBCA.JK
2022-03-02,6829.75927734375,7975.0,8225.0,7975.0,8225.0,100301000,BBCA.JK
2022-03-04,6765.52978515625,7900.0,8025.0,7900.0,7975.0,132983400,BBCA.JK
2022-03-07,6594.25048828125,7700.0,7850.0,7700.0,7800.0,130990900,BBCA.JK
2022-03-08,6551.4306640625,7650.0,7850.0,7650.0,7700.0,119256500,BBCA.JK
2022-03-09,6722.71044921875,7850.0,7950.0,7650.0,7700.0,132814500,BBCA.JK
2022-03-10,6786.93994140625,7925.0,7975.0,7800.0,7925.0,86484000,BBCA.JK
2022-03-11,6808.34912109375,7950.0,7950.0,7725.0,7725.0,61053900,BBCA.JK
2022-03-14,6915.400390625,8075.0,8100.0,7950.0,8050.0,78432100,BBCA.JK
2022-03-15,6979.62939453125,8150.0,8200.0,8075.0,8150.0,111214500,BBCA.JK
2022-03-16,7022.44921875,8200.0,8275.0,8075.0,8275.0,149761300,BBCA.JK
2022-03-17,6851.16943359375,8000.0,8300.0,8000.0,8300.0,132439400,BBCA.JK
2022-03-18,6765.52978515625,7900.0,8100.0,7900.0,8000.0,143981700,BBCA.JK
2022-03-21,6765.52978515625,7900.0,7950.0,7800.0,7800.0,85485500,BBCA.JK
2022-03-22,6786.93994140625,7925.0,7950.0,7875.0,7900.0,60010900,BBCA.JK
2022-03-23,6765.52978515625,7900.0,7950.0,7825.0,7925.0,82208000,BBCA.JK
2022-03-24,6786.93994140625,7925.0,7950.0,7800.0,7850.0,95245100,BBCA.JK
2022-03-25,6808.34912109375,7950.0,7950.0,7900.0,7900.0,85101200,BBCA.JK
2022-03-28,6869.21630859375,7900.0,7900.0,7800.0,7825.0,83911500,BBCA.JK
2022-03-29,6825.740234375,7850.0,7900.0,7825.0,7875.0,62180600,BBCA.JK
2022-03-30,6847.47802734375,7875.0,7900.0,7825.0,7900.0,71430600,BBCA.JK
2022-03-31,6934.4296875,7975.0,8000.0,7875.0,7925.0,112691900,BBCA.JK
2022-04-01,6890.9541015625,7925.0,8075.0,7850.0,8075.0,105575400,BBCA.JK
2022-04-04,6869.21630859375,7900.0,7925.0,7825.0,7925.0,57321200,BBCA.JK
2022-04-05,6869.21630859375,7900.0,7900.0,7850.0,7900.0,48528300,BBCA.JK
2022-04-06,6738.78857421875,7750.0,7850.0,7750.0,7825.0,119263000,BBCA.JK
2022-04-07,6738.78857421875,7750.0,7825.0,7700.0,7725.0,68619400,BBCA.JK
2022-04-08,6825.740234375,7850.0,7875.0,7775.0,7800.0,69791600,BBCA.JK
2022-04-11,6717.05029296875,7725.0,7875.0,7725.0,7825.0,62776200,BBCA.JK
2022-04-12,6782.263671875,7800.0,7800.0,7700.0,7725.0,73471300,BBCA.JK
2022-04-13,6782.263671875,7800.0,7850.0,7750.0,7800.0,57622100,BBCA.JK
2022-04-14,6695.31201171875,7700.0,7800.0,7700.0,7800.0,93342900,BBCA.JK
2022-04-18,6695.31201171875,7700.0,7725.0,7625.0,7700.0,68464700,BBCA.JK
2022-04-19,6630.09765625,7625.0,7700.0,7625.0,7700.0,98632000,BBCA.JK
2022-04-20,6651.8359375,7650.0,7725.0,7625.0,7725.0,124388800,BBCA.JK
2022-04-21,6890.9541015625,7925.0,7925.0,7750.0,7800.0,129323400,BBCA.JK
2022-04-22,6847.47802734375,7875.0,7925.0,7800.0,7850.0,85956100,BBCA.JK
2022-04-25,6956.16845703125,8000.0,8000.0,7825.0,7875.0,91279600,BBCA.JK
2022-04-26,7064.85791015625,8125.0,8125.0,7925.0,7925.0,128360900,BBCA.JK
2022-04-27,7130.0732421875,8200.0,8200.0,8075.0,8075.0,89463100,BBCA.JK
2022-04-28,7064.85791015625,8125.0,8250.0,8075.0,8250.0,133730600,BBCA.JK
2022-05-09,6608.35986328125,7600.0,7900.0,7600.0,7875.0,456796600,BBCA.JK
2022-05-10,6543.1455078125,7525.0,7600.0,7250.0,7250.0,268445700,BBCA.JK
2022-05-11,6651.8359375,7650.0,7700.0,7450.0,7525.0,156535200,BBCA.JK
2022-05-12,6325.76513671875,7275.0,7550.0,7275.0,7525.0,240529600,BBCA.JK
2022-05-13,6369.2412109375,7325.0,7475.0,7250.0,7250.0,212968600,BBCA.JK
2022-05-17,6434.455078125,7400.0,7475.0,7275.0,7275.0,159657600,BBCA.JK
2022-05-18,6586.6220703125,7575.0,7575.0,7375.0,7500.0,153514300,BBCA.JK
2022-05-19,6477.931640625,7450.0,7475.0,7375.0,7400.0,140908900,BBCA.JK
2022-05-20,6434.455078125,7400.0,7475.0,7400.0,7425.0,86520200,BBCA.JK
2022-05-23,6412.7177734375,7375.0,7475.0,7350.0,7450.0,71603500,BBCA.JK
2022-05-24,6390.97998046875,7350.0,7475.0,7325.0,7325.0,108710800,BBCA.JK
2022-05-25,6412.7177734375,7375.0,7450.0,7350.0,7400.0,76747400,BBCA.JK
2022-05-27,6586.6220703125,7575.0,7575.0,7475.0,7525.0,84336900,BBCA.JK
2022-05-30,6586.6220703125,7575.0,7600.0,7475.0,7575.0,105411400,BBCA.JK
2022-05-31,6738.78857421875,7750.0,7750.0,7525.0,7600.0,286292700,BBCA.JK
2022-06-02,6586.6220703125,7575.0,7675.0,7525.0,7625.0,149226300,BBCA.JK
2022-06-03,6608.35986328125,7600.0,7675.0,7575.0,7600.0,80563100,BBCA.JK
2022-06-06,6477.931640625,7450.0,7575.0,7425.0,7550.0,81140300,BBCA.JK
2022-06-07,6412.7177734375,7375.0,7475.0,7300.0,7300.0,129242500,BBCA.JK
2022-06-08,6608.35986328125,7600.0,7600.0,7425.0,7500.0,108910500,BBCA.JK
2022-06-09,6521.408203125,7500.0,7575.0,7500.0,7500.0,107828300,BBCA.JK
2022-06-10,6390.97998046875,7350.0,7450.0,7350.0,7400.0,111768600,BBCA.JK
2022-06-13,6390.97998046875,7350.0,7400.0,7275.0,7300.0,85539500,BBCA.JK
2022-06-14,6434.455078125,7400.0,7400.0,7250.0,7300.0,80865100,BBCA.JK
2022-06-15,6369.2412109375,7325.0,7375.0,7300.0,7300.0,130367100,BBCA.JK
2022-06-16,6586.6220703125,7575.0,7600.0,7375.0,7400.0,132666300,BBCA.JK
2022-06-17,6521.408203125,7500.0,7550.0,7425.0,7425.0,117839400,BBCA.JK
2022-06-20,6630.09765625,7625.0,7650.0,7500.0,7600.0,88138700,BBCA.JK
2022-06-21,6651.8359375,7650.0,7650.0,7550.0,7600.0,44295700,BBCA.JK
2022-06-22,6521.408203125,7500.0,7650.0,7500.0,7625.0,53041800,BBCA.JK
2022-06-23,6543.1455078125,7525.0,7575.0,7450.0,7450.0,60443000,BBCA.JK
2022-06-24,6499.669921875,7475.0,7600.0,7475.0,7600.0,57956600,BBCA.JK
2022-06-27,6390.97998046875,7350.0,7500.0,7350.0,7475.0,76354100,BBCA.JK
2022-06-28,6347.50390625,7300.0,7400.0,7300.0,7300.0,146078100,BBCA.JK
2022-06-29,6325.76513671875,7275.0,7400.0,7275.0,7325.0,98517800,BBCA.JK
2022-06-30,6304.02734375,7250.0,7400.0,7250.0,7300.0,101343900,BBCA.JK
2022-07-01,6304.02734375,7250.0,7325.0,7250.0,7300.0,68738800,BBCA.JK
2022-07-04,6130.12353515625,7050.0,7275.0,7000.0,7250.0,102238600,BBCA.JK
2022-07-05,6304.02734375,7250.0,7325.0,7100.0,7100.0,69172900,BBCA.JK
2022-07-06,6347.50390625,7300.0,7325.0,7175.0,7300.0,66801100,BBCA.JK
2022-07-07,6173.599609375,7100.0,7250.0,7100.0,7225.0,86126800,BBCA.JK
2022-07-08,6217.076171875,7150.0,7175.0,7075.0,7125.0,64312400,BBCA.JK
2022-07-11,6195.3369140625,7125.0,7200.0,7125.0,7200.0,36830800,BBCA.JK
2022-07-12,6238.814453125,7175.0,7250.0,7150.0,7175.0,34269000,BBCA.JK
2022-07-13,6086.64794921875,7000.0,7125.0,7000.0,7100.0,71988200,BBCA.JK
2022-07-14,6108.384765625,7025.0,7100.0,7000.0,7025.0,83316300,BBCA.JK
2022-07-15,6086.64794921875,7000.0,7100.0,7000.0,7100.0,57419900,BBCA.JK
2022-07-18,6217.076171875,7150.0,7150.0,7025.0,7025.0,60077700,BBCA.JK
2022-07-19,6238.814453125,7175.0,7175.0,7100.0,7100.0,59641000,BBCA.JK
2022-07-20,6434.455078125,7400.0,7400.0,7175.0,7200.0,105792900,BBCA.JK
2022-07-21,6434.455078125,7400.0,7400.0,7250.0,7400.0,64337100,BBCA.JK
2022-07-22,6369.2412109375,7325.0,7400.0,7300.0,7400.0,38956500,BBCA.JK
2022-07-25,6347.50390625,7300.0,7375.0,7300.0,7350.0,31247600,BBCA.JK
2022-07-26,6347.50390625,7300.0,7375.0,7250.0,7250.0,44379900,BBCA.JK
2022-07-27,6369.2412109375,7325.0,7350.0,7275.0,7325.0,58465500,BBCA.JK
2022-07-28,6390.97998046875,7350.0,7450.0,7325.0,7375.0,86909700,BBCA.JK
2022-07-29,6390.97998046875,7350.0,7475.0,7350.0,7400.0,131553000,BBCA.JK
2022-08-01,6521.408203125,7500.0,7500.0,7350.0,7350.0,104841600,BBCA.JK
2022-08-02,6608.35986328125,7600.0,7625.0,7500.0,7600.0,106466900,BBCA.JK
2022-08-03,6630.09765625,7625.0,7625.0,7575.0,7625.0,60170600,BBCA.JK
2022-08-04,6782.263671875,7800.0,7800.0,7650.0,7675.0,164221000,BBCA.JK
2022-08-05,6847.47802734375,7875.0,7875.0,7725.0,7825.0,118734200,BBCA.JK
2022-08-08,6847.47802734375,7875.0,7925.0,7750.0,7875.0,84328900,BBCA.JK
2022-08-09,6869.21630859375,7900.0,7975.0,7875.0,7875.0,92875800,BBCA.JK
2022-08-10,6869.21630859375,7900.0,7900.0,7725.0,7800.0,104376300,BBCA.JK
2022-08-11,6912.69140625,7950.0,7950.0,7825.0,7850.0,73204700,BBCA.JK
2022-08-12,6890.9541015625,7925.0,7975.0,7850.0,7925.0,59381200,BBCA.JK
2022-08-15,6912.69140625,7950.0,7975.0,7900.0,7950.0,81411000,BBCA.JK
2022-08-16,6934.4296875,7975.0,7975.0,7850.0,7950.0,83556700,BBCA.JK
2022-08-18,6956.16845703125,8000.0,8025.0,7875.0,7900.0,86136900,BBCA.JK
2022-08-19,6869.21630859375,7900.0,8050.0,7900.0,8050.0,58194900,BBCA.JK
2022-08-22,6956.16845703125,8000.0,8000.0,7825.0,7850.0,97293300,BBCA.JK
2022-08-23,6869.21630859375,7900.0,8000.0,7900.0,8000.0,71671800,BBCA.JK
2022-08-24,6912.69140625,7950.0,8025.0,7900.0,7950.0,108892400,BBCA.JK
2022-08-25,7021.3828125,8075.0,8100.0,7900.0,8000.0,99503500,BBCA.JK
2022-08-26,6956.16845703125,8000.0,8125.0,8000.0,8025.0,80472400,BBCA.JK
2022-08-29,7086.5966796875,8150.0,8150.0,7950.0,8000.0,57762100,BBCA.JK
2022-08-30,7108.33447265625,8175.0,8275.0,8075.0,8100.0,124467000,BBCA.JK
2022-08-31,7130.0732421875,8200.0,8225.0,8050.0,8075.0,137659900,BBCA.JK
2022-09-01,7086.5966796875,8150.0,8250.0,8125.0,8150.0,74960800,BBCA.JK
2022-09-02,7151.8115234375,8225.0,8225.0,8150.0,8150.0,71430600,BBCA.JK
2022-09-05,7195.28662109375,8275.0,8300.0,8200.0,8225.0,62906000,BBCA.JK
2022-09-06,7195.28662109375,8275.0,8350.0,8250.0,8300.0,67079900,BBCA.JK
2022-09-07,7282.23828125,8375.0,8375.0,8250.0,8250.0,117931700,BBCA.JK
2022-09-08,7260.5009765625,8350.0,8500.0,8350.0,8400.0,132777400,BBCA.JK
2022-09-09,7282.23828125,8375.0,8500.0,8275.0,8500.0,91234600,BBCA.JK
2022-09-12,7282.23828125,8375.0,8425.0,8325.0,8325.0,52395300,BBCA.JK
2022-09-13,7412.6669921875,8525.0,8575.0,8375.0,8375.0,124485200,BBCA.JK
2022-09-14,7390.927734375,8500.0,8650.0,8375.0,8375.0,116642400,BBCA.JK
2022-09-15,7608.31005859375,8750.0,8875.0,8500.0,8500.0,190404800,BBCA.JK
2022-09-16,7347.45263671875,8450.0,8725.0,8450.0,8700.0,363127600,BBCA.JK
2022-09-19,7521.35693359375,8650.0,8750.0,8450.0,8475.0,102530600,BBCA.JK
2022-09-20,7434.404296875,8550.0,8650.0,8550.0,8550.0,89238400,BBCA.JK
2022-09-21,7369.18994140625,8475.0,8600.0,8425.0,8525.0,90933700,BBCA.JK
2022-09-22,7369.18994140625,8475.0,8525.0,8375.0,8375.0,61908500,BBCA.JK
2022-09-23,7282.23828125,8375.0,8475.0,8375.0,8375.0,60567600,BBCA.JK
2022-09-26,7325.71484375,8425.0,8500.0,8200.0,8200.0,106228200,BBCA.JK
2022-09-27,7217.02392578125,8300.0,8450.0,8300.0,8375.0,89567100,BBCA.JK
2022-09-28,7238.7626953125,8325.0,8425.0,8250.0,8250.0,89153400,BBCA.JK
2022-09-29,7282.23828125,8375.0,8450.0,8325.0,8325.0,62643700,BBCA.JK
2022-09-30,7434.404296875,8550.0,8575.0,8275.0,8375.0,176524800,BBCA.JK
2022-10-03,7390.927734375,8500.0,8525.0,8450.0,8450.0,115079600,BBCA.JK
2022-10-04,7434.404296875,8550.0,8625.0,8525.0,8525.0,80524500,BBCA.JK
2022-10-05,7347.45263671875,8450.0,8550.0,8425.0,8525.0,63788000,BBCA.JK
2022-10-06,7325.71484375,8425.0,8500.0,8425.0,8475.0,43967400,BBCA.JK
2022-10-07,7130.0732421875,8200.0,8375.0,8200.0,8325.0,112043400,BBCA.JK
2022-10-10,7217.02392578125,8300.0,8375.0,8125.0,8150.0,80238200,BBCA.JK
2022-10-11,7173.548828125,8250.0,8300.0,8150.0,8200.0,64060000,BBCA.JK
2022-10-12,7238.7626953125,8325.0,8325.0,8175.0,8200.0,47569700,BBCA.JK
2022-10-13,7195.28662109375,8275.0,8375.0,8275.0,8275.0,62282800,BBCA.JK
2022-10-14,7173.548828125,8250.0,8350.0,8250.0,8300.0,70642900,BBCA.JK
2022-10-17,7173.548828125,8250.0,8300.0,8175.0,8250.0,56387500,BBCA.JK
2022-10-18,7217.02392578125,8300.0,8475.0,8250.0,8275.0,85665300,BBCA.JK
2022-10-19,7195.28662109375,8275.0,8350.0,8225.0,8250.0,66753500,BBCA.JK
2022-10-20,7390.927734375,8500.0,8500.0,8250.0,8250.0,91812300,BBCA.JK
2022-10-21,7521.35693359375,8650.0,8725.0,8450.0,8450.0,122777800,BBCA.JK
2022-10-24,7738.73681640625,8900.0,8900.0,8725.0,8750.0,89416500,BBCA.JK
2022-10-25,7564.833984375,8700.0,8875.0,8700.0,8825.0,84696300,BBCA.JK
2022-10-26,7434.404296875,8550.0,8650.0,8550.0,8625.0,98962100,BBCA.JK
2022-10-27,7564.833984375,8700.0,8700.0,8550.0,8550.0,77003400,BBCA.JK
2022-10-28,7608.31005859375,8750.0,8750.0,8650.0,8650.0,84980600,BBCA.JK
2022-10-31,7651.78466796875,8800.0,8850.0,8775.0,8850.0,138922800,BBCA.JK
2022-11-01,7651.78466796875,8800.0,9000.0,8725.0,9000.0,118118400,BBCA.JK
2022-11-02,7608.31005859375,8750.0,8825.0,8725.0,8800.0,68323600,BBCA.JK
2022-11-03,7651.78466796875,8800.0,8825.0,8700.0,8700.0,81856300,BBCA.JK
2022-11-04,7630.046875,8775.0,8800.0,8675.0,8775.0,84458300,BBCA.JK
2022-11-07,7695.26123046875,8850.0,8850.0,8675.0,8725.0,94794000,BBCA.JK
2022-11-08,7608.31005859375,8750.0,8875.0,8725.0,8850.0,42525500,BBCA.JK
2022-11-09,7716.99951171875,8875.0,8875.0,8675.0,8675.0,96599500,BBCA.JK
2022-11-10,7651.78466796875,8800.0,8800.0,8725.0,8725.0,89463000,BBCA.JK
2022-11-11,7695.26123046875,8850.0,8925.0,8825.0,8900.0,59597900,BBCA.JK
2022-11-14,7608.31005859375,8750.0,8900.0,8750.0,8875.0,49208200,BBCA.JK
2022-11-15,7651.78466796875,8800.0,8850.0,8750.0,8775.0,59092900,BBCA.JK
2022-11-16,7477.88134765625,8600.0,8675.0,8550.0,8625.0,143424800,BBCA.JK
2022-11-17,7586.5712890625,8725.0,8825.0,8600.0,8625.0,72679800,BBCA.JK
2022-11-18,7673.52294921875,8825.0,8900.0,8725.0,8725.0,83556900,BBCA.JK
2022-11-21,7586.5712890625,8725.0,8900.0,8725.0,8875.0,35901000,BBCA.JK
2022-11-22,7738.73681640625,8900.0,8950.0,8850.0,8900.0,84684200,BBCA.JK
2022-11-23,7716.99951171875,8875.0,8975.0,8875.0,8900.0,84642100,BBCA.JK
2022-11-24,7825.68994140625,9000.0,9000.0,8950.0,8975.0,53520800,BBCA.JK
2022-11-25,7803.9501953125,8975.0,9000.0,8900.0,9000.0,75048300,BBCA.JK
2022-11-28,7847.42724609375,9025.0,9100.0,8975.0,9050.0,96209700,BBCA.JK
2022-11-29,7803.9501953125,8975.0,9075.0,8925.0,8975.0,91562100,BBCA.JK
2022-11-30,8086.54638671875,9300.0,9400.0,8850.0,8875.0,644359600,BBCA.JK
2022-12-01,7825.68994140625,9000.0,9350.0,9000.0,9275.0,155775400,BBCA.JK
2022-12-02,7768.94921875,8900.0,8975.0,8900.0,8900.0,130982100,BBCA.JK
2022-12-05,7659.83544921875,8775.0,8900.0,8775.0,8800.0,114656300,BBCA.JK
2022-12-06,7572.5439453125,8675.0,8750.0,8575.0,8725.0,180553800,BBCA.JK
2022-12-07,7376.13818359375,8450.0,8575.0,8450.0,8500.0,229308700,BBCA.JK
2022-12-08,7419.7841796875,8500.0,8575.0,8350.0,8375.0,172590100,BBCA.JK
2022-12-09,7485.2529296875,8575.0,8600.0,8450.0,8500.0,90851300,BBCA.JK
2022-12-12,7594.3671875,8700.0,8700.0,8475.0,8525.0,102851800,BBCA.JK
2022-12-13,7594.3671875,8700.0,8700.0,8550.0,8625.0,104580200,BBCA.JK
2022-12-14,7528.8974609375,8625.0,8700.0,8525.0,8600.0,118164300,BBCA.JK
2022-12-15,7419.7841796875,8500.0,8600.0,8500.0,8575.0,113255700,BBCA.JK
2022-12-16,7507.07568359375,8600.0,8650.0,8400.0,8425.0,181516700,BBCA.JK
2022-12-19,7550.72021484375,8650.0,8700.0,8600.0,8650.0,67482900,BBCA.JK
2022-12-20,7485.2529296875,8575.0,8650.0,8550.0,8550.0,41243700,BBCA.JK
2022-12-21,7572.5439453125,8675.0,8700.0,8575.0,8600.0,33617700,BBCA.JK
2022-12-22,7485.2529296875,8575.0,8675.0,8575.0,8650.0,59591500,BBCA.JK
2022-12-23,7419.7841796875,8500.0,8575.0,8500.0,8525.0,47393000,BBCA.JK
2022-12-26,7485.2529296875,8575.0,8625.0,8500.0,8500.0,20495900,BBCA.JK
2022-12-27,7507.07568359375,8600.0,8650.0,8575.0,8600.0,27193800,BBCA.JK
2022-12-28,7550.72021484375,8650.0,8650.0,8550.0,8650.0,40420200,BBCA.JK
2022-12-29,7485.2529296875,8575.0,8600.0,8500.0,8525.0,47020900,BBCA.JK
2022-12-30,7463.42919921875,8550.0,8650.0,8550.0,8575.0,44681400,BBCA.JK
2023-01-02,7463.42919921875,8550.0,8600.0,8500.0,8575.0,10653900,BBCA.JK
2023-01-03,7463.42919921875,8550.0,8600.0,8525.0,8550.0,27399100,BBCA.JK
2023-01-04,7288.84619140625,8350.0,8575.0,8350.0,8525.0,90918800,BBCA.JK
2023-01-05,7201.5546875,8250.0,8375.0,8150.0,8350.0,128838500,BBCA.JK
2023-01-06,7245.2001953125,8300.0,8325.0,8100.0,8100.0,69286600,BBCA.JK
2023-01-09,7376.13818359375,8450.0,8450.0,8325.0,8325.0,86916900,BBCA.JK
2023-01-10,7136.0859375,8175.0,8425.0,8150.0,8400.0,101759100,BBCA.JK
2023-01-11,7092.43994140625,8125.0,8150.0,8000.0,8050.0,96069100,BBCA.JK
2023-01-12,7136.0859375,8175.0,8275.0,8125.0,8150.0,103804600,BBCA.JK
2023-01-13,7026.97119140625,8050.0,8175.0,8025.0,8150.0,119748200,BBCA.JK
2023-01-16,7114.263671875,8150.0,8200.0,8050.0,8050.0,105710700,BBCA.JK
2023-01-17,7267.02294921875,8325.0,8375.0,8150.0,8175.0,88695900,BBCA.JK
2023-01-18,7245.2001953125,8300.0,8325.0,8175.0,8200.0,96814600,BBCA.JK
2023-01-19,7267.02294921875,8325.0,8350.0,8250.0,8350.0,66391800,BBCA.JK
2023-01-20,7245.2001953125,8300.0,8325.0,8250.0,8275.0,96859500,BBCA.JK
2023-01-24,7179.73193359375,8225.0,8350.0,8225.0,8300.0,42474500,BBCA.JK
2023-01-25,7157.9091796875,8200.0,8300.0,8200.0,8300.0,66124500,BBCA.JK
2023-01-26,7397.96044921875,8475.0,8475.0,8225.0,8225.0,77582300,BBCA.JK
2023-01-27,7594.3671875,8700.0,8850.0,8550.0,8700.0,196804700,BBCA.JK
2023-01-30,7594.3671875,8700.0,8775.0,8575.0,8725.0,68544300,BBCA.JK
2023-01-31,7397.96044921875,8475.0,8675.0,8475.0,8625.0,200589000,BBCA.JK
2023-02-01,7419.7841796875,8500.0,8575.0,8450.0,8575.0,77396200,BBCA.JK
2023-02-02,7376.13818359375,8450.0,8525.0,8400.0,8425.0,99109500,BBCA.JK
2023-02-03,7594.3671875,8700.0,8700.0,8500.0,8550.0,71716700,BBCA.JK
2023-02-06,7616.189453125,8725.0,8750.0,8650.0,8750.0,117757700,BBCA.JK
2023-02-07,7725.3046875,8850.0,8850.0,8750.0,8775.0,116014700,BBCA.JK
2023-02-08,7703.48193359375,8825.0,8850.0,8800.0,8825.0,54495500,BBCA.JK
2023-02-09,7768.94921875,8900.0,8900.0,8800.0,8825.0,72381700,BBCA.JK
2023-02-10,7703.48193359375,8825.0,8900.0,8700.0,8875.0,62060900,BBCA.JK
2023-02-13,7747.126953125,8875.0,8900.0,8775.0,8875.0,63775000,BBCA.JK
2023-02-14,7812.59521484375,8950.0,8950.0,8825.0,8850.0,81678200,BBCA.JK
2023-02-15,7747.126953125,8875.0,8900.0,8750.0,8875.0,38037000,BBCA.JK
2023-02-16,7594.3671875,8700.0,8850.0,8700.0,8825.0,66040400,BBCA.JK
2023-02-17,7616.189453125,8725.0,8850.0,8725.0,8775.0,43588900,BBCA.JK
2023-02-20,7638.0126953125,8750.0,8825.0,8700.0,8725.0,40077000,BBCA.JK
2023-02-21,7594.3671875,8700.0,8800.0,8700.0,8775.0,25390500,BBCA.JK
2023-02-22,7572.5439453125,8675.0,8750.0,8625.0,8700.0,38671900,BBCA.JK
2023-02-23,7616.189453125,8725.0,8750.0,8625.0,8625.0,53412300,BBCA.JK
2023-02-24,7572.5439453125,8675.0,8850.0,8675.0,8775.0,44123400,BBCA.JK
2023-02-27,7659.83544921875,8775.0,8775.0,8650.0,8675.0,59983900,BBCA.JK
2023-02-28,7638.0126953125,8750.0,8775.0,8675.0,8775.0,106349400,BBCA.JK
2023-03-01,7507.07568359375,8600.0,8750.0,8600.0,8725.0,67034700,BBCA.JK
2023-03-02,7528.8974609375,8625.0,8700.0,8600.0,8600.0,56672000,BBCA.JK
2023-03-03,7397.96044921875,8475.0,8675.0,8475.0,8650.0,95376900,BBCA.JK
2023-03-06,7332.4921875,8400.0,8550.0,8400.0,8550.0,92652000,BBCA.JK
2023-03-07,7354.31494140625,8425.0,8475.0,8350.0,8350.0,106115600,BBCA.JK
2023-03-08,7485.2529296875,8575.0,8575.0,8400.0,8400.0,79350900,BBCA.JK
2023-03-09,7485.2529296875,8575.0,8650.0,8550.0,8650.0,54201400,BBCA.JK
2023-03-10,7376.13818359375,8450.0,8550.0,8450.0,8500.0,59580100,BBCA.JK
2023-03-13,7463.42919921875,8550.0,8625.0,8450.0,8450.0,82077700,BBCA.JK
2023-03-14,7267.02294921875,8325.0,8475.0,8325.0,8425.0,90495300,BBCA.JK
2023-03-15,7267.02294921875,8325.0,8475.0,8325.0,8450.0,86747400,BBCA.JK
2023-03-16,7245.2001953125,8300.0,8350.0,8250.0,8300.0,105894000,BBCA.JK
2023-03-17,7310.6689453125,8375.0,8450.0,8325.0,8375.0,198558600,BBCA.JK
2023-03-20,7332.4921875,8400.0,8475.0,8375.0,8400.0,37277900,BBCA.JK
2023-03-21,7419.7841796875,8500.0,8500.0,8375.0,8400.0,91617400,BBCA.JK
2023-03-24,7703.48193359375,8825.0,8825.0,8625.0,8700.0,145603600,BBCA.JK
2023-03-27,7594.3671875,8700.0,8825.0,8700.0,8825.0,110692800,BBCA.JK
2023-03-28,7572.5439453125,8675.0,8800.0,8675.0,8800.0,98296600,BBCA.JK
2023-03-29,7835.20068359375,8800.0,8800.0,8625.0,8675.0,101068200,BBCA.JK
2023-03-30,7857.46044921875,8825.0,8900.0,8800.0,8900.0,118912100,BBCA.JK
2023-03-31,7790.68359375,8750.0,8850.0,8725.0,8825.0,97146900,BBCA.JK
2023-04-03,7835.20068359375,8800.0,8825.0,8750.0,8825.0,60288900,BBCA.JK
2023-04-04,7812.94189453125,8775.0,8825.0,8650.0,8825.0,60975800,BBCA.JK
2023-04-05,7768.423828125,8725.0,8800.0,8725.0,8775.0,36922100,BBCA.JK
2023-04-06,7790.68359375,8750.0,8775.0,8700.0,8700.0,45489400,BBCA.JK
2023-04-10,7835.20068359375,8800.0,8800.0,8700.0,8725.0,32996000,BBCA.JK
2023-04-11,7857.46044921875,8825.0,8825.0,8750.0,8825.0,44554300,BBCA.JK
2023-04-12,7924.23681640625,8900.0,8900.0,8825.0,8900.0,91903600,BBCA.JK
2023-04-13,7946.49609375,8925.0,8950.0,8875.0,8950.0,51726500,BBCA.JK
2023-04-14,8013.2734375,9000.0,9000.0,8950.0,9000.0,110354200,BBCA.JK
2023-04-17,8035.53369140625,9025.0,9050.0,8900.0,9025.0,83946900,BBCA.JK
2023-04-18,8124.5693359375,9125.0,9175.0,9025.0,9050.0,91178700,BBCA.JK
2023-04-26,8191.34619140625,9200.0,9200.0,9000.0,9125.0,186928200,BBCA.JK
2023-04-27,8146.8291015625,9150.0,9175.0,9075.0,9100.0,54842400,BBCA.JK
2023-04-28,8057.7919921875,9050.0,9125.0,9050.0,9100.0,145775300,BBCA.JK
2023-05-02,8057.7919921875,9050.0,9100.0,8900.0,9100.0,83645900,BBCA.JK
2023-05-03,7946.49609375,8925.0,9050.0,8875.0,9050.0,83728800,BBCA.JK
2023-05-04,8013.2734375,9000.0,9025.0,8875.0,8925.0,67565000,BBCA.JK
2023-05-05,8013.2734375,9000.0,9050.0,8950.0,9000.0,64815100,BBCA.JK
2023-05-08,8013.2734375,9000.0,9075.0,8950.0,9000.0,84754500,BBCA.JK
2023-05-09,7946.49609375,8925.0,8975.0,8900.0,8950.0,40929600,BBCA.JK
2023-05-10,7946.49609375,8925.0,8950.0,8900.0,8925.0,45322600,BBCA.JK
2023-05-11,7857.46044921875,8825.0,8900.0,8800.0,8900.0,81993900,BBCA.JK
2023-05-12,7835.20068359375,8800.0,8875.0,8725.0,8750.0,96525600,BBCA.JK
2023-05-15,7812.94189453125,8775.0,8875.0,8725.0,8875.0,64830300,BBCA.JK
2023-05-16,7746.1650390625,8700.0,8825.0,8700.0,8800.0,49497000,BBCA.JK
2023-05-17,7812.94189453125,8775.0,8850.0,8750.0,8775.0,69996100,BBCA.JK
2023-05-19,8013.2734375,9000.0,9000.0,8825.0,8900.0,123592500,BBCA.JK
2023-05-22,8013.2734375,9000.0,9075.0,8925.0,9000.0,91000000,BBCA.JK
2023-05-23,8124.5693359375,9125.0,9150.0,9025.0,9050.0,102980500,BBCA.JK
2023-05-24,8035.53369140625,9025.0,9200.0,9025.0,9200.0,77392900,BBCA.JK
2023-05-25,8057.7919921875,9050.0,9150.0,9050.0,9100.0,76325700,BBCA.JK
2023-05-26,8146.8291015625,9150.0,9200.0,9100.0,9175.0,55675900,BBCA.JK
2023-05-29,8146.8291015625,9150.0,9250.0,9075.0,9250.0,79148200,BBCA.JK
2023-05-30,8235.8642578125,9250.0,9325.0,9150.0,9200.0,97189500,BBCA.JK
2023-05-31,8057.7919921875,9050.0,9325.0,9050.0,9300.0,722827900,BBCA.JK
2023-06-05,8191.34619140625,9200.0,9325.0,9100.0,9150.0,163535600,BBCA.JK
2023-06-06,8146.8291015625,9150.0,9200.0,9050.0,9050.0,74872200,BBCA.JK
2023-06-07,8102.31005859375,9100.0,9175.0,9075.0,9125.0,87492200,BBCA.JK
2023-06-08,8124.5693359375,9125.0,9125.0,9075.0,9075.0,53188400,BBCA.JK
2023-06-09,8102.31005859375,9100.0,9175.0,9100.0,9175.0,44632400,BBCA.JK
2023-06-12,8146.8291015625,9150.0,9150.0,9100.0,9150.0,38082300,BBCA.JK
2023-06-13,8146.8291015625,9150.0,9175.0,9100.0,9175.0,45552600,BBCA.JK
2023-06-14,8080.05126953125,9075.0,9125.0,9050.0,9100.0,72223700,BBCA.JK
2023-06-15,8057.7919921875,9050.0,9100.0,9050.0,9100.0,59073000,BBCA.JK
2023-06-16,8057.7919921875,9050.0,9100.0,8975.0,9100.0,112769400,BBCA.JK
2023-06-19,8013.2734375,9000.0,9050.0,9000.0,9000.0,32330600,BBCA.JK
2023-06-20,8057.7919921875,9050.0,9050.0,8950.0,9025.0,54990100,BBCA.JK
2023-06-21,8124.5693359375,9125.0,9125.0,9000.0,9050.0,42676300,BBCA.JK
2023-06-22,8057.7919921875,9050.0,9150.0,9050.0,9125.0,48291100,BBCA.JK
2023-06-23,8057.7919921875,9050.0,9150.0,9025.0,9025.0,47813500,BBCA.JK
2023-06-26,8080.05126953125,9075.0,9125.0,9025.0,9025.0,36389900,BBCA.JK
2023-06-27,8146.8291015625,9150.0,9150.0,9050.0,9050.0,36225100,BBCA.JK
2023-07-03,8080.05126953125,9075.0,9075.0,9025.0,9025.0,108855900,BBCA.JK
2023-07-04,8057.7919921875,9050.0,9150.0,9050.0,9150.0,35049300,BBCA.JK
2023-07-05,8057.7919921875,9050.0,9075.0,9025.0,9050.0,44609200,BBCA.JK
2023-07-06,8080.05126953125,9075.0,9100.0,9025.0,9050.0,52532400,BBCA.JK
2023-07-07,8035.53369140625,9025.0,9100.0,9025.0,9025.0,37641300,BBCA.JK
2023-07-10,8057.7919921875,9050.0,9100.0,9050.0,9100.0,28981500,BBCA.JK
2023-07-11,8035.53369140625,9025.0,9100.0,9025.0,9100.0,43703500,BBCA.JK
2023-07-12,8169.08837890625,9175.0,9175.0,9050.0,9075.0,61566500,BBCA.JK
2023-07-13,8124.5693359375,9125.0,9225.0,9125.0,9200.0,65230900,BBCA.JK
2023-07-14,8191.34619140625,9200.0,9200.0,9125.0,9175.0,55554500,BBCA.JK
2023-07-17,8169.08837890625,9175.0,9250.0,9175.0,9200.0,62550100,BBCA.JK
2023-07-18,8146.8291015625,9150.0,9250.0,9100.0,9200.0,52924600,BBCA.JK
2023-07-20,8146.8291015625,9150.0,9225.0,9125.0,9200.0,83476600,BBCA.JK
2023-07-21,8146.8291015625,9150.0,9175.0,9125.0,9150.0,42667800,BBCA.JK
2023-07-24,8102.31005859375,9100.0,9200.0,9100.0,9200.0,62061200,BBCA.JK
2023-07-25,8146.8291015625,9150.0,9300.0,9150.0,9175.0,122802700,BBCA.JK
2023-07-26,8324.9013671875,9350.0,9350.0,9125.0,9175.0,113868700,BBCA.JK
2023-07-27,8213.60546875,9225.0,9400.0,9225.0,9400.0,77848400,BBCA.JK
2023-07-28,8124.5693359375,9125.0,9225.0,9125.0,9200.0,74510200,BBCA.JK
2023-07-31,8124.5693359375,9125.0,9200.0,9100.0,9175.0,80868000,BBCA.JK
2023-08-01,8124.5693359375,9125.0,9175.0,9100.0,9175.0,49756400,BBCA.JK
2023-08-02,8191.34619140625,9200.0,9200.0,9125.0,9125.0,60629900,BBCA.JK
2023-08-03,8235.8642578125,9250.0,9300.0,9150.0,9150.0,64596100,BBCA.JK
2023-08-04,8146.8291015625,9150.0,9275.0,9125.0,9250.0,52675900,BBCA.JK
2023-08-07,8258.125,9275.0,9275.0,9150.0,9150.0,55589300,BBCA.JK
2023-08-08,8191.34619140625,9200.0,9300.0,9200.0,9275.0,43373400,BBCA.JK
2023-08-09,8369.41796875,9400.0,9400.0,9250.0,9275.0,77056800,BBCA.JK
2023-08-10,8369.41796875,9400.0,9425.0,9350.0,9400.0,76738100,BBCA.JK
2023-08-11,8369.41796875,9400.0,9450.0,9375.0,9425.0,68898600,BBCA.JK
2023-08-14,8324.9013671875,9350.0,9350.0,9225.0,9325.0,75495400,BBCA.JK
2023-08-15,8280.3828125,9300.0,9375.0,9300.0,9325.0,59303700,BBCA.JK
2023-08-16,8280.3828125,9300.0,9325.0,9250.0,9275.0,53440000,BBCA.JK
2023-08-18,8235.8642578125,9250.0,9350.0,9250.0,9250.0,79328900,BBCA.JK
2023-08-21,8169.08837890625,9175.0,9250.0,9175.0,9225.0,73573000,BBCA.JK
2023-08-22,8280.3828125,9300.0,9325.0,9150.0,9150.0,65664600,BBCA.JK
2023-08-23,8280.3828125,9300.0,9325.0,9275.0,9300.0,63749800,BBCA.JK
2023-08-24,8191.34619140625,9200.0,9325.0,9200.0,9250.0,53725900,BBCA.JK
2023-08-25,8258.125,9275.0,9275.0,9175.0,9200.0,50379000,BBCA.JK
2023-08-28,8191.34619140625,9200.0,9250.0,9200.0,9250.0,44423100,BBCA.JK
2023-08-29,8235.8642578125,9250.0,9300.0,9200.0,9275.0,45428500,BBCA.JK
2023-08-30,8191.34619140625,9200.0,9300.0,9200.0,9300.0,56227000,BBCA.JK
2023-08-31,8169.08837890625,9175.0,9225.0,9100.0,9200.0,136107200,BBCA.JK
2023-09-01,8213.60546875,9225.0,9275.0,9175.0,9200.0,42152700,BBCA.JK
2023-09-04,8213.60546875,9225.0,9275.0,9175.0,9225.0,40610600,BBCA.JK
2023-09-05,8213.60546875,9225.0,9250.0,9200.0,9250.0,42007200,BBCA.JK
2023-09-06,8146.8291015625,9150.0,9250.0,9150.0,9200.0,49318400,BBCA.JK
2023-09-07,8169.08837890625,9175.0,9175.0,9100.0,9125.0,61405200,BBCA.JK
2023-09-08,8124.5693359375,9125.0,9150.0,9050.0,9100.0,80732300,BBCA.JK
2023-09-11,8124.5693359375,9125.0,9125.0,9075.0,9075.0,53155900,BBCA.JK
2023-09-12,8102.31005859375,9100.0,9125.0,9075.0,9100.0,66479000,BBCA.JK
2023-09-13,8080.05126953125,9075.0,9075.0,9000.0,9050.0,69490200,BBCA.JK
2023-09-14,8102.31005859375,9100.0,9125.0,9000.0,9000.0,112757900,BBCA.JK
2023-09-15,8013.2734375,9000.0,9100.0,9000.0,9050.0,121005300,BBCA.JK
2023-09-18,8013.2734375,9000.0,9075.0,9000.0,9050.0,34272200,BBCA.JK
2023-09-19,8080.05126953125,9075.0,9075.0,8975.0,9000.0,33325800,BBCA.JK
2023-09-20,8146.8291015625,9150.0,9175.0,9075.0,9125.0,54305500,BBCA.JK
2023-09-21,8124.5693359375,9125.0,9150.0,9075.0,9125.0,40607000,BBCA.JK
2023-09-22,8080.05126953125,9075.0,9150.0,9075.0,9125.0,42445300,BBCA.JK
2023-09-25,8013.2734375,9000.0,9075.0,9000.0,9075.0,56132200,BBCA.JK
2023-09-26,7968.75537109375,8950.0,9025.0,8950.0,9000.0,73544700,BBCA.JK
2023-09-27,7901.97802734375,8875.0,9000.0,8875.0,8900.0,84345000,BBCA.JK
2023-09-29,7857.46044921875,8825.0,8900.0,8825.0,8825.0,118960000,BBCA.JK
2023-10-02,8080.05126953125,9075.0,9100.0,8875.0,8900.0,93663000,BBCA.JK
2023-10-03,8191.34619140625,9200.0,9200.0,9025.0,9075.0,98380200,BBCA.JK
2023-10-04,8191.34619140625,9200.0,9250.0,9125.0,9200.0,112582800,BBCA.JK
2023-10-05,8080.05126953125,9075.0,9200.0,9075.0,9200.0,72855700,BBCA.JK
2023-10-06,8035.53369140625,9025.0,9100.0,9025.0,9100.0,53344400,BBCA.JK
2023-10-09,8057.7919921875,9050.0,9125.0,9025.0,9025.0,43774500,BBCA.JK
2023-10-10,7946.49609375,8925.0,9000.0,8925.0,9000.0,71966100,BBCA.JK
2023-10-11,7946.49609375,8925.0,9025.0,8925.0,8925.0,84305800,BBCA.JK
2023-10-12,8057.7919921875,9050.0,9100.0,9000.0,9000.0,71064500,BBCA.JK
2023-10-13,8080.05126953125,9075.0,9125.0,9025.0,9100.0,62941800,BBCA.JK
2023-10-16,8102.31005859375,9100.0,9125.0,9050.0,9125.0,29429200,BBCA.JK
2023-10-17,7968.75537109375,8950.0,9075.0,8950.0,9050.0,59606000,BBCA.JK
2023-10-18,7879.71923828125,8850.0,8950.0,8850.0,8925.0,50919200,BBCA.JK
2023-10-19,7790.68359375,8750.0,8850.0,8750.0,8825.0,89509700,BBCA.JK
2023-10-20,7991.0146484375,8975.0,9025.0,8725.0,8725.0,64554500,BBCA.JK
2023-10-23,7879.71923828125,8850.0,8925.0,8850.0,8875.0,50633500,BBCA.JK
2023-10-24,7812.94189453125,8775.0,8875.0,8775.0,8775.0,76963200,BBCA.JK
2023-10-25,7901.97802734375,8875.0,8925.0,8825.0,8825.0,54748400,BBCA.JK
2023-10-26,7768.423828125,8725.0,8950.0,8725.0,8925.0,63199400,BBCA.JK
2023-10-27,7746.1650390625,8700.0,8800.0,8700.0,8725.0,52450700,BBCA.JK
2023-10-30,7879.71923828125,8850.0,8850.0,8700.0,8700.0,51958200,BBCA.JK
2023-10-31,7790.68359375,8750.0,8825.0,8725.0,8800.0,64907600,BBCA.JK
2023-11-01,7657.12841796875,8600.0,8775.0,8600.0,8750.0,67027600,BBCA.JK
2023-11-02,7879.71923828125,8850.0,8900.0,8725.0,8725.0,56050900,BBCA.JK
2023-11-03,7924.23681640625,8900.0,8950.0,8850.0,8925.0,60414100,BBCA.JK
2023-11-06,8057.7919921875,9050.0,9050.0,8950.0,8975.0,84994200,BBCA.JK
2023-11-07,7991.0146484375,8975.0,9025.0,8900.0,9000.0,60648200,BBCA.JK
2023-11-08,8013.2734375,9000.0,9000.0,8900.0,8950.0,31829300,BBCA.JK
2023-11-09,8013.2734375,9000.0,9050.0,8900.0,8900.0,46076800,BBCA.JK
2023-11-10,7857.46044921875,8825.0,9000.0,8825.0,8950.0,50754600,BBCA.JK
2023-11-13,7901.97802734375,8875.0,8925.0,8850.0,8875.0,20827700,BBCA.JK
2023-11-14,7946.49609375,8925.0,8950.0,8875.0,8900.0,37195700,BBCA.JK
2023-11-15,8057.7919921875,9050.0,9050.0,8950.0,8975.0,84977900,BBCA.JK
2023-11-16,8080.05126953125,9075.0,9075.0,8950.0,9050.0,48714300,BBCA.JK
2023-11-17,8080.05126953125,9075.0,9075.0,8975.0,9025.0,57050500,BBCA.JK
2023-11-20,7901.97802734375,8875.0,9025.0,8875.0,8975.0,49216000,BBCA.JK
2023-11-21,7812.94189453125,8775.0,8900.0,8775.0,8825.0,107614800,BBCA.JK
2023-11-22,7901.97802734375,8875.0,8875.0,8775.0,8775.0,40364800,BBCA.JK
2023-11-23,7946.49609375,8925.0,8975.0,8850.0,8850.0,55542100,BBCA.JK
2023-11-24,7946.49609375,8925.0,8975.0,8900.0,8925.0,43631900,BBCA.JK
2023-11-27,7901.97802734375,8875.0,8950.0,8875.0,8900.0,35679000,BBCA.JK
2023-11-28,7901.97802734375,8875.0,8950.0,8850.0,8875.0,69070600,BBCA.JK
2023-11-29,7924.23681640625,8900.0,8950.0,8900.0,8900.0,54715600,BBCA.JK
2023-11-30,7991.0146484375,8975.0,8975.0,8900.0,8925.0,205312100,BBCA.JK
2023-12-01,7968.75537109375,8950.0,8975.0,8900.0,8925.0,80566400,BBCA.JK
2023-12-04,7984.41064453125,8925.0,9025.0,8925.0,8950.0,54747400,BBCA.JK
2023-12-05,7962.04541015625,8900.0,8950.0,8825.0,8950.0,94363900,BBCA.JK
2023-12-06,7872.58447265625,8800.0,8950.0,8800.0,8850.0,81852800,BBCA.JK
2023-12-07,7894.9501953125,8825.0,8825.0,8725.0,8750.0,91322500,BBCA.JK
2023-12-08,7827.8544921875,8750.0,8850.0,8750.0,8800.0,43891600,BBCA.JK
2023-12-11,7827.8544921875,8750.0,8775.0,8675.0,8675.0,78642800,BBCA.JK
2023-12-12,7783.12353515625,8700.0,8750.0,8700.0,8700.0,87589300,BBCA.JK
2023-12-13,7760.75830078125,8675.0,8750.0,8675.0,8700.0,51560500,BBCA.JK
2023-12-14,8096.2373046875,9050.0,9050.0,8750.0,8775.0,115332800,BBCA.JK
2023-12-15,8252.794921875,9225.0,9225.0,9075.0,9125.0,275013500,BBCA.JK
2023-12-18,8230.4287109375,9200.0,9225.0,9150.0,9200.0,111712200,BBCA.JK
2023-12-19,8275.16015625,9250.0,9250.0,9125.0,9125.0,65174500,BBCA.JK
2023-12-20,8319.890625,9300.0,9300.0,9225.0,9250.0,72938100,BBCA.JK
2023-12-21,8342.2548828125,9325.0,9325.0,9250.0,9300.0,88116700,BBCA.JK
2023-12-22,8342.2548828125,9325.0,9350.0,9275.0,9275.0,64449600,BBCA.JK
2023-12-27,8386.986328125,9375.0,9400.0,9325.0,9375.0,64464700,BBCA.JK
2023-12-28,8409.3505859375,9400.0,9425.0,9325.0,9325.0,70184600,BBCA.JK
2023-12-29,8409.3505859375,9400.0,9450.0,9350.0,9425.0,79903400,BBCA.JK
2024-01-02,8431.7177734375,9425.0,9425.0,9350.0,9400.0,30545200,BBCA.JK
2024-01-03,8364.62109375,9350.0,9425.0,9325.0,9425.0,34603300,BBCA.JK
2024-01-04,8476.4482421875,9475.0,9475.0,9375.0,9400.0,56501800,BBCA.JK
2024-01-05,8565.9091796875,9575.0,9600.0,9475.0,9500.0,85290100,BBCA.JK
2024-01-08,8565.9091796875,9575.0,9625.0,9475.0,9600.0,50896000,BBCA.JK
2024-01-09,8610.6396484375,9625.0,9625.0,9575.0,9600.0,59848600,BBCA.JK
2024-01-10,8543.544921875,9550.0,9650.0,9550.0,9650.0,52774900,BBCA.JK
2024-01-11,8565.9091796875,9575.0,9650.0,9575.0,9625.0,39381500,BBCA.JK
2024-01-12,8677.7353515625,9700.0,9700.0,9600.0,9650.0,68253400,BBCA.JK
2024-01-15,8700.1005859375,9725.0,9750.0,9650.0,9750.0,88399500,BBCA.JK
2024-01-16,8677.7353515625,9700.0,9750.0,9675.0,9700.0,44869200,BBCA.JK
2024-01-17,8722.4658203125,9750.0,9750.0,9650.0,9750.0,107706100,BBCA.JK
2024-01-18,8655.37109375,9675.0,9750.0,9625.0,9675.0,71048900,BBCA.JK
2024-01-19,8610.6396484375,9625.0,9775.0,9600.0,9775.0,63176500,BBCA.JK
2024-01-22,8610.6396484375,9625.0,9650.0,9525.0,9600.0,52868300,BBCA.JK
2024-01-23,8588.2734375,9600.0,9600.0,9450.0,9450.0,92348600,BBCA.JK
2024-01-24,8521.1787109375,9525.0,9600.0,9475.0,9600.0,84906000,BBCA.JK
2024-01-25,8498.8125,9500.0,9575.0,9450.0,9450.0,63212700,BBCA.JK
2024-01-26,8364.62109375,9350.0,9450.0,9300.0,9400.0,78977300,BBCA.JK
2024-01-29,8543.544921875,9550.0,9550.0,9375.0,9400.0,73452800,BBCA.JK
2024-01-30,8633.0048828125,9650.0,9650.0,9475.0,9500.0,73136400,BBCA.JK
2024-01-31,8543.544921875,9550.0,9700.0,9550.0,9700.0,102581200,BBCA.JK
2024-02-01,8677.7353515625,9700.0,9725.0,9575.0,9650.0,104208700,BBCA.JK
2024-02-02,8677.7353515625,9700.0,9800.0,9625.0,9775.0,99324000,BBCA.JK
2024-02-05,8565.9091796875,9575.0,9675.0,9525.0,9675.0,57983300,BBCA.JK
2024-02-06,8610.6396484375,9625.0,9750.0,9625.0,9750.0,87651000,BBCA.JK
2024-02-07,8677.7353515625,9700.0,9725.0,9650.0,9700.0,92953500,BBCA.JK
2024-02-12,8767.197265625,9800.0,9800.0,9700.0,9750.0,87949400,BBCA.JK
2024-02-13,8700.1005859375,9725.0,9800.0,9700.0,9750.0,66072400,BBCA.JK
2024-02-15,8811.9267578125,9850.0,9975.0,9850.0,9950.0,164748900,BBCA.JK
2024-02-16,8901.3876953125,9950.0,10000.0,9875.0,9975.0,142277200,BBCA.JK
2024-02-19,8834.29296875,9875.0,9975.0,9825.0,9900.0,53341300,BBCA.JK
2024-02-20,8968.484375,10025.0,10025.0,9850.0,9850.0,63997700,BBCA.JK
2024-02-21,8923.7529296875,9975.0,10000.0,9850.0,9950.0,75371600,BBCA.JK
2024-02-22,8834.29296875,9875.0,9975.0,9875.0,9975.0,66913000,BBCA.JK
2024-02-23,8789.5615234375,9825.0,9925.0,9800.0,9900.0,55192300,BBCA.JK
2024-02-26,8767.197265625,9800.0,9875.0,9725.0,9750.0,41356000,BBCA.JK
2024-02-27,8834.29296875,9875.0,9900.0,9750.0,9750.0,43735800,BBCA.JK
2024-02-28,8946.1201171875,10000.0,10000.0,9900.0,9975.0,54043100,BBCA.JK
2024-02-29,8834.29296875,9875.0,10000.0,9850.0,10000.0,126671200,BBCA.JK
2024-03-01,8789.5615234375,9825.0,9925.0,9800.0,9900.0,51520600,BBCA.JK
2024-03-04,8722.4658203125,9750.0,9825.0,9750.0,9800.0,43822900,BBCA.JK
2024-03-05,8767.197265625,9800.0,9900.0,9775.0,9900.0,61952900,BBCA.JK
2024-03-06,8901.3876953125,9950.0,10000.0,9775.0,9900.0,70242200,BBCA.JK
2024-03-07,9057.9462890625,10125.0,10175.0,10000.0,10050.0,118369300,BBCA.JK
2024-03-08,9080.3125,10150.0,10300.0,10125.0,10250.0,100947200,BBCA.JK
2024-03-13,8946.1201171875,10000.0,10400.0,10000.0,10400.0,141622600,BBCA.JK
2024-03-14,9236.8671875,10325.0,10325.0,10025.0,10050.0,110681100,BBCA.JK
2024-03-15,9080.3125,10150.0,10300.0,10050.0,10200.0,154176800,BBCA.JK
2024-03-18,9080.3125,10150.0,10275.0,10150.0,10175.0,62444100,BBCA.JK
2024-03-19,9102.6748046875,10175.0,10250.0,10150.0,10150.0,55004800,BBCA.JK
2024-03-20,9057.9462890625,10125.0,10150.0,10075.0,10100.0,66269700,BBCA.JK
2024-03-21,9057.9462890625,10125.0,10225.0,10050.0,10175.0,90279400,BBCA.JK
2024-03-22,9035.5810546875,10100.0,10125.0,9950.0,10000.0,91968200,BBCA.JK
2024-03-25,9220.9140625,10075.0,10075.0,9925.0,10075.0,66971000,BBCA.JK
2024-03-26,9198.0322265625,10050.0,10050.0,9950.0,10050.0,65742700,BBCA.JK
2024-03-27,9220.9140625,10075.0,10075.0,10000.0,10025.0,39514100,BBCA.JK
2024-03-28,9220.9140625,10075.0,10100.0,9975.0,10025.0,79229700,BBCA.JK
2024-04-01,9014.9873046875,9850.0,10100.0,9825.0,10075.0,79248700,BBCA.JK
2024-04-02,9060.7490234375,9900.0,9950.0,9800.0,9925.0,76763100,BBCA.JK
2024-04-03,8717.5390625,9525.0,9800.0,9525.0,9750.0,177418400,BBCA.JK
2024-04-04,9014.9873046875,9850.0,9850.0,9575.0,9575.0,75993500,BBCA.JK
2024-04-05,8992.107421875,9825.0,9950.0,9825.0,9950.0,70428600,BBCA.JK
2024-04-16,8671.77734375,9475.0,9575.0,9250.0,9350.0,283265900,BBCA.JK
2024-04-17,8717.5390625,9525.0,9675.0,9525.0,9550.0,95620700,BBCA.JK
2024-04-18,8671.77734375,9475.0,9575.0,9450.0,9525.0,127134000,BBCA.JK
2024-04-19,8671.77734375,9475.0,9500.0,9300.0,9350.0,147784300,BBCA.JK
2024-04-22,8557.373046875,9350.0,9425.0,9350.0,9400.0,128908000,BBCA.JK
2024-04-23,8900.583984375,9725.0,9775.0,9400.0,9400.0,178833000,BBCA.JK
2024-04-24,9106.5107421875,9950.0,9950.0,9750.0,9825.0,132832700,BBCA.JK
2024-04-25,8946.345703125,9775.0,10000.0,9700.0,10000.0,104874100,BBCA.JK
2024-04-26,8809.0615234375,9625.0,9825.0,9625.0,9700.0,100932900,BBCA.JK
2024-04-29,8969.2275390625,9800.0,9850.0,9525.0,9525.0,90063500,BBCA.JK
2024-04-30,8969.2275390625,9800.0,10050.0,9800.0,10050.0,109623000,BBCA.JK
2024-05-02,8740.4189453125,9550.0,9900.0,9500.0,9900.0,97079400,BBCA.JK
2024-05-03,9014.9873046875,9850.0,9850.0,9675.0,9750.0,81200400,BBCA.JK
2024-05-06,8969.2275390625,9800.0,9875.0,9775.0,9850.0,53076200,BBCA.JK
2024-05-07,8877.7041015625,9700.0,9750.0,9625.0,9700.0,66746800,BBCA.JK
2024-05-08,8580.25390625,9375.0,9700.0,9375.0,9600.0,112808900,BBCA.JK
2024-05-13,8717.5390625,9525.0,9525.0,9200.0,9200.0,145469900,BBCA.JK
2024-05-14,8740.4189453125,9550.0,9675.0,9525.0,9625.0,95363500,BBCA.JK
2024-05-15,8694.658203125,9500.0,9600.0,9425.0,9500.0,54741900,BBCA.JK
2024-05-16,8786.181640625,9600.0,9675.0,9525.0,9575.0,61126000,BBCA.JK
2024-05-17,8923.46484375,9750.0,9850.0,9575.0,9600.0,99848500,BBCA.JK
2024-05-20,8671.77734375,9475.0,9800.0,9475.0,9700.0,87890100,BBCA.JK
2024-05-21,8580.25390625,9375.0,9575.0,9375.0,9450.0,75311400,BBCA.JK
2024-05-22,8626.017578125,9425.0,9575.0,9325.0,9475.0,121712700,BBCA.JK
2024-05-27,8511.61328125,9300.0,9375.0,9275.0,9300.0,128578500,BBCA.JK
2024-05-28,8511.61328125,9300.0,9400.0,9300.0,9300.0,73945700,BBCA.JK
2024-05-29,8374.330078125,9150.0,9325.0,9150.0,9275.0,117351600,BBCA.JK
2024-05-30,8237.0439453125,9000.0,9250.0,8775.0,9000.0,207115100,BBCA.JK
2024-05-31,8465.8515625,9250.0,9250.0,9025.0,9100.0,756431600,BBCA.JK
2024-06-03,8488.732421875,9275.0,9350.0,9225.0,9350.0,72197700,BBCA.JK
2024-06-04,8557.373046875,9350.0,9525.0,9350.0,9525.0,75353100,BBCA.JK
2024-06-05,8648.896484375,9450.0,9500.0,9300.0,9500.0,82087300,BBCA.JK
2024-06-06,8671.77734375,9475.0,9525.0,9450.0,9525.0,44991300,BBCA.JK
2024-06-07,8534.4931640625,9325.0,9500.0,9325.0,9500.0,51599800,BBCA.JK
2024-06-10,8717.5390625,9525.0,9525.0,9450.0,9500.0,45584700,BBCA.JK
2024-06-11,8511.61328125,9300.0,9550.0,9300.0,9550.0,68690900,BBCA.JK
2024-06-12,8465.8515625,9250.0,9325.0,9250.0,9300.0,49785700,BBCA.JK
2024-06-13,8420.0888671875,9200.0,9475.0,9200.0,9475.0,84652200,BBCA.JK
2024-06-14,8420.0888671875,9200.0,9250.0,9100.0,9200.0,52986300,BBCA.JK
2024-06-19,8282.806640625,9050.0,9250.0,9050.0,9250.0,100051000,BBCA.JK
2024-06-20,8626.017578125,9425.0,9425.0,9100.0,9150.0,81474800,BBCA.JK
2024-06-21,8786.181640625,9600.0,9675.0,9400.0,9475.0,166841200,BBCA.JK
2024-06-24,8786.181640625,9600.0,9750.0,9575.0,9600.0,79592300,BBCA.JK
2024-06-25,8786.181640625,9600.0,9600.0,9450.0,9600.0,80029000,BBCA.JK
2024-06-26,8694.658203125,9500.0,9650.0,9450.0,9525.0,77913200,BBCA.JK
2024-06-27,8923.46484375,9750.0,9750.0,9550.0,9575.0,89150700,BBCA.JK
2024-06-28,9083.62890625,9925.0,9975.0,9775.0,9800.0,166172300,BBCA.JK
2024-07-01,9037.869140625,9875.0,9900.0,9825.0,9850.0,68634600,BBCA.JK
2024-07-02,9060.7490234375,9900.0,10000.0,9850.0,10000.0,78848500,BBCA.JK
2024-07-03,9152.2724609375,10000.0,10000.0,9925.0,9975.0,55860200,BBCA.JK
2024-07-04,8992.107421875,9825.0,10000.0,9825.0,9975.0,67054000,BBCA.JK
2024-07-05,9106.5107421875,9950.0,9975.0,9875.0,9925.0,36946900,BBCA.JK
2024-07-08,9198.0322265625,10050.0,10050.0,9950.0,10000.0,72903600,BBCA.JK
2024-07-09,9220.9140625,10075.0,10150.0,10075.0,10100.0,61853200,BBCA.JK
2024-07-10,9243.794921875,10100.0,10225.0,10050.0,10175.0,62325900,BBCA.JK
2024-07-11,9220.9140625,10075.0,10125.0,10000.0,10000.0,55908400,BBCA.JK
2024-07-12,9220.9140625,10075.0,10100.0,10025.0,10050.0,62646500,BBCA.JK
2024-07-15,9198.0322265625,10050.0,10075.0,9950.0,10050.0,36682600,BBCA.JK
2024-07-16,9106.5107421875,9950.0,10025.0,9950.0,9975.0,37192700,BBCA.JK
2024-07-17,8969.2275390625,9800.0,9950.0,9800.0,9900.0,90666000,BBCA.JK
2024-07-18,9243.794921875,10100.0,10100.0,9800.0,9800.0,65383200,BBCA.JK
2024-07-19,9266.6748046875,10125.0,10125.0,9975.0,10050.0,53880300,BBCA.JK
2024-07-22,9243.794921875,10100.0,10150.0,10100.0,10125.0,31285300,BBCA.JK
2024-07-23,9312.4365234375,10175.0,10200.0,10125.0,10200.0,39321100,BBCA.JK
2024-07-24,9220.9140625,10075.0,10175.0,10075.0,10125.0,24658000,BBCA.JK
2024-07-25,9426.83984375,10300.0,10300.0,10200.0,10225.0,98088100,BBCA.JK
2024-07-26,9449.7197265625,10325.0,10400.0,10300.0,10375.0,75565800,BBCA.JK
2024-07-29,9381.078125,10250.0,10425.0,10175.0,10400.0,69092500,BBCA.JK
2024-07-30,9312.4365234375,10175.0,10300.0,10175.0,10300.0,32122900,BBCA.JK
2024-07-31,9403.9609375,10275.0,10350.0,10225.0,10350.0,82519900,BBCA.JK
2024-08-01,9495.4814453125,10375.0,10375.0,10200.0,10200.0,61176200,BBCA.JK
2024-08-02,9335.3173828125,10200.0,10350.0,10200.0,10275.0,55699900,BBCA.JK
2024-08-05,9037.869140625,9875.0,10150.0,9875.0,10000.0,126328300,BBCA.JK
2024-08-06,9152.2724609375,10000.0,10075.0,9950.0,10075.0,78473900,BBCA.JK
2024-08-07,9243.794921875,10100.0,10100.0,10000.0,10000.0,52327400,BBCA.JK
2024-08-08,9358.197265625,10225.0,10225.0,10075.0,10150.0,54162100,BBCA.JK
2024-08-09,9289.556640625,10150.0,10250.0,10100.0,10225.0,47062400,BBCA.JK
2024-08-12,9335.3173828125,10200.0,10200.0,10075.0,10100.0,40364100,BBCA.JK
2024-08-13,9426.83984375,10300.0,10300.0,10175.0,10250.0,55207100,BBCA.JK
2024-08-14,9335.3173828125,10200.0,10300.0,10200.0,10300.0,47999100,BBCA.JK
2024-08-15,9358.197265625,10225.0,10300.0,10175.0,10200.0,33396600,BBCA.JK
2024-08-16,9449.7197265625,10325.0,10325.0,10250.0,10300.0,40731400,BBCA.JK
2024-08-19,9495.4814453125,10375.0,10425.0,10275.0,10325.0,51054400,BBCA.JK
2024-08-20,9541.2431640625,10425.0,10450.0,10300.0,10325.0,60304400,BBCA.JK
2024-08-21,9541.2431640625,10425.0,10500.0,10425.0,10500.0,84848800,BBCA.JK
2024-08-22,9449.7197265625,10325.0,10400.0,10225.0,10350.0,56611600,BBCA.JK
2024-08-23,9449.7197265625,10325.0,10375.0,10300.0,10325.0,46651600,BBCA.JK
2024-08-26,9449.7197265625,10325.0,10375.0,10250.0,10275.0,35145600,BBCA.JK
2024-08-27,9335.3173828125,10200.0,10300.0,10175.0,10275.0,60448400,BBCA.JK
2024-08-28,9472.6015625,10350.0,10350.0,10250.0,10300.0,38489900,BBCA.JK
2024-08-29,9358.197265625,10225.0,10500.0,10225.0,10500.0,53004700,BBCA.JK
2024-08-30,9449.7197265625,10325.0,10325.0,10200.0,10325.0,158403700,BBCA.JK
2024-09-02,9403.9609375,10275.0,10375.0,10200.0,10375.0,72008600,BBCA.JK
2024-09-03,9312.4365234375,10175.0,10325.0,10150.0,10325.0,50950200,BBCA.JK
2024-09-04,9426.83984375,10300.0,10300.0,10125.0,10150.0,44817000,BBCA.JK
2024-09-05,9381.078125,10250.0,10350.0,10250.0,10350.0,39332900,BBCA.JK
2024-09-06,9426.83984375,10300.0,10300.0,10225.0,10225.0,31541800,BBCA.JK
2024-09-09,9403.9609375,10275.0,10350.0,10200.0,10300.0,36185100,BBCA.JK
2024-09-10,9472.6015625,10350.0,10350.0,10275.0,10350.0,55093100,BBCA.JK
2024-09-11,9541.2431640625,10425.0,10425.0,10350.0,10425.0,64621300,BBCA.JK
2024-09-12,9587.0048828125,10475.0,10500.0,10375.0,10450.0,70759100,BBCA.JK
2024-09-13,9541.2431640625,10425.0,10425.0,10325.0,10400.0,70057100,BBCA.JK
2024-09-17,9609.884765625,10500.0,10500.0,10350.0,10450.0,89745000,BBCA.JK
2024-09-18,9724.2890625,10625.0,10625.0,10450.0,10500.0,65420200,BBCA.JK
2024-09-19,9975.9755859375,10900.0,10900.0,10650.0,10700.0,140886600,BBCA.JK
2024-09-20,9861.572265625,10775.0,10900.0,10775.0,10900.0,142194600,BBCA.JK
2024-09-23,10021.7373046875,10950.0,10950.0,10725.0,10725.0,72553800,BBCA.JK
2024-09-24,9884.4541015625,10800.0,10950.0,10775.0,10775.0,105191100,BBCA.JK
2024-09-25,9930.21484375,10850.0,10850.0,10525.0,10675.0,158369100,BBCA.JK
2024-09-26,9792.9306640625,10700.0,10875.0,10675.0,10875.0,84960100,BBCA.JK
2024-09-27,9747.169921875,10650.0,10750.0,10400.0,10500.0,93027400,BBCA.JK
2024-09-30,9449.7197265625,10325.0,10550.0,10325.0,10475.0,144692100,BBCA.JK
2024-10-01,9655.6474609375,10550.0,10550.0,10375.0,10400.0,59797700,BBCA.JK
2024-10-02,9609.884765625,10500.0,10550.0,10325.0,10325.0,86746200,BBCA.JK
2024-10-03,9564.1240234375,10450.0,10525.0,10400.0,10450.0,60887000,BBCA.JK
2024-10-04,9587.0048828125,10475.0,10475.0,10350.0,10400.0,58500400,BBCA.JK
2024-10-07,9426.83984375,10300.0,10375.0,10250.0,10350.0,91867900,BBCA.JK
2024-10-08,9518.36328125,10400.0,10500.0,10150.0,10200.0,99622900,BBCA.JK
2024-10-09,9541.2431640625,10425.0,10525.0,10400.0,10400.0,56835200,BBCA.JK
2024-10-10,9609.884765625,10500.0,10500.0,10400.0,10425.0,51080000,BBCA.JK
2024-10-11,9495.4814453125,10375.0,10575.0,10375.0,10575.0,44632100,BBCA.JK
2024-10-14,9609.884765625,10500.0,10500.0,10375.0,10375.0,31738600,BBCA.JK
2024-10-15,9724.2890625,10625.0,10625.0,10450.0,10550.0,66635200,BBCA.JK
2024-10-16,9587.0048828125,10475.0,10725.0,10475.0,10700.0,63255900,BBCA.JK
2024-10-17,9815.8115234375,10725.0,10800.0,10500.0,10550.0,66993300,BBCA.JK
2024-10-18,9838.69140625,10750.0,10875.0,10725.0,10875.0,56299600,BBCA.JK
2024-10-21,9770.05078125,10675.0,10850.0,10675.0,10850.0,36472500,BBCA.JK
2024-10-22,9609.884765625,10500.0,10600.0,10475.0,10475.0,94799500,BBCA.JK
2024-10-23,9747.169921875,10650.0,10650.0,10475.0,10475.0,48903000,BBCA.JK
2024-10-24,9792.9306640625,10700.0,10850.0,10700.0,10725.0,85341200,BBCA.JK
2024-10-25,9838.69140625,10750.0,10750.0,10625.0,10650.0,34847500,BBCA.JK
2024-10-28,9701.4072265625,10600.0,10825.0,10600.0,10825.0,39061500,BBCA.JK
2024-10-29,9609.884765625,10500.0,10575.0,10500.0,10525.0,49680100,BBCA.JK
2024-10-30,9472.6015625,10350.0,10400.0,10275.0,10275.0,114484100,BBCA.JK
2024-10-31,9381.078125,10250.0,10475.0,10250.0,10325.0,97553400,BBCA.JK
2024-11-01,9541.2431640625,10425.0,10425.0,10275.0,10275.0,47710000,BBCA.JK
2024-11-04,9495.4814453125,10375.0,10500.0,10300.0,10425.0,49275700,BBCA.JK
2024-11-05,9609.884765625,10500.0,10575.0,10300.0,10300.0,50296500,BBCA.JK
2024-11-06,9564.1240234375,10450.0,10500.0,10375.0,10475.0,50324900,BBCA.JK
2024-11-07,9312.4365234375,10175.0,10450.0,10175.0,10325.0,131579100,BBCA.JK
2024-11-08,9220.9140625,10075.0,10225.0,10050.0,10200.0,92166100,BBCA.JK
2024-11-11,9198.0322265625,10050.0,10050.0,9800.0,9800.0,128707600,BBCA.JK
2024-11-12,9289.556640625,10150.0,10225.0,10000.0,10100.0,80378500,BBCA.JK
2024-11-13,9289.556640625,10150.0,10250.0,10150.0,10225.0,62933100,BBCA.JK
2024-11-14,9243.794921875,10100.0,10175.0,10050.0,10125.0,56381400,BBCA.JK
2024-11-15,9312.4365234375,10175.0,10275.0,10050.0,10050.0,63598200,BBCA.JK
2024-11-18,9152.2724609375,10000.0,10125.0,10000.0,10075.0,65716200,BBCA.JK
2024-11-19,9083.62890625,9925.0,10025.0,9900.0,9900.0,85295300,BBCA.JK
2024-11-20,9220.9140625,10075.0,10150.0,10000.0,10025.0,58584400,BBCA.JK
2024-11-21,9059.9501953125,9850.0,10000.0,9850.0,10000.0,93181200,BBCA.JK
2024-11-22,9059.9501953125,9850.0,9950.0,9850.0,9925.0,58396100,BBCA.JK
2024-11-25,9358.8828125,10175.0,10200.0,9900.0,9950.0,165369400,BBCA.JK
2024-11-26,9197.919921875,10000.0,10250.0,10000.0,10250.0,62310100,BBCA.JK
2024-11-28,9197.919921875,10000.0,10075.0,9925.0,9975.0,57443500,BBCA.JK
2024-11-29,9197.919921875,10000.0,10100.0,9950.0,10000.0,76886000,BBCA.JK
2024-12-02,8967.970703125,9750.0,10050.0,9750.0,10000.0,87879600,BBCA.JK
2024-12-03,9381.8779296875,10200.0,10225.0,9900.0,10025.0,126087100,BBCA.JK
2024-12-04,9381.8779296875,10200.0,10250.0,10050.0,10175.0,97876300,BBCA.JK
2024-12-05,9427.8671875,10250.0,10350.0,10225.0,10250.0,96904400,BBCA.JK
2024-12-06,9266.904296875,10075.0,10175.0,10050.0,10100.0,68247200,BBCA.JK
2024-12-09,9519.8466796875,10350.0,10350.0,10000.0,10025.0,64458400,BBCA.JK
2024-12-10,9519.8466796875,10350.0,10350.0,10275.0,10325.0,61230400,BBCA.JK
2024-12-11,9588.8310546875,10425.0,10425.0,10225.0,10225.0,37934300,BBCA.JK
2024-12-12,9358.8828125,10175.0,10375.0,10175.0,10300.0,44780100,BBCA.JK
2024-12-13,9243.908203125,10050.0,10225.0,10025.0,10125.0,75126400,BBCA.JK
2024-12-16,9289.8984375,10100.0,10125.0,10000.0,10000.0,57746100,BBCA.JK
2024-12-17,9105.9404296875,9900.0,10050.0,9900.0,9950.0,99845900,BBCA.JK
2024-12-18,9013.9619140625,9800.0,10025.0,9800.0,9900.0,84868500,BBCA.JK
2024-12-19,8898.9873046875,9675.0,9775.0,9550.0,9700.0,104254100,BBCA.JK
2024-12-20,8875.9912109375,9650.0,9750.0,9625.0,9650.0,91576900,BBCA.JK
2024-12-23,8990.9658203125,9775.0,9850.0,9700.0,9700.0,43292100,BBCA.JK
2024-12-24,8967.970703125,9750.0,9900.0,9750.0,9850.0,32415700,BBCA.JK
2024-12-27,9013.9619140625,9800.0,9825.0,9725.0,9800.0,24016700,BBCA.JK
2024-12-30,8898.9873046875,9675.0,9825.0,9675.0,9800.0,56350100,BBCA.JK
2025-01-02,9105.9404296875,9900.0,9900.0,9650.0,9650.0,38124800,BBCA.JK
2025-01-03,9059.9501953125,9850.0,9925.0,9825.0,9850.0,41916000,BBCA.JK
2025-01-06,8898.9873046875,9675.0,9875.0,9650.0,9850.0,41593900,BBCA.JK
2025-01-07,8761.0185546875,9525.0,9725.0,9525.0,9675.0,71318600,BBCA.JK
2025-01-08,8898.9873046875,9675.0,9775.0,9575.0,9675.0,55943100,BBCA.JK
2025-01-09,9059.9501953125,9850.0,9875.0,9725.0,9750.0,42733800,BBCA.JK
2025-01-10,8944.9765625,9725.0,9925.0,9725.0,9800.0,72531300,BBCA.JK
2025-01-13,8898.9873046875,9675.0,9725.0,9625.0,9625.0,88270100,BBCA.JK
2025-01-14,8761.0185546875,9525.0,9725.0,9525.0,9600.0,70942600,BBCA.JK
2025-01-15,9013.9619140625,9800.0,9800.0,9550.0,9575.0,77098000,BBCA.JK
2025-01-16,8967.970703125,9750.0,9925.0,9750.0,9850.0,76979000,BBCA.JK
2025-01-17,9105.9404296875,9900.0,9900.0,9650.0,9750.0,71033100,BBCA.JK
2025-01-20,8852.9970703125,9625.0,9875.0,9625.0,9850.0,112111200,BBCA.JK
2025-01-21,8807.0078125,9575.0,9675.0,9550.0,9600.0,124547900,BBCA.JK
2025-01-22,8830.0029296875,9600.0,9675.0,9575.0,9650.0,90154800,BBCA.JK
2025-01-23,8830.0029296875,9600.0,9750.0,9600.0,9600.0,120515400,BBCA.JK
2025-01-24,8600.0537109375,9350.0,9650.0,9350.0,9625.0,152057000,BBCA.JK
2025-01-30,8416.09765625,9150.0,9275.0,9150.0,9150.0,154645800,BBCA.JK
2025-01-31,8692.033203125,9450.0,9500.0,9225.0,9250.0,112982800,BBCA.JK
2025-02-03,8600.0537109375,9350.0,9400.0,9225.0,9400.0,90439900,BBCA.JK
2025-02-04,8439.0908203125,9175.0,9400.0,9175.0,9350.0,94607700,BBCA.JK
2025-02-05,8393.1015625,9125.0,9175.0,9100.0,9100.0,98229900,BBCA.JK
2025-02-06,8232.138671875,8950.0,9100.0,8850.0,9075.0,171477800,BBCA.JK
2025-02-07,8600.0537109375,9350.0,9350.0,8825.0,8950.0,131162200,BBCA.JK
2025-02-10,8416.09765625,9150.0,9250.0,9025.0,9025.0,76209100,BBCA.JK
2025-02-11,8347.111328125,9075.0,9100.0,9000.0,9025.0,71188300,BBCA.JK
2025-02-12,8416.09765625,9150.0,9150.0,8950.0,8950.0,121172600,BBCA.JK
2025-02-13,8278.126953125,9000.0,9150.0,9000.0,9100.0,90439700,BBCA.JK
2025-02-14,8255.1318359375,8975.0,9075.0,8950.0,9000.0,116274500,BBCA.JK
2025-02-17,8577.0595703125,9325.0,9325.0,8975.0,8975.0,89096400,BBCA.JK
2025-02-18,8554.0654296875,9300.0,9575.0,9250.0,9325.0,107318300,BBCA.JK
2025-02-19,8232.138671875,8950.0,9250.0,8950.0,9225.0,154438200,BBCA.JK
2025-02-20,8278.126953125,9000.0,9025.0,8950.0,8975.0,119260800,BBCA.JK
2025-02-21,8278.126953125,9000.0,9000.0,8925.0,8950.0,106054700,BBCA.JK
2025-02-24,8209.142578125,8925.0,8975.0,8875.0,8925.0,108530300,BBCA.JK
2025-02-25,8117.1640625,8825.0,9000.0,8825.0,8900.0,101592700,BBCA.JK
2025-02-26,8071.173828125,8775.0,8900.0,8725.0,8800.0,117843500,BBCA.JK
2025-02-27,7841.2255859375,8525.0,8800.0,8500.0,8800.0,199991600,BBCA.JK
2025-02-28,7749.24658203125,8425.0,8675.0,8425.0,8525.0,293095000,BBCA.JK
2025-03-03,8094.1689453125,8800.0,8900.0,8550.0,8600.0,192944300,BBCA.JK
2025-03-04,8140.158203125,8850.0,8925.0,8675.0,8900.0,125418500,BBCA.JK
2025-03-05,8278.126953125,9000.0,9175.0,8825.0,8825.0,155207900,BBCA.JK
2025-03-06,8255.1318359375,8975.0,9200.0,8975.0,9200.0,96270100,BBCA.JK
2025-03-07,8209.142578125,8925.0,9000.0,8925.0,9000.0,82295300,BBCA.JK
2025-03-10,8209.142578125,8925.0,8975.0,8725.0,8750.0,97652100,BBCA.JK
2025-03-11,8209.142578125,8925.0,9050.0,8875.0,8950.0,109295600,BBCA.JK
2025-03-12,8393.1015625,9125.0,9125.0,8975.0,9025.0,87968900,BBCA.JK
2025-03-13,8255.1318359375,8975.0,9175.0,8975.0,9150.0,83030700,BBCA.JK
2025-03-14,8048.1796875,8750.0,8925.0,8750.0,8800.0,111397800,BBCA.JK
2025-03-17,7910.21142578125,8600.0,8775.0,8550.0,8750.0,151365700,BBCA.JK
2025-03-18,7634.27294921875,8300.0,8550.0,8075.0,8500.0,417305700,BBCA.JK
2025-03-19,7657.267578125,8325.0,8400.0,8225.0,8300.0,214108200,BBCA.JK
2025-03-20,7703.25732421875,8375.0,8475.0,8350.0,8450.0,152917300,BBCA.JK
2025-03-21,7489.9365234375,7900.0,8275.0,7900.0,8275.0,377916400,BBCA.JK
2025-03-24,7537.3408203125,7950.0,8100.0,7625.0,7825.0,331836800,BBCA.JK
2025-03-25,7632.150390625,8050.0,8150.0,8000.0,8075.0,136341700,BBCA.JK
2025-03-26,8082.494140625,8525.0,8650.0,8275.0,8300.0,283104600,BBCA.JK
2025-03-27,8058.7919921875,8500.0,8575.0,8375.0,8425.0,122943900,BBCA.JK
2025-04-08,7371.4248046875,7775.0,8000.0,7275.0,7400.0,533073600,BBCA.JK
2025-04-09,7513.638671875,7925.0,7950.0,7675.0,7700.0,136753900,BBCA.JK
2025-04-10,7798.06689453125,8225.0,8650.0,8175.0,8500.0,144148600,BBCA.JK
2025-04-11,7845.47119140625,8275.0,8325.0,8050.0,8200.0,82603000,BBCA.JK
2025-04-14,7963.98291015625,8400.0,8400.0,8250.0,8250.0,83319300,BBCA.JK
2025-04-15,8129.8994140625,8575.0,8600.0,8450.0,8575.0,83431800,BBCA.JK
2025-04-16,8035.08935546875,8475.0,8550.0,8425.0,8500.0,76874900,BBCA.JK
2025-04-17,8058.7919921875,8500.0,8500.0,8350.0,8450.0,83540600,BBCA.JK
2025-04-21,7869.17333984375,8300.0,8500.0,8300.0,8500.0,40683800,BBCA.JK
2025-04-22,8058.7919921875,8500.0,8500.0,8325.0,8325.0,56537100,BBCA.JK
2025-04-23,8272.11328125,8725.0,8725.0,8550.0,8550.0,92329600,BBCA.JK
2025-04-24,8035.08935546875,8475.0,8850.0,8475.0,8850.0,143675300,BBCA.JK
2025-04-25,8153.6015625,8600.0,8650.0,8575.0,8650.0,58297000,BBCA.JK
2025-04-28,8319.517578125,8775.0,8775.0,8650.0,8750.0,73235400,BBCA.JK
2025-04-29,8272.11328125,8725.0,8825.0,8700.0,8800.0,60315700,BBCA.JK
2025-04-30,8366.9228515625,8825.0,8925.0,8675.0,8800.0,164597500,BBCA.JK
2025-05-02,8509.1357421875,8975.0,9000.0,8850.0,9000.0,92219000,BBCA.JK
2025-05-05,8509.1357421875,8975.0,9050.0,8975.0,9000.0,86385600,BBCA.JK
2025-05-06,8556.541015625,9025.0,9050.0,8975.0,9050.0,48860500,BBCA.JK
2025-05-07,8603.9453125,9075.0,9100.0,9000.0,9075.0,77382000,BBCA.JK
2025-05-08,8509.1357421875,8975.0,9200.0,8925.0,9075.0,99614500,BBCA.JK
2025-05-09,8532.837890625,9000.0,9050.0,8975.0,9050.0,47167500,BBCA.JK
2025-05-14,8793.5634765625,9275.0,9300.0,9150.0,9250.0,149002900,BBCA.JK
2025-05-15,8793.5634765625,9275.0,9400.0,9250.0,9275.0,101401300,BBCA.JK
2025-05-16,8817.265625,9300.0,9325.0,9225.0,9300.0,63007500,BBCA.JK
2025-05-19,9006.8857421875,9500.0,9500.0,9250.0,9275.0,111597200,BBCA.JK
2025-05-20,8983.18359375,9475.0,9675.0,9475.0,9500.0,160614800,BBCA.JK
2025-05-21,9196.50390625,9700.0,9725.0,9550.0,9700.0,169739200,BBCA.JK
2025-05-22,9149.0986328125,9650.0,9800.0,9650.0,9800.0,103113000,BBCA.JK
2025-05-23,9172.80078125,9675.0,9700.0,9625.0,9675.0,48521800,BBCA.JK
2025-05-26,9125.3974609375,9625.0,9650.0,9500.0,9600.0,56625300,BBCA.JK
2025-05-27,8959.48046875,9450.0,9600.0,9450.0,9550.0,93212000,BBCA.JK
2025-05-28,8912.076171875,9400.0,9550.0,9400.0,9450.0,236950800,BBCA.JK
2025-06-02,8627.6484375,9100.0,9175.0,9025.0,9025.0,264428700,BBCA.JK
2025-06-03,8580.2431640625,9050.0,9125.0,8950.0,9050.0,128318100,BBCA.JK
2025-06-04,8509.1357421875,8975.0,9125.0,8950.0,9100.0,93357200,BBCA.JK
2025-06-05,8461.73046875,8925.0,9050.0,8900.0,9000.0,95529000,BBCA.JK
2025-06-10,8627.6484375,9100.0,9100.0,8950.0,8975.0,80406400,BBCA.JK
2025-06-11,8580.2431640625,9050.0,9125.0,9050.0,9100.0,56632600,BBCA.JK
2025-06-12,8651.3505859375,9125.0,9125.0,9000.0,9000.0,41337300,BBCA.JK
2025-06-13,8556.541015625,9025.0,9125.0,8975.0,9100.0,83318000,BBCA.JK
2025-06-16,8461.73046875,8925.0,9000.0,8900.0,8925.0,57825000,BBCA.JK
2025-06-17,8603.9453125,9075.0,9100.0,8975.0,8975.0,54927900,BBCA.JK
2025-06-18,8438.029296875,8900.0,9025.0,8900.0,8950.0,86270200,BBCA.JK
2025-06-19,8319.517578125,8775.0,8925.0,8750.0,8900.0,78879500,BBCA.JK
2025-06-20,8248.4111328125,8700.0,8875.0,8625.0,8700.0,445915100,BBCA.JK
2025-06-23,8177.30419921875,8625.0,8700.0,8500.0,8575.0,87324500,BBCA.JK
2025-06-24,8319.517578125,8775.0,8850.0,8700.0,8725.0,110158900,BBCA.JK
2025-06-25,8153.6015625,8600.0,8775.0,8475.0,8725.0,117561000,BBCA.JK
2025-06-26,8201.005859375,8650.0,8650.0,8525.0,8525.0,117281700,BBCA.JK
2025-06-30,8224.7080078125,8675.0,8825.0,8550.0,8575.0,185441800,BBCA.JK
2025-07-01,8248.4111328125,8700.0,8775.0,8600.0,8750.0,82364500,BBCA.JK
2025-07-02,8224.7080078125,8675.0,8675.0,8575.0,8575.0,68545100,BBCA.JK
2025-07-03,8153.6015625,8600.0,8750.0,8600.0,8700.0,50370800,BBCA.JK
2025-07-04,8201.005859375,8650.0,8700.0,8550.0,8650.0,43593300,BBCA.JK
2025-07-07,8177.30419921875,8625.0,8650.0,8550.0,8625.0,49936900,BBCA.JK
2025-07-08,8058.7919921875,8500.0,8600.0,8425.0,8550.0,215611000,BBCA.JK
2025-07-09,8058.7919921875,8500.0,8550.0,8450.0,8500.0,94459300,BBCA.JK
2025-07-10,8153.6015625,8600.0,8650.0,8500.0,8525.0,111769400,BBCA.JK
2025-07-11,8177.30419921875,8625.0,8675.0,8575.0,8575.0,135986500,BBCA.JK
2025-07-14,8082.494140625,8525.0,8675.0,8450.0,8650.0,125196000,BBCA.JK
2025-07-15,8106.19677734375,8550.0,8600.0,8475.0,8600.0,77219300,BBCA.JK
2025-07-16,8082.494140625,8525.0,8600.0,8500.0,8550.0,97475300,BBCA.JK
2025-07-17,8082.494140625,8525.0,8550.0,8500.0,8500.0,86016400,BBCA.JK
2025-07-18,7987.685546875,8425.0,8575.0,8425.0,8550.0,80432200,BBCA.JK
2025-07-21,8011.38720703125,8450.0,8500.0,8375.0,8450.0,95383500,BBCA.JK
2025-07-22,7963.98291015625,8400.0,8475.0,8400.0,8450.0,77981700,BBCA.JK
2025-07-23,7987.685546875,8425.0,8500.0,8400.0,8450.0,70969500,BBCA.JK
2025-07-24,8058.7919921875,8500.0,8550.0,8450.0,8475.0,138256800,BBCA.JK
2025-07-25,8011.38720703125,8450.0,8525.0,8450.0,8500.0,58682800,BBCA.JK
2025-07-28,8058.7919921875,8500.0,8625.0,8475.0,8625.0,99484300,BBCA.JK
2025-07-29,7963.98291015625,8400.0,8500.0,8375.0,8500.0,104240300,BBCA.JK
2025-07-30,7940.2802734375,8375.0,8475.0,8325.0,8475.0,98098100,BBCA.JK
2025-07-31,7845.47119140625,8275.0,8375.0,8250.0,8350.0,206006300,BBCA.JK
2025-08-01,7869.17333984375,8300.0,8425.0,8300.0,8400.0,86196100,BBCA.JK
2025-08-04,7845.47119140625,8275.0,8350.0,8275.0,8325.0,49054500,BBCA.JK
2025-08-05,7987.685546875,8425.0,8450.0,8325.0,8350.0,69475900,BBCA.JK
2025-08-06,7869.17333984375,8300.0,8425.0,8300.0,8425.0,56325400,BBCA.JK
2025-08-07,7869.17333984375,8300.0,8350.0,8300.0,8325.0,43621300,BBCA.JK
2025-08-08,7869.17333984375,8300.0,8400.0,8300.0,8325.0,68378700,BBCA.JK
2025-08-11,8106.19677734375,8550.0,8550.0,8425.0,8500.0,128561300,BBCA.JK
2025-08-12,8390.625,8850.0,8875.0,8575.0,8625.0,171015700,BBCA.JK
2025-08-13,8461.73046875,8925.0,8975.0,8725.0,8975.0,129083900,BBCA.JK
2025-08-14,8319.517578125,8775.0,8950.0,8750.0,8925.0,122930900,BBCA.JK
2025-08-15,8248.4111328125,8700.0,8850.0,8700.0,8825.0,68754200,BBCA.JK
2025-08-19,8058.7919921875,8500.0,8600.0,8450.0,8600.0,128591700,BBCA.JK
2025-08-20,8082.494140625,8525.0,8600.0,8350.0,8375.0,202260200,BBCA.JK
2025-08-21,8106.19677734375,8550.0,8575.0,8500.0,8550.0,69470200,BBCA.JK
2025-08-22,8011.38720703125,8450.0,8575.0,8450.0,8575.0,66394100,BBCA.JK
2025-08-25,8035.08935546875,8475.0,8550.0,8475.0,8525.0,64052700,BBCA.JK
2025-08-26,7821.76904296875,8250.0,8475.0,8250.0,8450.0,326794200,BBCA.JK
2025-08-27,7869.17333984375,8300.0,8350.0,8200.0,8250.0,111915700,BBCA.JK
2025-08-28,7892.87548828125,8325.0,8375.0,8275.0,8350.0,81281400,BBCA.JK
2025-08-29,7655.85302734375,8075.0,8275.0,8075.0,8250.0,236499300,BBCA.JK
2025-09-01,7584.74560546875,8000.0,8050.0,7600.0,7650.0,421127500,BBCA.JK
2025-09-02,7584.74560546875,8000.0,8175.0,8000.0,8000.0,155531500,BBCA.JK
2025-09-03,7561.04296875,7975.0,8000.0,7900.0,7900.0,212372700,BBCA.JK
2025-09-04,7584.74560546875,8000.0,8000.0,7925.0,7975.0,103534800,BBCA.JK
2025-09-08,7300.31787109375,7700.0,8025.0,7700.0,8025.0,321191900,BBCA.JK
2025-09-09,7134.4013671875,7525.0,7725.0,7475.0,7625.0,595368700,BBCA.JK
2025-09-10,7395.126953125,7800.0,7800.0,7550.0,7550.0,246849600,BBCA.JK
2025-09-11,7442.53173828125,7850.0,7975.0,7850.0,7900.0,235173400,BBCA.JK
2025-09-12,7513.638671875,7925.0,7975.0,7850.0,7975.0,156084700,BBCA.JK
2025-09-15,7608.44775390625,8025.0,8100.0,7975.0,8000.0,142567700,BBCA.JK
2025-09-16,7513.638671875,7925.0,8075.0,7900.0,8050.0,129312900,BBCA.JK
2025-09-17,7442.53173828125,7850.0,7900.0,7800.0,7850.0,183725900,BBCA.JK
2025-09-18,7300.31787109375,7700.0,7900.0,7650.0,7850.0,275378700,BBCA.JK
2025-09-19,7395.126953125,7800.0,7825.0,7650.0,7650.0,149025300,BBCA.JK
2025-09-22,7324.01953125,7725.0,7825.0,7725.0,7800.0,92588800,BBCA.JK
2025-09-23,7466.23388671875,7875.0,7900.0,7750.0,7750.0,102606200,BBCA.JK
2025-09-24,7371.4248046875,7775.0,7950.0,7725.0,7950.0,150428400,BBCA.JK
2025-09-25,7300.31787109375,7700.0,7775.0,7700.0,7725.0,147986600,BBCA.JK
2025-09-26,7229.2109375,7625.0,7700.0,7575.0,7575.0,121657700,BBCA.JK
2025-09-29,7371.4248046875,7775.0,7800.0,7700.0,7750.0,116454700,BBCA.JK
2025-09-30,7229.2109375,7625.0,7775.0,7625.0,7700.0,170666700,BBCA.JK
2025-10-01,7110.69873046875,7500.0,7675.0,7500.0,7600.0,202433400,BBCA.JK
2025-10-02,7110.69873046875,7500.0,7600.0,7500.0,7500.0,126952400,BBCA.JK
2025-10-03,7134.4013671875,7525.0,7550.0,7500.0,7525.0,76787500,BBCA.JK
2025-10-06,7110.69873046875,7500.0,7550.0,7450.0,7500.0,104032400,BBCA.JK
2025-10-07,7181.8056640625,7575.0,7600.0,7500.0,7550.0,74282600,BBCA.JK
2025-10-08,6992.18701171875,7375.0,7525.0,7375.0,7500.0,168080800,BBCA.JK
2025-10-09,7158.103515625,7550.0,7700.0,7300.0,7375.0,293567400,BBCA.JK
2025-10-10,7015.8896484375,7400.0,7450.0,7350.0,7450.0,107426000,BBCA.JK
2025-10-13,6944.78271484375,7325.0,7375.0,7300.0,7300.0,101847900,BBCA.JK
2025-10-14,6873.67578125,7250.0,7350.0,7250.0,7275.0,151862300,BBCA.JK
2025-10-15,6873.67578125,7250.0,7350.0,7225.0,7250.0,133206400,BBCA.JK
2025-10-16,6921.080078125,7300.0,7325.0,7225.0,7250.0,120611200,BBCA.JK
2025-10-17,7110.69873046875,7500.0,7525.0,7275.0,7300.0,157334400,BBCA.JK
2025-10-20,7466.23388671875,7875.0,8000.0,7625.0,7700.0,393421800,BBCA.JK
2025-10-21,8035.08935546875,8475.0,8475.0,8100.0,8100.0,529802600,BBCA.JK
2025-10-22,7774.3642578125,8200.0,8700.0,8200.0,8700.0,392957200,BBCA.JK
2025-10-23,7892.87548828125,8325.0,8350.0,8150.0,8200.0,187003900,BBCA.JK
2025-10-24,7845.47119140625,8275.0,8375.0,8275.0,8300.0,133355100,BBCA.JK
2025-10-27,7916.578125,8350.0,8425.0,8200.0,8325.0,182275600,BBCA.JK
2025-10-28,7845.47119140625,8275.0,8400.0,8250.0,8350.0,180270000,BBCA.JK
2025-10-29,8153.6015625,8600.0,8600.0,8275.0,8300.0,239156800,BBCA.JK
2025-10-30,8082.494140625,8525.0,8750.0,8475.0,8575.0,259009800,BBCA.JK
2025-10-31,8082.494140625,8525.0,8650.0,8525.0,8550.0,177088000,BBCA.JK
2025-11-03,8201.005859375,8650.0,8650.0,8525.0,8650.0,115007100,BBCA.JK
2025-11-04,8201.005859375,8650.0,8700.0,8625.0,8650.0,155231500,BBCA.JK
2025-11-05,8248.4111328125,8700.0,8700.0,8600.0,8625.0,125731500,BBCA.JK
2025-11-06,8106.19677734375,8550.0,8675.0,8550.0,8625.0,89756900,BBCA.JK
2025-11-07,8224.7080078125,8675.0,8675.0,8550.0,8550.0,75241900,BBCA.JK
2025-11-10,8129.8994140625,8575.0,8675.0,8575.0,8675.0,79897700,BBCA.JK
2025-11-11,7963.98291015625,8400.0,8600.0,8400.0,8575.0,130897600,BBCA.JK
2025-11-12,8058.7919921875,8500.0,8550.0,8400.0,8425.0,85415600,BBCA.JK
2025-11-13,7940.2802734375,8375.0,8475.0,8375.0,8400.0,104113800,BBCA.JK
2025-11-14,7987.685546875,8425.0,8500.0,8375.0,8375.0,89815300,BBCA.JK
2025-11-17,8129.8994140625,8575.0,8575.0,8475.0,8500.0,129411100,BBCA.JK
2025-11-18,7963.98291015625,8400.0,8575.0,8400.0,8550.0,119377900,BBCA.JK
2025-11-19,8035.08935546875,8475.0,8500.0,8325.0,8350.0,114209700,BBCA.JK
2025-11-20,7987.685546875,8425.0,8600.0,8400.0,8475.0,124087400,BBCA.JK
2025-11-21,7963.98291015625,8400.0,8425.0,8350.0,8375.0,103917100,BBCA.JK
2025-11-24,8035.08935546875,8475.0,8475.0,8350.0,8400.0,279590600,BBCA.JK
2025-11-25,8058.7919921875,8500.0,8500.0,8375.0,8475.0,98807700,BBCA.JK
2025-11-26,7987.685546875,8425.0,8450.0,8375.0,8400.0,77094400,BBCA.JK
2025-11-27,7892.87548828125,8325.0,8450.0,8325.0,8425.0,71051300,BBCA.JK
2025-11-28,7845.47119140625,8275.0,8350.0,8275.0,8325.0,67559300,BBCA.JK
2025-12-01,7963.98291015625,8400.0,8450.0,8350.0,8450.0,76359200,BBCA.JK
2025-12-02,7940.2802734375,8375.0,8425.0,8350.0,8350.0,97044000,BBCA.JK
2025-12-03,7921.193359375,8300.0,8400.0,8300.0,8350.0,103550900,BBCA.JK
2025-12-04,7849.61669921875,8225.0,8350.0,8225.0,8325.0,71410400,BBCA.JK
2025-12-05,7921.193359375,8300.0,8300.0,8200.0,8200.0,71162300,BBCA.JK
2025-12-08,7921.193359375,8300.0,8350.0,8250.0,8350.0,61745200,BBCA.JK
2025-12-09,7730.3212890625,8100.0,8300.0,8100.0,8300.0,113057200,BBCA.JK
2025-12-10,7706.46240234375,8075.0,8175.0,8025.0,8100.0,143418300,BBCA.JK
2025-12-11,7634.88525390625,8000.0,8200.0,7900.0,8175.0,140766000,BBCA.JK
2025-12-12,7634.88525390625,8000.0,8000.0,7850.0,7900.0,100006800,BBCA.JK
2025-12-15,7921.193359375,8300.0,8300.0,7925.0,7925.0,143105700,BBCA.JK
2025-12-16,7706.46240234375,8075.0,8375.0,8025.0,8375.0,122332000,BBCA.JK
2025-12-17,7658.744140625,8025.0,8125.0,7975.0,8000.0,89802700,BBCA.JK
2025-12-18,7801.8984375,8175.0,8250.0,8025.0,8025.0,88497200,BBCA.JK
2025-12-19,7682.603515625,8050.0,8225.0,8050.0,8200.0,131069800,BBCA.JK
2025-12-22,7801.8984375,8175.0,8175.0,8025.0,8050.0,72424200,BBCA.JK
2025-12-23,7658.744140625,8025.0,8125.0,7975.0,8100.0,85044100,BBCA.JK
2025-12-24,7658.744140625,8025.0,8075.0,8000.0,8025.0,71260500,BBCA.JK
2025-12-29,7658.744140625,8025.0,8025.0,7950.0,8025.0,78399400,BBCA.JK
2025-12-30,7706.46240234375,8075.0,8175.0,7950.0,7950.0,101995600,BBCA.JK
2026-01-02,7658.744140625,8025.0,8075.0,8000.0,8075.0,68612400,BBCA.JK
2026-01-05,7706.46240234375,8075.0,8100.0,8000.0,8000.0,73408800,BBCA.JK
2026-01-06,7801.8984375,8175.0,8175.0,8075.0,8175.0,97624300,BBCA.JK
2026-01-07,7778.03955078125,8150.0,8175.0,8025.0,8125.0,93152500,BBCA.JK
2026-01-08,7682.603515625,8050.0,8150.0,8050.0,8100.0,79823700,BBCA.JK
2026-01-09,7754.18017578125,8125.0,8175.0,8050.0,8125.0,79484700,BBCA.JK
2026-01-12,7658.744140625,8025.0,8100.0,8000.0,8075.0,82935700,BBCA.JK
2026-01-13,7706.46240234375,8075.0,8075.0,8000.0,8025.0,80536300,BBCA.JK
2026-01-14,7634.88525390625,8000.0,8050.0,7950.0,8025.0,105724300,BBCA.JK
2026-01-15,7706.46240234375,8075.0,8175.0,7975.0,8000.0,151753100,BBCA.JK
2026-01-19,7754.18017578125,8125.0,8125.0,7975.0,8075.0,172100000,BBCA.JK
2026-01-20,7634.88525390625,8000.0,8125.0,8000.0,8050.0,82672500,BBCA.JK
2026-01-21,7348.5771484375,7700.0,7950.0,7700.0,7925.0,301825600,BBCA.JK
2026-01-22,7300.85888671875,7650.0,7775.0,7600.0,7700.0,268025900,BBCA.JK
2026-01-23,7300.85888671875,7650.0,7675.0,7550.0,7600.0,202878600,BBCA.JK
2026-01-26,7300.85888671875,7650.0,7675.0,7525.0,7550.0,213044100,BBCA.JK
2026-01-27,7157.70458984375,7500.0,7625.0,7500.0,7575.0,259830900,BBCA.JK
2026-01-28,6704.3837890625,7025.0,7400.0,6925.0,7050.0,1027287500,BBCA.JK
2026-01-29,6871.39697265625,7200.0,7275.0,6375.0,6675.0,1432993400,BBCA.JK
2026-01-30,7062.26904296875,7400.0,7600.0,7200.0,7200.0,528434900,BBCA.JK
2026-02-02,7253.14111328125,7600.0,7600.0,7325.0,7600.0,326948700,BBCA.JK
2026-02-03,7300.85888671875,7650.0,7650.0,7375.0,7600.0,206015400,BBCA.JK
2026-02-04,7444.0126953125,7800.0,7825.0,7600.0,7650.0,193370800,BBCA.JK
2026-02-05,7444.0126953125,7800.0,7925.0,7800.0,7800.0,142332400,BBCA.JK
2026-02-06,7324.7177734375,7675.0,7775.0,7600.0,7700.0,176352600,BBCA.JK
2026-02-09,7157.70458984375,7500.0,7725.0,7450.0,7675.0,174758300,BBCA.JK
2026-02-10,7133.84619140625,7475.0,7550.0,7450.0,7500.0,127704200,BBCA.JK
2026-02-11,7109.98681640625,7450.0,7525.0,7400.0,7475.0,213505000,BBCA.JK
2026-02-12,6990.69189453125,7325.0,7475.0,7300.0,7450.0,237465300,BBCA.JK
2026-02-13,6871.39697265625,7200.0,7325.0,7200.0,7325.0,356015300,BBCA.JK
2026-02-18,6942.97412109375,7275.0,7375.0,7225.0,7225.0,125301200,BBCA.JK
2026-02-19,6847.53759765625,7175.0,7325.0,7175.0,7325.0,133463400,BBCA.JK
2026-02-20,6895.25537109375,7225.0,7250.0,7150.0,7175.0,122959500,BBCA.JK
2026-02-23,6966.83251953125,7300.0,7350.0,7275.0,7300.0,100443800,BBCA.JK
2026-02-24,6895.25537109375,7225.0,7325.0,7225.0,7275.0,159225400,BBCA.JK
2026-02-25,6990.69189453125,7325.0,7375.0,7250.0,7275.0,133278000,BBCA.JK
2026-02-26,6966.83251953125,7300.0,7375.0,7200.0,7350.0,127811900,BBCA.JK
2026-02-27,6847.53759765625,7175.0,7275.0,7175.0,7200.0,193104700,BBCA.JK
2026-03-02,6704.3837890625,7025.0,7150.0,6975.0,7075.0,156182700,BBCA.JK
2026-03-03,6752.1015625,7075.0,7125.0,7025.0,7075.0,103031100,BBCA.JK
2026-03-04,6561.2294921875,6875.0,7075.0,6825.0,7075.0,216518700,BBCA.JK
2026-03-05,6775.96044921875,7100.0,7125.0,6950.0,6975.0,110256300,BBCA.JK
2026-03-06,6680.5244140625,7000.0,7100.0,7000.0,7075.0,102725700,BBCA.JK
2026-03-09,6561.2294921875,6875.0,6950.0,6825.0,6900.0,150426400,BBCA.JK
2026-03-10,6656.66552734375,6975.0,7050.0,6925.0,6950.0,129977900,BBCA.JK
2026-03-11,6513.51171875,6825.0,7000.0,6825.0,6975.0,91723400,BBCA.JK
2026-03-12,6585.0888671875,6900.0,7025.0,6825.0,6825.0,98787400,BBCA.JK
2026-03-13,6561.2294921875,6875.0,7025.0,6850.0,6850.0,107940600,BBCA.JK
2026-03-16,6441.9345703125,6750.0,6875.0,6700.0,6850.0,127757500,BBCA.JK
2026-03-17,6465.79345703125,6775.0,6825.0,6750.0,6750.0,160903900,BBCA.JK
2026-03-25,6585.0888671875,6900.0,6925.0,6675.0,6675.0,314281100,BBCA.JK
2026-03-26,6561.2294921875,6875.0,6975.0,6850.0,6900.0,145934900,BBCA.JK
2026-03-27,6394.21630859375,6700.0,6850.0,6700.0,6775.0,283556500,BBCA.JK
2026-03-30,6425.0966796875,6450.0,6500.0,6350.0,6400.0,242278100,BBCA.JK
2026-03-31,6425.0966796875,6450.0,6550.0,6450.0,6450.0,150657800,BBCA.JK
2026-04-01,6474.9033203125,6500.0,6650.0,6500.0,6550.0,132798100,BBCA.JK
2026-04-02,6549.61376953125,6575.0,6600.0,6500.0,6550.0,72725400,BBCA.JK
2026-04-06,6474.9033203125,6500.0,6625.0,6450.0,6600.0,57914600,BBCA.JK
2026-04-07,6474.9033203125,6500.0,6525.0,6450.0,6500.0,65168700,BBCA.JK
2026-04-08,6723.93798828125,6750.0,6850.0,6625.0,6650.0,163594000,BBCA.JK
2026-04-09,6450.0,6475.0,6800.0,6450.0,6775.0,182409800,BBCA.JK
2026-04-10,6674.13134765625,6700.0,6700.0,6475.0,6525.0,167336100,BBCA.JK
2026-04-13,6549.61376953125,6575.0,6700.0,6575.0,6650.0,81955300,BBCA.JK
2026-04-14,6723.93798828125,6750.0,6800.0,6675.0,6675.0,105010900,BBCA.JK
2026-04-15,6524.71044921875,6550.0,6800.0,6550.0,6775.0,104880600,BBCA.JK
2026-04-16,6499.80712890625,6525.0,6650.0,6500.0,6575.0,122416100,BBCA.JK
2026-04-17,6400.19287109375,6425.0,6550.0,6425.0,6500.0,156827000,BBCA.JK
2026-04-20,6450.0,6475.0,6575.0,6425.0,6450.0,137435700,BBCA.JK
2026-04-21,6474.9033203125,6500.0,6525.0,6425.0,6475.0,112151900,BBCA.JK
2026-04-22,6425.0966796875,6450.0,6525.0,6450.0,6475.0,95673700,BBCA.JK
2026-04-23,6400.19287109375,6425.0,6550.0,6425.0,6450.0,95913400,BBCA.JK
2026-04-24,6026.64111328125,6050.0,6425.0,6050.0,6400.0,435004800,BBCA.JK
2026-04-27,5951.9306640625,5975.0,6050.0,5950.0,6025.0,273263100,BBCA.JK
2026-04-28,5976.833984375,6000.0,6075.0,5950.0,6025.0,174091200,BBCA.JK
2026-04-29,5951.9306640625,5975.0,6050.0,5950.0,6000.0,176050900,BBCA.JK
2026-04-30,5827.4130859375,5850.0,5975.0,5800.0,5950.0,303405400,BBCA.JK
2026-05-04,5877.22021484375,5900.0,5950.0,5800.0,5800.0,207566700,BBCA.JK
2026-05-05,5927.02685546875,5950.0,6075.0,5875.0,5900.0,179928300,BBCA.JK
2026-05-06,5927.02685546875,5950.0,6000.0,5900.0,5950.0,90843100,BBCA.JK
2026-05-07,6200.96533203125,6225.0,6325.0,6000.0,6000.0,238690900,BBCA.JK
2026-05-08,6151.158203125,6175.0,6425.0,6175.0,6225.0,201784700,BBCA.JK
2026-05-11,6126.2548828125,6150.0,6275.0,6100.0,6225.0,126301300,BBCA.JK
2026-05-12,6101.35107421875,6125.0,6150.0,6050.0,6125.0,107394400,BBCA.JK
2026-05-13,6076.44775390625,6100.0,6200.0,6025.0,6125.0,147339600,BBCA.JK
2026-05-14,6076.44775390625,6100.0,6100.0,6100.0,6100.0,0,BBCA.JK
2026-05-15,6076.44775390625,6100.0,6100.0,6100.0,6100.0,0,BBCA.JK
2026-05-18,6101.35107421875,6125.0,6125.0,5900.0,5950.0,208748400,BBCA.JK
2026-05-19,5927.02685546875,5950.0,6200.0,5950.0,6050.0,184830100,BBCA.JK
2026-05-20,5951.9306640625,5975.0,6100.0,5875.0,5975.0,195107100,BBCA.JK
2026-05-21,5927.02685546875,5950.0,6150.0,5925.0,6000.0,210976100,BBCA.JK
2026-05-22,5877.22021484375,5900.0,5975.0,5825.0,5900.0,288919700,BBCA.JK
2026-05-25,6076.44775390625,6100.0,6175.0,5925.0,5950.0,263179200,BBCA.JK
2026-05-26,5951.9306640625,5975.0,6100.0,5950.0,6050.0,225158700,BBCA.JK
2026-05-27,5951.9306640625,5975.0,5975.0,5975.0,5975.0,0,BBCA.JK
2026-05-28,5951.9306640625,5975.0,5975.0,5975.0,5975.0,0,BBCA.JK
2026-05-29,5677.9921875,5700.0,5875.0,5700.0,5750.0,1014028000,BBCA.JK
2026-06-02,5802.509765625,5825.0,5875.0,5700.0,5750.0,346305200,BBCA.JK
2026-06-03,5503.66796875,5525.0,5825.0,5525.0,5775.0,353332300,BBCA.JK
2026-06-04,5404.05419921875,5425.0,5600.0,5300.0,5475.0,550059500,BBCA.JK
2026-06-05,5055.4052734375,5075.0,5375.0,5075.0,5325.0,572612000,BBCA.JK
2026-06-08,4831.27392578125,4850.0,5050.0,4850.0,4950.0,705093300,BBCA.JK
2026-06-09,5130.11572265625,5150.0,5150.0,4820.0,4850.0,772898000,BBCA.JK
2026-06-10,5628.18505859375,5650.0,5700.0,5175.0,5175.0,747366000,BBCA.JK
2026-06-11,5802.509765625,5825.0,5875.0,5550.0,5650.0,543032300,BBCA.JK
2026-06-12,5902.12353515625,5925.0,6100.0,5900.0,6000.0,415872300,BBCA.JK
2026-06-15,6250.77197265625,6275.0,6425.0,6100.0,6100.0,480395000,BBCA.JK
2026-06-17,6250.77197265625,6275.0,6550.0,6275.0,6400.0,467494300,BBCA.JK
2026-06-18,6051.54443359375,6075.0,6275.0,6075.0,6250.0,232489300,BBCA.JK
2026-06-19,6275.67578125,6300.0,6300.0,6050.0,6050.0,366595500,BBCA.JK
2026-06-22,6200.96533203125,6225.0,6400.0,6125.0,6400.0,193401600,BBCA.JK
2026-06-23,6101.35107421875,6125.0,6200.0,6075.0,6150.0,144561900,BBCA.JK
2026-06-24,5902.12353515625,5925.0,6200.0,5925.0,6125.0,144928800,BBCA.JK
2026-06-25,6001.7373046875,6025.0,6175.0,5900.0,5900.0,197935000,BBCA.JK
2026-06-26,6151.158203125,6175.0,6175.0,6025.0,6050.0,163378700,BBCA.JK
2026-06-29,5902.12353515625,5925.0,6200.0,5925.0,6175.0,189886600,BBCA.JK
2026-06-30,5528.5712890625,5550.0,5825.0,5550.0,5775.0,440738300,BBCA.JK
2026-07-01,5578.37841796875,5600.0,5750.0,5550.0,5550.0,124123800,BBCA.JK
2026-07-02,5777.60595703125,5800.0,5875.0,5625.0,5650.0,145119400,BBCA.JK
2026-07-03,6026.64111328125,6050.0,6150.0,5900.0,5925.0,200465200,BBCA.JK
2026-07-06,6101.35107421875,6125.0,6175.0,5975.0,6050.0,148684900,BBCA.JK
2026-07-07,6275.67578125,6300.0,6300.0,6150.0,6200.0,183472100,BBCA.JK
2026-07-08,6151.158203125,6175.0,6325.0,6175.0,6300.0,181123400,BBCA.JK
2026-07-09,6176.0615234375,6200.0,6200.0,6050.0,6100.0,181155800,BBCA.JK
2026-07-10,6151.158203125,6175.0,6300.0,6125.0,6300.0,138050500,BBCA.JK
2026-07-13,6200.96533203125,6225.0,6250.0,6075.0,6150.0,180061600,BBCA.JK
2026-07-14,6101.35107421875,6125.0,6250.0,6075.0,6225.0,159868800,BBCA.JK
2026-07-15,6101.35107421875,6125.0,6200.0,6075.0,6125.0,140824900,BBCA.JK
2026-07-16,6200.96533203125,6225.0,6225.0,6100.0,6125.0,94235100,BBCA.JK
2026-07-17,6450.0,6475.0,6500.0,6200.0,6225.0,314564200,BBCA.JK
2026-07-20,6450.0,6475.0,6625.0,6475.0,6525.0,298183300,BBCA.JK
2026-07-21,6499.80712890625,6525.0,6550.0,6425.0,6550.0,146064700,BBCA.JK
2026-07-22,6474.9033203125,6500.0,6550.0,6400.0,6525.0,112178900,BBCA.JK
2026-07-23,6250.77197265625,6275.0,6475.0,6250.0,6450.0,207037900,BBCA.JK
2026-07-24,6250.77197265625,6275.0,6300.0,6125.0,6200.0,191428900,BBCA.JK
2026-07-27,6275.67578125,6300.0,6325.0,6125.0,6225.0,125142500,BBCA.JK
2026-07-28,6200.96533203125,6225.0,6300.0,6200.0,6250.0,122920300,BBCA.JK
2026-07-29,6250.77197265625,6275.0,6300.0,6175.0,6175.0,122379600,BBCA.JK
2026-07-30,6425.0966796875,6450.0,6450.0,6250.0,6325.0,152663200,BBCA.JK
2026-07-31,6300.5791015625,6325.0,6450.0,6325.0,6425.0,153174800,BBCA.JK
2026-08-03,6275.67578125,6300.0,6325.0,6275.0,6300.0,68143700,BBCA.JK
2026-08-04,6474.9033203125,6500.0,6500.0,6350.0,6375.0,138953100,BBCA.JK
2026-08-05,6425.0966796875,6450.0,6500.0,6425.0,6500.0,101666100,BBCA.JK
2026-08-06,6325.482421875,6350.0,6475.0,6350.0,6450.0,80734000,BBCA.JK
2026-08-07,6350.38623046875,6375.0,6450.0,6325.0,6375.0,111930800,BBCA.JK
2026-08-10,6350.38623046875,6375.0,6450.0,6350.0,6400.0,88666100,BBCA.JK
2026-08-11,6275.67578125,6300.0,6400.0,6200.0,6375.0,112490800,BBCA.JK
2026-08-12,6325.482421875,6350.0,6350.0,6225.0,6300.0,87177100,BBCA.JK
2026-08-13,6350.38623046875,6375.0,6375.0,6250.0,6350.0,83208000,BBCA.JK
2026-08-14,6325.482421875,6350.0,6350.0,6275.0,6300.0,56953500,BBCA.JK
2026-08-18,6275.67578125,6300.0,6450.0,6300.0,6375.0,114945500,BBCA.JK
2026-08-19,6275.67578125,6300.0,6425.0,6300.0,6300.0,68105000,BBCA.JK
2026-08-20,6375.28955078125,6400.0,6400.0,6300.0,6350.0,67749800,BBCA.JK
2026-08-21,6425.0966796875,6450.0,6475.0,6400.0,6400.0,100684300,BBCA.JK
2026-08-24,6375.28955078125,6400.0,6450.0,6350.0,6450.0,81295600,BBCA.JK
2026-08-26,6325.482421875,6350.0,6450.0,6350.0,6450.0,86115900,BBCA.JK
2026-08-27,6375.28955078125,6400.0,6425.0,6325.0,6350.0,60556000,BBCA.JK
2026-08-28,6450.0,6475.0,6525.0,6400.0,6425.0,156445200,BBCA.JK
2026-08-31,6475.0,6475.0,6525.0,6400.0,6450.0,230904500,BBCA.JK
2026-09-01,6600.0,6600.0,6600.0,6425.0,6450.0,117969900,BBCA.JK
