Date,Adj Close,Close,High,Low,Open,Volume,Ticker
2018-01-01,2072.907470703125,3309.03369140625,3309.03369140625,3309.03369140625,3309.03369140625,0,BBRI.JK
2018-01-02,2067.212890625,3299.943115234375,3381.759765625,3281.761474609375,3354.487548828125,100241541,BBRI.JK
2018-01-03,2055.82373046875,3281.761474609375,3299.943115234375,3236.3076171875,3299.943115234375,77164902,BBRI.JK
2018-01-04,2021.654541015625,3227.217041015625,3281.761474609375,3145.400146484375,3281.761474609375,172049901,BBRI.JK
2018-01-05,2044.4337158203125,3263.580078125,3263.580078125,3199.94482421875,3227.217041015625,95806814,BBRI.JK
2018-01-08,2044.4337158203125,3263.580078125,3263.580078125,3236.3076171875,3263.580078125,60016046,BBRI.JK
2018-01-09,2033.0439453125,3245.3984375,3272.670654296875,3209.035400390625,3272.670654296875,99669091,BBRI.JK
2018-01-10,2010.2650146484375,3209.035400390625,3263.580078125,3181.76318359375,3254.4892578125,128052221,BBRI.JK
2018-01-11,2015.9599609375,3218.126220703125,3218.126220703125,3163.581787109375,3218.126220703125,125818963,BBRI.JK
2018-01-12,2015.9599609375,3218.126220703125,3254.4892578125,3181.76318359375,3227.217041015625,146792365,BBRI.JK
2018-01-15,2021.654541015625,3227.217041015625,3245.3984375,3218.126220703125,3218.126220703125,95279025,BBRI.JK
2018-01-16,2055.82373046875,3281.761474609375,3281.761474609375,3209.035400390625,3209.035400390625,101318790,BBRI.JK
2018-01-17,2067.212890625,3299.943115234375,3299.943115234375,3254.4892578125,3290.852294921875,89613597,BBRI.JK
2018-01-18,2061.5185546875,3290.852294921875,3318.12451171875,3263.580078125,3299.943115234375,87056383,BBRI.JK
2018-01-19,2061.5185546875,3290.852294921875,3299.943115234375,3254.4892578125,3290.852294921875,87535331,BBRI.JK
2018-01-22,2078.6025390625,3318.12451171875,3336.305908203125,3281.761474609375,3290.852294921875,128524019,BBRI.JK
2018-01-23,2232.362060546875,3563.57470703125,3563.57470703125,3336.305908203125,3345.396728515625,186238386,BBRI.JK
2018-01-24,2181.109375,3481.758056640625,3545.393310546875,3472.667236328125,3545.393310546875,165077211,BBRI.JK
2018-01-25,2146.9404296875,3427.213623046875,3509.0302734375,3381.759765625,3509.0302734375,155403974,BBRI.JK
2018-01-26,2192.49853515625,3499.939453125,3509.0302734375,3436.30419921875,3445.39501953125,149193706,BBRI.JK
2018-01-29,2164.02490234375,3454.48583984375,3499.939453125,3418.122802734375,3499.939453125,134887519,BBRI.JK
2018-01-30,2118.46630859375,3381.759765625,3454.48583984375,3372.6689453125,3454.48583984375,197268607,BBRI.JK
2018-01-31,2107.076416015625,3363.578369140625,3381.759765625,3299.943115234375,3363.578369140625,289533250,BBRI.JK
2018-02-01,2107.076416015625,3363.578369140625,3418.122802734375,3363.578369140625,3390.8505859375,160147366,BBRI.JK
2018-02-02,2129.856201171875,3399.941162109375,3409.031982421875,3372.6689453125,3399.941162109375,125526688,BBRI.JK
2018-02-05,2152.635009765625,3436.30419921875,3445.39501953125,3318.12451171875,3318.12451171875,123946840,BBRI.JK
2018-02-06,2095.68701171875,3345.396728515625,3381.759765625,3327.21533203125,3354.487548828125,286316245,BBRI.JK
2018-02-07,2107.076416015625,3363.578369140625,3409.031982421875,3363.578369140625,3372.6689453125,151721770,BBRI.JK
2018-02-08,2118.46630859375,3381.759765625,3390.8505859375,3345.396728515625,3345.396728515625,122222231,BBRI.JK
2018-02-09,2112.771484375,3372.6689453125,3390.8505859375,3345.396728515625,3354.487548828125,102455989,BBRI.JK
2018-02-12,2164.02490234375,3454.48583984375,3454.48583984375,3363.578369140625,3363.578369140625,89670248,BBRI.JK
2018-02-13,2209.583251953125,3527.2119140625,3536.302490234375,3463.576416015625,3463.576416015625,119062096,BBRI.JK
2018-02-14,2198.193603515625,3509.0302734375,3554.484130859375,3481.758056640625,3545.393310546875,74433005,BBRI.JK
2018-02-15,2186.803955078125,3490.848876953125,3518.12109375,3472.667236328125,3509.0302734375,58183854,BBRI.JK
2018-02-16,2186.803955078125,3490.848876953125,3490.848876953125,3490.848876953125,3490.848876953125,0,BBRI.JK
2018-02-19,2198.193603515625,3509.0302734375,3509.0302734375,3472.667236328125,3499.939453125,69751104,BBRI.JK
2018-02-20,2164.02490234375,3454.48583984375,3509.0302734375,3436.30419921875,3490.848876953125,100658888,BBRI.JK
2018-02-21,2164.02490234375,3454.48583984375,3454.48583984375,3409.031982421875,3454.48583984375,120299507,BBRI.JK
2018-02-22,2146.9404296875,3427.213623046875,3445.39501953125,3418.122802734375,3436.30419921875,114220142,BBRI.JK
2018-02-23,2158.32958984375,3445.39501953125,3463.576416015625,3418.122802734375,3418.122802734375,118526277,BBRI.JK
2018-02-26,2129.856201171875,3399.941162109375,3445.39501953125,3390.8505859375,3409.031982421875,107300693,BBRI.JK
2018-02-27,2146.9404296875,3427.213623046875,3445.39501953125,3390.8505859375,3399.941162109375,84161903,BBRI.JK
2018-02-28,2152.635009765625,3436.30419921875,3445.39501953125,3399.941162109375,3436.30419921875,138929979,BBRI.JK
2018-03-01,2158.32958984375,3445.39501953125,3472.667236328125,3436.30419921875,3454.48583984375,118792591,BBRI.JK
2018-03-02,2158.32958984375,3445.39501953125,3445.39501953125,3399.941162109375,3445.39501953125,68018134,BBRI.JK
2018-03-05,2146.9404296875,3427.213623046875,3454.48583984375,3427.213623046875,3454.48583984375,60785289,BBRI.JK
2018-03-06,2124.1611328125,3390.8505859375,3463.576416015625,3363.578369140625,3436.30419921875,100183130,BBRI.JK
2018-03-07,2084.297607421875,3327.21533203125,3390.8505859375,3318.12451171875,3381.759765625,155776220,BBRI.JK
2018-03-08,2146.9404296875,3427.213623046875,3427.213623046875,3354.487548828125,3390.8505859375,143707692,BBRI.JK
2018-03-09,2101.38232421875,3354.487548828125,3409.031982421875,3345.396728515625,3381.759765625,109099004,BBRI.JK
2018-03-12,2141.24560546875,3418.122802734375,3418.122802734375,3363.578369140625,3363.578369140625,158650900,BBRI.JK
2018-03-13,2141.24560546875,3418.122802734375,3427.213623046875,3381.759765625,3418.122802734375,140515107,BBRI.JK
2018-03-14,2135.55078125,3409.031982421875,3409.031982421875,3363.578369140625,3409.031982421875,64433502,BBRI.JK
2018-03-15,2072.907470703125,3309.03369140625,3381.759765625,3309.03369140625,3363.578369140625,165019570,BBRI.JK
2018-03-16,2095.68701171875,3345.396728515625,3345.396728515625,3227.217041015625,3309.03369140625,249097762,BBRI.JK
2018-03-19,2101.38232421875,3354.487548828125,3381.759765625,3336.305908203125,3354.487548828125,99120072,BBRI.JK
2018-03-20,2129.856201171875,3399.941162109375,3399.941162109375,3327.21533203125,3381.759765625,115814840,BBRI.JK
2018-03-21,2169.7197265625,3463.576416015625,3472.667236328125,3399.941162109375,3409.031982421875,147523988,BBRI.JK
2018-03-22,2089.991943359375,3336.305908203125,3454.48583984375,3327.21533203125,3454.48583984375,159015446,BBRI.JK
2018-03-23,2050.12890625,3272.670654296875,3272.670654296875,3136.3095703125,3236.3076171875,216369227,BBRI.JK
2018-03-26,2050.12890625,3272.670654296875,3281.761474609375,3218.126220703125,3254.4892578125,98906118,BBRI.JK
2018-03-27,2050.12890625,3272.670654296875,3336.305908203125,3245.3984375,3327.21533203125,112691006,BBRI.JK
2018-03-28,2021.654541015625,3227.217041015625,3318.12451171875,3181.76318359375,3309.03369140625,108206998,BBRI.JK
2018-03-29,2050.12890625,3272.670654296875,3272.670654296875,3199.94482421875,3263.580078125,143949036,BBRI.JK
2018-03-30,2050.12890625,3272.670654296875,3272.670654296875,3272.670654296875,3272.670654296875,0,BBRI.JK
2018-04-02,2112.776611328125,3272.670654296875,3272.670654296875,3172.67236328125,3181.76318359375,76216686,BBRI.JK
2018-04-03,2112.776611328125,3272.670654296875,3272.670654296875,3209.035400390625,3209.035400390625,50078034,BBRI.JK
2018-04-04,2048.219482421875,3172.67236328125,3272.670654296875,3145.400146484375,3272.670654296875,97768588,BBRI.JK
2018-04-05,2036.48193359375,3154.490966796875,3218.126220703125,3154.490966796875,3190.85400390625,88018240,BBRI.JK
2018-04-06,2042.3505859375,3163.581787109375,3172.67236328125,3136.3095703125,3154.490966796875,74313983,BBRI.JK
2018-04-09,2071.694580078125,3209.035400390625,3209.035400390625,3163.581787109375,3209.035400390625,53455753,BBRI.JK
2018-04-10,2101.038818359375,3254.4892578125,3299.943115234375,3209.035400390625,3218.126220703125,94237087,BBRI.JK
2018-04-11,2142.1201171875,3318.12451171875,3336.305908203125,3299.943115234375,3318.12451171875,96474306,BBRI.JK
2018-04-12,2106.907470703125,3263.580078125,3336.305908203125,3245.3984375,3336.305908203125,68189737,BBRI.JK
2018-04-13,2083.432373046875,3227.217041015625,3318.12451171875,3227.217041015625,3309.03369140625,64579915,BBRI.JK
2018-04-16,2083.432373046875,3227.217041015625,3227.217041015625,3227.217041015625,3227.217041015625,0,BBRI.JK
2018-04-17,2083.432373046875,3227.217041015625,3227.217041015625,3227.217041015625,3227.217041015625,0,BBRI.JK
2018-04-18,2147.989501953125,3327.21533203125,3327.21533203125,3290.852294921875,3309.03369140625,74694590,BBRI.JK
2018-04-19,2147.989501953125,3327.21533203125,3327.21533203125,3327.21533203125,3327.21533203125,0,BBRI.JK
2018-04-20,2147.989501953125,3327.21533203125,3327.21533203125,3327.21533203125,3327.21533203125,0,BBRI.JK
2018-04-23,2101.038818359375,3254.4892578125,3309.03369140625,3254.4892578125,3299.943115234375,96494986,BBRI.JK
2018-04-24,2048.219482421875,3172.67236328125,3254.4892578125,3163.581787109375,3245.3984375,111607927,BBRI.JK
2018-04-25,2048.219482421875,3172.67236328125,3172.67236328125,3172.67236328125,3172.67236328125,0,BBRI.JK
2018-04-26,2048.219482421875,3172.67236328125,3172.67236328125,3172.67236328125,3172.67236328125,0,BBRI.JK
2018-04-27,2048.219482421875,3172.67236328125,3172.67236328125,3172.67236328125,3172.67236328125,0,BBRI.JK
2018-04-30,1889.76123046875,2927.22216796875,2981.7666015625,2872.677734375,2899.949951171875,143226213,BBRI.JK
2018-05-01,1889.76123046875,2927.22216796875,2927.22216796875,2927.22216796875,2927.22216796875,0,BBRI.JK
2018-05-02,1895.6298828125,2936.31298828125,2945.403564453125,2899.949951171875,2936.31298828125,130874320,BBRI.JK
2018-05-03,1848.6793212890625,2863.5869140625,2909.040771484375,2854.49609375,2909.040771484375,159331482,BBRI.JK
2018-05-04,1778.253662109375,2754.497802734375,2881.768310546875,2736.31640625,2863.5869140625,200761167,BBRI.JK
2018-05-07,1789.9908447265625,2772.679443359375,2818.133056640625,2718.134765625,2799.95166015625,202507337,BBRI.JK
2018-05-08,1801.7288818359375,2790.86083984375,2809.04248046875,2745.4072265625,2809.04248046875,121509198,BBRI.JK
2018-05-09,1883.892333984375,2918.13134765625,2936.31298828125,2790.86083984375,2836.314697265625,203973553,BBRI.JK
2018-05-10,1883.892333984375,2918.13134765625,2918.13134765625,2918.13134765625,2918.13134765625,0,BBRI.JK
2018-05-11,1854.548583984375,2872.677734375,2999.9482421875,2872.677734375,2963.585205078125,177597297,BBRI.JK
2018-05-14,1872.1549072265625,2899.949951171875,2899.949951171875,2818.133056640625,2863.5869140625,105848998,BBRI.JK
2018-05-15,1801.7288818359375,2790.86083984375,2927.22216796875,2781.77001953125,2927.22216796875,118834392,BBRI.JK
2018-05-16,1801.7288818359375,2790.86083984375,2790.86083984375,2681.77197265625,2736.31640625,328823179,BBRI.JK
2018-05-17,1754.778076171875,2718.134765625,2818.133056640625,2718.134765625,2790.86083984375,190119473,BBRI.JK
2018-05-18,1725.4342041015625,2672.68115234375,2763.588623046875,2654.49951171875,2727.2255859375,236572616,BBRI.JK
2018-05-21,1619.7952880859375,2509.047607421875,2654.49951171875,2499.956787109375,2636.318115234375,569723380,BBRI.JK
2018-05-22,1596.31982421875,2472.6845703125,2581.773681640625,2472.6845703125,2518.138427734375,365772377,BBRI.JK
2018-05-23,1690.2208251953125,2618.136474609375,2654.49951171875,2518.138427734375,2527.22900390625,450918248,BBRI.JK
2018-05-24,1795.85986328125,2781.77001953125,2790.86083984375,2654.49951171875,2663.59033203125,277046605,BBRI.JK
2018-05-25,1831.0728759765625,2836.314697265625,2845.405517578125,2745.4072265625,2809.04248046875,211478322,BBRI.JK
2018-05-28,1907.367431640625,2954.494384765625,2990.857421875,2836.314697265625,2845.405517578125,204653144,BBRI.JK
2018-05-29,1907.367431640625,2954.494384765625,2954.494384765625,2954.494384765625,2954.494384765625,0,BBRI.JK
2018-05-30,1842.810546875,2854.49609375,2981.7666015625,2854.49609375,2954.494384765625,336856508,BBRI.JK
2018-05-31,1807.59765625,2799.95166015625,2899.949951171875,2790.86083984375,2881.768310546875,343554524,BBRI.JK
2018-06-01,1807.59765625,2799.95166015625,2799.95166015625,2799.95166015625,2799.95166015625,0,BBRI.JK
2018-06-04,1836.9417724609375,2845.405517578125,2881.768310546875,2818.133056640625,2863.5869140625,233134066,BBRI.JK
2018-06-05,1825.2039794921875,2827.223876953125,2872.677734375,2809.04248046875,2863.5869140625,149580143,BBRI.JK
2018-06-06,1848.6793212890625,2863.5869140625,2872.677734375,2809.04248046875,2836.314697265625,109462340,BBRI.JK
2018-06-07,1919.10546875,2972.676025390625,2972.676025390625,2872.677734375,2890.859130859375,202124311,BBRI.JK
2018-06-08,1842.810546875,2854.49609375,2954.494384765625,2827.223876953125,2918.13134765625,289274526,BBRI.JK
2018-06-11,1842.810546875,2854.49609375,2854.49609375,2854.49609375,2854.49609375,0,BBRI.JK
2018-06-12,1842.810546875,2854.49609375,2854.49609375,2854.49609375,2854.49609375,0,BBRI.JK
2018-06-13,1842.810546875,2854.49609375,2854.49609375,2854.49609375,2854.49609375,0,BBRI.JK
2018-06-14,1842.810546875,2854.49609375,2854.49609375,2854.49609375,2854.49609375,0,BBRI.JK
2018-06-15,1842.810546875,2854.49609375,2854.49609375,2854.49609375,2854.49609375,0,BBRI.JK
2018-06-18,1842.810546875,2854.49609375,2854.49609375,2854.49609375,2854.49609375,0,BBRI.JK
2018-06-19,1842.810546875,2854.49609375,2854.49609375,2854.49609375,2854.49609375,0,BBRI.JK
2018-06-20,1737.1715087890625,2690.862548828125,2754.497802734375,2681.77197265625,2745.4072265625,391042344,BBRI.JK
2018-06-21,1707.82763671875,2645.408935546875,2718.134765625,2645.408935546875,2681.77197265625,149165766,BBRI.JK
2018-06-22,1748.9091796875,2709.044189453125,2709.044189453125,2609.0458984375,2636.318115234375,232759070,BBRI.JK
2018-06-25,1696.0899658203125,2627.227294921875,2727.2255859375,2609.0458984375,2709.044189453125,157345947,BBRI.JK
2018-06-26,1655.008056640625,2563.592041015625,2645.408935546875,2554.501220703125,2554.501220703125,204397610,BBRI.JK
2018-06-27,1666.745849609375,2581.773681640625,2618.136474609375,2572.682861328125,2618.136474609375,146981678,BBRI.JK
2018-06-28,1613.9261474609375,2499.956787109375,2590.8642578125,2490.865966796875,2563.592041015625,217214701,BBRI.JK
2018-06-29,1666.745849609375,2581.773681640625,2636.318115234375,2527.22900390625,2545.41064453125,238570030,BBRI.JK
2018-07-02,1672.6143798828125,2590.8642578125,2645.408935546875,2563.592041015625,2627.227294921875,166470935,BBRI.JK
2018-07-03,1660.8768310546875,2572.682861328125,2599.955078125,2518.138427734375,2590.8642578125,97720407,BBRI.JK
2018-07-04,1719.5650634765625,2663.59033203125,2681.77197265625,2536.31982421875,2572.682861328125,141800039,BBRI.JK
2018-07-05,1707.82763671875,2645.408935546875,2654.49951171875,2599.955078125,2627.227294921875,69844936,BBRI.JK
2018-07-06,1666.745849609375,2581.773681640625,2645.408935546875,2581.773681640625,2645.408935546875,84006801,BBRI.JK
2018-07-09,1766.515869140625,2736.31640625,2754.497802734375,2599.955078125,2599.955078125,140680769,BBRI.JK
2018-07-10,1789.9908447265625,2772.679443359375,2799.95166015625,2709.044189453125,2763.588623046875,144808151,BBRI.JK
2018-07-11,1754.778076171875,2718.134765625,2727.2255859375,2681.77197265625,2727.2255859375,146347957,BBRI.JK
2018-07-12,1743.0408935546875,2699.953369140625,2727.2255859375,2681.77197265625,2690.862548828125,100852711,BBRI.JK
2018-07-13,1743.0408935546875,2699.953369140625,2754.497802734375,2690.862548828125,2690.862548828125,112109646,BBRI.JK
2018-07-16,1743.0408935546875,2699.953369140625,2736.31640625,2627.227294921875,2727.2255859375,95277155,BBRI.JK
2018-07-17,1684.3525390625,2609.0458984375,2672.68115234375,2599.955078125,2663.59033203125,150798524,BBRI.JK
2018-07-18,1672.6143798828125,2590.8642578125,2636.318115234375,2590.8642578125,2609.0458984375,125471907,BBRI.JK
2018-07-19,1696.0899658203125,2627.227294921875,2690.862548828125,2609.0458984375,2636.318115234375,156549643,BBRI.JK
2018-07-20,1748.9091796875,2709.044189453125,2709.044189453125,2609.0458984375,2627.227294921875,79807478,BBRI.JK
2018-07-23,1784.122314453125,2763.588623046875,2772.679443359375,2718.134765625,2727.2255859375,97874520,BBRI.JK
2018-07-24,1766.515869140625,2736.31640625,2790.86083984375,2736.31640625,2781.77001953125,80259146,BBRI.JK
2018-07-25,1754.778076171875,2718.134765625,2745.4072265625,2681.77197265625,2709.044189453125,79152417,BBRI.JK
2018-07-26,1784.122314453125,2763.588623046875,2790.86083984375,2754.497802734375,2772.679443359375,93167319,BBRI.JK
2018-07-27,1813.466552734375,2809.04248046875,2809.04248046875,2745.4072265625,2781.77001953125,60176759,BBRI.JK
2018-07-30,1807.59765625,2799.95166015625,2827.223876953125,2790.86083984375,2818.133056640625,73543200,BBRI.JK
2018-07-31,1801.7288818359375,2790.86083984375,2799.95166015625,2727.2255859375,2799.95166015625,118206281,BBRI.JK
2018-08-01,1872.1549072265625,2899.949951171875,2909.040771484375,2772.679443359375,2790.86083984375,161810924,BBRI.JK
2018-08-02,1907.367431640625,2954.494384765625,2963.585205078125,2899.949951171875,2909.040771484375,174250489,BBRI.JK
2018-08-03,1954.3179931640625,3027.220458984375,3045.40185546875,2936.31298828125,2972.676025390625,110650581,BBRI.JK
2018-08-06,2001.268798828125,3099.946533203125,3109.037109375,3036.311279296875,3045.40185546875,157644712,BBRI.JK
2018-08-07,1966.055908203125,3045.40185546875,3090.855712890625,3027.220458984375,3045.40185546875,98346098,BBRI.JK
2018-08-08,1954.3179931640625,3027.220458984375,3090.855712890625,3009.038818359375,3090.855712890625,99782943,BBRI.JK
2018-08-09,1954.3179931640625,3027.220458984375,3045.40185546875,2999.9482421875,3027.220458984375,76621053,BBRI.JK
2018-08-10,1989.53125,3081.764892578125,3154.490966796875,3045.40185546875,3045.40185546875,127559853,BBRI.JK
2018-08-13,1842.810546875,2854.49609375,3018.129638671875,2845.405517578125,2999.9482421875,197264867,BBRI.JK
2018-08-14,1836.9417724609375,2845.405517578125,2863.5869140625,2763.588623046875,2809.04248046875,170317811,BBRI.JK
2018-08-15,1883.892333984375,2918.13134765625,2927.22216796875,2745.4072265625,2863.5869140625,152206658,BBRI.JK
2018-08-16,1789.9908447265625,2772.679443359375,2890.859130859375,2772.679443359375,2890.859130859375,180034939,BBRI.JK
2018-08-17,1789.9908447265625,2772.679443359375,2772.679443359375,2772.679443359375,2772.679443359375,0,BBRI.JK
2018-08-20,1866.28564453125,2890.859130859375,2899.949951171875,2799.95166015625,2799.95166015625,111516626,BBRI.JK
2018-08-21,1848.6793212890625,2863.5869140625,2890.859130859375,2836.314697265625,2845.405517578125,65465430,BBRI.JK
2018-08-22,1848.6793212890625,2863.5869140625,2863.5869140625,2863.5869140625,2863.5869140625,0,BBRI.JK
2018-08-23,1919.10546875,2972.676025390625,2972.676025390625,2845.405517578125,2890.859130859375,171421680,BBRI.JK
2018-08-24,1919.10546875,2972.676025390625,2990.857421875,2936.31298828125,2972.676025390625,106494709,BBRI.JK
2018-08-27,1983.662109375,3072.67431640625,3072.67431640625,2990.857421875,3018.129638671875,123606274,BBRI.JK
2018-08-28,1954.3179931640625,3027.220458984375,3072.67431640625,2999.9482421875,3027.220458984375,109603913,BBRI.JK
2018-08-29,1930.843017578125,2990.857421875,2999.9482421875,2954.494384765625,2963.585205078125,87007762,BBRI.JK
2018-08-30,1872.1549072265625,2899.949951171875,3009.038818359375,2899.949951171875,2990.857421875,91898887,BBRI.JK
2018-08-31,1866.28564453125,2890.859130859375,2890.859130859375,2827.223876953125,2890.859130859375,156934320,BBRI.JK
2018-09-03,1860.416748046875,2881.768310546875,2927.22216796875,2872.677734375,2890.859130859375,70837593,BBRI.JK
2018-09-04,1825.2039794921875,2827.223876953125,2909.040771484375,2809.04248046875,2909.040771484375,83758086,BBRI.JK
2018-09-05,1719.5650634765625,2663.59033203125,2790.86083984375,2636.318115234375,2790.86083984375,233835878,BBRI.JK
2018-09-06,1737.1715087890625,2690.862548828125,2718.134765625,2645.408935546875,2645.408935546875,226602703,BBRI.JK
2018-09-07,1778.253662109375,2754.497802734375,2754.497802734375,2690.862548828125,2709.044189453125,155714509,BBRI.JK
2018-09-10,1743.0408935546875,2699.953369140625,2754.497802734375,2690.862548828125,2754.497802734375,95204004,BBRI.JK
2018-09-11,1743.0408935546875,2699.953369140625,2699.953369140625,2699.953369140625,2699.953369140625,0,BBRI.JK
2018-09-12,1707.82763671875,2645.408935546875,2736.31640625,2645.408935546875,2709.044189453125,129887933,BBRI.JK
2018-09-13,1760.647216796875,2727.2255859375,2736.31640625,2690.862548828125,2690.862548828125,138077684,BBRI.JK
2018-09-14,1801.7288818359375,2790.86083984375,2790.86083984375,2727.2255859375,2754.497802734375,115639387,BBRI.JK
2018-09-17,1743.0408935546875,2699.953369140625,2781.77001953125,2681.77197265625,2781.77001953125,100504005,BBRI.JK
2018-09-18,1725.4342041015625,2672.68115234375,2709.044189453125,2654.49951171875,2699.953369140625,152222609,BBRI.JK
2018-09-19,1760.647216796875,2727.2255859375,2745.4072265625,2699.953369140625,2699.953369140625,115947612,BBRI.JK
2018-09-20,1813.466552734375,2809.04248046875,2836.314697265625,2745.4072265625,2772.679443359375,170051827,BBRI.JK
2018-09-21,1831.0728759765625,2836.314697265625,2899.949951171875,2836.314697265625,2863.5869140625,223538491,BBRI.JK
2018-09-24,1766.515869140625,2736.31640625,2836.314697265625,2727.2255859375,2836.314697265625,104783739,BBRI.JK
2018-09-25,1778.253662109375,2754.497802734375,2754.497802734375,2709.044189453125,2736.31640625,121129032,BBRI.JK
2018-09-26,1754.778076171875,2718.134765625,2781.77001953125,2718.134765625,2754.497802734375,73480719,BBRI.JK
2018-09-27,1801.7288818359375,2790.86083984375,2799.95166015625,2727.2255859375,2727.2255859375,135712644,BBRI.JK
2018-09-28,1848.6793212890625,2863.5869140625,2881.768310546875,2799.95166015625,2809.04248046875,170043797,BBRI.JK
2018-10-01,1866.28564453125,2890.859130859375,2899.949951171875,2863.5869140625,2863.5869140625,100581667,BBRI.JK
2018-10-02,1825.2039794921875,2827.223876953125,2890.859130859375,2799.95166015625,2863.5869140625,145599614,BBRI.JK
2018-10-03,1819.335205078125,2818.133056640625,2863.5869140625,2799.95166015625,2863.5869140625,77064031,BBRI.JK
2018-10-04,1760.647216796875,2727.2255859375,2781.77001953125,2709.044189453125,2781.77001953125,161892546,BBRI.JK
2018-10-05,1748.9091796875,2709.044189453125,2763.588623046875,2690.862548828125,2727.2255859375,160008103,BBRI.JK
2018-10-08,1743.0408935546875,2699.953369140625,2736.31640625,2690.862548828125,2699.953369140625,71328312,BBRI.JK
2018-10-09,1772.385009765625,2745.4072265625,2754.497802734375,2699.953369140625,2699.953369140625,56325372,BBRI.JK
2018-10-10,1766.515869140625,2736.31640625,2763.588623046875,2736.31640625,2754.497802734375,67385623,BBRI.JK
2018-10-11,1707.82763671875,2645.408935546875,2681.77197265625,2609.0458984375,2663.59033203125,193058944,BBRI.JK
2018-10-12,1731.3028564453125,2681.77197265625,2718.134765625,2654.49951171875,2663.59033203125,130162058,BBRI.JK
2018-10-15,1760.647216796875,2727.2255859375,2754.497802734375,2690.862548828125,2690.862548828125,94319479,BBRI.JK
2018-10-16,1760.647216796875,2727.2255859375,2745.4072265625,2690.862548828125,2727.2255859375,71567346,BBRI.JK
2018-10-17,1801.7288818359375,2790.86083984375,2799.95166015625,2754.497802734375,2781.77001953125,88091831,BBRI.JK
2018-10-18,1813.466552734375,2809.04248046875,2818.133056640625,2772.679443359375,2790.86083984375,71647977,BBRI.JK
2018-10-19,1772.385009765625,2745.4072265625,2809.04248046875,2745.4072265625,2790.86083984375,89090208,BBRI.JK
2018-10-22,1789.9908447265625,2772.679443359375,2799.95166015625,2736.31640625,2736.31640625,53687637,BBRI.JK
2018-10-23,1772.385009765625,2745.4072265625,2790.86083984375,2736.31640625,2763.588623046875,64410732,BBRI.JK
2018-10-24,1731.3028564453125,2681.77197265625,2763.588623046875,2681.77197265625,2727.2255859375,93019806,BBRI.JK
2018-10-25,1760.647216796875,2727.2255859375,2727.2255859375,2645.408935546875,2645.408935546875,144333712,BBRI.JK
2018-10-26,1754.778076171875,2718.134765625,2745.4072265625,2709.044189453125,2727.2255859375,72852718,BBRI.JK
2018-10-29,1731.3028564453125,2681.77197265625,2745.4072265625,2681.77197265625,2727.2255859375,56418764,BBRI.JK
2018-10-30,1778.253662109375,2754.497802734375,2754.497802734375,2681.77197265625,2690.862548828125,79624985,BBRI.JK
2018-10-31,1848.6793212890625,2863.5869140625,2863.5869140625,2754.497802734375,2772.679443359375,240391992,BBRI.JK
2018-11-01,1878.0233154296875,2909.040771484375,2954.494384765625,2872.677734375,2899.949951171875,216901746,BBRI.JK
2018-11-02,1924.9737548828125,2981.7666015625,2990.857421875,2899.949951171875,2945.403564453125,184006228,BBRI.JK
2018-11-05,1919.10546875,2972.676025390625,2981.7666015625,2927.22216796875,2963.585205078125,87555902,BBRI.JK
2018-11-06,1954.3179931640625,3027.220458984375,3027.220458984375,2963.585205078125,2981.7666015625,153414589,BBRI.JK
2018-11-07,1977.7933349609375,3063.58349609375,3063.58349609375,3009.038818359375,3036.311279296875,178995971,BBRI.JK
2018-11-08,2024.743896484375,3136.3095703125,3172.67236328125,3081.764892578125,3090.855712890625,220276054,BBRI.JK
2018-11-09,1960.187255859375,3036.311279296875,3118.1279296875,3027.220458984375,3118.1279296875,126597116,BBRI.JK
2018-11-12,1924.9737548828125,2981.7666015625,3054.49267578125,2981.7666015625,3018.129638671875,84809154,BBRI.JK
2018-11-13,1966.055908203125,3045.40185546875,3054.49267578125,2936.31298828125,2981.7666015625,112074555,BBRI.JK
2018-11-14,1966.055908203125,3045.40185546875,3109.037109375,3045.40185546875,3045.40185546875,125174682,BBRI.JK
2018-11-15,2001.268798828125,3099.946533203125,3109.037109375,3027.220458984375,3063.58349609375,117577840,BBRI.JK
2018-11-16,2048.219482421875,3172.67236328125,3227.217041015625,3109.037109375,3118.1279296875,191148871,BBRI.JK
2018-11-19,2065.825439453125,3199.94482421875,3218.126220703125,3136.3095703125,3218.126220703125,86540804,BBRI.JK
2018-11-20,2065.825439453125,3199.94482421875,3199.94482421875,3199.94482421875,3199.94482421875,0,BBRI.JK
2018-11-21,2013.0064697265625,3118.1279296875,3154.490966796875,3045.40185546875,3109.037109375,151878633,BBRI.JK
2018-11-22,2083.432373046875,3227.217041015625,3227.217041015625,3118.1279296875,3118.1279296875,130140277,BBRI.JK
2018-11-23,2042.3505859375,3163.581787109375,3254.4892578125,3154.490966796875,3209.035400390625,85703360,BBRI.JK
2018-11-26,2077.563720703125,3218.126220703125,3227.217041015625,3136.3095703125,3136.3095703125,90217398,BBRI.JK
2018-11-27,2112.776611328125,3272.670654296875,3290.852294921875,3163.581787109375,3163.581787109375,190169964,BBRI.JK
2018-11-28,2142.1201171875,3318.12451171875,3327.21533203125,3254.4892578125,3318.12451171875,105678495,BBRI.JK
2018-11-29,2177.333251953125,3372.6689453125,3418.122802734375,3345.396728515625,3363.578369140625,152003595,BBRI.JK
2018-11-30,2124.514404296875,3290.852294921875,3354.487548828125,3281.761474609375,3327.21533203125,233078735,BBRI.JK
2018-12-03,2165.59619140625,3354.487548828125,3436.30419921875,3354.487548828125,3381.759765625,150413738,BBRI.JK
2018-12-04,2177.333251953125,3372.6689453125,3409.031982421875,3345.396728515625,3354.487548828125,147855643,BBRI.JK
2018-12-05,2142.1201171875,3318.12451171875,3345.396728515625,3281.761474609375,3309.03369140625,154153142,BBRI.JK
2018-12-06,2142.1201171875,3318.12451171875,3345.396728515625,3281.761474609375,3309.03369140625,119712097,BBRI.JK
2018-12-07,2124.514404296875,3290.852294921875,3327.21533203125,3281.761474609375,3309.03369140625,122365123,BBRI.JK
2018-12-10,2118.6455078125,3281.761474609375,3299.943115234375,3245.3984375,3281.761474609375,102384708,BBRI.JK
2018-12-11,2124.514404296875,3290.852294921875,3299.943115234375,3254.4892578125,3281.761474609375,123936060,BBRI.JK
2018-12-12,2124.514404296875,3290.852294921875,3309.03369140625,3263.580078125,3290.852294921875,97374011,BBRI.JK
2018-12-13,2159.72705078125,3345.396728515625,3354.487548828125,3318.12451171875,3354.487548828125,116914199,BBRI.JK
2018-12-14,2159.72705078125,3345.396728515625,3354.487548828125,3309.03369140625,3336.305908203125,135202785,BBRI.JK
2018-12-17,2112.776611328125,3272.670654296875,3345.396728515625,3272.670654296875,3318.12451171875,137139148,BBRI.JK
2018-12-18,2130.3828125,3299.943115234375,3309.03369140625,3227.217041015625,3227.217041015625,130615046,BBRI.JK
2018-12-19,2153.858154296875,3336.305908203125,3336.305908203125,3272.670654296875,3272.670654296875,146409778,BBRI.JK
2018-12-20,2142.1201171875,3318.12451171875,3327.21533203125,3281.761474609375,3281.761474609375,74063179,BBRI.JK
2018-12-21,2124.514404296875,3290.852294921875,3299.943115234375,3272.670654296875,3281.761474609375,191917014,BBRI.JK
2018-12-24,2124.514404296875,3290.852294921875,3290.852294921875,3290.852294921875,3290.852294921875,0,BBRI.JK
2018-12-25,2124.514404296875,3290.852294921875,3290.852294921875,3290.852294921875,3290.852294921875,0,BBRI.JK
2018-12-26,2112.776611328125,3272.670654296875,3299.943115234375,3199.94482421875,3227.217041015625,91749064,BBRI.JK
2018-12-27,2147.989501953125,3327.21533203125,3336.305908203125,3290.852294921875,3318.12451171875,78890942,BBRI.JK
2018-12-28,2147.989501953125,3327.21533203125,3345.396728515625,3318.12451171875,3345.396728515625,135242605,BBRI.JK
2018-12-31,2147.989501953125,3327.21533203125,3327.21533203125,3327.21533203125,3327.21533203125,0,BBRI.JK
2019-01-01,2147.989501953125,3327.21533203125,3327.21533203125,3327.21533203125,3327.21533203125,0,BBRI.JK
2019-01-02,2118.6455078125,3281.761474609375,3309.03369140625,3263.580078125,3281.761474609375,82441033,BBRI.JK
2019-01-03,2124.514404296875,3290.852294921875,3309.03369140625,3254.4892578125,3254.4892578125,102805905,BBRI.JK
2019-01-04,2147.989501953125,3327.21533203125,3327.21533203125,3281.761474609375,3290.852294921875,125907734,BBRI.JK
2019-01-07,2147.989501953125,3327.21533203125,3372.6689453125,3327.21533203125,3363.578369140625,82106628,BBRI.JK
2019-01-08,2159.72705078125,3345.396728515625,3345.396728515625,3299.943115234375,3327.21533203125,89499635,BBRI.JK
2019-01-09,2183.2021484375,3381.759765625,3399.941162109375,3354.487548828125,3372.6689453125,131331598,BBRI.JK
2019-01-10,2200.80908203125,3409.031982421875,3409.031982421875,3372.6689453125,3399.941162109375,156122176,BBRI.JK
2019-01-11,2189.0712890625,3390.8505859375,3427.213623046875,3363.578369140625,3418.122802734375,118649479,BBRI.JK
2019-01-14,2224.283935546875,3445.39501953125,3445.39501953125,3390.8505859375,3390.8505859375,126576436,BBRI.JK
2019-01-15,2218.4150390625,3436.30419921875,3445.39501953125,3399.941162109375,3427.213623046875,154948896,BBRI.JK
2019-01-16,2218.4150390625,3436.30419921875,3454.48583984375,3418.122802734375,3445.39501953125,114151831,BBRI.JK
2019-01-17,2236.02197265625,3463.576416015625,3490.848876953125,3436.30419921875,3445.39501953125,131847617,BBRI.JK
2019-01-18,2241.890380859375,3472.667236328125,3499.939453125,3445.39501953125,3499.939453125,105708085,BBRI.JK
2019-01-21,2230.153076171875,3454.48583984375,3481.758056640625,3454.48583984375,3454.48583984375,89020137,BBRI.JK
2019-01-22,2212.54638671875,3427.213623046875,3445.39501953125,3399.941162109375,3427.213623046875,131658634,BBRI.JK
2019-01-23,2212.54638671875,3427.213623046875,3463.576416015625,3390.8505859375,3418.122802734375,179807675,BBRI.JK
2019-01-24,2224.283935546875,3445.39501953125,3463.576416015625,3409.031982421875,3409.031982421875,193786497,BBRI.JK
2019-01-25,2218.4150390625,3436.30419921875,3472.667236328125,3436.30419921875,3472.667236328125,139857845,BBRI.JK
2019-01-28,2218.4150390625,3436.30419921875,3445.39501953125,3409.031982421875,3409.031982421875,102940988,BBRI.JK
2019-01-29,2165.59619140625,3354.487548828125,3472.667236328125,3318.12451171875,3436.30419921875,206378414,BBRI.JK
2019-01-30,2200.80908203125,3409.031982421875,3418.122802734375,3363.578369140625,3363.578369140625,159225000,BBRI.JK
2019-01-31,2259.496826171875,3499.939453125,3518.12109375,3454.48583984375,3454.48583984375,277698146,BBRI.JK
2019-02-01,2300.578369140625,3563.57470703125,3572.66552734375,3518.12109375,3527.2119140625,154119152,BBRI.JK
2019-02-04,2288.841064453125,3545.393310546875,3590.84716796875,3536.302490234375,3590.84716796875,83552603,BBRI.JK
2019-02-05,2288.841064453125,3545.393310546875,3545.393310546875,3545.393310546875,3545.393310546875,0,BBRI.JK
2019-02-06,2300.578369140625,3563.57470703125,3581.75634765625,3554.484130859375,3563.57470703125,85882773,BBRI.JK
2019-02-07,2306.447509765625,3572.66552734375,3572.66552734375,3536.302490234375,3572.66552734375,91233705,BBRI.JK
2019-02-08,2282.97216796875,3536.302490234375,3554.484130859375,3499.939453125,3509.0302734375,86321790,BBRI.JK
2019-02-11,2271.234619140625,3518.12109375,3563.57470703125,3509.0302734375,3536.302490234375,61147416,BBRI.JK
2019-02-12,2259.496826171875,3499.939453125,3545.393310546875,3472.667236328125,3545.393310546875,104459344,BBRI.JK
2019-02-13,2224.283935546875,3445.39501953125,3536.302490234375,3436.30419921875,3536.302490234375,119001265,BBRI.JK
2019-02-14,2230.153076171875,3454.48583984375,3499.939453125,3409.031982421875,3472.667236328125,131498911,BBRI.JK
2019-02-15,2212.54638671875,3427.213623046875,3490.848876953125,3409.031982421875,3490.848876953125,96513687,BBRI.JK
2019-02-18,2253.62841796875,3490.848876953125,3509.0302734375,3445.39501953125,3445.39501953125,103030419,BBRI.JK
2019-02-19,2294.709716796875,3554.484130859375,3636.30078125,3527.2119140625,3545.393310546875,153943258,BBRI.JK
2019-02-20,2282.97216796875,3536.302490234375,3581.75634765625,3509.0302734375,3554.484130859375,136475507,BBRI.JK
2019-02-21,2294.709716796875,3554.484130859375,3581.75634765625,3481.758056640625,3481.758056640625,125997166,BBRI.JK
2019-02-22,2288.841064453125,3545.393310546875,3554.484130859375,3509.0302734375,3509.0302734375,89872212,BBRI.JK
2019-02-25,2324.053955078125,3599.937744140625,3609.028564453125,3545.393310546875,3581.75634765625,117405577,BBRI.JK
2019-02-26,2312.31640625,3581.75634765625,3609.028564453125,3554.484130859375,3599.937744140625,67561846,BBRI.JK
2019-02-27,2271.234619140625,3518.12109375,3563.57470703125,3499.939453125,3554.484130859375,96869983,BBRI.JK
2019-02-28,2259.496826171875,3499.939453125,3518.12109375,3490.848876953125,3499.939453125,117143553,BBRI.JK
2019-03-01,2271.234619140625,3518.12109375,3536.302490234375,3509.0302734375,3518.12109375,78576447,BBRI.JK
2019-03-04,2277.103515625,3527.2119140625,3563.57470703125,3527.2119140625,3545.393310546875,62730673,BBRI.JK
2019-03-05,2265.365966796875,3509.0302734375,3545.393310546875,3509.0302734375,3545.393310546875,77678611,BBRI.JK
2019-03-06,2288.841064453125,3545.393310546875,3563.57470703125,3509.0302734375,3536.302490234375,62160643,BBRI.JK
2019-03-07,2288.841064453125,3545.393310546875,3545.393310546875,3545.393310546875,3545.393310546875,0,BBRI.JK
2019-03-08,2259.496826171875,3499.939453125,3527.2119140625,3463.576416015625,3472.667236328125,142765635,BBRI.JK
2019-03-11,2265.365966796875,3509.0302734375,3545.393310546875,3481.758056640625,3545.393310546875,51418628,BBRI.JK
2019-03-12,2253.62841796875,3490.848876953125,3536.302490234375,3463.576416015625,3527.2119140625,69851316,BBRI.JK
2019-03-13,2224.283935546875,3445.39501953125,3463.576416015625,3436.30419921875,3454.48583984375,51432598,BBRI.JK
2019-03-14,2253.62841796875,3490.848876953125,3499.939453125,3436.30419921875,3436.30419921875,99175072,BBRI.JK
2019-03-15,2318.18505859375,3590.84716796875,3590.84716796875,3536.302490234375,3545.393310546875,106867285,BBRI.JK
2019-03-18,2347.529296875,3636.30078125,3663.572998046875,3618.119384765625,3627.2099609375,102196275,BBRI.JK
2019-03-19,2335.79150390625,3618.119384765625,3681.754638671875,3609.028564453125,3672.663818359375,63741150,BBRI.JK
2019-03-20,2341.66064453125,3627.2099609375,3645.3916015625,3599.937744140625,3599.937744140625,94567643,BBRI.JK
2019-03-21,2341.66064453125,3627.2099609375,3672.663818359375,3609.028564453125,3645.3916015625,121229463,BBRI.JK
2019-03-22,2376.873291015625,3681.754638671875,3699.93603515625,3636.30078125,3663.572998046875,104102388,BBRI.JK
2019-03-25,2353.39794921875,3645.3916015625,3672.663818359375,3627.2099609375,3663.572998046875,90384491,BBRI.JK
2019-03-26,2382.7421875,3690.845458984375,3709.02685546875,3645.3916015625,3681.754638671875,75475383,BBRI.JK
2019-03-27,2376.873291015625,3681.754638671875,3709.02685546875,3672.663818359375,3709.02685546875,56170270,BBRI.JK
2019-03-28,2388.611083984375,3699.93603515625,3709.02685546875,3663.572998046875,3699.93603515625,67263631,BBRI.JK
2019-03-29,2412.08642578125,3736.299072265625,3763.5712890625,3681.754638671875,3681.754638671875,71215890,BBRI.JK
2019-04-01,2435.561767578125,3772.662109375,3781.7529296875,3754.480712890625,3763.5712890625,73530330,BBRI.JK
2019-04-02,2435.561767578125,3772.662109375,3790.843505859375,3754.480712890625,3790.843505859375,48845023,BBRI.JK
2019-04-03,2435.561767578125,3772.662109375,3772.662109375,3772.662109375,3772.662109375,0,BBRI.JK
2019-04-04,2476.643310546875,3836.29736328125,3890.841796875,3763.5712890625,3799.934326171875,69303837,BBRI.JK
2019-04-05,2505.987548828125,3881.751220703125,3899.9326171875,3863.569580078125,3872.660400390625,54041183,BBRI.JK
2019-04-08,2494.25,3863.569580078125,3899.9326171875,3827.20654296875,3899.9326171875,82999953,BBRI.JK
2019-04-09,2523.593994140625,3909.0234375,3954.47705078125,3872.660400390625,3890.841796875,80659003,BBRI.JK
2019-04-10,2529.462890625,3918.1142578125,3927.204833984375,3872.660400390625,3909.0234375,116840608,BBRI.JK
2019-04-11,2523.593994140625,3909.0234375,3927.204833984375,3890.841796875,3909.0234375,188618827,BBRI.JK
2019-04-12,2529.462890625,3918.1142578125,3927.204833984375,3890.841796875,3909.0234375,84244625,BBRI.JK
2019-04-15,2552.938232421875,3954.47705078125,3963.56787109375,3918.1142578125,3954.47705078125,70577659,BBRI.JK
2019-04-16,2547.069580078125,3945.386474609375,3963.56787109375,3927.204833984375,3936.295654296875,99923195,BBRI.JK
2019-04-17,2547.069580078125,3945.386474609375,3945.386474609375,3945.386474609375,3945.386474609375,0,BBRI.JK
2019-04-18,2617.4951171875,4054.475341796875,4299.92578125,3981.74951171875,4045.384765625,200241958,BBRI.JK
2019-04-19,2617.4951171875,4054.475341796875,4054.475341796875,4054.475341796875,4054.475341796875,0,BBRI.JK
2019-04-22,2605.7578125,4036.2939453125,4054.475341796875,4009.021728515625,4054.475341796875,112161787,BBRI.JK
2019-04-23,2599.888427734375,4027.203125,4045.384765625,4009.021728515625,4009.021728515625,60325921,BBRI.JK
2019-04-24,2582.2822265625,3999.930908203125,4027.203125,3999.930908203125,4009.021728515625,190094393,BBRI.JK
2019-04-25,2541.200439453125,3936.295654296875,3990.840087890625,3872.660400390625,3981.74951171875,202913024,BBRI.JK
2019-04-26,2541.200439453125,3936.295654296875,3963.56787109375,3827.20654296875,3854.478759765625,146163924,BBRI.JK
2019-04-29,2547.069580078125,3945.386474609375,3954.47705078125,3890.841796875,3899.9326171875,84609831,BBRI.JK
2019-04-30,2564.675537109375,3972.65869140625,4009.021728515625,3945.386474609375,3990.840087890625,140586828,BBRI.JK
2019-05-01,2564.675537109375,3972.65869140625,3972.65869140625,3972.65869140625,3972.65869140625,0,BBRI.JK
2019-05-02,2564.675537109375,3972.65869140625,4018.1123046875,3945.386474609375,4018.1123046875,139594281,BBRI.JK
2019-05-03,2570.544677734375,3981.74951171875,3999.930908203125,3918.1142578125,3936.295654296875,120435690,BBRI.JK
2019-05-06,2482.512451171875,3845.38818359375,3909.0234375,3809.025146484375,3909.0234375,157313497,BBRI.JK
2019-05-07,2494.25,3863.569580078125,3890.841796875,3827.20654296875,3827.20654296875,124070152,BBRI.JK
2019-05-08,2476.643310546875,3836.29736328125,3863.569580078125,3799.934326171875,3863.569580078125,132170032,BBRI.JK
2019-05-09,2417.955322265625,3745.389892578125,3781.7529296875,3745.389892578125,3763.5712890625,179677103,BBRI.JK
2019-05-10,2417.955322265625,3745.389892578125,3781.7529296875,3718.11767578125,3727.208251953125,132313475,BBRI.JK
2019-05-13,2406.217529296875,3727.208251953125,3763.5712890625,3727.208251953125,3754.480712890625,79066285,BBRI.JK
2019-05-14,2376.873291015625,3681.754638671875,3718.11767578125,3609.028564453125,3636.30078125,126601626,BBRI.JK
2019-05-15,2282.97216796875,3536.302490234375,3690.845458984375,3536.302490234375,3681.754638671875,184137240,BBRI.JK
2019-05-16,2265.365966796875,3509.0302734375,3627.2099609375,3472.667236328125,3581.75634765625,158507017,BBRI.JK
2019-05-17,2224.283935546875,3445.39501953125,3554.484130859375,3427.213623046875,3554.484130859375,170721848,BBRI.JK
2019-05-20,2200.80908203125,3409.031982421875,3499.939453125,3327.21533203125,3454.48583984375,181806520,BBRI.JK
2019-05-21,2200.80908203125,3409.031982421875,3490.848876953125,3372.6689453125,3454.48583984375,227189674,BBRI.JK
2019-05-22,2212.54638671875,3427.213623046875,3481.758056640625,3372.6689453125,3372.6689453125,130499434,BBRI.JK
2019-05-23,2259.496826171875,3499.939453125,3536.302490234375,3454.48583984375,3472.667236328125,230153565,BBRI.JK
2019-05-24,2339.825439453125,3499.939453125,3572.66552734375,3427.213623046875,3436.30419921875,165441097,BBRI.JK
2019-05-27,2382.367431640625,3563.57470703125,3609.028564453125,3509.0302734375,3545.393310546875,135938587,BBRI.JK
2019-05-28,2315.515625,3463.576416015625,3590.84716796875,3463.576416015625,3572.66552734375,414291135,BBRI.JK
2019-05-29,2394.5224609375,3581.75634765625,3590.84716796875,3509.0302734375,3536.302490234375,153687174,BBRI.JK
2019-05-30,2394.5224609375,3581.75634765625,3581.75634765625,3581.75634765625,3581.75634765625,0,BBRI.JK
2019-05-31,2491.76220703125,3727.208251953125,3745.389892578125,3618.119384765625,3627.2099609375,287219580,BBRI.JK
2019-06-03,2491.76220703125,3727.208251953125,3727.208251953125,3727.208251953125,3727.208251953125,0,BBRI.JK
2019-06-04,2491.76220703125,3727.208251953125,3727.208251953125,3727.208251953125,3727.208251953125,0,BBRI.JK
2019-06-05,2491.76220703125,3727.208251953125,3727.208251953125,3727.208251953125,3727.208251953125,0,BBRI.JK
2019-06-06,2491.76220703125,3727.208251953125,3727.208251953125,3727.208251953125,3727.208251953125,0,BBRI.JK
2019-06-07,2491.76220703125,3727.208251953125,3727.208251953125,3727.208251953125,3727.208251953125,0,BBRI.JK
2019-06-10,2570.769287109375,3845.38818359375,3881.751220703125,3818.115966796875,3836.29736328125,216423568,BBRI.JK
2019-06-11,2570.769287109375,3845.38818359375,3863.569580078125,3772.662109375,3863.569580078125,127900199,BBRI.JK
2019-06-12,2558.6142578125,3827.20654296875,3827.20654296875,3790.843505859375,3790.843505859375,102196275,BBRI.JK
2019-06-13,2552.536865234375,3818.115966796875,3863.569580078125,3799.934326171875,3863.569580078125,128510489,BBRI.JK
2019-06-14,2570.769287109375,3845.38818359375,3854.478759765625,3790.843505859375,3790.843505859375,79530053,BBRI.JK
2019-06-17,2552.536865234375,3818.115966796875,3863.569580078125,3818.115966796875,3863.569580078125,60714008,BBRI.JK
2019-06-18,2589.001708984375,3872.660400390625,3872.660400390625,3799.934326171875,3799.934326171875,174179428,BBRI.JK
2019-06-19,2607.234130859375,3899.9326171875,3945.386474609375,3890.841796875,3927.204833984375,183945837,BBRI.JK
2019-06-20,2619.38916015625,3918.1142578125,3936.295654296875,3890.841796875,3936.295654296875,118489316,BBRI.JK
2019-06-21,2649.7763671875,3963.56787109375,3963.56787109375,3872.660400390625,3899.9326171875,187213443,BBRI.JK
2019-06-24,2619.38916015625,3918.1142578125,3954.47705078125,3899.9326171875,3918.1142578125,90828128,BBRI.JK
2019-06-25,2631.5439453125,3936.295654296875,3954.47705078125,3899.9326171875,3954.47705078125,65402729,BBRI.JK
2019-06-26,2649.7763671875,3963.56787109375,3972.65869140625,3927.204833984375,3936.295654296875,113137174,BBRI.JK
2019-06-27,2661.931396484375,3981.74951171875,3990.840087890625,3954.47705078125,3981.74951171875,89922813,BBRI.JK
2019-06-28,2649.7763671875,3963.56787109375,3999.930908203125,3954.47705078125,3972.65869140625,112840719,BBRI.JK
2019-07-01,2686.2412109375,4018.1123046875,4018.1123046875,3981.74951171875,3999.930908203125,115331382,BBRI.JK
2019-07-02,2680.16357421875,4009.021728515625,4018.1123046875,3963.56787109375,4018.1123046875,147886774,BBRI.JK
2019-07-03,2674.086181640625,3999.930908203125,4018.1123046875,3963.56787109375,3990.840087890625,81810503,BBRI.JK
2019-07-04,2668.0087890625,3990.840087890625,3999.930908203125,3963.56787109375,3963.56787109375,42557425,BBRI.JK
2019-07-05,2674.086181640625,3999.930908203125,4018.1123046875,3981.74951171875,4018.1123046875,59149341,BBRI.JK
2019-07-08,2674.086181640625,3999.930908203125,4009.021728515625,3972.65869140625,3981.74951171875,50857398,BBRI.JK
2019-07-09,2680.16357421875,4009.021728515625,4009.021728515625,3972.65869140625,3972.65869140625,71191359,BBRI.JK
2019-07-10,2716.62841796875,4063.566162109375,4072.656982421875,3999.930908203125,4009.021728515625,89077008,BBRI.JK
2019-07-11,2740.938232421875,4099.92919921875,4127.20166015625,4072.656982421875,4081.74755859375,100559886,BBRI.JK
2019-07-12,2740.938232421875,4099.92919921875,4127.20166015625,4081.74755859375,4099.92919921875,71034166,BBRI.JK
2019-07-15,2753.093505859375,4118.11083984375,4145.3828125,4109.02001953125,4127.20166015625,75851590,BBRI.JK
2019-07-16,2765.248046875,4136.2919921875,4136.2919921875,4090.83837890625,4090.83837890625,92926745,BBRI.JK
2019-07-17,2747.01611328125,4109.02001953125,4136.2919921875,4090.83837890625,4109.02001953125,71834980,BBRI.JK
2019-07-18,2704.4736328125,4045.384765625,4099.92919921875,4036.2939453125,4090.83837890625,84732483,BBRI.JK
2019-07-19,2722.705810546875,4072.656982421875,4081.74755859375,4036.2939453125,4045.384765625,70769832,BBRI.JK
2019-07-22,2734.861083984375,4090.83837890625,4099.92919921875,4054.475341796875,4090.83837890625,46139636,BBRI.JK
2019-07-23,2728.783447265625,4081.74755859375,4090.83837890625,4063.566162109375,4090.83837890625,47649853,BBRI.JK
2019-07-24,2704.4736328125,4045.384765625,4109.02001953125,4036.2939453125,4109.02001953125,58359418,BBRI.JK
2019-07-25,2710.551025390625,4054.475341796875,4072.656982421875,4045.384765625,4063.566162109375,66445547,BBRI.JK
2019-07-26,2698.39599609375,4036.2939453125,4063.566162109375,3999.930908203125,4009.021728515625,85121120,BBRI.JK
2019-07-29,2710.551025390625,4054.475341796875,4072.656982421875,4036.2939453125,4072.656982421875,101066445,BBRI.JK
2019-07-30,2734.861083984375,4090.83837890625,4090.83837890625,4054.475341796875,4090.83837890625,75632686,BBRI.JK
2019-07-31,2722.705810546875,4072.656982421875,4099.92919921875,4045.384765625,4090.83837890625,116420070,BBRI.JK
2019-08-01,2704.4736328125,4045.384765625,4099.92919921875,4009.021728515625,4081.74755859375,157991988,BBRI.JK
2019-08-02,2704.4736328125,4045.384765625,4063.566162109375,3990.840087890625,3999.930908203125,131279017,BBRI.JK
2019-08-05,2595.0791015625,3881.751220703125,4018.1123046875,3881.751220703125,4009.021728515625,165923785,BBRI.JK
2019-08-06,2491.76220703125,3727.208251953125,3827.20654296875,3654.482421875,3727.208251953125,272405185,BBRI.JK
2019-08-07,2582.92431640625,3863.569580078125,3899.9326171875,3763.5712890625,3763.5712890625,161676832,BBRI.JK
2019-08-08,2607.234130859375,3899.9326171875,3927.204833984375,3863.569580078125,3863.569580078125,102671923,BBRI.JK
2019-08-09,2631.5439453125,3936.295654296875,3954.47705078125,3909.0234375,3936.295654296875,90719996,BBRI.JK
2019-08-12,2613.311767578125,3909.0234375,3981.74951171875,3899.9326171875,3981.74951171875,56163890,BBRI.JK
2019-08-13,2601.15625,3890.841796875,3936.295654296875,3863.569580078125,3936.295654296875,88148482,BBRI.JK
2019-08-14,2631.5439453125,3936.295654296875,3954.47705078125,3918.1142578125,3936.295654296875,102602292,BBRI.JK
2019-08-15,2582.92431640625,3863.569580078125,3890.841796875,3799.934326171875,3827.20654296875,126758709,BBRI.JK
2019-08-16,2558.6142578125,3827.20654296875,3872.660400390625,3818.115966796875,3863.569580078125,102969368,BBRI.JK
2019-08-19,2540.382080078125,3799.934326171875,3836.29736328125,3754.480712890625,3754.480712890625,66407047,BBRI.JK
2019-08-20,2491.76220703125,3727.208251953125,3818.115966796875,3718.11767578125,3799.934326171875,112883069,BBRI.JK
2019-08-21,2461.37451171875,3681.754638671875,3790.843505859375,3672.663818359375,3727.208251953125,92826643,BBRI.JK
2019-08-22,2473.52978515625,3699.93603515625,3763.5712890625,3636.30078125,3690.845458984375,136489697,BBRI.JK
2019-08-23,2479.607177734375,3709.02685546875,3727.208251953125,3654.482421875,3663.572998046875,64061696,BBRI.JK
2019-08-26,2473.52978515625,3699.93603515625,3699.93603515625,3636.30078125,3654.482421875,71268030,BBRI.JK
2019-08-27,2552.536865234375,3818.115966796875,3827.20654296875,3709.02685546875,3754.480712890625,196025365,BBRI.JK
2019-08-28,2546.45947265625,3809.025146484375,3854.478759765625,3809.025146484375,3836.29736328125,109954819,BBRI.JK
2019-08-29,2552.536865234375,3818.115966796875,3836.29736328125,3781.7529296875,3836.29736328125,74831102,BBRI.JK
2019-08-30,2595.0791015625,3881.751220703125,3881.751220703125,3745.389892578125,3809.025146484375,119899980,BBRI.JK
2019-09-02,2564.691650390625,3836.29736328125,3890.841796875,3827.20654296875,3881.751220703125,75321490,BBRI.JK
2019-09-03,2522.149658203125,3772.662109375,3881.751220703125,3754.480712890625,3799.934326171875,83772936,BBRI.JK
2019-09-04,2528.227294921875,3781.7529296875,3799.934326171875,3727.208251953125,3799.934326171875,84356057,BBRI.JK
2019-09-05,2564.691650390625,3836.29736328125,3845.38818359375,3799.934326171875,3836.29736328125,84846225,BBRI.JK
2019-09-06,2595.0791015625,3881.751220703125,3899.9326171875,3863.569580078125,3872.660400390625,125869894,BBRI.JK
2019-09-09,2534.304443359375,3790.843505859375,3899.9326171875,3790.843505859375,3899.9326171875,75150988,BBRI.JK
2019-09-10,2546.45947265625,3809.025146484375,3809.025146484375,3772.662109375,3799.934326171875,76217016,BBRI.JK
2019-09-11,2582.92431640625,3863.569580078125,3872.660400390625,3772.662109375,3772.662109375,125741191,BBRI.JK
2019-09-12,2601.15625,3890.841796875,3954.47705078125,3881.751220703125,3909.0234375,95813194,BBRI.JK
2019-09-13,2619.38916015625,3918.1142578125,3927.204833984375,3890.841796875,3927.204833984375,61703145,BBRI.JK
2019-09-16,2546.45947265625,3809.025146484375,3899.9326171875,3727.208251953125,3899.9326171875,145880779,BBRI.JK
2019-09-17,2582.92431640625,3863.569580078125,3863.569580078125,3754.480712890625,3781.7529296875,117840195,BBRI.JK
2019-09-18,2576.8466796875,3854.478759765625,3872.660400390625,3827.20654296875,3854.478759765625,84048931,BBRI.JK
2019-09-19,2564.691650390625,3836.29736328125,3845.38818359375,3818.115966796875,3818.115966796875,101320660,BBRI.JK
2019-09-20,2528.227294921875,3781.7529296875,3836.29736328125,3754.480712890625,3818.115966796875,239258752,BBRI.JK
2019-09-23,2540.382080078125,3799.934326171875,3818.115966796875,3781.7529296875,3781.7529296875,93391943,BBRI.JK
2019-09-24,2497.839599609375,3736.299072265625,3781.7529296875,3736.299072265625,3781.7529296875,104585626,BBRI.JK
2019-09-25,2479.607177734375,3709.02685546875,3745.389892578125,3654.482421875,3699.93603515625,91472409,BBRI.JK
2019-09-26,2558.6142578125,3827.20654296875,3827.20654296875,3727.208251953125,3736.299072265625,88134402,BBRI.JK
2019-09-27,2540.382080078125,3799.934326171875,3827.20654296875,3781.7529296875,3827.20654296875,63434135,BBRI.JK
2019-09-30,2503.91748046875,3745.389892578125,3818.115966796875,3736.299072265625,3818.115966796875,83981500,BBRI.JK
2019-10-01,2473.52978515625,3699.93603515625,3754.480712890625,3699.93603515625,3745.389892578125,87507501,BBRI.JK
2019-10-02,2388.445068359375,3572.66552734375,3718.11767578125,3563.57470703125,3681.754638671875,182983980,BBRI.JK
2019-10-03,2315.515625,3463.576416015625,3536.302490234375,3463.576416015625,3518.12109375,195391424,BBRI.JK
2019-10-04,2400.60009765625,3590.84716796875,3599.937744140625,3509.0302734375,3527.2119140625,103236563,BBRI.JK
2019-10-07,2370.212646484375,3545.393310546875,3627.2099609375,3509.0302734375,3609.028564453125,139378677,BBRI.JK
2019-10-08,2388.445068359375,3572.66552734375,3599.937744140625,3536.302490234375,3599.937744140625,131777876,BBRI.JK
2019-10-09,2406.677490234375,3599.937744140625,3627.2099609375,3563.57470703125,3590.84716796875,129617548,BBRI.JK
2019-10-10,2364.13525390625,3536.302490234375,3627.2099609375,3527.2119140625,3609.028564453125,118644859,BBRI.JK
2019-10-11,2382.367431640625,3563.57470703125,3599.937744140625,3554.484130859375,3590.84716796875,112429201,BBRI.JK
2019-10-14,2382.367431640625,3563.57470703125,3618.119384765625,3554.484130859375,3590.84716796875,120763165,BBRI.JK
2019-10-15,2394.5224609375,3581.75634765625,3609.028564453125,3536.302490234375,3609.028564453125,140902423,BBRI.JK
2019-10-16,2424.90966796875,3627.2099609375,3627.2099609375,3581.75634765625,3599.937744140625,90212558,BBRI.JK
2019-10-17,2461.37451171875,3681.754638671875,3681.754638671875,3627.2099609375,3636.30078125,115003686,BBRI.JK
2019-10-18,2534.304443359375,3790.843505859375,3809.025146484375,3681.754638671875,3681.754638671875,113976708,BBRI.JK
2019-10-21,2503.91748046875,3745.389892578125,3809.025146484375,3736.299072265625,3790.843505859375,89234971,BBRI.JK
2019-10-22,2516.072021484375,3763.5712890625,3763.5712890625,3699.93603515625,3709.02685546875,90846609,BBRI.JK
2019-10-23,2540.382080078125,3799.934326171875,3799.934326171875,3709.02685546875,3772.662109375,139892606,BBRI.JK
2019-10-24,2613.311767578125,3909.0234375,3909.0234375,3799.934326171875,3799.934326171875,172727403,BBRI.JK
2019-10-25,2570.769287109375,3845.38818359375,3927.204833984375,3836.29736328125,3909.0234375,123528393,BBRI.JK
2019-10-28,2570.769287109375,3845.38818359375,3872.660400390625,3836.29736328125,3845.38818359375,42188588,BBRI.JK
2019-10-29,2570.769287109375,3845.38818359375,3863.569580078125,3799.934326171875,3854.478759765625,90745077,BBRI.JK
2019-10-30,2582.92431640625,3863.569580078125,3872.660400390625,3809.025146484375,3872.660400390625,52187101,BBRI.JK
2019-10-31,2558.6142578125,3827.20654296875,3854.478759765625,3781.7529296875,3827.20654296875,83146256,BBRI.JK
2019-11-01,2540.382080078125,3799.934326171875,3836.29736328125,3772.662109375,3836.29736328125,69610742,BBRI.JK
2019-11-04,2528.227294921875,3781.7529296875,3827.20654296875,3772.662109375,3799.934326171875,55300375,BBRI.JK
2019-11-05,2613.311767578125,3909.0234375,3909.0234375,3790.843505859375,3809.025146484375,145802018,BBRI.JK
2019-11-06,2528.227294921875,3781.7529296875,3936.295654296875,3781.7529296875,3936.295654296875,145752957,BBRI.JK
2019-11-07,2430.9873046875,3636.30078125,3781.7529296875,3599.937744140625,3781.7529296875,321561514,BBRI.JK
2019-11-08,2424.90966796875,3627.2099609375,3663.572998046875,3618.119384765625,3645.3916015625,148082467,BBRI.JK
2019-11-11,2430.9873046875,3636.30078125,3636.30078125,3590.84716796875,3590.84716796875,125489617,BBRI.JK
2019-11-12,2430.9873046875,3636.30078125,3663.572998046875,3618.119384765625,3636.30078125,120754695,BBRI.JK
2019-11-13,2406.677490234375,3599.937744140625,3645.3916015625,3563.57470703125,3636.30078125,165100201,BBRI.JK
2019-11-14,2394.5224609375,3581.75634765625,3609.028564453125,3545.393310546875,3590.84716796875,129874843,BBRI.JK
2019-11-15,2485.684326171875,3718.11767578125,3727.208251953125,3599.937744140625,3636.30078125,134210348,BBRI.JK
2019-11-18,2503.91748046875,3745.389892578125,3763.5712890625,3681.754638671875,3718.11767578125,102464019,BBRI.JK
2019-11-19,2546.45947265625,3809.025146484375,3809.025146484375,3709.02685546875,3772.662109375,155302002,BBRI.JK
2019-11-20,2564.691650390625,3836.29736328125,3872.660400390625,3772.662109375,3790.843505859375,170292181,BBRI.JK
2019-11-21,2564.691650390625,3836.29736328125,3845.38818359375,3763.5712890625,3818.115966796875,125613039,BBRI.JK
2019-11-22,2558.6142578125,3827.20654296875,3863.569580078125,3781.7529296875,3845.38818359375,82167459,BBRI.JK
2019-11-25,2509.99462890625,3754.480712890625,3799.934326171875,3745.389892578125,3772.662109375,62254255,BBRI.JK
2019-11-26,2522.149658203125,3772.662109375,3799.934326171875,3727.208251953125,3772.662109375,244288809,BBRI.JK
2019-11-27,2534.304443359375,3790.843505859375,3827.20654296875,3727.208251953125,3727.208251953125,72910799,BBRI.JK
2019-11-28,2461.37451171875,3681.754638671875,3790.843505859375,3681.754638671875,3754.480712890625,67893172,BBRI.JK
2019-11-29,2485.684326171875,3718.11767578125,3745.389892578125,3645.3916015625,3690.845458984375,70620339,BBRI.JK
2019-12-02,2558.6142578125,3827.20654296875,3827.20654296875,3745.389892578125,3772.662109375,60937642,BBRI.JK
2019-12-03,2534.304443359375,3790.843505859375,3836.29736328125,3781.7529296875,3827.20654296875,48090300,BBRI.JK
2019-12-04,2509.99462890625,3754.480712890625,3818.115966796875,3745.389892578125,3818.115966796875,55684281,BBRI.JK
2019-12-05,2564.691650390625,3836.29736328125,3845.38818359375,3790.843505859375,3818.115966796875,80063892,BBRI.JK
2019-12-06,2534.304443359375,3790.843505859375,3863.569580078125,3790.843505859375,3863.569580078125,73924136,BBRI.JK
2019-12-09,2540.382080078125,3799.934326171875,3827.20654296875,3772.662109375,3809.025146484375,52623808,BBRI.JK
2019-12-10,2534.304443359375,3790.843505859375,3799.934326171875,3754.480712890625,3763.5712890625,88013950,BBRI.JK
2019-12-11,2558.6142578125,3827.20654296875,3827.20654296875,3781.7529296875,3809.025146484375,69260056,BBRI.JK
2019-12-12,2582.92431640625,3863.569580078125,3881.751220703125,3827.20654296875,3845.38818359375,138108485,BBRI.JK
2019-12-13,2601.15625,3890.841796875,3899.9326171875,3854.478759765625,3890.841796875,184381444,BBRI.JK
2019-12-16,2631.5439453125,3936.295654296875,3954.47705078125,3899.9326171875,3909.0234375,196854450,BBRI.JK
2019-12-17,2643.69921875,3954.47705078125,3963.56787109375,3909.0234375,3963.56787109375,155154269,BBRI.JK
2019-12-18,2674.086181640625,3999.930908203125,3999.930908203125,3954.47705078125,3981.74951171875,174183278,BBRI.JK
2019-12-19,2643.69921875,3954.47705078125,3972.65869140625,3927.204833984375,3954.47705078125,103421146,BBRI.JK
2019-12-20,2649.7763671875,3963.56787109375,3972.65869140625,3927.204833984375,3954.47705078125,171838258,BBRI.JK
2019-12-23,2704.4736328125,4045.384765625,4063.566162109375,3963.56787109375,4045.384765625,135606712,BBRI.JK
2019-12-26,2680.16357421875,4009.021728515625,4045.384765625,3999.930908203125,4018.1123046875,55258354,BBRI.JK
2019-12-27,2692.318603515625,4027.203125,4036.2939453125,3981.74951171875,3981.74951171875,62113562,BBRI.JK
2019-12-30,2674.086181640625,3999.930908203125,4045.384765625,3963.56787109375,4045.384765625,73085482,BBRI.JK
2020-01-02,2680.16357421875,4009.021728515625,4009.021728515625,3963.56787109375,3999.930908203125,45886302,BBRI.JK
2020-01-03,2686.2412109375,4018.1123046875,4036.2939453125,3990.840087890625,4018.1123046875,91189705,BBRI.JK
2020-01-06,2655.853759765625,3972.65869140625,3990.840087890625,3927.204833984375,3963.56787109375,48648450,BBRI.JK
2020-01-07,2674.086181640625,3999.930908203125,4009.021728515625,3981.74951171875,4009.021728515625,114344885,BBRI.JK
2020-01-08,2661.931396484375,3981.74951171875,3999.930908203125,3945.386474609375,3981.74951171875,188929583,BBRI.JK
2020-01-09,2674.086181640625,3999.930908203125,4018.1123046875,3972.65869140625,3999.930908203125,79280569,BBRI.JK
2020-01-10,2680.16357421875,4009.021728515625,4027.203125,3990.840087890625,4027.203125,137292491,BBRI.JK
2020-01-13,2740.938232421875,4099.92919921875,4099.92919921875,4018.1123046875,4027.203125,122488655,BBRI.JK
2020-01-14,2777.403076171875,4154.4736328125,4181.74609375,4109.02001953125,4127.20166015625,174258629,BBRI.JK
2020-01-15,2783.48046875,4163.564453125,4163.564453125,4118.11083984375,4154.4736328125,112825318,BBRI.JK
2020-01-16,2777.403076171875,4154.4736328125,4172.6552734375,4099.92919921875,4154.4736328125,147387255,BBRI.JK
2020-01-17,2813.8681640625,4209.01806640625,4218.10888671875,4181.74609375,4199.92724609375,133295352,BBRI.JK
2020-01-20,2832.100830078125,4236.29052734375,4263.5625,4209.01806640625,4263.5625,90022804,BBRI.JK
2020-01-21,2838.177978515625,4245.38134765625,4254.47216796875,4218.10888671875,4245.38134765625,81224962,BBRI.JK
2020-01-22,2862.488037109375,4281.744140625,4281.744140625,4245.38134765625,4254.47216796875,90609115,BBRI.JK
2020-01-23,2880.720458984375,4309.0166015625,4327.19775390625,4263.5625,4290.8349609375,153849977,BBRI.JK
2020-01-24,2880.720458984375,4309.0166015625,4318.107421875,4254.47216796875,4299.92578125,105620964,BBRI.JK
2020-01-27,2826.023193359375,4227.19970703125,4272.6533203125,4218.10888671875,4272.6533203125,103076840,BBRI.JK
2020-01-28,2807.7900390625,4199.92724609375,4218.10888671875,4154.4736328125,4163.564453125,104935872,BBRI.JK
2020-01-29,2807.7900390625,4199.92724609375,4236.29052734375,4181.74609375,4199.92724609375,214362682,BBRI.JK
2020-01-30,2783.48046875,4163.564453125,4272.6533203125,4163.564453125,4272.6533203125,96500596,BBRI.JK
2020-01-31,2710.551025390625,4054.475341796875,4163.564453125,4054.475341796875,4154.4736328125,150763654,BBRI.JK
2020-02-03,2710.551025390625,4054.475341796875,4081.74755859375,4045.384765625,4054.475341796875,144745560,BBRI.JK
2020-02-04,2771.32568359375,4145.3828125,4263.5625,4109.02001953125,4263.5625,123617275,BBRI.JK
2020-02-05,2771.32568359375,4145.3828125,4163.564453125,4099.92919921875,4154.4736328125,100395764,BBRI.JK
2020-02-06,2765.248046875,4136.2919921875,4172.6552734375,4118.11083984375,4172.6552734375,104342852,BBRI.JK
2020-02-07,2765.248046875,4136.2919921875,4163.564453125,4127.20166015625,4163.564453125,146349277,BBRI.JK
2020-02-10,2734.861083984375,4090.83837890625,4118.11083984375,3999.930908203125,4090.83837890625,187982906,BBRI.JK
2020-02-11,2740.938232421875,4099.92919921875,4127.20166015625,4072.656982421875,4127.20166015625,93666727,BBRI.JK
2020-02-12,2753.093505859375,4118.11083984375,4145.3828125,4109.02001953125,4109.02001953125,143167912,BBRI.JK
2020-02-13,2777.403076171875,4154.4736328125,4172.6552734375,4127.20166015625,4163.564453125,87683284,BBRI.JK
2020-02-14,2765.248046875,4136.2919921875,4172.6552734375,4118.11083984375,4118.11083984375,139707803,BBRI.JK
2020-02-17,2716.62841796875,4063.566162109375,4127.20166015625,4063.566162109375,4072.656982421875,131738165,BBRI.JK
2020-02-18,2674.086181640625,3999.930908203125,4090.83837890625,3999.930908203125,4063.566162109375,97565635,BBRI.JK
2020-02-19,2722.705810546875,4072.656982421875,4072.656982421875,4045.384765625,4054.475341796875,110893685,BBRI.JK
2020-02-20,2771.32568359375,4145.3828125,4163.564453125,4099.92919921875,4109.02001953125,108000305,BBRI.JK
2020-02-21,2740.938232421875,4099.92919921875,4145.3828125,4099.92919921875,4145.3828125,117658802,BBRI.JK
2020-02-24,2728.783447265625,4081.74755859375,4127.20166015625,4063.566162109375,4127.20166015625,113200755,BBRI.JK
2020-02-25,2734.861083984375,4090.83837890625,4136.2919921875,4054.475341796875,4054.475341796875,125324724,BBRI.JK
2020-02-26,2722.705810546875,4072.656982421875,4099.92919921875,4063.566162109375,4090.83837890625,164120194,BBRI.JK
2020-02-27,2607.9091796875,3754.480712890625,3981.74951171875,3745.389892578125,3981.74951171875,227877075,BBRI.JK
2020-02-28,2645.7958984375,3809.025146484375,3809.025146484375,3554.484130859375,3627.2099609375,211162617,BBRI.JK
2020-03-02,2513.19091796875,3618.119384765625,3818.115966796875,3618.119384765625,3809.025146484375,206428685,BBRI.JK
2020-03-03,2588.96533203125,3727.208251953125,3799.934326171875,3636.30078125,3681.754638671875,218258509,BBRI.JK
2020-03-04,2664.73974609375,3836.29736328125,3854.478759765625,3754.480712890625,3763.5712890625,127937929,BBRI.JK
2020-03-05,2620.5380859375,3772.662109375,3909.0234375,3754.480712890625,3899.9326171875,146949558,BBRI.JK
2020-03-06,2532.134033203125,3645.3916015625,3681.754638671875,3636.30078125,3672.663818359375,175334118,BBRI.JK
2020-03-09,2367.955810546875,3409.031982421875,3590.84716796875,3409.031982421875,3545.393310546875,163934401,BBRI.JK
2020-03-10,2468.988525390625,3554.484130859375,3663.572998046875,3436.30419921875,3436.30419921875,182576203,BBRI.JK
2020-03-11,2468.988525390625,3554.484130859375,3663.572998046875,3527.2119140625,3590.84716796875,195275262,BBRI.JK
2020-03-12,2279.55224609375,3281.761474609375,3490.848876953125,3272.670654296875,3472.667236328125,167137546,BBRI.JK
2020-03-13,2349.01220703125,3381.759765625,3427.213623046875,3054.49267578125,3281.761474609375,295725807,BBRI.JK
2020-03-16,2210.09228515625,3181.76318359375,3409.031982421875,3145.400146484375,3409.031982421875,196265939,BBRI.JK
2020-03-17,2058.54296875,2963.585205078125,3245.3984375,2963.585205078125,3181.76318359375,229429422,BBRI.JK
2020-03-18,1982.7686767578125,2854.49609375,3127.21875,2809.04248046875,2972.676025390625,272919333,BBRI.JK
2020-03-19,1850.162841796875,2663.59033203125,2854.49609375,2663.59033203125,2845.405517578125,151744210,BBRI.JK
2020-03-20,1774.38818359375,2554.501220703125,2699.953369140625,2481.775390625,2663.59033203125,658210668,BBRI.JK
2020-03-23,1654.4122314453125,2381.777099609375,2454.503173828125,2381.777099609375,2409.04931640625,180848183,BBRI.JK
2020-03-24,1540.7498779296875,2218.1435546875,2499.956787109375,2218.1435546875,2345.4140625,544651637,BBRI.JK
2020-03-26,1856.477294921875,2672.68115234375,2727.2255859375,2272.68798828125,2272.68798828125,698059077,BBRI.JK
2020-03-27,2039.599365234375,2936.31298828125,3336.305908203125,2727.2255859375,2727.2255859375,529032687,BBRI.JK
2020-03-30,1900.679443359375,2736.31640625,2863.5869140625,2736.31640625,2863.5869140625,239264252,BBRI.JK
2020-03-31,1906.994140625,2745.4072265625,2909.040771484375,2699.953369140625,2818.133056640625,346502244,BBRI.JK
2020-04-01,1850.162841796875,2663.59033203125,2799.95166015625,2636.318115234375,2736.31640625,298923123,BBRI.JK
2020-04-02,1812.27587890625,2609.0458984375,2636.318115234375,2545.41064453125,2590.8642578125,329876337,BBRI.JK
2020-04-03,1824.9049072265625,2627.227294921875,2681.77197265625,2572.682861328125,2663.59033203125,322467159,BBRI.JK
2020-04-06,1906.994140625,2745.4072265625,2754.497802734375,2645.408935546875,2681.77197265625,313615306,BBRI.JK
2020-04-07,1913.308349609375,2754.497802734375,2945.403564453125,2681.77197265625,2818.133056640625,445935822,BBRI.JK
2020-04-08,1780.702880859375,2563.592041015625,2763.588623046875,2563.592041015625,2727.2255859375,322246825,BBRI.JK
2020-04-09,1761.7591552734375,2536.31982421875,2645.408935546875,2499.956787109375,2599.955078125,292370749,BBRI.JK
2020-04-13,1749.1302490234375,2518.138427734375,2581.773681640625,2454.503173828125,2536.31982421875,136106890,BBRI.JK
2020-04-14,1831.2188720703125,2636.318115234375,2636.318115234375,2518.138427734375,2536.31982421875,241711574,BBRI.JK
2020-04-15,1742.8155517578125,2509.047607421875,2718.134765625,2481.775390625,2636.318115234375,351010672,BBRI.JK
2020-04-16,1648.097412109375,2372.686279296875,2518.138427734375,2345.4140625,2518.138427734375,404530667,BBRI.JK
2020-04-17,1787.017333984375,2572.682861328125,2581.773681640625,2418.14013671875,2427.230712890625,442565694,BBRI.JK
2020-04-20,1755.4449462890625,2527.22900390625,2636.318115234375,2509.047607421875,2618.136474609375,244213568,BBRI.JK
2020-04-21,1717.5576171875,2472.6845703125,2536.31982421875,2445.412353515625,2499.956787109375,146163154,BBRI.JK
2020-04-22,1761.7591552734375,2536.31982421875,2572.682861328125,2409.04931640625,2454.503173828125,197501041,BBRI.JK
2020-04-23,1768.07373046875,2545.41064453125,2618.136474609375,2536.31982421875,2572.682861328125,237791877,BBRI.JK
2020-04-24,1660.7261962890625,2390.86767578125,2545.41064453125,2390.86767578125,2545.41064453125,323088010,BBRI.JK
2020-04-27,1679.670166015625,2418.14013671875,2454.503173828125,2372.686279296875,2436.321533203125,200872709,BBRI.JK
2020-04-28,1635.46826171875,2354.5048828125,2445.412353515625,2336.3232421875,2436.321533203125,295130807,BBRI.JK
2020-04-29,1629.1539306640625,2345.4140625,2381.777099609375,2327.232421875,2363.595458984375,230054013,BBRI.JK
2020-04-30,1723.8719482421875,2481.775390625,2490.865966796875,2372.686279296875,2381.777099609375,475289499,BBRI.JK
2020-05-04,1660.7261962890625,2390.86767578125,2436.321533203125,2363.595458984375,2427.230712890625,220673601,BBRI.JK
2020-05-05,1660.7261962890625,2390.86767578125,2436.321533203125,2372.686279296875,2390.86767578125,203241160,BBRI.JK
2020-05-06,1654.4122314453125,2381.777099609375,2409.04931640625,2363.595458984375,2390.86767578125,190361478,BBRI.JK
2020-05-08,1635.46826171875,2354.5048828125,2418.14013671875,2345.4140625,2399.95849609375,226345299,BBRI.JK
2020-05-11,1654.4122314453125,2381.777099609375,2399.95849609375,2363.595458984375,2390.86767578125,170062057,BBRI.JK
2020-05-12,1572.3228759765625,2263.59716796875,2390.86767578125,2245.415771484375,2381.777099609375,405546974,BBRI.JK
2020-05-13,1559.69384765625,2245.415771484375,2290.86962890625,2218.1435546875,2236.324951171875,372457853,BBRI.JK
2020-05-14,1483.9190673828125,2136.32666015625,2254.506591796875,2118.145263671875,2218.1435546875,517300545,BBRI.JK
2020-05-15,1414.4588623046875,2036.3284912109375,2181.780517578125,2009.05615234375,2163.598876953125,654135428,BBRI.JK
2020-05-18,1370.2572021484375,1972.6932373046875,2063.600830078125,1963.6024169921875,2045.419189453125,501017513,BBRI.JK
2020-05-19,1496.548095703125,2154.50830078125,2199.9619140625,2045.419189453125,2045.419189453125,584451204,BBRI.JK
2020-05-20,1566.008056640625,2254.506591796875,2272.68798828125,2109.054443359375,2145.41748046875,433842983,BBRI.JK
2020-05-26,1591.2664794921875,2290.86962890625,2318.141845703125,2245.415771484375,2318.141845703125,444514707,BBRI.JK
2020-05-27,1660.7261962890625,2390.86767578125,2390.86767578125,2290.86962890625,2309.051025390625,476102523,BBRI.JK
2020-05-28,1723.8719482421875,2481.775390625,2527.22900390625,2399.95849609375,2399.95849609375,498739044,BBRI.JK
2020-05-29,1862.7919921875,2681.77197265625,2681.77197265625,2454.503173828125,2454.503173828125,959884609,BBRI.JK
2020-06-02,2008.02685546875,2890.859130859375,2990.857421875,2681.77197265625,2681.77197265625,514215761,BBRI.JK
2020-06-03,1957.51025390625,2818.133056640625,2981.7666015625,2736.31640625,2909.040771484375,481917223,BBRI.JK
2020-06-04,1932.2520751953125,2781.77001953125,2909.040771484375,2754.497802734375,2836.314697265625,275162272,BBRI.JK
2020-06-05,1963.824951171875,2827.223876953125,2845.405517578125,2690.862548828125,2790.86083984375,294137820,BBRI.JK
2020-06-08,2083.80126953125,2999.9482421875,3063.58349609375,2881.768310546875,2890.859130859375,422772612,BBRI.JK
2020-06-09,2026.970458984375,2918.13134765625,3054.49267578125,2918.13134765625,3045.40185546875,279951975,BBRI.JK
2020-06-10,1913.308349609375,2754.497802734375,2890.859130859375,2727.2255859375,2890.859130859375,487562851,BBRI.JK
2020-06-11,1875.421142578125,2699.953369140625,2845.405517578125,2636.318115234375,2845.405517578125,409589324,BBRI.JK
2020-06-12,1913.308349609375,2754.497802734375,2763.588623046875,2545.41064453125,2636.318115234375,519350210,BBRI.JK
2020-06-15,1831.2188720703125,2636.318115234375,2772.679443359375,2627.227294921875,2763.588623046875,253847754,BBRI.JK
2020-06-16,1976.453857421875,2845.405517578125,2863.5869140625,2690.862548828125,2699.953369140625,372556634,BBRI.JK
2020-06-17,1957.51025390625,2818.133056640625,2909.040771484375,2799.95166015625,2909.040771484375,240003025,BBRI.JK
2020-06-18,1925.9376220703125,2772.679443359375,2836.314697265625,2763.588623046875,2772.679443359375,144039347,BBRI.JK
2020-06-19,1957.51025390625,2818.133056640625,2827.223876953125,2781.77001953125,2799.95166015625,183669732,BBRI.JK
2020-06-22,1932.2520751953125,2781.77001953125,2827.223876953125,2754.497802734375,2818.133056640625,104916512,BBRI.JK
2020-06-23,1900.679443359375,2736.31640625,2781.77001953125,2709.044189453125,2745.4072265625,188566907,BBRI.JK
2020-06-24,1970.139404296875,2836.314697265625,2854.49609375,2736.31640625,2772.679443359375,339338591,BBRI.JK
2020-06-25,1932.2520751953125,2781.77001953125,2827.223876953125,2763.588623046875,2818.133056640625,174033235,BBRI.JK
2020-06-26,1913.308349609375,2754.497802734375,2836.314697265625,2745.4072265625,2818.133056640625,162039618,BBRI.JK
2020-06-29,1919.623291015625,2763.588623046875,2781.77001953125,2709.044189453125,2763.588623046875,130693147,BBRI.JK
2020-06-30,1913.308349609375,2754.497802734375,2827.223876953125,2754.497802734375,2790.86083984375,147418716,BBRI.JK
2020-07-01,1932.2520751953125,2781.77001953125,2790.86083984375,2754.497802734375,2763.588623046875,111421694,BBRI.JK
2020-07-02,1932.2520751953125,2781.77001953125,2809.04248046875,2763.588623046875,2809.04248046875,186436280,BBRI.JK
2020-07-03,1925.9376220703125,2772.679443359375,2809.04248046875,2763.588623046875,2781.77001953125,54421019,BBRI.JK
2020-07-06,1919.623291015625,2763.588623046875,2818.133056640625,2754.497802734375,2790.86083984375,148148028,BBRI.JK
2020-07-07,1913.308349609375,2754.497802734375,2799.95166015625,2754.497802734375,2790.86083984375,228112810,BBRI.JK
2020-07-08,2014.34130859375,2899.949951171875,2909.040771484375,2754.497802734375,2763.588623046875,373640813,BBRI.JK
2020-07-09,1982.7686767578125,2854.49609375,2936.31298828125,2854.49609375,2899.949951171875,211404181,BBRI.JK
2020-07-10,1963.824951171875,2827.223876953125,2863.5869140625,2818.133056640625,2845.405517578125,117829855,BBRI.JK
2020-07-13,1995.39794921875,2872.677734375,2890.859130859375,2772.679443359375,2845.405517578125,105451891,BBRI.JK
2020-07-14,2001.712158203125,2881.768310546875,2954.494384765625,2845.405517578125,2872.677734375,232365483,BBRI.JK
2020-07-15,1976.453857421875,2845.405517578125,2945.403564453125,2845.405517578125,2909.040771484375,182296468,BBRI.JK
2020-07-16,1982.7686767578125,2854.49609375,2872.677734375,2845.405517578125,2845.405517578125,128809144,BBRI.JK
2020-07-17,1957.51025390625,2818.133056640625,2863.5869140625,2818.133056640625,2854.49609375,131548742,BBRI.JK
2020-07-20,1925.9376220703125,2772.679443359375,2845.405517578125,2754.497802734375,2818.133056640625,150206164,BBRI.JK
2020-07-21,1989.083251953125,2863.5869140625,2890.859130859375,2772.679443359375,2772.679443359375,224576578,BBRI.JK
2020-07-22,1957.51025390625,2818.133056640625,2881.768310546875,2809.04248046875,2872.677734375,190916547,BBRI.JK
2020-07-23,1982.7686767578125,2854.49609375,2872.677734375,2818.133056640625,2836.314697265625,162646279,BBRI.JK
2020-07-24,1951.19580078125,2809.04248046875,2854.49609375,2809.04248046875,2845.405517578125,104287961,BBRI.JK
2020-07-27,1989.083251953125,2863.5869140625,2863.5869140625,2809.04248046875,2809.04248046875,103970385,BBRI.JK
2020-07-28,1982.7686767578125,2854.49609375,2881.768310546875,2818.133056640625,2872.677734375,113763744,BBRI.JK
2020-07-29,1970.139404296875,2836.314697265625,2863.5869140625,2818.133056640625,2854.49609375,73895646,BBRI.JK
2020-07-30,1995.39794921875,2872.677734375,2881.768310546875,2827.223876953125,2845.405517578125,86328061,BBRI.JK
2020-08-03,1888.05029296875,2718.134765625,2890.859130859375,2699.953369140625,2881.768310546875,373214336,BBRI.JK
2020-08-04,1944.88134765625,2799.95166015625,2799.95166015625,2727.2255859375,2727.2255859375,171919769,BBRI.JK
2020-08-05,1944.88134765625,2799.95166015625,2827.223876953125,2763.588623046875,2818.133056640625,177648668,BBRI.JK
2020-08-06,1963.824951171875,2827.223876953125,2845.405517578125,2809.04248046875,2818.133056640625,126064817,BBRI.JK
2020-08-07,1963.824951171875,2827.223876953125,2845.405517578125,2781.77001953125,2827.223876953125,98910738,BBRI.JK
2020-08-10,1976.453857421875,2845.405517578125,2863.5869140625,2818.133056640625,2827.223876953125,100613457,BBRI.JK
2020-08-11,2014.34130859375,2899.949951171875,2927.22216796875,2845.405517578125,2845.405517578125,189708286,BBRI.JK
2020-08-12,2115.3740234375,3045.40185546875,3063.58349609375,2899.949951171875,2899.949951171875,505369848,BBRI.JK
2020-08-13,2102.744873046875,3027.220458984375,3136.3095703125,2999.9482421875,3045.40185546875,235648930,BBRI.JK
2020-08-14,2109.0595703125,3036.311279296875,3045.40185546875,2981.7666015625,3027.220458984375,109069303,BBRI.JK
2020-08-18,2222.72119140625,3199.94482421875,3209.035400390625,3036.311279296875,3036.311279296875,288206078,BBRI.JK
2020-08-19,2247.9794921875,3236.3076171875,3309.03369140625,3199.94482421875,3199.94482421875,239290433,BBRI.JK
2020-08-24,2298.495849609375,3309.03369140625,3318.12451171875,3199.94482421875,3209.035400390625,214473234,BBRI.JK
2020-08-25,2399.52880859375,3454.48583984375,3454.48583984375,3309.03369140625,3336.305908203125,197233406,BBRI.JK
2020-08-26,2361.641357421875,3399.941162109375,3472.667236328125,3363.578369140625,3454.48583984375,178162157,BBRI.JK
2020-08-27,2336.383544921875,3363.578369140625,3436.30419921875,3327.21533203125,3399.941162109375,206786961,BBRI.JK
2020-08-28,2330.069091796875,3354.487548828125,3399.941162109375,3318.12451171875,3372.6689453125,85678499,BBRI.JK
2020-08-31,2216.40673828125,3190.85400390625,3399.941162109375,3181.76318359375,3363.578369140625,292651694,BBRI.JK
2020-09-01,2279.55224609375,3281.761474609375,3299.943115234375,3163.581787109375,3227.217041015625,216658972,BBRI.JK
2020-09-02,2311.12548828125,3327.21533203125,3327.21533203125,3263.580078125,3290.852294921875,117619091,BBRI.JK
2020-09-03,2260.608642578125,3254.4892578125,3354.487548828125,3227.217041015625,3327.21533203125,197577052,BBRI.JK
2020-09-04,2241.6650390625,3227.217041015625,3281.761474609375,3163.581787109375,3281.761474609375,148013826,BBRI.JK
2020-09-07,2216.40673828125,3190.85400390625,3245.3984375,3181.76318359375,3227.217041015625,104297421,BBRI.JK
2020-09-08,2222.72119140625,3199.94482421875,3245.3984375,3190.85400390625,3190.85400390625,89521636,BBRI.JK
2020-09-09,2153.26123046875,3099.946533203125,3172.67236328125,3072.67431640625,3163.581787109375,196282440,BBRI.JK
2020-09-10,2008.02685546875,2890.859130859375,2999.9482421875,2890.859130859375,2999.9482421875,305637969,BBRI.JK
2020-09-11,2052.228271484375,2954.494384765625,3009.038818359375,2736.31640625,2745.4072265625,641858446,BBRI.JK
2020-09-14,2172.205078125,3127.21875,3136.3095703125,2999.9482421875,2999.9482421875,303482811,BBRI.JK
2020-09-15,2102.744873046875,3027.220458984375,3145.400146484375,3009.038818359375,3127.21875,215087925,BBRI.JK
2020-09-16,2058.54296875,2963.585205078125,3081.764892578125,2945.403564453125,3063.58349609375,152384862,BBRI.JK
2020-09-17,2020.65576171875,2909.040771484375,3009.038818359375,2881.768310546875,2972.676025390625,184375724,BBRI.JK
2020-09-18,2033.284912109375,2927.22216796875,2972.676025390625,2899.949951171875,2909.040771484375,223172404,BBRI.JK
2020-09-21,2014.34130859375,2899.949951171875,2954.494384765625,2863.5869140625,2909.040771484375,125587849,BBRI.JK
2020-09-22,1976.453857421875,2845.405517578125,2899.949951171875,2818.133056640625,2827.223876953125,148046607,BBRI.JK
2020-09-23,1944.88134765625,2799.95166015625,2890.859130859375,2772.679443359375,2881.768310546875,132670981,BBRI.JK
2020-09-24,1913.308349609375,2754.497802734375,2799.95166015625,2736.31640625,2754.497802734375,180569548,BBRI.JK
2020-09-25,1995.39794921875,2872.677734375,2890.859130859375,2763.588623046875,2781.77001953125,186363128,BBRI.JK
2020-09-28,1951.19580078125,2809.04248046875,2936.31298828125,2799.95166015625,2890.859130859375,149014953,BBRI.JK
2020-09-29,1919.623291015625,2763.588623046875,2872.677734375,2745.4072265625,2836.314697265625,200970281,BBRI.JK
2020-09-30,1919.623291015625,2763.588623046875,2799.95166015625,2727.2255859375,2781.77001953125,184622458,BBRI.JK
2020-10-01,1995.39794921875,2872.677734375,2881.768310546875,2781.77001953125,2809.04248046875,143036570,BBRI.JK
2020-10-02,1957.51025390625,2818.133056640625,2918.13134765625,2781.77001953125,2890.859130859375,172772944,BBRI.JK
2020-10-05,1995.39794921875,2872.677734375,2881.768310546875,2827.223876953125,2872.677734375,101996951,BBRI.JK
2020-10-06,2014.34130859375,2899.949951171875,2945.403564453125,2890.859130859375,2927.22216796875,132900775,BBRI.JK
2020-10-07,1970.139404296875,2836.314697265625,2881.768310546875,2799.95166015625,2872.677734375,317619596,BBRI.JK
2020-10-08,1989.083251953125,2863.5869140625,2881.768310546875,2827.223876953125,2863.5869140625,136318754,BBRI.JK
2020-10-09,1989.083251953125,2863.5869140625,2881.768310546875,2836.314697265625,2863.5869140625,89241681,BBRI.JK
2020-10-12,2014.34130859375,2899.949951171875,2918.13134765625,2863.5869140625,2872.677734375,172174643,BBRI.JK
2020-10-13,2071.171875,2981.7666015625,2999.9482421875,2863.5869140625,2899.949951171875,224885904,BBRI.JK
2020-10-14,2121.6884765625,3054.49267578125,3072.67431640625,2990.857421875,2999.9482421875,213271353,BBRI.JK
2020-10-15,2090.11572265625,3009.038818359375,3072.67431640625,3009.038818359375,3054.49267578125,201627762,BBRI.JK
2020-10-16,2052.228271484375,2954.494384765625,3054.49267578125,2918.13134765625,3036.311279296875,154490628,BBRI.JK
2020-10-19,2071.171875,2981.7666015625,2990.857421875,2936.31298828125,2963.585205078125,105821057,BBRI.JK
2020-10-20,2052.228271484375,2954.494384765625,2990.857421875,2918.13134765625,2981.7666015625,147444676,BBRI.JK
2020-10-21,2045.913818359375,2945.403564453125,3009.038818359375,2936.31298828125,2981.7666015625,128682202,BBRI.JK
2020-10-22,2083.80126953125,2999.9482421875,2999.9482421875,2909.040771484375,2927.22216796875,176153302,BBRI.JK
2020-10-23,2077.486572265625,2990.857421875,3045.40185546875,2972.676025390625,3045.40185546875,128973377,BBRI.JK
2020-10-26,2109.0595703125,3036.311279296875,3054.49267578125,2990.857421875,2999.9482421875,111346673,BBRI.JK
2020-10-27,2121.6884765625,3054.49267578125,3090.855712890625,3027.220458984375,3036.311279296875,201640192,BBRI.JK
2020-11-02,2134.318115234375,3072.67431640625,3081.764892578125,2999.9482421875,3054.49267578125,172465378,BBRI.JK
2020-11-03,2134.318115234375,3072.67431640625,3090.855712890625,3054.49267578125,3081.764892578125,133604017,BBRI.JK
2020-11-04,2077.486572265625,2990.857421875,3109.037109375,2990.857421875,3109.037109375,152055736,BBRI.JK
2020-11-05,2203.77783203125,3172.67236328125,3172.67236328125,3054.49267578125,3063.58349609375,258276321,BBRI.JK
2020-11-06,2247.9794921875,3236.3076171875,3272.670654296875,3154.490966796875,3190.85400390625,295649686,BBRI.JK
2020-11-09,2330.069091796875,3354.487548828125,3354.487548828125,3254.4892578125,3345.396728515625,283205831,BBRI.JK
2020-11-10,2525.819580078125,3636.30078125,3645.3916015625,3427.213623046875,3454.48583984375,622129055,BBRI.JK
2020-11-11,2601.5947265625,3745.389892578125,3809.025146484375,3590.84716796875,3609.028564453125,392814584,BBRI.JK
2020-11-12,2494.247314453125,3590.84716796875,3727.208251953125,3563.57470703125,3727.208251953125,366633582,BBRI.JK
2020-11-13,2525.819580078125,3636.30078125,3709.02685546875,3599.937744140625,3609.028564453125,261115910,BBRI.JK
2020-11-16,2500.5615234375,3599.937744140625,3699.93603515625,3572.66552734375,3681.754638671875,212327977,BBRI.JK
2020-11-17,2500.5615234375,3599.937744140625,3654.482421875,3572.66552734375,3636.30078125,198939646,BBRI.JK
2020-11-18,2551.077880859375,3672.663818359375,3681.754638671875,3609.028564453125,3618.119384765625,200926500,BBRI.JK
2020-11-19,2551.077880859375,3672.663818359375,3754.480712890625,3618.119384765625,3645.3916015625,219674674,BBRI.JK
2020-11-20,2538.44873046875,3654.482421875,3709.02685546875,3627.2099609375,3672.663818359375,137266310,BBRI.JK
2020-11-23,2576.3359375,3709.02685546875,3727.208251953125,3645.3916015625,3645.3916015625,135864336,BBRI.JK
2020-11-24,2652.11083984375,3818.115966796875,3845.38818359375,3709.02685546875,3745.389892578125,226784757,BBRI.JK
2020-11-25,2727.88525390625,3927.204833984375,3990.840087890625,3863.569580078125,3927.204833984375,311676963,BBRI.JK
2020-11-26,2708.94189453125,3899.9326171875,3927.204833984375,3836.29736328125,3836.29736328125,150181303,BBRI.JK
2020-11-27,2696.312744140625,3881.751220703125,3972.65869140625,3881.751220703125,3936.295654296875,126437063,BBRI.JK
2020-11-30,2582.650634765625,3718.11767578125,3890.841796875,3627.2099609375,3863.569580078125,493687757,BBRI.JK
2020-12-01,2677.368896484375,3854.478759765625,3872.660400390625,3699.93603515625,3754.480712890625,251258199,BBRI.JK
2020-12-02,2715.25634765625,3909.0234375,3945.386474609375,3863.569580078125,3927.204833984375,149985830,BBRI.JK
2020-12-03,2778.401611328125,3999.930908203125,3999.930908203125,3909.0234375,3954.47705078125,218887830,BBRI.JK
2020-12-04,2715.25634765625,3909.0234375,3999.930908203125,3881.751220703125,3999.930908203125,165420527,BBRI.JK
2020-12-07,2778.401611328125,3999.930908203125,4018.1123046875,3954.47705078125,3954.47705078125,154937236,BBRI.JK
2020-12-08,2778.401611328125,3999.930908203125,3999.930908203125,3945.386474609375,3999.930908203125,89400744,BBRI.JK
2020-12-10,2734.199951171875,3936.295654296875,4045.384765625,3936.295654296875,4045.384765625,212997338,BBRI.JK
2020-12-11,2702.627197265625,3890.841796875,3999.930908203125,3872.660400390625,3999.930908203125,191894904,BBRI.JK
2020-12-14,2702.627197265625,3890.841796875,3918.1142578125,3881.751220703125,3909.0234375,140126140,BBRI.JK
2020-12-15,2702.627197265625,3890.841796875,3899.9326171875,3854.478759765625,3890.841796875,147085740,BBRI.JK
2020-12-16,2727.88525390625,3927.204833984375,3954.47705078125,3909.0234375,3945.386474609375,143051750,BBRI.JK
2020-12-17,2734.199951171875,3936.295654296875,3963.56787109375,3918.1142578125,3963.56787109375,155902502,BBRI.JK
2020-12-18,2702.627197265625,3890.841796875,3909.0234375,3881.751220703125,3881.751220703125,228155710,BBRI.JK
2020-12-21,2658.425048828125,3827.20654296875,3945.386474609375,3827.20654296875,3936.295654296875,240869950,BBRI.JK
2020-12-22,2607.9091796875,3754.480712890625,3890.841796875,3745.389892578125,3854.478759765625,188635658,BBRI.JK
2020-12-23,2626.8525390625,3781.7529296875,3799.934326171875,3590.84716796875,3772.662109375,187175822,BBRI.JK
2020-12-28,2683.683349609375,3863.569580078125,3872.660400390625,3781.7529296875,3863.569580078125,94730336,BBRI.JK
2020-12-29,2639.481689453125,3799.934326171875,3890.841796875,3790.843505859375,3863.569580078125,82725388,BBRI.JK
2020-12-30,2633.1669921875,3790.843505859375,3827.20654296875,3754.480712890625,3809.025146484375,99024700,BBRI.JK
2021-01-04,2721.571044921875,3918.1142578125,3927.204833984375,3772.662109375,3772.662109375,106226854,BBRI.JK
2021-01-05,2696.312744140625,3881.751220703125,3909.0234375,3854.478759765625,3909.0234375,106964857,BBRI.JK
2021-01-06,2652.11083984375,3818.115966796875,3909.0234375,3781.7529296875,3890.841796875,128299616,BBRI.JK
2021-01-07,2702.627197265625,3890.841796875,3899.9326171875,3827.20654296875,3872.660400390625,141798389,BBRI.JK
2021-01-08,2772.087158203125,3990.840087890625,3990.840087890625,3909.0234375,3936.295654296875,205011531,BBRI.JK
2021-01-11,2936.265625,4227.19970703125,4236.29052734375,4009.021728515625,4018.1123046875,422093240,BBRI.JK
2021-01-12,2980.46728515625,4290.8349609375,4336.28857421875,4245.38134765625,4254.47216796875,260390447,BBRI.JK
2021-01-13,3024.6689453125,4354.47021484375,4399.923828125,4318.107421875,4336.28857421875,231181533,BBRI.JK
2021-01-14,3012.0400390625,4336.28857421875,4390.8330078125,4290.8349609375,4381.74267578125,146980798,BBRI.JK
2021-01-15,2892.0634765625,4163.564453125,4336.28857421875,4136.2919921875,4336.28857421875,225189839,BBRI.JK
2021-01-18,2917.3212890625,4199.92724609375,4227.19970703125,4127.20166015625,4163.564453125,182568723,BBRI.JK
2021-01-19,2917.3212890625,4199.92724609375,4272.6533203125,4190.8369140625,4272.6533203125,152430182,BBRI.JK
2021-01-20,3087.81494140625,4445.3779296875,4472.64990234375,4227.19970703125,4245.38134765625,277723446,BBRI.JK
2021-01-21,3024.6689453125,4354.47021484375,4499.92236328125,4336.28857421875,4472.64990234375,177275431,BBRI.JK
2021-01-22,2980.46728515625,4290.8349609375,4418.10546875,4254.47216796875,4418.10546875,183332136,BBRI.JK
2021-01-25,3018.354248046875,4345.37939453125,4354.47021484375,4190.8369140625,4354.47021484375,165278734,BBRI.JK
2021-01-26,2936.265625,4227.19970703125,4354.47021484375,4199.92724609375,4345.37939453125,163850580,BBRI.JK
2021-01-27,2917.3212890625,4199.92724609375,4290.8349609375,4090.83837890625,4227.19970703125,198692361,BBRI.JK
2021-01-28,2822.603271484375,4063.566162109375,4227.19970703125,4018.1123046875,4163.564453125,176270344,BBRI.JK
2021-01-29,2639.481689453125,3799.934326171875,4190.8369140625,3799.934326171875,4154.4736328125,308226863,BBRI.JK
2021-02-01,2778.401611328125,3999.930908203125,4036.2939453125,3599.937744140625,3799.934326171875,355113743,BBRI.JK
2021-02-02,2753.143310546875,3963.56787109375,4081.74755859375,3872.660400390625,4081.74755859375,167527833,BBRI.JK
2021-02-03,2765.772705078125,3981.74951171875,4072.656982421875,3963.56787109375,4072.656982421875,124241205,BBRI.JK
2021-02-04,2835.232666015625,4081.74755859375,4163.564453125,3972.65869140625,4045.384765625,162519997,BBRI.JK
2021-02-05,2822.603271484375,4063.566162109375,4127.20166015625,4018.1123046875,4127.20166015625,99005120,BBRI.JK
2021-02-08,2816.2890625,4054.475341796875,4118.11083984375,4045.384765625,4118.11083984375,120218986,BBRI.JK
2021-02-09,2917.3212890625,4199.92724609375,4336.28857421875,4090.83837890625,4090.83837890625,464366860,BBRI.JK
2021-02-10,2936.265625,4227.19970703125,4281.744140625,4181.74609375,4209.01806640625,202155881,BBRI.JK
2021-02-11,2955.209228515625,4254.47216796875,4281.744140625,4209.01806640625,4272.6533203125,99681961,BBRI.JK
2021-02-15,2974.15283203125,4281.744140625,4345.37939453125,4272.6533203125,4281.744140625,93158189,BBRI.JK
2021-02-16,2948.89453125,4245.38134765625,4309.0166015625,4236.29052734375,4309.0166015625,71623667,BBRI.JK
2021-02-17,2923.63623046875,4209.01806640625,4299.92578125,4199.92724609375,4281.744140625,101529553,BBRI.JK
2021-02-18,2948.89453125,4245.38134765625,4336.28857421875,4227.19970703125,4272.6533203125,152089286,BBRI.JK
2021-02-19,3024.6689453125,4354.47021484375,4354.47021484375,4181.74609375,4181.74609375,109884637,BBRI.JK
2021-02-22,3024.6689453125,4354.47021484375,4427.1962890625,4327.19775390625,4409.0146484375,157619632,BBRI.JK
2021-02-23,3024.6689453125,4354.47021484375,4390.8330078125,4309.0166015625,4372.65185546875,107810772,BBRI.JK
2021-02-24,2986.78173828125,4299.92578125,4381.74267578125,4281.744140625,4354.47021484375,105582023,BBRI.JK
2021-02-25,2986.78173828125,4299.92578125,4336.28857421875,4245.38134765625,4336.28857421875,131635423,BBRI.JK
2021-02-26,2974.15283203125,4281.744140625,4318.107421875,4272.6533203125,4299.92578125,161796404,BBRI.JK
2021-03-01,3049.927490234375,4390.8330078125,4390.8330078125,4290.8349609375,4363.56103515625,127020403,BBRI.JK
2021-03-02,3030.983642578125,4363.56103515625,4436.287109375,4363.56103515625,4427.1962890625,75195758,BBRI.JK
2021-03-03,3062.55615234375,4409.0146484375,4409.0146484375,4309.0166015625,4363.56103515625,85026738,BBRI.JK
2021-03-04,3005.725830078125,4327.19775390625,4409.0146484375,4299.92578125,4409.0146484375,117897176,BBRI.JK
2021-03-05,3012.0400390625,4336.28857421875,4336.28857421875,4272.6533203125,4309.0166015625,71188389,BBRI.JK
2021-03-08,2986.78173828125,4299.92578125,4381.74267578125,4299.92578125,4363.56103515625,69917647,BBRI.JK
2021-03-09,2892.0634765625,4163.564453125,4318.107421875,4145.3828125,4318.107421875,165527119,BBRI.JK
2021-03-10,2923.63623046875,4209.01806640625,4236.29052734375,4172.6552734375,4227.19970703125,77405916,BBRI.JK
2021-03-12,2892.0634765625,4163.564453125,4263.5625,4127.20166015625,4263.5625,152360111,BBRI.JK
2021-03-15,2885.748779296875,4154.4736328125,4209.01806640625,4145.3828125,4163.564453125,95483079,BBRI.JK
2021-03-16,2980.46728515625,4290.8349609375,4336.28857421875,4190.8369140625,4236.29052734375,151028868,BBRI.JK
2021-03-17,2948.89453125,4245.38134765625,4272.6533203125,4181.74609375,4254.47216796875,116245827,BBRI.JK
2021-03-18,3005.725830078125,4327.19775390625,4336.28857421875,4263.5625,4281.744140625,95635541,BBRI.JK
2021-03-19,2948.89453125,4245.38134765625,4318.107421875,4245.38134765625,4318.107421875,166398004,BBRI.JK
2021-03-22,2923.63623046875,4209.01806640625,4272.6533203125,4199.92724609375,4272.6533203125,67100278,BBRI.JK
2021-03-23,2948.89453125,4245.38134765625,4290.8349609375,4227.19970703125,4290.8349609375,115036356,BBRI.JK
2021-03-24,2948.89453125,4245.38134765625,4299.92578125,4227.19970703125,4299.92578125,120514341,BBRI.JK
2021-03-25,2917.3212890625,4199.92724609375,4272.6533203125,4163.564453125,4272.6533203125,95145043,BBRI.JK
2021-03-26,2980.46728515625,4290.8349609375,4290.8349609375,4199.92724609375,4209.01806640625,106978057,BBRI.JK
2021-03-29,2980.46728515625,4290.8349609375,4345.37939453125,4290.8349609375,4345.37939453125,106807554,BBRI.JK
2021-03-30,2841.54736328125,4090.83837890625,4272.6533203125,4072.656982421875,4272.6533203125,214898061,BBRI.JK
2021-03-31,2778.401611328125,3999.930908203125,4072.656982421875,3872.660400390625,4045.384765625,323139711,BBRI.JK
2021-04-01,2708.94189453125,3899.9326171875,3972.65869140625,3827.20654296875,3954.47705078125,340183845,BBRI.JK
2021-04-05,2652.11083984375,3818.115966796875,3936.295654296875,3781.7529296875,3927.204833984375,345533898,BBRI.JK
2021-04-06,2716.0712890625,3818.115966796875,3845.38818359375,3772.662109375,3790.843505859375,167319270,BBRI.JK
2021-04-07,2716.0712890625,3818.115966796875,3854.478759765625,3781.7529296875,3845.38818359375,116953800,BBRI.JK
2021-04-08,2813.07421875,3954.47705078125,3963.56787109375,3845.38818359375,3863.569580078125,158572578,BBRI.JK
2021-04-09,2813.07421875,3954.47705078125,3999.930908203125,3954.47705078125,3981.74951171875,125277643,BBRI.JK
2021-04-12,2722.5380859375,3827.20654296875,3990.840087890625,3818.115966796875,3990.840087890625,115119078,BBRI.JK
2021-04-13,2690.20458984375,3781.7529296875,3872.660400390625,3745.389892578125,3827.20654296875,120186645,BBRI.JK
2021-04-14,2813.07421875,3954.47705078125,3954.47705078125,3836.29736328125,3890.841796875,113531640,BBRI.JK
2021-04-15,2851.875,4009.021728515625,4009.021728515625,3890.841796875,3990.840087890625,86272180,BBRI.JK
2021-04-16,2806.60693359375,3945.386474609375,4054.475341796875,3918.1142578125,4045.384765625,74495706,BBRI.JK
2021-04-19,2832.474609375,3981.74951171875,3981.74951171875,3918.1142578125,3963.56787109375,62185614,BBRI.JK
2021-04-20,2787.20703125,3918.1142578125,3936.295654296875,3836.29736328125,3899.9326171875,98216076,BBRI.JK
2021-04-21,2735.471923828125,3845.38818359375,3899.9326171875,3845.38818359375,3854.478759765625,51954007,BBRI.JK
2021-04-22,2716.0712890625,3818.115966796875,3872.660400390625,3818.115966796875,3845.38818359375,118813822,BBRI.JK
2021-04-23,2748.405517578125,3863.569580078125,3890.841796875,3809.025146484375,3818.115966796875,120513461,BBRI.JK
2021-04-26,2677.270263671875,3763.5712890625,3863.569580078125,3754.480712890625,3854.478759765625,157367288,BBRI.JK
2021-04-27,2696.670654296875,3790.843505859375,3818.115966796875,3772.662109375,3818.115966796875,146082083,BBRI.JK
2021-04-28,2670.8037109375,3754.480712890625,3836.29736328125,3754.480712890625,3790.843505859375,126586116,BBRI.JK
2021-04-29,2690.20458984375,3781.7529296875,3818.115966796875,3763.5712890625,3809.025146484375,124711354,BBRI.JK
2021-04-30,2619.068603515625,3681.754638671875,3781.7529296875,3681.754638671875,3772.662109375,257497837,BBRI.JK
2021-05-03,2593.201416015625,3645.3916015625,3699.93603515625,3636.30078125,3690.845458984375,124235705,BBRI.JK
2021-05-04,2625.535400390625,3690.845458984375,3699.93603515625,3645.3916015625,3654.482421875,84287635,BBRI.JK
2021-05-05,2644.935791015625,3718.11767578125,3754.480712890625,3709.02685546875,3736.299072265625,117321536,BBRI.JK
2021-05-06,2657.869873046875,3736.299072265625,3754.480712890625,3699.93603515625,3754.480712890625,86226199,BBRI.JK
2021-05-07,2619.068603515625,3681.754638671875,3763.5712890625,3672.663818359375,3763.5712890625,83358229,BBRI.JK
2021-05-10,2619.068603515625,3681.754638671875,3718.11767578125,3681.754638671875,3681.754638671875,81377755,BBRI.JK
2021-05-11,2580.267822265625,3627.2099609375,3672.663818359375,3618.119384765625,3663.572998046875,167031505,BBRI.JK
2021-05-17,2522.066162109375,3545.393310546875,3636.30078125,3545.393310546875,3599.937744140625,214824800,BBRI.JK
2021-05-18,2522.066162109375,3545.393310546875,3599.937744140625,3536.302490234375,3599.937744140625,127276708,BBRI.JK
2021-05-19,2502.665771484375,3518.12109375,3581.75634765625,3499.939453125,3499.939453125,135307947,BBRI.JK
2021-05-20,2509.1328125,3527.2119140625,3572.66552734375,3472.667236328125,3490.848876953125,164832677,BBRI.JK
2021-05-21,2515.599365234375,3536.302490234375,3590.84716796875,3509.0302734375,3563.57470703125,121124632,BBRI.JK
2021-05-24,2612.60205078125,3672.663818359375,3690.845458984375,3554.484130859375,3609.028564453125,147190132,BBRI.JK
2021-05-25,2625.535400390625,3690.845458984375,3763.5712890625,3672.663818359375,3699.93603515625,168676803,BBRI.JK
2021-05-27,2554.400634765625,3590.84716796875,3809.025146484375,3590.84716796875,3763.5712890625,622692705,BBRI.JK
2021-05-28,2632.00244140625,3699.93603515625,3790.843505859375,3654.482421875,3672.663818359375,274099434,BBRI.JK
2021-05-31,2754.872314453125,3872.660400390625,3890.841796875,3736.299072265625,3754.480712890625,326538660,BBRI.JK
2021-06-02,2754.872314453125,3872.660400390625,3981.74951171875,3845.38818359375,3954.47705078125,312257333,BBRI.JK
2021-06-03,2819.540771484375,3963.56787109375,3963.56787109375,3836.29736328125,3881.751220703125,173444725,BBRI.JK
2021-06-04,2806.60693359375,3945.386474609375,3990.840087890625,3899.9326171875,3981.74951171875,138144236,BBRI.JK
2021-06-07,2748.405517578125,3863.569580078125,3954.47705078125,3827.20654296875,3945.386474609375,152755788,BBRI.JK
2021-06-08,2716.0712890625,3818.115966796875,3890.841796875,3809.025146484375,3890.841796875,108888570,BBRI.JK
2021-06-09,2729.005126953125,3836.29736328125,3881.751220703125,3727.208251953125,3727.208251953125,107433795,BBRI.JK
2021-06-10,2780.73974609375,3909.0234375,3927.204833984375,3872.660400390625,3890.841796875,106984877,BBRI.JK
2021-06-11,2767.805908203125,3890.841796875,3954.47705078125,3890.841796875,3954.47705078125,57809408,BBRI.JK
2021-06-14,2813.07421875,3954.47705078125,3954.47705078125,3890.841796875,3936.295654296875,133363443,BBRI.JK
2021-06-15,2735.471923828125,3845.38818359375,3954.47705078125,3827.20654296875,3954.47705078125,200713646,BBRI.JK
2021-06-16,2593.201416015625,3645.3916015625,3790.843505859375,3645.3916015625,3772.662109375,481002668,BBRI.JK
2021-06-17,2606.135009765625,3663.572998046875,3699.93603515625,3572.66552734375,3618.119384765625,336253477,BBRI.JK
2021-06-18,2528.532958984375,3554.484130859375,3690.845458984375,3554.484130859375,3690.845458984375,325605954,BBRI.JK
2021-06-21,2547.93359375,3581.75634765625,3609.028564453125,3509.0302734375,3527.2119140625,159544775,BBRI.JK
2021-06-22,2612.60205078125,3672.663818359375,3699.93603515625,3563.57470703125,3581.75634765625,132832794,BBRI.JK
2021-06-23,2547.93359375,3581.75634765625,3699.93603515625,3581.75634765625,3681.754638671875,178751767,BBRI.JK
2021-06-24,2580.267822265625,3627.2099609375,3645.3916015625,3599.937744140625,3636.30078125,55421157,BBRI.JK
2021-06-25,2580.267822265625,3627.2099609375,3672.663818359375,3627.2099609375,3663.572998046875,83150216,BBRI.JK
2021-06-28,2541.466796875,3572.66552734375,3627.2099609375,3572.66552734375,3618.119384765625,155357663,BBRI.JK
2021-06-29,2522.066162109375,3545.393310546875,3554.484130859375,3509.0302734375,3509.0302734375,133952393,BBRI.JK
2021-06-30,2547.93359375,3581.75634765625,3609.028564453125,3536.302490234375,3545.393310546875,124133954,BBRI.JK
2021-07-01,2547.93359375,3581.75634765625,3609.028564453125,3554.484130859375,3581.75634765625,105240907,BBRI.JK
2021-07-02,2580.267822265625,3627.2099609375,3663.572998046875,3609.028564453125,3636.30078125,93832940,BBRI.JK
2021-07-05,2522.066162109375,3545.393310546875,3599.937744140625,3527.2119140625,3572.66552734375,93466744,BBRI.JK
2021-07-06,2515.599365234375,3536.302490234375,3590.84716796875,3536.302490234375,3590.84716796875,60849751,BBRI.JK
2021-07-07,2470.331787109375,3472.667236328125,3581.75634765625,3463.576416015625,3563.57470703125,163599005,BBRI.JK
2021-07-08,2502.665771484375,3518.12109375,3545.393310546875,3472.667236328125,3536.302490234375,162349164,BBRI.JK
2021-07-09,2457.39794921875,3454.48583984375,3518.12109375,3436.30419921875,3509.0302734375,140611578,BBRI.JK
2021-07-12,2431.531005859375,3418.122802734375,3472.667236328125,3409.031982421875,3454.48583984375,131702194,BBRI.JK
2021-07-13,2444.464111328125,3436.30419921875,3454.48583984375,3418.122802734375,3454.48583984375,175683484,BBRI.JK
2021-07-14,2399.1962890625,3372.6689453125,3454.48583984375,3363.578369140625,3436.30419921875,115704508,BBRI.JK
2021-07-15,2463.864501953125,3463.576416015625,3490.848876953125,3390.8505859375,3409.031982421875,139855425,BBRI.JK
2021-07-16,2483.265380859375,3490.848876953125,3509.0302734375,3463.576416015625,3499.939453125,108336691,BBRI.JK
2021-07-19,2444.464111328125,3436.30419921875,3499.939453125,3436.30419921875,3499.939453125,69326497,BBRI.JK
2021-07-21,2470.331787109375,3472.667236328125,3527.2119140625,3463.576416015625,3499.939453125,111008747,BBRI.JK
2021-07-22,2522.066162109375,3545.393310546875,3554.484130859375,3490.848876953125,3518.12109375,93842180,BBRI.JK
2021-07-23,2502.665771484375,3518.12109375,3590.84716796875,3481.758056640625,3581.75634765625,95960267,BBRI.JK
2021-07-26,2476.79833984375,3481.758056640625,3545.393310546875,3472.667236328125,3545.393310546875,90198037,BBRI.JK
2021-07-27,2457.39794921875,3454.48583984375,3509.0302734375,3427.213623046875,3509.0302734375,99741692,BBRI.JK
2021-07-28,2412.13037109375,3390.8505859375,3463.576416015625,3381.759765625,3454.48583984375,77777283,BBRI.JK
2021-07-29,2437.997314453125,3427.213623046875,3490.848876953125,3409.031982421875,3418.122802734375,102817895,BBRI.JK
2021-07-30,2399.1962890625,3372.6689453125,3481.758056640625,3372.6689453125,3481.758056640625,113633172,BBRI.JK
2021-08-02,2418.5966796875,3399.941162109375,3427.213623046875,3363.578369140625,3427.213623046875,105807637,BBRI.JK
2021-08-03,2425.063720703125,3409.031982421875,3436.30419921875,3381.759765625,3399.941162109375,87862477,BBRI.JK
2021-08-04,2489.732177734375,3499.939453125,3499.939453125,3427.213623046875,3445.39501953125,91847406,BBRI.JK
2021-08-05,2619.068603515625,3681.754638671875,3718.11767578125,3545.393310546875,3545.393310546875,294149590,BBRI.JK
2021-08-06,2541.466796875,3572.66552734375,3690.845458984375,3545.393310546875,3681.754638671875,152456913,BBRI.JK
2021-08-09,2489.732177734375,3499.939453125,3590.84716796875,3472.667236328125,3581.75634765625,102404178,BBRI.JK
2021-08-10,2470.331787109375,3472.667236328125,3536.302490234375,3463.576416015625,3536.302490234375,94349949,BBRI.JK
2021-08-12,2463.864501953125,3463.576416015625,3499.939453125,3454.48583984375,3499.939453125,94464021,BBRI.JK
2021-08-13,2502.665771484375,3518.12109375,3527.2119140625,3472.667236328125,3472.667236328125,104829940,BBRI.JK
2021-08-16,2541.466796875,3572.66552734375,3572.66552734375,3490.848876953125,3518.12109375,70083530,BBRI.JK
2021-08-18,2632.00244140625,3699.93603515625,3718.11767578125,3572.66552734375,3627.2099609375,247351372,BBRI.JK
2021-08-19,2509.1328125,3527.2119140625,3654.482421875,3509.0302734375,3636.30078125,218214729,BBRI.JK
2021-08-20,2541.466796875,3572.66552734375,3581.75634765625,3481.758056640625,3527.2119140625,88330535,BBRI.JK
2021-08-23,2560.8671875,3599.937744140625,3627.2099609375,3572.66552734375,3618.119384765625,68133856,BBRI.JK
2021-08-24,2515.599365234375,3536.302490234375,3599.937744140625,3481.758056640625,3590.84716796875,150882016,BBRI.JK
2021-08-25,2515.599365234375,3536.302490234375,3545.393310546875,3499.939453125,3499.939453125,86571495,BBRI.JK
2021-08-26,2502.665771484375,3518.12109375,3545.393310546875,3490.848876953125,3536.302490234375,69144334,BBRI.JK
2021-08-27,2483.265380859375,3490.848876953125,3536.302490234375,3481.758056640625,3536.302490234375,79498923,BBRI.JK
2021-08-30,2547.93359375,3581.75634765625,3581.75634765625,3490.848876953125,3499.939453125,128539860,BBRI.JK
2021-08-31,2541.466796875,3572.66552734375,3590.84716796875,3518.12109375,3581.75634765625,134879489,BBRI.JK
2021-09-01,2515.599365234375,3536.302490234375,3572.66552734375,3527.2119140625,3572.66552734375,97691477,BBRI.JK
2021-09-02,2502.665771484375,3518.12109375,3536.302490234375,3490.848876953125,3509.0302734375,81242343,BBRI.JK
2021-09-03,2541.466796875,3572.66552734375,3572.66552734375,3463.576416015625,3499.939453125,165056860,BBRI.JK
2021-09-06,2489.732177734375,3499.939453125,3618.119384765625,3499.939453125,3590.84716796875,188929693,BBRI.JK
2021-09-07,2528.532958984375,3554.484130859375,3563.57470703125,3518.12109375,3536.302490234375,140380354,BBRI.JK
2021-09-08,2653.388916015625,3730.0,3880.0,3720.0,3820.0,228087900,BBRI.JK
2021-09-09,2653.388916015625,3730.0,3770.0,3650.0,3700.0,306319600,BBRI.JK
2021-09-10,2688.95703125,3780.0,3790.0,3670.0,3710.0,177033000,BBRI.JK
2021-09-13,2632.048095703125,3700.0,3750.0,3660.0,3710.0,169825000,BBRI.JK
2021-09-14,2632.048095703125,3700.0,3730.0,3660.0,3720.0,216363400,BBRI.JK
2021-09-15,2603.59326171875,3660.0,3670.0,3620.0,3670.0,263544000,BBRI.JK
2021-09-16,2589.366455078125,3640.0,3660.0,3610.0,3650.0,194782800,BBRI.JK
2021-09-17,2568.025146484375,3610.0,3640.0,3570.0,3630.0,346529100,BBRI.JK
2021-09-20,2553.7978515625,3590.0,3590.0,3510.0,3590.0,357971300,BBRI.JK
2021-09-21,2539.570556640625,3570.0,3580.0,3500.0,3510.0,410533900,BBRI.JK
2021-09-22,2568.025146484375,3610.0,3650.0,3520.0,3520.0,416087300,BBRI.JK
2021-09-23,2681.84375,3770.0,3770.0,3590.0,3600.0,432390800,BBRI.JK
2021-09-24,2717.411865234375,3820.0,3860.0,3770.0,3790.0,634549600,BBRI.JK
2021-09-27,2667.615966796875,3750.0,3800.0,3730.0,3770.0,380151200,BBRI.JK
2021-09-28,2646.275146484375,3720.0,3770.0,3690.0,3770.0,306827400,BBRI.JK
2021-09-29,2660.50244140625,3740.0,3750.0,3690.0,3720.0,143081800,BBRI.JK
2021-09-30,2738.752685546875,3850.0,3870.0,3750.0,3760.0,416099000,BBRI.JK
2021-10-01,2774.32080078125,3900.0,3920.0,3830.0,3850.0,359864700,BBRI.JK
2021-10-04,2824.11669921875,3970.0,4010.0,3890.0,3900.0,335762600,BBRI.JK
2021-10-05,2795.661865234375,3930.0,3980.0,3910.0,3950.0,236562700,BBRI.JK
2021-10-06,2930.821044921875,4120.0,4150.0,3920.0,3920.0,446708800,BBRI.JK
2021-10-07,2930.821044921875,4120.0,4170.0,4070.0,4150.0,264905400,BBRI.JK
2021-10-08,2959.275634765625,4160.0,4240.0,4130.0,4190.0,196631600,BBRI.JK
2021-10-11,2973.502685546875,4180.0,4200.0,4130.0,4160.0,146720100,BBRI.JK
2021-10-12,3001.957763671875,4220.0,4240.0,4180.0,4180.0,241196000,BBRI.JK
2021-10-13,3044.639404296875,4280.0,4300.0,4220.0,4230.0,264629400,BBRI.JK
2021-10-14,3023.298583984375,4250.0,4350.0,4230.0,4280.0,196989500,BBRI.JK
2021-10-15,3073.093994140625,4320.0,4330.0,4220.0,4250.0,318189600,BBRI.JK
2021-10-18,3137.116455078125,4410.0,4410.0,4340.0,4350.0,286829000,BBRI.JK
2021-10-19,3130.00341796875,4400.0,4450.0,4360.0,4450.0,161256300,BBRI.JK
2021-10-21,3101.548095703125,4360.0,4460.0,4320.0,4450.0,319230200,BBRI.JK
2021-10-22,3130.00341796875,4400.0,4400.0,4320.0,4340.0,160459300,BBRI.JK
2021-10-25,3058.866455078125,4300.0,4370.0,4300.0,4330.0,128240100,BBRI.JK
2021-10-26,3094.434814453125,4350.0,4370.0,4270.0,4280.0,108782400,BBRI.JK
2021-10-27,3051.752685546875,4290.0,4340.0,4260.0,4330.0,258038300,BBRI.JK
2021-10-28,3016.1845703125,4240.0,4300.0,4200.0,4210.0,159645200,BBRI.JK
2021-10-29,3023.298583984375,4250.0,4300.0,4220.0,4300.0,155011100,BBRI.JK
2021-11-01,3009.0712890625,4230.0,4330.0,4220.0,4330.0,102079300,BBRI.JK
2021-11-02,2994.843505859375,4210.0,4270.0,4210.0,4270.0,124799700,BBRI.JK
2021-11-03,3051.752685546875,4290.0,4300.0,4210.0,4250.0,100486300,BBRI.JK
2021-11-04,3023.298583984375,4250.0,4340.0,4250.0,4330.0,119591100,BBRI.JK
2021-11-05,3016.1845703125,4240.0,4270.0,4210.0,4270.0,74347000,BBRI.JK
2021-11-08,3009.0712890625,4230.0,4260.0,4220.0,4250.0,79465600,BBRI.JK
2021-11-09,3023.298583984375,4250.0,4250.0,4220.0,4230.0,92453200,BBRI.JK
2021-11-10,3023.298583984375,4250.0,4260.0,4210.0,4230.0,69475400,BBRI.JK
2021-11-11,3023.298583984375,4250.0,4300.0,4230.0,4290.0,149637700,BBRI.JK
2021-11-12,3001.957763671875,4220.0,4290.0,4210.0,4270.0,80234400,BBRI.JK
2021-11-15,2959.275634765625,4160.0,4220.0,4140.0,4220.0,220142300,BBRI.JK
2021-11-16,2937.9345703125,4130.0,4170.0,4120.0,4120.0,163555000,BBRI.JK
2021-11-17,2987.72998046875,4200.0,4200.0,4160.0,4170.0,126523700,BBRI.JK
2021-11-18,2973.502685546875,4180.0,4190.0,4140.0,4150.0,114881200,BBRI.JK
2021-11-19,3044.639404296875,4280.0,4290.0,4220.0,4220.0,182167700,BBRI.JK
2021-11-22,3044.639404296875,4280.0,4310.0,4250.0,4310.0,151514000,BBRI.JK
2021-11-23,2994.843505859375,4210.0,4280.0,4200.0,4280.0,104294200,BBRI.JK
2021-11-24,2994.843505859375,4210.0,4230.0,4190.0,4200.0,111072800,BBRI.JK
2021-11-25,3001.957763671875,4220.0,4250.0,4180.0,4180.0,123609400,BBRI.JK
2021-11-26,2959.275634765625,4160.0,4220.0,4150.0,4190.0,148652500,BBRI.JK
2021-11-29,2966.38916015625,4170.0,4190.0,4080.0,4150.0,164312800,BBRI.JK
2021-11-30,2909.480224609375,4090.0,4220.0,4090.0,4150.0,316653200,BBRI.JK
2021-12-01,2902.366455078125,4080.0,4180.0,4070.0,4090.0,163457900,BBRI.JK
2021-12-02,2987.72998046875,4200.0,4220.0,4060.0,4060.0,139281800,BBRI.JK
2021-12-03,2966.38916015625,4170.0,4220.0,4170.0,4210.0,93227100,BBRI.JK
2021-12-06,2923.70703125,4110.0,4220.0,4110.0,4200.0,106610000,BBRI.JK
2021-12-07,3009.0712890625,4230.0,4230.0,4160.0,4190.0,182048000,BBRI.JK
2021-12-08,2994.843505859375,4210.0,4250.0,4170.0,4250.0,143230200,BBRI.JK
2021-12-09,2980.616455078125,4190.0,4220.0,4160.0,4220.0,90471500,BBRI.JK
2021-12-10,2937.9345703125,4130.0,4160.0,4130.0,4130.0,122999200,BBRI.JK
2021-12-13,2959.275634765625,4160.0,4200.0,4160.0,4170.0,86848900,BBRI.JK
2021-12-14,2937.9345703125,4130.0,4160.0,4130.0,4150.0,100110000,BBRI.JK
2021-12-15,2987.72998046875,4200.0,4230.0,4140.0,4150.0,124522800,BBRI.JK
2021-12-16,2945.048095703125,4140.0,4220.0,4120.0,4220.0,136646600,BBRI.JK
2021-12-17,2923.70703125,4110.0,4140.0,4090.0,4090.0,153165400,BBRI.JK
2021-12-20,2930.821044921875,4120.0,4130.0,4060.0,4070.0,89198900,BBRI.JK
2021-12-21,2902.366455078125,4080.0,4120.0,4080.0,4100.0,109561800,BBRI.JK
2021-12-22,2881.025390625,4050.0,4110.0,4050.0,4100.0,104738000,BBRI.JK
2021-12-23,2916.59375,4100.0,4110.0,4060.0,4090.0,72736800,BBRI.JK
2021-12-24,2895.253173828125,4070.0,4120.0,4050.0,4100.0,59795000,BBRI.JK
2021-12-27,2888.138916015625,4060.0,4110.0,4060.0,4070.0,65491200,BBRI.JK
2021-12-28,2909.480224609375,4090.0,4110.0,4070.0,4090.0,52952500,BBRI.JK
2021-12-29,2902.366455078125,4080.0,4100.0,4070.0,4090.0,27676500,BBRI.JK
2021-12-30,2923.70703125,4110.0,4140.0,4060.0,4080.0,146989400,BBRI.JK
2022-01-03,2973.502685546875,4180.0,4190.0,4090.0,4120.0,90842500,BBRI.JK
2022-01-04,2959.275634765625,4160.0,4210.0,4160.0,4200.0,93950000,BBRI.JK
2022-01-05,2994.843505859375,4210.0,4230.0,4130.0,4180.0,174376400,BBRI.JK
2022-01-06,2959.275634765625,4160.0,4240.0,4140.0,4240.0,137280000,BBRI.JK
2022-01-07,2980.616455078125,4190.0,4200.0,4150.0,4170.0,101275000,BBRI.JK
2022-01-10,2973.502685546875,4180.0,4210.0,4180.0,4190.0,70722600,BBRI.JK
2022-01-11,2952.162109375,4150.0,4180.0,4130.0,4180.0,99404900,BBRI.JK
2022-01-12,2959.275634765625,4160.0,4180.0,4130.0,4170.0,65907000,BBRI.JK
2022-01-13,2980.616455078125,4190.0,4190.0,4170.0,4180.0,103522400,BBRI.JK
2022-01-14,2973.502685546875,4180.0,4210.0,4160.0,4190.0,110213800,BBRI.JK
2022-01-17,2994.843505859375,4210.0,4210.0,4180.0,4200.0,102957100,BBRI.JK
2022-01-18,2980.616455078125,4190.0,4240.0,4140.0,4240.0,120275000,BBRI.JK
2022-01-19,2937.9345703125,4130.0,4210.0,4130.0,4210.0,109954700,BBRI.JK
2022-01-20,2937.9345703125,4130.0,4160.0,4110.0,4130.0,86394600,BBRI.JK
2022-01-21,2966.38916015625,4170.0,4170.0,4110.0,4130.0,84972500,BBRI.JK
2022-01-24,2930.821044921875,4120.0,4160.0,4100.0,4140.0,76709900,BBRI.JK
2022-01-25,2895.253173828125,4070.0,4110.0,4000.0,4100.0,185007800,BBRI.JK
2022-01-26,2909.480224609375,4090.0,4100.0,4030.0,4030.0,97589500,BBRI.JK
2022-01-27,2945.048095703125,4140.0,4140.0,4060.0,4070.0,80682900,BBRI.JK
2022-01-28,2945.048095703125,4140.0,4170.0,4090.0,4170.0,84812100,BBRI.JK
2022-01-31,2895.253173828125,4070.0,4170.0,4070.0,4170.0,78498500,BBRI.JK
2022-02-02,2895.253173828125,4070.0,4120.0,4060.0,4120.0,81546300,BBRI.JK
2022-02-03,2937.9345703125,4130.0,4180.0,4130.0,4180.0,157898800,BBRI.JK
2022-02-04,2994.843505859375,4210.0,4210.0,4150.0,4170.0,236602900,BBRI.JK
2022-02-07,3130.00341796875,4400.0,4410.0,4220.0,4240.0,468016600,BBRI.JK
2022-02-08,3158.45751953125,4440.0,4550.0,4400.0,4450.0,310878100,BBRI.JK
2022-02-09,3165.571533203125,4450.0,4500.0,4380.0,4400.0,149000100,BBRI.JK
2022-02-10,3179.798583984375,4470.0,4500.0,4450.0,4500.0,112521600,BBRI.JK
2022-02-11,3165.571533203125,4450.0,4450.0,4380.0,4420.0,103418200,BBRI.JK
2022-02-14,3137.116455078125,4410.0,4450.0,4380.0,4450.0,105260000,BBRI.JK
2022-02-15,3151.34375,4430.0,4450.0,4390.0,4440.0,96658500,BBRI.JK
2022-02-16,3144.230224609375,4420.0,4470.0,4410.0,4470.0,89636300,BBRI.JK
2022-02-17,3130.00341796875,4400.0,4410.0,4340.0,4390.0,118305100,BBRI.JK
2022-02-18,3151.34375,4430.0,4440.0,4370.0,4400.0,127058000,BBRI.JK
2022-02-21,3194.025634765625,4490.0,4490.0,4440.0,4460.0,133717300,BBRI.JK
2022-02-22,3151.34375,4430.0,4470.0,4420.0,4440.0,109060900,BBRI.JK
2022-02-23,3186.912109375,4480.0,4520.0,4460.0,4520.0,160827800,BBRI.JK
2022-02-24,3122.889404296875,4390.0,4470.0,4370.0,4470.0,217523600,BBRI.JK
2022-02-25,3236.707275390625,4550.0,4550.0,4410.0,4450.0,301346400,BBRI.JK
2022-03-01,3293.616455078125,4630.0,4860.0,4630.0,4850.0,494657800,BBRI.JK
2022-03-02,3243.8212890625,4560.0,4690.0,4550.0,4680.0,186635200,BBRI.JK
2022-03-04,3322.0712890625,4670.0,4730.0,4610.0,4720.0,292022600,BBRI.JK
2022-03-07,3215.366455078125,4520.0,4630.0,4520.0,4580.0,224515800,BBRI.JK
2022-03-08,3151.34375,4430.0,4560.0,4430.0,4500.0,214870200,BBRI.JK
2022-03-09,3250.93505859375,4570.0,4590.0,4500.0,4530.0,191967100,BBRI.JK
2022-03-10,3250.93505859375,4570.0,4640.0,4510.0,4640.0,225575800,BBRI.JK
2022-03-11,3254.079345703125,4400.0,4440.0,4370.0,4400.0,275965300,BBRI.JK
2022-03-14,3342.826904296875,4520.0,4540.0,4410.0,4440.0,212052100,BBRI.JK
2022-03-15,3409.387451171875,4610.0,4640.0,4530.0,4550.0,357755700,BBRI.JK
2022-03-16,3438.969970703125,4650.0,4660.0,4610.0,4650.0,226817000,BBRI.JK
2022-03-17,3438.969970703125,4650.0,4700.0,4610.0,4690.0,224068000,BBRI.JK
2022-03-18,3387.200439453125,4580.0,4700.0,4580.0,4700.0,257863400,BBRI.JK
2022-03-21,3394.596435546875,4590.0,4630.0,4560.0,4600.0,118791900,BBRI.JK
2022-03-22,3431.574462890625,4640.0,4710.0,4640.0,4690.0,177758500,BBRI.JK
2022-03-23,3438.969970703125,4650.0,4690.0,4620.0,4680.0,146545100,BBRI.JK
2022-03-24,3498.134765625,4730.0,4730.0,4620.0,4640.0,206271600,BBRI.JK
2022-03-25,3483.34423828125,4710.0,4760.0,4650.0,4760.0,137104800,BBRI.JK
2022-03-28,3498.134765625,4730.0,4740.0,4670.0,4730.0,106801800,BBRI.JK
2022-03-29,3468.552734375,4690.0,4750.0,4670.0,4750.0,93155100,BBRI.JK
2022-03-30,3483.34423828125,4710.0,4740.0,4690.0,4740.0,83364400,BBRI.JK
2022-03-31,3446.365478515625,4660.0,4750.0,4660.0,4700.0,158650000,BBRI.JK
2022-04-01,3498.134765625,4730.0,4730.0,4630.0,4690.0,145105000,BBRI.JK
2022-04-04,3475.9482421875,4700.0,4730.0,4660.0,4730.0,103902000,BBRI.JK
2022-04-05,3475.9482421875,4700.0,4740.0,4670.0,4730.0,76154300,BBRI.JK
2022-04-06,3401.991455078125,4600.0,4690.0,4600.0,4690.0,111009800,BBRI.JK
2022-04-07,3424.17822265625,4630.0,4670.0,4620.0,4670.0,91942500,BBRI.JK
2022-04-08,3409.387451171875,4610.0,4650.0,4600.0,4630.0,125657900,BBRI.JK
2022-04-11,3379.804931640625,4570.0,4620.0,4570.0,4600.0,109861100,BBRI.JK
2022-04-12,3409.387451171875,4610.0,4610.0,4550.0,4550.0,96961200,BBRI.JK
2022-04-13,3409.387451171875,4610.0,4640.0,4590.0,4640.0,112327600,BBRI.JK
2022-04-14,3357.6181640625,4540.0,4610.0,4530.0,4600.0,150659600,BBRI.JK
2022-04-18,3365.013671875,4550.0,4580.0,4540.0,4550.0,82795100,BBRI.JK
2022-04-19,3379.804931640625,4570.0,4600.0,4540.0,4550.0,148475600,BBRI.JK
2022-04-20,3586.8828125,4850.0,4870.0,4600.0,4610.0,404383100,BBRI.JK
2022-04-21,3549.904541015625,4800.0,4850.0,4760.0,4850.0,208253300,BBRI.JK
2022-04-22,3512.92626953125,4750.0,4850.0,4720.0,4750.0,174349500,BBRI.JK
2022-04-25,3579.48779296875,4840.0,4850.0,4670.0,4700.0,235752400,BBRI.JK
2022-04-26,3653.443603515625,4940.0,4980.0,4830.0,4840.0,262734300,BBRI.JK
2022-04-27,3586.8828125,4850.0,4930.0,4850.0,4900.0,191955100,BBRI.JK
2022-04-28,3601.674072265625,4870.0,4930.0,4860.0,4870.0,193821200,BBRI.JK
2022-05-09,3350.22265625,4530.0,4760.0,4530.0,4750.0,561600400,BBRI.JK
2022-05-10,3350.22265625,4530.0,4530.0,4260.0,4260.0,435782800,BBRI.JK
2022-05-11,3320.64013671875,4490.0,4580.0,4480.0,4550.0,205233800,BBRI.JK
2022-05-12,3194.914306640625,4320.0,4490.0,4300.0,4490.0,207373600,BBRI.JK
2022-05-13,3143.144775390625,4250.0,4360.0,4250.0,4250.0,336711300,BBRI.JK
2022-05-17,3291.0576171875,4450.0,4520.0,4270.0,4270.0,272650400,BBRI.JK
2022-05-18,3291.0576171875,4450.0,4530.0,4430.0,4500.0,129716500,BBRI.JK
2022-05-19,3283.661865234375,4440.0,4460.0,4300.0,4350.0,132614900,BBRI.JK
2022-05-20,3276.265869140625,4430.0,4490.0,4410.0,4440.0,122101000,BBRI.JK
2022-05-23,3202.309814453125,4330.0,4440.0,4320.0,4410.0,175709000,BBRI.JK
2022-05-24,3298.453125,4460.0,4500.0,4320.0,4320.0,165758600,BBRI.JK
2022-05-25,3217.10107421875,4350.0,4450.0,4350.0,4430.0,138961700,BBRI.JK
2022-05-27,3357.6181640625,4540.0,4540.0,4440.0,4500.0,209962100,BBRI.JK
2022-05-30,3276.265869140625,4430.0,4540.0,4390.0,4540.0,193724500,BBRI.JK
2022-05-31,3424.17822265625,4630.0,4630.0,4450.0,4470.0,379626500,BBRI.JK
2022-06-02,3313.244140625,4480.0,4600.0,4480.0,4540.0,225697500,BBRI.JK
2022-06-03,3342.826904296875,4520.0,4570.0,4510.0,4530.0,117643300,BBRI.JK
2022-06-06,3276.265869140625,4430.0,4510.0,4400.0,4470.0,157277700,BBRI.JK
2022-06-07,3254.079345703125,4400.0,4460.0,4400.0,4460.0,133318000,BBRI.JK
2022-06-08,3305.848876953125,4470.0,4470.0,4380.0,4400.0,150604000,BBRI.JK
2022-06-09,3320.64013671875,4490.0,4520.0,4480.0,4500.0,161768800,BBRI.JK
2022-06-10,3254.079345703125,4400.0,4470.0,4360.0,4470.0,222410400,BBRI.JK
2022-06-13,3209.70556640625,4340.0,4350.0,4260.0,4260.0,164017200,BBRI.JK
2022-06-14,3224.496337890625,4360.0,4410.0,4300.0,4300.0,150381800,BBRI.JK
2022-06-15,3291.0576171875,4450.0,4450.0,4360.0,4360.0,160729900,BBRI.JK
2022-06-16,3276.265869140625,4430.0,4530.0,4410.0,4420.0,240023000,BBRI.JK
2022-06-17,3231.892578125,4370.0,4400.0,4350.0,4370.0,185763100,BBRI.JK
2022-06-20,3254.079345703125,4400.0,4410.0,4340.0,4400.0,95058800,BBRI.JK
2022-06-21,3239.2880859375,4380.0,4430.0,4380.0,4430.0,103964600,BBRI.JK
2022-06-22,3194.914306640625,4320.0,4410.0,4310.0,4410.0,106208500,BBRI.JK
2022-06-23,3187.518310546875,4310.0,4360.0,4300.0,4300.0,127600700,BBRI.JK
2022-06-24,3209.70556640625,4340.0,4350.0,4310.0,4320.0,66083900,BBRI.JK
2022-06-27,3165.331298828125,4280.0,4330.0,4270.0,4310.0,152306100,BBRI.JK
2022-06-28,3180.12255859375,4300.0,4330.0,4280.0,4320.0,178535800,BBRI.JK
2022-06-29,3091.375,4180.0,4310.0,4180.0,4280.0,228536100,BBRI.JK
2022-06-30,3069.1884765625,4150.0,4220.0,4120.0,4120.0,239939100,BBRI.JK
2022-07-01,3061.792724609375,4140.0,4200.0,4110.0,4150.0,154659500,BBRI.JK
2022-07-04,2987.836181640625,4040.0,4120.0,3960.0,4090.0,246853600,BBRI.JK
2022-07-05,3024.814697265625,4090.0,4160.0,4040.0,4040.0,180648400,BBRI.JK
2022-07-06,3017.4189453125,4080.0,4100.0,4020.0,4050.0,125309100,BBRI.JK
2022-07-07,2995.232177734375,4050.0,4110.0,4040.0,4040.0,172127500,BBRI.JK
2022-07-08,3106.166259765625,4200.0,4200.0,4050.0,4090.0,112914000,BBRI.JK
2022-07-11,3047.00146484375,4120.0,4170.0,4100.0,4150.0,80867700,BBRI.JK
2022-07-12,3039.606201171875,4110.0,4140.0,4100.0,4120.0,56085200,BBRI.JK
2022-07-13,3002.627685546875,4060.0,4130.0,4030.0,4110.0,165745200,BBRI.JK
2022-07-14,3010.0234375,4070.0,4090.0,4010.0,4010.0,188729700,BBRI.JK
2022-07-15,3039.606201171875,4110.0,4120.0,4050.0,4060.0,91362800,BBRI.JK
2022-07-18,3061.792724609375,4140.0,4140.0,4080.0,4110.0,135284500,BBRI.JK
2022-07-19,3039.606201171875,4110.0,4150.0,4110.0,4150.0,122905900,BBRI.JK
2022-07-20,3180.12255859375,4300.0,4300.0,4160.0,4180.0,220223600,BBRI.JK
2022-07-21,3187.518310546875,4310.0,4310.0,4230.0,4300.0,130405400,BBRI.JK
2022-07-22,3157.935791015625,4270.0,4330.0,4270.0,4330.0,86561100,BBRI.JK
2022-07-25,3143.144775390625,4250.0,4300.0,4250.0,4250.0,60952800,BBRI.JK
2022-07-26,3202.309814453125,4330.0,4350.0,4260.0,4270.0,97709800,BBRI.JK
2022-07-27,3194.914306640625,4320.0,4380.0,4300.0,4380.0,88570800,BBRI.JK
2022-07-28,3224.496337890625,4360.0,4400.0,4340.0,4340.0,136421400,BBRI.JK
2022-07-29,3224.496337890625,4360.0,4430.0,4340.0,4390.0,228669400,BBRI.JK
2022-08-01,3224.496337890625,4360.0,4410.0,4330.0,4390.0,200791700,BBRI.JK
2022-08-02,3254.079345703125,4400.0,4400.0,4300.0,4360.0,173931000,BBRI.JK
2022-08-03,3239.2880859375,4380.0,4420.0,4350.0,4410.0,103412300,BBRI.JK
2022-08-04,3224.496337890625,4360.0,4390.0,4350.0,4380.0,120175700,BBRI.JK
2022-08-05,3224.496337890625,4360.0,4400.0,4320.0,4360.0,168879400,BBRI.JK
2022-08-08,3231.892578125,4370.0,4400.0,4340.0,4360.0,107242600,BBRI.JK
2022-08-09,3261.47509765625,4410.0,4470.0,4390.0,4400.0,181747100,BBRI.JK
2022-08-10,3187.518310546875,4310.0,4370.0,4300.0,4350.0,205341100,BBRI.JK
2022-08-11,3217.10107421875,4350.0,4410.0,4340.0,4380.0,193329000,BBRI.JK
2022-08-12,3194.914306640625,4320.0,4350.0,4320.0,4340.0,103916700,BBRI.JK
2022-08-15,3180.12255859375,4300.0,4350.0,4300.0,4330.0,135099400,BBRI.JK
2022-08-16,3165.331298828125,4280.0,4350.0,4270.0,4350.0,205432400,BBRI.JK
2022-08-18,3202.309814453125,4330.0,4340.0,4310.0,4330.0,138795300,BBRI.JK
2022-08-19,3180.12255859375,4300.0,4340.0,4300.0,4340.0,84552100,BBRI.JK
2022-08-22,3157.935791015625,4270.0,4330.0,4270.0,4320.0,121124400,BBRI.JK
2022-08-23,3180.12255859375,4300.0,4310.0,4260.0,4260.0,107799500,BBRI.JK
2022-08-24,3172.727294921875,4290.0,4330.0,4280.0,4300.0,75055900,BBRI.JK
2022-08-25,3157.935791015625,4270.0,4300.0,4270.0,4280.0,117653800,BBRI.JK
2022-08-26,3157.935791015625,4270.0,4290.0,4270.0,4280.0,87375200,BBRI.JK
2022-08-29,3143.144775390625,4250.0,4270.0,4220.0,4250.0,88409800,BBRI.JK
2022-08-30,3150.54052734375,4260.0,4300.0,4250.0,4250.0,157219500,BBRI.JK
2022-08-31,3209.70556640625,4340.0,4350.0,4240.0,4250.0,191475700,BBRI.JK
2022-09-01,3246.683349609375,4390.0,4390.0,4310.0,4320.0,139929300,BBRI.JK
2022-09-02,3291.0576171875,4450.0,4450.0,4380.0,4410.0,220616600,BBRI.JK
2022-09-05,3394.596435546875,4590.0,4600.0,4420.0,4430.0,261126600,BBRI.JK
2022-09-06,3372.409423828125,4560.0,4690.0,4550.0,4670.0,188042700,BBRI.JK
2022-09-07,3298.453125,4460.0,4550.0,4460.0,4510.0,231936700,BBRI.JK
2022-09-08,3401.991455078125,4600.0,4620.0,4480.0,4480.0,250373200,BBRI.JK
2022-09-09,3409.387451171875,4610.0,4640.0,4570.0,4640.0,119286700,BBRI.JK
2022-09-12,3372.409423828125,4560.0,4630.0,4560.0,4610.0,97988000,BBRI.JK
2022-09-13,3387.200439453125,4580.0,4640.0,4560.0,4560.0,141828800,BBRI.JK
2022-09-14,3387.200439453125,4580.0,4610.0,4510.0,4520.0,149960600,BBRI.JK
2022-09-15,3409.387451171875,4610.0,4700.0,4590.0,4600.0,295664100,BBRI.JK
2022-09-16,3328.035888671875,4500.0,4620.0,4500.0,4610.0,282492200,BBRI.JK
2022-09-19,3379.804931640625,4570.0,4600.0,4500.0,4520.0,134432000,BBRI.JK
2022-09-20,3320.64013671875,4490.0,4600.0,4490.0,4570.0,138695500,BBRI.JK
2022-09-21,3365.013671875,4550.0,4550.0,4470.0,4490.0,159976900,BBRI.JK
2022-09-22,3372.409423828125,4560.0,4580.0,4500.0,4500.0,100425300,BBRI.JK
2022-09-23,3313.244140625,4480.0,4560.0,4480.0,4540.0,139074000,BBRI.JK
2022-09-26,3357.6181640625,4540.0,4540.0,4410.0,4480.0,280747500,BBRI.JK
2022-09-27,3350.22265625,4530.0,4550.0,4480.0,4500.0,213704600,BBRI.JK
2022-09-28,3342.826904296875,4520.0,4560.0,4480.0,4510.0,161815300,BBRI.JK
2022-09-29,3313.244140625,4480.0,4540.0,4460.0,4520.0,169368600,BBRI.JK
2022-09-30,3320.64013671875,4490.0,4510.0,4410.0,4450.0,224229200,BBRI.JK
2022-10-03,3350.22265625,4530.0,4550.0,4480.0,4500.0,159559600,BBRI.JK
2022-10-04,3431.574462890625,4640.0,4650.0,4560.0,4560.0,256367100,BBRI.JK
2022-10-05,3357.6181640625,4540.0,4660.0,4540.0,4660.0,182246200,BBRI.JK
2022-10-06,3335.430908203125,4510.0,4570.0,4510.0,4540.0,123346200,BBRI.JK
2022-10-07,3283.661865234375,4440.0,4490.0,4430.0,4480.0,133678600,BBRI.JK
2022-10-10,3231.892578125,4370.0,4430.0,4340.0,4420.0,193923600,BBRI.JK
2022-10-11,3276.265869140625,4430.0,4430.0,4370.0,4390.0,133742200,BBRI.JK
2022-10-12,3254.079345703125,4400.0,4470.0,4400.0,4470.0,128741800,BBRI.JK
2022-10-13,3217.10107421875,4350.0,4420.0,4350.0,4390.0,104269900,BBRI.JK
2022-10-14,3157.935791015625,4270.0,4390.0,4270.0,4380.0,180841100,BBRI.JK
2022-10-17,3180.12255859375,4300.0,4320.0,4260.0,4270.0,145506000,BBRI.JK
2022-10-18,3172.727294921875,4290.0,4340.0,4280.0,4280.0,161444100,BBRI.JK
2022-10-19,3180.12255859375,4300.0,4340.0,4280.0,4280.0,81682300,BBRI.JK
2022-10-20,3246.683349609375,4390.0,4400.0,4280.0,4280.0,149521700,BBRI.JK
2022-10-21,3276.265869140625,4430.0,4460.0,4360.0,4360.0,165052200,BBRI.JK
2022-10-24,3328.035888671875,4500.0,4540.0,4430.0,4430.0,186997700,BBRI.JK
2022-10-25,3394.596435546875,4590.0,4610.0,4550.0,4560.0,233948800,BBRI.JK
2022-10-26,3350.22265625,4530.0,4610.0,4500.0,4600.0,178298500,BBRI.JK
2022-10-27,3401.991455078125,4600.0,4600.0,4530.0,4550.0,131385300,BBRI.JK
2022-10-28,3424.17822265625,4630.0,4630.0,4560.0,4600.0,227256400,BBRI.JK
2022-10-31,3438.969970703125,4650.0,4680.0,4630.0,4630.0,275184000,BBRI.JK
2022-11-01,3446.365478515625,4660.0,4700.0,4630.0,4690.0,230590200,BBRI.JK
2022-11-02,3409.387451171875,4610.0,4680.0,4570.0,4680.0,163816900,BBRI.JK
2022-11-03,3438.969970703125,4650.0,4660.0,4590.0,4630.0,174423000,BBRI.JK
2022-11-04,3438.969970703125,4650.0,4660.0,4610.0,4650.0,85292300,BBRI.JK
2022-11-07,3468.552734375,4690.0,4690.0,4610.0,4650.0,112070500,BBRI.JK
2022-11-08,3416.783203125,4620.0,4690.0,4610.0,4690.0,80916300,BBRI.JK
2022-11-09,3438.969970703125,4650.0,4650.0,4600.0,4600.0,126493900,BBRI.JK
2022-11-10,3350.22265625,4530.0,4580.0,4520.0,4560.0,196277400,BBRI.JK
2022-11-11,3438.969970703125,4650.0,4650.0,4590.0,4620.0,153238500,BBRI.JK
2022-11-14,3387.200439453125,4580.0,4640.0,4550.0,4620.0,140187600,BBRI.JK
2022-11-15,3387.200439453125,4580.0,4610.0,4560.0,4580.0,87986300,BBRI.JK
2022-11-16,3342.826904296875,4520.0,4610.0,4490.0,4590.0,245789200,BBRI.JK
2022-11-17,3453.76171875,4670.0,4670.0,4500.0,4520.0,214514600,BBRI.JK
2022-11-18,3409.387451171875,4610.0,4680.0,4610.0,4670.0,105313200,BBRI.JK
2022-11-21,3394.596435546875,4590.0,4630.0,4560.0,4620.0,82279300,BBRI.JK
2022-11-22,3394.596435546875,4590.0,4670.0,4570.0,4570.0,154866000,BBRI.JK
2022-11-23,3453.76171875,4670.0,4670.0,4630.0,4640.0,147280600,BBRI.JK
2022-11-24,3490.739501953125,4720.0,4740.0,4670.0,4700.0,156735700,BBRI.JK
2022-11-25,3512.92626953125,4750.0,4750.0,4690.0,4700.0,177861100,BBRI.JK
2022-11-28,3564.695556640625,4820.0,4830.0,4730.0,4730.0,214611600,BBRI.JK
2022-11-29,3586.8828125,4850.0,4860.0,4790.0,4820.0,184916300,BBRI.JK
2022-11-30,3683.026123046875,4980.0,4980.0,4800.0,4810.0,560639800,BBRI.JK
2022-12-01,3653.443603515625,4940.0,5025.0,4900.0,5000.0,267382600,BBRI.JK
2022-12-02,3616.46533203125,4890.0,4930.0,4860.0,4900.0,199981400,BBRI.JK
2022-12-05,3616.46533203125,4890.0,4930.0,4860.0,4910.0,88463000,BBRI.JK
2022-12-06,3594.27880859375,4860.0,4890.0,4800.0,4860.0,151325300,BBRI.JK
2022-12-07,3520.322265625,4760.0,4840.0,4740.0,4840.0,253330100,BBRI.JK
2022-12-08,3579.48779296875,4840.0,4840.0,4710.0,4760.0,154313900,BBRI.JK
2022-12-09,3549.904541015625,4800.0,4840.0,4760.0,4830.0,203573100,BBRI.JK
2022-12-12,3586.8828125,4850.0,4850.0,4760.0,4800.0,139582400,BBRI.JK
2022-12-13,3675.6298828125,4970.0,4980.0,4840.0,4870.0,194233200,BBRI.JK
2022-12-14,3683.026123046875,4980.0,5000.0,4870.0,5000.0,201275800,BBRI.JK
2022-12-15,3631.256591796875,4910.0,4940.0,4880.0,4900.0,170702300,BBRI.JK
2022-12-16,3683.026123046875,4980.0,4980.0,4820.0,4820.0,594601900,BBRI.JK
2022-12-19,3675.6298828125,4970.0,4980.0,4920.0,4970.0,82959800,BBRI.JK
2022-12-20,3631.256591796875,4910.0,4970.0,4890.0,4930.0,78671600,BBRI.JK
2022-12-21,3616.46533203125,4890.0,4940.0,4870.0,4910.0,71277800,BBRI.JK
2022-12-22,3668.23486328125,4960.0,4970.0,4900.0,4910.0,87321400,BBRI.JK
2022-12-23,3609.069580078125,4880.0,4940.0,4880.0,4920.0,53350600,BBRI.JK
2022-12-26,3646.04833984375,4930.0,4930.0,4890.0,4900.0,43581100,BBRI.JK
2022-12-27,3601.674072265625,4870.0,4950.0,4860.0,4930.0,74123800,BBRI.JK
2022-12-28,3564.695556640625,4820.0,4880.0,4810.0,4870.0,117912500,BBRI.JK
2022-12-29,3601.674072265625,4870.0,4870.0,4800.0,4820.0,106690700,BBRI.JK
2022-12-30,3653.443603515625,4940.0,4950.0,4870.0,4870.0,182091500,BBRI.JK
2023-01-02,3601.674072265625,4870.0,4920.0,4820.0,4910.0,100200100,BBRI.JK
2023-01-03,3586.8828125,4850.0,4900.0,4830.0,4830.0,95136500,BBRI.JK
2023-01-04,3527.7177734375,4770.0,4850.0,4770.0,4850.0,188071000,BBRI.JK
2023-01-05,3431.574462890625,4640.0,4760.0,4570.0,4750.0,292142000,BBRI.JK
2023-01-06,3416.783203125,4620.0,4640.0,4550.0,4550.0,175932000,BBRI.JK
2023-01-09,3394.596435546875,4590.0,4640.0,4550.0,4580.0,166164900,BBRI.JK
2023-01-10,3317.46337890625,4430.0,4570.0,4410.0,4550.0,282510000,BBRI.JK
2023-01-11,3280.020263671875,4380.0,4430.0,4360.0,4410.0,211610100,BBRI.JK
2023-01-12,3369.884033203125,4500.0,4520.0,4410.0,4480.0,210887800,BBRI.JK
2023-01-13,3354.906982421875,4480.0,4530.0,4420.0,4510.0,134592100,BBRI.JK
2023-01-16,3384.861328125,4520.0,4530.0,4420.0,4430.0,172170900,BBRI.JK
2023-01-17,3414.815673828125,4560.0,4580.0,4510.0,4520.0,150577400,BBRI.JK
2023-01-18,3444.77001953125,4600.0,4620.0,4560.0,4560.0,178026000,BBRI.JK
2023-01-19,3452.258544921875,4610.0,4630.0,4580.0,4590.0,117204100,BBRI.JK
2023-01-20,3482.213623046875,4650.0,4670.0,4620.0,4630.0,116038300,BBRI.JK
2023-01-24,3459.74755859375,4620.0,4680.0,4590.0,4660.0,81964700,BBRI.JK
2023-01-25,3414.815673828125,4560.0,4620.0,4550.0,4620.0,84009300,BBRI.JK
2023-01-26,3437.281494140625,4590.0,4620.0,4550.0,4560.0,113840400,BBRI.JK
2023-01-27,3474.72509765625,4640.0,4680.0,4600.0,4600.0,178282600,BBRI.JK
2023-01-30,3452.258544921875,4610.0,4680.0,4570.0,4650.0,185972400,BBRI.JK
2023-01-31,3429.793212890625,4580.0,4620.0,4570.0,4610.0,280039200,BBRI.JK
2023-02-01,3504.679443359375,4680.0,4690.0,4620.0,4630.0,181849300,BBRI.JK
2023-02-02,3444.77001953125,4600.0,4680.0,4600.0,4650.0,145413400,BBRI.JK
2023-02-03,3557.099609375,4750.0,4780.0,4630.0,4650.0,198479900,BBRI.JK
2023-02-06,3549.611083984375,4740.0,4810.0,4680.0,4780.0,141366300,BBRI.JK
2023-02-07,3557.099609375,4750.0,4790.0,4720.0,4740.0,140923100,BBRI.JK
2023-02-08,3587.053955078125,4790.0,4790.0,4710.0,4710.0,168599500,BBRI.JK
2023-02-09,3602.03125,4810.0,4840.0,4770.0,4790.0,177400700,BBRI.JK
2023-02-10,3639.474365234375,4860.0,4880.0,4770.0,4840.0,181146600,BBRI.JK
2023-02-13,3594.54296875,4800.0,4900.0,4800.0,4900.0,144569400,BBRI.JK
2023-02-14,3646.96337890625,4870.0,4870.0,4810.0,4820.0,120995200,BBRI.JK
2023-02-15,3646.96337890625,4870.0,4890.0,4810.0,4890.0,84568100,BBRI.JK
2023-02-16,3646.96337890625,4870.0,4890.0,4850.0,4890.0,69966200,BBRI.JK
2023-02-17,3654.45166015625,4880.0,4890.0,4830.0,4890.0,104019300,BBRI.JK
2023-02-20,3654.45166015625,4880.0,4900.0,4840.0,4900.0,88432500,BBRI.JK
2023-02-21,3609.520263671875,4820.0,4880.0,4820.0,4880.0,59319100,BBRI.JK
2023-02-22,3564.588134765625,4760.0,4810.0,4730.0,4790.0,107327900,BBRI.JK
2023-02-23,3594.54296875,4800.0,4810.0,4730.0,4810.0,139144500,BBRI.JK
2023-02-24,3564.588134765625,4760.0,4840.0,4760.0,4800.0,46409300,BBRI.JK
2023-02-27,3602.03125,4810.0,4810.0,4760.0,4780.0,89918800,BBRI.JK
2023-02-28,3497.190673828125,4670.0,4790.0,4670.0,4760.0,273125500,BBRI.JK
2023-03-01,3534.633544921875,4720.0,4750.0,4700.0,4730.0,115578600,BBRI.JK
2023-03-02,3579.56494140625,4780.0,4780.0,4720.0,4750.0,59377900,BBRI.JK
2023-03-03,3564.588134765625,4760.0,4800.0,4730.0,4800.0,84777000,BBRI.JK
2023-03-06,3587.053955078125,4790.0,4800.0,4780.0,4790.0,78292000,BBRI.JK
2023-03-07,3624.4970703125,4840.0,4850.0,4770.0,4770.0,111953700,BBRI.JK
2023-03-08,3624.4970703125,4840.0,4850.0,4820.0,4850.0,125766100,BBRI.JK
2023-03-09,3602.03125,4810.0,4870.0,4810.0,4860.0,79549800,BBRI.JK
2023-03-10,3609.520263671875,4820.0,4830.0,4800.0,4820.0,125140500,BBRI.JK
2023-03-13,3617.0087890625,4830.0,4870.0,4770.0,4810.0,106769300,BBRI.JK
2023-03-14,3527.145263671875,4710.0,4790.0,4690.0,4770.0,192444400,BBRI.JK
2023-03-15,3519.65673828125,4700.0,4770.0,4700.0,4760.0,107761200,BBRI.JK
2023-03-16,3542.12255859375,4730.0,4750.0,4640.0,4700.0,155984500,BBRI.JK
2023-03-17,3669.42919921875,4900.0,4900.0,4750.0,4770.0,267753300,BBRI.JK
2023-03-20,3654.45166015625,4880.0,4880.0,4820.0,4840.0,113829400,BBRI.JK
2023-03-21,3669.42919921875,4900.0,4920.0,4840.0,4870.0,214639300,BBRI.JK
2023-03-24,3748.984375,4770.0,4820.0,4720.0,4750.0,266103900,BBRI.JK
2023-03-27,3725.405517578125,4740.0,4790.0,4720.0,4750.0,144925200,BBRI.JK
2023-03-28,3748.984375,4770.0,4780.0,4740.0,4740.0,105217100,BBRI.JK
2023-03-29,3780.42236328125,4810.0,4820.0,4770.0,4800.0,141800500,BBRI.JK
2023-03-30,3733.26513671875,4750.0,4810.0,4740.0,4810.0,98847200,BBRI.JK
2023-03-31,3717.5458984375,4730.0,4750.0,4710.0,4730.0,161561800,BBRI.JK
2023-04-03,3772.562744140625,4800.0,4800.0,4760.0,4770.0,133511700,BBRI.JK
2023-04-04,3788.28173828125,4820.0,4820.0,4760.0,4800.0,88097800,BBRI.JK
2023-04-05,3796.141357421875,4830.0,4880.0,4800.0,4810.0,119316500,BBRI.JK
2023-04-06,3804.00048828125,4840.0,4860.0,4820.0,4860.0,88012300,BBRI.JK
2023-04-10,3819.719482421875,4860.0,4860.0,4820.0,4860.0,58886800,BBRI.JK
2023-04-11,3835.43896484375,4880.0,4890.0,4830.0,4860.0,67275600,BBRI.JK
2023-04-12,3874.736083984375,4930.0,4950.0,4890.0,4950.0,194839900,BBRI.JK
2023-04-13,3914.033935546875,4980.0,5000.0,4930.0,4950.0,141279800,BBRI.JK
2023-04-14,3988.698974609375,5075.0,5100.0,5000.0,5050.0,190097200,BBRI.JK
2023-04-17,3921.89306640625,4990.0,5075.0,4960.0,5075.0,121231300,BBRI.JK
2023-04-18,3890.455322265625,4950.0,5025.0,4950.0,4990.0,95747700,BBRI.JK
2023-04-26,3949.4013671875,5025.0,5150.0,4930.0,5150.0,273336000,BBRI.JK
2023-04-27,4047.64501953125,5150.0,5150.0,4990.0,4990.0,125947200,BBRI.JK
2023-04-28,4008.34814453125,5100.0,5275.0,5100.0,5175.0,251912000,BBRI.JK
2023-05-02,4047.64501953125,5150.0,5175.0,5050.0,5175.0,84246100,BBRI.JK
2023-05-03,4008.34814453125,5100.0,5225.0,5050.0,5225.0,183524700,BBRI.JK
2023-05-04,4047.64501953125,5150.0,5175.0,5075.0,5150.0,140482000,BBRI.JK
2023-05-05,4106.591796875,5225.0,5250.0,5125.0,5225.0,182599600,BBRI.JK
2023-05-08,4008.34814453125,5100.0,5250.0,5050.0,5250.0,107804200,BBRI.JK
2023-05-09,4027.996826171875,5125.0,5125.0,5025.0,5050.0,102987300,BBRI.JK
2023-05-10,4047.64501953125,5150.0,5150.0,5050.0,5075.0,108369600,BBRI.JK
2023-05-11,4047.64501953125,5150.0,5175.0,5100.0,5175.0,85618800,BBRI.JK
2023-05-12,4047.64501953125,5150.0,5175.0,5100.0,5100.0,92625800,BBRI.JK
2023-05-15,4047.64501953125,5150.0,5175.0,5025.0,5150.0,163732600,BBRI.JK
2023-05-16,4086.942626953125,5200.0,5200.0,5100.0,5175.0,73611200,BBRI.JK
2023-05-17,4086.942626953125,5200.0,5250.0,5175.0,5250.0,115834500,BBRI.JK
2023-05-19,4244.13330078125,5400.0,5450.0,5200.0,5225.0,185672200,BBRI.JK
2023-05-22,4263.78173828125,5425.0,5500.0,5300.0,5300.0,162655900,BBRI.JK
2023-05-23,4322.72802734375,5500.0,5600.0,5475.0,5475.0,255251600,BBRI.JK
2023-05-24,4401.3232421875,5600.0,5600.0,5450.0,5525.0,187436100,BBRI.JK
2023-05-25,4303.0791015625,5475.0,5575.0,5450.0,5500.0,224391900,BBRI.JK
2023-05-26,4401.3232421875,5600.0,5600.0,5425.0,5425.0,154003100,BBRI.JK
2023-05-29,4362.02587890625,5550.0,5625.0,5475.0,5600.0,125049100,BBRI.JK
2023-05-30,4322.72802734375,5500.0,5600.0,5500.0,5500.0,67363200,BBRI.JK
2023-05-31,4381.67431640625,5575.0,5575.0,5375.0,5575.0,898453700,BBRI.JK
2023-06-05,4263.78173828125,5425.0,5600.0,5425.0,5600.0,255472600,BBRI.JK
2023-06-06,4283.43017578125,5450.0,5500.0,5350.0,5400.0,92019300,BBRI.JK
2023-06-07,4244.13330078125,5400.0,5475.0,5350.0,5475.0,150377000,BBRI.JK
2023-06-08,4303.0791015625,5475.0,5475.0,5350.0,5375.0,92794100,BBRI.JK
2023-06-09,4263.78173828125,5425.0,5450.0,5375.0,5425.0,77251000,BBRI.JK
2023-06-12,4244.13330078125,5400.0,5400.0,5375.0,5400.0,92314200,BBRI.JK
2023-06-13,4362.02587890625,5550.0,5550.0,5400.0,5400.0,108831400,BBRI.JK
2023-06-14,4362.02587890625,5550.0,5575.0,5475.0,5575.0,79137600,BBRI.JK
2023-06-15,4342.37646484375,5525.0,5525.0,5450.0,5475.0,74388400,BBRI.JK
2023-06-16,4362.02587890625,5550.0,5550.0,5400.0,5475.0,189062600,BBRI.JK
2023-06-19,4342.37646484375,5525.0,5525.0,5450.0,5500.0,55144200,BBRI.JK
2023-06-20,4362.02587890625,5550.0,5550.0,5475.0,5475.0,102926800,BBRI.JK
2023-06-21,4381.67431640625,5575.0,5575.0,5500.0,5500.0,84605400,BBRI.JK
2023-06-22,4303.0791015625,5475.0,5600.0,5475.0,5550.0,94143200,BBRI.JK
2023-06-23,4244.13330078125,5400.0,5475.0,5400.0,5425.0,123350300,BBRI.JK
2023-06-26,4283.43017578125,5450.0,5475.0,5375.0,5425.0,85472100,BBRI.JK
2023-06-27,4263.78173828125,5425.0,5500.0,5425.0,5450.0,110716500,BBRI.JK
2023-07-03,4303.0791015625,5475.0,5550.0,5450.0,5500.0,168559800,BBRI.JK
2023-07-04,4283.43017578125,5450.0,5500.0,5425.0,5500.0,94462600,BBRI.JK
2023-07-05,4283.43017578125,5450.0,5450.0,5400.0,5400.0,109632800,BBRI.JK
2023-07-06,4263.78173828125,5425.0,5475.0,5400.0,5450.0,109446200,BBRI.JK
2023-07-07,4224.484375,5375.0,5425.0,5375.0,5400.0,114043800,BBRI.JK
2023-07-10,4244.13330078125,5400.0,5500.0,5400.0,5425.0,78972100,BBRI.JK
2023-07-11,4263.78173828125,5425.0,5450.0,5375.0,5375.0,122094700,BBRI.JK
2023-07-12,4283.43017578125,5450.0,5475.0,5425.0,5450.0,104993700,BBRI.JK
2023-07-13,4283.43017578125,5450.0,5475.0,5425.0,5425.0,134905700,BBRI.JK
2023-07-14,4342.37646484375,5525.0,5525.0,5425.0,5450.0,127814200,BBRI.JK
2023-07-17,4381.67431640625,5575.0,5625.0,5525.0,5550.0,166951300,BBRI.JK
2023-07-18,4420.97216796875,5625.0,5700.0,5600.0,5625.0,120810300,BBRI.JK
2023-07-20,4420.97216796875,5625.0,5650.0,5550.0,5575.0,111117300,BBRI.JK
2023-07-21,4420.97216796875,5625.0,5625.0,5575.0,5600.0,63094600,BBRI.JK
2023-07-24,4401.3232421875,5600.0,5650.0,5600.0,5600.0,62962500,BBRI.JK
2023-07-25,4440.62109375,5650.0,5700.0,5625.0,5625.0,111248100,BBRI.JK
2023-07-26,4460.26953125,5675.0,5700.0,5650.0,5700.0,76200300,BBRI.JK
2023-07-27,4440.62109375,5650.0,5750.0,5650.0,5675.0,109859200,BBRI.JK
2023-07-28,4479.91796875,5700.0,5700.0,5625.0,5625.0,74036700,BBRI.JK
2023-07-31,4440.62109375,5650.0,5700.0,5650.0,5700.0,186727400,BBRI.JK
2023-08-01,4479.91796875,5700.0,5750.0,5650.0,5650.0,100137500,BBRI.JK
2023-08-02,4479.91796875,5700.0,5725.0,5650.0,5650.0,90611300,BBRI.JK
2023-08-03,4479.91796875,5700.0,5750.0,5650.0,5675.0,82775000,BBRI.JK
2023-08-04,4381.67431640625,5575.0,5725.0,5575.0,5700.0,150738500,BBRI.JK
2023-08-07,4479.91796875,5700.0,5725.0,5575.0,5600.0,88104900,BBRI.JK
2023-08-08,4420.97216796875,5625.0,5750.0,5600.0,5700.0,89189600,BBRI.JK
2023-08-09,4479.91796875,5700.0,5725.0,5625.0,5650.0,91930000,BBRI.JK
2023-08-10,4479.91796875,5700.0,5725.0,5675.0,5675.0,85474200,BBRI.JK
2023-08-11,4440.62109375,5650.0,5700.0,5650.0,5675.0,74321000,BBRI.JK
2023-08-14,4440.62109375,5650.0,5675.0,5575.0,5650.0,127358400,BBRI.JK
2023-08-15,4381.67431640625,5575.0,5675.0,5575.0,5650.0,89597300,BBRI.JK
2023-08-16,4342.37646484375,5525.0,5575.0,5450.0,5550.0,188191900,BBRI.JK
2023-08-18,4381.67431640625,5575.0,5600.0,5500.0,5500.0,121561200,BBRI.JK
2023-08-21,4322.72802734375,5500.0,5575.0,5500.0,5550.0,91640000,BBRI.JK
2023-08-22,4381.67431640625,5575.0,5625.0,5500.0,5500.0,101221500,BBRI.JK
2023-08-23,4401.3232421875,5600.0,5625.0,5575.0,5600.0,78686900,BBRI.JK
2023-08-24,4362.02587890625,5550.0,5625.0,5550.0,5625.0,74407500,BBRI.JK
2023-08-25,4401.3232421875,5600.0,5600.0,5525.0,5550.0,65096500,BBRI.JK
2023-08-28,4362.02587890625,5550.0,5625.0,5550.0,5600.0,37126600,BBRI.JK
2023-08-29,4401.3232421875,5600.0,5600.0,5525.0,5525.0,57547200,BBRI.JK
2023-08-30,4342.37646484375,5525.0,5600.0,5500.0,5600.0,171282700,BBRI.JK
2023-08-31,4362.02587890625,5550.0,5550.0,5475.0,5525.0,175088200,BBRI.JK
2023-09-01,4381.67431640625,5575.0,5600.0,5525.0,5600.0,87366100,BBRI.JK
2023-09-04,4420.97216796875,5625.0,5625.0,5575.0,5600.0,43898200,BBRI.JK
2023-09-05,4420.97216796875,5625.0,5650.0,5600.0,5625.0,72464300,BBRI.JK
2023-09-06,4381.67431640625,5575.0,5650.0,5575.0,5625.0,106367800,BBRI.JK
2023-09-07,4283.43017578125,5450.0,5550.0,5450.0,5525.0,157998600,BBRI.JK
2023-09-08,4204.83544921875,5350.0,5450.0,5300.0,5425.0,243324500,BBRI.JK
2023-09-11,4263.78173828125,5425.0,5425.0,5300.0,5350.0,80474100,BBRI.JK
2023-09-12,4224.484375,5375.0,5475.0,5375.0,5450.0,121654400,BBRI.JK
2023-09-13,4244.13330078125,5400.0,5425.0,5350.0,5350.0,59408000,BBRI.JK
2023-09-14,4263.78173828125,5425.0,5425.0,5325.0,5325.0,76831700,BBRI.JK
2023-09-15,4224.484375,5375.0,5450.0,5375.0,5400.0,141455400,BBRI.JK
2023-09-18,4185.1865234375,5325.0,5400.0,5300.0,5350.0,61329000,BBRI.JK
2023-09-19,4224.484375,5375.0,5375.0,5300.0,5325.0,50612700,BBRI.JK
2023-09-20,4224.484375,5375.0,5450.0,5350.0,5350.0,98710100,BBRI.JK
2023-09-21,4204.83544921875,5350.0,5425.0,5350.0,5425.0,68584900,BBRI.JK
2023-09-22,4204.83544921875,5350.0,5425.0,5350.0,5350.0,83184100,BBRI.JK
2023-09-25,4165.5380859375,5300.0,5350.0,5200.0,5325.0,120196700,BBRI.JK
2023-09-26,4086.942626953125,5200.0,5275.0,5200.0,5250.0,180280600,BBRI.JK
2023-09-27,4106.591796875,5225.0,5300.0,5175.0,5175.0,119774700,BBRI.JK
2023-09-29,4106.591796875,5225.0,5325.0,5225.0,5300.0,140331100,BBRI.JK
2023-10-02,4126.24072265625,5250.0,5300.0,5250.0,5250.0,81674600,BBRI.JK
2023-10-03,4145.8896484375,5275.0,5300.0,5250.0,5250.0,54462700,BBRI.JK
2023-10-04,4126.24072265625,5250.0,5275.0,5200.0,5250.0,121445000,BBRI.JK
2023-10-05,4067.2939453125,5175.0,5275.0,5175.0,5250.0,116814800,BBRI.JK
2023-10-06,4067.2939453125,5175.0,5250.0,5175.0,5200.0,70202300,BBRI.JK
2023-10-09,4027.996826171875,5125.0,5225.0,5125.0,5200.0,144477000,BBRI.JK
2023-10-10,4067.2939453125,5175.0,5250.0,5125.0,5125.0,98457000,BBRI.JK
2023-10-11,4126.24072265625,5250.0,5275.0,5150.0,5150.0,100394800,BBRI.JK
2023-10-12,4165.5380859375,5300.0,5375.0,5275.0,5300.0,174022400,BBRI.JK
2023-10-13,4145.8896484375,5275.0,5325.0,5250.0,5275.0,84648800,BBRI.JK
2023-10-16,4126.24072265625,5250.0,5325.0,5250.0,5325.0,45782300,BBRI.JK
2023-10-17,4047.64501953125,5150.0,5275.0,5150.0,5250.0,127287200,BBRI.JK
2023-10-18,4047.64501953125,5150.0,5225.0,5125.0,5125.0,77217600,BBRI.JK
2023-10-19,3929.752685546875,5000.0,5150.0,5000.0,5100.0,195831400,BBRI.JK
2023-10-20,3969.05078125,5050.0,5100.0,4960.0,4980.0,173353600,BBRI.JK
2023-10-23,3929.752685546875,5000.0,5075.0,4990.0,5000.0,82756100,BBRI.JK
2023-10-24,4008.34814453125,5100.0,5100.0,4950.0,5000.0,104021500,BBRI.JK
2023-10-25,4067.2939453125,5175.0,5200.0,5100.0,5100.0,142215000,BBRI.JK
2023-10-26,3866.876708984375,4920.0,5175.0,4920.0,5175.0,330618800,BBRI.JK
2023-10-27,3929.752685546875,5000.0,5050.0,4940.0,4950.0,129599800,BBRI.JK
2023-10-30,3929.752685546875,5000.0,5025.0,4970.0,4980.0,108523700,BBRI.JK
2023-10-31,3898.314453125,4960.0,5000.0,4960.0,4980.0,106760300,BBRI.JK
2023-11-01,3796.141357421875,4830.0,4960.0,4830.0,4920.0,191567200,BBRI.JK
2023-11-02,3929.752685546875,5000.0,5075.0,4910.0,4940.0,208075400,BBRI.JK
2023-11-03,4008.34814453125,5100.0,5175.0,5025.0,5025.0,125504000,BBRI.JK
2023-11-06,4086.942626953125,5200.0,5200.0,5100.0,5100.0,122333800,BBRI.JK
2023-11-07,4126.24072265625,5250.0,5275.0,5175.0,5225.0,137039400,BBRI.JK
2023-11-08,4106.591796875,5225.0,5250.0,5175.0,5200.0,86713700,BBRI.JK
2023-11-09,4086.942626953125,5200.0,5275.0,5200.0,5225.0,66236400,BBRI.JK
2023-11-10,3988.698974609375,5075.0,5150.0,5050.0,5150.0,113811900,BBRI.JK
2023-11-13,3949.4013671875,5025.0,5125.0,5025.0,5075.0,63126900,BBRI.JK
2023-11-14,3988.698974609375,5075.0,5125.0,5050.0,5075.0,85419500,BBRI.JK
2023-11-15,4126.24072265625,5250.0,5300.0,5175.0,5200.0,193790400,BBRI.JK
2023-11-16,4126.24072265625,5250.0,5275.0,5175.0,5275.0,99488800,BBRI.JK
2023-11-17,4106.591796875,5225.0,5250.0,5175.0,5175.0,70727500,BBRI.JK
2023-11-20,4126.24072265625,5250.0,5275.0,5175.0,5175.0,54123600,BBRI.JK
2023-11-21,4086.942626953125,5200.0,5250.0,5175.0,5225.0,104110500,BBRI.JK
2023-11-22,4145.8896484375,5275.0,5300.0,5175.0,5175.0,103585500,BBRI.JK
2023-11-23,4204.83544921875,5350.0,5400.0,5300.0,5325.0,174572400,BBRI.JK
2023-11-24,4244.13330078125,5400.0,5450.0,5375.0,5400.0,92571400,BBRI.JK
2023-11-27,4204.83544921875,5350.0,5450.0,5350.0,5425.0,76019100,BBRI.JK
2023-11-28,4204.83544921875,5350.0,5425.0,5325.0,5325.0,147993400,BBRI.JK
2023-11-29,4165.5380859375,5300.0,5375.0,5300.0,5350.0,106197800,BBRI.JK
2023-11-30,4145.8896484375,5275.0,5375.0,5275.0,5375.0,224426400,BBRI.JK
2023-12-01,4204.83544921875,5350.0,5375.0,5275.0,5275.0,99499500,BBRI.JK
2023-12-04,4322.72802734375,5500.0,5575.0,5450.0,5450.0,235595700,BBRI.JK
2023-12-05,4283.43017578125,5450.0,5500.0,5425.0,5425.0,114689900,BBRI.JK
2023-12-06,4263.78173828125,5425.0,5450.0,5400.0,5425.0,119716700,BBRI.JK
2023-12-07,4303.0791015625,5475.0,5475.0,5400.0,5400.0,102126600,BBRI.JK
2023-12-08,4224.484375,5375.0,5450.0,5375.0,5425.0,130542600,BBRI.JK
2023-12-11,4165.5380859375,5300.0,5375.0,5300.0,5325.0,124468600,BBRI.JK
2023-12-12,4185.1865234375,5325.0,5400.0,5325.0,5375.0,134501600,BBRI.JK
2023-12-13,4165.5380859375,5300.0,5350.0,5275.0,5300.0,98881600,BBRI.JK
2023-12-14,4362.02587890625,5550.0,5550.0,5425.0,5450.0,239261700,BBRI.JK
2023-12-15,4362.02587890625,5550.0,5600.0,5550.0,5575.0,252448800,BBRI.JK
2023-12-18,4322.72802734375,5500.0,5575.0,5500.0,5575.0,102780900,BBRI.JK
2023-12-19,4362.02587890625,5550.0,5550.0,5450.0,5450.0,135207300,BBRI.JK
2023-12-20,4362.02587890625,5550.0,5700.0,5550.0,5700.0,138470900,BBRI.JK
2023-12-21,4381.67431640625,5575.0,5600.0,5525.0,5550.0,99049600,BBRI.JK
2023-12-22,4460.26953125,5675.0,5700.0,5600.0,5650.0,109411300,BBRI.JK
2023-12-27,4420.97216796875,5625.0,5725.0,5625.0,5700.0,122236700,BBRI.JK
2023-12-28,4499.56689453125,5725.0,5750.0,5675.0,5700.0,121434600,BBRI.JK
2023-12-29,4499.56689453125,5725.0,5750.0,5675.0,5750.0,93126000,BBRI.JK
2024-01-02,4526.68701171875,5675.0,5675.0,5625.0,5650.0,91143100,BBRI.JK
2024-01-03,4466.86328125,5600.0,5650.0,5600.0,5625.0,83659700,BBRI.JK
2024-01-04,4546.62841796875,5700.0,5700.0,5575.0,5600.0,92683500,BBRI.JK
2024-01-05,4586.5107421875,5750.0,5850.0,5700.0,5725.0,134929600,BBRI.JK
2024-01-08,4486.80517578125,5625.0,5800.0,5625.0,5750.0,152015000,BBRI.JK
2024-01-09,4546.62841796875,5700.0,5700.0,5625.0,5625.0,105666200,BBRI.JK
2024-01-10,4546.62841796875,5700.0,5700.0,5625.0,5625.0,82626400,BBRI.JK
2024-01-11,4586.5107421875,5750.0,5800.0,5700.0,5750.0,116804400,BBRI.JK
2024-01-12,4666.27685546875,5850.0,5850.0,5775.0,5800.0,109715700,BBRI.JK
2024-01-15,4646.33544921875,5825.0,5900.0,5775.0,5850.0,115126700,BBRI.JK
2024-01-16,4646.33544921875,5825.0,5875.0,5775.0,5825.0,97074300,BBRI.JK
2024-01-17,4606.45263671875,5775.0,5825.0,5750.0,5825.0,107941600,BBRI.JK
2024-01-18,4586.5107421875,5750.0,5800.0,5700.0,5800.0,87259100,BBRI.JK
2024-01-19,4626.39404296875,5800.0,5800.0,5700.0,5750.0,75370700,BBRI.JK
2024-01-22,4606.45263671875,5775.0,5800.0,5700.0,5775.0,97545600,BBRI.JK
2024-01-23,4546.62841796875,5700.0,5750.0,5650.0,5700.0,122999700,BBRI.JK
2024-01-24,4506.74658203125,5650.0,5700.0,5575.0,5675.0,104225000,BBRI.JK
2024-01-25,4407.0390625,5525.0,5650.0,5525.0,5575.0,120478800,BBRI.JK
2024-01-26,4327.2734375,5425.0,5475.0,5400.0,5450.0,185244400,BBRI.JK
2024-01-29,4446.921875,5575.0,5575.0,5400.0,5400.0,145629600,BBRI.JK
2024-01-30,4486.80517578125,5625.0,5650.0,5475.0,5525.0,150513700,BBRI.JK
2024-01-31,4546.62841796875,5700.0,5775.0,5675.0,5725.0,245117200,BBRI.JK
2024-02-01,4586.5107421875,5750.0,5800.0,5725.0,5775.0,156633900,BBRI.JK
2024-02-02,4666.27685546875,5850.0,5850.0,5750.0,5800.0,177209700,BBRI.JK
2024-02-05,4606.45263671875,5775.0,5825.0,5750.0,5800.0,113760000,BBRI.JK
2024-02-06,4646.33544921875,5825.0,5900.0,5800.0,5900.0,126704300,BBRI.JK
2024-02-07,4666.27685546875,5850.0,5900.0,5825.0,5850.0,147005300,BBRI.JK
2024-02-12,4805.8662109375,6025.0,6025.0,5850.0,5875.0,171514600,BBRI.JK
2024-02-13,4785.9248046875,6000.0,6050.0,5950.0,6050.0,145852200,BBRI.JK
2024-02-15,4885.6318359375,6125.0,6275.0,6100.0,6275.0,308685100,BBRI.JK
2024-02-16,4905.5732421875,6150.0,6200.0,6125.0,6150.0,130814400,BBRI.JK
2024-02-19,4865.6904296875,6100.0,6175.0,6075.0,6125.0,111382900,BBRI.JK
2024-02-20,5025.22119140625,6300.0,6300.0,6175.0,6175.0,160872600,BBRI.JK
2024-02-21,5025.22119140625,6300.0,6375.0,6225.0,6325.0,168423000,BBRI.JK
2024-02-22,4985.33837890625,6250.0,6300.0,6225.0,6250.0,100256000,BBRI.JK
2024-02-23,4885.6318359375,6125.0,6175.0,6050.0,6125.0,148643000,BBRI.JK
2024-02-26,4925.5146484375,6175.0,6200.0,6075.0,6100.0,98920800,BBRI.JK
2024-02-27,4885.6318359375,6125.0,6200.0,6125.0,6125.0,99187500,BBRI.JK
2024-02-28,4965.39697265625,6225.0,6225.0,6100.0,6100.0,97236700,BBRI.JK
2024-02-29,4885.6318359375,6125.0,6200.0,6125.0,6150.0,173774600,BBRI.JK
2024-03-01,4885.6318359375,6125.0,6175.0,6075.0,6175.0,76286400,BBRI.JK
2024-03-04,4825.8076171875,6050.0,6125.0,6050.0,6125.0,70354900,BBRI.JK
2024-03-05,4885.6318359375,6125.0,6175.0,6075.0,6100.0,115084600,BBRI.JK
2024-03-06,4945.45556640625,6200.0,6200.0,6100.0,6100.0,84108800,BBRI.JK
2024-03-07,4965.39697265625,6225.0,6275.0,6200.0,6200.0,117724700,BBRI.JK
2024-03-08,5065.103515625,6350.0,6400.0,6250.0,6275.0,163060000,BBRI.JK
2024-03-13,5104.98681640625,6400.0,6450.0,6350.0,6350.0,195173100,BBRI.JK
2024-03-14,5092.56591796875,6150.0,6200.0,6050.0,6175.0,271254000,BBRI.JK
2024-03-15,4947.65478515625,5975.0,6075.0,5950.0,6000.0,305995800,BBRI.JK
2024-03-18,4968.3564453125,6000.0,6100.0,5975.0,6000.0,110564700,BBRI.JK
2024-03-19,4968.3564453125,6000.0,6050.0,5975.0,6000.0,114338600,BBRI.JK
2024-03-20,5051.16259765625,6100.0,6100.0,6000.0,6000.0,120885400,BBRI.JK
2024-03-21,5051.16259765625,6100.0,6200.0,6100.0,6175.0,136020000,BBRI.JK
2024-03-22,5071.8642578125,6125.0,6125.0,6050.0,6050.0,46529200,BBRI.JK
2024-03-25,5175.37158203125,6250.0,6250.0,6125.0,6250.0,115729600,BBRI.JK
2024-03-26,5216.7744140625,6300.0,6300.0,6200.0,6300.0,120748400,BBRI.JK
2024-03-27,5175.37158203125,6250.0,6325.0,6225.0,6300.0,73308900,BBRI.JK
2024-03-28,5009.75927734375,6050.0,6200.0,6025.0,6100.0,288926900,BBRI.JK
2024-04-01,4906.251953125,5925.0,6025.0,5825.0,6000.0,217207800,BBRI.JK
2024-04-02,4699.23681640625,5675.0,5950.0,5625.0,5850.0,412180900,BBRI.JK
2024-04-03,4657.83447265625,5625.0,5675.0,5525.0,5575.0,333518700,BBRI.JK
2024-04-04,4719.9384765625,5700.0,5750.0,5650.0,5650.0,131936100,BBRI.JK
2024-04-05,4678.5361328125,5650.0,5700.0,5625.0,5625.0,178817800,BBRI.JK
2024-04-16,4430.1181640625,5350.0,5575.0,5350.0,5375.0,600717500,BBRI.JK
2024-04-17,4388.71484375,5300.0,5500.0,5300.0,5475.0,244002000,BBRI.JK
2024-04-18,4533.625,5475.0,5500.0,5300.0,5300.0,247410700,BBRI.JK
2024-04-19,4368.013671875,5275.0,5375.0,5250.0,5350.0,258211500,BBRI.JK
2024-04-22,4388.71484375,5300.0,5325.0,5150.0,5200.0,342282800,BBRI.JK
2024-04-23,4388.71484375,5300.0,5400.0,5225.0,5350.0,281403100,BBRI.JK
2024-04-24,4326.6103515625,5225.0,5350.0,5150.0,5250.0,471241400,BBRI.JK
2024-04-25,4264.505859375,5150.0,5200.0,5050.0,5125.0,479170900,BBRI.JK
2024-04-26,3999.52734375,4830.0,5100.0,4830.0,5050.0,782589900,BBRI.JK
2024-04-29,3949.84375,4770.0,4890.0,4680.0,4700.0,700644800,BBRI.JK
2024-04-30,4090.613525390625,4940.0,5050.0,4820.0,4850.0,565609200,BBRI.JK
2024-05-02,3941.56298828125,4760.0,4920.0,4700.0,4910.0,636922100,BBRI.JK
2024-05-03,3933.2822265625,4750.0,4830.0,4710.0,4760.0,321697200,BBRI.JK
2024-05-06,3966.40478515625,4790.0,4840.0,4730.0,4800.0,262707400,BBRI.JK
2024-05-07,3867.037109375,4670.0,4780.0,4670.0,4770.0,304013600,BBRI.JK
2024-05-08,3875.31787109375,4680.0,4740.0,4570.0,4650.0,572275800,BBRI.JK
2024-05-13,3875.31787109375,4680.0,4700.0,4630.0,4650.0,320067100,BBRI.JK
2024-05-14,3916.720947265625,4730.0,4810.0,4700.0,4720.0,341458900,BBRI.JK
2024-05-15,3991.24658203125,4820.0,4870.0,4760.0,4780.0,298990300,BBRI.JK
2024-05-16,4007.8076171875,4840.0,4960.0,4840.0,4930.0,371295000,BBRI.JK
2024-05-17,4074.05224609375,4920.0,4960.0,4820.0,4840.0,208991800,BBRI.JK
2024-05-20,3991.24658203125,4820.0,5050.0,4820.0,4990.0,335150700,BBRI.JK
2024-05-21,3875.31787109375,4680.0,4870.0,4680.0,4810.0,271568800,BBRI.JK
2024-05-22,3908.440185546875,4720.0,4770.0,4650.0,4650.0,215066000,BBRI.JK
2024-05-27,3767.67041015625,4550.0,4720.0,4550.0,4700.0,363719300,BBRI.JK
2024-05-28,3751.109375,4530.0,4630.0,4520.0,4580.0,258070200,BBRI.JK
2024-05-29,3651.742431640625,4410.0,4500.0,4400.0,4480.0,465008500,BBRI.JK
2024-05-30,3626.900146484375,4380.0,4480.0,4310.0,4400.0,502927800,BBRI.JK
2024-05-31,3593.7783203125,4340.0,4470.0,4330.0,4430.0,655144100,BBRI.JK
2024-06-03,3751.109375,4530.0,4560.0,4400.0,4430.0,345770100,BBRI.JK
2024-06-04,3684.864501953125,4450.0,4590.0,4450.0,4560.0,332902200,BBRI.JK
2024-06-05,3643.461669921875,4400.0,4500.0,4400.0,4500.0,240788500,BBRI.JK
2024-06-06,3726.267333984375,4500.0,4500.0,4390.0,4450.0,281534200,BBRI.JK
2024-06-07,3602.05859375,4350.0,4500.0,4350.0,4490.0,375439600,BBRI.JK
2024-06-10,3643.461669921875,4400.0,4430.0,4320.0,4350.0,181387000,BBRI.JK
2024-06-11,3593.7783203125,4340.0,4440.0,4340.0,4380.0,197854400,BBRI.JK
2024-06-12,3602.05859375,4350.0,4360.0,4310.0,4340.0,187332500,BBRI.JK
2024-06-13,3568.93603515625,4310.0,4420.0,4300.0,4400.0,238349600,BBRI.JK
2024-06-14,3461.28857421875,4180.0,4320.0,4170.0,4300.0,358893200,BBRI.JK
2024-06-19,3395.043701171875,4100.0,4240.0,4090.0,4100.0,410338400,BBRI.JK
2024-06-20,3535.81396484375,4270.0,4270.0,4130.0,4130.0,387133400,BBRI.JK
2024-06-21,3676.583984375,4440.0,4490.0,4260.0,4280.0,532713300,BBRI.JK
2024-06-24,3643.461669921875,4400.0,4510.0,4400.0,4440.0,303830800,BBRI.JK
2024-06-25,3626.900146484375,4380.0,4400.0,4280.0,4320.0,383572500,BBRI.JK
2024-06-26,3618.61962890625,4370.0,4430.0,4350.0,4390.0,150303400,BBRI.JK
2024-06-27,3693.145263671875,4460.0,4500.0,4380.0,4410.0,299430600,BBRI.JK
2024-06-28,3809.0732421875,4600.0,4640.0,4580.0,4590.0,581319300,BBRI.JK
2024-07-01,3833.91552734375,4630.0,4670.0,4560.0,4630.0,261421200,BBRI.JK
2024-07-02,3784.231689453125,4570.0,4630.0,4570.0,4610.0,234403100,BBRI.JK
2024-07-03,3809.0732421875,4600.0,4640.0,4560.0,4630.0,176310400,BBRI.JK
2024-07-04,3966.40478515625,4790.0,4830.0,4660.0,4680.0,422261500,BBRI.JK
2024-07-05,3974.685302734375,4800.0,4870.0,4790.0,4850.0,218278000,BBRI.JK
2024-07-08,3933.2822265625,4750.0,4830.0,4740.0,4800.0,222042100,BBRI.JK
2024-07-09,4032.6494140625,4870.0,4930.0,4750.0,4780.0,291320400,BBRI.JK
2024-07-10,4016.088134765625,4850.0,4920.0,4840.0,4870.0,167619700,BBRI.JK
2024-07-11,4007.8076171875,4840.0,4920.0,4840.0,4910.0,170461300,BBRI.JK
2024-07-12,4057.491455078125,4900.0,4980.0,4880.0,4970.0,301125400,BBRI.JK
2024-07-15,3991.24658203125,4820.0,4930.0,4810.0,4920.0,188713000,BBRI.JK
2024-07-16,3916.720947265625,4730.0,4840.0,4730.0,4820.0,189271400,BBRI.JK
2024-07-17,3941.56298828125,4760.0,4810.0,4720.0,4750.0,263325400,BBRI.JK
2024-07-18,4049.211181640625,4890.0,4890.0,4750.0,4760.0,296614900,BBRI.JK
2024-07-19,4057.491455078125,4900.0,4910.0,4850.0,4870.0,135104800,BBRI.JK
2024-07-22,4065.772216796875,4910.0,4940.0,4880.0,4920.0,140128300,BBRI.JK
2024-07-23,3966.40478515625,4790.0,4910.0,4780.0,4900.0,170919500,BBRI.JK
2024-07-24,3958.1240234375,4780.0,4800.0,4760.0,4770.0,116037600,BBRI.JK
2024-07-25,3891.87939453125,4700.0,4760.0,4660.0,4760.0,274397700,BBRI.JK
2024-07-26,3941.56298828125,4760.0,4810.0,4740.0,4760.0,192267300,BBRI.JK
2024-07-29,3958.1240234375,4780.0,4800.0,4760.0,4800.0,126109900,BBRI.JK
2024-07-30,3867.037109375,4670.0,4740.0,4670.0,4720.0,201835700,BBRI.JK
2024-07-31,3867.037109375,4670.0,4710.0,4650.0,4650.0,168490300,BBRI.JK
2024-08-01,3933.2822265625,4750.0,4750.0,4690.0,4710.0,169636700,BBRI.JK
2024-08-02,3900.16015625,4710.0,4750.0,4690.0,4730.0,113328400,BBRI.JK
2024-08-05,3751.109375,4530.0,4670.0,4510.0,4660.0,329430900,BBRI.JK
2024-08-06,3809.0732421875,4600.0,4650.0,4520.0,4550.0,238051800,BBRI.JK
2024-08-07,3825.634765625,4620.0,4640.0,4590.0,4640.0,125937500,BBRI.JK
2024-08-08,3858.757080078125,4660.0,4690.0,4590.0,4600.0,131343400,BBRI.JK
2024-08-09,3867.037109375,4670.0,4730.0,4670.0,4700.0,98730900,BBRI.JK
2024-08-12,3875.31787109375,4680.0,4720.0,4650.0,4720.0,83552800,BBRI.JK
2024-08-13,3908.440185546875,4720.0,4750.0,4690.0,4700.0,109533400,BBRI.JK
2024-08-14,3991.24658203125,4820.0,4840.0,4760.0,4770.0,262716500,BBRI.JK
2024-08-15,3999.52734375,4830.0,4870.0,4790.0,4850.0,214394900,BBRI.JK
2024-08-16,3999.52734375,4830.0,4870.0,4830.0,4850.0,149701700,BBRI.JK
2024-08-19,3991.24658203125,4820.0,4820.0,4750.0,4820.0,196203200,BBRI.JK
2024-08-20,4098.89453125,4950.0,4950.0,4840.0,4860.0,310085500,BBRI.JK
2024-08-21,4223.10302734375,5100.0,5100.0,4980.0,4990.0,390307000,BBRI.JK
2024-08-22,4181.7001953125,5050.0,5150.0,5025.0,5125.0,474043100,BBRI.JK
2024-08-23,4264.505859375,5150.0,5200.0,5125.0,5150.0,217759300,BBRI.JK
2024-08-26,4388.71484375,5300.0,5325.0,5200.0,5200.0,361169800,BBRI.JK
2024-08-27,4285.20703125,5175.0,5275.0,5100.0,5250.0,271088700,BBRI.JK
2024-08-28,4264.505859375,5150.0,5175.0,5025.0,5100.0,277561700,BBRI.JK
2024-08-29,4243.8046875,5125.0,5175.0,5100.0,5125.0,160041900,BBRI.JK
2024-08-30,4264.505859375,5150.0,5175.0,5125.0,5175.0,275298000,BBRI.JK
2024-09-02,4285.20703125,5175.0,5225.0,5150.0,5150.0,136717200,BBRI.JK
2024-09-03,4285.20703125,5175.0,5250.0,5150.0,5225.0,166033900,BBRI.JK
2024-09-04,4223.10302734375,5100.0,5175.0,5100.0,5100.0,141890400,BBRI.JK
2024-09-05,4264.505859375,5150.0,5150.0,5075.0,5125.0,166436800,BBRI.JK
2024-09-06,4326.6103515625,5225.0,5250.0,5150.0,5200.0,170520700,BBRI.JK
2024-09-09,4285.20703125,5175.0,5300.0,5150.0,5275.0,201448700,BBRI.JK
2024-09-10,4347.31201171875,5250.0,5250.0,5125.0,5200.0,202326400,BBRI.JK
2024-09-11,4285.20703125,5175.0,5250.0,5125.0,5225.0,165284900,BBRI.JK
2024-09-12,4285.20703125,5175.0,5225.0,5150.0,5175.0,138542100,BBRI.JK
2024-09-13,4388.71484375,5300.0,5300.0,5175.0,5200.0,259722600,BBRI.JK
2024-09-17,4388.71484375,5300.0,5350.0,5250.0,5350.0,201331600,BBRI.JK
2024-09-18,4430.1181640625,5350.0,5375.0,5325.0,5350.0,186877300,BBRI.JK
2024-09-19,4471.52099609375,5400.0,5500.0,5400.0,5425.0,332941100,BBRI.JK
2024-09-20,4450.8193359375,5375.0,5450.0,5375.0,5400.0,260437400,BBRI.JK
2024-09-23,4554.32666015625,5500.0,5500.0,5350.0,5350.0,245292000,BBRI.JK
2024-09-24,4575.0283203125,5525.0,5575.0,5525.0,5550.0,195415700,BBRI.JK
2024-09-25,4409.41650390625,5325.0,5425.0,5200.0,5400.0,607065900,BBRI.JK
2024-09-26,4181.7001953125,5050.0,5200.0,5025.0,5150.0,855266800,BBRI.JK
2024-09-27,4223.10302734375,5100.0,5150.0,5000.0,5050.0,304694300,BBRI.JK
2024-09-30,4098.89453125,4950.0,5050.0,4950.0,5050.0,539169900,BBRI.JK
2024-10-01,4202.4013671875,5075.0,5075.0,4970.0,4970.0,197069300,BBRI.JK
2024-10-02,4090.613525390625,4940.0,5075.0,4900.0,5000.0,307487600,BBRI.JK
2024-10-03,4074.05224609375,4920.0,4960.0,4860.0,4900.0,354814800,BBRI.JK
2024-10-04,4024.368896484375,4860.0,4920.0,4850.0,4870.0,289960700,BBRI.JK
2024-10-07,3991.24658203125,4820.0,4930.0,4810.0,4860.0,308452200,BBRI.JK
2024-10-08,4140.296875,5000.0,5050.0,4760.0,4800.0,527474400,BBRI.JK
2024-10-09,4082.3330078125,4930.0,5075.0,4930.0,5000.0,309336600,BBRI.JK
2024-10-10,4024.368896484375,4860.0,4970.0,4860.0,4920.0,226564700,BBRI.JK
2024-10-11,4057.491455078125,4900.0,4940.0,4890.0,4910.0,104875300,BBRI.JK
2024-10-14,4057.491455078125,4900.0,4930.0,4870.0,4900.0,125414400,BBRI.JK
2024-10-15,4074.05224609375,4920.0,4990.0,4920.0,4930.0,142372200,BBRI.JK
2024-10-16,4098.89453125,4950.0,4970.0,4920.0,4950.0,118014300,BBRI.JK
2024-10-17,4123.73583984375,4980.0,5050.0,4940.0,4960.0,188127700,BBRI.JK
2024-10-18,4115.455078125,4970.0,5050.0,4960.0,5025.0,157113000,BBRI.JK
2024-10-21,4132.0166015625,4990.0,5025.0,4970.0,4980.0,110708200,BBRI.JK
2024-10-22,4057.491455078125,4900.0,4970.0,4900.0,4960.0,199707500,BBRI.JK
2024-10-23,4024.368896484375,4860.0,4890.0,4810.0,4830.0,222147300,BBRI.JK
2024-10-24,3991.24658203125,4820.0,4900.0,4810.0,4820.0,218162100,BBRI.JK
2024-10-25,3949.84375,4770.0,4860.0,4770.0,4820.0,195647800,BBRI.JK
2024-10-28,3941.56298828125,4760.0,4800.0,4710.0,4770.0,191211000,BBRI.JK
2024-10-29,3891.87939453125,4700.0,4780.0,4700.0,4730.0,203658600,BBRI.JK
2024-10-30,3900.16015625,4710.0,4750.0,4630.0,4630.0,296314500,BBRI.JK
2024-10-31,3974.685302734375,4800.0,4870.0,4710.0,4710.0,307110400,BBRI.JK
2024-11-01,3891.87939453125,4700.0,4820.0,4700.0,4770.0,235656400,BBRI.JK
2024-11-04,3908.440185546875,4720.0,4770.0,4650.0,4710.0,209831500,BBRI.JK
2024-11-05,3900.16015625,4710.0,4740.0,4680.0,4690.0,199499300,BBRI.JK
2024-11-06,3809.0732421875,4600.0,4730.0,4600.0,4710.0,249059500,BBRI.JK
2024-11-07,3767.67041015625,4550.0,4640.0,4550.0,4610.0,296218600,BBRI.JK
2024-11-08,3742.82861328125,4520.0,4640.0,4520.0,4600.0,198589900,BBRI.JK
2024-11-11,3693.145263671875,4460.0,4540.0,4370.0,4470.0,507192300,BBRI.JK
2024-11-12,3726.267333984375,4500.0,4520.0,4430.0,4430.0,252380100,BBRI.JK
2024-11-13,3792.512451171875,4580.0,4610.0,4460.0,4470.0,209627200,BBRI.JK
2024-11-14,3726.267333984375,4500.0,4590.0,4500.0,4570.0,159871800,BBRI.JK
2024-11-15,3701.42578125,4470.0,4510.0,4450.0,4450.0,106365600,BBRI.JK
2024-11-18,3602.05859375,4350.0,4460.0,4350.0,4440.0,253272300,BBRI.JK
2024-11-19,3610.3388671875,4360.0,4410.0,4350.0,4350.0,294838700,BBRI.JK
2024-11-20,3585.49755859375,4330.0,4440.0,4330.0,4400.0,298734600,BBRI.JK
2024-11-21,3519.25244140625,4250.0,4320.0,4250.0,4280.0,376788400,BBRI.JK
2024-11-22,3643.461669921875,4400.0,4420.0,4250.0,4250.0,280188100,BBRI.JK
2024-11-25,3701.42578125,4470.0,4530.0,4420.0,4420.0,401446400,BBRI.JK
2024-11-26,3643.461669921875,4400.0,4470.0,4380.0,4450.0,266677500,BBRI.JK
2024-11-28,3585.49755859375,4330.0,4390.0,4330.0,4350.0,277081800,BBRI.JK
2024-11-29,3519.25244140625,4250.0,4300.0,4250.0,4280.0,412519800,BBRI.JK
2024-12-02,3453.008056640625,4170.0,4280.0,4160.0,4270.0,337188900,BBRI.JK
2024-12-03,3510.971923828125,4240.0,4250.0,4210.0,4240.0,384146700,BBRI.JK
2024-12-04,3602.05859375,4350.0,4370.0,4220.0,4240.0,345762200,BBRI.JK
2024-12-05,3527.533203125,4260.0,4340.0,4250.0,4310.0,183249300,BBRI.JK
2024-12-06,3568.93603515625,4310.0,4310.0,4220.0,4250.0,151433000,BBRI.JK
2024-12-09,3635.180908203125,4390.0,4390.0,4300.0,4310.0,158897200,BBRI.JK
2024-12-10,3610.3388671875,4360.0,4380.0,4290.0,4360.0,196160900,BBRI.JK
2024-12-11,3626.900146484375,4380.0,4430.0,4340.0,4340.0,203980300,BBRI.JK
2024-12-12,3527.533203125,4260.0,4360.0,4260.0,4340.0,226698900,BBRI.JK
2024-12-13,3453.008056640625,4170.0,4280.0,4170.0,4230.0,287838100,BBRI.JK
2024-12-16,3519.25244140625,4250.0,4280.0,4150.0,4150.0,325441900,BBRI.JK
2024-12-17,3436.44677734375,4150.0,4290.0,4150.0,4250.0,327919000,BBRI.JK
2024-12-18,3436.44677734375,4150.0,4210.0,4130.0,4170.0,205055500,BBRI.JK
2024-12-19,3386.76318359375,4090.0,4110.0,4050.0,4090.0,381986300,BBRI.JK
2024-12-20,3361.92138671875,4060.0,4120.0,4050.0,4070.0,252689600,BBRI.JK
2024-12-23,3486.13037109375,4210.0,4210.0,4110.0,4130.0,167689800,BBRI.JK
2024-12-24,3477.849609375,4200.0,4250.0,4170.0,4220.0,199536100,BBRI.JK
2024-12-27,3507.794189453125,4100.0,4120.0,4080.0,4100.0,143104400,BBRI.JK
2024-12-30,3490.68310546875,4080.0,4120.0,4070.0,4080.0,153934700,BBRI.JK
2025-01-02,3601.906005859375,4210.0,4220.0,4090.0,4100.0,181361700,BBRI.JK
2025-01-03,3550.572265625,4150.0,4240.0,4150.0,4220.0,134632300,BBRI.JK
2025-01-06,3507.794189453125,4100.0,4180.0,4100.0,4180.0,153048700,BBRI.JK
2025-01-07,3447.9052734375,4030.0,4090.0,4030.0,4080.0,171997400,BBRI.JK
2025-01-08,3490.68310546875,4080.0,4100.0,4030.0,4030.0,133655700,BBRI.JK
2025-01-09,3447.9052734375,4030.0,4100.0,4030.0,4070.0,99300400,BBRI.JK
2025-01-10,3430.793701171875,4010.0,4060.0,4010.0,4030.0,132774300,BBRI.JK
2025-01-13,3293.904296875,3850.0,3990.0,3850.0,3990.0,413408100,BBRI.JK
2025-01-14,3251.12646484375,3800.0,3920.0,3800.0,3820.0,293621700,BBRI.JK
2025-01-15,3499.23876953125,4090.0,4090.0,3840.0,3840.0,407813500,BBRI.JK
2025-01-16,3559.127685546875,4160.0,4240.0,4130.0,4210.0,349387500,BBRI.JK
2025-01-17,3499.23876953125,4090.0,4190.0,4080.0,4150.0,268758600,BBRI.JK
2025-01-20,3610.46142578125,4220.0,4220.0,4130.0,4130.0,167348600,BBRI.JK
2025-01-21,3644.683837890625,4260.0,4380.0,4250.0,4270.0,345223800,BBRI.JK
2025-01-22,3644.683837890625,4260.0,4320.0,4230.0,4310.0,193218900,BBRI.JK
2025-01-23,3678.90625,4300.0,4340.0,4260.0,4260.0,216018100,BBRI.JK
2025-01-24,3584.794677734375,4190.0,4350.0,4190.0,4350.0,276421900,BBRI.JK
2025-01-30,3524.905517578125,4120.0,4170.0,4090.0,4130.0,220222400,BBRI.JK
2025-01-31,3610.46142578125,4220.0,4280.0,4150.0,4170.0,192622700,BBRI.JK
2025-02-03,3636.128173828125,4250.0,4270.0,4150.0,4200.0,220285800,BBRI.JK
2025-02-04,3644.683837890625,4260.0,4300.0,4200.0,4260.0,231917500,BBRI.JK
2025-02-05,3542.0166015625,4140.0,4250.0,4140.0,4250.0,209834400,BBRI.JK
2025-02-06,3396.571533203125,3970.0,4160.0,3940.0,4120.0,378545500,BBRI.JK
2025-02-07,3447.9052734375,4030.0,4030.0,3940.0,3970.0,259636200,BBRI.JK
2025-02-10,3396.571533203125,3970.0,4050.0,3950.0,4000.0,201999400,BBRI.JK
2025-02-11,3430.793701171875,4010.0,4040.0,3900.0,3970.0,276382800,BBRI.JK
2025-02-12,3447.9052734375,4030.0,4060.0,3950.0,3960.0,362571900,BBRI.JK
2025-02-13,3413.6826171875,3990.0,4030.0,3960.0,4000.0,341640600,BBRI.JK
2025-02-14,3302.459716796875,3860.0,4010.0,3850.0,4000.0,524909600,BBRI.JK
2025-02-17,3447.9052734375,4030.0,4030.0,3870.0,3870.0,265737100,BBRI.JK
2025-02-18,3550.572265625,4150.0,4180.0,4030.0,4030.0,374350700,BBRI.JK
2025-02-19,3439.349609375,4020.0,4180.0,4010.0,4160.0,348358600,BBRI.JK
2025-02-20,3345.238037109375,3910.0,4020.0,3910.0,3970.0,312753300,BBRI.JK
2025-02-21,3328.126708984375,3890.0,3930.0,3870.0,3910.0,205268800,BBRI.JK
2025-02-24,3353.79345703125,3920.0,3940.0,3870.0,3900.0,138610800,BBRI.JK
2025-02-25,3251.12646484375,3800.0,3920.0,3800.0,3880.0,404555100,BBRI.JK
2025-02-26,3268.23779296875,3820.0,3860.0,3760.0,3800.0,242834100,BBRI.JK
2025-02-27,3105.68115234375,3630.0,3800.0,3610.0,3790.0,410928000,BBRI.JK
2025-02-28,2874.68017578125,3360.0,3540.0,3360.0,3500.0,1000597600,BBRI.JK
2025-03-03,3139.90380859375,3670.0,3740.0,3470.0,3520.0,744626800,BBRI.JK
2025-03-04,3139.90380859375,3670.0,3720.0,3600.0,3680.0,338434700,BBRI.JK
2025-03-05,3285.348876953125,3840.0,3900.0,3710.0,3710.0,441151000,BBRI.JK
2025-03-06,3379.46044921875,3950.0,3990.0,3870.0,3870.0,434485100,BBRI.JK
2025-03-07,3259.68212890625,3810.0,3930.0,3810.0,3930.0,243793600,BBRI.JK
2025-03-10,3216.904052734375,3760.0,3810.0,3730.0,3790.0,232192200,BBRI.JK
2025-03-11,3242.57080078125,3790.0,3790.0,3660.0,3700.0,273961800,BBRI.JK
2025-03-12,3328.126708984375,3890.0,3920.0,3810.0,3810.0,271631200,BBRI.JK
2025-03-13,3251.12646484375,3800.0,3970.0,3800.0,3960.0,209225700,BBRI.JK
2025-03-14,3208.348388671875,3750.0,3840.0,3750.0,3750.0,156131900,BBRI.JK
2025-03-17,3276.793212890625,3830.0,3840.0,3730.0,3780.0,162467700,BBRI.JK
2025-03-18,3148.459228515625,3680.0,3860.0,3500.0,3840.0,416894600,BBRI.JK
2025-03-19,3174.1259765625,3710.0,3780.0,3680.0,3710.0,352217700,BBRI.JK
2025-03-20,3131.34814453125,3660.0,3760.0,3640.0,3730.0,313033000,BBRI.JK
2025-03-21,3165.570556640625,3700.0,3700.0,3550.0,3600.0,627645600,BBRI.JK
2025-03-24,3088.570068359375,3610.0,3740.0,3520.0,3650.0,342883200,BBRI.JK
2025-03-25,3251.12646484375,3800.0,3840.0,3660.0,3660.0,331285900,BBRI.JK
2025-03-26,3422.23828125,4000.0,4020.0,3860.0,3870.0,540888800,BBRI.JK
2025-03-27,3465.016357421875,4050.0,4050.0,3930.0,4000.0,322553200,BBRI.JK
2025-04-08,3114.23681640625,3640.0,3750.0,3450.0,3460.0,734807100,BBRI.JK
2025-04-09,3105.68115234375,3630.0,3710.0,3600.0,3610.0,366649900,BBRI.JK
2025-04-10,3251.12646484375,3800.0,3930.0,3770.0,3920.0,417562900,BBRI.JK
2025-04-11,3285.88623046875,3630.0,3650.0,3590.0,3600.0,301200600,BBRI.JK
2025-04-14,3340.1982421875,3690.0,3690.0,3620.0,3630.0,169458300,BBRI.JK
2025-04-15,3340.1982421875,3690.0,3780.0,3680.0,3730.0,254224400,BBRI.JK
2025-04-16,3303.990478515625,3650.0,3700.0,3600.0,3690.0,233772400,BBRI.JK
2025-04-17,3294.938232421875,3640.0,3670.0,3610.0,3670.0,121059300,BBRI.JK
2025-04-21,3276.834228515625,3620.0,3660.0,3570.0,3620.0,107470200,BBRI.JK
2025-04-22,3285.88623046875,3630.0,3650.0,3600.0,3600.0,147116900,BBRI.JK
2025-04-23,3403.562744140625,3760.0,3790.0,3640.0,3660.0,432999900,BBRI.JK
2025-04-24,3376.406494140625,3730.0,3840.0,3720.0,3790.0,272537300,BBRI.JK
2025-04-25,3385.458740234375,3740.0,3790.0,3730.0,3770.0,136517100,BBRI.JK
2025-04-28,3475.978759765625,3840.0,3850.0,3780.0,3790.0,212945800,BBRI.JK
2025-04-29,3485.031005859375,3850.0,3870.0,3820.0,3860.0,160631400,BBRI.JK
2025-04-30,3485.031005859375,3850.0,3850.0,3770.0,3810.0,226832200,BBRI.JK
2025-05-02,3512.18701171875,3880.0,3920.0,3850.0,3920.0,205628100,BBRI.JK
2025-05-05,3494.0830078125,3860.0,3920.0,3860.0,3900.0,196917100,BBRI.JK
2025-05-06,3512.18701171875,3880.0,3900.0,3840.0,3840.0,111333800,BBRI.JK
2025-05-07,3539.343017578125,3910.0,3910.0,3870.0,3900.0,119763100,BBRI.JK
2025-05-08,3430.71875,3790.0,3960.0,3780.0,3910.0,224121900,BBRI.JK
2025-05-09,3475.978759765625,3840.0,3840.0,3760.0,3810.0,147638100,BBRI.JK
2025-05-14,3702.279541015625,4090.0,4090.0,3960.0,4000.0,461642400,BBRI.JK
2025-05-15,3865.216064453125,4270.0,4310.0,4130.0,4140.0,537151700,BBRI.JK
2025-05-16,3847.112060546875,4250.0,4330.0,4160.0,4310.0,289337600,BBRI.JK
2025-05-19,3829.0078125,4230.0,4260.0,4200.0,4230.0,145935500,BBRI.JK
2025-05-20,3810.90380859375,4210.0,4280.0,4170.0,4230.0,209576900,BBRI.JK
2025-05-21,3856.1640625,4260.0,4310.0,4210.0,4210.0,256020200,BBRI.JK
2025-05-22,3892.3720703125,4300.0,4310.0,4240.0,4280.0,208291800,BBRI.JK
2025-05-23,3937.63232421875,4350.0,4370.0,4330.0,4350.0,108182800,BBRI.JK
2025-05-26,3910.47607421875,4320.0,4350.0,4260.0,4350.0,149418600,BBRI.JK
2025-05-27,3955.736328125,4370.0,4370.0,4280.0,4320.0,180028000,BBRI.JK
2025-05-28,4028.152587890625,4450.0,4450.0,4320.0,4360.0,466133500,BBRI.JK
2025-06-02,3801.851806640625,4200.0,4390.0,4200.0,4360.0,389541100,BBRI.JK
2025-06-03,3801.851806640625,4200.0,4230.0,4120.0,4210.0,277902300,BBRI.JK
2025-06-04,3693.2275390625,4080.0,4230.0,4080.0,4230.0,279755300,BBRI.JK
2025-06-05,3711.331787109375,4100.0,4140.0,4050.0,4110.0,230129500,BBRI.JK
2025-06-10,3756.591796875,4150.0,4160.0,4100.0,4100.0,179827500,BBRI.JK
2025-06-11,3684.175537109375,4070.0,4140.0,4060.0,4130.0,196558700,BBRI.JK
2025-06-12,3684.175537109375,4070.0,4100.0,4060.0,4070.0,113850500,BBRI.JK
2025-06-13,3620.811279296875,4000.0,4050.0,3980.0,4020.0,283826000,BBRI.JK
2025-06-16,3611.75927734375,3990.0,4010.0,3960.0,3980.0,155450700,BBRI.JK
2025-06-17,3584.60302734375,3960.0,4030.0,3960.0,4010.0,125769400,BBRI.JK
2025-06-18,3566.4990234375,3940.0,3960.0,3900.0,3950.0,140882100,BBRI.JK
2025-06-19,3439.770751953125,3800.0,3920.0,3800.0,3900.0,355413000,BBRI.JK
2025-06-20,3430.71875,3790.0,3840.0,3740.0,3740.0,516177900,BBRI.JK
2025-06-23,3367.3544921875,3720.0,3750.0,3660.0,3730.0,222067700,BBRI.JK
2025-06-24,3421.66650390625,3780.0,3900.0,3770.0,3820.0,281594300,BBRI.JK
2025-06-25,3403.562744140625,3760.0,3830.0,3730.0,3830.0,164257700,BBRI.JK
2025-06-26,3466.927001953125,3830.0,3830.0,3750.0,3780.0,171427000,BBRI.JK
2025-06-30,3385.458740234375,3740.0,3840.0,3730.0,3840.0,271933200,BBRI.JK
2025-07-01,3349.25048828125,3700.0,3790.0,3670.0,3780.0,212288800,BBRI.JK
2025-07-02,3331.146484375,3680.0,3700.0,3640.0,3650.0,220273500,BBRI.JK
2025-07-03,3331.146484375,3680.0,3730.0,3680.0,3710.0,119674300,BBRI.JK
2025-07-04,3322.094482421875,3670.0,3710.0,3650.0,3680.0,91141200,BBRI.JK
2025-07-07,3349.25048828125,3700.0,3700.0,3650.0,3670.0,78783800,BBRI.JK
2025-07-08,3322.094482421875,3670.0,3700.0,3650.0,3690.0,115551200,BBRI.JK
2025-07-09,3331.146484375,3680.0,3700.0,3650.0,3650.0,92437900,BBRI.JK
2025-07-10,3503.134765625,3870.0,3880.0,3680.0,3690.0,290117200,BBRI.JK
2025-07-11,3512.18701171875,3880.0,3920.0,3870.0,3920.0,255634700,BBRI.JK
2025-07-14,3421.66650390625,3780.0,3890.0,3750.0,3880.0,167151400,BBRI.JK
2025-07-15,3512.18701171875,3880.0,3880.0,3780.0,3800.0,183209300,BBRI.JK
2025-07-16,3512.18701171875,3880.0,3960.0,3880.0,3950.0,241966800,BBRI.JK
2025-07-17,3521.239013671875,3890.0,3930.0,3880.0,3930.0,111359500,BBRI.JK
2025-07-18,3494.0830078125,3860.0,3940.0,3860.0,3910.0,111030000,BBRI.JK
2025-07-21,3466.927001953125,3830.0,3900.0,3830.0,3890.0,89765800,BBRI.JK
2025-07-22,3475.978759765625,3840.0,3880.0,3830.0,3860.0,84902800,BBRI.JK
2025-07-23,3439.770751953125,3800.0,3860.0,3790.0,3840.0,132305000,BBRI.JK
2025-07-24,3575.55126953125,3950.0,3950.0,3820.0,3830.0,206654200,BBRI.JK
2025-07-25,3512.18701171875,3880.0,3950.0,3870.0,3950.0,86263700,BBRI.JK
2025-07-28,3566.4990234375,3940.0,3950.0,3920.0,3940.0,94898300,BBRI.JK
2025-07-29,3548.395263671875,3920.0,3930.0,3900.0,3930.0,98887100,BBRI.JK
2025-07-30,3421.66650390625,3780.0,3910.0,3770.0,3910.0,206358500,BBRI.JK
2025-07-31,3358.302490234375,3710.0,3790.0,3700.0,3780.0,163371700,BBRI.JK
2025-08-01,3385.458740234375,3740.0,3800.0,3740.0,3800.0,134100500,BBRI.JK
2025-08-04,3358.302490234375,3710.0,3740.0,3690.0,3720.0,104446300,BBRI.JK
2025-08-05,3385.458740234375,3740.0,3790.0,3700.0,3700.0,184822600,BBRI.JK
2025-08-06,3358.302490234375,3710.0,3780.0,3710.0,3770.0,100168200,BBRI.JK
2025-08-07,3358.302490234375,3710.0,3750.0,3700.0,3730.0,92746000,BBRI.JK
2025-08-08,3349.25048828125,3700.0,3730.0,3700.0,3710.0,133180100,BBRI.JK
2025-08-11,3448.82275390625,3810.0,3810.0,3720.0,3720.0,143167900,BBRI.JK
2025-08-12,3666.0712890625,4050.0,4050.0,3830.0,3860.0,404797800,BBRI.JK
2025-08-13,3693.2275390625,4080.0,4100.0,3990.0,4060.0,292104000,BBRI.JK
2025-08-14,3675.12353515625,4060.0,4100.0,4040.0,4080.0,164408100,BBRI.JK
2025-08-15,3729.435546875,4120.0,4150.0,4070.0,4100.0,269255400,BBRI.JK
2025-08-19,3657.01953125,4040.0,4100.0,4010.0,4090.0,208409700,BBRI.JK
2025-08-20,3756.591796875,4150.0,4150.0,4050.0,4050.0,173260400,BBRI.JK
2025-08-21,3756.591796875,4150.0,4170.0,4090.0,4160.0,112477700,BBRI.JK
2025-08-22,3711.331787109375,4100.0,4170.0,4100.0,4170.0,71971500,BBRI.JK
2025-08-25,3810.90380859375,4210.0,4270.0,4170.0,4180.0,195322200,BBRI.JK
2025-08-26,3774.69580078125,4170.0,4220.0,4170.0,4220.0,267465600,BBRI.JK
2025-08-27,3738.48779296875,4130.0,4150.0,4070.0,4130.0,123874000,BBRI.JK
2025-08-28,3747.53955078125,4140.0,4150.0,4110.0,4130.0,60838200,BBRI.JK
2025-08-29,3666.0712890625,4050.0,4120.0,4020.0,4100.0,217276600,BBRI.JK
2025-09-01,3602.707275390625,3980.0,4010.0,3860.0,3930.0,234206100,BBRI.JK
2025-09-02,3584.60302734375,3960.0,4050.0,3960.0,3980.0,111856000,BBRI.JK
2025-09-03,3647.96728515625,4030.0,4030.0,3950.0,4020.0,112507500,BBRI.JK
2025-09-04,3620.811279296875,4000.0,4010.0,3960.0,3980.0,87402700,BBRI.JK
2025-09-08,3530.291015625,3900.0,4070.0,3890.0,4070.0,143993900,BBRI.JK
2025-09-09,3430.71875,3790.0,3890.0,3750.0,3870.0,327167200,BBRI.JK
2025-09-10,3512.18701171875,3880.0,3890.0,3820.0,3820.0,117680500,BBRI.JK
2025-09-11,3693.2275390625,4080.0,4120.0,3980.0,4000.0,281910400,BBRI.JK
2025-09-12,3783.747802734375,4180.0,4190.0,4110.0,4180.0,235383800,BBRI.JK
2025-09-15,3747.53955078125,4140.0,4220.0,4120.0,4200.0,157482000,BBRI.JK
2025-09-16,3738.48779296875,4130.0,4170.0,4080.0,4160.0,167511900,BBRI.JK
2025-09-17,3819.9560546875,4220.0,4220.0,4120.0,4160.0,245154800,BBRI.JK
2025-09-18,3847.112060546875,4250.0,4270.0,4210.0,4270.0,332670300,BBRI.JK
2025-09-19,3847.112060546875,4250.0,4250.0,4180.0,4230.0,211373200,BBRI.JK
2025-09-22,3765.643798828125,4160.0,4250.0,4110.0,4250.0,157592800,BBRI.JK
2025-09-23,3747.53955078125,4140.0,4170.0,4110.0,4120.0,110771700,BBRI.JK
2025-09-24,3774.69580078125,4170.0,4170.0,4100.0,4140.0,124591600,BBRI.JK
2025-09-25,3684.175537109375,4070.0,4170.0,4050.0,4170.0,129656800,BBRI.JK
2025-09-26,3657.01953125,4040.0,4080.0,4000.0,4050.0,146229200,BBRI.JK
2025-09-29,3602.707275390625,3980.0,4040.0,3960.0,4040.0,126611800,BBRI.JK
2025-09-30,3530.291015625,3900.0,3980.0,3900.0,3980.0,217357100,BBRI.JK
2025-10-01,3448.82275390625,3810.0,3940.0,3800.0,3860.0,223133600,BBRI.JK
2025-10-02,3358.302490234375,3710.0,3790.0,3710.0,3760.0,379620000,BBRI.JK
2025-10-03,3340.1982421875,3690.0,3750.0,3680.0,3710.0,214737100,BBRI.JK
2025-10-06,3313.042236328125,3660.0,3740.0,3640.0,3700.0,190283900,BBRI.JK
2025-10-07,3358.302490234375,3710.0,3720.0,3670.0,3690.0,155933000,BBRI.JK
2025-10-08,3367.3544921875,3720.0,3740.0,3670.0,3730.0,148263700,BBRI.JK
2025-10-09,3494.0830078125,3860.0,3930.0,3640.0,3690.0,479239500,BBRI.JK
2025-10-10,3376.406494140625,3730.0,3790.0,3690.0,3790.0,277252300,BBRI.JK
2025-10-13,3313.042236328125,3660.0,3710.0,3660.0,3680.0,181694400,BBRI.JK
2025-10-14,3213.469970703125,3550.0,3690.0,3550.0,3640.0,278639100,BBRI.JK
2025-10-15,3168.2099609375,3500.0,3590.0,3450.0,3570.0,468733500,BBRI.JK
2025-10-16,3195.365966796875,3530.0,3580.0,3480.0,3500.0,227629500,BBRI.JK
2025-10-17,3168.2099609375,3500.0,3570.0,3490.0,3530.0,244442400,BBRI.JK
2025-10-20,3331.146484375,3680.0,3730.0,3540.0,3550.0,391510300,BBRI.JK
2025-10-21,3403.562744140625,3760.0,3790.0,3710.0,3780.0,293000200,BBRI.JK
2025-10-22,3349.25048828125,3700.0,3820.0,3680.0,3790.0,329470700,BBRI.JK
2025-10-23,3457.874755859375,3820.0,3820.0,3700.0,3720.0,225902700,BBRI.JK
2025-10-24,3485.031005859375,3850.0,3910.0,3820.0,3820.0,313903600,BBRI.JK
2025-10-27,3494.0830078125,3860.0,3930.0,3750.0,3880.0,332539600,BBRI.JK
2025-10-28,3485.031005859375,3850.0,3860.0,3780.0,3850.0,239026800,BBRI.JK
2025-10-29,3521.239013671875,3890.0,3890.0,3790.0,3830.0,215008600,BBRI.JK
2025-10-30,3539.343017578125,3910.0,3990.0,3870.0,3900.0,287905300,BBRI.JK
2025-10-31,3602.707275390625,3980.0,4020.0,3920.0,3930.0,348755700,BBRI.JK
2025-11-03,3657.01953125,4040.0,4050.0,4010.0,4050.0,163770500,BBRI.JK
2025-11-04,3593.6552734375,3970.0,4050.0,3970.0,4030.0,241154700,BBRI.JK
2025-11-05,3602.707275390625,3980.0,3990.0,3910.0,3940.0,139859100,BBRI.JK
2025-11-06,3620.811279296875,4000.0,4010.0,3950.0,3980.0,130808100,BBRI.JK
2025-11-07,3602.707275390625,3980.0,4010.0,3980.0,4000.0,87287600,BBRI.JK
2025-11-10,3557.447021484375,3930.0,4020.0,3930.0,4010.0,148552900,BBRI.JK
2025-11-11,3521.239013671875,3890.0,3960.0,3860.0,3940.0,179000200,BBRI.JK
2025-11-12,3530.291015625,3900.0,3950.0,3890.0,3890.0,111115400,BBRI.JK
2025-11-13,3503.134765625,3870.0,3910.0,3870.0,3900.0,99373200,BBRI.JK
2025-11-14,3530.291015625,3900.0,3930.0,3860.0,3860.0,100717300,BBRI.JK
2025-11-17,3566.4990234375,3940.0,3950.0,3880.0,3880.0,140868100,BBRI.JK
2025-11-18,3593.6552734375,3970.0,3990.0,3930.0,3950.0,205257700,BBRI.JK
2025-11-19,3620.811279296875,4000.0,4000.0,3970.0,3990.0,107451000,BBRI.JK
2025-11-20,3611.75927734375,3990.0,4050.0,3990.0,4020.0,183008400,BBRI.JK
2025-11-21,3584.60302734375,3960.0,4000.0,3940.0,3980.0,112666100,BBRI.JK
2025-11-24,3602.707275390625,3980.0,4000.0,3940.0,4000.0,262302000,BBRI.JK
2025-11-25,3466.927001953125,3830.0,3980.0,3830.0,3980.0,396959100,BBRI.JK
2025-11-26,3430.71875,3790.0,3830.0,3780.0,3800.0,288419400,BBRI.JK
2025-11-27,3385.458740234375,3740.0,3810.0,3720.0,3800.0,283451800,BBRI.JK
2025-11-28,3331.146484375,3680.0,3750.0,3680.0,3710.0,353872800,BBRI.JK
2025-12-01,3322.094482421875,3670.0,3730.0,3660.0,3680.0,299669500,BBRI.JK
2025-12-02,3358.302490234375,3710.0,3730.0,3670.0,3690.0,277714300,BBRI.JK
2025-12-03,3313.042236328125,3660.0,3700.0,3660.0,3690.0,225357100,BBRI.JK
2025-12-04,3340.1982421875,3690.0,3690.0,3650.0,3660.0,221121100,BBRI.JK
2025-12-05,3303.990478515625,3650.0,3700.0,3650.0,3700.0,156161100,BBRI.JK
2025-12-08,3322.094482421875,3670.0,3690.0,3660.0,3680.0,124094700,BBRI.JK
2025-12-09,3331.146484375,3680.0,3700.0,3650.0,3700.0,201089800,BBRI.JK
2025-12-10,3313.042236328125,3660.0,3680.0,3650.0,3680.0,172677700,BBRI.JK
2025-12-11,3276.834228515625,3620.0,3700.0,3580.0,3680.0,327591200,BBRI.JK
2025-12-12,3285.88623046875,3630.0,3640.0,3580.0,3640.0,169747600,BBRI.JK
2025-12-15,3421.66650390625,3780.0,3810.0,3630.0,3650.0,312694100,BBRI.JK
2025-12-16,3340.1982421875,3690.0,3810.0,3680.0,3800.0,237949900,BBRI.JK
2025-12-17,3394.510498046875,3750.0,3780.0,3680.0,3690.0,273544100,BBRI.JK
2025-12-18,3421.66650390625,3780.0,3820.0,3750.0,3750.0,262527300,BBRI.JK
2025-12-19,3412.61474609375,3770.0,3810.0,3760.0,3800.0,228583500,BBRI.JK
2025-12-22,3403.562744140625,3760.0,3780.0,3750.0,3770.0,161680300,BBRI.JK
2025-12-23,3412.61474609375,3770.0,3780.0,3730.0,3760.0,138427000,BBRI.JK
2025-12-24,3412.61474609375,3770.0,3790.0,3750.0,3770.0,121073600,BBRI.JK
2025-12-29,3421.66650390625,3780.0,3790.0,3760.0,3780.0,238061500,BBRI.JK
2025-12-30,3437.6337890625,3660.0,3690.0,3650.0,3690.0,274402200,BBRI.JK
2026-01-02,3418.848876953125,3640.0,3670.0,3620.0,3660.0,191985100,BBRI.JK
2026-01-05,3409.45654296875,3630.0,3660.0,3590.0,3630.0,230544800,BBRI.JK
2026-01-06,3456.418701171875,3680.0,3690.0,3630.0,3630.0,175820800,BBRI.JK
2026-01-07,3475.20361328125,3700.0,3710.0,3660.0,3680.0,195024700,BBRI.JK
2026-01-08,3484.595947265625,3710.0,3760.0,3700.0,3710.0,182019700,BBRI.JK
2026-01-09,3456.418701171875,3680.0,3740.0,3670.0,3730.0,143474700,BBRI.JK
2026-01-12,3475.20361328125,3700.0,3740.0,3660.0,3680.0,215159700,BBRI.JK
2026-01-13,3493.988525390625,3720.0,3730.0,3670.0,3700.0,227620800,BBRI.JK
2026-01-14,3493.988525390625,3720.0,3750.0,3700.0,3740.0,170097000,BBRI.JK
2026-01-15,3587.912841796875,3820.0,3850.0,3730.0,3730.0,407151300,BBRI.JK
2026-01-19,3606.69775390625,3840.0,3900.0,3810.0,3850.0,359652500,BBRI.JK
2026-01-20,3616.09033203125,3850.0,3880.0,3820.0,3840.0,170245800,BBRI.JK
2026-01-21,3587.912841796875,3820.0,3850.0,3800.0,3850.0,273678200,BBRI.JK
2026-01-22,3578.5205078125,3810.0,3850.0,3790.0,3850.0,153742700,BBRI.JK
2026-01-23,3616.09033203125,3850.0,3850.0,3760.0,3810.0,164603900,BBRI.JK
2026-01-26,3616.09033203125,3850.0,3850.0,3800.0,3840.0,120002700,BBRI.JK
2026-01-27,3587.912841796875,3820.0,3850.0,3780.0,3850.0,157633200,BBRI.JK
2026-01-28,3371.88671875,3590.0,3780.0,3540.0,3630.0,726740400,BBRI.JK
2026-01-29,3550.343017578125,3780.0,3780.0,3290.0,3550.0,781321200,BBRI.JK
2026-01-30,3578.5205078125,3810.0,3890.0,3740.0,3780.0,532329000,BBRI.JK
2026-02-02,3597.305419921875,3830.0,3880.0,3750.0,3860.0,334659200,BBRI.JK
2026-02-03,3569.1279296875,3800.0,3870.0,3760.0,3860.0,201224300,BBRI.JK
2026-02-04,3634.875,3870.0,3880.0,3800.0,3820.0,251005600,BBRI.JK
2026-02-05,3616.09033203125,3850.0,3940.0,3840.0,3850.0,342757200,BBRI.JK
2026-02-06,3550.343017578125,3780.0,3850.0,3770.0,3800.0,279127200,BBRI.JK
2026-02-09,3540.95068359375,3770.0,3800.0,3710.0,3790.0,215606400,BBRI.JK
2026-02-10,3550.343017578125,3780.0,3790.0,3730.0,3750.0,181835800,BBRI.JK
2026-02-11,3569.1279296875,3800.0,3800.0,3740.0,3790.0,147378100,BBRI.JK
2026-02-12,3559.735595703125,3790.0,3790.0,3760.0,3780.0,185678800,BBRI.JK
2026-02-13,3550.343017578125,3780.0,3800.0,3750.0,3780.0,144473700,BBRI.JK
2026-02-18,3597.305419921875,3830.0,3840.0,3760.0,3780.0,135223700,BBRI.JK
2026-02-19,3540.95068359375,3770.0,3850.0,3770.0,3850.0,154562300,BBRI.JK
2026-02-20,3606.69775390625,3840.0,3870.0,3780.0,3790.0,191533500,BBRI.JK
2026-02-23,3663.052490234375,3900.0,3910.0,3860.0,3880.0,189611200,BBRI.JK
2026-02-24,3634.875,3870.0,3890.0,3860.0,3880.0,191295900,BBRI.JK
2026-02-25,3728.799560546875,3970.0,3980.0,3880.0,3880.0,263027700,BBRI.JK
2026-02-26,3710.0146484375,3950.0,3970.0,3920.0,3970.0,146158100,BBRI.JK
2026-02-27,3672.44482421875,3910.0,3950.0,3880.0,3950.0,263179300,BBRI.JK
2026-03-02,3587.912841796875,3820.0,3840.0,3800.0,3840.0,204655700,BBRI.JK
2026-03-03,3540.95068359375,3770.0,3840.0,3770.0,3820.0,113600400,BBRI.JK
2026-03-04,3465.81103515625,3690.0,3770.0,3660.0,3770.0,215656600,BBRI.JK
2026-03-05,3522.165771484375,3750.0,3780.0,3720.0,3720.0,96625300,BBRI.JK
2026-03-06,3447.0263671875,3670.0,3750.0,3670.0,3750.0,136987800,BBRI.JK
2026-03-09,3353.101806640625,3570.0,3630.0,3560.0,3590.0,215587500,BBRI.JK
2026-03-10,3343.70947265625,3560.0,3610.0,3560.0,3600.0,175353400,BBRI.JK
2026-03-11,3362.494384765625,3580.0,3600.0,3560.0,3580.0,100862200,BBRI.JK
2026-03-12,3353.101806640625,3570.0,3610.0,3570.0,3580.0,141366700,BBRI.JK
2026-03-13,3296.7470703125,3510.0,3590.0,3510.0,3560.0,159393900,BBRI.JK
2026-03-16,3268.56982421875,3480.0,3510.0,3430.0,3500.0,160328700,BBRI.JK
2026-03-17,3268.56982421875,3480.0,3530.0,3480.0,3500.0,204208500,BBRI.JK
2026-03-25,3324.924560546875,3540.0,3540.0,3410.0,3440.0,379422800,BBRI.JK
2026-03-26,3277.96240234375,3490.0,3570.0,3480.0,3540.0,162060500,BBRI.JK
2026-03-27,3212.215087890625,3420.0,3490.0,3420.0,3460.0,207067900,BBRI.JK
2026-03-30,3155.860595703125,3360.0,3390.0,3330.0,3350.0,317467700,BBRI.JK
2026-03-31,3127.68310546875,3330.0,3400.0,3330.0,3350.0,298589200,BBRI.JK
2026-04-01,3146.468017578125,3350.0,3440.0,3330.0,3400.0,279604500,BBRI.JK
2026-04-02,3118.290771484375,3320.0,3390.0,3320.0,3340.0,242569200,BBRI.JK
2026-04-06,3108.8984375,3310.0,3360.0,3290.0,3340.0,184143400,BBRI.JK
2026-04-07,3033.7587890625,3230.0,3320.0,3220.0,3310.0,273842700,BBRI.JK
2026-04-08,3137.07568359375,3340.0,3370.0,3330.0,3340.0,416112900,BBRI.JK
2026-04-09,3080.720947265625,3280.0,3330.0,3260.0,3310.0,319141400,BBRI.JK
2026-04-10,3184.037841796875,3390.0,3400.0,3290.0,3290.0,353451500,BBRI.JK
2026-04-13,3165.2529296875,3370.0,3410.0,3350.0,3390.0,176083800,BBRI.JK
2026-04-14,3249.784912109375,3460.0,3490.0,3420.0,3420.0,280543100,BBRI.JK
2026-04-15,3193.430419921875,3400.0,3510.0,3400.0,3500.0,332898200,BBRI.JK
2026-04-16,3202.82275390625,3410.0,3430.0,3380.0,3400.0,228465700,BBRI.JK
2026-04-17,3221.607666015625,3430.0,3450.0,3410.0,3410.0,209108800,BBRI.JK
2026-04-20,3231.0,3440.0,3470.0,3420.0,3440.0,354461400,BBRI.JK
2026-04-21,3270.0,3270.0,3300.0,3230.0,3250.0,398239800,BBRI.JK
2026-04-22,3240.0,3240.0,3280.0,3240.0,3260.0,223077500,BBRI.JK
2026-04-23,3160.0,3160.0,3270.0,3150.0,3240.0,352657300,BBRI.JK
2026-04-24,3070.0,3070.0,3150.0,3060.0,3120.0,428089200,BBRI.JK
2026-04-27,3050.0,3050.0,3100.0,3050.0,3060.0,216480300,BBRI.JK
2026-04-28,3070.0,3070.0,3080.0,3020.0,3050.0,232596600,BBRI.JK
2026-04-29,3070.0,3070.0,3110.0,3050.0,3070.0,180641600,BBRI.JK
2026-04-30,2990.0,2990.0,3060.0,2980.0,3050.0,382750500,BBRI.JK
2026-05-04,3040.0,3040.0,3040.0,3000.0,3010.0,190480000,BBRI.JK
2026-05-05,3150.0,3150.0,3170.0,3040.0,3050.0,253157600,BBRI.JK
2026-05-06,3160.0,3160.0,3190.0,3130.0,3150.0,185002500,BBRI.JK
2026-05-07,3310.0,3310.0,3330.0,3190.0,3200.0,312804400,BBRI.JK
2026-05-08,3260.0,3260.0,3360.0,3260.0,3310.0,335638700,BBRI.JK
2026-05-11,3200.0,3200.0,3280.0,3200.0,3260.0,196431000,BBRI.JK
2026-05-12,3220.0,3220.0,3240.0,3170.0,3200.0,151508100,BBRI.JK
2026-05-13,3120.0,3120.0,3210.0,3120.0,3200.0,155231500,BBRI.JK
2026-05-14,3120.0,3120.0,3120.0,3120.0,3120.0,0,BBRI.JK
2026-05-15,3120.0,3120.0,3120.0,3120.0,3120.0,0,BBRI.JK
2026-05-18,3060.0,3060.0,3100.0,3010.0,3040.0,348373200,BBRI.JK
2026-05-19,3040.0,3040.0,3140.0,3040.0,3060.0,224758600,BBRI.JK
2026-05-20,3040.0,3040.0,3110.0,3030.0,3060.0,273501800,BBRI.JK
2026-05-21,3020.0,3020.0,3090.0,3020.0,3050.0,173346000,BBRI.JK
2026-05-22,3050.0,3050.0,3070.0,3000.0,3020.0,158122200,BBRI.JK
2026-05-25,3170.0,3170.0,3220.0,3080.0,3090.0,242782900,BBRI.JK
2026-05-26,3070.0,3070.0,3150.0,3070.0,3150.0,185037400,BBRI.JK
2026-05-27,3070.0,3070.0,3070.0,3070.0,3070.0,0,BBRI.JK
2026-05-28,3070.0,3070.0,3070.0,3070.0,3070.0,0,BBRI.JK
2026-05-29,2950.0,2950.0,3080.0,2950.0,3060.0,1073661600,BBRI.JK
2026-06-02,3040.0,3040.0,3040.0,2980.0,3000.0,320974000,BBRI.JK
2026-06-03,2900.0,2900.0,3070.0,2900.0,3050.0,411746000,BBRI.JK
2026-06-04,2810.0,2810.0,2930.0,2780.0,2900.0,493450500,BBRI.JK
2026-06-05,2740.0,2740.0,2830.0,2730.0,2780.0,310053600,BBRI.JK
2026-06-08,2590.0,2590.0,2750.0,2590.0,2700.0,626878600,BBRI.JK
2026-06-09,2790.0,2790.0,2800.0,2540.0,2540.0,873192700,BBRI.JK
2026-06-10,2880.0,2880.0,2910.0,2730.0,2790.0,704423000,BBRI.JK
2026-06-11,2850.0,2850.0,2960.0,2780.0,2880.0,465509700,BBRI.JK
2026-06-12,2850.0,2850.0,2900.0,2830.0,2880.0,450530000,BBRI.JK
2026-06-15,2990.0,2990.0,3050.0,2890.0,2890.0,622216400,BBRI.JK
2026-06-17,3080.0,3080.0,3130.0,3010.0,3020.0,512048000,BBRI.JK
2026-06-18,2960.0,2960.0,3060.0,2960.0,3040.0,356398400,BBRI.JK
2026-06-19,2930.0,2930.0,3000.0,2910.0,2960.0,514857200,BBRI.JK
2026-06-22,2870.0,2870.0,2940.0,2870.0,2930.0,250025400,BBRI.JK
2026-06-23,2910.0,2910.0,2940.0,2860.0,2870.0,271555000,BBRI.JK
2026-06-24,2810.0,2810.0,2980.0,2800.0,2930.0,330171300,BBRI.JK
2026-06-25,2850.0,2850.0,2920.0,2790.0,2800.0,343497900,BBRI.JK
2026-06-26,2870.0,2870.0,2880.0,2810.0,2850.0,200394100,BBRI.JK
2026-06-29,2840.0,2840.0,2890.0,2830.0,2880.0,173099600,BBRI.JK
2026-06-30,2730.0,2730.0,2840.0,2730.0,2810.0,346190100,BBRI.JK
2026-07-01,2670.0,2670.0,2750.0,2670.0,2700.0,302582100,BBRI.JK
2026-07-02,2690.0,2690.0,2730.0,2630.0,2680.0,366662800,BBRI.JK
2026-07-03,2710.0,2710.0,2740.0,2700.0,2710.0,219292600,BBRI.JK
2026-07-06,2790.0,2790.0,2790.0,2680.0,2710.0,257473000,BBRI.JK
2026-07-07,2860.0,2860.0,2890.0,2800.0,2810.0,265534600,BBRI.JK
2026-07-08,2790.0,2790.0,2870.0,2770.0,2860.0,253336100,BBRI.JK
2026-07-09,2780.0,2780.0,2790.0,2730.0,2770.0,244821900,BBRI.JK
2026-07-10,2790.0,2790.0,2810.0,2760.0,2790.0,144957900,BBRI.JK
2026-07-13,2870.0,2870.0,2870.0,2780.0,2790.0,211532100,BBRI.JK
2026-07-14,2800.0,2800.0,2890.0,2800.0,2880.0,273911200,BBRI.JK
2026-07-15,2830.0,2830.0,2870.0,2810.0,2840.0,182403300,BBRI.JK
2026-07-16,2860.0,2860.0,2880.0,2830.0,2840.0,197705800,BBRI.JK
2026-07-17,2970.0,2970.0,3000.0,2840.0,2860.0,439266600,BBRI.JK
2026-07-20,3020.0,3020.0,3080.0,2990.0,3000.0,393555500,BBRI.JK
2026-07-21,3070.0,3070.0,3080.0,3040.0,3080.0,320262200,BBRI.JK
2026-07-22,3020.0,3020.0,3080.0,3020.0,3080.0,200041000,BBRI.JK
2026-07-23,2990.0,2990.0,3070.0,2990.0,3030.0,217693500,BBRI.JK
2026-07-24,2960.0,2960.0,3020.0,2940.0,2970.0,290905700,BBRI.JK
2026-07-27,2950.0,2950.0,2980.0,2920.0,2930.0,201363300,BBRI.JK
2026-07-28,2930.0,2930.0,2970.0,2920.0,2930.0,220772100,BBRI.JK
2026-07-29,2920.0,2920.0,2950.0,2910.0,2930.0,132102100,BBRI.JK
2026-07-30,2990.0,2990.0,3010.0,2920.0,2930.0,220548900,BBRI.JK
2026-07-31,3040.0,3040.0,3040.0,2980.0,3000.0,226634400,BBRI.JK
2026-08-03,3020.0,3020.0,3030.0,2980.0,3030.0,119721600,BBRI.JK
2026-08-04,3060.0,3060.0,3060.0,3000.0,3020.0,191121700,BBRI.JK
2026-08-05,3020.0,3020.0,3070.0,3020.0,3060.0,111460100,BBRI.JK
2026-08-06,3040.0,3040.0,3070.0,3030.0,3030.0,117685400,BBRI.JK
2026-08-07,3130.0,3130.0,3130.0,3040.0,3050.0,349136300,BBRI.JK
2026-08-10,3090.0,3090.0,3160.0,3090.0,3140.0,232230700,BBRI.JK
2026-08-11,3090.0,3090.0,3110.0,3060.0,3100.0,179274900,BBRI.JK
2026-08-12,3130.0,3130.0,3130.0,3080.0,3090.0,158307500,BBRI.JK
2026-08-13,3110.0,3110.0,3130.0,3080.0,3130.0,165084600,BBRI.JK
2026-08-14,3120.0,3120.0,3150.0,3090.0,3110.0,118492200,BBRI.JK
2026-08-18,3080.0,3080.0,3140.0,3080.0,3120.0,153801000,BBRI.JK
2026-08-19,3080.0,3080.0,3100.0,3040.0,3080.0,101112000,BBRI.JK
2026-08-20,3140.0,3140.0,3140.0,3090.0,3100.0,156120300,BBRI.JK
2026-08-21,3230.0,3230.0,3250.0,3160.0,3170.0,349663900,BBRI.JK
2026-08-24,3180.0,3180.0,3240.0,3160.0,3230.0,151200300,BBRI.JK
2026-08-26,3130.0,3130.0,3170.0,3110.0,3170.0,159003300,BBRI.JK
2026-08-27,3150.0,3150.0,3150.0,3100.0,3110.0,164832300,BBRI.JK
2026-08-28,3190.0,3190.0,3200.0,3160.0,3180.0,135419900,BBRI.JK
2026-08-31,3250.0,3250.0,3270.0,3170.0,3180.0,353834000,BBRI.JK
2026-09-01,3380.0,3380.0,3380.0,3250.0,3250.0,393505600,BBRI.JK
