Date,Adj Close,Close,High,Low,Open,Volume,Ticker
2018-01-01,2456.602294921875,4000.0,4000.0,4000.0,4000.0,0,BMRI.JK
2018-01-02,2410.541015625,3925.0,4025.0,3912.5,3987.5,59351600,BMRI.JK
2018-01-03,2364.4794921875,3850.0,3925.0,3825.0,3925.0,84278000,BMRI.JK
2018-01-04,2402.8642578125,3912.5,3912.5,3862.5,3875.0,90123000,BMRI.JK
2018-01-05,2402.8642578125,3912.5,3925.0,3862.5,3862.5,75378600,BMRI.JK
2018-01-08,2433.57177734375,3962.5,3975.0,3912.5,3937.5,73784000,BMRI.JK
2018-01-09,2425.894775390625,3950.0,4000.0,3887.5,3987.5,67352000,BMRI.JK
2018-01-10,2425.894775390625,3950.0,3962.5,3900.0,3962.5,68746400,BMRI.JK
2018-01-11,2479.6328125,4037.5,4037.5,3962.5,3962.5,89346200,BMRI.JK
2018-01-12,2487.31005859375,4050.0,4125.0,4000.0,4037.5,84306400,BMRI.JK
2018-01-15,2518.017578125,4100.0,4100.0,4025.0,4075.0,38412200,BMRI.JK
2018-01-16,2525.6943359375,4112.5,4150.0,4075.0,4075.0,46720000,BMRI.JK
2018-01-17,2487.31005859375,4050.0,4112.5,4012.5,4112.5,56945400,BMRI.JK
2018-01-18,2494.986572265625,4062.5,4087.5,4025.0,4075.0,53685800,BMRI.JK
2018-01-19,2479.6328125,4037.5,4087.5,4025.0,4087.5,50158600,BMRI.JK
2018-01-22,2479.6328125,4037.5,4075.0,4025.0,4075.0,91243800,BMRI.JK
2018-01-23,2510.340576171875,4087.5,4087.5,4037.5,4087.5,111192600,BMRI.JK
2018-01-24,2533.37158203125,4125.0,4125.0,4075.0,4100.0,84633200,BMRI.JK
2018-01-25,2502.663818359375,4075.0,4137.5,4037.5,4125.0,65155800,BMRI.JK
2018-01-26,2518.017578125,4100.0,4125.0,4062.5,4100.0,69599800,BMRI.JK
2018-01-29,2510.340576171875,4087.5,4125.0,3950.0,4112.5,101413600,BMRI.JK
2018-01-30,2471.9560546875,4025.0,4050.0,3987.5,4037.5,102154200,BMRI.JK
2018-01-31,2502.663818359375,4075.0,4087.5,3975.0,3987.5,79788400,BMRI.JK
2018-02-01,2518.017578125,4100.0,4125.0,4062.5,4100.0,72274400,BMRI.JK
2018-02-02,2494.986572265625,4062.5,4112.5,4062.5,4100.0,60042800,BMRI.JK
2018-02-05,2494.986572265625,4062.5,4075.0,3987.5,4025.0,63620600,BMRI.JK
2018-02-06,2464.279296875,4012.5,4050.0,3962.5,4000.0,92415600,BMRI.JK
2018-02-07,2494.986572265625,4062.5,4075.0,4037.5,4050.0,57427400,BMRI.JK
2018-02-08,2510.340576171875,4087.5,4125.0,4025.0,4100.0,79067200,BMRI.JK
2018-02-09,2525.6943359375,4112.5,4112.5,4025.0,4037.5,211953600,BMRI.JK
2018-02-12,2518.017578125,4100.0,4125.0,4037.5,4112.5,72517000,BMRI.JK
2018-02-13,2541.048095703125,4137.5,4150.0,4100.0,4100.0,75870600,BMRI.JK
2018-02-14,2548.725341796875,4150.0,4162.5,4112.5,4150.0,26730800,BMRI.JK
2018-02-15,2548.725341796875,4150.0,4187.5,4075.0,4187.5,65557000,BMRI.JK
2018-02-16,2548.725341796875,4150.0,4150.0,4150.0,4150.0,0,BMRI.JK
2018-02-19,2602.463134765625,4237.5,4237.5,4137.5,4175.0,49342200,BMRI.JK
2018-02-20,2779.03125,4525.0,4525.0,4212.5,4262.5,79298400,BMRI.JK
2018-02-21,2702.262451171875,4400.0,4462.5,4375.0,4450.0,83845600,BMRI.JK
2018-02-22,2648.5244140625,4312.5,4437.5,4287.5,4437.5,39301400,BMRI.JK
2018-02-23,2625.493896484375,4275.0,4350.0,4250.0,4287.5,62711800,BMRI.JK
2018-02-26,2548.725341796875,4150.0,4300.0,4150.0,4300.0,66541400,BMRI.JK
2018-02-27,2587.109130859375,4212.5,4262.5,4162.5,4212.5,92994400,BMRI.JK
2018-02-28,2548.725341796875,4150.0,4237.5,4150.0,4237.5,81356600,BMRI.JK
2018-03-01,2571.755615234375,4187.5,4225.0,4162.5,4200.0,50682200,BMRI.JK
2018-03-02,2602.463134765625,4237.5,4237.5,4112.5,4162.5,49761400,BMRI.JK
2018-03-05,2525.6943359375,4112.5,4212.5,4100.0,4187.5,44376600,BMRI.JK
2018-03-06,2471.9560546875,4025.0,4150.0,4000.0,4137.5,77337000,BMRI.JK
2018-03-07,2433.57177734375,3962.5,4062.5,3850.0,4012.5,116997600,BMRI.JK
2018-03-08,2487.31005859375,4050.0,4087.5,4000.0,4000.0,86635600,BMRI.JK
2018-03-09,2487.31005859375,4050.0,4087.5,4000.0,4025.0,46391000,BMRI.JK
2018-03-12,2556.402099609375,4162.5,4162.5,4075.0,4100.0,78310600,BMRI.JK
2018-03-13,2510.340576171875,4087.5,4137.5,4025.0,4112.5,79622600,BMRI.JK
2018-03-14,2518.017578125,4100.0,4112.5,3987.5,4112.5,41997000,BMRI.JK
2018-03-15,2456.602294921875,4000.0,4087.5,4000.0,4087.5,66507000,BMRI.JK
2018-03-16,2433.57177734375,3962.5,3975.0,3850.0,3950.0,155572000,BMRI.JK
2018-03-19,2479.6328125,4037.5,4062.5,3962.5,4012.5,95158400,BMRI.JK
2018-03-20,2487.31005859375,4050.0,4075.0,3925.0,3975.0,77864800,BMRI.JK
2018-03-21,2518.017578125,4100.0,4112.5,4050.0,4100.0,113297400,BMRI.JK
2018-03-22,2456.602294921875,4000.0,4125.0,3975.0,4125.0,183372000,BMRI.JK
2018-03-23,2471.9560546875,4025.0,4025.0,3850.0,3900.0,90662600,BMRI.JK
2018-03-26,2479.6328125,4037.5,4037.5,3925.0,3925.0,42673400,BMRI.JK
2018-03-27,2456.602294921875,4000.0,4075.0,3975.0,4062.5,55450200,BMRI.JK
2018-03-28,2395.187255859375,3900.0,3987.5,3862.5,3975.0,76203200,BMRI.JK
2018-03-29,2418.513916015625,3837.5,3837.5,3762.5,3825.0,78477600,BMRI.JK
2018-03-30,2418.513916015625,3837.5,3837.5,3837.5,3837.5,0,BMRI.JK
2018-04-02,2465.78125,3912.5,3912.5,3787.5,3787.5,31435200,BMRI.JK
2018-04-03,2457.9033203125,3900.0,3900.0,3837.5,3862.5,47967200,BMRI.JK
2018-04-04,2394.880126953125,3800.0,3912.5,3775.0,3912.5,38287200,BMRI.JK
2018-04-05,2410.63623046875,3825.0,3875.0,3762.5,3875.0,54709000,BMRI.JK
2018-04-06,2379.12451171875,3775.0,3812.5,3750.0,3775.0,45831200,BMRI.JK
2018-04-09,2387.002197265625,3787.5,3825.0,3750.0,3825.0,32505800,BMRI.JK
2018-04-10,2481.537109375,3937.5,3937.5,3775.0,3775.0,87487000,BMRI.JK
2018-04-11,2536.682373046875,4025.0,4037.5,3962.5,3975.0,58578400,BMRI.JK
2018-04-12,2528.804443359375,4012.5,4012.5,3925.0,4000.0,56053600,BMRI.JK
2018-04-13,2528.804443359375,4012.5,4050.0,3962.5,4050.0,33896200,BMRI.JK
2018-04-16,2528.804443359375,4012.5,4012.5,4012.5,4012.5,0,BMRI.JK
2018-04-17,2528.804443359375,4012.5,4012.5,4012.5,4012.5,0,BMRI.JK
2018-04-18,2536.682373046875,4025.0,4025.0,3950.0,3975.0,28595200,BMRI.JK
2018-04-19,2536.682373046875,4025.0,4025.0,4025.0,4025.0,0,BMRI.JK
2018-04-20,2536.682373046875,4025.0,4025.0,4025.0,4025.0,0,BMRI.JK
2018-04-23,2520.926513671875,4000.0,4000.0,3925.0,3937.5,62793000,BMRI.JK
2018-04-24,2434.269775390625,3862.5,4000.0,3862.5,4000.0,49193400,BMRI.JK
2018-04-25,2434.269775390625,3862.5,3862.5,3862.5,3862.5,0,BMRI.JK
2018-04-26,2434.269775390625,3862.5,3862.5,3862.5,3862.5,0,BMRI.JK
2018-04-27,2434.269775390625,3862.5,3862.5,3862.5,3862.5,0,BMRI.JK
2018-04-30,2245.199951171875,3562.5,3575.0,3437.5,3500.0,94666400,BMRI.JK
2018-05-01,2245.199951171875,3562.5,3562.5,3562.5,3562.5,0,BMRI.JK
2018-05-02,2268.833984375,3600.0,3612.5,3487.5,3562.5,53590000,BMRI.JK
2018-05-03,2158.543212890625,3425.0,3587.5,3425.0,3575.0,104380400,BMRI.JK
2018-05-04,2087.64208984375,3312.5,3450.0,3300.0,3425.0,54995600,BMRI.JK
2018-05-07,2142.78759765625,3400.0,3437.5,3300.0,3300.0,66820800,BMRI.JK
2018-05-08,2142.78759765625,3400.0,3412.5,3337.5,3400.0,106457400,BMRI.JK
2018-05-09,2260.955810546875,3587.5,3587.5,3362.5,3362.5,111977600,BMRI.JK
2018-05-10,2260.955810546875,3587.5,3587.5,3587.5,3587.5,0,BMRI.JK
2018-05-11,2268.833984375,3600.0,3737.5,3575.0,3625.0,103564000,BMRI.JK
2018-05-14,2268.833984375,3600.0,3650.0,3475.0,3650.0,73256600,BMRI.JK
2018-05-15,2158.543212890625,3425.0,3600.0,3400.0,3500.0,117942000,BMRI.JK
2018-05-16,2158.543212890625,3425.0,3437.5,3300.0,3350.0,171743000,BMRI.JK
2018-05-17,2111.2763671875,3350.0,3500.0,3350.0,3475.0,108035800,BMRI.JK
2018-05-18,2142.78759765625,3400.0,3450.0,3325.0,3387.5,73179600,BMRI.JK
2018-05-21,2103.39794921875,3337.5,3387.5,3300.0,3362.5,93035200,BMRI.JK
2018-05-22,2056.13037109375,3262.5,3387.5,3262.5,3375.0,95244600,BMRI.JK
2018-05-23,2134.909912109375,3387.5,3437.5,3300.0,3300.0,98477800,BMRI.JK
2018-05-24,2205.810791015625,3500.0,3537.5,3425.0,3500.0,105512200,BMRI.JK
2018-05-25,2205.810791015625,3500.0,3537.5,3475.0,3525.0,87283000,BMRI.JK
2018-05-28,2323.9794921875,3687.5,3712.5,3550.0,3575.0,129253400,BMRI.JK
2018-05-29,2323.9794921875,3687.5,3687.5,3687.5,3687.5,0,BMRI.JK
2018-05-30,2284.58984375,3625.0,3812.5,3575.0,3612.5,170628800,BMRI.JK
2018-05-31,2221.56640625,3525.0,3700.0,3512.5,3700.0,211020800,BMRI.JK
2018-06-01,2221.56640625,3525.0,3525.0,3525.0,3525.0,0,BMRI.JK
2018-06-04,2323.9794921875,3687.5,3712.5,3550.0,3550.0,80221000,BMRI.JK
2018-06-05,2316.101318359375,3675.0,3725.0,3637.5,3725.0,73520200,BMRI.JK
2018-06-06,2308.2236328125,3662.5,3687.5,3650.0,3650.0,72158600,BMRI.JK
2018-06-07,2323.9794921875,3687.5,3700.0,3662.5,3687.5,49787600,BMRI.JK
2018-06-08,2190.05517578125,3475.0,3700.0,3475.0,3700.0,134418800,BMRI.JK
2018-06-11,2190.05517578125,3475.0,3475.0,3475.0,3475.0,0,BMRI.JK
2018-06-12,2190.05517578125,3475.0,3475.0,3475.0,3475.0,0,BMRI.JK
2018-06-13,2190.05517578125,3475.0,3475.0,3475.0,3475.0,0,BMRI.JK
2018-06-14,2190.05517578125,3475.0,3475.0,3475.0,3475.0,0,BMRI.JK
2018-06-15,2190.05517578125,3475.0,3475.0,3475.0,3475.0,0,BMRI.JK
2018-06-18,2190.05517578125,3475.0,3475.0,3475.0,3475.0,0,BMRI.JK
2018-06-19,2190.05517578125,3475.0,3475.0,3475.0,3475.0,0,BMRI.JK
2018-06-20,2111.2763671875,3350.0,3425.0,3250.0,3425.0,170142400,BMRI.JK
2018-06-21,2111.2763671875,3350.0,3387.5,3287.5,3350.0,109648600,BMRI.JK
2018-06-22,2111.2763671875,3350.0,3362.5,3300.0,3350.0,90954000,BMRI.JK
2018-06-25,2111.2763671875,3350.0,3387.5,3287.5,3375.0,59331600,BMRI.JK
2018-06-26,2087.64208984375,3312.5,3375.0,3287.5,3287.5,55935600,BMRI.JK
2018-06-27,2079.764404296875,3300.0,3350.0,3300.0,3325.0,51148600,BMRI.JK
2018-06-28,2048.252685546875,3250.0,3362.5,3212.5,3362.5,109565000,BMRI.JK
2018-06-29,2158.543212890625,3425.0,3425.0,3300.0,3375.0,82868000,BMRI.JK
2018-07-02,2056.13037109375,3262.5,3487.5,3262.5,3487.5,55579800,BMRI.JK
2018-07-03,1993.1077880859375,3162.5,3287.5,3162.5,3237.5,74286400,BMRI.JK
2018-07-04,2079.764404296875,3300.0,3312.5,3137.5,3200.0,54066400,BMRI.JK
2018-07-05,2056.13037109375,3262.5,3300.0,3175.0,3250.0,49814600,BMRI.JK
2018-07-06,1985.229736328125,3150.0,3237.5,3150.0,3200.0,51696400,BMRI.JK
2018-07-09,2024.619140625,3212.5,3262.5,3150.0,3175.0,111683800,BMRI.JK
2018-07-10,2032.4974365234375,3225.0,3287.5,3187.5,3250.0,87662000,BMRI.JK
2018-07-11,2000.9853515625,3175.0,3187.5,3125.0,3150.0,71600600,BMRI.JK
2018-07-12,2032.4974365234375,3225.0,3225.0,3150.0,3150.0,69482600,BMRI.JK
2018-07-13,2079.764404296875,3300.0,3325.0,3212.5,3212.5,71123600,BMRI.JK
2018-07-16,2064.0087890625,3275.0,3312.5,3187.5,3275.0,57879600,BMRI.JK
2018-07-17,1993.1077880859375,3162.5,3237.5,3150.0,3225.0,84860000,BMRI.JK
2018-07-18,2016.7413330078125,3200.0,3212.5,3150.0,3162.5,46293000,BMRI.JK
2018-07-19,2008.86328125,3187.5,3262.5,3187.5,3212.5,69942000,BMRI.JK
2018-07-20,2000.9853515625,3175.0,3225.0,3137.5,3212.5,101994800,BMRI.JK
2018-07-23,2016.7413330078125,3200.0,3287.5,3187.5,3200.0,80140200,BMRI.JK
2018-07-24,2056.13037109375,3262.5,3262.5,3200.0,3250.0,38980400,BMRI.JK
2018-07-25,2040.375244140625,3237.5,3275.0,3225.0,3275.0,62149400,BMRI.JK
2018-07-26,2064.0087890625,3275.0,3275.0,3237.5,3250.0,57947800,BMRI.JK
2018-07-27,2071.886474609375,3287.5,3287.5,3250.0,3287.5,35688800,BMRI.JK
2018-07-30,2119.15380859375,3362.5,3362.5,3275.0,3287.5,54608200,BMRI.JK
2018-07-31,2095.520263671875,3325.0,3362.5,3287.5,3362.5,66929400,BMRI.JK
2018-08-01,2205.810791015625,3500.0,3500.0,3337.5,3350.0,110824000,BMRI.JK
2018-08-02,2221.56640625,3525.0,3587.5,3462.5,3500.0,61392400,BMRI.JK
2018-08-03,2268.833984375,3600.0,3612.5,3500.0,3500.0,63550400,BMRI.JK
2018-08-06,2300.34521484375,3650.0,3712.5,3600.0,3612.5,102478600,BMRI.JK
2018-08-07,2268.833984375,3600.0,3712.5,3600.0,3650.0,102967800,BMRI.JK
2018-08-08,2308.2236328125,3662.5,3662.5,3550.0,3612.5,48967400,BMRI.JK
2018-08-09,2292.468017578125,3637.5,3675.0,3600.0,3600.0,28914800,BMRI.JK
2018-08-10,2316.101318359375,3675.0,3712.5,3650.0,3662.5,36267800,BMRI.JK
2018-08-13,2182.177001953125,3462.5,3625.0,3425.0,3600.0,82658400,BMRI.JK
2018-08-14,2119.15380859375,3362.5,3450.0,3350.0,3437.5,122915000,BMRI.JK
2018-08-15,2142.78759765625,3400.0,3412.5,3262.5,3375.0,82042800,BMRI.JK
2018-08-16,2111.2763671875,3350.0,3387.5,3300.0,3375.0,42463600,BMRI.JK
2018-08-17,2111.2763671875,3350.0,3350.0,3350.0,3350.0,0,BMRI.JK
2018-08-20,2119.15380859375,3362.5,3475.0,3350.0,3475.0,81139200,BMRI.JK
2018-08-21,2111.2763671875,3350.0,3387.5,3337.5,3375.0,62399200,BMRI.JK
2018-08-22,2111.2763671875,3350.0,3350.0,3350.0,3350.0,0,BMRI.JK
2018-08-23,2158.543212890625,3425.0,3425.0,3350.0,3400.0,98059800,BMRI.JK
2018-08-24,2134.909912109375,3387.5,3425.0,3375.0,3400.0,75683200,BMRI.JK
2018-08-27,2197.9326171875,3487.5,3487.5,3387.5,3412.5,84503200,BMRI.JK
2018-08-28,2205.810791015625,3500.0,3512.5,3450.0,3500.0,80591200,BMRI.JK
2018-08-29,2205.810791015625,3500.0,3512.5,3462.5,3487.5,55272600,BMRI.JK
2018-08-30,2158.543212890625,3425.0,3512.5,3400.0,3500.0,52753200,BMRI.JK
2018-08-31,2174.299072265625,3450.0,3450.0,3337.5,3350.0,110408200,BMRI.JK
2018-09-03,2111.2763671875,3350.0,3450.0,3350.0,3450.0,55590200,BMRI.JK
2018-09-04,2071.886474609375,3287.5,3375.0,3225.0,3362.5,59803000,BMRI.JK
2018-09-05,1993.1077880859375,3162.5,3262.5,3100.0,3250.0,83838600,BMRI.JK
2018-09-06,2064.0087890625,3275.0,3275.0,3100.0,3100.0,96306200,BMRI.JK
2018-09-07,2087.64208984375,3312.5,3325.0,3225.0,3250.0,75525400,BMRI.JK
2018-09-10,2071.886474609375,3287.5,3300.0,3212.5,3250.0,37301800,BMRI.JK
2018-09-11,2071.886474609375,3287.5,3287.5,3287.5,3287.5,0,BMRI.JK
2018-09-12,2008.86328125,3187.5,3312.5,3187.5,3287.5,46357000,BMRI.JK
2018-09-13,2071.886474609375,3287.5,3312.5,3225.0,3237.5,36668600,BMRI.JK
2018-09-14,2127.03173828125,3375.0,3375.0,3300.0,3337.5,30656000,BMRI.JK
2018-09-17,2032.4974365234375,3225.0,3337.5,3212.5,3325.0,88368200,BMRI.JK
2018-09-18,2008.86328125,3187.5,3262.5,3162.5,3225.0,101172800,BMRI.JK
2018-09-19,2016.7413330078125,3200.0,3225.0,3187.5,3225.0,42616400,BMRI.JK
2018-09-20,2103.39794921875,3337.5,3337.5,3212.5,3212.5,99827000,BMRI.JK
2018-09-21,2158.543212890625,3425.0,3475.0,3362.5,3375.0,124841800,BMRI.JK
2018-09-24,2127.03173828125,3375.0,3450.0,3337.5,3425.0,81188200,BMRI.JK
2018-09-25,2087.64208984375,3312.5,3375.0,3262.5,3337.5,46091400,BMRI.JK
2018-09-26,2079.764404296875,3300.0,3362.5,3287.5,3287.5,32016600,BMRI.JK
2018-09-27,2087.64208984375,3312.5,3362.5,3275.0,3300.0,82349800,BMRI.JK
2018-09-28,2119.15380859375,3362.5,3375.0,3300.0,3300.0,101686800,BMRI.JK
2018-10-01,2111.2763671875,3350.0,3400.0,3300.0,3300.0,66513400,BMRI.JK
2018-10-02,2032.4974365234375,3225.0,3350.0,3212.5,3350.0,120652800,BMRI.JK
2018-10-03,2048.252685546875,3250.0,3287.5,3200.0,3200.0,68383400,BMRI.JK
2018-10-04,1961.595947265625,3112.5,3212.5,3112.5,3200.0,116478400,BMRI.JK
2018-10-05,1977.3516845703125,3137.5,3175.0,3087.5,3112.5,67792400,BMRI.JK
2018-10-08,1953.718017578125,3100.0,3150.0,3100.0,3137.5,55327600,BMRI.JK
2018-10-09,2000.9853515625,3175.0,3187.5,3100.0,3100.0,40331400,BMRI.JK
2018-10-10,2040.375244140625,3237.5,3262.5,3187.5,3200.0,39230800,BMRI.JK
2018-10-11,1977.3516845703125,3137.5,3175.0,3100.0,3125.0,64054000,BMRI.JK
2018-10-12,2016.7413330078125,3200.0,3237.5,3137.5,3137.5,70448200,BMRI.JK
2018-10-15,2008.86328125,3187.5,3262.5,3187.5,3250.0,40880400,BMRI.JK
2018-10-16,2048.252685546875,3250.0,3250.0,3200.0,3200.0,29777600,BMRI.JK
2018-10-17,2071.886474609375,3287.5,3325.0,3262.5,3300.0,43108000,BMRI.JK
2018-10-18,2048.252685546875,3250.0,3300.0,3200.0,3250.0,39270000,BMRI.JK
2018-10-19,2032.4974365234375,3225.0,3250.0,3187.5,3225.0,47990000,BMRI.JK
2018-10-22,2032.4974365234375,3225.0,3262.5,3187.5,3225.0,36415600,BMRI.JK
2018-10-23,2024.619140625,3212.5,3237.5,3212.5,3225.0,25707400,BMRI.JK
2018-10-24,1993.1077880859375,3162.5,3237.5,3162.5,3212.5,33969400,BMRI.JK
2018-10-25,2040.375244140625,3237.5,3237.5,3125.0,3125.0,62781600,BMRI.JK
2018-10-26,2032.4974365234375,3225.0,3250.0,3200.0,3237.5,39723200,BMRI.JK
2018-10-29,2016.7413330078125,3200.0,3250.0,3200.0,3212.5,40472000,BMRI.JK
2018-10-30,2056.13037109375,3262.5,3262.5,3212.5,3250.0,34731200,BMRI.JK
2018-10-31,2158.543212890625,3425.0,3425.0,3275.0,3287.5,111265400,BMRI.JK
2018-11-01,2276.7119140625,3612.5,3675.0,3437.5,3450.0,185151800,BMRI.JK
2018-11-02,2339.73486328125,3712.5,3750.0,3550.0,3662.5,143785200,BMRI.JK
2018-11-05,2323.9794921875,3687.5,3700.0,3625.0,3700.0,56013400,BMRI.JK
2018-11-06,2316.101318359375,3675.0,3737.5,3625.0,3737.5,124000800,BMRI.JK
2018-11-07,2316.101318359375,3675.0,3700.0,3600.0,3687.5,92281000,BMRI.JK
2018-11-08,2363.36865234375,3750.0,3762.5,3687.5,3700.0,130444200,BMRI.JK
2018-11-09,2276.7119140625,3612.5,3662.5,3575.0,3625.0,123465600,BMRI.JK
2018-11-12,2197.9326171875,3487.5,3612.5,3487.5,3612.5,65689800,BMRI.JK
2018-11-13,2253.078369140625,3575.0,3587.5,3400.0,3400.0,85750000,BMRI.JK
2018-11-14,2245.199951171875,3562.5,3650.0,3562.5,3637.5,68203400,BMRI.JK
2018-11-15,2331.857421875,3700.0,3725.0,3575.0,3625.0,115193000,BMRI.JK
2018-11-16,2347.612548828125,3725.0,3812.5,3687.5,3737.5,113146000,BMRI.JK
2018-11-19,2355.49072265625,3737.5,3787.5,3650.0,3750.0,52926800,BMRI.JK
2018-11-20,2355.49072265625,3737.5,3737.5,3737.5,3737.5,0,BMRI.JK
2018-11-21,2292.468017578125,3637.5,3662.5,3525.0,3612.5,121808800,BMRI.JK
2018-11-22,2308.2236328125,3662.5,3700.0,3587.5,3637.5,89601400,BMRI.JK
2018-11-23,2300.34521484375,3650.0,3700.0,3637.5,3675.0,82350000,BMRI.JK
2018-11-26,2323.9794921875,3687.5,3700.0,3625.0,3625.0,62934800,BMRI.JK
2018-11-27,2347.612548828125,3725.0,3750.0,3675.0,3687.5,61028800,BMRI.JK
2018-11-28,2331.857421875,3700.0,3750.0,3662.5,3750.0,67675000,BMRI.JK
2018-11-29,2410.63623046875,3825.0,3825.0,3750.0,3750.0,141202600,BMRI.JK
2018-11-30,2331.857421875,3700.0,3812.5,3700.0,3787.5,148482800,BMRI.JK
2018-12-03,2394.880126953125,3800.0,3862.5,3775.0,3775.0,136684600,BMRI.JK
2018-12-04,2410.63623046875,3825.0,3825.0,3775.0,3787.5,60153200,BMRI.JK
2018-12-05,2387.002197265625,3787.5,3800.0,3762.5,3800.0,73322400,BMRI.JK
2018-12-06,2355.49072265625,3737.5,3762.5,3700.0,3700.0,74092000,BMRI.JK
2018-12-07,2363.36865234375,3750.0,3812.5,3737.5,3787.5,41692800,BMRI.JK
2018-12-10,2339.73486328125,3712.5,3762.5,3675.0,3687.5,41105200,BMRI.JK
2018-12-11,2347.612548828125,3725.0,3737.5,3700.0,3725.0,55657400,BMRI.JK
2018-12-12,2355.49072265625,3737.5,3775.0,3712.5,3737.5,80631400,BMRI.JK
2018-12-13,2426.3916015625,3850.0,3850.0,3725.0,3750.0,92920000,BMRI.JK
2018-12-14,2387.002197265625,3787.5,3825.0,3762.5,3825.0,68756400,BMRI.JK
2018-12-17,2331.857421875,3700.0,3787.5,3700.0,3725.0,78685000,BMRI.JK
2018-12-18,2316.101318359375,3675.0,3675.0,3625.0,3625.0,98608800,BMRI.JK
2018-12-19,2339.73486328125,3712.5,3737.5,3675.0,3675.0,89550000,BMRI.JK
2018-12-20,2300.34521484375,3650.0,3712.5,3637.5,3712.5,61216000,BMRI.JK
2018-12-21,2276.7119140625,3612.5,3650.0,3587.5,3625.0,98207400,BMRI.JK
2018-12-24,2276.7119140625,3612.5,3612.5,3612.5,3612.5,0,BMRI.JK
2018-12-25,2276.7119140625,3612.5,3612.5,3612.5,3612.5,0,BMRI.JK
2018-12-26,2276.7119140625,3612.5,3625.0,3550.0,3575.0,52356800,BMRI.JK
2018-12-27,2292.468017578125,3637.5,3675.0,3625.0,3662.5,48514400,BMRI.JK
2018-12-28,2323.9794921875,3687.5,3725.0,3662.5,3675.0,97081600,BMRI.JK
2018-12-31,2323.9794921875,3687.5,3687.5,3687.5,3687.5,0,BMRI.JK
2019-01-01,2323.9794921875,3687.5,3687.5,3687.5,3687.5,0,BMRI.JK
2019-01-02,2308.2236328125,3662.5,3700.0,3625.0,3700.0,45319200,BMRI.JK
2019-01-03,2260.955810546875,3587.5,3675.0,3550.0,3637.5,74174000,BMRI.JK
2019-01-04,2347.612548828125,3725.0,3725.0,3575.0,3587.5,78514000,BMRI.JK
2019-01-07,2339.73486328125,3712.5,3787.5,3712.5,3750.0,53624800,BMRI.JK
2019-01-08,2316.101318359375,3675.0,3737.5,3675.0,3712.5,80073200,BMRI.JK
2019-01-09,2387.002197265625,3787.5,3787.5,3700.0,3750.0,104903400,BMRI.JK
2019-01-10,2426.3916015625,3850.0,3850.0,3775.0,3812.5,130603200,BMRI.JK
2019-01-11,2426.3916015625,3850.0,3900.0,3837.5,3875.0,88899400,BMRI.JK
2019-01-14,2426.3916015625,3850.0,3875.0,3825.0,3875.0,71320000,BMRI.JK
2019-01-15,2457.9033203125,3900.0,3900.0,3825.0,3875.0,86697200,BMRI.JK
2019-01-16,2457.9033203125,3900.0,3912.5,3837.5,3900.0,78625600,BMRI.JK
2019-01-17,2481.537109375,3937.5,4025.0,3900.0,3900.0,101961200,BMRI.JK
2019-01-18,2481.537109375,3937.5,3962.5,3912.5,3950.0,56790000,BMRI.JK
2019-01-21,2457.9033203125,3900.0,3950.0,3900.0,3912.5,111624400,BMRI.JK
2019-01-22,2442.1474609375,3875.0,3900.0,3825.0,3862.5,123558000,BMRI.JK
2019-01-23,2355.49072265625,3737.5,3850.0,3737.5,3787.5,162196000,BMRI.JK
2019-01-24,2355.49072265625,3737.5,3750.0,3712.5,3737.5,179821400,BMRI.JK
2019-01-25,2323.9794921875,3687.5,3762.5,3650.0,3737.5,143184800,BMRI.JK
2019-01-28,2260.955810546875,3587.5,3712.5,3537.5,3687.5,207013400,BMRI.JK
2019-01-29,2245.199951171875,3562.5,3625.0,3525.0,3587.5,162587800,BMRI.JK
2019-01-30,2284.58984375,3625.0,3662.5,3562.5,3562.5,175565200,BMRI.JK
2019-01-31,2347.612548828125,3725.0,3737.5,3637.5,3662.5,214008600,BMRI.JK
2019-02-01,2394.880126953125,3800.0,3812.5,3737.5,3750.0,104295400,BMRI.JK
2019-02-04,2316.101318359375,3675.0,3800.0,3675.0,3750.0,80919200,BMRI.JK
2019-02-05,2316.101318359375,3675.0,3675.0,3675.0,3675.0,0,BMRI.JK
2019-02-06,2355.49072265625,3737.5,3762.5,3712.5,3725.0,60281400,BMRI.JK
2019-02-07,2379.12451171875,3775.0,3775.0,3712.5,3737.5,31622800,BMRI.JK
2019-02-08,2387.002197265625,3787.5,3787.5,3712.5,3750.0,46828400,BMRI.JK
2019-02-11,2402.75830078125,3812.5,3812.5,3762.5,3800.0,72358200,BMRI.JK
2019-02-12,2339.73486328125,3712.5,3837.5,3687.5,3837.5,82644200,BMRI.JK
2019-02-13,2284.58984375,3625.0,3737.5,3625.0,3712.5,75046400,BMRI.JK
2019-02-14,2260.955810546875,3587.5,3687.5,3587.5,3675.0,95699000,BMRI.JK
2019-02-15,2260.955810546875,3587.5,3612.5,3550.0,3575.0,92002800,BMRI.JK
2019-02-18,2292.468017578125,3637.5,3650.0,3587.5,3650.0,86216800,BMRI.JK
2019-02-19,2268.833984375,3600.0,3662.5,3562.5,3637.5,92714200,BMRI.JK
2019-02-20,2237.322265625,3550.0,3625.0,3475.0,3625.0,192881200,BMRI.JK
2019-02-21,2308.2236328125,3662.5,3662.5,3550.0,3562.5,100203800,BMRI.JK
2019-02-22,2237.322265625,3550.0,3650.0,3525.0,3637.5,167596800,BMRI.JK
2019-02-25,2284.58984375,3625.0,3625.0,3562.5,3575.0,91520000,BMRI.JK
2019-02-26,2292.468017578125,3637.5,3637.5,3575.0,3637.5,94091000,BMRI.JK
2019-02-27,2268.833984375,3600.0,3637.5,3575.0,3600.0,72356800,BMRI.JK
2019-02-28,2245.199951171875,3562.5,3625.0,3550.0,3612.5,84980200,BMRI.JK
2019-03-01,2260.955810546875,3587.5,3612.5,3562.5,3575.0,47003200,BMRI.JK
2019-03-04,2237.322265625,3550.0,3587.5,3550.0,3587.5,29659800,BMRI.JK
2019-03-05,2190.05517578125,3475.0,3562.5,3400.0,3525.0,223113200,BMRI.JK
2019-03-06,2229.4443359375,3537.5,3537.5,3437.5,3500.0,94977600,BMRI.JK
2019-03-07,2229.4443359375,3537.5,3537.5,3537.5,3537.5,0,BMRI.JK
2019-03-08,2174.299072265625,3450.0,3525.0,3450.0,3525.0,71523400,BMRI.JK
2019-03-11,2158.543212890625,3425.0,3475.0,3412.5,3475.0,53912400,BMRI.JK
2019-03-12,2119.15380859375,3362.5,3437.5,3337.5,3412.5,60509600,BMRI.JK
2019-03-13,2111.2763671875,3350.0,3400.0,3325.0,3400.0,55730600,BMRI.JK
2019-03-14,2174.299072265625,3450.0,3462.5,3362.5,3400.0,44212200,BMRI.JK
2019-03-15,2237.322265625,3550.0,3550.0,3462.5,3462.5,71744400,BMRI.JK
2019-03-18,2237.322265625,3550.0,3612.5,3512.5,3575.0,52140200,BMRI.JK
2019-03-19,2323.9794921875,3687.5,3700.0,3575.0,3587.5,158696000,BMRI.JK
2019-03-20,2331.857421875,3700.0,3725.0,3650.0,3700.0,51652800,BMRI.JK
2019-03-21,2355.49072265625,3737.5,3762.5,3725.0,3750.0,68829800,BMRI.JK
2019-03-22,2347.612548828125,3725.0,3750.0,3712.5,3737.5,45259400,BMRI.JK
2019-03-25,2260.955810546875,3587.5,3662.5,3587.5,3625.0,45751600,BMRI.JK
2019-03-26,2300.34521484375,3650.0,3675.0,3637.5,3637.5,28799400,BMRI.JK
2019-03-27,2276.7119140625,3612.5,3712.5,3612.5,3712.5,38906600,BMRI.JK
2019-03-28,2323.9794921875,3687.5,3687.5,3625.0,3650.0,47868600,BMRI.JK
2019-03-29,2355.49072265625,3737.5,3750.0,3662.5,3700.0,71140200,BMRI.JK
2019-04-01,2363.36865234375,3750.0,3762.5,3725.0,3750.0,57890600,BMRI.JK
2019-04-02,2339.73486328125,3712.5,3762.5,3662.5,3762.5,36872800,BMRI.JK
2019-04-03,2339.73486328125,3712.5,3712.5,3712.5,3712.5,0,BMRI.JK
2019-04-04,2418.513916015625,3837.5,3850.0,3750.0,3750.0,119083400,BMRI.JK
2019-04-05,2379.12451171875,3775.0,3837.5,3775.0,3837.5,40534200,BMRI.JK
2019-04-08,2363.36865234375,3750.0,3800.0,3687.5,3800.0,45862600,BMRI.JK
2019-04-09,2418.513916015625,3837.5,3862.5,3775.0,3787.5,61437800,BMRI.JK
2019-04-10,2379.12451171875,3775.0,3837.5,3762.5,3825.0,30552600,BMRI.JK
2019-04-11,2331.857421875,3700.0,3800.0,3700.0,3787.5,70389000,BMRI.JK
2019-04-12,2308.2236328125,3662.5,3700.0,3650.0,3675.0,53372400,BMRI.JK
2019-04-15,2316.101318359375,3675.0,3725.0,3662.5,3700.0,48251000,BMRI.JK
2019-04-16,2402.75830078125,3812.5,3812.5,3675.0,3687.5,143066800,BMRI.JK
2019-04-17,2402.75830078125,3812.5,3812.5,3812.5,3812.5,0,BMRI.JK
2019-04-18,2457.9033203125,3900.0,4062.5,3887.5,3900.0,243343400,BMRI.JK
2019-04-19,2457.9033203125,3900.0,3900.0,3900.0,3900.0,0,BMRI.JK
2019-04-22,2442.1474609375,3875.0,3937.5,3825.0,3900.0,69981800,BMRI.JK
2019-04-23,2418.513916015625,3837.5,3887.5,3837.5,3850.0,65384600,BMRI.JK
2019-04-24,2418.513916015625,3837.5,3862.5,3812.5,3850.0,55408400,BMRI.JK
2019-04-25,2410.63623046875,3825.0,3837.5,3775.0,3825.0,111185200,BMRI.JK
2019-04-26,2434.269775390625,3862.5,3900.0,3737.5,3775.0,150697400,BMRI.JK
2019-04-29,2450.025634765625,3887.5,3900.0,3837.5,3850.0,112773000,BMRI.JK
2019-04-30,2434.269775390625,3862.5,3937.5,3862.5,3912.5,103243000,BMRI.JK
2019-05-01,2434.269775390625,3862.5,3862.5,3862.5,3862.5,0,BMRI.JK
2019-05-02,2426.3916015625,3850.0,3862.5,3812.5,3850.0,68943800,BMRI.JK
2019-05-03,2410.63623046875,3825.0,3850.0,3787.5,3850.0,60141600,BMRI.JK
2019-05-06,2371.24658203125,3762.5,3787.5,3662.5,3750.0,100956600,BMRI.JK
2019-05-07,2410.63623046875,3825.0,3837.5,3775.0,3837.5,68861800,BMRI.JK
2019-05-08,2371.24658203125,3762.5,3787.5,3725.0,3750.0,79916800,BMRI.JK
2019-05-09,2363.36865234375,3750.0,3787.5,3725.0,3725.0,90947000,BMRI.JK
2019-05-10,2355.49072265625,3737.5,3787.5,3687.5,3775.0,65009400,BMRI.JK
2019-05-13,2371.24658203125,3762.5,3825.0,3750.0,3787.5,83342800,BMRI.JK
2019-05-14,2347.612548828125,3725.0,3762.5,3700.0,3725.0,85983800,BMRI.JK
2019-05-15,2339.73486328125,3712.5,3800.0,3712.5,3762.5,112972400,BMRI.JK
2019-05-16,2316.101318359375,3675.0,3725.0,3625.0,3675.0,86481000,BMRI.JK
2019-05-17,2229.4443359375,3537.5,3750.0,3537.5,3750.0,59716600,BMRI.JK
2019-05-20,2276.7119140625,3612.5,3637.5,3487.5,3500.0,93447200,BMRI.JK
2019-05-21,2284.58984375,3625.0,3675.0,3537.5,3637.5,128877200,BMRI.JK
2019-05-22,2300.34521484375,3650.0,3700.0,3612.5,3662.5,88253000,BMRI.JK
2019-05-23,2387.002197265625,3787.5,3800.0,3662.5,3675.0,65668800,BMRI.JK
2019-05-24,2426.3916015625,3850.0,3887.5,3787.5,3800.0,99151200,BMRI.JK
2019-05-27,2512.99365234375,3862.5,3862.5,3762.5,3800.0,144611000,BMRI.JK
2019-05-28,2399.13671875,3687.5,3850.0,3675.0,3850.0,298780800,BMRI.JK
2019-05-29,2456.065185546875,3775.0,3775.0,3700.0,3725.0,89397400,BMRI.JK
2019-05-30,2456.065185546875,3775.0,3775.0,3775.0,3775.0,0,BMRI.JK
2019-05-31,2496.728515625,3837.5,3887.5,3775.0,3800.0,173453000,BMRI.JK
2019-06-03,2496.728515625,3837.5,3837.5,3837.5,3837.5,0,BMRI.JK
2019-06-04,2496.728515625,3837.5,3837.5,3837.5,3837.5,0,BMRI.JK
2019-06-05,2496.728515625,3837.5,3837.5,3837.5,3837.5,0,BMRI.JK
2019-06-06,2496.728515625,3837.5,3837.5,3837.5,3837.5,0,BMRI.JK
2019-06-07,2496.728515625,3837.5,3837.5,3837.5,3837.5,0,BMRI.JK
2019-06-10,2553.656982421875,3925.0,3975.0,3912.5,3925.0,208042400,BMRI.JK
2019-06-11,2561.789794921875,3937.5,3950.0,3900.0,3937.5,107140400,BMRI.JK
2019-06-12,2561.789794921875,3937.5,3950.0,3900.0,3950.0,69330800,BMRI.JK
2019-06-13,2545.5244140625,3912.5,3950.0,3850.0,3937.5,63482400,BMRI.JK
2019-06-14,2545.5244140625,3912.5,3937.5,3900.0,3937.5,61672200,BMRI.JK
2019-06-17,2537.391845703125,3900.0,3950.0,3900.0,3950.0,47269400,BMRI.JK
2019-06-18,2553.656982421875,3925.0,3937.5,3887.5,3887.5,104106200,BMRI.JK
2019-06-19,2594.3203125,3987.5,4000.0,3937.5,3950.0,156615200,BMRI.JK
2019-06-20,2586.1875,3975.0,4025.0,3962.5,4000.0,93589200,BMRI.JK
2019-06-21,2594.3203125,3987.5,4012.5,3950.0,4000.0,145919600,BMRI.JK
2019-06-24,2594.3203125,3987.5,4012.5,3950.0,3950.0,70252200,BMRI.JK
2019-06-25,2586.1875,3975.0,4012.5,3962.5,4012.5,59303200,BMRI.JK
2019-06-26,2586.1875,3975.0,4000.0,3925.0,3925.0,72115200,BMRI.JK
2019-06-27,2602.453125,4000.0,4025.0,3987.5,3987.5,63152000,BMRI.JK
2019-06-28,2610.58544921875,4012.5,4025.0,3987.5,4012.5,61888000,BMRI.JK
2019-07-01,2602.453125,4000.0,4037.5,3987.5,4025.0,61455600,BMRI.JK
2019-07-02,2610.58544921875,4012.5,4025.0,3987.5,4025.0,64875600,BMRI.JK
2019-07-03,2610.58544921875,4012.5,4012.5,3975.0,3975.0,93933600,BMRI.JK
2019-07-04,2610.58544921875,4012.5,4025.0,4000.0,4025.0,31578600,BMRI.JK
2019-07-05,2545.5244140625,3912.5,4012.5,3862.5,3962.5,186756200,BMRI.JK
2019-07-08,2561.789794921875,3937.5,3937.5,3862.5,3875.0,105905600,BMRI.JK
2019-07-09,2569.922607421875,3950.0,3962.5,3900.0,3912.5,88590800,BMRI.JK
2019-07-10,2586.1875,3975.0,4000.0,3962.5,3975.0,100964600,BMRI.JK
2019-07-11,2602.453125,4000.0,4025.0,3987.5,4012.5,70231200,BMRI.JK
2019-07-12,2626.85107421875,4037.5,4062.5,4012.5,4025.0,73474000,BMRI.JK
2019-07-15,2651.2490234375,4075.0,4087.5,4050.0,4075.0,89444800,BMRI.JK
2019-07-16,2626.85107421875,4037.5,4062.5,3987.5,4037.5,146626400,BMRI.JK
2019-07-17,2594.3203125,3987.5,4025.0,3975.0,4000.0,128231000,BMRI.JK
2019-07-18,2553.656982421875,3925.0,3975.0,3912.5,3950.0,142262000,BMRI.JK
2019-07-19,2561.789794921875,3937.5,3950.0,3900.0,3900.0,104530000,BMRI.JK
2019-07-22,2529.259033203125,3887.5,3912.5,3875.0,3900.0,82851000,BMRI.JK
2019-07-23,2504.861328125,3850.0,3925.0,3850.0,3912.5,74981800,BMRI.JK
2019-07-24,2504.861328125,3850.0,3912.5,3850.0,3850.0,65565800,BMRI.JK
2019-07-25,2537.391845703125,3900.0,3900.0,3850.0,3862.5,77462000,BMRI.JK
2019-07-26,2521.126220703125,3875.0,3887.5,3812.5,3825.0,62727400,BMRI.JK
2019-07-29,2537.391845703125,3900.0,3912.5,3837.5,3912.5,55206400,BMRI.JK
2019-07-30,2586.1875,3975.0,3987.5,3862.5,3900.0,87075600,BMRI.JK
2019-07-31,2594.3203125,3987.5,3987.5,3900.0,3937.5,59008800,BMRI.JK
2019-08-01,2529.259033203125,3887.5,3950.0,3862.5,3937.5,96731000,BMRI.JK
2019-08-02,2496.728515625,3837.5,3875.0,3800.0,3850.0,103727000,BMRI.JK
2019-08-05,2415.401611328125,3712.5,3825.0,3662.5,3800.0,129862600,BMRI.JK
2019-08-06,2358.47265625,3625.0,3700.0,3550.0,3650.0,157132400,BMRI.JK
2019-08-07,2391.00390625,3675.0,3700.0,3637.5,3637.5,103932800,BMRI.JK
2019-08-08,2439.799560546875,3750.0,3762.5,3675.0,3725.0,85711800,BMRI.JK
2019-08-09,2423.534423828125,3725.0,3775.0,3725.0,3750.0,39017600,BMRI.JK
2019-08-12,2407.268798828125,3700.0,3750.0,3675.0,3750.0,69256600,BMRI.JK
2019-08-13,2391.00390625,3675.0,3775.0,3650.0,3775.0,68067800,BMRI.JK
2019-08-14,2439.799560546875,3750.0,3762.5,3675.0,3750.0,107613000,BMRI.JK
2019-08-15,2407.268798828125,3700.0,3700.0,3650.0,3675.0,57456400,BMRI.JK
2019-08-16,2399.13671875,3687.5,3712.5,3662.5,3700.0,47693000,BMRI.JK
2019-08-19,2391.00390625,3675.0,3725.0,3662.5,3725.0,38551200,BMRI.JK
2019-08-20,2399.13671875,3687.5,3725.0,3650.0,3712.5,75396200,BMRI.JK
2019-08-21,2350.340576171875,3612.5,3675.0,3612.5,3662.5,49841400,BMRI.JK
2019-08-22,2350.340576171875,3612.5,3662.5,3575.0,3650.0,77652800,BMRI.JK
2019-08-23,2334.0751953125,3587.5,3625.0,3575.0,3625.0,44535800,BMRI.JK
2019-08-26,2293.411865234375,3525.0,3550.0,3500.0,3550.0,78614600,BMRI.JK
2019-08-27,2285.279052734375,3512.5,3562.5,3512.5,3525.0,153201600,BMRI.JK
2019-08-28,2293.411865234375,3525.0,3550.0,3475.0,3512.5,96082400,BMRI.JK
2019-08-29,2301.54443359375,3537.5,3550.0,3512.5,3525.0,63748800,BMRI.JK
2019-08-30,2358.47265625,3625.0,3625.0,3537.5,3562.5,106370600,BMRI.JK
2019-09-02,2334.0751953125,3587.5,3612.5,3562.5,3612.5,37622200,BMRI.JK
2019-09-03,2244.61572265625,3450.0,3600.0,3412.5,3587.5,96998200,BMRI.JK
2019-09-04,2252.748291015625,3462.5,3487.5,3425.0,3487.5,74434600,BMRI.JK
2019-09-05,2269.013671875,3487.5,3512.5,3462.5,3500.0,78642800,BMRI.JK
2019-09-06,2293.411865234375,3525.0,3575.0,3487.5,3512.5,88646000,BMRI.JK
2019-09-09,2269.013671875,3487.5,3537.5,3462.5,3537.5,55841400,BMRI.JK
2019-09-10,2293.411865234375,3525.0,3525.0,3450.0,3450.0,52070400,BMRI.JK
2019-09-11,2325.942138671875,3575.0,3575.0,3475.0,3500.0,80777800,BMRI.JK
2019-09-12,2325.942138671875,3575.0,3662.5,3550.0,3625.0,84564600,BMRI.JK
2019-09-13,2342.207763671875,3600.0,3625.0,3562.5,3612.5,28700200,BMRI.JK
2019-09-16,2277.146484375,3500.0,3550.0,3462.5,3525.0,66615800,BMRI.JK
2019-09-17,2269.013671875,3487.5,3550.0,3462.5,3462.5,70992200,BMRI.JK
2019-09-18,2342.207763671875,3600.0,3600.0,3525.0,3537.5,53708400,BMRI.JK
2019-09-19,2309.677001953125,3550.0,3587.5,3537.5,3587.5,35941600,BMRI.JK
2019-09-20,2301.54443359375,3537.5,3575.0,3487.5,3550.0,104743400,BMRI.JK
2019-09-23,2277.146484375,3500.0,3550.0,3475.0,3525.0,49012600,BMRI.JK
2019-09-24,2260.88134765625,3475.0,3487.5,3425.0,3462.5,52110000,BMRI.JK
2019-09-25,2244.61572265625,3450.0,3500.0,3437.5,3487.5,37565400,BMRI.JK
2019-09-26,2309.677001953125,3550.0,3550.0,3475.0,3500.0,45471400,BMRI.JK
2019-09-27,2269.013671875,3487.5,3525.0,3475.0,3500.0,44329400,BMRI.JK
2019-09-30,2269.013671875,3487.5,3487.5,3450.0,3450.0,58294000,BMRI.JK
2019-10-01,2244.61572265625,3450.0,3525.0,3450.0,3450.0,31243400,BMRI.JK
2019-10-02,2122.625732421875,3262.5,3475.0,3250.0,3437.5,129586200,BMRI.JK
2019-10-03,2081.962158203125,3200.0,3262.5,3137.5,3262.5,146789000,BMRI.JK
2019-10-04,2081.962158203125,3200.0,3262.5,3162.5,3225.0,69121800,BMRI.JK
2019-10-07,2065.697021484375,3175.0,3237.5,3162.5,3237.5,36656400,BMRI.JK
2019-10-08,2114.492919921875,3250.0,3250.0,3175.0,3175.0,104992000,BMRI.JK
2019-10-09,2090.09521484375,3212.5,3237.5,3200.0,3225.0,55131400,BMRI.JK
2019-10-10,2122.625732421875,3262.5,3300.0,3212.5,3212.5,120255400,BMRI.JK
2019-10-11,2130.75830078125,3275.0,3325.0,3237.5,3250.0,96816400,BMRI.JK
2019-10-14,2147.023681640625,3300.0,3337.5,3250.0,3312.5,65272800,BMRI.JK
2019-10-15,2138.89111328125,3287.5,3300.0,3250.0,3275.0,94139600,BMRI.JK
2019-10-16,2155.15625,3312.5,3325.0,3275.0,3300.0,118973800,BMRI.JK
2019-10-17,2179.554443359375,3350.0,3350.0,3312.5,3312.5,150037800,BMRI.JK
2019-10-18,2203.952392578125,3387.5,3437.5,3325.0,3337.5,117544400,BMRI.JK
2019-10-21,2212.085205078125,3400.0,3412.5,3350.0,3400.0,83622800,BMRI.JK
2019-10-22,2220.2177734375,3412.5,3425.0,3375.0,3425.0,62050200,BMRI.JK
2019-10-23,2301.54443359375,3537.5,3550.0,3375.0,3412.5,98440400,BMRI.JK
2019-10-24,2350.340576171875,3612.5,3625.0,3537.5,3562.5,132797200,BMRI.JK
2019-10-25,2277.146484375,3500.0,3637.5,3487.5,3637.5,105735200,BMRI.JK
2019-10-28,2277.146484375,3500.0,3537.5,3462.5,3500.0,46389600,BMRI.JK
2019-10-29,2309.677001953125,3550.0,3575.0,3500.0,3550.0,91735400,BMRI.JK
2019-10-30,2285.279052734375,3512.5,3537.5,3487.5,3537.5,47667200,BMRI.JK
2019-10-31,2285.279052734375,3512.5,3525.0,3450.0,3525.0,78160000,BMRI.JK
2019-11-01,2269.013671875,3487.5,3512.5,3462.5,3512.5,24366800,BMRI.JK
2019-11-04,2236.48291015625,3437.5,3512.5,3437.5,3500.0,56584800,BMRI.JK
2019-11-05,2342.207763671875,3600.0,3600.0,3462.5,3475.0,94253000,BMRI.JK
2019-11-06,2269.013671875,3487.5,3600.0,3412.5,3587.5,113175200,BMRI.JK
2019-11-07,2277.146484375,3500.0,3512.5,3387.5,3512.5,78753600,BMRI.JK
2019-11-08,2309.677001953125,3550.0,3575.0,3425.0,3487.5,76355000,BMRI.JK
2019-11-11,2293.411865234375,3525.0,3550.0,3487.5,3537.5,45212000,BMRI.JK
2019-11-12,2285.279052734375,3512.5,3550.0,3462.5,3500.0,52900800,BMRI.JK
2019-11-13,2236.48291015625,3437.5,3500.0,3387.5,3500.0,75148400,BMRI.JK
2019-11-14,2236.48291015625,3437.5,3450.0,3350.0,3437.5,66698600,BMRI.JK
2019-11-15,2260.88134765625,3475.0,3512.5,3462.5,3462.5,47017200,BMRI.JK
2019-11-18,2269.013671875,3487.5,3512.5,3437.5,3475.0,61287000,BMRI.JK
2019-11-19,2325.942138671875,3575.0,3575.0,3475.0,3512.5,67006200,BMRI.JK
2019-11-20,2309.677001953125,3550.0,3600.0,3525.0,3575.0,46727600,BMRI.JK
2019-11-21,2334.0751953125,3587.5,3600.0,3475.0,3500.0,60944600,BMRI.JK
2019-11-22,2301.54443359375,3537.5,3587.5,3525.0,3550.0,40452800,BMRI.JK
2019-11-25,2269.013671875,3487.5,3525.0,3462.5,3500.0,47676200,BMRI.JK
2019-11-26,2252.748291015625,3462.5,3525.0,3450.0,3500.0,173533200,BMRI.JK
2019-11-27,2244.61572265625,3450.0,3487.5,3400.0,3412.5,72928800,BMRI.JK
2019-11-28,2203.952392578125,3387.5,3450.0,3387.5,3425.0,56275200,BMRI.JK
2019-11-29,2269.013671875,3487.5,3500.0,3387.5,3387.5,53250600,BMRI.JK
2019-12-02,2309.677001953125,3550.0,3575.0,3462.5,3487.5,74561000,BMRI.JK
2019-12-03,2334.0751953125,3587.5,3587.5,3512.5,3525.0,79039000,BMRI.JK
2019-12-04,2301.54443359375,3537.5,3575.0,3525.0,3537.5,65802200,BMRI.JK
2019-12-05,2334.0751953125,3587.5,3600.0,3537.5,3550.0,74217800,BMRI.JK
2019-12-06,2334.0751953125,3587.5,3612.5,3562.5,3600.0,53720600,BMRI.JK
2019-12-09,2358.47265625,3625.0,3650.0,3600.0,3600.0,72098600,BMRI.JK
2019-12-10,2399.13671875,3687.5,3700.0,3600.0,3600.0,132230000,BMRI.JK
2019-12-11,2391.00390625,3675.0,3700.0,3662.5,3675.0,68454200,BMRI.JK
2019-12-12,2374.738525390625,3650.0,3725.0,3637.5,3662.5,79738600,BMRI.JK
2019-12-13,2399.13671875,3687.5,3725.0,3675.0,3700.0,127472400,BMRI.JK
2019-12-16,2391.00390625,3675.0,3712.5,3675.0,3675.0,96037400,BMRI.JK
2019-12-17,2391.00390625,3675.0,3700.0,3662.5,3675.0,100790000,BMRI.JK
2019-12-18,2447.932373046875,3762.5,3775.0,3662.5,3675.0,123281600,BMRI.JK
2019-12-19,2472.330322265625,3800.0,3800.0,3737.5,3762.5,112903200,BMRI.JK
2019-12-20,2504.861328125,3850.0,3850.0,3775.0,3775.0,150472200,BMRI.JK
2019-12-23,2512.99365234375,3862.5,3900.0,3837.5,3900.0,131246800,BMRI.JK
2019-12-26,2537.391845703125,3900.0,3912.5,3875.0,3887.5,140936400,BMRI.JK
2019-12-27,2521.126220703125,3875.0,3912.5,3862.5,3912.5,58182800,BMRI.JK
2019-12-30,2496.728515625,3837.5,3900.0,3825.0,3862.5,78005800,BMRI.JK
2020-01-02,2521.126220703125,3875.0,3887.5,3825.0,3837.5,37379800,BMRI.JK
2020-01-03,2512.99365234375,3862.5,3912.5,3812.5,3875.0,70294600,BMRI.JK
2020-01-06,2472.330322265625,3800.0,3837.5,3762.5,3825.0,61892000,BMRI.JK
2020-01-07,2472.330322265625,3800.0,3862.5,3787.5,3862.5,70895600,BMRI.JK
2020-01-08,2439.799560546875,3750.0,3775.0,3687.5,3775.0,105080600,BMRI.JK
2020-01-09,2504.861328125,3850.0,3862.5,3762.5,3775.0,75587000,BMRI.JK
2020-01-10,2512.99365234375,3862.5,3862.5,3825.0,3850.0,64231800,BMRI.JK
2020-01-13,2512.99365234375,3862.5,3875.0,3825.0,3862.5,75399600,BMRI.JK
2020-01-14,2521.126220703125,3875.0,3900.0,3850.0,3900.0,104134400,BMRI.JK
2020-01-15,2488.595947265625,3825.0,3900.0,3800.0,3875.0,89795200,BMRI.JK
2020-01-16,2456.065185546875,3775.0,3837.5,3762.5,3800.0,145432200,BMRI.JK
2020-01-17,2512.99365234375,3862.5,3875.0,3762.5,3787.5,130500200,BMRI.JK
2020-01-20,2480.462890625,3812.5,3900.0,3800.0,3900.0,24031800,BMRI.JK
2020-01-21,2504.861328125,3850.0,3875.0,3812.5,3875.0,39166600,BMRI.JK
2020-01-22,2537.391845703125,3900.0,3925.0,3862.5,3875.0,122175200,BMRI.JK
2020-01-23,2529.259033203125,3887.5,3912.5,3850.0,3900.0,83127800,BMRI.JK
2020-01-24,2578.054931640625,3962.5,4000.0,3862.5,3912.5,154702000,BMRI.JK
2020-01-27,2512.99365234375,3862.5,3987.5,3850.0,3975.0,98280000,BMRI.JK
2020-01-28,2521.126220703125,3875.0,3912.5,3800.0,3825.0,69349600,BMRI.JK
2020-01-29,2537.391845703125,3900.0,3962.5,3887.5,3912.5,109661000,BMRI.JK
2020-01-30,2488.595947265625,3825.0,3912.5,3800.0,3900.0,85395600,BMRI.JK
2020-01-31,2456.065185546875,3775.0,3850.0,3725.0,3837.5,157661000,BMRI.JK
2020-02-03,2439.799560546875,3750.0,3787.5,3675.0,3700.0,87271800,BMRI.JK
2020-02-04,2447.932373046875,3762.5,3837.5,3750.0,3800.0,138857400,BMRI.JK
2020-02-05,2504.861328125,3850.0,3850.0,3775.0,3800.0,130211200,BMRI.JK
2020-02-06,2504.861328125,3850.0,3925.0,3837.5,3900.0,111029400,BMRI.JK
2020-02-07,2512.99365234375,3862.5,3875.0,3837.5,3837.5,86438600,BMRI.JK
2020-02-10,2512.99365234375,3862.5,3875.0,3800.0,3850.0,78553800,BMRI.JK
2020-02-11,2529.259033203125,3887.5,3912.5,3837.5,3862.5,98520200,BMRI.JK
2020-02-12,2537.391845703125,3900.0,3950.0,3887.5,3912.5,104678800,BMRI.JK
2020-02-13,2553.656982421875,3925.0,3975.0,3900.0,3912.5,87904000,BMRI.JK
2020-02-14,2545.5244140625,3912.5,3925.0,3875.0,3875.0,41345200,BMRI.JK
2020-02-17,2553.656982421875,3925.0,3937.5,3900.0,3925.0,29816600,BMRI.JK
2020-02-18,2545.5244140625,3912.5,3925.0,3900.0,3900.0,65442000,BMRI.JK
2020-02-19,2586.1875,3975.0,3975.0,3900.0,3925.0,121614200,BMRI.JK
2020-02-20,2602.453125,4000.0,4025.0,3962.5,4012.5,114537600,BMRI.JK
2020-02-21,2569.922607421875,3950.0,4000.0,3912.5,3975.0,91798000,BMRI.JK
2020-02-24,2529.259033203125,3887.5,3912.5,3825.0,3900.0,128768800,BMRI.JK
2020-02-25,2537.391845703125,3900.0,3950.0,3850.0,3887.5,105951800,BMRI.JK
2020-02-26,2488.595947265625,3825.0,3875.0,3825.0,3875.0,198171000,BMRI.JK
2020-02-27,2391.00390625,3675.0,3850.0,3625.0,3825.0,223088600,BMRI.JK
2020-02-28,2486.122802734375,3637.5,3637.5,3275.0,3375.0,188868200,BMRI.JK
2020-03-02,2375.058837890625,3475.0,3625.0,3475.0,3575.0,101550200,BMRI.JK
2020-03-03,2460.49267578125,3600.0,3675.0,3512.5,3550.0,96445200,BMRI.JK
2020-03-04,2554.469970703125,3737.5,3750.0,3612.5,3625.0,92555400,BMRI.JK
2020-03-05,2597.186767578125,3800.0,3825.0,3750.0,3775.0,104748600,BMRI.JK
2020-03-06,2477.57958984375,3625.0,3700.0,3612.5,3700.0,72311200,BMRI.JK
2020-03-09,2246.908447265625,3287.5,3500.0,3287.5,3500.0,113132400,BMRI.JK
2020-03-10,2349.4287109375,3437.5,3500.0,3325.0,3325.0,114052000,BMRI.JK
2020-03-11,2332.341796875,3412.5,3525.0,3312.5,3462.5,97168800,BMRI.JK
2020-03-12,2195.648193359375,3212.5,3337.5,3112.5,3237.5,91578200,BMRI.JK
2020-03-13,2170.01806640625,3175.0,3237.5,3000.0,3100.0,238623800,BMRI.JK
2020-03-16,2170.01806640625,3175.0,3175.0,3175.0,3175.0,0,BMRI.JK
2020-03-17,1888.08642578125,2762.5,2962.5,2762.5,2962.5,186380400,BMRI.JK
2020-03-18,1759.935791015625,2575.0,2825.0,2575.0,2800.0,215103400,BMRI.JK
2020-03-19,1636.911376953125,2395.0,2500.0,2395.0,2500.0,167876200,BMRI.JK
2020-03-20,1524.1385498046875,2230.0,2370.0,2230.0,2370.0,478236600,BMRI.JK
2020-03-23,1418.20068359375,2075.0,2175.0,2075.0,2175.0,59985800,BMRI.JK
2020-03-24,1319.097412109375,1930.0,2115.0,1930.0,2075.0,237296200,BMRI.JK
2020-03-26,1527.555908203125,2235.0,2290.0,1890.0,1900.0,386557200,BMRI.JK
2020-03-27,1688.17138671875,2470.0,2612.5,2250.0,2255.0,396812000,BMRI.JK
2020-03-30,1571.9814453125,2300.0,2420.0,2300.0,2420.0,39766600,BMRI.JK
2020-03-31,1599.3203125,2340.0,2410.0,2225.0,2325.0,208047600,BMRI.JK
2020-04-01,1575.39892578125,2305.0,2440.0,2220.0,2325.0,152367000,BMRI.JK
2020-04-02,1623.2415771484375,2375.0,2375.0,2180.0,2285.0,132225200,BMRI.JK
2020-04-03,1717.21875,2512.5,2512.5,2400.0,2400.0,105225600,BMRI.JK
2020-04-06,1777.0225830078125,2600.0,2612.5,2450.0,2512.5,113980400,BMRI.JK
2020-04-07,1751.3922119140625,2562.5,2800.0,2485.0,2700.0,191464600,BMRI.JK
2020-04-08,1630.0762939453125,2385.0,2587.5,2385.0,2587.5,155834800,BMRI.JK
2020-04-09,1595.903076171875,2335.0,2450.0,2305.0,2400.0,163570800,BMRI.JK
2020-04-13,1527.555908203125,2235.0,2340.0,2235.0,2340.0,115331000,BMRI.JK
2020-04-14,1561.7294921875,2285.0,2320.0,2200.0,2240.0,132848000,BMRI.JK
2020-04-15,1503.6343994140625,2200.0,2345.0,2200.0,2320.0,124661000,BMRI.JK
2020-04-16,1438.704833984375,2105.0,2200.0,2075.0,2200.0,215224000,BMRI.JK
2020-04-17,1496.7996826171875,2190.0,2210.0,2110.0,2110.0,163407600,BMRI.JK
2020-04-20,1493.3824462890625,2185.0,2265.0,2135.0,2225.0,120672000,BMRI.JK
2020-04-21,1486.547607421875,2175.0,2205.0,2125.0,2185.0,92203200,BMRI.JK
2020-04-22,1534.3907470703125,2245.0,2250.0,2125.0,2165.0,126786800,BMRI.JK
2020-04-23,1537.8079833984375,2250.0,2285.0,2240.0,2245.0,115336400,BMRI.JK
2020-04-24,1462.626220703125,2140.0,2250.0,2140.0,2250.0,131631400,BMRI.JK
2020-04-27,1418.20068359375,2075.0,2175.0,2045.0,2155.0,205382600,BMRI.JK
2020-04-28,1418.20068359375,2075.0,2120.0,2035.0,2095.0,157370600,BMRI.JK
2020-04-29,1366.9405517578125,2000.0,2110.0,2000.0,2100.0,192650200,BMRI.JK
2020-04-30,1524.1385498046875,2230.0,2240.0,2030.0,2035.0,229509600,BMRI.JK
2020-05-04,1466.0435791015625,2145.0,2230.0,2120.0,2230.0,80572600,BMRI.JK
2020-05-05,1442.1220703125,2110.0,2200.0,2080.0,2150.0,185282400,BMRI.JK
2020-05-06,1421.6180419921875,2080.0,2130.0,2080.0,2125.0,138733000,BMRI.JK
2020-05-08,1435.287353515625,2100.0,2155.0,2090.0,2100.0,127482200,BMRI.JK
2020-05-11,1445.53955078125,2115.0,2140.0,2095.0,2140.0,83552200,BMRI.JK
2020-05-12,1370.3577880859375,2005.0,2115.0,2000.0,2115.0,188578000,BMRI.JK
2020-05-13,1370.3577880859375,2005.0,2025.0,1950.0,1995.0,134821600,BMRI.JK
2020-05-14,1349.853515625,1975.0,2005.0,1950.0,1985.0,141388800,BMRI.JK
2020-05-15,1284.923828125,1880.0,1995.0,1840.0,1975.0,227234200,BMRI.JK
2020-05-18,1271.2547607421875,1860.0,1900.0,1830.0,1900.0,158710600,BMRI.JK
2020-05-19,1319.097412109375,1930.0,2000.0,1880.0,1880.0,199655000,BMRI.JK
2020-05-20,1390.86181640625,2035.0,2060.0,1915.0,1925.0,237644400,BMRI.JK
2020-05-26,1401.1138916015625,2050.0,2080.0,2030.0,2065.0,180545000,BMRI.JK
2020-05-27,1404.53125,2055.0,2100.0,2005.0,2075.0,124329600,BMRI.JK
2020-05-28,1466.0435791015625,2145.0,2170.0,2075.0,2075.0,265460200,BMRI.JK
2020-05-29,1527.555908203125,2235.0,2245.0,2125.0,2145.0,350546800,BMRI.JK
2020-06-02,1578.8162841796875,2310.0,2495.0,2265.0,2275.0,207635400,BMRI.JK
2020-06-03,1660.832763671875,2430.0,2475.0,2295.0,2335.0,296607800,BMRI.JK
2020-06-04,1616.406982421875,2365.0,2500.0,2360.0,2450.0,169836200,BMRI.JK
2020-06-05,1657.4151611328125,2425.0,2435.0,2300.0,2365.0,185391000,BMRI.JK
2020-06-08,1794.1092529296875,2625.0,2662.5,2475.0,2500.0,292605200,BMRI.JK
2020-06-09,1802.65283203125,2637.5,2725.0,2575.0,2650.0,147413600,BMRI.JK
2020-06-10,1677.9193115234375,2455.0,2612.5,2455.0,2600.0,289644200,BMRI.JK
2020-06-11,1602.737548828125,2345.0,2435.0,2285.0,2400.0,364783800,BMRI.JK
2020-06-12,1671.084716796875,2445.0,2450.0,2215.0,2295.0,289959400,BMRI.JK
2020-06-15,1612.98974609375,2360.0,2455.0,2345.0,2425.0,169814600,BMRI.JK
2020-06-16,1717.21875,2512.5,2525.0,2410.0,2410.0,146116600,BMRI.JK
2020-06-17,1674.502197265625,2450.0,2600.0,2445.0,2550.0,213944600,BMRI.JK
2020-06-18,1647.1632080078125,2410.0,2485.0,2390.0,2420.0,152175200,BMRI.JK
2020-06-19,1667.6673583984375,2440.0,2475.0,2410.0,2440.0,126356800,BMRI.JK
2020-06-22,1643.7457275390625,2405.0,2455.0,2400.0,2440.0,66825000,BMRI.JK
2020-06-23,1636.911376953125,2395.0,2425.0,2345.0,2425.0,95010400,BMRI.JK
2020-06-24,1759.935791015625,2575.0,2600.0,2445.0,2445.0,278417000,BMRI.JK
2020-06-25,1717.21875,2512.5,2600.0,2470.0,2537.5,146123000,BMRI.JK
2020-06-26,1708.6754150390625,2500.0,2575.0,2490.0,2562.5,85829000,BMRI.JK
2020-06-29,1688.17138671875,2470.0,2500.0,2435.0,2490.0,99123000,BMRI.JK
2020-06-30,1691.5888671875,2475.0,2525.0,2475.0,2512.5,113994400,BMRI.JK
2020-07-01,1705.258056640625,2495.0,2512.5,2455.0,2500.0,67747600,BMRI.JK
2020-07-02,1708.6754150390625,2500.0,2512.5,2480.0,2490.0,80606600,BMRI.JK
2020-07-03,1708.6754150390625,2500.0,2537.5,2450.0,2480.0,57839800,BMRI.JK
2020-07-06,1734.3056640625,2537.5,2575.0,2500.0,2500.0,90019000,BMRI.JK
2020-07-07,1725.76220703125,2525.0,2575.0,2525.0,2562.5,80447600,BMRI.JK
2020-07-08,1802.65283203125,2637.5,2675.0,2512.5,2525.0,149466800,BMRI.JK
2020-07-09,1794.1092529296875,2625.0,2700.0,2600.0,2675.0,98277200,BMRI.JK
2020-07-10,1768.4791259765625,2587.5,2637.5,2562.5,2625.0,77850000,BMRI.JK
2020-07-13,1794.1092529296875,2625.0,2662.5,2612.5,2625.0,72688200,BMRI.JK
2020-07-14,1811.19580078125,2650.0,2662.5,2600.0,2650.0,78259800,BMRI.JK
2020-07-15,1802.65283203125,2637.5,2712.5,2625.0,2675.0,60755400,BMRI.JK
2020-07-16,1802.65283203125,2637.5,2675.0,2625.0,2637.5,43859400,BMRI.JK
2020-07-17,1768.4791259765625,2587.5,2650.0,2587.5,2637.5,60177000,BMRI.JK
2020-07-20,1742.8489990234375,2550.0,2612.5,2525.0,2587.5,52111600,BMRI.JK
2020-07-21,1811.19580078125,2650.0,2725.0,2537.5,2575.0,145051400,BMRI.JK
2020-07-22,1853.9129638671875,2712.5,2762.5,2650.0,2687.5,119245000,BMRI.JK
2020-07-23,1947.8900146484375,2850.0,2887.5,2712.5,2737.5,145829600,BMRI.JK
2020-07-24,1913.7164306640625,2800.0,2850.0,2775.0,2850.0,66603400,BMRI.JK
2020-07-27,2007.69384765625,2937.5,2937.5,2775.0,2812.5,58848200,BMRI.JK
2020-07-28,1999.1502685546875,2925.0,3000.0,2887.5,2950.0,74524600,BMRI.JK
2020-07-29,1947.8900146484375,2850.0,2925.0,2837.5,2925.0,69737200,BMRI.JK
2020-07-30,1982.0634765625,2900.0,2900.0,2812.5,2862.5,52644600,BMRI.JK
2020-08-03,1879.543212890625,2750.0,2937.5,2725.0,2925.0,259720800,BMRI.JK
2020-08-04,1905.1732177734375,2787.5,2800.0,2725.0,2762.5,89173800,BMRI.JK
2020-08-05,1947.8900146484375,2850.0,2850.0,2725.0,2775.0,133844600,BMRI.JK
2020-08-06,1973.5203857421875,2887.5,2937.5,2850.0,2850.0,90911200,BMRI.JK
2020-08-07,1982.0634765625,2900.0,2900.0,2812.5,2850.0,57228800,BMRI.JK
2020-08-10,1982.0634765625,2900.0,2912.5,2825.0,2900.0,50162400,BMRI.JK
2020-08-11,2041.866943359375,2987.5,3050.0,2900.0,2912.5,117978200,BMRI.JK
2020-08-12,2101.670654296875,3075.0,3137.5,2975.0,3000.0,92910400,BMRI.JK
2020-08-13,2067.49755859375,3025.0,3125.0,3025.0,3125.0,85989200,BMRI.JK
2020-08-14,2058.953857421875,3012.5,3050.0,2975.0,3037.5,66653400,BMRI.JK
2020-08-18,2101.670654296875,3075.0,3112.5,3012.5,3012.5,115981200,BMRI.JK
2020-08-19,2084.584228515625,3050.0,3125.0,3037.5,3087.5,64511800,BMRI.JK
2020-08-24,2050.41064453125,3000.0,3087.5,2962.5,3025.0,132486400,BMRI.JK
2020-08-25,2135.84423828125,3125.0,3137.5,3025.0,3025.0,132365800,BMRI.JK
2020-08-26,2170.01806640625,3175.0,3175.0,3087.5,3125.0,78703400,BMRI.JK
2020-08-27,2152.930908203125,3150.0,3175.0,3100.0,3175.0,93450200,BMRI.JK
2020-08-28,2127.30078125,3112.5,3175.0,3100.0,3137.5,75655000,BMRI.JK
2020-08-31,2033.323974609375,2975.0,3150.0,2950.0,3112.5,222818800,BMRI.JK
2020-09-01,2093.127685546875,3062.5,3062.5,2937.5,2987.5,85330800,BMRI.JK
2020-09-02,2076.04052734375,3037.5,3100.0,3025.0,3062.5,93203600,BMRI.JK
2020-09-03,2041.866943359375,2987.5,3075.0,2975.0,3037.5,129014800,BMRI.JK
2020-09-04,2024.7803955078125,2962.5,2987.5,2925.0,2975.0,106844400,BMRI.JK
2020-09-07,1999.1502685546875,2925.0,2975.0,2887.5,2962.5,100673600,BMRI.JK
2020-09-08,2041.866943359375,2987.5,3000.0,2937.5,2950.0,60346000,BMRI.JK
2020-09-09,1973.5203857421875,2887.5,2950.0,2875.0,2950.0,98282200,BMRI.JK
2020-09-10,1836.8260498046875,2687.5,2762.5,2687.5,2762.5,172775200,BMRI.JK
2020-09-11,1870.9996337890625,2737.5,2762.5,2525.0,2525.0,271155800,BMRI.JK
2020-09-14,1964.976806640625,2875.0,2887.5,2737.5,2737.5,143569800,BMRI.JK
2020-09-15,1939.3468017578125,2837.5,2912.5,2800.0,2875.0,128927400,BMRI.JK
2020-09-16,1930.8033447265625,2825.0,2875.0,2812.5,2875.0,57936000,BMRI.JK
2020-09-17,1905.1732177734375,2787.5,2875.0,2762.5,2800.0,76432000,BMRI.JK
2020-09-18,1905.1732177734375,2787.5,2837.5,2750.0,2787.5,91596600,BMRI.JK
2020-09-21,1870.9996337890625,2737.5,2812.5,2700.0,2787.5,52930000,BMRI.JK
2020-09-22,1811.19580078125,2650.0,2712.5,2637.5,2650.0,113596600,BMRI.JK
2020-09-23,1777.0225830078125,2600.0,2687.5,2562.5,2650.0,84710800,BMRI.JK
2020-09-24,1734.3056640625,2537.5,2575.0,2500.0,2525.0,121965000,BMRI.JK
2020-09-25,1828.2825927734375,2675.0,2675.0,2537.5,2600.0,140455600,BMRI.JK
2020-09-28,1759.935791015625,2575.0,2712.5,2575.0,2700.0,99702600,BMRI.JK
2020-09-29,1734.3056640625,2537.5,2625.0,2512.5,2600.0,111325600,BMRI.JK
2020-09-30,1695.006103515625,2480.0,2575.0,2430.0,2550.0,151529800,BMRI.JK
2020-10-01,1777.0225830078125,2600.0,2600.0,2490.0,2500.0,78954200,BMRI.JK
2020-10-02,1777.0225830078125,2600.0,2612.5,2500.0,2587.5,99143400,BMRI.JK
2020-10-05,1828.2825927734375,2675.0,2687.5,2587.5,2625.0,74300800,BMRI.JK
2020-10-06,1879.543212890625,2750.0,2775.0,2725.0,2750.0,89104400,BMRI.JK
2020-10-07,1896.6298828125,2775.0,2775.0,2687.5,2700.0,88748600,BMRI.JK
2020-10-08,1862.4564208984375,2725.0,2787.5,2712.5,2775.0,88763400,BMRI.JK
2020-10-09,1896.6298828125,2775.0,2787.5,2725.0,2725.0,90248600,BMRI.JK
2020-10-12,1922.259765625,2812.5,2825.0,2775.0,2787.5,77947000,BMRI.JK
2020-10-13,1939.3468017578125,2837.5,2837.5,2762.5,2812.5,69863400,BMRI.JK
2020-10-14,1973.5203857421875,2887.5,2887.5,2812.5,2862.5,109787200,BMRI.JK
2020-10-15,1913.7164306640625,2800.0,2875.0,2800.0,2850.0,77289200,BMRI.JK
2020-10-16,1905.1732177734375,2787.5,2825.0,2725.0,2800.0,67817800,BMRI.JK
2020-10-19,1947.8900146484375,2850.0,2862.5,2787.5,2800.0,58936200,BMRI.JK
2020-10-20,1930.8033447265625,2825.0,2875.0,2800.0,2862.5,77213200,BMRI.JK
2020-10-21,1888.08642578125,2762.5,2862.5,2737.5,2837.5,113901800,BMRI.JK
2020-10-22,1862.4564208984375,2725.0,2775.0,2700.0,2750.0,138701400,BMRI.JK
2020-10-23,1896.6298828125,2775.0,2787.5,2737.5,2762.5,65900200,BMRI.JK
2020-10-26,1973.5203857421875,2887.5,2925.0,2812.5,2812.5,188574400,BMRI.JK
2020-10-27,1973.5203857421875,2887.5,2925.0,2850.0,2875.0,112695800,BMRI.JK
2020-11-02,2041.866943359375,2987.5,3012.5,2800.0,2837.5,216862800,BMRI.JK
2020-11-03,2050.41064453125,3000.0,3000.0,2950.0,2987.5,75963400,BMRI.JK
2020-11-04,1947.8900146484375,2850.0,3012.5,2850.0,2975.0,152817400,BMRI.JK
2020-11-05,2041.866943359375,2987.5,3000.0,2912.5,2937.5,175877400,BMRI.JK
2020-11-06,2067.49755859375,3025.0,3050.0,2962.5,2987.5,164219000,BMRI.JK
2020-11-09,2101.670654296875,3075.0,3150.0,3025.0,3125.0,122653200,BMRI.JK
2020-11-10,2178.561279296875,3187.5,3262.5,3150.0,3200.0,249588800,BMRI.JK
2020-11-11,2178.561279296875,3187.5,3250.0,3175.0,3212.5,166490200,BMRI.JK
2020-11-12,2110.214599609375,3087.5,3200.0,3050.0,3187.5,136150600,BMRI.JK
2020-11-13,2135.84423828125,3125.0,3125.0,3037.5,3050.0,122043800,BMRI.JK
2020-11-16,2118.7578125,3100.0,3225.0,3075.0,3150.0,133917600,BMRI.JK
2020-11-17,2135.84423828125,3125.0,3187.5,3100.0,3137.5,106261600,BMRI.JK
2020-11-18,2170.01806640625,3175.0,3175.0,3075.0,3075.0,124936000,BMRI.JK
2020-11-19,2161.474609375,3162.5,3175.0,3100.0,3125.0,94808200,BMRI.JK
2020-11-20,2152.930908203125,3150.0,3175.0,3125.0,3137.5,100573600,BMRI.JK
2020-11-23,2187.1044921875,3200.0,3212.5,3137.5,3150.0,106905400,BMRI.JK
2020-11-24,2195.648193359375,3212.5,3250.0,3187.5,3225.0,140929200,BMRI.JK
2020-11-25,2229.821533203125,3262.5,3325.0,3250.0,3250.0,197704000,BMRI.JK
2020-11-26,2298.16845703125,3362.5,3362.5,3275.0,3300.0,132275400,BMRI.JK
2020-11-27,2272.538330078125,3325.0,3400.0,3312.5,3387.5,124346800,BMRI.JK
2020-11-30,2161.474609375,3162.5,3312.5,3112.5,3275.0,307900800,BMRI.JK
2020-12-01,2229.821533203125,3262.5,3312.5,3162.5,3162.5,176568000,BMRI.JK
2020-12-02,2272.538330078125,3325.0,3325.0,3237.5,3262.5,114721600,BMRI.JK
2020-12-03,2246.908447265625,3287.5,3337.5,3262.5,3325.0,155342400,BMRI.JK
2020-12-04,2255.45166015625,3300.0,3300.0,3212.5,3250.0,74976000,BMRI.JK
2020-12-07,2289.625244140625,3350.0,3375.0,3312.5,3337.5,133585800,BMRI.JK
2020-12-08,2281.081787109375,3337.5,3362.5,3300.0,3337.5,70350400,BMRI.JK
2020-12-10,2323.798583984375,3400.0,3425.0,3362.5,3387.5,187847000,BMRI.JK
2020-12-11,2315.25537109375,3387.5,3437.5,3350.0,3425.0,94541800,BMRI.JK
2020-12-14,2298.16845703125,3362.5,3400.0,3337.5,3362.5,94645200,BMRI.JK
2020-12-15,2289.625244140625,3350.0,3362.5,3300.0,3350.0,135663800,BMRI.JK
2020-12-16,2315.25537109375,3387.5,3412.5,3362.5,3400.0,97361800,BMRI.JK
2020-12-17,2349.4287109375,3437.5,3437.5,3387.5,3387.5,109966000,BMRI.JK
2020-12-18,2289.625244140625,3350.0,3412.5,3350.0,3400.0,142797800,BMRI.JK
2020-12-21,2289.625244140625,3350.0,3400.0,3337.5,3387.5,83174600,BMRI.JK
2020-12-22,2187.1044921875,3200.0,3312.5,3175.0,3287.5,165929800,BMRI.JK
2020-12-23,2170.01806640625,3175.0,3300.0,3100.0,3250.0,110032400,BMRI.JK
2020-12-28,2229.821533203125,3262.5,3287.5,3150.0,3250.0,75527000,BMRI.JK
2020-12-29,2195.648193359375,3212.5,3300.0,3200.0,3287.5,57422600,BMRI.JK
2020-12-30,2161.474609375,3162.5,3262.5,3162.5,3262.5,88941400,BMRI.JK
2021-01-04,2221.2783203125,3250.0,3262.5,3112.5,3175.0,61058000,BMRI.JK
2021-01-05,2195.648193359375,3212.5,3275.0,3200.0,3275.0,69928200,BMRI.JK
2021-01-06,2195.648193359375,3212.5,3262.5,3137.5,3212.5,87109000,BMRI.JK
2021-01-07,2212.734619140625,3237.5,3262.5,3212.5,3225.0,80114200,BMRI.JK
2021-01-08,2238.364990234375,3275.0,3287.5,3225.0,3237.5,93635600,BMRI.JK
2021-01-11,2340.885498046875,3425.0,3425.0,3275.0,3287.5,212763000,BMRI.JK
2021-01-12,2375.058837890625,3475.0,3500.0,3412.5,3450.0,168626000,BMRI.JK
2021-01-13,2366.515625,3462.5,3537.5,3462.5,3525.0,107392200,BMRI.JK
2021-01-14,2340.885498046875,3425.0,3525.0,3412.5,3525.0,70295000,BMRI.JK
2021-01-15,2298.16845703125,3362.5,3462.5,3312.5,3437.5,77235600,BMRI.JK
2021-01-18,2366.515625,3462.5,3475.0,3300.0,3300.0,119006800,BMRI.JK
2021-01-19,2383.6025390625,3487.5,3512.5,3425.0,3500.0,77834600,BMRI.JK
2021-01-20,2520.29638671875,3687.5,3725.0,3500.0,3500.0,220934600,BMRI.JK
2021-01-21,2477.57958984375,3625.0,3687.5,3600.0,3687.5,82052000,BMRI.JK
2021-01-22,2460.49267578125,3600.0,3675.0,3562.5,3637.5,117367200,BMRI.JK
2021-01-25,2494.66650390625,3650.0,3650.0,3512.5,3625.0,100647600,BMRI.JK
2021-01-26,2520.29638671875,3687.5,3725.0,3625.0,3650.0,206712400,BMRI.JK
2021-01-27,2494.66650390625,3650.0,3700.0,3587.5,3700.0,171581400,BMRI.JK
2021-01-28,2409.232666015625,3525.0,3625.0,3450.0,3575.0,135745000,BMRI.JK
2021-01-29,2246.908447265625,3287.5,3612.5,3287.5,3550.0,334227600,BMRI.JK
2021-02-01,2289.625244140625,3350.0,3362.5,3100.0,3325.0,242540200,BMRI.JK
2021-02-02,2212.734619140625,3237.5,3400.0,3200.0,3400.0,160482800,BMRI.JK
2021-02-03,2221.2783203125,3250.0,3325.0,3225.0,3300.0,167044600,BMRI.JK
2021-02-04,2246.908447265625,3287.5,3337.5,3225.0,3287.5,139040400,BMRI.JK
2021-02-05,2238.364990234375,3275.0,3350.0,3225.0,3350.0,97199600,BMRI.JK
2021-02-08,2246.908447265625,3287.5,3337.5,3275.0,3300.0,125050800,BMRI.JK
2021-02-09,2221.2783203125,3250.0,3350.0,3225.0,3300.0,208380400,BMRI.JK
2021-02-10,2221.2783203125,3250.0,3287.5,3237.5,3287.5,102693600,BMRI.JK
2021-02-11,2221.2783203125,3250.0,3275.0,3250.0,3275.0,35879400,BMRI.JK
2021-02-15,2221.2783203125,3250.0,3287.5,3250.0,3275.0,48995200,BMRI.JK
2021-02-16,2212.734619140625,3237.5,3275.0,3225.0,3250.0,63202000,BMRI.JK
2021-02-17,2170.01806640625,3175.0,3237.5,3150.0,3225.0,117413600,BMRI.JK
2021-02-18,2135.84423828125,3125.0,3200.0,3112.5,3125.0,113989000,BMRI.JK
2021-02-19,2178.561279296875,3187.5,3200.0,3100.0,3125.0,102020400,BMRI.JK
2021-02-22,2178.561279296875,3187.5,3250.0,3187.5,3225.0,107680600,BMRI.JK
2021-02-23,2161.474609375,3162.5,3187.5,3150.0,3150.0,89107800,BMRI.JK
2021-02-24,2178.561279296875,3187.5,3200.0,3162.5,3175.0,82498600,BMRI.JK
2021-02-25,2144.387939453125,3137.5,3237.5,3137.5,3212.5,133614800,BMRI.JK
2021-02-26,2101.670654296875,3075.0,3162.5,3050.0,3087.5,246190600,BMRI.JK
2021-03-01,2246.908447265625,3287.5,3300.0,3112.5,3112.5,220785400,BMRI.JK
2021-03-02,2255.45166015625,3300.0,3325.0,3250.0,3325.0,163296600,BMRI.JK
2021-03-03,2255.45166015625,3300.0,3337.5,3262.5,3337.5,78532200,BMRI.JK
2021-03-04,2238.364990234375,3275.0,3325.0,3262.5,3312.5,120612600,BMRI.JK
2021-03-05,2212.734619140625,3237.5,3287.5,3225.0,3262.5,87239000,BMRI.JK
2021-03-08,2195.648193359375,3212.5,3287.5,3187.5,3275.0,54098000,BMRI.JK
2021-03-09,2195.648193359375,3212.5,3262.5,3187.5,3187.5,111838800,BMRI.JK
2021-03-10,2221.2783203125,3250.0,3250.0,3225.0,3250.0,51903000,BMRI.JK
2021-03-12,2298.16845703125,3362.5,3375.0,3275.0,3275.0,159202400,BMRI.JK
2021-03-15,2272.538330078125,3325.0,3387.5,3312.5,3387.5,79922400,BMRI.JK
2021-03-16,2238.364990234375,3275.0,3362.5,3250.0,3325.0,112248400,BMRI.JK
2021-03-17,2229.821533203125,3262.5,3325.0,3262.5,3300.0,50841200,BMRI.JK
2021-03-18,2323.798583984375,3400.0,3425.0,3312.5,3312.5,152427600,BMRI.JK
2021-03-19,2315.25537109375,3387.5,3400.0,3350.0,3400.0,150713800,BMRI.JK
2021-03-22,2263.9951171875,3312.5,3412.5,3312.5,3375.0,115979200,BMRI.JK
2021-03-23,2281.081787109375,3337.5,3375.0,3312.5,3375.0,97289600,BMRI.JK
2021-03-24,2270.576171875,3212.5,3262.5,3200.0,3250.0,115254200,BMRI.JK
2021-03-25,2261.740966796875,3200.0,3237.5,3162.5,3225.0,71666600,BMRI.JK
2021-03-26,2270.576171875,3212.5,3237.5,3175.0,3225.0,84478000,BMRI.JK
2021-03-29,2252.906005859375,3187.5,3250.0,3187.5,3200.0,79520400,BMRI.JK
2021-03-30,2235.236328125,3162.5,3212.5,3137.5,3200.0,41180600,BMRI.JK
2021-03-31,2173.3916015625,3075.0,3162.5,3062.5,3125.0,159155800,BMRI.JK
2021-04-01,2191.0615234375,3100.0,3162.5,3075.0,3125.0,77715200,BMRI.JK
2021-04-05,2199.896484375,3112.5,3150.0,3100.0,3150.0,39468400,BMRI.JK
2021-04-06,2217.566162109375,3137.5,3150.0,3075.0,3112.5,29650600,BMRI.JK
2021-04-07,2235.236328125,3162.5,3162.5,3125.0,3150.0,46420200,BMRI.JK
2021-04-08,2217.566162109375,3137.5,3187.5,3100.0,3125.0,88449600,BMRI.JK
2021-04-09,2288.245849609375,3237.5,3275.0,3162.5,3187.5,126420200,BMRI.JK
2021-04-12,2226.401123046875,3150.0,3250.0,3137.5,3212.5,48429000,BMRI.JK
2021-04-13,2226.401123046875,3150.0,3175.0,3100.0,3100.0,76327000,BMRI.JK
2021-04-14,2235.236328125,3162.5,3200.0,3125.0,3175.0,80914000,BMRI.JK
2021-04-15,2226.401123046875,3150.0,3200.0,3112.5,3200.0,68337400,BMRI.JK
2021-04-16,2226.401123046875,3150.0,3175.0,3125.0,3175.0,63194400,BMRI.JK
2021-04-19,2199.896484375,3112.5,3137.5,3100.0,3125.0,43598600,BMRI.JK
2021-04-20,2191.0615234375,3100.0,3125.0,3087.5,3100.0,63882600,BMRI.JK
2021-04-21,2164.556884765625,3062.5,3087.5,3062.5,3075.0,65425600,BMRI.JK
2021-04-22,2164.556884765625,3062.5,3112.5,3050.0,3087.5,71452000,BMRI.JK
2021-04-23,2173.3916015625,3075.0,3075.0,3012.5,3025.0,104928400,BMRI.JK
2021-04-26,2111.54736328125,2987.5,3062.5,2975.0,3050.0,115305000,BMRI.JK
2021-04-27,2138.05224609375,3025.0,3037.5,2975.0,2987.5,96850800,BMRI.JK
2021-04-28,2191.0615234375,3100.0,3137.5,3050.0,3050.0,161162600,BMRI.JK
2021-04-29,2199.896484375,3112.5,3137.5,3075.0,3112.5,82870600,BMRI.JK
2021-04-30,2182.226806640625,3087.5,3125.0,3062.5,3112.5,69941600,BMRI.JK
2021-05-03,2138.05224609375,3025.0,3075.0,3000.0,3050.0,65334000,BMRI.JK
2021-05-04,2155.721923828125,3050.0,3050.0,2987.5,3025.0,56355200,BMRI.JK
2021-05-05,2138.05224609375,3025.0,3075.0,3025.0,3075.0,45851800,BMRI.JK
2021-05-06,2146.886962890625,3037.5,3062.5,3012.5,3062.5,37091000,BMRI.JK
2021-05-07,2102.71240234375,2975.0,3062.5,2975.0,3062.5,65331800,BMRI.JK
2021-05-10,2111.54736328125,2987.5,3012.5,2975.0,3012.5,35481400,BMRI.JK
2021-05-11,2085.042724609375,2950.0,3000.0,2925.0,3000.0,69381800,BMRI.JK
2021-05-17,2093.877197265625,2962.5,3000.0,2937.5,2987.5,95099800,BMRI.JK
2021-05-18,2085.042724609375,2950.0,3000.0,2912.5,2987.5,73965200,BMRI.JK
2021-05-19,2005.5283203125,2837.5,2925.0,2812.5,2900.0,98436000,BMRI.JK
2021-05-20,1996.6932373046875,2825.0,2875.0,2800.0,2825.0,69610000,BMRI.JK
2021-05-21,2058.537841796875,2912.5,2950.0,2837.5,2862.5,140453000,BMRI.JK
2021-05-24,2032.032958984375,2875.0,2937.5,2875.0,2937.5,54897600,BMRI.JK
2021-05-25,2085.042724609375,2950.0,2975.0,2887.5,2887.5,90594400,BMRI.JK
2021-05-27,2032.032958984375,2875.0,3000.0,2875.0,3000.0,353889800,BMRI.JK
2021-05-28,2049.702880859375,2900.0,2950.0,2887.5,2912.5,78305800,BMRI.JK
2021-05-31,2120.382080078125,3000.0,3050.0,2912.5,2937.5,96660000,BMRI.JK
2021-06-02,2155.721923828125,3050.0,3100.0,3037.5,3075.0,157335600,BMRI.JK
2021-06-03,2208.7314453125,3125.0,3137.5,3062.5,3087.5,86426400,BMRI.JK
2021-06-04,2164.556884765625,3062.5,3162.5,3062.5,3125.0,76307800,BMRI.JK
2021-06-07,2164.556884765625,3062.5,3100.0,3037.5,3100.0,42514400,BMRI.JK
2021-06-08,2120.382080078125,3000.0,3075.0,3000.0,3075.0,57084000,BMRI.JK
2021-06-09,2173.3916015625,3075.0,3087.5,3000.0,3037.5,47078600,BMRI.JK
2021-06-10,2191.0615234375,3100.0,3125.0,3062.5,3087.5,43543600,BMRI.JK
2021-06-11,2217.566162109375,3137.5,3150.0,3112.5,3137.5,77757800,BMRI.JK
2021-06-14,2217.566162109375,3137.5,3150.0,3112.5,3150.0,50043400,BMRI.JK
2021-06-15,2235.236328125,3162.5,3162.5,3112.5,3150.0,107187800,BMRI.JK
2021-06-16,2217.566162109375,3137.5,3175.0,3100.0,3162.5,90051600,BMRI.JK
2021-06-17,2191.0615234375,3100.0,3137.5,3100.0,3125.0,146517200,BMRI.JK
2021-06-18,2191.0615234375,3100.0,3100.0,2975.0,3087.5,201335400,BMRI.JK
2021-06-21,2129.217041015625,3012.5,3050.0,2975.0,3050.0,138949200,BMRI.JK
2021-06-22,2182.226806640625,3087.5,3125.0,3012.5,3037.5,96680600,BMRI.JK
2021-06-23,2129.217041015625,3012.5,3112.5,3012.5,3112.5,66074200,BMRI.JK
2021-06-24,2111.54736328125,2987.5,3050.0,2987.5,3050.0,52248000,BMRI.JK
2021-06-25,2085.042724609375,2950.0,3012.5,2950.0,3000.0,61052000,BMRI.JK
2021-06-28,2014.363037109375,2850.0,2950.0,2837.5,2912.5,127109000,BMRI.JK
2021-06-29,2040.867919921875,2887.5,2925.0,2850.0,2925.0,96970800,BMRI.JK
2021-06-30,2085.042724609375,2950.0,2975.0,2900.0,2925.0,146560200,BMRI.JK
2021-07-01,2111.54736328125,2987.5,3000.0,2950.0,2975.0,87385400,BMRI.JK
2021-07-02,2102.71240234375,2975.0,3012.5,2962.5,2987.5,80422400,BMRI.JK
2021-07-05,2067.37255859375,2925.0,2987.5,2900.0,2987.5,29242400,BMRI.JK
2021-07-06,2040.867919921875,2887.5,2950.0,2875.0,2950.0,56066200,BMRI.JK
2021-07-07,2032.032958984375,2875.0,2912.5,2837.5,2887.5,96691000,BMRI.JK
2021-07-08,2085.042724609375,2950.0,2950.0,2875.0,2925.0,81459000,BMRI.JK
2021-07-09,2040.867919921875,2887.5,2950.0,2887.5,2950.0,50822400,BMRI.JK
2021-07-12,2049.702880859375,2900.0,2937.5,2887.5,2937.5,39692600,BMRI.JK
2021-07-13,2040.867919921875,2887.5,2950.0,2887.5,2925.0,65117000,BMRI.JK
2021-07-14,2014.363037109375,2850.0,2912.5,2825.0,2900.0,59225200,BMRI.JK
2021-07-15,2076.207763671875,2937.5,2950.0,2837.5,2862.5,94438400,BMRI.JK
2021-07-16,2076.207763671875,2937.5,2950.0,2912.5,2937.5,39567600,BMRI.JK
2021-07-19,2032.032958984375,2875.0,2925.0,2875.0,2900.0,31460200,BMRI.JK
2021-07-21,2093.877197265625,2962.5,2975.0,2900.0,2912.5,87100200,BMRI.JK
2021-07-22,2138.05224609375,3025.0,3050.0,2975.0,2987.5,55171400,BMRI.JK
2021-07-23,2111.54736328125,2987.5,3025.0,2975.0,3000.0,37457600,BMRI.JK
2021-07-26,2049.702880859375,2900.0,3000.0,2900.0,2987.5,77160200,BMRI.JK
2021-07-27,2058.537841796875,2912.5,2950.0,2875.0,2925.0,79279400,BMRI.JK
2021-07-28,2085.042724609375,2950.0,2950.0,2875.0,2875.0,41266000,BMRI.JK
2021-07-29,2032.032958984375,2875.0,2950.0,2875.0,2950.0,68168400,BMRI.JK
2021-07-30,2014.363037109375,2850.0,2912.5,2850.0,2912.5,92132400,BMRI.JK
2021-08-02,2005.5283203125,2837.5,2887.5,2812.5,2887.5,68571000,BMRI.JK
2021-08-03,2040.867919921875,2887.5,2900.0,2825.0,2850.0,70957400,BMRI.JK
2021-08-04,2058.537841796875,2912.5,2950.0,2887.5,2912.5,67410400,BMRI.JK
2021-08-05,2138.05224609375,3025.0,3037.5,2925.0,2937.5,140254000,BMRI.JK
2021-08-06,2111.54736328125,2987.5,3050.0,2975.0,3037.5,63682000,BMRI.JK
2021-08-09,2049.702880859375,2900.0,3012.5,2900.0,3000.0,50317400,BMRI.JK
2021-08-10,2049.702880859375,2900.0,2937.5,2887.5,2900.0,54893400,BMRI.JK
2021-08-12,2093.877197265625,2962.5,2975.0,2912.5,2937.5,51328800,BMRI.JK
2021-08-13,2120.382080078125,3000.0,3025.0,2950.0,2987.5,41771600,BMRI.JK
2021-08-16,2111.54736328125,2987.5,3025.0,2925.0,3000.0,53074000,BMRI.JK
2021-08-18,2138.05224609375,3025.0,3087.5,2962.5,3000.0,141229400,BMRI.JK
2021-08-19,2067.37255859375,2925.0,3050.0,2900.0,3050.0,101976800,BMRI.JK
2021-08-20,2085.042724609375,2950.0,2975.0,2900.0,2950.0,62841600,BMRI.JK
2021-08-23,2111.54736328125,2987.5,3000.0,2950.0,2950.0,46346200,BMRI.JK
2021-08-24,2058.537841796875,2912.5,2987.5,2900.0,2975.0,85217600,BMRI.JK
2021-08-25,2102.71240234375,2975.0,2987.5,2925.0,2937.5,60726800,BMRI.JK
2021-08-26,2058.537841796875,2912.5,2962.5,2912.5,2925.0,55050200,BMRI.JK
2021-08-27,2049.702880859375,2900.0,2937.5,2887.5,2912.5,35765000,BMRI.JK
2021-08-30,2102.71240234375,2975.0,2975.0,2912.5,2925.0,65062000,BMRI.JK
2021-08-31,2155.721923828125,3050.0,3050.0,2975.0,3000.0,135700400,BMRI.JK
2021-09-01,2120.382080078125,3000.0,3050.0,3000.0,3050.0,70082000,BMRI.JK
2021-09-02,2138.05224609375,3025.0,3050.0,2987.5,3025.0,51554400,BMRI.JK
2021-09-03,2164.556884765625,3062.5,3075.0,3000.0,3050.0,50760000,BMRI.JK
2021-09-06,2191.0615234375,3100.0,3162.5,3062.5,3100.0,51684400,BMRI.JK
2021-09-07,2208.7314453125,3125.0,3175.0,3112.5,3125.0,70448400,BMRI.JK
2021-09-08,2208.7314453125,3125.0,3150.0,3062.5,3150.0,84660600,BMRI.JK
2021-09-09,2244.0712890625,3175.0,3175.0,3062.5,3150.0,93331600,BMRI.JK
2021-09-10,2191.0615234375,3100.0,3150.0,3087.5,3137.5,107576800,BMRI.JK
2021-09-13,2173.3916015625,3075.0,3112.5,3025.0,3050.0,104806600,BMRI.JK
2021-09-14,2155.721923828125,3050.0,3100.0,3037.5,3075.0,84931400,BMRI.JK
2021-09-15,2164.556884765625,3062.5,3100.0,3050.0,3087.5,135497800,BMRI.JK
2021-09-16,2173.3916015625,3075.0,3100.0,3062.5,3087.5,61344200,BMRI.JK
2021-09-17,2138.05224609375,3025.0,3075.0,3025.0,3062.5,82452800,BMRI.JK
2021-09-20,2129.217041015625,3012.5,3037.5,2962.5,3012.5,57569200,BMRI.JK
2021-09-21,2111.54736328125,2987.5,3012.5,2962.5,3012.5,45153400,BMRI.JK
2021-09-22,2146.886962890625,3037.5,3050.0,2975.0,2987.5,26711200,BMRI.JK
2021-09-23,2146.886962890625,3037.5,3062.5,3012.5,3062.5,40606000,BMRI.JK
2021-09-24,2111.54736328125,2987.5,3050.0,2962.5,3037.5,50278400,BMRI.JK
2021-09-27,2085.042724609375,2950.0,3012.5,2950.0,3000.0,68500800,BMRI.JK
2021-09-28,2102.71240234375,2975.0,3012.5,2950.0,2975.0,64652200,BMRI.JK
2021-09-29,2120.382080078125,3000.0,3025.0,2962.5,2975.0,56467400,BMRI.JK
2021-09-30,2173.3916015625,3075.0,3075.0,3000.0,3025.0,82812000,BMRI.JK
2021-10-01,2155.721923828125,3050.0,3100.0,3025.0,3075.0,74975400,BMRI.JK
2021-10-04,2288.245849609375,3237.5,3250.0,3075.0,3087.5,156691600,BMRI.JK
2021-10-05,2270.576171875,3212.5,3275.0,3187.5,3225.0,94886200,BMRI.JK
2021-10-06,2332.42041015625,3300.0,3337.5,3225.0,3237.5,168775800,BMRI.JK
2021-10-07,2367.76025390625,3350.0,3412.5,3312.5,3325.0,253196600,BMRI.JK
2021-10-08,2438.439453125,3450.0,3487.5,3362.5,3362.5,223592000,BMRI.JK
2021-10-11,2438.439453125,3450.0,3462.5,3400.0,3450.0,123020200,BMRI.JK
2021-10-12,2473.779296875,3500.0,3525.0,3462.5,3487.5,191044200,BMRI.JK
2021-10-13,2509.118896484375,3550.0,3550.0,3475.0,3537.5,134998000,BMRI.JK
2021-10-14,2535.623291015625,3587.5,3587.5,3525.0,3562.5,104307800,BMRI.JK
2021-10-15,2526.788818359375,3575.0,3600.0,3537.5,3587.5,84353000,BMRI.JK
2021-10-18,2535.623291015625,3587.5,3662.5,3575.0,3600.0,152951600,BMRI.JK
2021-10-19,2544.458740234375,3600.0,3625.0,3525.0,3625.0,99358000,BMRI.JK
2021-10-21,2535.623291015625,3587.5,3662.5,3562.5,3587.5,189264000,BMRI.JK
2021-10-22,2544.458740234375,3600.0,3612.5,3537.5,3550.0,65782600,BMRI.JK
2021-10-25,2517.953857421875,3562.5,3625.0,3562.5,3587.5,76296200,BMRI.JK
2021-10-26,2535.623291015625,3587.5,3600.0,3550.0,3550.0,55872800,BMRI.JK
2021-10-27,2526.788818359375,3575.0,3612.5,3562.5,3600.0,82925200,BMRI.JK
2021-10-28,2482.6142578125,3512.5,3575.0,3500.0,3562.5,99023600,BMRI.JK
2021-10-29,2535.623291015625,3587.5,3650.0,3575.0,3587.5,160952400,BMRI.JK
2021-11-01,2535.623291015625,3587.5,3625.0,3575.0,3625.0,65621400,BMRI.JK
2021-11-02,2482.6142578125,3512.5,3600.0,3500.0,3587.5,51923400,BMRI.JK
2021-11-03,2517.953857421875,3562.5,3625.0,3462.5,3487.5,107556600,BMRI.JK
2021-11-04,2535.623291015625,3587.5,3650.0,3587.5,3625.0,103726400,BMRI.JK
2021-11-05,2509.118896484375,3550.0,3625.0,3500.0,3625.0,48035600,BMRI.JK
2021-11-08,2473.779296875,3500.0,3600.0,3500.0,3600.0,50517400,BMRI.JK
2021-11-09,2429.604736328125,3437.5,3550.0,3425.0,3525.0,120574200,BMRI.JK
2021-11-10,2526.788818359375,3575.0,3575.0,3437.5,3437.5,156118000,BMRI.JK
2021-11-11,2553.293701171875,3612.5,3612.5,3512.5,3562.5,86362400,BMRI.JK
2021-11-12,2509.118896484375,3550.0,3637.5,3525.0,3637.5,56807000,BMRI.JK
2021-11-15,2491.44921875,3525.0,3575.0,3525.0,3550.0,40131000,BMRI.JK
2021-11-16,2553.293701171875,3612.5,3612.5,3512.5,3525.0,76140200,BMRI.JK
2021-11-17,2553.293701171875,3612.5,3625.0,3575.0,3612.5,72789600,BMRI.JK
2021-11-18,2535.623291015625,3587.5,3612.5,3575.0,3600.0,30911600,BMRI.JK
2021-11-19,2562.128662109375,3625.0,3650.0,3575.0,3587.5,101125800,BMRI.JK
2021-11-22,2597.46826171875,3675.0,3750.0,3612.5,3675.0,92374400,BMRI.JK
2021-11-23,2526.788818359375,3575.0,3637.5,3550.0,3612.5,63127600,BMRI.JK
2021-11-24,2526.788818359375,3575.0,3587.5,3550.0,3562.5,56217000,BMRI.JK
2021-11-25,2597.46826171875,3675.0,3687.5,3587.5,3612.5,97473400,BMRI.JK
2021-11-26,2509.118896484375,3550.0,3662.5,3537.5,3662.5,78633400,BMRI.JK
2021-11-29,2535.623291015625,3587.5,3637.5,3462.5,3550.0,112673000,BMRI.JK
2021-11-30,2473.779296875,3500.0,3625.0,3475.0,3625.0,219340400,BMRI.JK
2021-12-01,2500.2841796875,3537.5,3562.5,3475.0,3500.0,93119800,BMRI.JK
2021-12-02,2544.458740234375,3600.0,3625.0,3500.0,3537.5,70416400,BMRI.JK
2021-12-03,2526.788818359375,3575.0,3612.5,3550.0,3600.0,46109400,BMRI.JK
2021-12-06,2535.623291015625,3587.5,3625.0,3550.0,3575.0,52050400,BMRI.JK
2021-12-07,2579.798095703125,3650.0,3650.0,3587.5,3587.5,64289400,BMRI.JK
2021-12-08,2526.788818359375,3575.0,3650.0,3575.0,3637.5,56064200,BMRI.JK
2021-12-09,2597.46826171875,3675.0,3675.0,3562.5,3625.0,42688600,BMRI.JK
2021-12-10,2544.458740234375,3600.0,3612.5,3550.0,3600.0,93532200,BMRI.JK
2021-12-13,2517.953857421875,3562.5,3612.5,3562.5,3600.0,50091200,BMRI.JK
2021-12-14,2535.623291015625,3587.5,3600.0,3550.0,3562.5,65061400,BMRI.JK
2021-12-15,2570.963623046875,3637.5,3662.5,3562.5,3575.0,75677400,BMRI.JK
2021-12-16,2562.128662109375,3625.0,3662.5,3600.0,3650.0,69082400,BMRI.JK
2021-12-17,2526.788818359375,3575.0,3612.5,3537.5,3612.5,83945200,BMRI.JK
2021-12-20,2500.2841796875,3537.5,3575.0,3537.5,3550.0,57932600,BMRI.JK
2021-12-21,2526.788818359375,3575.0,3625.0,3550.0,3575.0,49859600,BMRI.JK
2021-12-22,2491.44921875,3525.0,3600.0,3525.0,3587.5,34814400,BMRI.JK
2021-12-23,2500.2841796875,3537.5,3575.0,3525.0,3525.0,44565000,BMRI.JK
2021-12-24,2491.44921875,3525.0,3575.0,3475.0,3550.0,54902200,BMRI.JK
2021-12-27,2473.779296875,3500.0,3550.0,3487.5,3525.0,34096400,BMRI.JK
2021-12-28,2491.44921875,3525.0,3525.0,3487.5,3525.0,39835400,BMRI.JK
2021-12-29,2509.118896484375,3550.0,3562.5,3500.0,3537.5,20860200,BMRI.JK
2021-12-30,2482.6142578125,3512.5,3562.5,3512.5,3550.0,34951600,BMRI.JK
2022-01-03,2491.44921875,3525.0,3562.5,3512.5,3550.0,30999600,BMRI.JK
2022-01-04,2535.623291015625,3587.5,3600.0,3525.0,3537.5,44541400,BMRI.JK
2022-01-05,2482.6142578125,3512.5,3587.5,3462.5,3575.0,98910200,BMRI.JK
2022-01-06,2482.6142578125,3512.5,3537.5,3475.0,3537.5,65651200,BMRI.JK
2022-01-07,2491.44921875,3525.0,3550.0,3512.5,3512.5,68452800,BMRI.JK
2022-01-10,2491.44921875,3525.0,3550.0,3525.0,3537.5,44378600,BMRI.JK
2022-01-11,2491.44921875,3525.0,3550.0,3500.0,3550.0,50367600,BMRI.JK
2022-01-12,2526.788818359375,3575.0,3575.0,3525.0,3525.0,34249200,BMRI.JK
2022-01-13,2517.953857421875,3562.5,3587.5,3550.0,3575.0,35763800,BMRI.JK
2022-01-14,2535.623291015625,3587.5,3612.5,3537.5,3537.5,43651400,BMRI.JK
2022-01-17,2544.458740234375,3600.0,3637.5,3575.0,3625.0,43188000,BMRI.JK
2022-01-18,2562.128662109375,3625.0,3625.0,3550.0,3587.5,64484800,BMRI.JK
2022-01-19,2482.6142578125,3512.5,3600.0,3500.0,3587.5,103093600,BMRI.JK
2022-01-20,2535.623291015625,3587.5,3587.5,3512.5,3550.0,53067000,BMRI.JK
2022-01-21,2579.798095703125,3650.0,3650.0,3562.5,3587.5,76806800,BMRI.JK
2022-01-24,2570.963623046875,3637.5,3637.5,3600.0,3637.5,44476800,BMRI.JK
2022-01-25,2553.293701171875,3612.5,3625.0,3575.0,3600.0,69268000,BMRI.JK
2022-01-26,2641.642822265625,3737.5,3737.5,3612.5,3650.0,140636400,BMRI.JK
2022-01-27,2668.1474609375,3775.0,3800.0,3700.0,3737.5,113618000,BMRI.JK
2022-01-28,2703.487548828125,3825.0,3825.0,3775.0,3812.5,121145200,BMRI.JK
2022-01-31,2641.642822265625,3737.5,3887.5,3725.0,3887.5,101700800,BMRI.JK
2022-02-02,2641.642822265625,3737.5,3762.5,3725.0,3762.5,68769000,BMRI.JK
2022-02-03,2641.642822265625,3737.5,3737.5,3675.0,3737.5,60204000,BMRI.JK
2022-02-04,2641.642822265625,3737.5,3762.5,3700.0,3725.0,36629400,BMRI.JK
2022-02-07,2650.47802734375,3750.0,3825.0,3737.5,3825.0,68867800,BMRI.JK
2022-02-08,2694.65234375,3812.5,3862.5,3775.0,3800.0,158581800,BMRI.JK
2022-02-09,2712.322021484375,3837.5,3862.5,3800.0,3850.0,107360800,BMRI.JK
2022-02-10,2729.9921875,3862.5,3875.0,3825.0,3850.0,107679400,BMRI.JK
2022-02-11,2729.9921875,3862.5,3887.5,3825.0,3887.5,81582600,BMRI.JK
2022-02-14,2756.496826171875,3900.0,3900.0,3812.5,3850.0,76263200,BMRI.JK
2022-02-15,2791.83642578125,3950.0,3950.0,3837.5,3900.0,67804400,BMRI.JK
2022-02-16,2774.166748046875,3925.0,3962.5,3875.0,3962.5,74785000,BMRI.JK
2022-02-17,2774.166748046875,3925.0,3937.5,3837.5,3937.5,103038800,BMRI.JK
2022-02-18,2774.166748046875,3925.0,3975.0,3875.0,3912.5,81303200,BMRI.JK
2022-02-21,2774.166748046875,3925.0,3962.5,3925.0,3925.0,31720800,BMRI.JK
2022-02-22,2783.001953125,3937.5,3950.0,3887.5,3912.5,69476600,BMRI.JK
2022-02-23,2783.001953125,3937.5,3975.0,3912.5,3962.5,85991000,BMRI.JK
2022-02-24,2721.1572265625,3850.0,3937.5,3825.0,3862.5,170297000,BMRI.JK
2022-02-25,2721.1572265625,3850.0,3875.0,3825.0,3862.5,163299800,BMRI.JK
2022-03-01,2703.487548828125,3825.0,3925.0,3825.0,3837.5,149532200,BMRI.JK
2022-03-02,2694.65234375,3812.5,3862.5,3775.0,3825.0,110824000,BMRI.JK
2022-03-04,2703.487548828125,3825.0,3862.5,3800.0,3850.0,104914600,BMRI.JK
2022-03-07,2668.1474609375,3775.0,3812.5,3750.0,3775.0,137667600,BMRI.JK
2022-03-08,2668.1474609375,3775.0,3850.0,3775.0,3812.5,104072200,BMRI.JK
2022-03-09,2694.65234375,3812.5,3862.5,3787.5,3787.5,115109200,BMRI.JK
2022-03-10,2712.322021484375,3837.5,3875.0,3800.0,3850.0,105803000,BMRI.JK
2022-03-11,2703.487548828125,3825.0,3862.5,3800.0,3862.5,122401600,BMRI.JK
2022-03-14,2738.826904296875,3875.0,3912.5,3812.5,3825.0,173513400,BMRI.JK
2022-03-15,2747.662109375,3887.5,3937.5,3887.5,3900.0,146735400,BMRI.JK
2022-03-16,2809.50634765625,3975.0,4025.0,3900.0,3900.0,291909800,BMRI.JK
2022-03-17,2809.50634765625,3975.0,4050.0,3975.0,4000.0,235559000,BMRI.JK
2022-03-18,2800.67138671875,3962.5,4000.0,3937.5,3987.5,212233400,BMRI.JK
2022-03-21,2832.3779296875,3825.0,3862.5,3800.0,3837.5,162364400,BMRI.JK
2022-03-22,2841.633544921875,3837.5,3875.0,3825.0,3850.0,112672400,BMRI.JK
2022-03-23,2878.658447265625,3887.5,3900.0,3825.0,3837.5,183894800,BMRI.JK
2022-03-24,2934.195068359375,3962.5,3962.5,3850.0,3850.0,210909800,BMRI.JK
2022-03-25,2906.4267578125,3925.0,3987.5,3887.5,3975.0,136083000,BMRI.JK
2022-03-28,2915.68310546875,3937.5,3950.0,3900.0,3937.5,95354400,BMRI.JK
2022-03-29,2934.195068359375,3962.5,4012.5,3937.5,3987.5,160112200,BMRI.JK
2022-03-30,2915.68310546875,3937.5,3987.5,3925.0,3975.0,82476000,BMRI.JK
2022-03-31,2924.93896484375,3950.0,3987.5,3925.0,3962.5,69174000,BMRI.JK
2022-04-01,2915.68310546875,3937.5,3950.0,3887.5,3950.0,62912400,BMRI.JK
2022-04-04,2897.17041015625,3912.5,3950.0,3887.5,3912.5,82013800,BMRI.JK
2022-04-05,2897.17041015625,3912.5,3937.5,3900.0,3900.0,82378200,BMRI.JK
2022-04-06,2841.633544921875,3837.5,3900.0,3825.0,3900.0,129476400,BMRI.JK
2022-04-07,2850.889892578125,3850.0,3887.5,3812.5,3837.5,136162800,BMRI.JK
2022-04-08,2850.889892578125,3850.0,3900.0,3837.5,3900.0,94622400,BMRI.JK
2022-04-11,2841.633544921875,3837.5,3875.0,3825.0,3850.0,107966400,BMRI.JK
2022-04-12,2850.889892578125,3850.0,3875.0,3812.5,3837.5,92691200,BMRI.JK
2022-04-13,2860.146240234375,3862.5,3875.0,3825.0,3837.5,90558600,BMRI.JK
2022-04-14,2841.633544921875,3837.5,3875.0,3825.0,3862.5,63275600,BMRI.JK
2022-04-18,2823.12158203125,3812.5,3862.5,3787.5,3837.5,101496000,BMRI.JK
2022-04-19,2804.609130859375,3787.5,3837.5,3787.5,3812.5,104508400,BMRI.JK
2022-04-20,2906.4267578125,3925.0,3950.0,3812.5,3825.0,164354800,BMRI.JK
2022-04-21,3073.037109375,4150.0,4200.0,3962.5,4000.0,337363200,BMRI.JK
2022-04-22,3063.78125,4137.5,4162.5,4037.5,4100.0,168301800,BMRI.JK
2022-04-25,3045.268798828125,4112.5,4225.0,4012.5,4100.0,179082600,BMRI.JK
2022-04-26,3091.54931640625,4175.0,4212.5,4112.5,4125.0,131930600,BMRI.JK
2022-04-27,3045.268798828125,4112.5,4212.5,4112.5,4137.5,118272800,BMRI.JK
2022-04-28,3313.696533203125,4475.0,4537.5,4337.5,4387.5,443163800,BMRI.JK
2022-05-09,3082.293212890625,4162.5,4337.5,4162.5,4312.5,351637800,BMRI.JK
2022-05-10,2998.98828125,4050.0,4087.5,3912.5,3912.5,498444800,BMRI.JK
2022-05-11,2961.9638671875,4000.0,4100.0,4000.0,4050.0,198922600,BMRI.JK
2022-05-12,2915.68310546875,3937.5,4025.0,3862.5,3987.5,162727200,BMRI.JK
2022-05-13,2887.914306640625,3900.0,3950.0,3875.0,3937.5,165507800,BMRI.JK
2022-05-17,2906.4267578125,3925.0,4000.0,3900.0,3900.0,149548800,BMRI.JK
2022-05-18,2924.93896484375,3950.0,4012.5,3900.0,3987.5,162519200,BMRI.JK
2022-05-19,2924.93896484375,3950.0,3962.5,3875.0,3900.0,127740400,BMRI.JK
2022-05-20,2961.9638671875,4000.0,4025.0,3975.0,3975.0,106866400,BMRI.JK
2022-05-23,2915.68310546875,3937.5,4037.5,3900.0,4025.0,144005200,BMRI.JK
2022-05-24,2934.195068359375,3962.5,4025.0,3950.0,3975.0,134555000,BMRI.JK
2022-05-25,2906.4267578125,3925.0,4025.0,3912.5,3950.0,132635400,BMRI.JK
2022-05-27,2998.98828125,4050.0,4062.5,3975.0,4000.0,155078600,BMRI.JK
2022-05-30,3036.012451171875,4100.0,4100.0,4000.0,4100.0,117617200,BMRI.JK
2022-05-31,3147.08642578125,4250.0,4250.0,4112.5,4137.5,262054000,BMRI.JK
2022-06-02,3036.012451171875,4100.0,4175.0,4025.0,4162.5,203021800,BMRI.JK
2022-06-03,3036.012451171875,4100.0,4150.0,4100.0,4137.5,147960000,BMRI.JK
2022-06-06,3017.50048828125,4075.0,4175.0,4012.5,4100.0,148785000,BMRI.JK
2022-06-07,3073.037109375,4150.0,4175.0,4075.0,4100.0,132673800,BMRI.JK
2022-06-08,3110.061767578125,4200.0,4212.5,4075.0,4112.5,153409200,BMRI.JK
2022-06-09,3119.31787109375,4212.5,4250.0,4175.0,4200.0,216804400,BMRI.JK
2022-06-10,3026.756591796875,4087.5,4162.5,4075.0,4137.5,165119600,BMRI.JK
2022-06-13,2998.98828125,4050.0,4050.0,3975.0,4000.0,122467200,BMRI.JK
2022-06-14,3036.012451171875,4100.0,4100.0,4000.0,4000.0,100136600,BMRI.JK
2022-06-15,3073.037109375,4150.0,4162.5,4062.5,4062.5,142400800,BMRI.JK
2022-06-16,3100.8056640625,4187.5,4250.0,4150.0,4250.0,186692600,BMRI.JK
2022-06-17,2989.731689453125,4037.5,4125.0,4037.5,4087.5,156836200,BMRI.JK
2022-06-20,3054.525146484375,4125.0,4125.0,4025.0,4050.0,74978200,BMRI.JK
2022-06-21,3054.525146484375,4125.0,4175.0,4100.0,4150.0,62996600,BMRI.JK
2022-06-22,3017.50048828125,4075.0,4137.5,4062.5,4100.0,88306600,BMRI.JK
2022-06-23,3017.50048828125,4075.0,4112.5,4050.0,4075.0,48817400,BMRI.JK
2022-06-24,3073.037109375,4150.0,4150.0,4075.0,4100.0,60638400,BMRI.JK
2022-06-27,3045.268798828125,4112.5,4200.0,4037.5,4200.0,76574400,BMRI.JK
2022-06-28,3008.244140625,4062.5,4100.0,4000.0,4075.0,110131200,BMRI.JK
2022-06-29,2943.451171875,3975.0,4062.5,3975.0,4050.0,113216400,BMRI.JK
2022-06-30,2934.195068359375,3962.5,4050.0,3950.0,4000.0,125507600,BMRI.JK
2022-07-01,2813.865478515625,3800.0,3962.5,3787.5,3937.5,191672200,BMRI.JK
2022-07-04,2739.81640625,3700.0,3837.5,3637.5,3787.5,246417000,BMRI.JK
2022-07-05,2832.3779296875,3825.0,3862.5,3725.0,3725.0,90919800,BMRI.JK
2022-07-06,2786.096923828125,3762.5,3825.0,3675.0,3825.0,180812800,BMRI.JK
2022-07-07,2749.072265625,3712.5,3775.0,3712.5,3750.0,120444800,BMRI.JK
2022-07-08,2767.584716796875,3737.5,3775.0,3700.0,3775.0,57156600,BMRI.JK
2022-07-11,2767.584716796875,3737.5,3762.5,3700.0,3737.5,22860800,BMRI.JK
2022-07-12,2749.072265625,3712.5,3737.5,3687.5,3737.5,51524400,BMRI.JK
2022-07-13,2693.535888671875,3637.5,3712.5,3637.5,3700.0,142494200,BMRI.JK
2022-07-14,2693.535888671875,3637.5,3687.5,3600.0,3625.0,158438200,BMRI.JK
2022-07-15,2656.5107421875,3587.5,3700.0,3587.5,3650.0,191949400,BMRI.JK
2022-07-18,2721.30419921875,3675.0,3675.0,3612.5,3612.5,152078400,BMRI.JK
2022-07-19,2749.072265625,3712.5,3725.0,3637.5,3675.0,128963600,BMRI.JK
2022-07-20,2924.93896484375,3950.0,3975.0,3775.0,3775.0,215712600,BMRI.JK
2022-07-21,2924.93896484375,3950.0,4000.0,3862.5,4000.0,125699200,BMRI.JK
2022-07-22,2906.4267578125,3925.0,3962.5,3887.5,3962.5,54461200,BMRI.JK
2022-07-25,2878.658447265625,3887.5,3950.0,3887.5,3937.5,30750600,BMRI.JK
2022-07-26,2961.9638671875,4000.0,4012.5,3900.0,3912.5,58317600,BMRI.JK
2022-07-27,2998.98828125,4050.0,4062.5,4000.0,4025.0,87439200,BMRI.JK
2022-07-28,2980.4755859375,4025.0,4100.0,4012.5,4012.5,94427400,BMRI.JK
2022-07-29,3063.78125,4137.5,4175.0,4075.0,4112.5,132709400,BMRI.JK
2022-08-01,2952.70751953125,3987.5,4112.5,3987.5,4100.0,95909000,BMRI.JK
2022-08-02,3026.756591796875,4087.5,4087.5,3987.5,4000.0,57458200,BMRI.JK
2022-08-03,3054.525146484375,4125.0,4125.0,4025.0,4087.5,55822800,BMRI.JK
2022-08-04,3054.525146484375,4125.0,4150.0,4075.0,4150.0,75188600,BMRI.JK
2022-08-05,3054.525146484375,4125.0,4150.0,4087.5,4137.5,64150800,BMRI.JK
2022-08-08,3091.54931640625,4175.0,4175.0,4112.5,4125.0,82522000,BMRI.JK
2022-08-09,3137.830078125,4237.5,4300.0,4200.0,4212.5,117148200,BMRI.JK
2022-08-10,3184.11083984375,4300.0,4300.0,4125.0,4175.0,79950200,BMRI.JK
2022-08-11,3156.342529296875,4262.5,4337.5,4212.5,4312.5,106627400,BMRI.JK
2022-08-12,3137.830078125,4237.5,4287.5,4212.5,4262.5,62626200,BMRI.JK
2022-08-15,3128.57373046875,4225.0,4275.0,4200.0,4225.0,44464800,BMRI.JK
2022-08-16,3156.342529296875,4262.5,4325.0,4237.5,4275.0,109260400,BMRI.JK
2022-08-18,3184.11083984375,4300.0,4400.0,4287.5,4387.5,116693200,BMRI.JK
2022-08-19,3147.08642578125,4250.0,4325.0,4250.0,4300.0,48290200,BMRI.JK
2022-08-22,3156.342529296875,4262.5,4275.0,4175.0,4212.5,121399800,BMRI.JK
2022-08-23,3193.366943359375,4312.5,4337.5,4225.0,4250.0,95553400,BMRI.JK
2022-08-24,3193.366943359375,4312.5,4350.0,4275.0,4300.0,60958200,BMRI.JK
2022-08-25,3174.854736328125,4287.5,4312.5,4212.5,4275.0,77254800,BMRI.JK
2022-08-26,3147.08642578125,4250.0,4325.0,4250.0,4312.5,82356600,BMRI.JK
2022-08-29,3165.5986328125,4275.0,4300.0,4175.0,4200.0,62683800,BMRI.JK
2022-08-30,3202.623291015625,4325.0,4375.0,4287.5,4312.5,109649400,BMRI.JK
2022-08-31,3276.671875,4425.0,4425.0,4225.0,4250.0,151631600,BMRI.JK
2022-09-01,3304.440673828125,4462.5,4475.0,4337.5,4425.0,120967800,BMRI.JK
2022-09-02,3276.671875,4425.0,4500.0,4362.5,4487.5,90044600,BMRI.JK
2022-09-05,3313.696533203125,4475.0,4500.0,4400.0,4425.0,60491000,BMRI.JK
2022-09-06,3267.416015625,4412.5,4500.0,4400.0,4487.5,65296200,BMRI.JK
2022-09-07,3285.928466796875,4437.5,4437.5,4362.5,4387.5,97771400,BMRI.JK
2022-09-08,3313.696533203125,4475.0,4550.0,4412.5,4450.0,96931000,BMRI.JK
2022-09-09,3359.977294921875,4537.5,4550.0,4475.0,4537.5,128510800,BMRI.JK
2022-09-12,3397.002197265625,4587.5,4600.0,4537.5,4575.0,110819000,BMRI.JK
2022-09-13,3498.8193359375,4725.0,4750.0,4612.5,4625.0,185487800,BMRI.JK
2022-09-14,3443.282958984375,4650.0,4700.0,4600.0,4637.5,119631200,BMRI.JK
2022-09-15,3461.795166015625,4675.0,4750.0,4650.0,4700.0,156750600,BMRI.JK
2022-09-16,3369.233642578125,4550.0,4650.0,4512.5,4637.5,167812600,BMRI.JK
2022-09-19,3415.513916015625,4612.5,4650.0,4575.0,4625.0,137396600,BMRI.JK
2022-09-20,3406.258056640625,4600.0,4687.5,4600.0,4662.5,140752200,BMRI.JK
2022-09-21,3434.026611328125,4637.5,4637.5,4550.0,4575.0,71044400,BMRI.JK
2022-09-22,3406.258056640625,4600.0,4650.0,4587.5,4637.5,96479200,BMRI.JK
2022-09-23,3406.258056640625,4600.0,4625.0,4575.0,4600.0,61877000,BMRI.JK
2022-09-26,3424.770263671875,4625.0,4687.5,4475.0,4562.5,133769600,BMRI.JK
2022-09-27,3461.795166015625,4675.0,4675.0,4600.0,4625.0,130959400,BMRI.JK
2022-09-28,3443.282958984375,4650.0,4800.0,4637.5,4725.0,133085000,BMRI.JK
2022-09-29,3424.770263671875,4625.0,4687.5,4600.0,4675.0,67945200,BMRI.JK
2022-09-30,3489.563232421875,4712.5,4712.5,4612.5,4650.0,113501000,BMRI.JK
2022-10-03,3434.026611328125,4637.5,4687.5,4612.5,4662.5,54662400,BMRI.JK
2022-10-04,3415.513916015625,4612.5,4687.5,4612.5,4650.0,90247000,BMRI.JK
2022-10-05,3434.026611328125,4637.5,4737.5,4637.5,4650.0,75891600,BMRI.JK
2022-10-06,3452.53857421875,4662.5,4662.5,4612.5,4650.0,43279200,BMRI.JK
2022-10-07,3489.563232421875,4712.5,4712.5,4637.5,4662.5,51267000,BMRI.JK
2022-10-10,3443.282958984375,4650.0,4700.0,4637.5,4687.5,55465000,BMRI.JK
2022-10-11,3443.282958984375,4650.0,4712.5,4625.0,4712.5,71925600,BMRI.JK
2022-10-12,3489.563232421875,4712.5,4750.0,4650.0,4687.5,118731400,BMRI.JK
2022-10-13,3508.07568359375,4737.5,4775.0,4662.5,4750.0,58832000,BMRI.JK
2022-10-14,3480.30712890625,4700.0,4825.0,4687.5,4825.0,106401600,BMRI.JK
2022-10-17,3498.8193359375,4725.0,4737.5,4650.0,4725.0,60905200,BMRI.JK
2022-10-18,3517.331298828125,4750.0,4787.5,4725.0,4750.0,67904400,BMRI.JK
2022-10-19,3508.07568359375,4737.5,4787.5,4662.5,4687.5,71544800,BMRI.JK
2022-10-20,3665.43017578125,4950.0,4962.5,4675.0,4675.0,102422400,BMRI.JK
2022-10-21,3832.04052734375,5175.0,5225.0,4962.5,5000.0,183987800,BMRI.JK
2022-10-24,3795.015869140625,5125.0,5250.0,5125.0,5162.5,102168000,BMRI.JK
2022-10-25,3785.759765625,5112.5,5225.0,5112.5,5137.5,83305200,BMRI.JK
2022-10-26,3776.50341796875,5100.0,5125.0,5000.0,5112.5,80531400,BMRI.JK
2022-10-27,3776.50341796875,5100.0,5162.5,5025.0,5100.0,84531200,BMRI.JK
2022-10-28,3776.50341796875,5100.0,5112.5,5050.0,5062.5,102437400,BMRI.JK
2022-10-31,3906.089599609375,5275.0,5275.0,5112.5,5150.0,173874600,BMRI.JK
2022-11-01,3850.552734375,5200.0,5300.0,5112.5,5300.0,111898000,BMRI.JK
2022-11-02,3730.22314453125,5037.5,5200.0,4987.5,5187.5,127515400,BMRI.JK
2022-11-03,3767.24755859375,5087.5,5100.0,4975.0,4975.0,119598600,BMRI.JK
2022-11-04,3757.990966796875,5075.0,5075.0,5000.0,5012.5,70781200,BMRI.JK
2022-11-07,3795.015869140625,5125.0,5125.0,5000.0,5087.5,98034400,BMRI.JK
2022-11-08,3757.990966796875,5075.0,5137.5,5037.5,5137.5,39585800,BMRI.JK
2022-11-09,3757.990966796875,5075.0,5075.0,5025.0,5025.0,68010400,BMRI.JK
2022-11-10,3739.47900390625,5050.0,5075.0,5000.0,5025.0,61964000,BMRI.JK
2022-11-11,3859.808349609375,5212.5,5225.0,5112.5,5150.0,102008200,BMRI.JK
2022-11-14,3795.015869140625,5125.0,5275.0,5075.0,5275.0,61055200,BMRI.JK
2022-11-15,3795.015869140625,5125.0,5150.0,5050.0,5150.0,83000800,BMRI.JK
2022-11-16,3702.45458984375,5000.0,5087.5,4950.0,5050.0,128257800,BMRI.JK
2022-11-17,3665.43017578125,4950.0,5012.5,4925.0,4925.0,167562600,BMRI.JK
2022-11-18,3767.24755859375,5087.5,5112.5,4962.5,4975.0,111646200,BMRI.JK
2022-11-21,3739.47900390625,5050.0,5100.0,5012.5,5087.5,52311600,BMRI.JK
2022-11-22,3748.735107421875,5062.5,5125.0,5025.0,5025.0,79850600,BMRI.JK
2022-11-23,3776.50341796875,5100.0,5150.0,5062.5,5062.5,78250600,BMRI.JK
2022-11-24,3785.759765625,5112.5,5150.0,5100.0,5112.5,59701400,BMRI.JK
2022-11-25,3767.24755859375,5087.5,5112.5,5050.0,5112.5,77984800,BMRI.JK
2022-11-28,3748.735107421875,5062.5,5137.5,5062.5,5087.5,64779000,BMRI.JK
2022-11-29,3822.783935546875,5162.5,5225.0,5100.0,5125.0,72261000,BMRI.JK
2022-11-30,3896.83349609375,5262.5,5400.0,5162.5,5162.5,347136800,BMRI.JK
2022-12-01,3850.552734375,5200.0,5325.0,5200.0,5262.5,141493000,BMRI.JK
2022-12-02,3896.83349609375,5262.5,5262.5,5162.5,5200.0,70811400,BMRI.JK
2022-12-05,4026.418701171875,5437.5,5500.0,5287.5,5325.0,146472800,BMRI.JK
2022-12-06,4035.675537109375,5450.0,5500.0,5362.5,5437.5,139360200,BMRI.JK
2022-12-07,3841.29638671875,5187.5,5350.0,5187.5,5312.5,200886200,BMRI.JK
2022-12-08,3720.96630859375,5025.0,5112.5,4987.5,5037.5,279908400,BMRI.JK
2022-12-09,3674.686279296875,4962.5,5025.0,4912.5,4975.0,241338200,BMRI.JK
2022-12-12,3683.942138671875,4975.0,5000.0,4887.5,4912.5,183717600,BMRI.JK
2022-12-13,3665.43017578125,4950.0,5000.0,4887.5,4887.5,224176000,BMRI.JK
2022-12-14,3683.942138671875,4975.0,5050.0,4975.0,5037.5,162689200,BMRI.JK
2022-12-15,3665.43017578125,4950.0,5012.5,4950.0,4950.0,82673400,BMRI.JK
2022-12-16,3739.47900390625,5050.0,5050.0,4912.5,4912.5,770252400,BMRI.JK
2022-12-19,3702.45458984375,5000.0,5037.5,4950.0,5000.0,100871400,BMRI.JK
2022-12-20,3720.96630859375,5025.0,5025.0,4975.0,5000.0,56633800,BMRI.JK
2022-12-21,3702.45458984375,5000.0,5062.5,5000.0,5062.5,37945200,BMRI.JK
2022-12-22,3683.942138671875,4975.0,5050.0,4975.0,5050.0,78836200,BMRI.JK
2022-12-23,3674.686279296875,4962.5,5000.0,4950.0,4950.0,38571200,BMRI.JK
2022-12-26,3720.96630859375,5025.0,5025.0,4975.0,4987.5,19578800,BMRI.JK
2022-12-27,3683.942138671875,4975.0,5025.0,4937.5,5025.0,43282000,BMRI.JK
2022-12-28,3693.1982421875,4987.5,5000.0,4925.0,5000.0,30258400,BMRI.JK
2022-12-29,3693.1982421875,4987.5,4987.5,4937.5,4950.0,56981400,BMRI.JK
2022-12-30,3674.686279296875,4962.5,5025.0,4962.5,5000.0,40655800,BMRI.JK
2023-01-02,3656.173583984375,4937.5,4987.5,4937.5,4962.5,5985400,BMRI.JK
2023-01-03,3683.942138671875,4975.0,4987.5,4925.0,4925.0,13815200,BMRI.JK
2023-01-04,3711.71044921875,5012.5,5037.5,4987.5,5012.5,38575800,BMRI.JK
2023-01-05,3637.661376953125,4912.5,5025.0,4862.5,5025.0,84945800,BMRI.JK
2023-01-06,3628.40576171875,4900.0,4900.0,4800.0,4862.5,44097000,BMRI.JK
2023-01-09,3600.63671875,4862.5,4925.0,4800.0,4875.0,67250600,BMRI.JK
2023-01-10,3434.026611328125,4637.5,4775.0,4587.5,4750.0,214538800,BMRI.JK
2023-01-11,3313.696533203125,4475.0,4587.5,4450.0,4537.5,193915000,BMRI.JK
2023-01-12,3406.258056640625,4600.0,4725.0,4500.0,4500.0,219659400,BMRI.JK
2023-01-13,3397.002197265625,4587.5,4612.5,4525.0,4562.5,107483800,BMRI.JK
2023-01-16,3443.282958984375,4650.0,4675.0,4550.0,4550.0,145710000,BMRI.JK
2023-01-17,3609.89306640625,4875.0,4912.5,4687.5,4700.0,146238000,BMRI.JK
2023-01-18,3535.84423828125,4775.0,4887.5,4750.0,4825.0,95360600,BMRI.JK
2023-01-19,3609.89306640625,4875.0,4912.5,4762.5,4800.0,81704200,BMRI.JK
2023-01-20,3693.1982421875,4987.5,5000.0,4900.0,4925.0,93227400,BMRI.JK
2023-01-24,3665.43017578125,4950.0,4987.5,4900.0,4925.0,35028000,BMRI.JK
2023-01-25,3591.380859375,4850.0,4925.0,4850.0,4900.0,72767800,BMRI.JK
2023-01-26,3637.661376953125,4912.5,4937.5,4875.0,4887.5,70558600,BMRI.JK
2023-01-27,3711.71044921875,5012.5,5075.0,4950.0,4950.0,216788400,BMRI.JK
2023-01-30,3683.942138671875,4975.0,5062.5,4937.5,5012.5,82589400,BMRI.JK
2023-01-31,3683.942138671875,4975.0,5050.0,4937.5,5012.5,167297000,BMRI.JK
2023-02-01,3591.380859375,4850.0,5025.0,4837.5,4975.0,165628800,BMRI.JK
2023-02-02,3600.63671875,4862.5,4875.0,4787.5,4862.5,99351800,BMRI.JK
2023-02-03,3674.686279296875,4962.5,4975.0,4875.0,4875.0,108125400,BMRI.JK
2023-02-06,3656.173583984375,4937.5,5025.0,4875.0,4962.5,109098400,BMRI.JK
2023-02-07,3767.24755859375,5087.5,5112.5,4950.0,4975.0,118132000,BMRI.JK
2023-02-08,3776.50341796875,5100.0,5112.5,5050.0,5062.5,75656000,BMRI.JK
2023-02-09,3795.015869140625,5125.0,5200.0,5125.0,5150.0,121757400,BMRI.JK
2023-02-10,3813.528076171875,5150.0,5225.0,5075.0,5225.0,81114600,BMRI.JK
2023-02-13,3832.04052734375,5175.0,5275.0,5125.0,5275.0,56771800,BMRI.JK
2023-02-14,3841.29638671875,5187.5,5225.0,5137.5,5225.0,39570600,BMRI.JK
2023-02-15,3785.759765625,5112.5,5175.0,5050.0,5150.0,75595200,BMRI.JK
2023-02-16,3767.24755859375,5087.5,5137.5,5062.5,5112.5,49569000,BMRI.JK
2023-02-17,3813.528076171875,5150.0,5150.0,5050.0,5087.5,58521000,BMRI.JK
2023-02-20,3804.271728515625,5137.5,5150.0,5100.0,5150.0,40696400,BMRI.JK
2023-02-21,3776.50341796875,5100.0,5150.0,5087.5,5150.0,52604400,BMRI.JK
2023-02-22,3702.45458984375,5000.0,5087.5,4975.0,5062.5,75513400,BMRI.JK
2023-02-23,3730.22314453125,5037.5,5050.0,4962.5,4987.5,177505200,BMRI.JK
2023-02-24,3748.735107421875,5062.5,5112.5,5037.5,5062.5,54138200,BMRI.JK
2023-02-27,3757.990966796875,5075.0,5075.0,5025.0,5037.5,47901800,BMRI.JK
2023-02-28,3702.45458984375,5000.0,5075.0,5000.0,5037.5,146440400,BMRI.JK
2023-03-01,3739.47900390625,5050.0,5100.0,5025.0,5075.0,89565600,BMRI.JK
2023-03-02,3785.759765625,5112.5,5150.0,5075.0,5075.0,72991800,BMRI.JK
2023-03-03,3720.96630859375,5025.0,5125.0,5012.5,5100.0,88630600,BMRI.JK
2023-03-06,3748.735107421875,5062.5,5112.5,5037.5,5087.5,53728800,BMRI.JK
2023-03-07,3767.24755859375,5087.5,5137.5,5062.5,5075.0,80065800,BMRI.JK
2023-03-08,3804.271728515625,5137.5,5137.5,5087.5,5125.0,104838200,BMRI.JK
2023-03-09,3869.065185546875,5225.0,5250.0,5175.0,5200.0,83286000,BMRI.JK
2023-03-10,3841.29638671875,5187.5,5212.5,5137.5,5212.5,107531000,BMRI.JK
2023-03-13,3832.04052734375,5175.0,5187.5,5112.5,5137.5,92827600,BMRI.JK
2023-03-14,3674.686279296875,4962.5,5137.5,4925.0,5100.0,191898400,BMRI.JK
2023-03-15,3720.96630859375,5025.0,5087.5,4925.0,5025.0,262828600,BMRI.JK
2023-03-16,3646.917724609375,4925.0,5037.5,4912.5,5037.5,135467400,BMRI.JK
2023-03-17,3739.47900390625,5050.0,5062.5,4962.5,4975.0,224171600,BMRI.JK
2023-03-20,3702.45458984375,5000.0,5050.0,5000.0,5025.0,46333000,BMRI.JK
2023-03-21,3887.57763671875,5250.0,5250.0,5037.5,5050.0,131331000,BMRI.JK
2023-03-24,4035.675537109375,5450.0,5475.0,5287.5,5312.5,222156200,BMRI.JK
2023-03-27,3969.262451171875,5100.0,5212.5,5100.0,5200.0,151825600,BMRI.JK
2023-03-28,3940.077392578125,5062.5,5137.5,5050.0,5100.0,103951000,BMRI.JK
2023-03-29,4027.63427734375,5175.0,5187.5,5100.0,5125.0,107454600,BMRI.JK
2023-03-30,3978.991455078125,5112.5,5200.0,5112.5,5175.0,97186200,BMRI.JK
2023-03-31,4017.9052734375,5162.5,5162.5,5100.0,5137.5,92013200,BMRI.JK
2023-04-03,4095.734619140625,5262.5,5262.5,5200.0,5200.0,101724400,BMRI.JK
2023-04-04,4047.091796875,5200.0,5300.0,5100.0,5250.0,94482600,BMRI.JK
2023-04-05,4066.549072265625,5225.0,5250.0,5150.0,5150.0,42655500,BMRI.JK
2023-04-06,4027.63427734375,5175.0,5225.0,5150.0,5225.0,47999400,BMRI.JK
2023-04-10,3969.262451171875,5100.0,5175.0,5050.0,5150.0,74787800,BMRI.JK
2023-04-11,3969.262451171875,5100.0,5100.0,5050.0,5100.0,37744800,BMRI.JK
2023-04-12,4008.17724609375,5150.0,5225.0,5100.0,5100.0,111901500,BMRI.JK
2023-04-13,3988.72021484375,5125.0,5200.0,5125.0,5175.0,67928500,BMRI.JK
2023-04-14,4066.549072265625,5225.0,5250.0,5150.0,5150.0,142479800,BMRI.JK
2023-04-17,3988.72021484375,5125.0,5250.0,5125.0,5225.0,95789900,BMRI.JK
2023-04-18,4027.63427734375,5175.0,5250.0,5125.0,5150.0,106962300,BMRI.JK
2023-04-26,4047.091796875,5200.0,5425.0,5175.0,5400.0,207338000,BMRI.JK
2023-04-27,4047.091796875,5200.0,5225.0,5175.0,5175.0,51076300,BMRI.JK
2023-04-28,4027.63427734375,5175.0,5225.0,5150.0,5225.0,116957800,BMRI.JK
2023-05-02,4086.006103515625,5250.0,5250.0,5175.0,5250.0,98024100,BMRI.JK
2023-05-03,4066.549072265625,5225.0,5250.0,5150.0,5250.0,110683000,BMRI.JK
2023-05-04,4027.63427734375,5175.0,5225.0,5125.0,5175.0,100945900,BMRI.JK
2023-05-05,4027.63427734375,5175.0,5200.0,5125.0,5175.0,64499500,BMRI.JK
2023-05-08,3988.72021484375,5125.0,5200.0,5125.0,5175.0,64678000,BMRI.JK
2023-05-09,3930.348388671875,5050.0,5125.0,5050.0,5100.0,93531000,BMRI.JK
2023-05-10,3949.805908203125,5075.0,5125.0,5050.0,5050.0,58148200,BMRI.JK
2023-05-11,3969.262451171875,5100.0,5100.0,5025.0,5075.0,63262300,BMRI.JK
2023-05-12,3891.43408203125,5000.0,5075.0,5000.0,5075.0,105407300,BMRI.JK
2023-05-15,3930.348388671875,5050.0,5050.0,5000.0,5050.0,76451700,BMRI.JK
2023-05-16,3883.6513671875,4990.0,5075.0,4980.0,5075.0,42752200,BMRI.JK
2023-05-17,3891.43408203125,5000.0,5075.0,4980.0,4990.0,63396700,BMRI.JK
2023-05-19,3949.805908203125,5075.0,5100.0,5025.0,5075.0,78499800,BMRI.JK
2023-05-22,4066.549072265625,5225.0,5250.0,5075.0,5100.0,120027200,BMRI.JK
2023-05-23,3988.72021484375,5125.0,5250.0,5100.0,5200.0,165534100,BMRI.JK
2023-05-24,3949.805908203125,5075.0,5150.0,5050.0,5125.0,125575300,BMRI.JK
2023-05-25,4027.63427734375,5175.0,5175.0,5050.0,5050.0,76424100,BMRI.JK
2023-05-26,3988.72021484375,5125.0,5200.0,5100.0,5175.0,42313700,BMRI.JK
2023-05-29,4008.17724609375,5150.0,5175.0,5100.0,5175.0,60646900,BMRI.JK
2023-05-30,4008.17724609375,5150.0,5200.0,5100.0,5100.0,49086100,BMRI.JK
2023-05-31,3930.348388671875,5050.0,5200.0,5050.0,5175.0,393735900,BMRI.JK
2023-06-05,3949.805908203125,5075.0,5150.0,5075.0,5100.0,149191300,BMRI.JK
2023-06-06,3930.348388671875,5050.0,5100.0,4950.0,5050.0,244590500,BMRI.JK
2023-06-07,3910.89111328125,5025.0,5075.0,5000.0,5000.0,130408700,BMRI.JK
2023-06-08,3910.89111328125,5025.0,5075.0,5000.0,5000.0,173484200,BMRI.JK
2023-06-09,3988.72021484375,5125.0,5125.0,5000.0,5025.0,150849200,BMRI.JK
2023-06-12,3969.262451171875,5100.0,5125.0,5050.0,5100.0,91080300,BMRI.JK
2023-06-13,3969.262451171875,5100.0,5175.0,5050.0,5100.0,143804700,BMRI.JK
2023-06-14,3930.348388671875,5050.0,5150.0,5050.0,5125.0,96670300,BMRI.JK
2023-06-15,3988.72021484375,5125.0,5150.0,5050.0,5050.0,94097900,BMRI.JK
2023-06-16,4008.17724609375,5150.0,5150.0,5075.0,5125.0,103942500,BMRI.JK
2023-06-19,3988.72021484375,5125.0,5150.0,5100.0,5100.0,36211300,BMRI.JK
2023-06-20,3969.262451171875,5100.0,5125.0,5050.0,5100.0,44316800,BMRI.JK
2023-06-21,3969.262451171875,5100.0,5100.0,5050.0,5050.0,58061600,BMRI.JK
2023-06-22,3949.805908203125,5075.0,5150.0,5075.0,5100.0,60457300,BMRI.JK
2023-06-23,3949.805908203125,5075.0,5125.0,5050.0,5075.0,47276900,BMRI.JK
2023-06-26,3988.72021484375,5125.0,5175.0,5075.0,5100.0,74263700,BMRI.JK
2023-06-27,4047.091796875,5200.0,5250.0,5150.0,5175.0,101592900,BMRI.JK
2023-07-03,4163.83447265625,5350.0,5350.0,5125.0,5125.0,227354700,BMRI.JK
2023-07-04,4086.006103515625,5250.0,5400.0,5225.0,5400.0,119841200,BMRI.JK
2023-07-05,4105.46337890625,5275.0,5325.0,5250.0,5300.0,78430000,BMRI.JK
2023-07-06,4124.919921875,5300.0,5350.0,5250.0,5300.0,90981000,BMRI.JK
2023-07-07,4008.17724609375,5150.0,5300.0,5150.0,5275.0,128515100,BMRI.JK
2023-07-10,4027.63427734375,5175.0,5225.0,5150.0,5175.0,82685700,BMRI.JK
2023-07-11,4105.46337890625,5275.0,5300.0,5175.0,5200.0,100578900,BMRI.JK
2023-07-12,4124.919921875,5300.0,5375.0,5250.0,5300.0,123947700,BMRI.JK
2023-07-13,4163.83447265625,5350.0,5375.0,5275.0,5375.0,101281200,BMRI.JK
2023-07-14,4202.7490234375,5400.0,5425.0,5350.0,5400.0,122343600,BMRI.JK
2023-07-17,4183.29150390625,5375.0,5475.0,5375.0,5425.0,99897600,BMRI.JK
2023-07-18,4163.83447265625,5350.0,5425.0,5300.0,5375.0,65073800,BMRI.JK
2023-07-20,4300.03466796875,5525.0,5550.0,5400.0,5400.0,132054000,BMRI.JK
2023-07-21,4319.4921875,5550.0,5575.0,5450.0,5550.0,111275700,BMRI.JK
2023-07-24,4280.57763671875,5500.0,5625.0,5500.0,5550.0,54865000,BMRI.JK
2023-07-25,4319.4921875,5550.0,5575.0,5500.0,5550.0,65237300,BMRI.JK
2023-07-26,4338.94921875,5575.0,5600.0,5525.0,5550.0,88526700,BMRI.JK
2023-07-27,4377.86328125,5625.0,5700.0,5575.0,5575.0,86556200,BMRI.JK
2023-07-28,4436.23486328125,5700.0,5725.0,5625.0,5625.0,121968500,BMRI.JK
2023-07-31,4455.6923828125,5725.0,5800.0,5625.0,5800.0,189375700,BMRI.JK
2023-08-01,4397.3203125,5650.0,5725.0,5600.0,5650.0,114702500,BMRI.JK
2023-08-02,4436.23486328125,5700.0,5750.0,5600.0,5625.0,133546200,BMRI.JK
2023-08-03,4514.0634765625,5800.0,5825.0,5700.0,5725.0,68587500,BMRI.JK
2023-08-04,4494.6064453125,5775.0,5825.0,5750.0,5800.0,47144200,BMRI.JK
2023-08-07,4572.43505859375,5875.0,5925.0,5825.0,5850.0,104342100,BMRI.JK
2023-08-08,4591.892578125,5900.0,5950.0,5875.0,5900.0,66473200,BMRI.JK
2023-08-09,4591.892578125,5900.0,5950.0,5850.0,5900.0,64495400,BMRI.JK
2023-08-10,4650.26416015625,5975.0,6000.0,5900.0,5925.0,78859600,BMRI.JK
2023-08-11,4611.34912109375,5925.0,6025.0,5900.0,5975.0,46568600,BMRI.JK
2023-08-14,4630.806640625,5950.0,5950.0,5800.0,5925.0,86460500,BMRI.JK
2023-08-15,4514.0634765625,5800.0,5925.0,5800.0,5900.0,116815700,BMRI.JK
2023-08-16,4514.0634765625,5800.0,5800.0,5675.0,5775.0,163744100,BMRI.JK
2023-08-18,4494.6064453125,5775.0,5825.0,5725.0,5725.0,104894600,BMRI.JK
2023-08-21,4533.52099609375,5825.0,5875.0,5800.0,5800.0,61845800,BMRI.JK
2023-08-22,4630.806640625,5950.0,5950.0,5800.0,5800.0,93617200,BMRI.JK
2023-08-23,4552.97802734375,5850.0,5950.0,5850.0,5950.0,40844700,BMRI.JK
2023-08-24,4630.806640625,5950.0,5950.0,5875.0,5900.0,42648300,BMRI.JK
2023-08-25,4591.892578125,5900.0,5925.0,5825.0,5900.0,65093100,BMRI.JK
2023-08-28,4669.720703125,6000.0,6025.0,5900.0,5950.0,63980400,BMRI.JK
2023-08-29,4630.806640625,5950.0,6025.0,5950.0,6000.0,50839300,BMRI.JK
2023-08-30,4650.26416015625,5975.0,6100.0,5925.0,5925.0,65727400,BMRI.JK
2023-08-31,4689.17822265625,6025.0,6075.0,5900.0,6000.0,159062900,BMRI.JK
2023-09-01,4728.0927734375,6075.0,6125.0,6050.0,6075.0,50796000,BMRI.JK
2023-09-04,4747.5498046875,6100.0,6150.0,6050.0,6075.0,56317700,BMRI.JK
2023-09-05,4747.5498046875,6100.0,6150.0,6075.0,6100.0,24893100,BMRI.JK
2023-09-06,4708.63525390625,6050.0,6125.0,6050.0,6050.0,40547800,BMRI.JK
2023-09-07,4572.43505859375,5875.0,6025.0,5825.0,6000.0,124351400,BMRI.JK
2023-09-08,4591.892578125,5900.0,5925.0,5775.0,5900.0,81980400,BMRI.JK
2023-09-11,4611.34912109375,5925.0,5925.0,5825.0,5900.0,74510600,BMRI.JK
2023-09-12,4572.43505859375,5875.0,5950.0,5850.0,5950.0,54076800,BMRI.JK
2023-09-13,4552.97802734375,5850.0,5850.0,5775.0,5825.0,69884000,BMRI.JK
2023-09-14,4533.52099609375,5825.0,5875.0,5775.0,5825.0,59132600,BMRI.JK
2023-09-15,4611.34912109375,5925.0,5975.0,5850.0,5900.0,165106200,BMRI.JK
2023-09-18,4591.892578125,5900.0,5950.0,5875.0,5900.0,53450400,BMRI.JK
2023-09-19,4669.720703125,6000.0,6075.0,5875.0,5900.0,84608400,BMRI.JK
2023-09-20,4728.0927734375,6075.0,6125.0,6050.0,6100.0,64864900,BMRI.JK
2023-09-21,4669.720703125,6000.0,6075.0,5975.0,6050.0,60535000,BMRI.JK
2023-09-22,4669.720703125,6000.0,6050.0,5975.0,6000.0,51069900,BMRI.JK
2023-09-25,4669.720703125,6000.0,6050.0,5975.0,6000.0,40650900,BMRI.JK
2023-09-26,4611.34912109375,5925.0,6000.0,5850.0,5975.0,109786400,BMRI.JK
2023-09-27,4669.720703125,6000.0,6050.0,5900.0,5925.0,75050600,BMRI.JK
2023-09-29,4689.17822265625,6025.0,6050.0,6000.0,6050.0,71554100,BMRI.JK
2023-10-02,4708.63525390625,6050.0,6100.0,6025.0,6025.0,33296500,BMRI.JK
2023-10-03,4728.0927734375,6075.0,6075.0,6000.0,6000.0,37093100,BMRI.JK
2023-10-04,4767.0068359375,6125.0,6125.0,5975.0,6075.0,69154000,BMRI.JK
2023-10-05,4767.0068359375,6125.0,6200.0,6100.0,6150.0,69566800,BMRI.JK
2023-10-06,4689.17822265625,6025.0,6150.0,6025.0,6150.0,25913600,BMRI.JK
2023-10-09,4591.892578125,5900.0,6050.0,5900.0,6025.0,45321700,BMRI.JK
2023-10-10,4669.720703125,6000.0,6075.0,5900.0,5900.0,42820800,BMRI.JK
2023-10-11,4708.63525390625,6050.0,6175.0,5950.0,5950.0,72955000,BMRI.JK
2023-10-12,4728.0927734375,6075.0,6175.0,6050.0,6075.0,91341800,BMRI.JK
2023-10-13,4728.0927734375,6075.0,6150.0,6025.0,6075.0,39914700,BMRI.JK
2023-10-16,4689.17822265625,6025.0,6075.0,5975.0,6025.0,53416400,BMRI.JK
2023-10-17,4669.720703125,6000.0,6025.0,5925.0,6000.0,74702300,BMRI.JK
2023-10-18,4552.97802734375,5850.0,5950.0,5825.0,5925.0,80637400,BMRI.JK
2023-10-19,4455.6923828125,5725.0,5800.0,5700.0,5775.0,160277800,BMRI.JK
2023-10-20,4475.1494140625,5750.0,5800.0,5650.0,5675.0,82132000,BMRI.JK
2023-10-23,4416.77783203125,5675.0,5725.0,5625.0,5700.0,73897500,BMRI.JK
2023-10-24,4475.1494140625,5750.0,5800.0,5675.0,5700.0,72469200,BMRI.JK
2023-10-25,4552.97802734375,5850.0,5900.0,5775.0,5825.0,90426500,BMRI.JK
2023-10-26,4436.23486328125,5700.0,5850.0,5700.0,5800.0,86348700,BMRI.JK
2023-10-27,4436.23486328125,5700.0,5775.0,5700.0,5750.0,90177000,BMRI.JK
2023-10-30,4455.6923828125,5725.0,5725.0,5625.0,5700.0,81547000,BMRI.JK
2023-10-31,4416.77783203125,5675.0,5850.0,5650.0,5800.0,99449400,BMRI.JK
2023-11-01,4397.3203125,5650.0,5700.0,5625.0,5700.0,74281200,BMRI.JK
2023-11-02,4591.892578125,5900.0,5925.0,5725.0,5750.0,115678200,BMRI.JK
2023-11-03,4533.52099609375,5825.0,5975.0,5825.0,5925.0,53379500,BMRI.JK
2023-11-06,4611.34912109375,5925.0,5925.0,5850.0,5900.0,58266100,BMRI.JK
2023-11-07,4572.43505859375,5875.0,5975.0,5800.0,5950.0,56161300,BMRI.JK
2023-11-08,4552.97802734375,5850.0,5850.0,5725.0,5775.0,63442400,BMRI.JK
2023-11-09,4572.43505859375,5875.0,5900.0,5800.0,5825.0,45026200,BMRI.JK
2023-11-10,4494.6064453125,5775.0,5850.0,5775.0,5850.0,59611500,BMRI.JK
2023-11-13,4533.52099609375,5825.0,5850.0,5800.0,5850.0,17444600,BMRI.JK
2023-11-14,4533.52099609375,5825.0,5900.0,5800.0,5825.0,50587800,BMRI.JK
2023-11-15,4611.34912109375,5925.0,5975.0,5875.0,5900.0,74255700,BMRI.JK
2023-11-16,4611.34912109375,5925.0,5925.0,5825.0,5850.0,36004500,BMRI.JK
2023-11-17,4591.892578125,5900.0,5950.0,5850.0,5875.0,33963900,BMRI.JK
2023-11-20,4572.43505859375,5875.0,5925.0,5825.0,5825.0,20014600,BMRI.JK
2023-11-21,4572.43505859375,5875.0,5925.0,5825.0,5850.0,55094300,BMRI.JK
2023-11-22,4572.43505859375,5875.0,5900.0,5825.0,5825.0,21111100,BMRI.JK
2023-11-23,4591.892578125,5900.0,5950.0,5900.0,5950.0,36725600,BMRI.JK
2023-11-24,4572.43505859375,5875.0,5925.0,5850.0,5925.0,27087900,BMRI.JK
2023-11-27,4591.892578125,5900.0,5925.0,5875.0,5900.0,39719300,BMRI.JK
2023-11-28,4591.892578125,5900.0,5925.0,5875.0,5900.0,58255800,BMRI.JK
2023-11-29,4552.97802734375,5850.0,5925.0,5825.0,5850.0,36796600,BMRI.JK
2023-11-30,4552.97802734375,5850.0,5925.0,5825.0,5850.0,117365000,BMRI.JK
2023-12-01,4591.892578125,5900.0,5900.0,5825.0,5850.0,31365100,BMRI.JK
2023-12-04,4669.720703125,6000.0,6025.0,5900.0,5925.0,66145100,BMRI.JK
2023-12-05,4650.26416015625,5975.0,6000.0,5875.0,6000.0,58668400,BMRI.JK
2023-12-06,4514.0634765625,5800.0,5950.0,5800.0,5925.0,88747200,BMRI.JK
2023-12-07,4475.1494140625,5750.0,5825.0,5725.0,5800.0,97966700,BMRI.JK
2023-12-08,4436.23486328125,5700.0,5775.0,5650.0,5750.0,98036700,BMRI.JK
2023-12-11,4494.6064453125,5775.0,5800.0,5650.0,5650.0,68655000,BMRI.JK
2023-12-12,4514.0634765625,5800.0,5825.0,5750.0,5800.0,55110500,BMRI.JK
2023-12-13,4455.6923828125,5725.0,5775.0,5700.0,5750.0,121450600,BMRI.JK
2023-12-14,4630.806640625,5950.0,6025.0,5800.0,5825.0,171595800,BMRI.JK
2023-12-15,4591.892578125,5900.0,6000.0,5900.0,5950.0,142382200,BMRI.JK
2023-12-18,4611.34912109375,5925.0,5950.0,5850.0,5850.0,101458600,BMRI.JK
2023-12-19,4650.26416015625,5975.0,5975.0,5925.0,5950.0,40763200,BMRI.JK
2023-12-20,4611.34912109375,5925.0,5975.0,5900.0,5900.0,65361000,BMRI.JK
2023-12-21,4650.26416015625,5975.0,5975.0,5925.0,5950.0,50363900,BMRI.JK
2023-12-22,4650.26416015625,5975.0,5975.0,5925.0,5950.0,29975600,BMRI.JK
2023-12-27,4669.720703125,6000.0,6025.0,5925.0,6000.0,43114900,BMRI.JK
2023-12-28,4767.0068359375,6125.0,6150.0,6000.0,6050.0,75118700,BMRI.JK
2023-12-29,4708.63525390625,6050.0,6125.0,6000.0,6125.0,63097100,BMRI.JK
2024-01-02,4767.0068359375,6125.0,6125.0,6025.0,6050.0,26235700,BMRI.JK
2024-01-03,4747.5498046875,6100.0,6150.0,6050.0,6100.0,30053900,BMRI.JK
2024-01-04,4942.12109375,6350.0,6400.0,6100.0,6125.0,135344500,BMRI.JK
2024-01-05,5000.4931640625,6425.0,6475.0,6350.0,6400.0,114339400,BMRI.JK
2024-01-08,4981.03564453125,6400.0,6600.0,6375.0,6500.0,151018300,BMRI.JK
2024-01-09,4961.57861328125,6375.0,6450.0,6350.0,6425.0,77953400,BMRI.JK
2024-01-10,5000.4931640625,6425.0,6450.0,6325.0,6375.0,50019800,BMRI.JK
2024-01-11,5019.95068359375,6450.0,6500.0,6400.0,6425.0,32120200,BMRI.JK
2024-01-12,5117.23583984375,6575.0,6675.0,6525.0,6575.0,114039700,BMRI.JK
2024-01-15,5058.8642578125,6500.0,6625.0,6475.0,6575.0,83066800,BMRI.JK
2024-01-16,5078.3212890625,6525.0,6625.0,6500.0,6525.0,83516800,BMRI.JK
2024-01-17,5078.3212890625,6525.0,6625.0,6500.0,6525.0,80929000,BMRI.JK
2024-01-18,5078.3212890625,6525.0,6550.0,6475.0,6525.0,78209900,BMRI.JK
2024-01-19,5078.3212890625,6525.0,6525.0,6425.0,6500.0,74814000,BMRI.JK
2024-01-22,5058.8642578125,6500.0,6550.0,6450.0,6500.0,96993100,BMRI.JK
2024-01-23,5058.8642578125,6500.0,6550.0,6450.0,6525.0,77037800,BMRI.JK
2024-01-24,4981.03564453125,6400.0,6475.0,6350.0,6450.0,97290600,BMRI.JK
2024-01-25,4883.75,6275.0,6400.0,6250.0,6325.0,99094100,BMRI.JK
2024-01-26,4903.20703125,6300.0,6325.0,6225.0,6250.0,77236800,BMRI.JK
2024-01-29,5039.4072265625,6475.0,6475.0,6275.0,6350.0,124753000,BMRI.JK
2024-01-30,5175.607421875,6650.0,6700.0,6450.0,6475.0,123330900,BMRI.JK
2024-01-31,5175.607421875,6650.0,6700.0,6650.0,6650.0,128185000,BMRI.JK
2024-02-01,5097.77880859375,6550.0,6625.0,6500.0,6575.0,168145800,BMRI.JK
2024-02-02,5195.064453125,6675.0,6675.0,6600.0,6625.0,120116200,BMRI.JK
2024-02-05,5311.80712890625,6825.0,6950.0,6675.0,6700.0,150535100,BMRI.JK
2024-02-06,5331.2646484375,6850.0,6925.0,6775.0,6825.0,90146000,BMRI.JK
2024-02-07,5409.09326171875,6950.0,6950.0,6850.0,6875.0,88745500,BMRI.JK
2024-02-12,5525.83642578125,7100.0,7200.0,7050.0,7150.0,162771300,BMRI.JK
2024-02-13,5467.46533203125,7025.0,7125.0,7025.0,7100.0,102668900,BMRI.JK
2024-02-15,5603.66552734375,7200.0,7375.0,7150.0,7300.0,220530000,BMRI.JK
2024-02-16,5603.66552734375,7200.0,7400.0,7200.0,7375.0,142022100,BMRI.JK
2024-02-19,5564.75048828125,7150.0,7325.0,7125.0,7150.0,83753500,BMRI.JK
2024-02-20,5564.75048828125,7150.0,7250.0,7150.0,7250.0,87312000,BMRI.JK
2024-02-21,5642.57958984375,7250.0,7250.0,7075.0,7125.0,128063900,BMRI.JK
2024-02-22,5525.83642578125,7100.0,7200.0,7100.0,7175.0,85735800,BMRI.JK
2024-02-23,5486.92236328125,7050.0,7100.0,7000.0,7050.0,109404700,BMRI.JK
2024-02-26,5486.92236328125,7050.0,7075.0,6950.0,6950.0,65407700,BMRI.JK
2024-02-27,5506.37939453125,7075.0,7100.0,6975.0,6975.0,58066100,BMRI.JK
2024-02-28,5545.29345703125,7125.0,7125.0,7025.0,7025.0,49888400,BMRI.JK
2024-02-29,5448.0078125,7000.0,7150.0,7000.0,7125.0,150713600,BMRI.JK
2024-03-01,5467.46533203125,7025.0,7075.0,6975.0,7050.0,90739400,BMRI.JK
2024-03-04,5467.46533203125,7025.0,7050.0,6975.0,7000.0,44707200,BMRI.JK
2024-03-05,5467.46533203125,7025.0,7100.0,7000.0,7075.0,92557200,BMRI.JK
2024-03-06,5506.37939453125,7075.0,7100.0,7000.0,7000.0,74178100,BMRI.JK
2024-03-07,5525.83642578125,7100.0,7125.0,7025.0,7075.0,94950400,BMRI.JK
2024-03-08,5545.29345703125,7125.0,7175.0,7100.0,7150.0,109032400,BMRI.JK
2024-03-13,5662.03662109375,7275.0,7275.0,7150.0,7250.0,126022700,BMRI.JK
2024-03-14,5759.3232421875,7400.0,7400.0,7225.0,7250.0,161193000,BMRI.JK
2024-03-15,5759.3232421875,7400.0,7500.0,7275.0,7450.0,250581100,BMRI.JK
2024-03-18,5584.2080078125,7175.0,7425.0,7175.0,7425.0,105778200,BMRI.JK
2024-03-19,5662.03662109375,7275.0,7350.0,7225.0,7250.0,100836600,BMRI.JK
2024-03-20,5767.53564453125,7050.0,7050.0,7000.0,7050.0,83416700,BMRI.JK
2024-03-21,5767.53564453125,7050.0,7200.0,7050.0,7100.0,81774800,BMRI.JK
2024-03-22,5767.53564453125,7050.0,7075.0,6950.0,7000.0,65219900,BMRI.JK
2024-03-25,5931.1533203125,7250.0,7250.0,7000.0,7250.0,78212700,BMRI.JK
2024-03-26,5869.79736328125,7175.0,7225.0,7125.0,7225.0,74274300,BMRI.JK
2024-03-27,5869.79736328125,7175.0,7250.0,7175.0,7200.0,46295700,BMRI.JK
2024-03-28,5931.1533203125,7250.0,7250.0,7125.0,7150.0,90900900,BMRI.JK
2024-04-01,5644.822265625,6900.0,7250.0,6750.0,7250.0,158358600,BMRI.JK
2024-04-02,5644.822265625,6900.0,6900.0,6700.0,6900.0,135764900,BMRI.JK
2024-04-03,5542.56103515625,6775.0,6950.0,6675.0,6950.0,115372600,BMRI.JK
2024-04-04,5624.36962890625,6875.0,6925.0,6750.0,6750.0,63174900,BMRI.JK
2024-04-05,5583.46484375,6825.0,6900.0,6825.0,6825.0,46111500,BMRI.JK
2024-04-16,5419.84716796875,6625.0,6725.0,6300.0,6350.0,180012400,BMRI.JK
2024-04-17,5419.84716796875,6625.0,6775.0,6625.0,6700.0,83840200,BMRI.JK
2024-04-18,5563.01318359375,6800.0,6900.0,6725.0,6800.0,106893900,BMRI.JK
2024-04-19,5501.65625,6725.0,6800.0,6650.0,6725.0,47943300,BMRI.JK
2024-04-22,5501.65625,6725.0,6875.0,6575.0,6875.0,121727900,BMRI.JK
2024-04-23,5583.46484375,6825.0,6925.0,6725.0,6850.0,106699200,BMRI.JK
2024-04-24,5767.53564453125,7050.0,7050.0,6900.0,6925.0,117586500,BMRI.JK
2024-04-25,5685.7265625,6950.0,7075.0,6925.0,7050.0,111803500,BMRI.JK
2024-04-26,5522.10888671875,6750.0,7025.0,6750.0,7000.0,125875000,BMRI.JK
2024-04-29,5665.2744140625,6925.0,6950.0,6650.0,6650.0,77938400,BMRI.JK
2024-04-30,5644.822265625,6900.0,7050.0,6775.0,6800.0,189991300,BMRI.JK
2024-05-02,5174.42041015625,6325.0,6800.0,6050.0,6800.0,501849300,BMRI.JK
2024-05-03,5031.25439453125,6150.0,6425.0,6050.0,6300.0,269305400,BMRI.JK
2024-05-06,5133.515625,6275.0,6400.0,6150.0,6250.0,184234200,BMRI.JK
2024-05-07,5133.515625,6275.0,6400.0,6250.0,6325.0,130410300,BMRI.JK
2024-05-08,5133.515625,6275.0,6450.0,6250.0,6325.0,117065300,BMRI.JK
2024-05-13,5072.1591796875,6200.0,6275.0,6125.0,6200.0,128638300,BMRI.JK
2024-05-14,5072.1591796875,6200.0,6300.0,6175.0,6175.0,94048400,BMRI.JK
2024-05-15,5215.3251953125,6375.0,6400.0,6200.0,6200.0,80923000,BMRI.JK
2024-05-16,5194.87255859375,6350.0,6500.0,6325.0,6450.0,114806300,BMRI.JK
2024-05-17,5378.94287109375,6575.0,6650.0,6350.0,6350.0,133153900,BMRI.JK
2024-05-20,5174.42041015625,6325.0,6625.0,6200.0,6550.0,168796000,BMRI.JK
2024-05-21,4928.99267578125,6025.0,6275.0,5975.0,6225.0,307362900,BMRI.JK
2024-05-22,4949.4453125,6050.0,6150.0,5950.0,6000.0,171675900,BMRI.JK
2024-05-27,4765.375,5825.0,6050.0,5825.0,6025.0,258450900,BMRI.JK
2024-05-28,4867.63671875,5950.0,6025.0,5825.0,5850.0,93701700,BMRI.JK
2024-05-29,4744.92333984375,5800.0,5875.0,5700.0,5825.0,169386300,BMRI.JK
2024-05-30,4806.279296875,5875.0,6000.0,5525.0,5775.0,236632600,BMRI.JK
2024-05-31,4826.73193359375,5900.0,6025.0,5900.0,6000.0,169567000,BMRI.JK
2024-06-03,4990.35009765625,6100.0,6150.0,6025.0,6075.0,92525600,BMRI.JK
2024-06-04,5031.25439453125,6150.0,6275.0,6125.0,6150.0,137800600,BMRI.JK
2024-06-05,4908.54150390625,6000.0,6150.0,5975.0,6125.0,102327300,BMRI.JK
2024-06-06,5051.70703125,6175.0,6200.0,6075.0,6125.0,85735200,BMRI.JK
2024-06-07,5133.515625,6275.0,6275.0,6150.0,6250.0,99092800,BMRI.JK
2024-06-10,5133.515625,6275.0,6350.0,6200.0,6275.0,80154400,BMRI.JK
2024-06-11,5010.80224609375,6125.0,6250.0,6125.0,6200.0,56254400,BMRI.JK
2024-06-12,4847.18408203125,5925.0,6075.0,5900.0,6050.0,120857200,BMRI.JK
2024-06-13,4806.279296875,5875.0,6000.0,5850.0,5975.0,162616700,BMRI.JK
2024-06-14,4704.0185546875,5750.0,5875.0,5650.0,5850.0,203241500,BMRI.JK
2024-06-19,4704.0185546875,5750.0,5850.0,5675.0,5775.0,116004200,BMRI.JK
2024-06-20,4867.63671875,5950.0,5950.0,5750.0,5825.0,82660000,BMRI.JK
2024-06-21,5010.80224609375,6125.0,6200.0,6025.0,6050.0,184240600,BMRI.JK
2024-06-24,4908.54150390625,6000.0,6125.0,6000.0,6075.0,58831900,BMRI.JK
2024-06-25,4847.18408203125,5925.0,5975.0,5825.0,5925.0,159983800,BMRI.JK
2024-06-26,4785.82763671875,5850.0,6025.0,5850.0,5950.0,92895700,BMRI.JK
2024-06-27,4908.54150390625,6000.0,6075.0,5875.0,5900.0,117602400,BMRI.JK
2024-06-28,5031.25439453125,6150.0,6250.0,6000.0,6000.0,191371600,BMRI.JK
2024-07-01,5113.0634765625,6250.0,6250.0,6100.0,6175.0,100408200,BMRI.JK
2024-07-02,5072.1591796875,6200.0,6350.0,6150.0,6275.0,159356600,BMRI.JK
2024-07-03,5092.611328125,6225.0,6300.0,6100.0,6275.0,70017100,BMRI.JK
2024-07-04,5113.0634765625,6250.0,6400.0,6225.0,6250.0,90147800,BMRI.JK
2024-07-05,5256.22900390625,6425.0,6500.0,6300.0,6325.0,111646800,BMRI.JK
2024-07-08,5092.611328125,6225.0,6425.0,6200.0,6400.0,138144000,BMRI.JK
2024-07-09,5215.3251953125,6375.0,6400.0,6200.0,6225.0,84177600,BMRI.JK
2024-07-10,5215.3251953125,6375.0,6450.0,6300.0,6375.0,59685300,BMRI.JK
2024-07-11,5235.77734375,6400.0,6425.0,6350.0,6400.0,66789800,BMRI.JK
2024-07-12,5256.22900390625,6425.0,6550.0,6400.0,6450.0,136132200,BMRI.JK
2024-07-15,5194.87255859375,6350.0,6450.0,6300.0,6450.0,66071800,BMRI.JK
2024-07-16,5194.87255859375,6350.0,6400.0,6300.0,6400.0,64687900,BMRI.JK
2024-07-17,5276.68115234375,6450.0,6525.0,6375.0,6450.0,109729800,BMRI.JK
2024-07-18,5358.49072265625,6550.0,6600.0,6500.0,6550.0,132532000,BMRI.JK
2024-07-19,5338.03857421875,6525.0,6525.0,6450.0,6500.0,63165500,BMRI.JK
2024-07-22,5481.2041015625,6700.0,6700.0,6525.0,6575.0,110467000,BMRI.JK
2024-07-23,5419.84716796875,6625.0,6750.0,6550.0,6750.0,77861700,BMRI.JK
2024-07-24,5297.1337890625,6475.0,6575.0,6475.0,6500.0,63940900,BMRI.JK
2024-07-25,5378.94287109375,6575.0,6575.0,6400.0,6450.0,66655400,BMRI.JK
2024-07-26,5358.49072265625,6550.0,6625.0,6500.0,6575.0,76519500,BMRI.JK
2024-07-29,5297.1337890625,6475.0,6550.0,6450.0,6550.0,54435300,BMRI.JK
2024-07-30,5297.1337890625,6475.0,6550.0,6375.0,6475.0,86701400,BMRI.JK
2024-07-31,5235.77734375,6400.0,6475.0,6375.0,6400.0,99004100,BMRI.JK
2024-08-01,5522.10888671875,6750.0,6750.0,6500.0,6550.0,163086200,BMRI.JK
2024-08-02,5563.01318359375,6800.0,6875.0,6675.0,6700.0,167892400,BMRI.JK
2024-08-05,5378.94287109375,6575.0,6725.0,6500.0,6700.0,184384000,BMRI.JK
2024-08-06,5419.84716796875,6625.0,6700.0,6525.0,6650.0,95785000,BMRI.JK
2024-08-07,5542.56103515625,6775.0,6775.0,6650.0,6725.0,84582200,BMRI.JK
2024-08-08,5563.01318359375,6800.0,6850.0,6725.0,6800.0,81408500,BMRI.JK
2024-08-09,5603.91748046875,6850.0,6900.0,6800.0,6825.0,79710700,BMRI.JK
2024-08-12,5644.822265625,6900.0,6900.0,6775.0,6875.0,50756000,BMRI.JK
2024-08-13,5726.630859375,7000.0,7000.0,6850.0,6850.0,68666000,BMRI.JK
2024-08-14,5787.98828125,7075.0,7100.0,7025.0,7075.0,97695100,BMRI.JK
2024-08-15,5747.08349609375,7025.0,7075.0,6925.0,7075.0,75955500,BMRI.JK
2024-08-16,5787.98828125,7075.0,7125.0,7025.0,7075.0,64266400,BMRI.JK
2024-08-19,5849.3447265625,7150.0,7150.0,7025.0,7075.0,50246100,BMRI.JK
2024-08-20,5890.2490234375,7200.0,7350.0,7150.0,7200.0,102615900,BMRI.JK
2024-08-21,5931.1533203125,7250.0,7300.0,7225.0,7300.0,88487800,BMRI.JK
2024-08-22,5767.53564453125,7050.0,7175.0,6925.0,7150.0,157323000,BMRI.JK
2024-08-23,5767.53564453125,7050.0,7075.0,6975.0,7000.0,111752100,BMRI.JK
2024-08-26,5767.53564453125,7050.0,7100.0,7000.0,7050.0,78515400,BMRI.JK
2024-08-27,5747.08349609375,7025.0,7050.0,6925.0,7025.0,91686700,BMRI.JK
2024-08-28,5910.701171875,7225.0,7225.0,7000.0,7025.0,114606200,BMRI.JK
2024-08-29,5808.43994140625,7100.0,7300.0,7100.0,7300.0,94475900,BMRI.JK
2024-08-30,5828.892578125,7125.0,7175.0,7075.0,7100.0,153760500,BMRI.JK
2024-09-02,5890.2490234375,7200.0,7275.0,7125.0,7200.0,82176000,BMRI.JK
2024-09-03,5787.98828125,7075.0,7250.0,7050.0,7200.0,75100800,BMRI.JK
2024-09-04,5869.79736328125,7175.0,7175.0,7000.0,7000.0,78789800,BMRI.JK
2024-09-05,5869.79736328125,7175.0,7225.0,7125.0,7125.0,59432000,BMRI.JK
2024-09-06,5931.1533203125,7250.0,7275.0,7150.0,7175.0,63619300,BMRI.JK
2024-09-09,5931.1533203125,7250.0,7250.0,7200.0,7250.0,71430300,BMRI.JK
2024-09-10,5931.1533203125,7250.0,7275.0,7225.0,7250.0,73515700,BMRI.JK
2024-09-11,6033.4150390625,7375.0,7400.0,7275.0,7300.0,91822300,BMRI.JK
2024-09-12,5972.05810546875,7300.0,7425.0,7300.0,7375.0,68254300,BMRI.JK
2024-09-13,5951.60595703125,7275.0,7300.0,7225.0,7300.0,45854000,BMRI.JK
2024-09-17,6074.3193359375,7425.0,7450.0,7300.0,7325.0,96428000,BMRI.JK
2024-09-18,6053.8671875,7400.0,7450.0,7350.0,7375.0,47279200,BMRI.JK
2024-09-19,6053.8671875,7400.0,7550.0,7400.0,7450.0,124377800,BMRI.JK
2024-09-20,5972.05810546875,7300.0,7425.0,7300.0,7400.0,97901700,BMRI.JK
2024-09-23,6094.77197265625,7450.0,7450.0,7300.0,7325.0,79675600,BMRI.JK
2024-09-24,6074.3193359375,7425.0,7475.0,7375.0,7400.0,81817100,BMRI.JK
2024-09-25,5890.2490234375,7200.0,7350.0,7050.0,7350.0,192197100,BMRI.JK
2024-09-26,5869.79736328125,7175.0,7200.0,7100.0,7175.0,173044000,BMRI.JK
2024-09-27,5767.53564453125,7050.0,7125.0,7000.0,7025.0,161405200,BMRI.JK
2024-09-30,5665.2744140625,6925.0,7025.0,6875.0,7000.0,166203500,BMRI.JK
2024-10-01,5767.53564453125,7050.0,7075.0,6950.0,7000.0,82690100,BMRI.JK
2024-10-02,5706.1787109375,6975.0,7100.0,6925.0,7025.0,91076400,BMRI.JK
2024-10-03,5767.53564453125,7050.0,7075.0,6900.0,7000.0,86264900,BMRI.JK
2024-10-04,5685.7265625,6950.0,7050.0,6900.0,7025.0,79485300,BMRI.JK
2024-10-07,5624.36962890625,6875.0,6925.0,6800.0,6925.0,103943100,BMRI.JK
2024-10-08,5787.98828125,7075.0,7175.0,6775.0,6825.0,132141500,BMRI.JK
2024-10-09,5685.7265625,6950.0,7175.0,6950.0,7075.0,76515700,BMRI.JK
2024-10-10,5685.7265625,6950.0,7050.0,6900.0,6925.0,44291900,BMRI.JK
2024-10-11,5685.7265625,6950.0,7025.0,6925.0,7025.0,45331500,BMRI.JK
2024-10-14,5665.2744140625,6925.0,6975.0,6900.0,6925.0,55885300,BMRI.JK
2024-10-15,5767.53564453125,7050.0,7100.0,6925.0,7000.0,90358600,BMRI.JK
2024-10-16,5726.630859375,7000.0,7075.0,6925.0,7050.0,133022500,BMRI.JK
2024-10-17,5910.701171875,7225.0,7250.0,7000.0,7050.0,90219900,BMRI.JK
2024-10-18,5869.79736328125,7175.0,7300.0,7175.0,7275.0,57379200,BMRI.JK
2024-10-21,5890.2490234375,7200.0,7250.0,7125.0,7250.0,43056000,BMRI.JK
2024-10-22,5787.98828125,7075.0,7175.0,7075.0,7150.0,43582700,BMRI.JK
2024-10-23,5787.98828125,7075.0,7125.0,7025.0,7075.0,38222900,BMRI.JK
2024-10-24,5706.1787109375,6975.0,7150.0,6975.0,7000.0,65877100,BMRI.JK
2024-10-25,5767.53564453125,7050.0,7050.0,6975.0,6975.0,34637500,BMRI.JK
2024-10-28,5583.46484375,6825.0,7075.0,6800.0,7075.0,114500800,BMRI.JK
2024-10-29,5583.46484375,6825.0,6850.0,6725.0,6800.0,91268300,BMRI.JK
2024-10-30,5522.10888671875,6750.0,6775.0,6575.0,6575.0,122132700,BMRI.JK
2024-10-31,5481.2041015625,6700.0,6825.0,6700.0,6750.0,126730700,BMRI.JK
2024-11-01,5440.2998046875,6650.0,6725.0,6550.0,6725.0,101423100,BMRI.JK
2024-11-04,5522.10888671875,6750.0,6800.0,6525.0,6600.0,80208800,BMRI.JK
2024-11-05,5665.2744140625,6925.0,6950.0,6675.0,6725.0,88661200,BMRI.JK
2024-11-06,5358.49072265625,6550.0,6925.0,6550.0,6925.0,147272800,BMRI.JK
2024-11-07,5256.22900390625,6425.0,6550.0,6425.0,6500.0,154758500,BMRI.JK
2024-11-08,5174.42041015625,6325.0,6525.0,6275.0,6425.0,192423000,BMRI.JK
2024-11-11,5194.87255859375,6350.0,6450.0,6150.0,6300.0,125606000,BMRI.JK
2024-11-12,5215.3251953125,6375.0,6450.0,6325.0,6375.0,117281700,BMRI.JK
2024-11-13,5256.22900390625,6425.0,6550.0,6400.0,6500.0,102748300,BMRI.JK
2024-11-14,5215.3251953125,6375.0,6475.0,6350.0,6375.0,69750600,BMRI.JK
2024-11-15,5194.87255859375,6350.0,6400.0,6300.0,6300.0,41079700,BMRI.JK
2024-11-18,5174.42041015625,6325.0,6425.0,6225.0,6350.0,77471700,BMRI.JK
2024-11-19,5113.0634765625,6250.0,6375.0,6225.0,6375.0,95495700,BMRI.JK
2024-11-20,5092.611328125,6225.0,6350.0,6200.0,6325.0,68707200,BMRI.JK
2024-11-21,5031.25439453125,6150.0,6225.0,6125.0,6225.0,76579300,BMRI.JK
2024-11-22,5113.0634765625,6250.0,6300.0,6100.0,6125.0,80236400,BMRI.JK
2024-11-25,5378.94287109375,6575.0,6600.0,6325.0,6325.0,183449100,BMRI.JK
2024-11-26,5235.77734375,6400.0,6600.0,6325.0,6600.0,107194300,BMRI.JK
2024-11-28,5276.68115234375,6450.0,6525.0,6350.0,6350.0,81883200,BMRI.JK
2024-11-29,5031.25439453125,6150.0,6375.0,6125.0,6325.0,157628700,BMRI.JK
2024-12-02,4908.54150390625,6000.0,6250.0,5975.0,6175.0,114555300,BMRI.JK
2024-12-03,5133.515625,6275.0,6275.0,6100.0,6100.0,99509800,BMRI.JK
2024-12-04,5215.3251953125,6375.0,6450.0,6225.0,6275.0,75260000,BMRI.JK
2024-12-05,5031.25439453125,6150.0,6375.0,6150.0,6350.0,69528700,BMRI.JK
2024-12-06,5092.611328125,6225.0,6275.0,6125.0,6200.0,75989700,BMRI.JK
2024-12-09,5215.3251953125,6375.0,6375.0,6175.0,6175.0,74220300,BMRI.JK
2024-12-10,5153.9677734375,6300.0,6325.0,6225.0,6275.0,92245000,BMRI.JK
2024-12-11,5153.9677734375,6300.0,6400.0,6300.0,6300.0,62509600,BMRI.JK
2024-12-12,5010.80224609375,6125.0,6225.0,6100.0,6200.0,96707500,BMRI.JK
2024-12-13,4928.99267578125,6025.0,6100.0,5975.0,6025.0,135581400,BMRI.JK
2024-12-16,4969.8974609375,6075.0,6100.0,5900.0,5900.0,105375900,BMRI.JK
2024-12-17,4867.63671875,5950.0,6075.0,5925.0,6050.0,72109300,BMRI.JK
2024-12-18,4765.375,5825.0,6000.0,5775.0,5925.0,153164600,BMRI.JK
2024-12-19,4642.66162109375,5675.0,5725.0,5600.0,5625.0,277793000,BMRI.JK
2024-12-20,4642.66162109375,5675.0,5750.0,5625.0,5675.0,148568600,BMRI.JK
2024-12-23,4765.375,5825.0,5875.0,5725.0,5800.0,82910100,BMRI.JK
2024-12-24,4704.0185546875,5750.0,5875.0,5750.0,5825.0,41240900,BMRI.JK
2024-12-27,4744.92333984375,5800.0,5850.0,5750.0,5750.0,46126800,BMRI.JK
2024-12-30,4663.1142578125,5700.0,5750.0,5650.0,5675.0,96782100,BMRI.JK
2025-01-02,4785.82763671875,5850.0,5850.0,5700.0,5700.0,82914600,BMRI.JK
2025-01-03,4744.92333984375,5800.0,5875.0,5775.0,5850.0,58067100,BMRI.JK
2025-01-06,4642.66162109375,5675.0,5825.0,5650.0,5825.0,68443700,BMRI.JK
2025-01-07,4581.3046875,5600.0,5650.0,5550.0,5600.0,96982300,BMRI.JK
2025-01-08,4704.0185546875,5750.0,5750.0,5600.0,5600.0,118246100,BMRI.JK
2025-01-09,4704.0185546875,5750.0,5775.0,5700.0,5725.0,56491700,BMRI.JK
2025-01-10,4581.3046875,5600.0,5775.0,5600.0,5750.0,77751500,BMRI.JK
2025-01-13,4519.9482421875,5525.0,5550.0,5475.0,5500.0,99953900,BMRI.JK
2025-01-14,4417.68701171875,5400.0,5575.0,5400.0,5425.0,97351900,BMRI.JK
2025-01-15,4704.0185546875,5750.0,5825.0,5450.0,5475.0,194025700,BMRI.JK
2025-01-16,4806.279296875,5875.0,6200.0,5850.0,6075.0,204359900,BMRI.JK
2025-01-17,4806.279296875,5875.0,6050.0,5750.0,5800.0,114054600,BMRI.JK
2025-01-20,4908.54150390625,6000.0,6050.0,5925.0,6000.0,84338400,BMRI.JK
2025-01-21,4949.4453125,6050.0,6175.0,6025.0,6100.0,115355900,BMRI.JK
2025-01-22,5031.25439453125,6150.0,6200.0,6100.0,6150.0,117929800,BMRI.JK
2025-01-23,5051.70703125,6175.0,6300.0,6175.0,6200.0,120893700,BMRI.JK
2025-01-24,5010.80224609375,6125.0,6250.0,6125.0,6250.0,96161800,BMRI.JK
2025-01-30,4990.35009765625,6100.0,6225.0,6075.0,6100.0,101400400,BMRI.JK
2025-01-31,4928.99267578125,6025.0,6225.0,6025.0,6175.0,107861000,BMRI.JK
2025-02-03,4744.92333984375,5800.0,6000.0,5700.0,5975.0,182181700,BMRI.JK
2025-02-04,4642.66162109375,5675.0,5850.0,5625.0,5825.0,121871500,BMRI.JK
2025-02-05,4519.9482421875,5525.0,5600.0,5475.0,5600.0,185656000,BMRI.JK
2025-02-06,4172.259765625,5100.0,5425.0,5000.0,5425.0,642118700,BMRI.JK
2025-02-07,4213.16455078125,5150.0,5150.0,4950.0,5000.0,407896100,BMRI.JK
2025-02-10,4090.450927734375,5000.0,5150.0,4990.0,5150.0,169384300,BMRI.JK
2025-02-11,3992.280029296875,4880.0,4950.0,4750.0,4750.0,316743200,BMRI.JK
2025-02-12,4041.365478515625,4940.0,4950.0,4830.0,4920.0,225073300,BMRI.JK
2025-02-13,4110.90283203125,5025.0,5075.0,4900.0,4940.0,215271400,BMRI.JK
2025-02-14,4192.7119140625,5125.0,5200.0,4970.0,5100.0,239709300,BMRI.JK
2025-02-17,4438.13916015625,5425.0,5475.0,5175.0,5200.0,223837300,BMRI.JK
2025-02-18,4458.59130859375,5450.0,5550.0,5375.0,5450.0,157430200,BMRI.JK
2025-02-19,4233.61669921875,5175.0,5400.0,5125.0,5375.0,204335500,BMRI.JK
2025-02-20,4213.16455078125,5150.0,5225.0,5100.0,5125.0,98363500,BMRI.JK
2025-02-21,4151.80712890625,5075.0,5100.0,5000.0,5000.0,152528600,BMRI.JK
2025-02-24,4110.90283203125,5025.0,5075.0,4980.0,5050.0,127578500,BMRI.JK
2025-02-25,3984.098876953125,4870.0,5025.0,4860.0,5000.0,224607800,BMRI.JK
2025-02-26,4025.003662109375,4920.0,4980.0,4850.0,4860.0,161836900,BMRI.JK
2025-02-27,3812.300048828125,4660.0,4950.0,4660.0,4930.0,334919800,BMRI.JK
2025-02-28,3763.21484375,4600.0,4690.0,4550.0,4620.0,464696700,BMRI.JK
2025-03-03,4008.641845703125,4900.0,4980.0,4700.0,4750.0,257118300,BMRI.JK
2025-03-04,3959.556396484375,4840.0,4920.0,4750.0,4900.0,144346500,BMRI.JK
2025-03-05,3975.918212890625,4860.0,5050.0,4860.0,4860.0,252222800,BMRI.JK
2025-03-06,3984.098876953125,4870.0,4980.0,4870.0,4910.0,194909200,BMRI.JK
2025-03-07,3959.556396484375,4840.0,4870.0,4810.0,4870.0,117916600,BMRI.JK
2025-03-10,3853.204833984375,4710.0,4760.0,4660.0,4730.0,231152200,BMRI.JK
2025-03-11,3877.747314453125,4740.0,4780.0,4640.0,4650.0,150738100,BMRI.JK
2025-03-12,3992.280029296875,4880.0,4880.0,4750.0,4750.0,129973900,BMRI.JK
2025-03-13,3877.747314453125,4740.0,4940.0,4710.0,4940.0,176286000,BMRI.JK
2025-03-14,3877.747314453125,4740.0,4800.0,4640.0,4640.0,154331400,BMRI.JK
2025-03-17,3828.661865234375,4680.0,4770.0,4660.0,4740.0,135692800,BMRI.JK
2025-03-18,3705.9482421875,4530.0,4690.0,4300.0,4680.0,387565100,BMRI.JK
2025-03-19,3828.661865234375,4680.0,4700.0,4440.0,4530.0,273084900,BMRI.JK
2025-03-20,3779.57666015625,4620.0,4770.0,4610.0,4760.0,138209700,BMRI.JK
2025-03-21,3607.777587890625,4410.0,4610.0,4380.0,4600.0,374396400,BMRI.JK
2025-03-24,3648.68212890625,4460.0,4530.0,4250.0,4350.0,319017400,BMRI.JK
2025-03-25,3877.747314453125,4740.0,4810.0,4500.0,4500.0,313034100,BMRI.JK
2025-03-26,4213.16455078125,5150.0,5175.0,4930.0,4980.0,582172700,BMRI.JK
2025-03-27,4254.06884765625,5200.0,5250.0,5050.0,5150.0,301025300,BMRI.JK
2025-04-08,3820.481201171875,4670.0,4830.0,4500.0,4500.0,738455000,BMRI.JK
2025-04-09,3853.204833984375,4710.0,4790.0,4630.0,4630.0,316821100,BMRI.JK
2025-04-10,4110.90283203125,5025.0,5225.0,4970.0,5200.0,559966600,BMRI.JK
2025-04-11,4172.259765625,5100.0,5175.0,4950.0,5000.0,384917500,BMRI.JK
2025-04-14,4276.87158203125,4750.0,4750.0,4650.0,4650.0,423716000,BMRI.JK
2025-04-15,4240.85595703125,4710.0,4820.0,4710.0,4800.0,230981700,BMRI.JK
2025-04-16,4168.82421875,4630.0,4750.0,4590.0,4740.0,201660000,BMRI.JK
2025-04-17,4141.81298828125,4600.0,4660.0,4570.0,4630.0,165381400,BMRI.JK
2025-04-21,4150.81640625,4610.0,4640.0,4560.0,4600.0,83034600,BMRI.JK
2025-04-22,4249.85986328125,4720.0,4720.0,4590.0,4610.0,126426200,BMRI.JK
2025-04-23,4411.9306640625,4900.0,4900.0,4740.0,4780.0,273395600,BMRI.JK
2025-04-24,4402.9267578125,4890.0,5025.0,4860.0,4950.0,282970000,BMRI.JK
2025-04-25,4411.9306640625,4900.0,4960.0,4900.0,4960.0,134208400,BMRI.JK
2025-04-28,4429.9384765625,4920.0,4980.0,4890.0,4950.0,90697900,BMRI.JK
2025-04-29,4447.9462890625,4940.0,4950.0,4880.0,4930.0,108857600,BMRI.JK
2025-04-30,4402.9267578125,4890.0,4920.0,4810.0,4900.0,278360600,BMRI.JK
2025-05-02,4465.95458984375,4960.0,4980.0,4910.0,4980.0,146800800,BMRI.JK
2025-05-05,4483.96240234375,4980.0,5100.0,4960.0,4990.0,154073100,BMRI.JK
2025-05-06,4483.96240234375,4980.0,5050.0,4980.0,5025.0,120165500,BMRI.JK
2025-05-07,4456.95068359375,4950.0,5050.0,4950.0,5050.0,100674600,BMRI.JK
2025-05-08,4312.88720703125,4790.0,5025.0,4790.0,4960.0,205199700,BMRI.JK
2025-05-09,4294.87939453125,4770.0,4830.0,4750.0,4790.0,164014200,BMRI.JK
2025-05-14,4546.98974609375,5050.0,5050.0,4880.0,4890.0,342468200,BMRI.JK
2025-05-15,4794.5986328125,5325.0,5400.0,5050.0,5075.0,300147300,BMRI.JK
2025-05-16,4929.6572265625,5475.0,5475.0,5200.0,5425.0,229382100,BMRI.JK
2025-05-19,4974.67724609375,5525.0,5575.0,5400.0,5450.0,191440600,BMRI.JK
2025-05-20,4862.1279296875,5400.0,5550.0,5350.0,5500.0,145525700,BMRI.JK
2025-05-21,4907.1474609375,5450.0,5550.0,5375.0,5400.0,167239400,BMRI.JK
2025-05-22,4907.1474609375,5450.0,5500.0,5400.0,5450.0,137585600,BMRI.JK
2025-05-23,4884.6376953125,5425.0,5475.0,5375.0,5450.0,67336400,BMRI.JK
2025-05-26,4929.6572265625,5475.0,5475.0,5300.0,5425.0,102960800,BMRI.JK
2025-05-27,4862.1279296875,5400.0,5500.0,5400.0,5500.0,86083800,BMRI.JK
2025-05-28,4772.08837890625,5300.0,5425.0,5300.0,5400.0,190669100,BMRI.JK
2025-06-02,4569.49951171875,5075.0,5250.0,5025.0,5200.0,373474500,BMRI.JK
2025-06-03,4546.98974609375,5050.0,5125.0,4950.0,5100.0,169321800,BMRI.JK
2025-06-04,4524.47998046875,5025.0,5125.0,4980.0,5125.0,139577800,BMRI.JK
2025-06-05,4569.49951171875,5075.0,5075.0,5000.0,5050.0,69179700,BMRI.JK
2025-06-10,4727.06884765625,5250.0,5250.0,5075.0,5075.0,158265000,BMRI.JK
2025-06-11,4682.048828125,5200.0,5300.0,5150.0,5300.0,90666100,BMRI.JK
2025-06-12,4659.5390625,5175.0,5225.0,5125.0,5225.0,72423700,BMRI.JK
2025-06-13,4637.029296875,5150.0,5250.0,5100.0,5175.0,128071000,BMRI.JK
2025-06-16,4637.029296875,5150.0,5200.0,5100.0,5150.0,61695600,BMRI.JK
2025-06-17,4592.00927734375,5100.0,5225.0,5100.0,5175.0,70657700,BMRI.JK
2025-06-18,4569.49951171875,5075.0,5100.0,5025.0,5075.0,53353000,BMRI.JK
2025-06-19,4474.9580078125,4970.0,5050.0,4910.0,5050.0,114769600,BMRI.JK
2025-06-20,4438.94287109375,4930.0,4990.0,4830.0,4940.0,301154300,BMRI.JK
2025-06-23,4429.9384765625,4920.0,4930.0,4800.0,4870.0,119439200,BMRI.JK
2025-06-24,4524.47998046875,5025.0,5125.0,5025.0,5050.0,126563900,BMRI.JK
2025-06-25,4393.9228515625,4880.0,5050.0,4880.0,5025.0,139963400,BMRI.JK
2025-06-26,4524.47998046875,5025.0,5025.0,4910.0,4950.0,94704500,BMRI.JK
2025-06-30,4393.9228515625,4880.0,5050.0,4880.0,5050.0,220479900,BMRI.JK
2025-07-01,4276.87158203125,4750.0,4910.0,4710.0,4900.0,319875800,BMRI.JK
2025-07-02,4294.87939453125,4770.0,4770.0,4710.0,4730.0,159152200,BMRI.JK
2025-07-03,4267.86767578125,4740.0,4850.0,4720.0,4780.0,103849000,BMRI.JK
2025-07-04,4267.86767578125,4740.0,4790.0,4700.0,4750.0,104170500,BMRI.JK
2025-07-07,4267.86767578125,4740.0,4750.0,4680.0,4740.0,120538300,BMRI.JK
2025-07-08,4249.85986328125,4720.0,4750.0,4700.0,4710.0,132853800,BMRI.JK
2025-07-09,4240.85595703125,4710.0,4760.0,4670.0,4720.0,110198500,BMRI.JK
2025-07-10,4339.8994140625,4820.0,4830.0,4730.0,4750.0,160889700,BMRI.JK
2025-07-11,4474.9580078125,4970.0,4990.0,4830.0,4850.0,219980300,BMRI.JK
2025-07-14,4222.84814453125,4690.0,4990.0,4670.0,4980.0,429438700,BMRI.JK
2025-07-15,4231.85205078125,4700.0,4740.0,4690.0,4700.0,206958200,BMRI.JK
2025-07-16,4222.84814453125,4690.0,4760.0,4680.0,4730.0,323831100,BMRI.JK
2025-07-17,4249.85986328125,4720.0,4720.0,4680.0,4700.0,120304000,BMRI.JK
2025-07-18,4267.86767578125,4740.0,4810.0,4720.0,4760.0,161262400,BMRI.JK
2025-07-21,4213.84423828125,4680.0,4770.0,4680.0,4770.0,103387400,BMRI.JK
2025-07-22,4195.8359375,4660.0,4710.0,4650.0,4680.0,132984400,BMRI.JK
2025-07-23,4213.84423828125,4680.0,4690.0,4660.0,4660.0,115298400,BMRI.JK
2025-07-24,4321.8916015625,4800.0,4840.0,4680.0,4690.0,273623100,BMRI.JK
2025-07-25,4222.84814453125,4690.0,4800.0,4690.0,4800.0,88471700,BMRI.JK
2025-07-28,4231.85205078125,4700.0,4750.0,4690.0,4730.0,112048900,BMRI.JK
2025-07-29,4240.85595703125,4710.0,4720.0,4690.0,4700.0,74422700,BMRI.JK
2025-07-30,4159.8203125,4620.0,4720.0,4620.0,4710.0,141263400,BMRI.JK
2025-07-31,4060.77685546875,4510.0,4640.0,4510.0,4610.0,155903600,BMRI.JK
2025-08-01,4078.784912109375,4530.0,4610.0,4510.0,4570.0,157949900,BMRI.JK
2025-08-04,4159.8203125,4620.0,4630.0,4510.0,4530.0,174404800,BMRI.JK
2025-08-05,4276.87158203125,4750.0,4780.0,4660.0,4690.0,277668300,BMRI.JK
2025-08-06,4231.85205078125,4700.0,4750.0,4690.0,4750.0,79277900,BMRI.JK
2025-08-07,4213.84423828125,4680.0,4740.0,4680.0,4740.0,61453100,BMRI.JK
2025-08-08,4204.84033203125,4670.0,4700.0,4660.0,4680.0,71516700,BMRI.JK
2025-08-11,4249.85986328125,4720.0,4780.0,4700.0,4710.0,105204200,BMRI.JK
2025-08-12,4420.93505859375,4910.0,4920.0,4750.0,4770.0,301599000,BMRI.JK
2025-08-13,4384.9189453125,4870.0,4970.0,4860.0,4930.0,180844900,BMRI.JK
2025-08-14,4366.9111328125,4850.0,4930.0,4840.0,4910.0,109457100,BMRI.JK
2025-08-15,4366.9111328125,4850.0,4930.0,4850.0,4890.0,126685400,BMRI.JK
2025-08-19,4321.8916015625,4800.0,4870.0,4780.0,4860.0,116454000,BMRI.JK
2025-08-20,4456.95068359375,4950.0,4950.0,4780.0,4790.0,144622900,BMRI.JK
2025-08-21,4411.9306640625,4900.0,4950.0,4860.0,4950.0,132019200,BMRI.JK
2025-08-22,4402.9267578125,4890.0,4920.0,4870.0,4920.0,73104500,BMRI.JK
2025-08-25,4456.95068359375,4950.0,4980.0,4920.0,4950.0,149580800,BMRI.JK
2025-08-26,4411.9306640625,4900.0,4950.0,4860.0,4950.0,308891700,BMRI.JK
2025-08-27,4321.8916015625,4800.0,4880.0,4800.0,4840.0,113576300,BMRI.JK
2025-08-28,4294.87939453125,4770.0,4850.0,4770.0,4790.0,111707400,BMRI.JK
2025-08-29,4258.86376953125,4730.0,4750.0,4660.0,4720.0,176485100,BMRI.JK
2025-09-01,4141.81298828125,4600.0,4670.0,4460.0,4550.0,320335300,BMRI.JK
2025-09-02,4114.80078125,4570.0,4670.0,4560.0,4610.0,150045600,BMRI.JK
2025-09-03,4159.8203125,4620.0,4660.0,4570.0,4620.0,131617900,BMRI.JK
2025-09-04,4213.84423828125,4680.0,4680.0,4620.0,4630.0,88735300,BMRI.JK
2025-09-08,4042.76953125,4490.0,4750.0,4460.0,4750.0,200234500,BMRI.JK
2025-09-09,3880.6982421875,4310.0,4480.0,4310.0,4450.0,509366600,BMRI.JK
2025-09-10,3961.733642578125,4400.0,4420.0,4350.0,4360.0,293494200,BMRI.JK
2025-09-11,4033.76513671875,4480.0,4540.0,4450.0,4480.0,366697800,BMRI.JK
2025-09-12,4069.781005859375,4520.0,4550.0,4480.0,4500.0,216960200,BMRI.JK
2025-09-15,4078.784912109375,4530.0,4640.0,4520.0,4550.0,231346000,BMRI.JK
2025-09-16,4033.76513671875,4480.0,4570.0,4460.0,4570.0,122027400,BMRI.JK
2025-09-17,4060.77685546875,4510.0,4520.0,4440.0,4480.0,232702500,BMRI.JK
2025-09-18,3979.741455078125,4420.0,4550.0,4420.0,4540.0,177560100,BMRI.JK
2025-09-19,3943.72607421875,4380.0,4420.0,4330.0,4350.0,235975900,BMRI.JK
2025-09-22,3979.741455078125,4420.0,4420.0,4360.0,4410.0,107176100,BMRI.JK
2025-09-23,3970.73779296875,4410.0,4430.0,4370.0,4390.0,90675500,BMRI.JK
2025-09-24,3952.729736328125,4390.0,4430.0,4390.0,4410.0,85439100,BMRI.JK
2025-09-25,3925.71826171875,4360.0,4410.0,4360.0,4400.0,73946900,BMRI.JK
2025-09-26,3979.741455078125,4420.0,4430.0,4350.0,4350.0,86572900,BMRI.JK
2025-09-29,3961.733642578125,4400.0,4430.0,4400.0,4420.0,63753600,BMRI.JK
2025-09-30,3961.733642578125,4400.0,4450.0,4380.0,4420.0,108639600,BMRI.JK
2025-10-01,3943.72607421875,4380.0,4400.0,4350.0,4360.0,92265100,BMRI.JK
2025-10-02,3925.71826171875,4360.0,4440.0,4360.0,4410.0,93387400,BMRI.JK
2025-10-03,3880.6982421875,4310.0,4380.0,4300.0,4370.0,102459100,BMRI.JK
2025-10-06,3835.678466796875,4260.0,4330.0,4260.0,4320.0,96040500,BMRI.JK
2025-10-07,3862.690185546875,4290.0,4320.0,4250.0,4260.0,100237500,BMRI.JK
2025-10-08,3826.6748046875,4250.0,4290.0,4210.0,4280.0,97466800,BMRI.JK
2025-10-09,3952.729736328125,4390.0,4450.0,4200.0,4240.0,183242600,BMRI.JK
2025-10-10,3826.6748046875,4250.0,4420.0,4250.0,4410.0,139911200,BMRI.JK
2025-10-13,3808.6669921875,4230.0,4240.0,4200.0,4210.0,79178600,BMRI.JK
2025-10-14,3682.611572265625,4090.0,4270.0,4090.0,4220.0,188507000,BMRI.JK
2025-10-15,3646.595947265625,4050.0,4140.0,4010.0,4110.0,270562400,BMRI.JK
2025-10-16,3682.611572265625,4090.0,4150.0,4050.0,4050.0,125979600,BMRI.JK
2025-10-17,3646.595947265625,4050.0,4110.0,4030.0,4110.0,247510000,BMRI.JK
2025-10-20,3871.6943359375,4300.0,4320.0,4070.0,4120.0,331939200,BMRI.JK
2025-10-21,3916.7138671875,4350.0,4390.0,4300.0,4350.0,230858900,BMRI.JK
2025-10-22,3898.7060546875,4330.0,4460.0,4290.0,4350.0,216261300,BMRI.JK
2025-10-23,3988.74560546875,4430.0,4440.0,4310.0,4310.0,202102500,BMRI.JK
2025-10-24,4096.79296875,4550.0,4590.0,4380.0,4380.0,350420300,BMRI.JK
2025-10-27,4024.761474609375,4470.0,4600.0,4410.0,4590.0,245576100,BMRI.JK
2025-10-28,4060.77685546875,4510.0,4510.0,4440.0,4490.0,174666600,BMRI.JK
2025-10-29,4186.83251953125,4650.0,4650.0,4490.0,4500.0,176978800,BMRI.JK
2025-10-30,4321.8916015625,4800.0,4830.0,4650.0,4670.0,390256000,BMRI.JK
2025-10-31,4249.85986328125,4720.0,4800.0,4720.0,4790.0,227378000,BMRI.JK
2025-11-03,4285.87548828125,4760.0,4760.0,4700.0,4710.0,129834200,BMRI.JK
2025-11-04,4258.86376953125,4730.0,4790.0,4720.0,4760.0,136412400,BMRI.JK
2025-11-05,4294.87939453125,4770.0,4770.0,4680.0,4690.0,102878900,BMRI.JK
2025-11-06,4276.87158203125,4750.0,4790.0,4750.0,4790.0,57932600,BMRI.JK
2025-11-07,4276.87158203125,4750.0,4780.0,4740.0,4750.0,58845500,BMRI.JK
2025-11-10,4258.86376953125,4730.0,4790.0,4730.0,4790.0,88738200,BMRI.JK
2025-11-11,4213.84423828125,4680.0,4750.0,4610.0,4740.0,168794500,BMRI.JK
2025-11-12,4285.87548828125,4760.0,4790.0,4680.0,4680.0,138539800,BMRI.JK
2025-11-13,4231.85205078125,4700.0,4760.0,4690.0,4760.0,108100300,BMRI.JK
2025-11-14,4276.87158203125,4750.0,4750.0,4680.0,4690.0,73479600,BMRI.JK
2025-11-17,4339.8994140625,4820.0,4850.0,4770.0,4780.0,136477100,BMRI.JK
2025-11-18,4312.88720703125,4790.0,4850.0,4780.0,4810.0,127022100,BMRI.JK
2025-11-19,4366.9111328125,4850.0,4850.0,4800.0,4820.0,107585700,BMRI.JK
2025-11-20,4447.9462890625,4940.0,4990.0,4900.0,4940.0,234717700,BMRI.JK
2025-11-21,4456.95068359375,4950.0,4970.0,4900.0,4940.0,142452600,BMRI.JK
2025-11-24,4592.00927734375,5100.0,5100.0,4870.0,4910.0,303252000,BMRI.JK
2025-11-25,4524.47998046875,5025.0,5100.0,4950.0,5075.0,169379300,BMRI.JK
2025-11-26,4524.47998046875,5025.0,5025.0,4960.0,5025.0,128492000,BMRI.JK
2025-11-27,4375.9150390625,4860.0,5025.0,4850.0,5025.0,170213000,BMRI.JK
2025-11-28,4348.9033203125,4830.0,4880.0,4800.0,4800.0,128777200,BMRI.JK
2025-12-01,4375.9150390625,4860.0,4910.0,4820.0,4850.0,58603700,BMRI.JK
2025-12-02,4366.9111328125,4850.0,4940.0,4820.0,4920.0,104013500,BMRI.JK
2025-12-03,4393.9228515625,4880.0,4920.0,4820.0,4850.0,102556300,BMRI.JK
2025-12-04,4429.9384765625,4920.0,4940.0,4880.0,4930.0,59392600,BMRI.JK
2025-12-05,4411.9306640625,4900.0,4940.0,4870.0,4940.0,53969200,BMRI.JK
2025-12-08,4456.95068359375,4950.0,4960.0,4910.0,4950.0,62947600,BMRI.JK
2025-12-09,4402.9267578125,4890.0,4980.0,4870.0,4970.0,134575200,BMRI.JK
2025-12-10,4474.9580078125,4970.0,4970.0,4870.0,4950.0,96005900,BMRI.JK
2025-12-11,4456.95068359375,4950.0,5050.0,4830.0,5000.0,151956700,BMRI.JK
2025-12-12,4339.8994140625,4820.0,4980.0,4820.0,4980.0,111830600,BMRI.JK
2025-12-15,4492.96630859375,4990.0,5025.0,4790.0,4820.0,122451500,BMRI.JK
2025-12-16,4501.97021484375,5000.0,5050.0,4920.0,5025.0,137373200,BMRI.JK
2025-12-17,4524.47998046875,5025.0,5025.0,4960.0,4990.0,94254100,BMRI.JK
2025-12-18,4637.029296875,5150.0,5175.0,5025.0,5025.0,150669000,BMRI.JK
2025-12-19,4659.5390625,5175.0,5200.0,5100.0,5175.0,161960800,BMRI.JK
2025-12-22,4592.00927734375,5100.0,5200.0,5025.0,5175.0,93615600,BMRI.JK
2025-12-23,4546.98974609375,5050.0,5100.0,5000.0,5050.0,44307700,BMRI.JK
2025-12-24,4546.98974609375,5050.0,5100.0,5025.0,5025.0,40272500,BMRI.JK
2025-12-29,4569.49951171875,5075.0,5150.0,5050.0,5075.0,55697500,BMRI.JK
2025-12-30,4592.00927734375,5100.0,5150.0,5050.0,5075.0,74077800,BMRI.JK
2026-01-02,4569.49951171875,5075.0,5150.0,5025.0,5125.0,59263700,BMRI.JK
2026-01-05,4546.98974609375,5050.0,5100.0,5025.0,5075.0,108458200,BMRI.JK
2026-01-06,4482.68896484375,4880.0,4990.0,4880.0,4990.0,180600600,BMRI.JK
2026-01-07,4418.38818359375,4810.0,4900.0,4800.0,4890.0,284261700,BMRI.JK
2026-01-08,4418.38818359375,4810.0,4880.0,4810.0,4820.0,108534300,BMRI.JK
2026-01-09,4372.458984375,4760.0,4840.0,4760.0,4820.0,104703800,BMRI.JK
2026-01-12,4381.64453125,4770.0,4850.0,4720.0,4780.0,118384500,BMRI.JK
2026-01-13,4427.57373046875,4820.0,4840.0,4780.0,4800.0,93419500,BMRI.JK
2026-01-14,4445.94580078125,4840.0,4850.0,4770.0,4840.0,114314800,BMRI.JK
2026-01-15,4583.7333984375,4990.0,5075.0,4830.0,4840.0,245024400,BMRI.JK
2026-01-19,4592.9189453125,5000.0,5100.0,4980.0,5025.0,197645100,BMRI.JK
2026-01-20,4615.8837890625,5025.0,5075.0,4990.0,5000.0,93803800,BMRI.JK
2026-01-21,4583.7333984375,4990.0,5025.0,4930.0,5025.0,117548600,BMRI.JK
2026-01-22,4574.54736328125,4980.0,5025.0,4930.0,4990.0,145002200,BMRI.JK
2026-01-23,4583.7333984375,4990.0,5000.0,4870.0,4980.0,116237200,BMRI.JK
2026-01-26,4510.24658203125,4910.0,4970.0,4870.0,4910.0,225443300,BMRI.JK
2026-01-27,4418.38818359375,4810.0,4910.0,4800.0,4860.0,160620600,BMRI.JK
2026-01-28,4188.7421875,4560.0,4810.0,4410.0,4570.0,643802800,BMRI.JK
2026-01-29,4253.04296875,4630.0,4640.0,4070.0,4420.0,907054600,BMRI.JK
2026-01-30,4427.57373046875,4820.0,4880.0,4630.0,4700.0,343393600,BMRI.JK
2026-02-02,4409.2021484375,4800.0,4920.0,4710.0,4900.0,290622800,BMRI.JK
2026-02-03,4436.759765625,4830.0,4850.0,4710.0,4830.0,169775800,BMRI.JK
2026-02-04,4592.9189453125,5000.0,5025.0,4830.0,4860.0,232816800,BMRI.JK
2026-02-05,4638.84814453125,5050.0,5100.0,5000.0,5050.0,209505400,BMRI.JK
2026-02-06,4638.84814453125,5050.0,5050.0,4890.0,4950.0,278775900,BMRI.JK
2026-02-09,4592.9189453125,5000.0,5075.0,4950.0,5050.0,177079900,BMRI.JK
2026-02-10,4684.77734375,5100.0,5100.0,4990.0,5000.0,177110700,BMRI.JK
2026-02-11,4615.8837890625,5025.0,5100.0,4990.0,5075.0,201135900,BMRI.JK
2026-02-12,4661.81298828125,5075.0,5075.0,5000.0,5025.0,121407500,BMRI.JK
2026-02-13,4661.81298828125,5075.0,5075.0,4970.0,5050.0,157236900,BMRI.JK
2026-02-18,4845.52978515625,5275.0,5275.0,5050.0,5075.0,212076100,BMRI.JK
2026-02-19,4661.81298828125,5075.0,5300.0,5050.0,5275.0,133827800,BMRI.JK
2026-02-20,4707.7421875,5125.0,5175.0,5050.0,5100.0,88563800,BMRI.JK
2026-02-23,4845.52978515625,5275.0,5275.0,5150.0,5150.0,131077800,BMRI.JK
2026-02-24,4937.38818359375,5375.0,5375.0,5250.0,5275.0,203553200,BMRI.JK
2026-02-25,4868.494140625,5300.0,5375.0,5300.0,5350.0,147700600,BMRI.JK
2026-02-26,4891.458984375,5325.0,5350.0,5200.0,5350.0,120621100,BMRI.JK
2026-02-27,4845.52978515625,5275.0,5350.0,5275.0,5325.0,206461200,BMRI.JK
2026-03-02,4661.81298828125,5075.0,5175.0,5050.0,5125.0,168721700,BMRI.JK
2026-03-03,4684.77734375,5100.0,5175.0,5050.0,5100.0,106384700,BMRI.JK
2026-03-04,4574.54736328125,4980.0,5075.0,4870.0,5050.0,294487200,BMRI.JK
2026-03-05,4707.7421875,5125.0,5125.0,5000.0,5025.0,133690000,BMRI.JK
2026-03-06,4574.54736328125,4980.0,5100.0,4950.0,5075.0,127625100,BMRI.JK
2026-03-09,4427.57373046875,4820.0,4870.0,4780.0,4800.0,217673200,BMRI.JK
2026-03-10,4510.24658203125,4910.0,4990.0,4860.0,4920.0,124581800,BMRI.JK
2026-03-11,4482.68896484375,4880.0,4970.0,4880.0,4930.0,86606500,BMRI.JK
2026-03-12,4556.17578125,4960.0,4980.0,4870.0,4870.0,85989900,BMRI.JK
2026-03-13,4363.27294921875,4750.0,4920.0,4750.0,4900.0,187462500,BMRI.JK
2026-03-16,4317.34375,4700.0,4740.0,4630.0,4730.0,149035900,BMRI.JK
2026-03-17,4344.9013671875,4730.0,4780.0,4710.0,4750.0,274977700,BMRI.JK
2026-03-25,4565.361328125,4970.0,4970.0,4650.0,4650.0,389331300,BMRI.JK
2026-03-26,4445.94580078125,4840.0,4980.0,4840.0,4970.0,120735200,BMRI.JK
2026-03-27,4372.458984375,4760.0,4870.0,4760.0,4840.0,73158700,BMRI.JK
2026-03-30,4317.34375,4700.0,4750.0,4690.0,4710.0,110819500,BMRI.JK
2026-03-31,4335.7158203125,4720.0,4790.0,4700.0,4710.0,184777500,BMRI.JK
2026-04-01,4335.7158203125,4720.0,4830.0,4680.0,4800.0,162832600,BMRI.JK
2026-04-02,4271.41455078125,4650.0,4730.0,4640.0,4720.0,109496300,BMRI.JK
2026-04-06,4234.67138671875,4610.0,4700.0,4600.0,4650.0,60887500,BMRI.JK
2026-04-07,4142.81298828125,4510.0,4610.0,4500.0,4600.0,190831700,BMRI.JK
2026-04-08,4289.78662109375,4670.0,4700.0,4630.0,4670.0,169872400,BMRI.JK
2026-04-09,4197.92822265625,4570.0,4650.0,4570.0,4650.0,128431200,BMRI.JK
2026-04-10,4289.78662109375,4670.0,4700.0,4580.0,4580.0,103583800,BMRI.JK
2026-04-13,4225.4853515625,4600.0,4660.0,4600.0,4640.0,103202100,BMRI.JK
2026-04-14,4326.52978515625,4710.0,4720.0,4650.0,4670.0,135501000,BMRI.JK
2026-04-15,4271.41455078125,4650.0,4770.0,4640.0,4750.0,104621600,BMRI.JK
2026-04-16,4262.22900390625,4640.0,4680.0,4620.0,4680.0,120500900,BMRI.JK
2026-04-17,4243.857421875,4620.0,4700.0,4580.0,4670.0,125867600,BMRI.JK
2026-04-20,4243.857421875,4620.0,4670.0,4590.0,4640.0,104938900,BMRI.JK
2026-04-21,4317.34375,4700.0,4700.0,4610.0,4610.0,120070400,BMRI.JK
2026-04-22,4363.27294921875,4750.0,4770.0,4700.0,4700.0,113814200,BMRI.JK
2026-04-23,4253.04296875,4630.0,4770.0,4630.0,4760.0,133792200,BMRI.JK
2026-04-24,4133.626953125,4500.0,4630.0,4490.0,4630.0,218703100,BMRI.JK
2026-04-27,4041.768798828125,4400.0,4510.0,4360.0,4500.0,257209000,BMRI.JK
2026-04-28,4069.326171875,4430.0,4480.0,4350.0,4420.0,246361500,BMRI.JK
2026-04-29,4069.326171875,4430.0,4530.0,4430.0,4440.0,201458600,BMRI.JK
2026-04-30,4032.5830078125,4390.0,4450.0,4370.0,4430.0,186960200,BMRI.JK
2026-05-04,4060.140380859375,4420.0,4470.0,4410.0,4430.0,166294600,BMRI.JK
2026-05-05,4124.44140625,4490.0,4570.0,4410.0,4420.0,186702000,BMRI.JK
2026-05-06,4142.81298828125,4510.0,4550.0,4480.0,4530.0,156255400,BMRI.JK
2026-05-07,4262.22900390625,4640.0,4640.0,4550.0,4570.0,262269600,BMRI.JK
2026-05-08,4253.04296875,4630.0,4710.0,4620.0,4650.0,369212800,BMRI.JK
2026-05-11,4250.0,4250.0,4340.0,4250.0,4310.0,424518900,BMRI.JK
2026-05-12,4240.0,4240.0,4270.0,4190.0,4270.0,221247900,BMRI.JK
2026-05-13,4200.0,4200.0,4250.0,4190.0,4230.0,192288300,BMRI.JK
2026-05-14,4200.0,4200.0,4200.0,4200.0,4200.0,0,BMRI.JK
2026-05-15,4200.0,4200.0,4200.0,4200.0,4200.0,0,BMRI.JK
2026-05-18,4130.0,4130.0,4170.0,4080.0,4170.0,316067300,BMRI.JK
2026-05-19,4130.0,4130.0,4260.0,4100.0,4130.0,306901800,BMRI.JK
2026-05-20,4230.0,4230.0,4290.0,4110.0,4150.0,308468000,BMRI.JK
2026-05-21,4170.0,4170.0,4280.0,4130.0,4280.0,137461700,BMRI.JK
2026-05-22,4120.0,4120.0,4150.0,4040.0,4140.0,190022900,BMRI.JK
2026-05-25,4220.0,4220.0,4300.0,4130.0,4160.0,235113500,BMRI.JK
2026-05-26,4130.0,4130.0,4220.0,4130.0,4210.0,181583300,BMRI.JK
2026-05-27,4130.0,4130.0,4130.0,4130.0,4130.0,0,BMRI.JK
2026-05-28,4130.0,4130.0,4130.0,4130.0,4130.0,0,BMRI.JK
2026-05-29,4080.0,4080.0,4190.0,4080.0,4120.0,442625300,BMRI.JK
2026-06-02,4170.0,4170.0,4190.0,4090.0,4090.0,261911500,BMRI.JK
2026-06-03,4050.0,4050.0,4200.0,4020.0,4200.0,287274100,BMRI.JK
2026-06-04,3970.0,3970.0,4060.0,3930.0,4050.0,328529500,BMRI.JK
2026-06-05,3840.0,3840.0,3950.0,3820.0,3900.0,320689600,BMRI.JK
2026-06-08,3710.0,3710.0,3900.0,3700.0,3810.0,387103400,BMRI.JK
2026-06-09,4090.0,4090.0,4090.0,3650.0,3650.0,484957600,BMRI.JK
2026-06-10,4260.0,4260.0,4260.0,4050.0,4100.0,359183100,BMRI.JK
2026-06-11,4250.0,4250.0,4340.0,4140.0,4260.0,308861000,BMRI.JK
2026-06-12,4200.0,4200.0,4320.0,4200.0,4320.0,241735800,BMRI.JK
2026-06-15,4500.0,4500.0,4500.0,4300.0,4300.0,310948900,BMRI.JK
2026-06-17,4490.0,4490.0,4570.0,4390.0,4500.0,286865700,BMRI.JK
2026-06-18,4470.0,4470.0,4470.0,4340.0,4440.0,190568200,BMRI.JK
2026-06-19,4310.0,4310.0,4470.0,4300.0,4390.0,377274300,BMRI.JK
2026-06-22,4220.0,4220.0,4340.0,4220.0,4320.0,101336500,BMRI.JK
2026-06-23,4120.0,4120.0,4210.0,4090.0,4200.0,248512500,BMRI.JK
2026-06-24,3970.0,3970.0,4180.0,3970.0,4130.0,254221600,BMRI.JK
2026-06-25,4000.0,4000.0,4090.0,3960.0,3970.0,275422800,BMRI.JK
2026-06-26,3990.0,3990.0,4040.0,3900.0,4000.0,247361000,BMRI.JK
2026-06-29,3940.0,3940.0,4010.0,3930.0,3990.0,120733900,BMRI.JK
2026-06-30,3850.0,3850.0,3930.0,3830.0,3930.0,200553100,BMRI.JK
2026-07-01,3810.0,3810.0,3880.0,3800.0,3810.0,142033400,BMRI.JK
2026-07-02,3900.0,3900.0,3960.0,3810.0,3810.0,181957900,BMRI.JK
2026-07-03,4010.0,4010.0,4040.0,3950.0,3950.0,97694100,BMRI.JK
2026-07-06,4030.0,4030.0,4040.0,3940.0,4020.0,143666300,BMRI.JK
2026-07-07,4070.0,4070.0,4090.0,3990.0,4030.0,181399100,BMRI.JK
2026-07-08,3970.0,3970.0,4080.0,3970.0,4080.0,107252600,BMRI.JK
2026-07-09,4040.0,4040.0,4040.0,3950.0,3960.0,109084100,BMRI.JK
2026-07-10,4080.0,4080.0,4080.0,4010.0,4050.0,73997600,BMRI.JK
2026-07-13,4250.0,4250.0,4260.0,4020.0,4070.0,140381100,BMRI.JK
2026-07-14,4160.0,4160.0,4260.0,4130.0,4250.0,186937300,BMRI.JK
2026-07-15,4200.0,4200.0,4270.0,4170.0,4220.0,145283200,BMRI.JK
2026-07-16,4310.0,4310.0,4310.0,4220.0,4240.0,103434900,BMRI.JK
2026-07-17,4480.0,4480.0,4490.0,4270.0,4310.0,258763500,BMRI.JK
2026-07-20,4450.0,4450.0,4520.0,4420.0,4480.0,197096400,BMRI.JK
2026-07-21,4480.0,4480.0,4490.0,4430.0,4480.0,135068500,BMRI.JK
2026-07-22,4420.0,4420.0,4490.0,4410.0,4490.0,93136600,BMRI.JK
2026-07-23,4380.0,4380.0,4470.0,4330.0,4450.0,160468800,BMRI.JK
2026-07-24,4130.0,4130.0,4290.0,4120.0,4280.0,403126400,BMRI.JK
2026-07-27,4160.0,4160.0,4160.0,4060.0,4110.0,233516000,BMRI.JK
2026-07-28,4100.0,4100.0,4190.0,4100.0,4150.0,162841200,BMRI.JK
2026-07-29,4090.0,4090.0,4140.0,4060.0,4120.0,125647800,BMRI.JK
2026-07-30,4160.0,4160.0,4200.0,4100.0,4100.0,100897800,BMRI.JK
2026-07-31,4190.0,4190.0,4200.0,4160.0,4180.0,97657300,BMRI.JK
2026-08-03,4170.0,4170.0,4230.0,4140.0,4230.0,76254300,BMRI.JK
2026-08-04,4260.0,4260.0,4260.0,4170.0,4170.0,121374800,BMRI.JK
2026-08-05,4220.0,4220.0,4280.0,4220.0,4260.0,122781400,BMRI.JK
2026-08-06,4200.0,4200.0,4280.0,4200.0,4240.0,95744300,BMRI.JK
2026-08-07,4240.0,4240.0,4270.0,4210.0,4220.0,110106100,BMRI.JK
2026-08-10,4180.0,4180.0,4270.0,4180.0,4250.0,148614700,BMRI.JK
2026-08-11,4120.0,4120.0,4200.0,4100.0,4200.0,148404100,BMRI.JK
2026-08-12,4130.0,4130.0,4150.0,4080.0,4130.0,153658300,BMRI.JK
2026-08-13,4130.0,4130.0,4150.0,4090.0,4140.0,108708200,BMRI.JK
2026-08-14,4170.0,4170.0,4170.0,4100.0,4140.0,75934800,BMRI.JK
2026-08-18,4150.0,4150.0,4220.0,4150.0,4200.0,116514200,BMRI.JK
2026-08-19,4140.0,4140.0,4190.0,4140.0,4160.0,79287200,BMRI.JK
2026-08-20,4150.0,4150.0,4180.0,4140.0,4150.0,74796300,BMRI.JK
2026-08-21,4220.0,4220.0,4240.0,4170.0,4170.0,142906200,BMRI.JK
2026-08-24,4200.0,4200.0,4220.0,4170.0,4220.0,86046100,BMRI.JK
2026-08-26,4160.0,4160.0,4190.0,4150.0,4190.0,156162500,BMRI.JK
2026-08-27,4210.0,4210.0,4210.0,4130.0,4140.0,66036800,BMRI.JK
2026-08-28,4250.0,4250.0,4260.0,4200.0,4220.0,111542000,BMRI.JK
2026-08-31,4230.0,4230.0,4280.0,4200.0,4250.0,231356300,BMRI.JK
2026-09-01,4320.0,4320.0,4320.0,4230.0,4230.0,191597900,BMRI.JK
