Date,Adj Close,Close,High,Low,Open,Volume,Ticker
2018-01-01,2757.745361328125,4440.0,4440.0,4440.0,4440.0,0,TLKM.JK
2018-01-02,2739.1123046875,4410.0,4460.0,4380.0,4430.0,66075600,TLKM.JK
2018-01-03,2627.311767578125,4230.0,4380.0,4200.0,4380.0,129205000,TLKM.JK
2018-01-04,2621.1005859375,4220.0,4250.0,4190.0,4230.0,77953300,TLKM.JK
2018-01-05,2658.367431640625,4280.0,4280.0,4200.0,4220.0,55863000,TLKM.JK
2018-01-08,2645.945068359375,4260.0,4290.0,4250.0,4250.0,42916700,TLKM.JK
2018-01-09,2608.678466796875,4200.0,4240.0,4180.0,4240.0,100497400,TLKM.JK
2018-01-10,2602.467041015625,4190.0,4250.0,4180.0,4200.0,95004000,TLKM.JK
2018-01-11,2590.044677734375,4170.0,4200.0,4150.0,4200.0,80524900,TLKM.JK
2018-01-12,2565.200439453125,4130.0,4190.0,4130.0,4160.0,70976800,TLKM.JK
2018-01-15,2558.9892578125,4120.0,4170.0,4100.0,4160.0,71388000,TLKM.JK
2018-01-16,2614.889404296875,4210.0,4220.0,4120.0,4150.0,84393300,TLKM.JK
2018-01-17,2608.678466796875,4200.0,4220.0,4180.0,4210.0,77197700,TLKM.JK
2018-01-18,2590.044677734375,4170.0,4240.0,4160.0,4210.0,100089500,TLKM.JK
2018-01-19,2583.833740234375,4160.0,4190.0,4120.0,4190.0,70890100,TLKM.JK
2018-01-22,2565.200439453125,4130.0,4160.0,4120.0,4120.0,83090400,TLKM.JK
2018-01-23,2540.355712890625,4090.0,4160.0,4030.0,4160.0,184176500,TLKM.JK
2018-01-24,2472.033203125,3980.0,4090.0,3970.0,4090.0,241779600,TLKM.JK
2018-01-25,2465.822265625,3970.0,4020.0,3920.0,3980.0,232552500,TLKM.JK
2018-01-26,2577.622802734375,4150.0,4160.0,3990.0,3990.0,246067800,TLKM.JK
2018-01-29,2527.93359375,4070.0,4180.0,4030.0,4170.0,156356300,TLKM.JK
2018-01-30,2465.822265625,3970.0,4040.0,3960.0,4020.0,140694300,TLKM.JK
2018-01-31,2478.24462890625,3990.0,4060.0,3950.0,3960.0,112276200,TLKM.JK
2018-02-01,2472.033203125,3980.0,4070.0,3980.0,4030.0,102291000,TLKM.JK
2018-02-02,2484.455810546875,4000.0,4030.0,4000.0,4030.0,71707200,TLKM.JK
2018-02-05,2490.66650390625,4010.0,4030.0,3920.0,3950.0,70792500,TLKM.JK
2018-02-06,2447.188720703125,3940.0,3990.0,3930.0,3950.0,146207400,TLKM.JK
2018-02-07,2472.033203125,3980.0,4020.0,3950.0,3990.0,120081100,TLKM.JK
2018-02-08,2496.877685546875,4020.0,4040.0,3940.0,3980.0,101865000,TLKM.JK
2018-02-09,2453.399658203125,3950.0,4000.0,3940.0,3970.0,78255000,TLKM.JK
2018-02-12,2459.61083984375,3960.0,3990.0,3950.0,3950.0,58535200,TLKM.JK
2018-02-13,2509.300048828125,4040.0,4060.0,3980.0,3990.0,79288000,TLKM.JK
2018-02-14,2509.300048828125,4040.0,4080.0,3990.0,4050.0,63313200,TLKM.JK
2018-02-15,2490.66650390625,4010.0,4060.0,4000.0,4050.0,32896000,TLKM.JK
2018-02-16,2490.66650390625,4010.0,4010.0,4010.0,4010.0,0,TLKM.JK
2018-02-19,2515.51123046875,4050.0,4080.0,4040.0,4050.0,89429500,TLKM.JK
2018-02-20,2527.93359375,4070.0,4080.0,4040.0,4080.0,53466600,TLKM.JK
2018-02-21,2527.93359375,4070.0,4080.0,4020.0,4040.0,74130200,TLKM.JK
2018-02-22,2490.66650390625,4010.0,4070.0,4010.0,4070.0,91272600,TLKM.JK
2018-02-23,2503.089111328125,4030.0,4040.0,4010.0,4030.0,59706400,TLKM.JK
2018-02-26,2503.089111328125,4030.0,4050.0,4010.0,4050.0,56293900,TLKM.JK
2018-02-27,2496.877685546875,4020.0,4030.0,3960.0,4030.0,81554100,TLKM.JK
2018-02-28,2484.455810546875,4000.0,4050.0,3970.0,3970.0,94528200,TLKM.JK
2018-03-01,2521.722412109375,4060.0,4090.0,4020.0,4050.0,84215600,TLKM.JK
2018-03-02,2527.93359375,4070.0,4070.0,4030.0,4060.0,61410200,TLKM.JK
2018-03-05,2496.877685546875,4020.0,4060.0,4000.0,4050.0,56394900,TLKM.JK
2018-03-06,2496.877685546875,4020.0,4060.0,4020.0,4050.0,59010500,TLKM.JK
2018-03-07,2484.455810546875,4000.0,4040.0,3980.0,4000.0,100646000,TLKM.JK
2018-03-08,2571.411865234375,4140.0,4140.0,4020.0,4050.0,152547000,TLKM.JK
2018-03-09,2577.622802734375,4150.0,4160.0,4090.0,4150.0,97354700,TLKM.JK
2018-03-12,2608.678466796875,4200.0,4200.0,4130.0,4170.0,87344000,TLKM.JK
2018-03-13,2540.355712890625,4090.0,4180.0,4080.0,4160.0,96605900,TLKM.JK
2018-03-14,2521.722412109375,4060.0,4090.0,4040.0,4070.0,74296000,TLKM.JK
2018-03-15,2440.9775390625,3930.0,4040.0,3930.0,4030.0,133775500,TLKM.JK
2018-03-16,2372.655029296875,3820.0,3950.0,3820.0,3930.0,208216200,TLKM.JK
2018-03-19,2372.655029296875,3820.0,3900.0,3810.0,3860.0,111808000,TLKM.JK
2018-03-20,2273.276611328125,3660.0,3810.0,3640.0,3800.0,254154700,TLKM.JK
2018-03-21,2304.33251953125,3710.0,3720.0,3630.0,3660.0,152085900,TLKM.JK
2018-03-22,2298.121337890625,3700.0,3810.0,3690.0,3720.0,132850400,TLKM.JK
2018-03-23,2273.276611328125,3660.0,3690.0,3520.0,3520.0,104485500,TLKM.JK
2018-03-26,2229.799072265625,3590.0,3650.0,3580.0,3600.0,104993600,TLKM.JK
2018-03-27,2211.165771484375,3560.0,3650.0,3540.0,3630.0,106157400,TLKM.JK
2018-03-28,2217.376708984375,3570.0,3620.0,3540.0,3570.0,83907700,TLKM.JK
2018-03-29,2236.010009765625,3600.0,3600.0,3530.0,3580.0,106930200,TLKM.JK
2018-03-30,2236.010009765625,3600.0,3600.0,3600.0,3600.0,0,TLKM.JK
2018-04-02,2279.48828125,3670.0,3680.0,3600.0,3640.0,63944000,TLKM.JK
2018-04-03,2254.643310546875,3630.0,3670.0,3620.0,3640.0,57234700,TLKM.JK
2018-04-04,2236.010009765625,3600.0,3660.0,3570.0,3630.0,80976000,TLKM.JK
2018-04-05,2285.69921875,3680.0,3690.0,3650.0,3650.0,102973700,TLKM.JK
2018-04-06,2267.065673828125,3650.0,3690.0,3650.0,3680.0,62905500,TLKM.JK
2018-04-09,2341.599365234375,3770.0,3780.0,3630.0,3630.0,114947800,TLKM.JK
2018-04-10,2397.49951171875,3860.0,3880.0,3730.0,3740.0,138847700,TLKM.JK
2018-04-11,2403.710693359375,3870.0,3890.0,3850.0,3850.0,58454500,TLKM.JK
2018-04-12,2329.17724609375,3750.0,3860.0,3740.0,3830.0,76340800,TLKM.JK
2018-04-13,2273.276611328125,3660.0,3780.0,3630.0,3760.0,88313600,TLKM.JK
2018-04-16,2273.276611328125,3660.0,3660.0,3660.0,3660.0,0,TLKM.JK
2018-04-17,2273.276611328125,3660.0,3660.0,3660.0,3660.0,0,TLKM.JK
2018-04-18,2341.599365234375,3770.0,3770.0,3710.0,3720.0,65927000,TLKM.JK
2018-04-19,2341.599365234375,3770.0,3770.0,3770.0,3770.0,0,TLKM.JK
2018-04-20,2341.599365234375,3770.0,3770.0,3770.0,3770.0,0,TLKM.JK
2018-04-23,2329.17724609375,3750.0,3780.0,3720.0,3720.0,72362700,TLKM.JK
2018-04-24,2378.866455078125,3830.0,3830.0,3770.0,3810.0,81396500,TLKM.JK
2018-04-25,2378.866455078125,3830.0,3830.0,3830.0,3830.0,0,TLKM.JK
2018-04-26,2378.866455078125,3830.0,3830.0,3830.0,3830.0,0,TLKM.JK
2018-04-27,2378.866455078125,3830.0,3830.0,3830.0,3830.0,0,TLKM.JK
2018-04-30,2378.866455078125,3830.0,3870.0,3750.0,3750.0,95418200,TLKM.JK
2018-05-01,2378.866455078125,3830.0,3830.0,3830.0,3830.0,0,TLKM.JK
2018-05-02,2403.710693359375,3870.0,3880.0,3780.0,3810.0,118872100,TLKM.JK
2018-05-03,2322.966064453125,3740.0,3860.0,3740.0,3850.0,91601300,TLKM.JK
2018-05-04,2316.7548828125,3730.0,3750.0,3650.0,3700.0,80894300,TLKM.JK
2018-05-07,2360.232666015625,3800.0,3820.0,3730.0,3750.0,97351600,TLKM.JK
2018-05-08,2352.21435546875,3620.0,3670.0,3570.0,3650.0,107379900,TLKM.JK
2018-05-09,2404.197021484375,3700.0,3780.0,3530.0,3600.0,149687500,TLKM.JK
2018-05-10,2404.197021484375,3700.0,3700.0,3700.0,3700.0,0,TLKM.JK
2018-05-11,2358.71240234375,3630.0,3750.0,3620.0,3700.0,120995700,TLKM.JK
2018-05-14,2300.231689453125,3540.0,3610.0,3500.0,3560.0,161018200,TLKM.JK
2018-05-15,2189.768310546875,3370.0,3530.0,3350.0,3520.0,230994800,TLKM.JK
2018-05-16,2261.244873046875,3480.0,3530.0,3250.0,3280.0,205406800,TLKM.JK
2018-05-17,2267.74267578125,3490.0,3610.0,3490.0,3510.0,179026500,TLKM.JK
2018-05-18,2267.74267578125,3490.0,3530.0,3400.0,3520.0,75748600,TLKM.JK
2018-05-21,2222.257568359375,3420.0,3490.0,3410.0,3490.0,57210900,TLKM.JK
2018-05-22,2254.7470703125,3470.0,3500.0,3420.0,3420.0,78667200,TLKM.JK
2018-05-23,2254.7470703125,3470.0,3530.0,3450.0,3460.0,110630200,TLKM.JK
2018-05-24,2313.227783203125,3560.0,3590.0,3480.0,3480.0,84178300,TLKM.JK
2018-05-25,2313.227783203125,3560.0,3590.0,3530.0,3540.0,66374400,TLKM.JK
2018-05-28,2397.698974609375,3690.0,3700.0,3560.0,3580.0,90299200,TLKM.JK
2018-05-29,2397.698974609375,3690.0,3690.0,3690.0,3690.0,0,TLKM.JK
2018-05-30,2339.21875,3600.0,3730.0,3590.0,3600.0,148933500,TLKM.JK
2018-05-31,2287.236083984375,3520.0,3610.0,3500.0,3600.0,255204300,TLKM.JK
2018-06-01,2287.236083984375,3520.0,3520.0,3520.0,3520.0,0,TLKM.JK
2018-06-04,2365.2099609375,3640.0,3660.0,3530.0,3540.0,141754800,TLKM.JK
2018-06-05,2488.6689453125,3830.0,3860.0,3660.0,3680.0,181376800,TLKM.JK
2018-06-06,2462.677490234375,3790.0,3830.0,3760.0,3790.0,143554900,TLKM.JK
2018-06-07,2449.681884765625,3770.0,3830.0,3770.0,3800.0,122724300,TLKM.JK
2018-06-08,2345.716552734375,3610.0,3730.0,3600.0,3710.0,260396300,TLKM.JK
2018-06-11,2345.716552734375,3610.0,3610.0,3610.0,3610.0,0,TLKM.JK
2018-06-12,2345.716552734375,3610.0,3610.0,3610.0,3610.0,0,TLKM.JK
2018-06-13,2345.716552734375,3610.0,3610.0,3610.0,3610.0,0,TLKM.JK
2018-06-14,2345.716552734375,3610.0,3610.0,3610.0,3610.0,0,TLKM.JK
2018-06-15,2345.716552734375,3610.0,3610.0,3610.0,3610.0,0,TLKM.JK
2018-06-18,2345.716552734375,3610.0,3610.0,3610.0,3610.0,0,TLKM.JK
2018-06-19,2345.716552734375,3610.0,3610.0,3610.0,3610.0,0,TLKM.JK
2018-06-20,2410.69482421875,3710.0,3710.0,3510.0,3540.0,295386100,TLKM.JK
2018-06-21,2345.716552734375,3610.0,3700.0,3610.0,3650.0,123848500,TLKM.JK
2018-06-22,2326.22314453125,3580.0,3630.0,3540.0,3610.0,121490900,TLKM.JK
2018-06-25,2378.20556640625,3660.0,3690.0,3600.0,3630.0,97826600,TLKM.JK
2018-06-26,2397.698974609375,3690.0,3700.0,3600.0,3600.0,91252300,TLKM.JK
2018-06-27,2410.69482421875,3710.0,3780.0,3690.0,3690.0,106616500,TLKM.JK
2018-06-28,2378.20556640625,3660.0,3720.0,3660.0,3700.0,133779300,TLKM.JK
2018-06-29,2436.686279296875,3750.0,3750.0,3640.0,3650.0,79116600,TLKM.JK
2018-07-02,2436.686279296875,3750.0,3800.0,3710.0,3800.0,55810800,TLKM.JK
2018-07-03,2404.197021484375,3700.0,3740.0,3670.0,3740.0,79439500,TLKM.JK
2018-07-04,2443.18408203125,3760.0,3810.0,3630.0,3700.0,54884500,TLKM.JK
2018-07-05,2488.6689453125,3830.0,3830.0,3760.0,3800.0,59717900,TLKM.JK
2018-07-06,2508.162353515625,3860.0,3890.0,3830.0,3850.0,67655200,TLKM.JK
2018-07-09,2586.13623046875,3980.0,4000.0,3880.0,3900.0,68798500,TLKM.JK
2018-07-10,2618.62548828125,4030.0,4050.0,3960.0,3990.0,118127300,TLKM.JK
2018-07-11,2638.118896484375,4060.0,4080.0,3960.0,4000.0,144055300,TLKM.JK
2018-07-12,2664.110107421875,4100.0,4110.0,4040.0,4050.0,114531700,TLKM.JK
2018-07-13,2612.12744140625,4020.0,4100.0,3970.0,4080.0,120852800,TLKM.JK
2018-07-16,2560.14501953125,3940.0,4030.0,3860.0,3970.0,66229700,TLKM.JK
2018-07-17,2560.14501953125,3940.0,3970.0,3890.0,3970.0,53740400,TLKM.JK
2018-07-18,2605.629638671875,4010.0,4030.0,3890.0,3910.0,75157800,TLKM.JK
2018-07-19,2540.6513671875,3910.0,4000.0,3910.0,4000.0,65340900,TLKM.JK
2018-07-20,2592.63427734375,3990.0,3990.0,3890.0,3900.0,66456000,TLKM.JK
2018-07-23,2638.118896484375,4060.0,4090.0,4010.0,4030.0,74605900,TLKM.JK
2018-07-24,2618.62548828125,4030.0,4090.0,4030.0,4090.0,64353800,TLKM.JK
2018-07-25,2534.153564453125,3900.0,4060.0,3900.0,4060.0,55617500,TLKM.JK
2018-07-26,2553.647216796875,3930.0,3940.0,3890.0,3920.0,55761900,TLKM.JK
2018-07-27,2560.14501953125,3940.0,3950.0,3890.0,3910.0,52506800,TLKM.JK
2018-07-30,2540.6513671875,3910.0,3950.0,3890.0,3890.0,49045100,TLKM.JK
2018-07-31,2319.725341796875,3570.0,3830.0,3550.0,3830.0,339081700,TLKM.JK
2018-08-01,2306.7294921875,3550.0,3600.0,3500.0,3570.0,190720900,TLKM.JK
2018-08-02,2274.240478515625,3500.0,3590.0,3450.0,3550.0,171276100,TLKM.JK
2018-08-03,2248.2490234375,3460.0,3490.0,3430.0,3480.0,224005400,TLKM.JK
2018-08-06,2371.707763671875,3650.0,3670.0,3480.0,3480.0,231846400,TLKM.JK
2018-08-07,2326.22314453125,3580.0,3670.0,3570.0,3650.0,111024900,TLKM.JK
2018-08-08,2306.7294921875,3550.0,3600.0,3520.0,3600.0,109077400,TLKM.JK
2018-08-09,2267.74267578125,3490.0,3550.0,3490.0,3520.0,110452900,TLKM.JK
2018-08-10,2274.240478515625,3500.0,3540.0,3480.0,3510.0,79851700,TLKM.JK
2018-08-13,2189.768310546875,3370.0,3450.0,3360.0,3440.0,106124800,TLKM.JK
2018-08-14,2176.77294921875,3350.0,3440.0,3330.0,3360.0,108189200,TLKM.JK
2018-08-15,2228.755859375,3430.0,3450.0,3310.0,3350.0,95526000,TLKM.JK
2018-08-16,2176.77294921875,3350.0,3430.0,3350.0,3390.0,112653900,TLKM.JK
2018-08-17,2176.77294921875,3350.0,3350.0,3350.0,3350.0,0,TLKM.JK
2018-08-20,2202.764404296875,3390.0,3450.0,3370.0,3420.0,163133800,TLKM.JK
2018-08-21,2176.77294921875,3350.0,3440.0,3350.0,3400.0,126746000,TLKM.JK
2018-08-22,2176.77294921875,3350.0,3350.0,3350.0,3350.0,0,TLKM.JK
2018-08-23,2144.283935546875,3300.0,3390.0,3290.0,3390.0,209401300,TLKM.JK
2018-08-24,2137.78564453125,3290.0,3340.0,3270.0,3290.0,103476200,TLKM.JK
2018-08-27,2248.2490234375,3460.0,3480.0,3310.0,3330.0,142917000,TLKM.JK
2018-08-28,2326.22314453125,3580.0,3600.0,3480.0,3480.0,224122500,TLKM.JK
2018-08-29,2326.22314453125,3580.0,3610.0,3520.0,3560.0,126710100,TLKM.JK
2018-08-30,2280.738037109375,3510.0,3590.0,3510.0,3580.0,80352300,TLKM.JK
2018-08-31,2267.74267578125,3490.0,3520.0,3460.0,3500.0,109920300,TLKM.JK
2018-09-03,2267.74267578125,3490.0,3550.0,3480.0,3520.0,46014400,TLKM.JK
2018-09-04,2222.257568359375,3420.0,3510.0,3410.0,3500.0,77620800,TLKM.JK
2018-09-05,2124.79052734375,3270.0,3400.0,3250.0,3400.0,183864900,TLKM.JK
2018-09-06,2183.2705078125,3360.0,3380.0,3250.0,3250.0,172294300,TLKM.JK
2018-09-07,2202.764404296875,3390.0,3390.0,3320.0,3360.0,99447200,TLKM.JK
2018-09-10,2196.266357421875,3380.0,3400.0,3350.0,3380.0,48741600,TLKM.JK
2018-09-11,2196.266357421875,3380.0,3380.0,3380.0,3380.0,0,TLKM.JK
2018-09-12,2157.27978515625,3320.0,3390.0,3310.0,3380.0,81217700,TLKM.JK
2018-09-13,2241.75146484375,3450.0,3470.0,3370.0,3370.0,115198100,TLKM.JK
2018-09-14,2332.720947265625,3590.0,3600.0,3470.0,3470.0,156541000,TLKM.JK
2018-09-17,2254.7470703125,3470.0,3570.0,3430.0,3550.0,95431800,TLKM.JK
2018-09-18,2319.725341796875,3570.0,3590.0,3440.0,3470.0,132571400,TLKM.JK
2018-09-19,2306.7294921875,3550.0,3610.0,3540.0,3580.0,88139600,TLKM.JK
2018-09-20,2339.21875,3600.0,3640.0,3570.0,3590.0,80194400,TLKM.JK
2018-09-21,2339.21875,3600.0,3630.0,3550.0,3630.0,98577800,TLKM.JK
2018-09-24,2300.231689453125,3540.0,3600.0,3510.0,3590.0,48101000,TLKM.JK
2018-09-25,2313.227783203125,3560.0,3560.0,3520.0,3540.0,25350200,TLKM.JK
2018-09-26,2300.231689453125,3540.0,3590.0,3540.0,3550.0,51055900,TLKM.JK
2018-09-27,2326.22314453125,3580.0,3590.0,3550.0,3580.0,49549400,TLKM.JK
2018-09-28,2365.2099609375,3640.0,3670.0,3600.0,3600.0,116695900,TLKM.JK
2018-10-01,2384.703857421875,3670.0,3690.0,3610.0,3610.0,45504900,TLKM.JK
2018-10-02,2352.21435546875,3620.0,3670.0,3580.0,3640.0,61393800,TLKM.JK
2018-10-03,2339.21875,3600.0,3640.0,3570.0,3570.0,46611900,TLKM.JK
2018-10-04,2339.21875,3600.0,3600.0,3510.0,3570.0,82550500,TLKM.JK
2018-10-05,2293.733642578125,3530.0,3600.0,3530.0,3540.0,59270300,TLKM.JK
2018-10-08,2287.236083984375,3520.0,3530.0,3470.0,3500.0,71886100,TLKM.JK
2018-10-09,2332.720947265625,3590.0,3620.0,3520.0,3530.0,58708100,TLKM.JK
2018-10-10,2339.21875,3600.0,3640.0,3560.0,3640.0,31937500,TLKM.JK
2018-10-11,2319.725341796875,3570.0,3640.0,3480.0,3500.0,114418300,TLKM.JK
2018-10-12,2391.201416015625,3680.0,3700.0,3620.0,3630.0,87991200,TLKM.JK
2018-10-15,2378.20556640625,3660.0,3750.0,3650.0,3700.0,68466400,TLKM.JK
2018-10-16,2456.179931640625,3780.0,3780.0,3680.0,3680.0,98103600,TLKM.JK
2018-10-17,2534.153564453125,3900.0,3910.0,3800.0,3800.0,122953700,TLKM.JK
2018-10-18,2443.18408203125,3760.0,3880.0,3720.0,3840.0,102322600,TLKM.JK
2018-10-19,2423.6904296875,3730.0,3770.0,3690.0,3700.0,140162100,TLKM.JK
2018-10-22,2469.175048828125,3800.0,3830.0,3730.0,3730.0,57680500,TLKM.JK
2018-10-23,2404.197021484375,3700.0,3800.0,3670.0,3800.0,53266800,TLKM.JK
2018-10-24,2287.236083984375,3520.0,3710.0,3520.0,3700.0,117672200,TLKM.JK
2018-10-25,2306.7294921875,3550.0,3580.0,3460.0,3490.0,120108900,TLKM.JK
2018-10-26,2358.71240234375,3630.0,3660.0,3580.0,3580.0,100554100,TLKM.JK
2018-10-29,2378.20556640625,3660.0,3660.0,3580.0,3630.0,54304000,TLKM.JK
2018-10-30,2469.175048828125,3800.0,3850.0,3630.0,3640.0,158933000,TLKM.JK
2018-10-31,2501.664306640625,3850.0,3870.0,3730.0,3850.0,140351400,TLKM.JK
2018-11-01,2521.158203125,3880.0,3880.0,3810.0,3850.0,69586900,TLKM.JK
2018-11-02,2560.14501953125,3940.0,3940.0,3880.0,3900.0,98072700,TLKM.JK
2018-11-05,2527.65576171875,3890.0,3910.0,3850.0,3850.0,60121700,TLKM.JK
2018-11-06,2527.65576171875,3890.0,3930.0,3820.0,3930.0,58088000,TLKM.JK
2018-11-07,2566.642578125,3950.0,3950.0,3870.0,3900.0,98350100,TLKM.JK
2018-11-08,2599.132080078125,4000.0,4000.0,3920.0,3970.0,74004300,TLKM.JK
2018-11-09,2547.149658203125,3920.0,3960.0,3920.0,3960.0,45243300,TLKM.JK
2018-11-12,2508.162353515625,3860.0,3950.0,3860.0,3890.0,57256000,TLKM.JK
2018-11-13,2488.6689453125,3830.0,3850.0,3750.0,3810.0,89819400,TLKM.JK
2018-11-14,2436.686279296875,3750.0,3880.0,3750.0,3860.0,72968500,TLKM.JK
2018-11-15,2540.6513671875,3910.0,3940.0,3790.0,3800.0,71440400,TLKM.JK
2018-11-16,2631.62109375,4050.0,4110.0,3920.0,3930.0,128595600,TLKM.JK
2018-11-19,2566.642578125,3950.0,4050.0,3930.0,4050.0,72785900,TLKM.JK
2018-11-20,2566.642578125,3950.0,3950.0,3950.0,3950.0,0,TLKM.JK
2018-11-21,2573.140380859375,3960.0,3960.0,3850.0,3860.0,97525800,TLKM.JK
2018-11-22,2586.13623046875,3980.0,3990.0,3910.0,3910.0,52279900,TLKM.JK
2018-11-23,2592.63427734375,3990.0,4000.0,3950.0,3980.0,35499400,TLKM.JK
2018-11-26,2592.63427734375,3990.0,4000.0,3950.0,3980.0,43879100,TLKM.JK
2018-11-27,2521.158203125,3880.0,3950.0,3850.0,3940.0,116422400,TLKM.JK
2018-11-28,2417.192626953125,3720.0,3900.0,3710.0,3890.0,195860500,TLKM.JK
2018-11-29,2430.188232421875,3740.0,3810.0,3710.0,3770.0,120921500,TLKM.JK
2018-11-30,2391.201416015625,3680.0,3780.0,3680.0,3760.0,151545800,TLKM.JK
2018-12-03,2404.197021484375,3700.0,3770.0,3700.0,3740.0,106891000,TLKM.JK
2018-12-04,2456.179931640625,3780.0,3780.0,3720.0,3720.0,121586400,TLKM.JK
2018-12-05,2449.681884765625,3770.0,3800.0,3730.0,3740.0,58424400,TLKM.JK
2018-12-06,2410.69482421875,3710.0,3770.0,3700.0,3740.0,62164100,TLKM.JK
2018-12-07,2384.703857421875,3670.0,3710.0,3660.0,3700.0,92902000,TLKM.JK
2018-12-10,2391.201416015625,3680.0,3720.0,3610.0,3650.0,70093700,TLKM.JK
2018-12-11,2352.21435546875,3620.0,3670.0,3610.0,3640.0,88050700,TLKM.JK
2018-12-12,2371.707763671875,3650.0,3670.0,3620.0,3660.0,87333000,TLKM.JK
2018-12-13,2436.686279296875,3750.0,3780.0,3660.0,3680.0,118965900,TLKM.JK
2018-12-14,2423.6904296875,3730.0,3840.0,3730.0,3800.0,139547100,TLKM.JK
2018-12-17,2410.69482421875,3710.0,3770.0,3710.0,3740.0,86251600,TLKM.JK
2018-12-18,2430.188232421875,3740.0,3740.0,3680.0,3700.0,79833100,TLKM.JK
2018-12-19,2475.673095703125,3810.0,3810.0,3740.0,3740.0,81542500,TLKM.JK
2018-12-20,2430.188232421875,3740.0,3810.0,3720.0,3810.0,100129200,TLKM.JK
2018-12-21,2443.18408203125,3760.0,3770.0,3700.0,3700.0,114752300,TLKM.JK
2018-12-24,2443.18408203125,3760.0,3760.0,3760.0,3760.0,0,TLKM.JK
2018-12-25,2443.18408203125,3760.0,3760.0,3760.0,3760.0,0,TLKM.JK
2018-12-26,2423.6904296875,3730.0,3750.0,3700.0,3730.0,50416400,TLKM.JK
2018-12-27,2436.686279296875,3750.0,3790.0,3730.0,3780.0,49980900,TLKM.JK
2018-12-28,2436.686279296875,3750.0,3780.0,3750.0,3770.0,48224400,TLKM.JK
2018-12-31,2436.686279296875,3750.0,3750.0,3750.0,3750.0,0,TLKM.JK
2019-01-01,2436.686279296875,3750.0,3750.0,3750.0,3750.0,0,TLKM.JK
2019-01-02,2423.6904296875,3730.0,3760.0,3700.0,3750.0,31355300,TLKM.JK
2019-01-03,2430.188232421875,3740.0,3770.0,3690.0,3710.0,83842400,TLKM.JK
2019-01-04,2410.69482421875,3710.0,3740.0,3690.0,3690.0,73936900,TLKM.JK
2019-01-07,2449.681884765625,3770.0,3790.0,3750.0,3760.0,83678100,TLKM.JK
2019-01-08,2469.175048828125,3800.0,3800.0,3750.0,3770.0,67963700,TLKM.JK
2019-01-09,2423.6904296875,3730.0,3830.0,3730.0,3820.0,98529400,TLKM.JK
2019-01-10,2469.175048828125,3800.0,3800.0,3740.0,3760.0,126396700,TLKM.JK
2019-01-11,2508.162353515625,3860.0,3860.0,3800.0,3820.0,116753700,TLKM.JK
2019-01-14,2501.664306640625,3850.0,3850.0,3790.0,3810.0,68487000,TLKM.JK
2019-01-15,2553.647216796875,3930.0,3930.0,3850.0,3860.0,83464900,TLKM.JK
2019-01-16,2592.63427734375,3990.0,4000.0,3920.0,3940.0,139056700,TLKM.JK
2019-01-17,2592.63427734375,3990.0,3990.0,3960.0,3970.0,78766100,TLKM.JK
2019-01-18,2612.12744140625,4020.0,4020.0,3970.0,4010.0,76350400,TLKM.JK
2019-01-21,2618.62548828125,4030.0,4050.0,4020.0,4040.0,83317600,TLKM.JK
2019-01-22,2599.132080078125,4000.0,4010.0,3930.0,4000.0,95420500,TLKM.JK
2019-01-23,2547.149658203125,3920.0,3980.0,3920.0,3950.0,72518500,TLKM.JK
2019-01-24,2508.162353515625,3860.0,3910.0,3830.0,3900.0,118836500,TLKM.JK
2019-01-25,2521.158203125,3880.0,3930.0,3840.0,3880.0,75844000,TLKM.JK
2019-01-28,2456.179931640625,3780.0,3890.0,3730.0,3880.0,168983100,TLKM.JK
2019-01-29,2495.166748046875,3840.0,3850.0,3780.0,3780.0,118131200,TLKM.JK
2019-01-30,2508.162353515625,3860.0,3890.0,3830.0,3850.0,85903100,TLKM.JK
2019-01-31,2534.153564453125,3900.0,3920.0,3870.0,3900.0,110953700,TLKM.JK
2019-02-01,2514.66015625,3870.0,3930.0,3830.0,3910.0,79588900,TLKM.JK
2019-02-04,2456.179931640625,3780.0,3890.0,3780.0,3890.0,70070500,TLKM.JK
2019-02-05,2456.179931640625,3780.0,3780.0,3780.0,3780.0,0,TLKM.JK
2019-02-06,2508.162353515625,3860.0,3870.0,3820.0,3820.0,72180200,TLKM.JK
2019-02-07,2508.162353515625,3860.0,3890.0,3830.0,3890.0,39141500,TLKM.JK
2019-02-08,2501.664306640625,3850.0,3850.0,3810.0,3810.0,32131700,TLKM.JK
2019-02-11,2553.647216796875,3930.0,3940.0,3860.0,3870.0,88628900,TLKM.JK
2019-02-12,2482.1708984375,3820.0,3910.0,3800.0,3900.0,92427800,TLKM.JK
2019-02-13,2462.677490234375,3790.0,3850.0,3780.0,3840.0,113161100,TLKM.JK
2019-02-14,2430.188232421875,3740.0,3810.0,3740.0,3790.0,76939400,TLKM.JK
2019-02-15,2462.677490234375,3790.0,3800.0,3730.0,3770.0,67812600,TLKM.JK
2019-02-18,2534.153564453125,3900.0,3920.0,3830.0,3830.0,80275800,TLKM.JK
2019-02-19,2547.149658203125,3920.0,3940.0,3900.0,3930.0,82962700,TLKM.JK
2019-02-20,2514.66015625,3870.0,3940.0,3830.0,3940.0,87933000,TLKM.JK
2019-02-21,2514.66015625,3870.0,3890.0,3860.0,3870.0,48031100,TLKM.JK
2019-02-22,2495.166748046875,3840.0,3870.0,3820.0,3870.0,61392700,TLKM.JK
2019-02-25,2540.6513671875,3910.0,3920.0,3850.0,3900.0,53792400,TLKM.JK
2019-02-26,2553.647216796875,3930.0,3930.0,3880.0,3920.0,49657300,TLKM.JK
2019-02-27,2540.6513671875,3910.0,3940.0,3890.0,3900.0,48788200,TLKM.JK
2019-02-28,2508.162353515625,3860.0,3900.0,3840.0,3880.0,161156000,TLKM.JK
2019-03-01,2540.6513671875,3910.0,3920.0,3880.0,3890.0,49810100,TLKM.JK
2019-03-04,2501.664306640625,3850.0,3910.0,3850.0,3910.0,32250500,TLKM.JK
2019-03-05,2514.66015625,3870.0,3890.0,3820.0,3890.0,41171000,TLKM.JK
2019-03-06,2482.1708984375,3820.0,3880.0,3820.0,3860.0,69927600,TLKM.JK
2019-03-07,2482.1708984375,3820.0,3820.0,3820.0,3820.0,0,TLKM.JK
2019-03-08,2430.188232421875,3740.0,3820.0,3740.0,3810.0,105963500,TLKM.JK
2019-03-11,2469.175048828125,3800.0,3820.0,3760.0,3780.0,43971600,TLKM.JK
2019-03-12,2443.18408203125,3760.0,3820.0,3730.0,3800.0,43343700,TLKM.JK
2019-03-13,2417.192626953125,3720.0,3770.0,3710.0,3730.0,45607600,TLKM.JK
2019-03-14,2430.188232421875,3740.0,3760.0,3710.0,3720.0,62094100,TLKM.JK
2019-03-15,2436.686279296875,3750.0,3760.0,3710.0,3720.0,68778100,TLKM.JK
2019-03-18,2482.1708984375,3820.0,3820.0,3760.0,3770.0,44322600,TLKM.JK
2019-03-19,2456.179931640625,3780.0,3820.0,3770.0,3800.0,33156500,TLKM.JK
2019-03-20,2443.18408203125,3760.0,3820.0,3750.0,3810.0,42784600,TLKM.JK
2019-03-21,2462.677490234375,3790.0,3810.0,3780.0,3800.0,36527500,TLKM.JK
2019-03-22,2469.175048828125,3800.0,3820.0,3790.0,3800.0,26772900,TLKM.JK
2019-03-25,2462.677490234375,3790.0,3790.0,3720.0,3730.0,49162900,TLKM.JK
2019-03-26,2482.1708984375,3820.0,3820.0,3780.0,3780.0,23049100,TLKM.JK
2019-03-27,2482.1708984375,3820.0,3840.0,3810.0,3840.0,35521900,TLKM.JK
2019-03-28,2521.158203125,3880.0,3890.0,3810.0,3820.0,55847200,TLKM.JK
2019-03-29,2573.140380859375,3960.0,3970.0,3880.0,3880.0,82231400,TLKM.JK
2019-04-01,2553.647216796875,3930.0,3960.0,3900.0,3950.0,28246400,TLKM.JK
2019-04-02,2553.647216796875,3930.0,3950.0,3910.0,3910.0,35443400,TLKM.JK
2019-04-03,2553.647216796875,3930.0,3930.0,3930.0,3930.0,0,TLKM.JK
2019-04-04,2618.62548828125,4030.0,4040.0,3950.0,3980.0,96122100,TLKM.JK
2019-04-05,2638.118896484375,4060.0,4090.0,4000.0,4020.0,66832600,TLKM.JK
2019-04-08,2566.642578125,3950.0,4030.0,3940.0,4020.0,73208300,TLKM.JK
2019-04-09,2566.642578125,3950.0,4000.0,3910.0,3980.0,88580200,TLKM.JK
2019-04-10,2553.647216796875,3930.0,3950.0,3890.0,3920.0,52555500,TLKM.JK
2019-04-11,2527.65576171875,3890.0,3930.0,3880.0,3900.0,51480700,TLKM.JK
2019-04-12,2488.6689453125,3830.0,3870.0,3810.0,3820.0,45324300,TLKM.JK
2019-04-15,2488.6689453125,3830.0,3860.0,3810.0,3860.0,44510600,TLKM.JK
2019-04-16,2514.66015625,3870.0,3880.0,3830.0,3830.0,62572100,TLKM.JK
2019-04-17,2514.66015625,3870.0,3870.0,3870.0,3870.0,0,TLKM.JK
2019-04-18,2508.162353515625,3860.0,3950.0,3840.0,3920.0,119263400,TLKM.JK
2019-04-19,2508.162353515625,3860.0,3860.0,3860.0,3860.0,0,TLKM.JK
2019-04-22,2456.179931640625,3780.0,3860.0,3780.0,3860.0,48671200,TLKM.JK
2019-04-23,2501.664306640625,3850.0,3870.0,3730.0,3780.0,86443700,TLKM.JK
2019-04-24,2495.166748046875,3840.0,3860.0,3780.0,3850.0,76660900,TLKM.JK
2019-04-25,2488.6689453125,3830.0,3840.0,3790.0,3800.0,52775100,TLKM.JK
2019-04-26,2540.6513671875,3910.0,3910.0,3800.0,3800.0,66452700,TLKM.JK
2019-04-29,2508.162353515625,3860.0,3900.0,3850.0,3850.0,50143700,TLKM.JK
2019-04-30,2462.677490234375,3790.0,3890.0,3750.0,3890.0,132318200,TLKM.JK
2019-05-01,2462.677490234375,3790.0,3790.0,3790.0,3790.0,0,TLKM.JK
2019-05-02,2488.6689453125,3830.0,3880.0,3760.0,3760.0,136768800,TLKM.JK
2019-05-03,2482.1708984375,3820.0,3830.0,3760.0,3800.0,101522800,TLKM.JK
2019-05-06,2495.166748046875,3840.0,3840.0,3720.0,3760.0,107167400,TLKM.JK
2019-05-07,2534.153564453125,3900.0,3910.0,3840.0,3870.0,74814500,TLKM.JK
2019-05-08,2534.153564453125,3900.0,3920.0,3870.0,3890.0,77743400,TLKM.JK
2019-05-09,2469.175048828125,3800.0,3900.0,3800.0,3860.0,74716500,TLKM.JK
2019-05-10,2462.677490234375,3790.0,3840.0,3790.0,3800.0,66672500,TLKM.JK
2019-05-13,2449.681884765625,3770.0,3840.0,3760.0,3820.0,47605100,TLKM.JK
2019-05-14,2443.18408203125,3760.0,3800.0,3720.0,3730.0,77483200,TLKM.JK
2019-05-15,2378.20556640625,3660.0,3790.0,3660.0,3770.0,57596600,TLKM.JK
2019-05-16,2339.21875,3600.0,3720.0,3530.0,3660.0,107366200,TLKM.JK
2019-05-17,2280.738037109375,3510.0,3620.0,3500.0,3610.0,94437400,TLKM.JK
2019-05-20,2339.21875,3600.0,3620.0,3480.0,3520.0,82354400,TLKM.JK
2019-05-21,2339.21875,3600.0,3630.0,3550.0,3600.0,106104000,TLKM.JK
2019-05-22,2300.231689453125,3540.0,3600.0,3540.0,3590.0,63687000,TLKM.JK
2019-05-23,2378.20556640625,3660.0,3690.0,3540.0,3540.0,113281100,TLKM.JK
2019-05-24,2436.686279296875,3750.0,3780.0,3690.0,3700.0,87594500,TLKM.JK
2019-05-27,2482.1708984375,3820.0,3830.0,3750.0,3760.0,87146600,TLKM.JK
2019-05-28,2397.698974609375,3690.0,3820.0,3690.0,3800.0,322246900,TLKM.JK
2019-05-29,2456.179931640625,3780.0,3830.0,3730.0,3750.0,122534500,TLKM.JK
2019-05-30,2456.179931640625,3780.0,3780.0,3780.0,3780.0,0,TLKM.JK
2019-05-31,2534.153564453125,3900.0,3930.0,3780.0,3780.0,194331700,TLKM.JK
2019-06-03,2534.153564453125,3900.0,3900.0,3900.0,3900.0,0,TLKM.JK
2019-06-04,2534.153564453125,3900.0,3900.0,3900.0,3900.0,0,TLKM.JK
2019-06-05,2534.153564453125,3900.0,3900.0,3900.0,3900.0,0,TLKM.JK
2019-06-06,2534.153564453125,3900.0,3900.0,3900.0,3900.0,0,TLKM.JK
2019-06-07,2534.153564453125,3900.0,3900.0,3900.0,3900.0,0,TLKM.JK
2019-06-10,2625.123291015625,4040.0,4060.0,3970.0,4000.0,222522800,TLKM.JK
2019-06-11,2612.12744140625,4020.0,4060.0,4000.0,4010.0,88861700,TLKM.JK
2019-06-12,2668.907958984375,3940.0,3950.0,3840.0,3880.0,134724400,TLKM.JK
2019-06-13,2702.77734375,3990.0,3990.0,3900.0,3940.0,115734700,TLKM.JK
2019-06-14,2702.77734375,3990.0,4050.0,3970.0,4020.0,92466800,TLKM.JK
2019-06-17,2641.812744140625,3900.0,3970.0,3900.0,3950.0,60851700,TLKM.JK
2019-06-18,2696.00341796875,3980.0,3990.0,3890.0,3890.0,66112800,TLKM.JK
2019-06-20,2736.64697265625,4040.0,4110.0,4020.0,4110.0,57673700,TLKM.JK
2019-06-21,2736.64697265625,4040.0,4040.0,3950.0,4010.0,154049700,TLKM.JK
2019-06-24,2696.00341796875,3980.0,4050.0,3970.0,4050.0,50525100,TLKM.JK
2019-06-25,2716.3251953125,4010.0,4040.0,4000.0,4040.0,42601100,TLKM.JK
2019-06-26,2696.00341796875,3980.0,4050.0,3980.0,4020.0,56092200,TLKM.JK
2019-06-27,2770.515869140625,4090.0,4120.0,4000.0,4010.0,94221200,TLKM.JK
2019-06-28,2804.3857421875,4140.0,4200.0,4090.0,4100.0,130153100,TLKM.JK
2019-07-01,2858.576416015625,4220.0,4240.0,4170.0,4200.0,79382300,TLKM.JK
2019-07-02,2878.898193359375,4250.0,4250.0,4180.0,4240.0,87999800,TLKM.JK
2019-07-03,2872.124267578125,4240.0,4240.0,4160.0,4160.0,63296200,TLKM.JK
2019-07-04,2878.898193359375,4250.0,4260.0,4190.0,4190.0,38459300,TLKM.JK
2019-07-05,2899.22021484375,4280.0,4280.0,4240.0,4260.0,50332800,TLKM.JK
2019-07-08,2892.446044921875,4270.0,4290.0,4210.0,4230.0,57903400,TLKM.JK
2019-07-09,2946.63671875,4350.0,4370.0,4270.0,4300.0,124822400,TLKM.JK
2019-07-10,2905.993896484375,4290.0,4320.0,4260.0,4310.0,62529900,TLKM.JK
2019-07-11,2892.446044921875,4270.0,4280.0,4240.0,4250.0,25645900,TLKM.JK
2019-07-12,2831.48095703125,4180.0,4250.0,4170.0,4240.0,57088600,TLKM.JK
2019-07-15,2899.22021484375,4280.0,4290.0,4230.0,4250.0,66960500,TLKM.JK
2019-07-16,2872.124267578125,4240.0,4280.0,4210.0,4240.0,45461500,TLKM.JK
2019-07-17,2865.350341796875,4230.0,4260.0,4220.0,4250.0,32069800,TLKM.JK
2019-07-18,2872.124267578125,4240.0,4250.0,4210.0,4220.0,45408100,TLKM.JK
2019-07-19,2892.446044921875,4270.0,4280.0,4250.0,4260.0,60692800,TLKM.JK
2019-07-22,2885.672119140625,4260.0,4270.0,4230.0,4250.0,37513700,TLKM.JK
2019-07-23,2878.898193359375,4250.0,4270.0,4200.0,4260.0,62628100,TLKM.JK
2019-07-24,2838.2548828125,4190.0,4240.0,4160.0,4230.0,73904300,TLKM.JK
2019-07-25,2851.802490234375,4210.0,4240.0,4160.0,4160.0,49276300,TLKM.JK
2019-07-26,2817.93310546875,4160.0,4210.0,4110.0,4160.0,70952400,TLKM.JK
2019-07-29,2845.029052734375,4200.0,4240.0,4140.0,4150.0,54336900,TLKM.JK
2019-07-30,2892.446044921875,4270.0,4300.0,4260.0,4280.0,88417200,TLKM.JK
2019-07-31,2912.767578125,4300.0,4300.0,4210.0,4240.0,175741000,TLKM.JK
2019-08-01,2899.22021484375,4280.0,4300.0,4260.0,4300.0,94856600,TLKM.JK
2019-08-02,2899.22021484375,4280.0,4300.0,4250.0,4280.0,82253800,TLKM.JK
2019-08-05,2763.741943359375,4080.0,4220.0,4060.0,4200.0,112253200,TLKM.JK
2019-08-06,2797.611572265625,4130.0,4190.0,4050.0,4060.0,108890100,TLKM.JK
2019-08-07,2851.802490234375,4210.0,4270.0,4170.0,4230.0,104785500,TLKM.JK
2019-08-08,2885.672119140625,4260.0,4290.0,4240.0,4270.0,95204000,TLKM.JK
2019-08-09,2885.672119140625,4260.0,4300.0,4240.0,4300.0,89600500,TLKM.JK
2019-08-12,2885.672119140625,4260.0,4320.0,4230.0,4300.0,41817800,TLKM.JK
2019-08-13,2878.898193359375,4250.0,4290.0,4230.0,4290.0,98757900,TLKM.JK
2019-08-14,2905.993896484375,4290.0,4300.0,4270.0,4300.0,84928200,TLKM.JK
2019-08-15,2905.993896484375,4290.0,4290.0,4200.0,4200.0,97255500,TLKM.JK
2019-08-16,2899.22021484375,4280.0,4310.0,4220.0,4300.0,51853900,TLKM.JK
2019-08-19,2939.863037109375,4340.0,4340.0,4290.0,4340.0,86011300,TLKM.JK
2019-08-20,3027.92333984375,4470.0,4470.0,4340.0,4350.0,143171600,TLKM.JK
2019-08-21,2987.2802734375,4410.0,4500.0,4390.0,4460.0,99649300,TLKM.JK
2019-08-22,3014.37548828125,4450.0,4450.0,4320.0,4380.0,110968600,TLKM.JK
2019-08-23,2966.958251953125,4380.0,4450.0,4340.0,4390.0,83823900,TLKM.JK
2019-08-26,2933.089111328125,4330.0,4360.0,4280.0,4280.0,77603200,TLKM.JK
2019-08-27,2966.958251953125,4380.0,4410.0,4320.0,4390.0,168209400,TLKM.JK
2019-08-28,2960.184814453125,4370.0,4430.0,4350.0,4430.0,68091100,TLKM.JK
2019-08-29,2966.958251953125,4380.0,4440.0,4370.0,4370.0,65718900,TLKM.JK
2019-08-30,3014.37548828125,4450.0,4450.0,4420.0,4430.0,95138200,TLKM.JK
2019-09-02,2987.2802734375,4410.0,4450.0,4400.0,4440.0,27531000,TLKM.JK
2019-09-03,2946.63671875,4350.0,4440.0,4330.0,4440.0,66884700,TLKM.JK
2019-09-04,2905.993896484375,4290.0,4350.0,4280.0,4310.0,78905600,TLKM.JK
2019-09-05,2926.315185546875,4320.0,4360.0,4290.0,4290.0,97098300,TLKM.JK
2019-09-06,2851.802490234375,4210.0,4360.0,4210.0,4360.0,117223300,TLKM.JK
2019-09-09,2892.446044921875,4270.0,4300.0,4240.0,4280.0,47057300,TLKM.JK
2019-09-10,2892.446044921875,4270.0,4300.0,4250.0,4300.0,80403000,TLKM.JK
2019-09-11,2878.898193359375,4250.0,4300.0,4210.0,4300.0,90211600,TLKM.JK
2019-09-12,2824.70751953125,4170.0,4230.0,4160.0,4220.0,70382200,TLKM.JK
2019-09-13,2817.93310546875,4160.0,4230.0,4160.0,4230.0,64074800,TLKM.JK
2019-09-16,2858.576416015625,4220.0,4260.0,4160.0,4160.0,85284700,TLKM.JK
2019-09-17,2892.446044921875,4270.0,4280.0,4220.0,4240.0,86432000,TLKM.JK
2019-09-18,2878.898193359375,4250.0,4280.0,4230.0,4250.0,72359600,TLKM.JK
2019-09-19,2851.802490234375,4210.0,4260.0,4190.0,4260.0,58720600,TLKM.JK
2019-09-20,2905.993896484375,4290.0,4300.0,4230.0,4250.0,132359100,TLKM.JK
2019-09-23,2878.898193359375,4250.0,4300.0,4230.0,4290.0,70483600,TLKM.JK
2019-09-24,2851.802490234375,4210.0,4240.0,4150.0,4210.0,88979100,TLKM.JK
2019-09-25,2858.576416015625,4220.0,4250.0,4180.0,4220.0,84582300,TLKM.JK
2019-09-26,2953.410888671875,4360.0,4370.0,4200.0,4220.0,79324000,TLKM.JK
2019-09-27,2919.54150390625,4310.0,4350.0,4300.0,4310.0,52305800,TLKM.JK
2019-09-30,2919.54150390625,4310.0,4330.0,4270.0,4270.0,111879100,TLKM.JK
2019-10-01,2878.898193359375,4250.0,4400.0,4220.0,4400.0,60332400,TLKM.JK
2019-10-02,2845.029052734375,4200.0,4300.0,4190.0,4260.0,51606300,TLKM.JK
2019-10-03,2845.029052734375,4200.0,4250.0,4160.0,4190.0,56433000,TLKM.JK
2019-10-04,2838.2548828125,4190.0,4250.0,4180.0,4250.0,34082000,TLKM.JK
2019-10-07,2784.06396484375,4110.0,4240.0,4090.0,4240.0,42996900,TLKM.JK
2019-10-08,2770.515869140625,4090.0,4170.0,4060.0,4170.0,74448900,TLKM.JK
2019-10-09,2790.837646484375,4120.0,4170.0,4080.0,4090.0,59314500,TLKM.JK
2019-10-10,2784.06396484375,4110.0,4120.0,4060.0,4060.0,34345600,TLKM.JK
2019-10-11,2824.70751953125,4170.0,4170.0,4100.0,4100.0,42198800,TLKM.JK
2019-10-14,2838.2548828125,4190.0,4210.0,4150.0,4200.0,52681800,TLKM.JK
2019-10-15,2824.70751953125,4170.0,4190.0,4150.0,4190.0,64670200,TLKM.JK
2019-10-16,2824.70751953125,4170.0,4190.0,4140.0,4170.0,70555700,TLKM.JK
2019-10-17,2824.70751953125,4170.0,4180.0,4140.0,4160.0,50695300,TLKM.JK
2019-10-18,2838.2548828125,4190.0,4190.0,4160.0,4170.0,169540200,TLKM.JK
2019-10-21,2845.029052734375,4200.0,4250.0,4190.0,4200.0,63797000,TLKM.JK
2019-10-22,2865.350341796875,4230.0,4250.0,4200.0,4200.0,56711100,TLKM.JK
2019-10-23,2885.672119140625,4260.0,4270.0,4210.0,4210.0,97971900,TLKM.JK
2019-10-24,2946.63671875,4350.0,4350.0,4250.0,4300.0,99213400,TLKM.JK
2019-10-25,2899.22021484375,4280.0,4360.0,4270.0,4320.0,67661500,TLKM.JK
2019-10-28,2885.672119140625,4260.0,4280.0,4220.0,4280.0,30710600,TLKM.JK
2019-10-29,2933.089111328125,4330.0,4330.0,4220.0,4230.0,68715000,TLKM.JK
2019-10-30,2892.446044921875,4270.0,4350.0,4210.0,4290.0,89575600,TLKM.JK
2019-10-31,2784.06396484375,4110.0,4240.0,4080.0,4220.0,185713300,TLKM.JK
2019-11-01,2763.741943359375,4080.0,4150.0,4060.0,4090.0,107208500,TLKM.JK
2019-11-04,2811.159423828125,4150.0,4160.0,4080.0,4080.0,65897700,TLKM.JK
2019-11-05,2845.029052734375,4200.0,4200.0,4130.0,4170.0,109276000,TLKM.JK
2019-11-06,2790.837646484375,4120.0,4190.0,4110.0,4180.0,134618700,TLKM.JK
2019-11-07,2756.96826171875,4070.0,4150.0,3990.0,4150.0,125291200,TLKM.JK
2019-11-08,2784.06396484375,4110.0,4120.0,3990.0,4010.0,70404800,TLKM.JK
2019-11-11,2777.290283203125,4100.0,4120.0,4040.0,4040.0,57079800,TLKM.JK
2019-11-12,2831.48095703125,4180.0,4190.0,4050.0,4050.0,88251100,TLKM.JK
2019-11-13,2811.159423828125,4150.0,4170.0,4100.0,4130.0,91925700,TLKM.JK
2019-11-14,2743.420654296875,4050.0,4130.0,4010.0,4110.0,123468500,TLKM.JK
2019-11-15,2763.741943359375,4080.0,4090.0,4030.0,4080.0,50780500,TLKM.JK
2019-11-18,2709.55126953125,4000.0,4060.0,3990.0,4040.0,104978700,TLKM.JK
2019-11-19,2723.098876953125,4020.0,4020.0,3970.0,4000.0,113996600,TLKM.JK
2019-11-20,2770.515869140625,4090.0,4090.0,4000.0,4000.0,149185500,TLKM.JK
2019-11-21,2723.098876953125,4020.0,4090.0,4020.0,4050.0,64005900,TLKM.JK
2019-11-22,2743.420654296875,4050.0,4050.0,4000.0,4030.0,76569400,TLKM.JK
2019-11-25,2675.681640625,3950.0,4070.0,3940.0,4070.0,107581200,TLKM.JK
2019-11-26,2614.716796875,3860.0,3960.0,3860.0,3950.0,281002600,TLKM.JK
2019-11-27,2628.2646484375,3880.0,3930.0,3800.0,3870.0,97511300,TLKM.JK
2019-11-28,2587.62109375,3820.0,3900.0,3800.0,3830.0,70635000,TLKM.JK
2019-11-29,2662.134033203125,3930.0,3950.0,3840.0,3860.0,72146900,TLKM.JK
2019-12-02,2675.681640625,3950.0,3960.0,3930.0,3960.0,74263500,TLKM.JK
2019-12-03,2655.360107421875,3920.0,3940.0,3910.0,3920.0,74494000,TLKM.JK
2019-12-04,2702.77734375,3990.0,3990.0,3900.0,3920.0,64948300,TLKM.JK
2019-12-05,2750.194580078125,4060.0,4080.0,3990.0,3990.0,118494800,TLKM.JK
2019-12-06,2777.290283203125,4100.0,4100.0,4020.0,4040.0,50682100,TLKM.JK
2019-12-09,2756.96826171875,4070.0,4110.0,4050.0,4080.0,80864200,TLKM.JK
2019-12-10,2736.64697265625,4040.0,4070.0,4010.0,4050.0,54824900,TLKM.JK
2019-12-11,2743.420654296875,4050.0,4050.0,4000.0,4010.0,79749500,TLKM.JK
2019-12-12,2675.681640625,3950.0,4050.0,3950.0,4040.0,147627000,TLKM.JK
2019-12-13,2702.77734375,3990.0,4020.0,3960.0,4000.0,81937300,TLKM.JK
2019-12-16,2689.229736328125,3970.0,4020.0,3960.0,3970.0,86479200,TLKM.JK
2019-12-17,2696.00341796875,3980.0,3990.0,3950.0,3970.0,91747200,TLKM.JK
2019-12-18,2702.77734375,3990.0,4000.0,3950.0,3960.0,101569300,TLKM.JK
2019-12-19,2641.812744140625,3900.0,3980.0,3900.0,3970.0,127316000,TLKM.JK
2019-12-20,2723.098876953125,4020.0,4020.0,3900.0,3900.0,152132200,TLKM.JK
2019-12-23,2723.098876953125,4020.0,4030.0,3980.0,4020.0,58715700,TLKM.JK
2019-12-26,2709.55126953125,4000.0,4020.0,3980.0,4020.0,36935300,TLKM.JK
2019-12-27,2702.77734375,3990.0,4010.0,3980.0,3990.0,52812000,TLKM.JK
2019-12-30,2689.229736328125,3970.0,4030.0,3970.0,3980.0,67738300,TLKM.JK
2020-01-02,2648.58642578125,3910.0,4000.0,3900.0,3970.0,52094000,TLKM.JK
2020-01-03,2696.00341796875,3980.0,3980.0,3930.0,3960.0,70032900,TLKM.JK
2020-01-06,2682.455322265625,3960.0,3970.0,3930.0,3930.0,42908900,TLKM.JK
2020-01-07,2668.907958984375,3940.0,3970.0,3920.0,3930.0,51837600,TLKM.JK
2020-01-08,2641.812744140625,3900.0,3950.0,3900.0,3920.0,52402600,TLKM.JK
2020-01-09,2682.455322265625,3960.0,3970.0,3920.0,3920.0,37580300,TLKM.JK
2020-01-10,2696.00341796875,3980.0,3990.0,3950.0,3980.0,48099000,TLKM.JK
2020-01-13,2729.872802734375,4030.0,4030.0,3990.0,4000.0,61913800,TLKM.JK
2020-01-14,2675.681640625,3950.0,4000.0,3940.0,3980.0,95058600,TLKM.JK
2020-01-15,2628.2646484375,3880.0,3960.0,3870.0,3960.0,147583300,TLKM.JK
2020-01-16,2607.94287109375,3850.0,3890.0,3830.0,3890.0,118903100,TLKM.JK
2020-01-17,2580.84765625,3810.0,3870.0,3800.0,3860.0,119904100,TLKM.JK
2020-01-20,2580.84765625,3810.0,3840.0,3800.0,3820.0,73599200,TLKM.JK
2020-01-21,2635.03857421875,3890.0,3900.0,3810.0,3810.0,78014400,TLKM.JK
2020-01-22,2614.716796875,3860.0,3890.0,3850.0,3890.0,45839800,TLKM.JK
2020-01-23,2628.2646484375,3880.0,3880.0,3830.0,3860.0,41077400,TLKM.JK
2020-01-24,2655.360107421875,3920.0,3930.0,3860.0,3880.0,58524000,TLKM.JK
2020-01-27,2601.169189453125,3840.0,3920.0,3830.0,3920.0,33081800,TLKM.JK
2020-01-28,2594.395263671875,3830.0,3840.0,3800.0,3810.0,56210000,TLKM.JK
2020-01-29,2641.812744140625,3900.0,3900.0,3840.0,3840.0,51929800,TLKM.JK
2020-01-30,2614.716796875,3860.0,3910.0,3850.0,3910.0,60391600,TLKM.JK
2020-01-31,2574.07373046875,3800.0,3890.0,3780.0,3890.0,120447900,TLKM.JK
2020-02-03,2533.4306640625,3740.0,3820.0,3730.0,3800.0,68360600,TLKM.JK
2020-02-04,2546.978271484375,3760.0,3810.0,3730.0,3810.0,77259600,TLKM.JK
2020-02-05,2553.751953125,3770.0,3780.0,3720.0,3760.0,68150800,TLKM.JK
2020-02-06,2546.978271484375,3760.0,3800.0,3750.0,3800.0,56261500,TLKM.JK
2020-02-07,2567.2998046875,3790.0,3820.0,3760.0,3780.0,53578900,TLKM.JK
2020-02-10,2580.84765625,3810.0,3850.0,3780.0,3800.0,86588500,TLKM.JK
2020-02-11,2567.2998046875,3790.0,3830.0,3780.0,3810.0,50248200,TLKM.JK
2020-02-12,2587.62109375,3820.0,3850.0,3780.0,3800.0,73840300,TLKM.JK
2020-02-13,2526.656494140625,3730.0,3830.0,3710.0,3820.0,66699800,TLKM.JK
2020-02-14,2465.691650390625,3640.0,3730.0,3640.0,3680.0,108793300,TLKM.JK
2020-02-17,2445.3701171875,3610.0,3660.0,3590.0,3630.0,94887800,TLKM.JK
2020-02-18,2452.1435546875,3620.0,3660.0,3590.0,3590.0,94382900,TLKM.JK
2020-02-19,2452.1435546875,3620.0,3640.0,3590.0,3620.0,63717800,TLKM.JK
2020-02-20,2458.917724609375,3630.0,3650.0,3600.0,3620.0,53035400,TLKM.JK
2020-02-21,2499.560791015625,3690.0,3710.0,3640.0,3650.0,86862600,TLKM.JK
2020-02-24,2465.691650390625,3640.0,3720.0,3630.0,3670.0,72610600,TLKM.JK
2020-02-25,2431.822021484375,3590.0,3670.0,3590.0,3600.0,73990700,TLKM.JK
2020-02-26,2377.63134765625,3510.0,3550.0,3450.0,3530.0,133449900,TLKM.JK
2020-02-27,2350.53564453125,3470.0,3550.0,3420.0,3510.0,88389400,TLKM.JK
2020-02-28,2364.08349609375,3490.0,3490.0,3340.0,3390.0,151751800,TLKM.JK
2020-03-02,2330.214111328125,3440.0,3550.0,3440.0,3470.0,96802900,TLKM.JK
2020-03-03,2452.1435546875,3620.0,3660.0,3470.0,3510.0,114698200,TLKM.JK
2020-03-04,2594.395263671875,3830.0,3840.0,3630.0,3640.0,136081000,TLKM.JK
2020-03-05,2594.395263671875,3830.0,3880.0,3760.0,3820.0,101235000,TLKM.JK
2020-03-06,2540.204345703125,3750.0,3790.0,3710.0,3730.0,86476000,TLKM.JK
2020-03-09,2370.857421875,3500.0,3620.0,3500.0,3560.0,109347300,TLKM.JK
2020-03-10,2364.08349609375,3490.0,3620.0,3480.0,3480.0,119718000,TLKM.JK
2020-03-11,2303.11865234375,3400.0,3480.0,3370.0,3470.0,115486900,TLKM.JK
2020-03-12,2242.153564453125,3310.0,3440.0,3270.0,3300.0,84363800,TLKM.JK
2020-03-13,2242.153564453125,3310.0,3310.0,3310.0,3310.0,0,TLKM.JK
2020-03-16,2140.545166015625,3160.0,3300.0,3160.0,3300.0,115972300,TLKM.JK
2020-03-17,1991.52001953125,2940.0,3160.0,2940.0,3160.0,150122700,TLKM.JK
2020-03-18,1903.4598388671875,2810.0,3080.0,2740.0,3010.0,150147300,TLKM.JK
2020-03-19,1774.7559814453125,2620.0,2810.0,2620.0,2810.0,138987300,TLKM.JK
2020-03-20,1950.8768310546875,2880.0,2990.0,2450.0,2660.0,267694700,TLKM.JK
2020-03-23,1815.3992919921875,2680.0,2880.0,2680.0,2880.0,86157200,TLKM.JK
2020-03-24,1774.7559814453125,2620.0,2880.0,2570.0,2700.0,243778900,TLKM.JK
2020-03-26,2018.6156005859375,2980.0,3080.0,2550.0,2550.0,267369500,TLKM.JK
2020-03-27,2093.12841796875,3090.0,3270.0,3050.0,3050.0,200952500,TLKM.JK
2020-03-30,2126.997802734375,3140.0,3180.0,2880.0,3060.0,134474300,TLKM.JK
2020-03-31,2140.545166015625,3160.0,3300.0,3120.0,3180.0,151302900,TLKM.JK
2020-04-01,2099.902099609375,3100.0,3200.0,3040.0,3180.0,104550600,TLKM.JK
2020-04-02,2120.223876953125,3130.0,3130.0,3020.0,3100.0,92893600,TLKM.JK
2020-04-03,2167.64111328125,3200.0,3220.0,3120.0,3150.0,83469200,TLKM.JK
2020-04-06,2255.701416015625,3330.0,3330.0,3180.0,3280.0,115495000,TLKM.JK
2020-04-07,2181.18896484375,3220.0,3500.0,3200.0,3390.0,166425600,TLKM.JK
2020-04-08,2106.676025390625,3110.0,3220.0,3050.0,3220.0,124553900,TLKM.JK
2020-04-09,2113.4501953125,3120.0,3180.0,3030.0,3110.0,122622400,TLKM.JK
2020-04-13,2154.093017578125,3180.0,3230.0,3130.0,3140.0,45469500,TLKM.JK
2020-04-14,2194.736328125,3240.0,3250.0,3160.0,3200.0,79114600,TLKM.JK
2020-04-15,2106.676025390625,3110.0,3300.0,3090.0,3250.0,69832000,TLKM.JK
2020-04-16,2032.16357421875,3000.0,3110.0,3000.0,3110.0,109582500,TLKM.JK
2020-04-17,2187.962646484375,3230.0,3250.0,3050.0,3050.0,127860400,TLKM.JK
2020-04-20,2113.4501953125,3120.0,3270.0,3120.0,3270.0,77306900,TLKM.JK
2020-04-21,2079.58056640625,3070.0,3130.0,3050.0,3120.0,43239400,TLKM.JK
2020-04-22,2140.545166015625,3160.0,3270.0,3030.0,3050.0,126278300,TLKM.JK
2020-04-23,2079.58056640625,3070.0,3240.0,3070.0,3200.0,117391500,TLKM.JK
2020-04-24,2093.12841796875,3090.0,3160.0,3080.0,3100.0,84061400,TLKM.JK
2020-04-27,2133.771728515625,3150.0,3200.0,3100.0,3120.0,85475400,TLKM.JK
2020-04-28,2140.545166015625,3160.0,3200.0,3140.0,3170.0,80212700,TLKM.JK
2020-04-29,2269.249267578125,3350.0,3390.0,3100.0,3200.0,154902100,TLKM.JK
2020-04-30,2370.857421875,3500.0,3540.0,3350.0,3400.0,163170100,TLKM.JK
2020-05-04,2248.92724609375,3320.0,3400.0,3260.0,3400.0,108988600,TLKM.JK
2020-05-05,2248.92724609375,3320.0,3390.0,3320.0,3320.0,74036700,TLKM.JK
2020-05-06,2194.736328125,3240.0,3340.0,3220.0,3300.0,86395000,TLKM.JK
2020-05-08,2160.8671875,3190.0,3290.0,3150.0,3270.0,143584400,TLKM.JK
2020-05-11,2181.18896484375,3220.0,3250.0,3210.0,3220.0,58473100,TLKM.JK
2020-05-12,2133.771728515625,3150.0,3270.0,3100.0,3270.0,138978700,TLKM.JK
2020-05-13,2140.545166015625,3160.0,3170.0,3080.0,3150.0,73238700,TLKM.JK
2020-05-14,2079.58056640625,3070.0,3140.0,3060.0,3110.0,101581300,TLKM.JK
2020-05-15,2099.902099609375,3100.0,3130.0,3020.0,3100.0,114753900,TLKM.JK
2020-05-18,2181.18896484375,3220.0,3220.0,3100.0,3100.0,108828800,TLKM.JK
2020-05-19,2215.05810546875,3270.0,3330.0,3250.0,3250.0,97387100,TLKM.JK
2020-05-20,2154.093017578125,3180.0,3260.0,3180.0,3200.0,76086600,TLKM.JK
2020-05-26,2201.510498046875,3250.0,3280.0,3130.0,3150.0,105792900,TLKM.JK
2020-05-27,2147.3193359375,3170.0,3270.0,3150.0,3250.0,128693900,TLKM.JK
2020-05-28,2120.223876953125,3130.0,3210.0,3130.0,3180.0,177385100,TLKM.JK
2020-05-29,2133.771728515625,3150.0,3150.0,3080.0,3100.0,276092100,TLKM.JK
2020-06-02,2201.510498046875,3250.0,3270.0,3120.0,3160.0,174790600,TLKM.JK
2020-06-03,2228.60595703125,3290.0,3320.0,3230.0,3280.0,216200900,TLKM.JK
2020-06-04,2235.379638671875,3300.0,3390.0,3250.0,3320.0,167708600,TLKM.JK
2020-06-05,2187.962646484375,3230.0,3360.0,3200.0,3360.0,188420700,TLKM.JK
2020-06-08,2187.962646484375,3230.0,3290.0,3220.0,3250.0,221641600,TLKM.JK
2020-06-09,2126.997802734375,3140.0,3270.0,3140.0,3250.0,171214500,TLKM.JK
2020-06-10,2106.676025390625,3110.0,3190.0,3100.0,3150.0,263483700,TLKM.JK
2020-06-11,2086.354248046875,3080.0,3150.0,3060.0,3120.0,175767800,TLKM.JK
2020-06-12,2052.48486328125,3030.0,3080.0,2970.0,3080.0,260087300,TLKM.JK
2020-06-15,2093.12841796875,3090.0,3150.0,3030.0,3060.0,241625700,TLKM.JK
2020-06-16,2167.64111328125,3200.0,3220.0,3130.0,3150.0,194424800,TLKM.JK
2020-06-17,2174.41455078125,3210.0,3230.0,3140.0,3210.0,177784900,TLKM.JK
2020-06-18,2221.83203125,3280.0,3350.0,3180.0,3210.0,235586600,TLKM.JK
2020-06-19,2221.83203125,3280.0,3340.0,3250.0,3300.0,227358800,TLKM.JK
2020-06-22,2167.64111328125,3200.0,3300.0,3180.0,3290.0,159776500,TLKM.JK
2020-06-23,2120.223876953125,3130.0,3200.0,3120.0,3200.0,167271000,TLKM.JK
2020-06-24,2154.093017578125,3180.0,3230.0,3140.0,3150.0,170895600,TLKM.JK
2020-06-25,2140.545166015625,3160.0,3220.0,3140.0,3160.0,100882600,TLKM.JK
2020-06-26,2160.8671875,3190.0,3220.0,3180.0,3190.0,100784500,TLKM.JK
2020-06-29,2154.093017578125,3180.0,3250.0,3160.0,3200.0,156613200,TLKM.JK
2020-06-30,2171.2265625,3050.0,3100.0,3050.0,3090.0,258068400,TLKM.JK
2020-07-01,2164.10791015625,3040.0,3100.0,3010.0,3070.0,148037400,TLKM.JK
2020-07-02,2235.2958984375,3140.0,3140.0,3040.0,3040.0,178357900,TLKM.JK
2020-07-03,2221.058349609375,3120.0,3180.0,3110.0,3150.0,102033100,TLKM.JK
2020-07-06,2171.2265625,3050.0,3150.0,3040.0,3130.0,248572600,TLKM.JK
2020-07-07,2221.058349609375,3120.0,3120.0,3050.0,3060.0,169104200,TLKM.JK
2020-07-08,2242.414794921875,3150.0,3160.0,3110.0,3130.0,158166300,TLKM.JK
2020-07-09,2213.939453125,3110.0,3190.0,3110.0,3170.0,125940800,TLKM.JK
2020-07-10,2213.939453125,3110.0,3130.0,3100.0,3110.0,95422400,TLKM.JK
2020-07-13,2199.701904296875,3090.0,3130.0,3080.0,3120.0,77733900,TLKM.JK
2020-07-14,2192.5830078125,3080.0,3110.0,3070.0,3100.0,111442600,TLKM.JK
2020-07-15,2199.701904296875,3090.0,3130.0,3080.0,3120.0,102304100,TLKM.JK
2020-07-16,2206.820556640625,3100.0,3110.0,3080.0,3090.0,91951000,TLKM.JK
2020-07-17,2178.345703125,3060.0,3110.0,3060.0,3100.0,112416300,TLKM.JK
2020-07-20,2178.345703125,3060.0,3080.0,3040.0,3080.0,64735500,TLKM.JK
2020-07-21,2178.345703125,3060.0,3110.0,3050.0,3050.0,101283800,TLKM.JK
2020-07-22,2185.46435546875,3070.0,3090.0,3060.0,3070.0,69462100,TLKM.JK
2020-07-23,2185.46435546875,3070.0,3090.0,3060.0,3070.0,70482100,TLKM.JK
2020-07-24,2149.87060546875,3020.0,3080.0,3020.0,3080.0,137265100,TLKM.JK
2020-07-27,2164.10791015625,3040.0,3050.0,3020.0,3020.0,58708800,TLKM.JK
2020-07-28,2149.87060546875,3020.0,3050.0,3010.0,3050.0,102705300,TLKM.JK
2020-07-29,2135.633056640625,3000.0,3050.0,3000.0,3030.0,114352000,TLKM.JK
2020-07-30,2171.2265625,3050.0,3050.0,3000.0,3040.0,95785000,TLKM.JK
2020-08-03,2078.682861328125,2920.0,3060.0,2850.0,3060.0,255659800,TLKM.JK
2020-08-04,2100.038818359375,2950.0,2970.0,2920.0,2970.0,96018000,TLKM.JK
2020-08-05,2149.87060546875,3020.0,3040.0,2920.0,2960.0,120719100,TLKM.JK
2020-08-06,2149.87060546875,3020.0,3050.0,3000.0,3050.0,71699000,TLKM.JK
2020-08-07,2121.395263671875,2980.0,3030.0,2970.0,3020.0,78347200,TLKM.JK
2020-08-10,2114.276611328125,2970.0,3020.0,2970.0,3000.0,65485400,TLKM.JK
2020-08-11,2085.80126953125,2930.0,3000.0,2930.0,2980.0,175693000,TLKM.JK
2020-08-12,2100.038818359375,2950.0,2960.0,2920.0,2930.0,110934800,TLKM.JK
2020-08-13,2142.751708984375,3010.0,3020.0,2950.0,2950.0,160906600,TLKM.JK
2020-08-14,2156.989013671875,3030.0,3040.0,3000.0,3020.0,93007500,TLKM.JK
2020-08-18,2171.2265625,3050.0,3060.0,3000.0,3030.0,139358500,TLKM.JK
2020-08-19,2135.633056640625,3000.0,3050.0,3000.0,3050.0,103980600,TLKM.JK
2020-08-24,2135.633056640625,3000.0,3020.0,2990.0,3010.0,76713900,TLKM.JK
2020-08-25,2121.395263671875,2980.0,3010.0,2980.0,3010.0,100013600,TLKM.JK
2020-08-26,2149.87060546875,3020.0,3050.0,2980.0,2980.0,122465300,TLKM.JK
2020-08-27,2128.514404296875,2990.0,3040.0,2970.0,3020.0,102787800,TLKM.JK
2020-08-28,2107.15771484375,2960.0,2990.0,2940.0,2990.0,160569500,TLKM.JK
2020-08-31,2035.9703369140625,2860.0,2980.0,2860.0,2960.0,204261100,TLKM.JK
2020-09-01,2064.445068359375,2900.0,2910.0,2860.0,2900.0,90565400,TLKM.JK
2020-09-02,2100.038818359375,2950.0,2970.0,2900.0,2900.0,107589800,TLKM.JK
2020-09-03,2064.445068359375,2900.0,2960.0,2880.0,2950.0,123106100,TLKM.JK
2020-09-04,2035.9703369140625,2860.0,2890.0,2840.0,2850.0,143569100,TLKM.JK
2020-09-07,2064.445068359375,2900.0,2910.0,2870.0,2870.0,62206600,TLKM.JK
2020-09-08,2035.9703369140625,2860.0,2900.0,2860.0,2890.0,80068200,TLKM.JK
2020-09-09,1993.25732421875,2800.0,2860.0,2800.0,2850.0,108397400,TLKM.JK
2020-09-10,1922.0697021484375,2700.0,2800.0,2620.0,2800.0,287496300,TLKM.JK
2020-09-11,2000.376220703125,2810.0,2840.0,2650.0,2670.0,197756800,TLKM.JK
2020-09-14,2057.32666015625,2890.0,2890.0,2820.0,2830.0,127562700,TLKM.JK
2020-09-15,2014.6138916015625,2830.0,2900.0,2810.0,2890.0,106215900,TLKM.JK
2020-09-16,1986.1385498046875,2790.0,2830.0,2770.0,2810.0,68113400,TLKM.JK
2020-09-17,2007.494873046875,2820.0,2850.0,2780.0,2810.0,97257400,TLKM.JK
2020-09-18,2057.32666015625,2890.0,2890.0,2840.0,2850.0,162116700,TLKM.JK
2020-09-21,2000.376220703125,2810.0,2910.0,2800.0,2890.0,100305100,TLKM.JK
2020-09-22,1979.0196533203125,2780.0,2810.0,2750.0,2790.0,75891600,TLKM.JK
2020-09-23,1993.25732421875,2800.0,2810.0,2740.0,2770.0,85953300,TLKM.JK
2020-09-24,1943.4259033203125,2730.0,2760.0,2710.0,2750.0,74516800,TLKM.JK
2020-09-25,1914.95068359375,2690.0,2740.0,2670.0,2720.0,180968900,TLKM.JK
2020-09-28,1893.5943603515625,2660.0,2730.0,2660.0,2710.0,89256700,TLKM.JK
2020-09-29,1872.23828125,2630.0,2690.0,2630.0,2690.0,155853900,TLKM.JK
2020-09-30,1822.40673828125,2560.0,2650.0,2540.0,2630.0,235611600,TLKM.JK
2020-10-01,1957.6636962890625,2750.0,2760.0,2600.0,2600.0,225006000,TLKM.JK
2020-10-02,1907.83203125,2680.0,2750.0,2650.0,2750.0,140161900,TLKM.JK
2020-10-05,1886.4757080078125,2650.0,2710.0,2640.0,2690.0,124720200,TLKM.JK
2020-10-06,1886.4757080078125,2650.0,2700.0,2620.0,2680.0,148977400,TLKM.JK
2020-10-07,1893.5943603515625,2660.0,2670.0,2620.0,2650.0,110186000,TLKM.JK
2020-10-08,1922.0697021484375,2700.0,2720.0,2650.0,2670.0,154587800,TLKM.JK
2020-10-09,1943.4259033203125,2730.0,2750.0,2700.0,2710.0,109122300,TLKM.JK
2020-10-12,1943.4259033203125,2730.0,2760.0,2710.0,2750.0,77479100,TLKM.JK
2020-10-13,1943.4259033203125,2730.0,2740.0,2680.0,2730.0,97205500,TLKM.JK
2020-10-14,2000.376220703125,2810.0,2830.0,2710.0,2730.0,183236500,TLKM.JK
2020-10-15,1979.0196533203125,2780.0,2850.0,2760.0,2800.0,138462900,TLKM.JK
2020-10-16,1957.6636962890625,2750.0,2780.0,2720.0,2780.0,135175000,TLKM.JK
2020-10-19,1929.1883544921875,2710.0,2810.0,2710.0,2800.0,187840500,TLKM.JK
2020-10-20,1900.71337890625,2670.0,2740.0,2670.0,2710.0,168211100,TLKM.JK
2020-10-21,1907.83203125,2680.0,2710.0,2670.0,2680.0,142146300,TLKM.JK
2020-10-22,1922.0697021484375,2700.0,2720.0,2650.0,2670.0,257179400,TLKM.JK
2020-10-23,1872.23828125,2630.0,2720.0,2630.0,2710.0,166356000,TLKM.JK
2020-10-26,1886.4757080078125,2650.0,2680.0,2630.0,2630.0,97523200,TLKM.JK
2020-10-27,1865.119384765625,2620.0,2690.0,2620.0,2640.0,146366600,TLKM.JK
2020-11-02,1822.40673828125,2560.0,2620.0,2550.0,2590.0,391510600,TLKM.JK
2020-11-03,1836.64453125,2580.0,2590.0,2540.0,2570.0,188874000,TLKM.JK
2020-11-04,1836.64453125,2580.0,2640.0,2580.0,2600.0,150678200,TLKM.JK
2020-11-05,1971.9010009765625,2770.0,2810.0,2620.0,2630.0,369260400,TLKM.JK
2020-11-06,2014.6138916015625,2830.0,2840.0,2750.0,2800.0,243865800,TLKM.JK
2020-11-09,2050.20751953125,2880.0,2900.0,2840.0,2860.0,208192700,TLKM.JK
2020-11-10,2035.9703369140625,2860.0,2950.0,2860.0,2950.0,195337300,TLKM.JK
2020-11-11,2192.5830078125,3080.0,3100.0,2880.0,2900.0,480530200,TLKM.JK
2020-11-12,2164.10791015625,3040.0,3080.0,3010.0,3080.0,169609900,TLKM.JK
2020-11-13,2128.514404296875,2990.0,3010.0,2950.0,3010.0,186708800,TLKM.JK
2020-11-16,2185.46435546875,3070.0,3100.0,3020.0,3040.0,206145500,TLKM.JK
2020-11-17,2292.246337890625,3220.0,3270.0,3100.0,3100.0,527501800,TLKM.JK
2020-11-18,2263.770751953125,3180.0,3250.0,3160.0,3200.0,239122600,TLKM.JK
2020-11-19,2256.652099609375,3170.0,3220.0,3140.0,3150.0,185558800,TLKM.JK
2020-11-20,2292.246337890625,3220.0,3270.0,3180.0,3190.0,211892500,TLKM.JK
2020-11-23,2363.43359375,3320.0,3340.0,3220.0,3230.0,260752200,TLKM.JK
2020-11-24,2384.790283203125,3350.0,3380.0,3330.0,3350.0,207503900,TLKM.JK
2020-11-25,2334.958740234375,3280.0,3390.0,3280.0,3370.0,253156200,TLKM.JK
2020-11-26,2470.21533203125,3470.0,3480.0,3280.0,3280.0,374185400,TLKM.JK
2020-11-27,2463.096435546875,3460.0,3500.0,3420.0,3480.0,163651600,TLKM.JK
2020-11-30,2299.36474609375,3230.0,3470.0,3220.0,3460.0,624142600,TLKM.JK
2020-12-01,2306.4833984375,3240.0,3320.0,3160.0,3230.0,277929200,TLKM.JK
2020-12-02,2370.552490234375,3330.0,3330.0,3240.0,3270.0,187276600,TLKM.JK
2020-12-03,2349.196044921875,3300.0,3360.0,3280.0,3330.0,121434200,TLKM.JK
2020-12-04,2313.6025390625,3250.0,3280.0,3210.0,3270.0,170418900,TLKM.JK
2020-12-07,2370.552490234375,3330.0,3330.0,3260.0,3280.0,175436900,TLKM.JK
2020-12-08,2349.196044921875,3300.0,3350.0,3290.0,3350.0,113775100,TLKM.JK
2020-12-10,2320.72119140625,3260.0,3290.0,3250.0,3270.0,229380200,TLKM.JK
2020-12-11,2334.958740234375,3280.0,3330.0,3250.0,3270.0,154365400,TLKM.JK
2020-12-14,2363.43359375,3320.0,3340.0,3250.0,3300.0,281474900,TLKM.JK
2020-12-15,2455.97802734375,3450.0,3490.0,3290.0,3320.0,410175700,TLKM.JK
2020-12-16,2569.87841796875,3610.0,3640.0,3500.0,3500.0,455088400,TLKM.JK
2020-12-17,2520.046875,3540.0,3620.0,3520.0,3610.0,249797800,TLKM.JK
2020-12-18,2498.690673828125,3510.0,3540.0,3500.0,3500.0,187856600,TLKM.JK
2020-12-21,2505.809326171875,3520.0,3610.0,3510.0,3530.0,267970200,TLKM.JK
2020-12-22,2391.908935546875,3360.0,3540.0,3340.0,3500.0,311860000,TLKM.JK
2020-12-23,2363.43359375,3320.0,3420.0,3240.0,3350.0,240067600,TLKM.JK
2020-12-28,2441.740234375,3430.0,3460.0,3280.0,3370.0,178138100,TLKM.JK
2020-12-29,2434.62158203125,3420.0,3530.0,3400.0,3500.0,184525500,TLKM.JK
2020-12-30,2356.31494140625,3310.0,3420.0,3310.0,3420.0,150844500,TLKM.JK
2021-01-04,2484.452880859375,3490.0,3500.0,3310.0,3320.0,165339800,TLKM.JK
2021-01-05,2470.21533203125,3470.0,3480.0,3420.0,3480.0,157800700,TLKM.JK
2021-01-06,2399.027587890625,3370.0,3490.0,3330.0,3470.0,177877900,TLKM.JK
2021-01-07,2413.26513671875,3390.0,3450.0,3380.0,3390.0,140221900,TLKM.JK
2021-01-08,2541.403076171875,3570.0,3620.0,3440.0,3450.0,492643700,TLKM.JK
2021-01-11,2562.759521484375,3600.0,3640.0,3570.0,3590.0,271231200,TLKM.JK
2021-01-12,2498.690673828125,3510.0,3620.0,3500.0,3600.0,189779500,TLKM.JK
2021-01-13,2477.334228515625,3480.0,3550.0,3460.0,3550.0,162329300,TLKM.JK
2021-01-14,2491.57177734375,3500.0,3590.0,3470.0,3480.0,187448400,TLKM.JK
2021-01-15,2477.334228515625,3480.0,3540.0,3450.0,3510.0,133304300,TLKM.JK
2021-01-18,2455.97802734375,3450.0,3520.0,3430.0,3480.0,138913100,TLKM.JK
2021-01-19,2427.502685546875,3410.0,3490.0,3370.0,3470.0,144100700,TLKM.JK
2021-01-20,2470.21533203125,3470.0,3480.0,3380.0,3420.0,116098100,TLKM.JK
2021-01-21,2477.334228515625,3480.0,3520.0,3460.0,3500.0,81801900,TLKM.JK
2021-01-22,2413.26513671875,3390.0,3440.0,3360.0,3420.0,165024200,TLKM.JK
2021-01-25,2399.027587890625,3370.0,3410.0,3310.0,3370.0,118131800,TLKM.JK
2021-01-26,2320.72119140625,3260.0,3390.0,3260.0,3360.0,111414500,TLKM.JK
2021-01-27,2406.146728515625,3380.0,3380.0,3260.0,3340.0,159144700,TLKM.JK
2021-01-28,2306.4833984375,3240.0,3330.0,3230.0,3280.0,142648800,TLKM.JK
2021-01-29,2213.939453125,3110.0,3290.0,3110.0,3290.0,191915100,TLKM.JK
2021-02-01,2299.36474609375,3230.0,3250.0,3040.0,3130.0,133929600,TLKM.JK
2021-02-02,2327.83984375,3270.0,3330.0,3250.0,3300.0,114734600,TLKM.JK
2021-02-03,2306.4833984375,3240.0,3330.0,3220.0,3250.0,86433900,TLKM.JK
2021-02-04,2342.077392578125,3290.0,3330.0,3260.0,3270.0,80319500,TLKM.JK
2021-02-05,2342.077392578125,3290.0,3320.0,3270.0,3320.0,52630500,TLKM.JK
2021-02-08,2334.958740234375,3280.0,3370.0,3270.0,3300.0,96635600,TLKM.JK
2021-02-09,2278.008544921875,3200.0,3300.0,3180.0,3250.0,157479200,TLKM.JK
2021-02-10,2270.8896484375,3190.0,3220.0,3160.0,3180.0,125221400,TLKM.JK
2021-02-11,2270.8896484375,3190.0,3230.0,3170.0,3220.0,79940700,TLKM.JK
2021-02-15,2292.246337890625,3220.0,3260.0,3200.0,3200.0,88883300,TLKM.JK
2021-02-16,2285.126953125,3210.0,3250.0,3190.0,3200.0,82026300,TLKM.JK
2021-02-17,2242.414794921875,3150.0,3250.0,3140.0,3220.0,121105300,TLKM.JK
2021-02-18,2263.770751953125,3180.0,3270.0,3180.0,3190.0,151200300,TLKM.JK
2021-02-19,2285.126953125,3210.0,3220.0,3170.0,3180.0,63214600,TLKM.JK
2021-02-22,2256.652099609375,3170.0,3240.0,3170.0,3210.0,100425500,TLKM.JK
2021-02-23,2470.21533203125,3470.0,3480.0,3200.0,3200.0,354966200,TLKM.JK
2021-02-24,2477.334228515625,3480.0,3550.0,3460.0,3490.0,303017100,TLKM.JK
2021-02-25,2484.452880859375,3490.0,3570.0,3450.0,3510.0,226833000,TLKM.JK
2021-02-26,2484.452880859375,3490.0,3510.0,3410.0,3450.0,230007700,TLKM.JK
2021-03-01,2484.452880859375,3490.0,3510.0,3470.0,3490.0,91513500,TLKM.JK
2021-03-02,2463.096435546875,3460.0,3500.0,3440.0,3490.0,169061400,TLKM.JK
2021-03-03,2448.859130859375,3440.0,3480.0,3420.0,3480.0,82610700,TLKM.JK
2021-03-04,2391.908935546875,3360.0,3430.0,3350.0,3420.0,142322100,TLKM.JK
2021-03-05,2363.43359375,3320.0,3370.0,3320.0,3340.0,128546000,TLKM.JK
2021-03-08,2377.671142578125,3340.0,3400.0,3330.0,3360.0,80094900,TLKM.JK
2021-03-09,2342.077392578125,3290.0,3390.0,3280.0,3370.0,110090800,TLKM.JK
2021-03-10,2420.384033203125,3400.0,3420.0,3310.0,3340.0,91631900,TLKM.JK
2021-03-12,2455.97802734375,3450.0,3480.0,3430.0,3440.0,100195200,TLKM.JK
2021-03-15,2406.146728515625,3380.0,3450.0,3380.0,3440.0,50077300,TLKM.JK
2021-03-16,2391.908935546875,3360.0,3410.0,3360.0,3400.0,60111200,TLKM.JK
2021-03-17,2413.26513671875,3390.0,3430.0,3370.0,3410.0,61701400,TLKM.JK
2021-03-18,2455.97802734375,3450.0,3480.0,3430.0,3450.0,101896400,TLKM.JK
2021-03-19,2448.859130859375,3440.0,3440.0,3380.0,3410.0,140000000,TLKM.JK
2021-03-22,2406.146728515625,3380.0,3440.0,3380.0,3440.0,53870300,TLKM.JK
2021-03-23,2391.908935546875,3360.0,3420.0,3350.0,3390.0,55323200,TLKM.JK
2021-03-24,2399.027587890625,3370.0,3390.0,3320.0,3320.0,67173200,TLKM.JK
2021-03-25,2427.502685546875,3410.0,3430.0,3380.0,3400.0,107607200,TLKM.JK
2021-03-26,2484.452880859375,3490.0,3500.0,3390.0,3410.0,106810400,TLKM.JK
2021-03-29,2427.502685546875,3410.0,3490.0,3400.0,3470.0,72214100,TLKM.JK
2021-03-30,2406.146728515625,3380.0,3430.0,3360.0,3420.0,66491800,TLKM.JK
2021-03-31,2434.62158203125,3420.0,3420.0,3330.0,3380.0,134671900,TLKM.JK
2021-04-01,2413.26513671875,3390.0,3440.0,3380.0,3390.0,73332000,TLKM.JK
2021-04-05,2406.146728515625,3380.0,3430.0,3370.0,3430.0,36029200,TLKM.JK
2021-04-06,2399.027587890625,3370.0,3410.0,3370.0,3400.0,40566400,TLKM.JK
2021-04-07,2420.384033203125,3400.0,3430.0,3380.0,3410.0,84754300,TLKM.JK
2021-04-08,2413.26513671875,3390.0,3400.0,3380.0,3380.0,59079700,TLKM.JK
2021-04-09,2391.908935546875,3360.0,3390.0,3360.0,3390.0,56861400,TLKM.JK
2021-04-12,2356.31494140625,3310.0,3390.0,3300.0,3340.0,79003200,TLKM.JK
2021-04-13,2370.552490234375,3330.0,3340.0,3300.0,3340.0,51300200,TLKM.JK
2021-04-14,2377.671142578125,3340.0,3360.0,3320.0,3360.0,52587500,TLKM.JK
2021-04-15,2391.908935546875,3360.0,3360.0,3320.0,3340.0,65669100,TLKM.JK
2021-04-16,2391.908935546875,3360.0,3370.0,3320.0,3370.0,52517800,TLKM.JK
2021-04-19,2377.671142578125,3340.0,3360.0,3330.0,3330.0,44899700,TLKM.JK
2021-04-20,2363.43359375,3320.0,3350.0,3300.0,3330.0,55700100,TLKM.JK
2021-04-21,2334.958740234375,3280.0,3330.0,3280.0,3290.0,47167800,TLKM.JK
2021-04-22,2370.552490234375,3330.0,3340.0,3290.0,3290.0,54970000,TLKM.JK
2021-04-23,2356.31494140625,3310.0,3330.0,3290.0,3330.0,39798400,TLKM.JK
2021-04-26,2313.6025390625,3250.0,3300.0,3250.0,3280.0,55076200,TLKM.JK
2021-04-27,2249.532958984375,3160.0,3250.0,3140.0,3240.0,166985400,TLKM.JK
2021-04-28,2235.2958984375,3140.0,3170.0,3130.0,3160.0,91596300,TLKM.JK
2021-04-29,2278.008544921875,3200.0,3210.0,3140.0,3150.0,111785100,TLKM.JK
2021-04-30,2278.008544921875,3200.0,3260.0,3200.0,3220.0,143840800,TLKM.JK
2021-05-03,2256.652099609375,3170.0,3210.0,3130.0,3200.0,124724400,TLKM.JK
2021-05-04,2285.126953125,3210.0,3210.0,3170.0,3180.0,60180600,TLKM.JK
2021-05-05,2278.008544921875,3200.0,3210.0,3180.0,3210.0,76480300,TLKM.JK
2021-05-06,2270.8896484375,3190.0,3200.0,3150.0,3200.0,91955600,TLKM.JK
2021-05-07,2270.8896484375,3190.0,3220.0,3180.0,3200.0,98099900,TLKM.JK
2021-05-10,2256.652099609375,3170.0,3200.0,3160.0,3190.0,104121900,TLKM.JK
2021-05-11,2263.770751953125,3180.0,3200.0,3150.0,3170.0,94281900,TLKM.JK
2021-05-17,2270.8896484375,3190.0,3190.0,3150.0,3190.0,114071400,TLKM.JK
2021-05-18,2263.770751953125,3180.0,3190.0,3150.0,3190.0,77310400,TLKM.JK
2021-05-19,2249.532958984375,3160.0,3220.0,3150.0,3150.0,48958100,TLKM.JK
2021-05-20,2356.31494140625,3310.0,3320.0,3180.0,3190.0,197430900,TLKM.JK
2021-05-21,2327.83984375,3270.0,3350.0,3270.0,3340.0,104101400,TLKM.JK
2021-05-24,2320.72119140625,3260.0,3330.0,3220.0,3290.0,64347100,TLKM.JK
2021-05-25,2349.196044921875,3300.0,3320.0,3270.0,3290.0,62218300,TLKM.JK
2021-05-27,2406.146728515625,3380.0,3400.0,3330.0,3350.0,233551300,TLKM.JK
2021-05-28,2327.83984375,3270.0,3400.0,3260.0,3380.0,87439800,TLKM.JK
2021-05-31,2448.859130859375,3440.0,3460.0,3300.0,3300.0,155768200,TLKM.JK
2021-06-02,2455.97802734375,3450.0,3500.0,3420.0,3490.0,108933400,TLKM.JK
2021-06-03,2484.452880859375,3490.0,3490.0,3420.0,3420.0,77627900,TLKM.JK
2021-06-04,2491.57177734375,3500.0,3510.0,3450.0,3490.0,70624200,TLKM.JK
2021-06-07,2527.165283203125,3550.0,3570.0,3500.0,3540.0,124440300,TLKM.JK
2021-06-08,2491.57177734375,3500.0,3550.0,3470.0,3550.0,132409400,TLKM.JK
2021-06-09,2534.949951171875,3390.0,3400.0,3310.0,3340.0,112204200,TLKM.JK
2021-06-10,2602.24951171875,3480.0,3500.0,3340.0,3350.0,137713700,TLKM.JK
2021-06-11,2594.771728515625,3470.0,3500.0,3420.0,3490.0,82336600,TLKM.JK
2021-06-14,2549.905029296875,3410.0,3470.0,3400.0,3460.0,46016500,TLKM.JK
2021-06-15,2572.33837890625,3440.0,3440.0,3380.0,3410.0,60528600,TLKM.JK
2021-06-16,2549.905029296875,3410.0,3430.0,3380.0,3380.0,39149800,TLKM.JK
2021-06-17,2505.0390625,3350.0,3420.0,3350.0,3370.0,50286100,TLKM.JK
2021-06-18,2505.0390625,3350.0,3400.0,3290.0,3350.0,168414300,TLKM.JK
2021-06-21,2467.650390625,3300.0,3340.0,3260.0,3280.0,74248200,TLKM.JK
2021-06-22,2467.650390625,3300.0,3370.0,3290.0,3300.0,89349200,TLKM.JK
2021-06-23,2519.994384765625,3370.0,3420.0,3310.0,3310.0,81901000,TLKM.JK
2021-06-24,2430.261962890625,3250.0,3360.0,3240.0,3330.0,101334200,TLKM.JK
2021-06-25,2430.261962890625,3250.0,3300.0,3240.0,3250.0,58330700,TLKM.JK
2021-06-28,2370.440185546875,3170.0,3260.0,3170.0,3250.0,66338900,TLKM.JK
2021-06-29,2362.962158203125,3160.0,3260.0,3150.0,3190.0,123411200,TLKM.JK
2021-06-30,2355.484619140625,3150.0,3180.0,3130.0,3150.0,142204500,TLKM.JK
2021-07-01,2325.57373046875,3110.0,3170.0,3090.0,3160.0,143665900,TLKM.JK
2021-07-02,2295.662841796875,3070.0,3130.0,3060.0,3110.0,161855700,TLKM.JK
2021-07-05,2273.2294921875,3040.0,3090.0,3010.0,3070.0,133815000,TLKM.JK
2021-07-06,2250.79638671875,3010.0,3070.0,3000.0,3050.0,151573500,TLKM.JK
2021-07-07,2265.751708984375,3030.0,3070.0,3010.0,3030.0,110215500,TLKM.JK
2021-07-08,2250.79638671875,3010.0,3060.0,3000.0,3060.0,132576600,TLKM.JK
2021-07-09,2362.962158203125,3160.0,3170.0,3030.0,3040.0,222916400,TLKM.JK
2021-07-12,2340.529052734375,3130.0,3190.0,3110.0,3190.0,86268000,TLKM.JK
2021-07-13,2295.662841796875,3070.0,3160.0,3050.0,3160.0,82856600,TLKM.JK
2021-07-14,2288.18505859375,3060.0,3070.0,3020.0,3050.0,84993400,TLKM.JK
2021-07-15,2340.529052734375,3130.0,3140.0,3080.0,3110.0,88092800,TLKM.JK
2021-07-16,2370.440185546875,3170.0,3170.0,3110.0,3140.0,63626300,TLKM.JK
2021-07-19,2407.828857421875,3220.0,3230.0,3150.0,3160.0,116219500,TLKM.JK
2021-07-21,2400.350830078125,3210.0,3240.0,3180.0,3190.0,115099400,TLKM.JK
2021-07-22,2437.73974609375,3260.0,3260.0,3210.0,3210.0,48865700,TLKM.JK
2021-07-23,2370.440185546875,3170.0,3250.0,3150.0,3250.0,67128400,TLKM.JK
2021-07-26,2385.3955078125,3190.0,3200.0,3140.0,3140.0,55525800,TLKM.JK
2021-07-27,2445.21728515625,3270.0,3270.0,3160.0,3210.0,62673400,TLKM.JK
2021-07-28,2385.3955078125,3190.0,3250.0,3150.0,3250.0,103282300,TLKM.JK
2021-07-29,2415.306396484375,3230.0,3290.0,3200.0,3210.0,126542400,TLKM.JK
2021-07-30,2422.7841796875,3240.0,3290.0,3200.0,3200.0,95143100,TLKM.JK
2021-08-02,2475.128173828125,3310.0,3310.0,3210.0,3240.0,60368200,TLKM.JK
2021-08-03,2490.08349609375,3330.0,3360.0,3290.0,3310.0,89712500,TLKM.JK
2021-08-04,2519.994384765625,3370.0,3370.0,3310.0,3330.0,63108600,TLKM.JK
2021-08-05,2497.561279296875,3340.0,3400.0,3320.0,3360.0,89742800,TLKM.JK
2021-08-06,2482.605712890625,3320.0,3380.0,3310.0,3360.0,31664200,TLKM.JK
2021-08-09,2430.261962890625,3250.0,3300.0,3220.0,3260.0,70299500,TLKM.JK
2021-08-10,2415.306396484375,3230.0,3270.0,3190.0,3240.0,57658000,TLKM.JK
2021-08-12,2505.0390625,3350.0,3350.0,3240.0,3260.0,93133400,TLKM.JK
2021-08-13,2467.650390625,3300.0,3380.0,3260.0,3370.0,59903600,TLKM.JK
2021-08-16,2497.561279296875,3340.0,3340.0,3290.0,3300.0,38661800,TLKM.JK
2021-08-18,2557.38330078125,3420.0,3440.0,3350.0,3360.0,162921300,TLKM.JK
2021-08-19,2534.949951171875,3390.0,3430.0,3360.0,3410.0,100851800,TLKM.JK
2021-08-20,2542.427734375,3400.0,3430.0,3370.0,3390.0,113411000,TLKM.JK
2021-08-23,2572.33837890625,3440.0,3440.0,3400.0,3420.0,64122400,TLKM.JK
2021-08-24,2542.427734375,3400.0,3420.0,3310.0,3410.0,69338100,TLKM.JK
2021-08-25,2519.994384765625,3370.0,3390.0,3330.0,3390.0,66618200,TLKM.JK
2021-08-26,2512.5166015625,3360.0,3360.0,3320.0,3330.0,55756100,TLKM.JK
2021-08-27,2482.605712890625,3320.0,3370.0,3310.0,3370.0,62419000,TLKM.JK
2021-08-30,2542.427734375,3400.0,3400.0,3330.0,3330.0,64177700,TLKM.JK
2021-08-31,2542.427734375,3400.0,3420.0,3360.0,3400.0,130019000,TLKM.JK
2021-09-01,2497.561279296875,3340.0,3420.0,3330.0,3420.0,85135200,TLKM.JK
2021-09-02,2519.994384765625,3370.0,3390.0,3350.0,3350.0,51633800,TLKM.JK
2021-09-03,2534.949951171875,3390.0,3420.0,3370.0,3400.0,65479800,TLKM.JK
2021-09-06,2534.949951171875,3390.0,3410.0,3380.0,3410.0,52640400,TLKM.JK
2021-09-07,2527.47216796875,3380.0,3410.0,3360.0,3410.0,42617400,TLKM.JK
2021-09-08,2490.08349609375,3330.0,3400.0,3310.0,3400.0,80636800,TLKM.JK
2021-09-09,2534.949951171875,3390.0,3390.0,3330.0,3360.0,82214400,TLKM.JK
2021-09-10,2490.08349609375,3330.0,3390.0,3320.0,3380.0,52115300,TLKM.JK
2021-09-13,2505.0390625,3350.0,3350.0,3300.0,3310.0,45547200,TLKM.JK
2021-09-14,2572.33837890625,3440.0,3450.0,3350.0,3380.0,166002100,TLKM.JK
2021-09-15,2579.81640625,3450.0,3450.0,3410.0,3430.0,73158300,TLKM.JK
2021-09-16,2572.33837890625,3440.0,3470.0,3400.0,3470.0,58318700,TLKM.JK
2021-09-17,2639.63818359375,3530.0,3530.0,3390.0,3400.0,117573100,TLKM.JK
2021-09-20,2632.16015625,3520.0,3520.0,3460.0,3500.0,83985100,TLKM.JK
2021-09-21,2639.63818359375,3530.0,3560.0,3480.0,3500.0,95848100,TLKM.JK
2021-09-22,2684.50439453125,3590.0,3590.0,3520.0,3530.0,66835200,TLKM.JK
2021-09-23,2662.071533203125,3560.0,3610.0,3550.0,3600.0,104737500,TLKM.JK
2021-09-24,2662.071533203125,3560.0,3580.0,3540.0,3560.0,72224500,TLKM.JK
2021-09-27,2632.16015625,3520.0,3560.0,3480.0,3530.0,87303000,TLKM.JK
2021-09-28,2639.63818359375,3530.0,3540.0,3490.0,3510.0,54671700,TLKM.JK
2021-09-29,2639.63818359375,3530.0,3540.0,3490.0,3490.0,53170100,TLKM.JK
2021-09-30,2759.28173828125,3690.0,3690.0,3540.0,3550.0,153853900,TLKM.JK
2021-10-01,2736.8486328125,3660.0,3690.0,3610.0,3680.0,109898400,TLKM.JK
2021-10-04,2744.326416015625,3670.0,3670.0,3600.0,3620.0,82205100,TLKM.JK
2021-10-05,2744.326416015625,3670.0,3680.0,3620.0,3670.0,140488300,TLKM.JK
2021-10-06,2811.6259765625,3760.0,3770.0,3650.0,3690.0,153535700,TLKM.JK
2021-10-07,2781.715087890625,3720.0,3740.0,3690.0,3720.0,56837600,TLKM.JK
2021-10-08,2841.53662109375,3800.0,3800.0,3720.0,3730.0,91361800,TLKM.JK
2021-10-11,2849.0146484375,3810.0,3850.0,3770.0,3800.0,78865000,TLKM.JK
2021-10-12,2826.581298828125,3780.0,3840.0,3770.0,3780.0,69866300,TLKM.JK
2021-10-13,2819.103515625,3770.0,3820.0,3750.0,3750.0,87143900,TLKM.JK
2021-10-14,2863.969970703125,3830.0,3830.0,3770.0,3770.0,95817900,TLKM.JK
2021-10-15,2849.0146484375,3810.0,3840.0,3750.0,3840.0,69707700,TLKM.JK
2021-10-18,2834.05908203125,3790.0,3840.0,3790.0,3840.0,78580700,TLKM.JK
2021-10-19,2796.670654296875,3740.0,3800.0,3720.0,3750.0,61095700,TLKM.JK
2021-10-21,2878.925537109375,3850.0,3880.0,3760.0,3780.0,169659500,TLKM.JK
2021-10-22,2893.880859375,3870.0,3880.0,3820.0,3860.0,59640700,TLKM.JK
2021-10-25,2826.581298828125,3780.0,3840.0,3780.0,3800.0,58246300,TLKM.JK
2021-10-26,2841.53662109375,3800.0,3830.0,3780.0,3800.0,58615100,TLKM.JK
2021-10-27,2834.05908203125,3790.0,3830.0,3770.0,3820.0,52210100,TLKM.JK
2021-10-28,2804.148193359375,3750.0,3820.0,3710.0,3820.0,61151100,TLKM.JK
2021-10-29,2841.53662109375,3800.0,3810.0,3730.0,3750.0,70430900,TLKM.JK
2021-11-01,2766.759521484375,3700.0,3820.0,3700.0,3810.0,65447100,TLKM.JK
2021-11-02,2736.8486328125,3660.0,3710.0,3640.0,3700.0,170260000,TLKM.JK
2021-11-03,2781.715087890625,3720.0,3740.0,3620.0,3620.0,48810500,TLKM.JK
2021-11-04,2819.103515625,3770.0,3780.0,3720.0,3750.0,53494200,TLKM.JK
2021-11-05,2819.103515625,3770.0,3770.0,3710.0,3760.0,43133000,TLKM.JK
2021-11-08,2804.148193359375,3750.0,3780.0,3710.0,3780.0,58758600,TLKM.JK
2021-11-09,2774.237060546875,3710.0,3740.0,3680.0,3730.0,92427800,TLKM.JK
2021-11-10,2766.759521484375,3700.0,3720.0,3670.0,3670.0,53511200,TLKM.JK
2021-11-11,2729.370849609375,3650.0,3730.0,3640.0,3700.0,95789600,TLKM.JK
2021-11-12,2691.982177734375,3600.0,3660.0,3600.0,3660.0,115142400,TLKM.JK
2021-11-15,2691.982177734375,3600.0,3650.0,3600.0,3600.0,91001800,TLKM.JK
2021-11-16,2744.326416015625,3670.0,3680.0,3590.0,3590.0,99590700,TLKM.JK
2021-11-17,2714.415283203125,3630.0,3690.0,3600.0,3690.0,82023300,TLKM.JK
2021-11-18,2714.415283203125,3630.0,3640.0,3600.0,3630.0,53290400,TLKM.JK
2021-11-19,2916.314208984375,3900.0,3920.0,3660.0,3660.0,310615000,TLKM.JK
2021-11-22,2841.53662109375,3800.0,3930.0,3780.0,3920.0,206683100,TLKM.JK
2021-11-23,2841.53662109375,3800.0,3850.0,3780.0,3800.0,67778800,TLKM.JK
2021-11-24,2841.53662109375,3800.0,3840.0,3790.0,3840.0,67303800,TLKM.JK
2021-11-25,2991.09130859375,4000.0,4090.0,3850.0,3880.0,264897100,TLKM.JK
2021-11-26,2998.5693359375,4010.0,4050.0,3970.0,4040.0,231870300,TLKM.JK
2021-11-29,3095.779541015625,4140.0,4170.0,3980.0,4010.0,228774600,TLKM.JK
2021-11-30,2983.61376953125,3990.0,4170.0,3990.0,4150.0,435800600,TLKM.JK
2021-12-01,3050.9130859375,4080.0,4150.0,4020.0,4040.0,200699200,TLKM.JK
2021-12-02,3110.73486328125,4160.0,4190.0,4100.0,4140.0,116093100,TLKM.JK
2021-12-03,3043.435546875,4070.0,4180.0,4050.0,4130.0,96760700,TLKM.JK
2021-12-06,3118.213134765625,4170.0,4250.0,4050.0,4060.0,106756900,TLKM.JK
2021-12-07,3103.257568359375,4150.0,4200.0,4120.0,4180.0,121543400,TLKM.JK
2021-12-08,3058.39111328125,4090.0,4120.0,4010.0,4100.0,113845600,TLKM.JK
2021-12-09,3103.257568359375,4150.0,4150.0,4080.0,4090.0,86985800,TLKM.JK
2021-12-10,3103.257568359375,4150.0,4150.0,4070.0,4070.0,90725000,TLKM.JK
2021-12-13,3050.9130859375,4080.0,4150.0,4080.0,4150.0,65533000,TLKM.JK
2021-12-14,3065.868896484375,4100.0,4120.0,4070.0,4120.0,75736900,TLKM.JK
2021-12-15,3050.9130859375,4080.0,4140.0,4060.0,4060.0,84424500,TLKM.JK
2021-12-16,3065.868896484375,4100.0,4150.0,4060.0,4110.0,98164300,TLKM.JK
2021-12-17,3065.868896484375,4100.0,4100.0,4010.0,4010.0,149615800,TLKM.JK
2021-12-20,3050.9130859375,4080.0,4110.0,4040.0,4070.0,72794200,TLKM.JK
2021-12-21,3110.73486328125,4160.0,4190.0,4100.0,4110.0,98039300,TLKM.JK
2021-12-22,3073.346435546875,4110.0,4170.0,4110.0,4160.0,50574500,TLKM.JK
2021-12-23,3110.73486328125,4160.0,4160.0,4100.0,4110.0,54508200,TLKM.JK
2021-12-24,3073.346435546875,4110.0,4170.0,4100.0,4160.0,29075600,TLKM.JK
2021-12-27,3050.9130859375,4080.0,4150.0,4070.0,4150.0,30748000,TLKM.JK
2021-12-28,3058.39111328125,4090.0,4130.0,4050.0,4080.0,39443300,TLKM.JK
2021-12-29,3050.9130859375,4080.0,4130.0,4080.0,4100.0,25596100,TLKM.JK
2021-12-30,3021.00244140625,4040.0,4130.0,4040.0,4130.0,50575100,TLKM.JK
2022-01-03,3125.6904296875,4180.0,4180.0,4050.0,4060.0,65937900,TLKM.JK
2022-01-04,3118.213134765625,4170.0,4200.0,4150.0,4180.0,42984700,TLKM.JK
2022-01-05,3028.47998046875,4050.0,4190.0,4030.0,4150.0,119584700,TLKM.JK
2022-01-06,3080.82421875,4120.0,4120.0,4030.0,4090.0,89197500,TLKM.JK
2022-01-07,3118.213134765625,4170.0,4190.0,4090.0,4120.0,68415100,TLKM.JK
2022-01-10,3065.868896484375,4100.0,4190.0,4100.0,4180.0,44921200,TLKM.JK
2022-01-11,3058.39111328125,4090.0,4160.0,4090.0,4120.0,61890200,TLKM.JK
2022-01-12,3073.346435546875,4110.0,4140.0,4070.0,4110.0,45132700,TLKM.JK
2022-01-13,3125.6904296875,4180.0,4180.0,4110.0,4170.0,84148400,TLKM.JK
2022-01-14,3133.168212890625,4190.0,4190.0,4130.0,4140.0,28193100,TLKM.JK
2022-01-17,3125.6904296875,4180.0,4200.0,4140.0,4200.0,39816300,TLKM.JK
2022-01-18,3178.034912109375,4250.0,4250.0,4160.0,4200.0,112212200,TLKM.JK
2022-01-19,3178.034912109375,4250.0,4260.0,4230.0,4260.0,88713900,TLKM.JK
2022-01-20,3155.601318359375,4220.0,4300.0,4190.0,4300.0,100014500,TLKM.JK
2022-01-21,3237.856689453125,4330.0,4330.0,4190.0,4240.0,75534800,TLKM.JK
2022-01-24,3215.423095703125,4300.0,4310.0,4250.0,4260.0,70404500,TLKM.JK
2022-01-25,3207.945556640625,4290.0,4320.0,4250.0,4310.0,116353600,TLKM.JK
2022-01-26,3282.722900390625,4390.0,4390.0,4290.0,4380.0,127641400,TLKM.JK
2022-01-27,3192.989990234375,4270.0,4400.0,4260.0,4400.0,98613900,TLKM.JK
2022-01-28,3185.512451171875,4260.0,4300.0,4230.0,4260.0,61686700,TLKM.JK
2022-01-31,3133.168212890625,4190.0,4250.0,4190.0,4210.0,88735900,TLKM.JK
2022-02-02,3118.213134765625,4170.0,4200.0,4150.0,4170.0,144006000,TLKM.JK
2022-02-03,3140.646240234375,4200.0,4210.0,4160.0,4200.0,58212400,TLKM.JK
2022-02-04,3163.079345703125,4230.0,4260.0,4180.0,4260.0,98728700,TLKM.JK
2022-02-07,3207.945556640625,4290.0,4290.0,4210.0,4230.0,90285800,TLKM.JK
2022-02-08,3163.079345703125,4230.0,4280.0,4230.0,4280.0,71210400,TLKM.JK
2022-02-09,3200.46826171875,4280.0,4280.0,4210.0,4280.0,95375000,TLKM.JK
2022-02-10,3335.06689453125,4460.0,4470.0,4340.0,4400.0,233984700,TLKM.JK
2022-02-11,3327.589111328125,4450.0,4550.0,4410.0,4500.0,130081900,TLKM.JK
2022-02-14,3290.20068359375,4400.0,4400.0,4310.0,4380.0,104903700,TLKM.JK
2022-02-15,3297.678466796875,4410.0,4440.0,4360.0,4400.0,75305900,TLKM.JK
2022-02-16,3290.20068359375,4400.0,4460.0,4380.0,4420.0,90121200,TLKM.JK
2022-02-17,3297.678466796875,4410.0,4440.0,4360.0,4400.0,72970200,TLKM.JK
2022-02-18,3290.20068359375,4400.0,4440.0,4370.0,4420.0,71111300,TLKM.JK
2022-02-21,3267.767578125,4370.0,4420.0,4340.0,4370.0,58883000,TLKM.JK
2022-02-22,3215.423095703125,4300.0,4360.0,4250.0,4320.0,106985800,TLKM.JK
2022-02-23,3252.811767578125,4350.0,4370.0,4270.0,4280.0,110562400,TLKM.JK
2022-02-24,3170.556884765625,4240.0,4320.0,4200.0,4280.0,126158600,TLKM.JK
2022-02-25,3245.334228515625,4340.0,4350.0,4240.0,4240.0,208757000,TLKM.JK
2022-03-01,3252.811767578125,4350.0,4650.0,4350.0,4640.0,206416900,TLKM.JK
2022-03-02,3207.945556640625,4290.0,4400.0,4270.0,4400.0,152165300,TLKM.JK
2022-03-04,3290.20068359375,4400.0,4440.0,4300.0,4440.0,155369100,TLKM.JK
2022-03-07,3372.455810546875,4510.0,4530.0,4370.0,4400.0,177360400,TLKM.JK
2022-03-08,3454.710693359375,4620.0,4700.0,4540.0,4600.0,234086000,TLKM.JK
2022-03-09,3320.111572265625,4440.0,4620.0,4420.0,4550.0,145145900,TLKM.JK
2022-03-10,3297.678466796875,4410.0,4500.0,4380.0,4500.0,130830800,TLKM.JK
2022-03-11,3432.277587890625,4590.0,4590.0,4400.0,4410.0,143446200,TLKM.JK
2022-03-14,3424.7998046875,4580.0,4670.0,4540.0,4650.0,166572700,TLKM.JK
2022-03-15,3454.710693359375,4620.0,4630.0,4570.0,4630.0,231077800,TLKM.JK
2022-03-16,3462.188232421875,4630.0,4660.0,4550.0,4660.0,109961900,TLKM.JK
2022-03-17,3350.022705078125,4480.0,4580.0,4450.0,4550.0,246300800,TLKM.JK
2022-03-18,3394.888671875,4540.0,4540.0,4470.0,4490.0,210266100,TLKM.JK
2022-03-21,3402.36669921875,4550.0,4570.0,4520.0,4550.0,79691600,TLKM.JK
2022-03-22,3402.36669921875,4550.0,4580.0,4540.0,4550.0,98699900,TLKM.JK
2022-03-23,3402.36669921875,4550.0,4570.0,4500.0,4550.0,78299500,TLKM.JK
2022-03-24,3409.84423828125,4560.0,4570.0,4500.0,4500.0,89578400,TLKM.JK
2022-03-25,3379.93359375,4520.0,4540.0,4480.0,4510.0,90053700,TLKM.JK
2022-03-28,3439.755126953125,4600.0,4600.0,4500.0,4510.0,184131000,TLKM.JK
2022-03-29,3409.84423828125,4560.0,4620.0,4560.0,4600.0,77920800,TLKM.JK
2022-03-30,3424.7998046875,4580.0,4620.0,4560.0,4620.0,118749100,TLKM.JK
2022-03-31,3424.7998046875,4580.0,4640.0,4560.0,4620.0,108109700,TLKM.JK
2022-04-01,3424.7998046875,4580.0,4580.0,4530.0,4550.0,86590300,TLKM.JK
2022-04-04,3394.888671875,4540.0,4570.0,4490.0,4560.0,103480300,TLKM.JK
2022-04-05,3379.93359375,4520.0,4550.0,4500.0,4550.0,52172300,TLKM.JK
2022-04-06,3312.6337890625,4430.0,4500.0,4420.0,4490.0,108368800,TLKM.JK
2022-04-07,3394.888671875,4540.0,4540.0,4440.0,4450.0,143921800,TLKM.JK
2022-04-08,3424.7998046875,4580.0,4610.0,4560.0,4580.0,161974500,TLKM.JK
2022-04-11,3432.277587890625,4590.0,4610.0,4550.0,4610.0,90521500,TLKM.JK
2022-04-12,3462.188232421875,4630.0,4630.0,4580.0,4620.0,187948000,TLKM.JK
2022-04-13,3507.0546875,4690.0,4720.0,4650.0,4700.0,196864200,TLKM.JK
2022-04-14,3499.576904296875,4680.0,4730.0,4660.0,4700.0,112735200,TLKM.JK
2022-04-18,3522.009765625,4710.0,4730.0,4690.0,4720.0,120778200,TLKM.JK
2022-04-19,3499.576904296875,4680.0,4750.0,4680.0,4740.0,92268300,TLKM.JK
2022-04-20,3462.188232421875,4630.0,4690.0,4620.0,4680.0,88360900,TLKM.JK
2022-04-21,3454.710693359375,4620.0,4670.0,4600.0,4620.0,97575800,TLKM.JK
2022-04-22,3454.710693359375,4620.0,4680.0,4580.0,4620.0,101299100,TLKM.JK
2022-04-25,3522.009765625,4710.0,4720.0,4580.0,4610.0,92045500,TLKM.JK
2022-04-26,3559.398681640625,4760.0,4760.0,4670.0,4680.0,85945800,TLKM.JK
2022-04-27,3566.87646484375,4770.0,4790.0,4720.0,4720.0,136485600,TLKM.JK
2022-04-28,3454.710693359375,4620.0,4850.0,4620.0,4850.0,198484800,TLKM.JK
2022-05-09,3222.901123046875,4310.0,4560.0,4300.0,4560.0,343682000,TLKM.JK
2022-05-10,3245.334228515625,4340.0,4380.0,4120.0,4120.0,281386300,TLKM.JK
2022-05-11,3237.856689453125,4330.0,4480.0,4330.0,4400.0,154455400,TLKM.JK
2022-05-12,3215.423095703125,4300.0,4390.0,4250.0,4340.0,233518500,TLKM.JK
2022-05-13,3185.512451171875,4260.0,4350.0,4230.0,4250.0,190889200,TLKM.JK
2022-05-17,3125.6904296875,4180.0,4290.0,4180.0,4250.0,170880700,TLKM.JK
2022-05-18,3178.034912109375,4250.0,4290.0,4190.0,4230.0,185359500,TLKM.JK
2022-05-19,3148.12353515625,4210.0,4230.0,4150.0,4180.0,112679300,TLKM.JK
2022-05-20,3118.213134765625,4170.0,4230.0,4170.0,4220.0,141701800,TLKM.JK
2022-05-23,3073.346435546875,4110.0,4180.0,4070.0,4160.0,196569900,TLKM.JK
2022-05-24,3103.257568359375,4150.0,4200.0,4120.0,4120.0,151693700,TLKM.JK
2022-05-25,3140.646240234375,4200.0,4210.0,4150.0,4200.0,166595400,TLKM.JK
2022-05-27,3215.423095703125,4300.0,4300.0,4210.0,4260.0,186513500,TLKM.JK
2022-05-30,3178.034912109375,4250.0,4340.0,4200.0,4340.0,107614100,TLKM.JK
2022-05-31,3222.901123046875,4310.0,4330.0,4230.0,4270.0,469620300,TLKM.JK
2022-06-02,3207.945556640625,4290.0,4390.0,4270.0,4390.0,164481100,TLKM.JK
2022-06-03,3222.901123046875,4310.0,4390.0,4300.0,4310.0,108852800,TLKM.JK
2022-06-06,3245.334228515625,4340.0,4340.0,4270.0,4310.0,79319400,TLKM.JK
2022-06-07,3178.034912109375,4250.0,4340.0,4250.0,4340.0,142504000,TLKM.JK
2022-06-08,3178.008056640625,4100.0,4170.0,4080.0,4150.0,202555900,TLKM.JK
2022-06-09,3139.251708984375,4050.0,4130.0,4050.0,4080.0,148580200,TLKM.JK
2022-06-10,3115.998046875,4020.0,4080.0,4000.0,4040.0,189186700,TLKM.JK
2022-06-13,3162.505615234375,4080.0,4100.0,3930.0,3950.0,156054900,TLKM.JK
2022-06-14,3185.759033203125,4110.0,4120.0,4020.0,4050.0,117325600,TLKM.JK
2022-06-15,3147.0029296875,4060.0,4080.0,4030.0,4060.0,94848800,TLKM.JK
2022-06-16,3131.50048828125,4040.0,4120.0,4030.0,4120.0,96042200,TLKM.JK
2022-06-17,3193.51025390625,4120.0,4120.0,3980.0,4010.0,169375800,TLKM.JK
2022-06-20,3131.50048828125,4040.0,4060.0,4000.0,4050.0,82101200,TLKM.JK
2022-06-21,3185.759033203125,4110.0,4120.0,4030.0,4060.0,77489000,TLKM.JK
2022-06-22,3139.251708984375,4050.0,4090.0,4040.0,4090.0,60907800,TLKM.JK
2022-06-23,3224.51513671875,4160.0,4160.0,4030.0,4030.0,101065400,TLKM.JK
2022-06-24,3216.764404296875,4150.0,4230.0,4100.0,4230.0,81050700,TLKM.JK
2022-06-27,3154.754150390625,4070.0,4120.0,4040.0,4110.0,71574300,TLKM.JK
2022-06-28,3123.7490234375,4030.0,4050.0,4000.0,4010.0,128618800,TLKM.JK
2022-06-29,3131.50048828125,4040.0,4080.0,4000.0,4000.0,72888100,TLKM.JK
2022-06-30,3100.495361328125,4000.0,4110.0,4000.0,4110.0,116718900,TLKM.JK
2022-07-01,3115.998046875,4020.0,4040.0,4000.0,4010.0,39572500,TLKM.JK
2022-07-04,3092.744384765625,3990.0,4040.0,3840.0,4020.0,115885200,TLKM.JK
2022-07-05,3092.744384765625,3990.0,4070.0,3950.0,4010.0,72329600,TLKM.JK
2022-07-06,3115.998046875,4020.0,4050.0,3970.0,4050.0,62679000,TLKM.JK
2022-07-07,3131.50048828125,4040.0,4050.0,4010.0,4040.0,42393800,TLKM.JK
2022-07-08,3108.246826171875,4010.0,4060.0,4000.0,4050.0,64049000,TLKM.JK
2022-07-11,3131.50048828125,4040.0,4100.0,4000.0,4100.0,42258000,TLKM.JK
2022-07-12,3108.246826171875,4010.0,4060.0,4010.0,4060.0,43399800,TLKM.JK
2022-07-13,3053.98828125,3940.0,4030.0,3930.0,4010.0,96218200,TLKM.JK
2022-07-14,3115.998046875,4020.0,4020.0,3900.0,3940.0,68708500,TLKM.JK
2022-07-15,3216.764404296875,4150.0,4210.0,4010.0,4040.0,146093800,TLKM.JK
2022-07-18,3247.76904296875,4190.0,4190.0,4070.0,4110.0,84009400,TLKM.JK
2022-07-19,3224.51513671875,4160.0,4190.0,4130.0,4190.0,91367900,TLKM.JK
2022-07-20,3263.271484375,4210.0,4220.0,4140.0,4140.0,82344000,TLKM.JK
2022-07-21,3302.02783203125,4260.0,4260.0,4180.0,4210.0,107234600,TLKM.JK
2022-07-22,3278.77392578125,4230.0,4240.0,4190.0,4240.0,59792300,TLKM.JK
2022-07-25,3286.525146484375,4240.0,4260.0,4220.0,4240.0,37218000,TLKM.JK
2022-07-26,3294.276611328125,4250.0,4250.0,4190.0,4240.0,49786900,TLKM.JK
2022-07-27,3333.032470703125,4300.0,4300.0,4210.0,4230.0,60672300,TLKM.JK
2022-07-28,3286.525146484375,4240.0,4320.0,4190.0,4310.0,110767300,TLKM.JK
2022-07-29,3278.77392578125,4230.0,4300.0,4210.0,4280.0,108823600,TLKM.JK
2022-08-01,3333.032470703125,4300.0,4300.0,4230.0,4230.0,104724300,TLKM.JK
2022-08-02,3449.301025390625,4450.0,4450.0,4250.0,4350.0,112228800,TLKM.JK
2022-08-03,3488.057373046875,4500.0,4590.0,4410.0,4450.0,251825000,TLKM.JK
2022-08-04,3526.813720703125,4550.0,4550.0,4450.0,4450.0,186881500,TLKM.JK
2022-08-05,3604.326171875,4650.0,4650.0,4530.0,4590.0,268967200,TLKM.JK
2022-08-08,3643.08251953125,4700.0,4700.0,4650.0,4700.0,191023500,TLKM.JK
2022-08-09,3596.57470703125,4640.0,4700.0,4630.0,4700.0,164453900,TLKM.JK
2022-08-10,3534.564697265625,4560.0,4590.0,4490.0,4530.0,162061400,TLKM.JK
2022-08-11,3542.31591796875,4570.0,4610.0,4520.0,4550.0,123629000,TLKM.JK
2022-08-12,3526.813720703125,4550.0,4600.0,4530.0,4570.0,124552500,TLKM.JK
2022-08-15,3449.301025390625,4450.0,4570.0,4440.0,4540.0,136882800,TLKM.JK
2022-08-16,3418.29638671875,4410.0,4580.0,4410.0,4530.0,127710800,TLKM.JK
2022-08-18,3526.813720703125,4550.0,4550.0,4350.0,4360.0,182044300,TLKM.JK
2022-08-19,3565.56982421875,4600.0,4610.0,4460.0,4560.0,177623900,TLKM.JK
2022-08-22,3604.326171875,4650.0,4660.0,4530.0,4550.0,202320400,TLKM.JK
2022-08-23,3612.07763671875,4660.0,4710.0,4610.0,4680.0,229431400,TLKM.JK
2022-08-24,3681.83837890625,4750.0,4770.0,4600.0,4660.0,189007900,TLKM.JK
2022-08-25,3542.31591796875,4570.0,4700.0,4560.0,4680.0,179495700,TLKM.JK
2022-08-26,3480.305908203125,4490.0,4540.0,4480.0,4510.0,184317100,TLKM.JK
2022-08-29,3503.56005859375,4520.0,4550.0,4360.0,4370.0,101529800,TLKM.JK
2022-08-30,3472.55517578125,4480.0,4620.0,4480.0,4580.0,118884300,TLKM.JK
2022-08-31,3534.564697265625,4560.0,4600.0,4420.0,4420.0,175300400,TLKM.JK
2022-09-01,3550.0673828125,4580.0,4650.0,4530.0,4560.0,120871700,TLKM.JK
2022-09-02,3565.56982421875,4600.0,4620.0,4540.0,4540.0,106985000,TLKM.JK
2022-09-05,3581.072265625,4620.0,4630.0,4550.0,4560.0,77323800,TLKM.JK
2022-09-06,3495.808837890625,4510.0,4620.0,4510.0,4610.0,61970100,TLKM.JK
2022-09-07,3480.305908203125,4490.0,4560.0,4480.0,4500.0,106145700,TLKM.JK
2022-09-08,3534.564697265625,4560.0,4640.0,4500.0,4500.0,123389200,TLKM.JK
2022-09-09,3565.56982421875,4600.0,4600.0,4530.0,4550.0,50307800,TLKM.JK
2022-09-12,3519.0625,4540.0,4600.0,4530.0,4600.0,74820600,TLKM.JK
2022-09-13,3503.56005859375,4520.0,4560.0,4520.0,4540.0,91510200,TLKM.JK
2022-09-14,3472.55517578125,4480.0,4530.0,4460.0,4490.0,97919200,TLKM.JK
2022-09-15,3488.057373046875,4500.0,4600.0,4500.0,4540.0,125599900,TLKM.JK
2022-09-16,3418.29638671875,4410.0,4500.0,4410.0,4500.0,210277300,TLKM.JK
2022-09-19,3488.057373046875,4500.0,4560.0,4440.0,4460.0,116164500,TLKM.JK
2022-09-20,3472.55517578125,4480.0,4540.0,4480.0,4530.0,100743700,TLKM.JK
2022-09-21,3433.798828125,4430.0,4470.0,4410.0,4450.0,91363200,TLKM.JK
2022-09-22,3433.798828125,4430.0,4450.0,4380.0,4400.0,89922900,TLKM.JK
2022-09-23,3395.04248046875,4380.0,4430.0,4380.0,4400.0,95911400,TLKM.JK
2022-09-26,3457.052490234375,4460.0,4510.0,4300.0,4390.0,132185400,TLKM.JK
2022-09-27,3441.550048828125,4440.0,4470.0,4380.0,4450.0,123113800,TLKM.JK
2022-09-28,3464.8037109375,4470.0,4530.0,4400.0,4430.0,104385500,TLKM.JK
2022-09-29,3441.550048828125,4440.0,4500.0,4420.0,4460.0,90290400,TLKM.JK
2022-09-30,3457.052490234375,4460.0,4500.0,4390.0,4400.0,111482000,TLKM.JK
2022-10-03,3457.052490234375,4460.0,4470.0,4380.0,4460.0,77569100,TLKM.JK
2022-10-04,3441.550048828125,4440.0,4510.0,4430.0,4460.0,87832800,TLKM.JK
2022-10-05,3457.052490234375,4460.0,4540.0,4460.0,4490.0,61888400,TLKM.JK
2022-10-06,3433.798828125,4430.0,4480.0,4420.0,4460.0,60464300,TLKM.JK
2022-10-07,3371.788818359375,4350.0,4430.0,4350.0,4400.0,102570000,TLKM.JK
2022-10-10,3426.04736328125,4420.0,4420.0,4330.0,4340.0,72389100,TLKM.JK
2022-10-11,3340.783935546875,4310.0,4380.0,4310.0,4360.0,108794500,TLKM.JK
2022-10-12,3364.03759765625,4340.0,4350.0,4280.0,4300.0,107938600,TLKM.JK
2022-10-13,3333.032470703125,4300.0,4350.0,4290.0,4330.0,70034500,TLKM.JK
2022-10-14,3325.28125,4290.0,4360.0,4290.0,4360.0,68096300,TLKM.JK
2022-10-17,3356.28662109375,4330.0,4330.0,4200.0,4200.0,90321700,TLKM.JK
2022-10-18,3294.276611328125,4250.0,4340.0,4250.0,4310.0,72516000,TLKM.JK
2022-10-19,3255.5205078125,4200.0,4300.0,4200.0,4220.0,65848300,TLKM.JK
2022-10-20,3371.788818359375,4350.0,4350.0,4200.0,4200.0,165391500,TLKM.JK
2022-10-21,3379.5400390625,4360.0,4390.0,4300.0,4300.0,79825700,TLKM.JK
2022-10-24,3418.29638671875,4410.0,4450.0,4380.0,4380.0,76777200,TLKM.JK
2022-10-25,3402.793701171875,4390.0,4470.0,4390.0,4430.0,109154300,TLKM.JK
2022-10-26,3387.29150390625,4370.0,4430.0,4330.0,4420.0,97320500,TLKM.JK
2022-10-27,3387.29150390625,4370.0,4410.0,4340.0,4390.0,80270300,TLKM.JK
2022-10-28,3449.301025390625,4450.0,4450.0,4380.0,4420.0,91101500,TLKM.JK
2022-10-31,3402.793701171875,4390.0,4460.0,4360.0,4460.0,162753500,TLKM.JK
2022-11-01,3426.04736328125,4420.0,4420.0,4360.0,4420.0,108592900,TLKM.JK
2022-11-02,3271.02294921875,4220.0,4420.0,4220.0,4400.0,217855200,TLKM.JK
2022-11-03,3201.261474609375,4130.0,4170.0,4050.0,4140.0,231475000,TLKM.JK
2022-11-04,3263.271484375,4210.0,4210.0,4070.0,4070.0,201183100,TLKM.JK
2022-11-07,3317.530517578125,4280.0,4280.0,4160.0,4250.0,129868800,TLKM.JK
2022-11-08,3271.02294921875,4220.0,4280.0,4200.0,4270.0,110546800,TLKM.JK
2022-11-09,3247.76904296875,4190.0,4230.0,4180.0,4200.0,145833200,TLKM.JK
2022-11-10,3232.2666015625,4170.0,4210.0,4110.0,4110.0,81249200,TLKM.JK
2022-11-11,3216.764404296875,4150.0,4180.0,4140.0,4160.0,227799300,TLKM.JK
2022-11-14,3139.251708984375,4050.0,4120.0,4030.0,4090.0,188771200,TLKM.JK
2022-11-15,3139.251708984375,4050.0,4080.0,4030.0,4050.0,88570400,TLKM.JK
2022-11-16,3139.251708984375,4050.0,4070.0,3960.0,4000.0,149512300,TLKM.JK
2022-11-17,3131.50048828125,4040.0,4070.0,4020.0,4020.0,68616700,TLKM.JK
2022-11-18,3108.246826171875,4010.0,4080.0,4010.0,4070.0,115907900,TLKM.JK
2022-11-21,3123.7490234375,4030.0,4060.0,4010.0,4020.0,45277400,TLKM.JK
2022-11-22,3100.495361328125,4000.0,4040.0,4000.0,4020.0,83888300,TLKM.JK
2022-11-23,3077.241943359375,3970.0,4030.0,3970.0,3990.0,95750400,TLKM.JK
2022-11-24,3123.7490234375,4030.0,4040.0,3980.0,3980.0,50741600,TLKM.JK
2022-11-25,3123.7490234375,4030.0,4040.0,3980.0,4010.0,73305800,TLKM.JK
2022-11-28,3084.992919921875,3980.0,4040.0,3980.0,4030.0,94063100,TLKM.JK
2022-11-29,3084.992919921875,3980.0,4020.0,3980.0,3980.0,94389800,TLKM.JK
2022-11-30,3131.50048828125,4040.0,4050.0,3970.0,3970.0,585687400,TLKM.JK
2022-12-01,3069.490478515625,3960.0,4040.0,3960.0,4020.0,230066600,TLKM.JK
2022-12-02,3100.495361328125,4000.0,4020.0,3930.0,3950.0,113336600,TLKM.JK
2022-12-05,2976.4755859375,3840.0,3990.0,3820.0,3980.0,148751200,TLKM.JK
2022-12-06,2790.446044921875,3600.0,3720.0,3580.0,3640.0,416468700,TLKM.JK
2022-12-07,2852.455810546875,3680.0,3700.0,3570.0,3600.0,278572200,TLKM.JK
2022-12-08,2898.96337890625,3740.0,3780.0,3620.0,3700.0,245646400,TLKM.JK
2022-12-09,2829.2021484375,3650.0,3720.0,3630.0,3680.0,164606100,TLKM.JK
2022-12-12,2867.95849609375,3700.0,3710.0,3640.0,3670.0,170545000,TLKM.JK
2022-12-13,2906.714599609375,3750.0,3790.0,3680.0,3690.0,231127000,TLKM.JK
2022-12-14,2906.714599609375,3750.0,3820.0,3740.0,3820.0,107175700,TLKM.JK
2022-12-15,2844.70458984375,3670.0,3720.0,3670.0,3680.0,143233600,TLKM.JK
2022-12-16,2852.455810546875,3680.0,3740.0,3610.0,3610.0,310944500,TLKM.JK
2022-12-19,2883.460693359375,3720.0,3790.0,3680.0,3740.0,119137700,TLKM.JK
2022-12-20,2883.460693359375,3720.0,3750.0,3700.0,3730.0,55351300,TLKM.JK
2022-12-21,2937.719482421875,3790.0,3790.0,3670.0,3690.0,98741000,TLKM.JK
2022-12-22,2906.714599609375,3750.0,3810.0,3740.0,3800.0,68702100,TLKM.JK
2022-12-23,2929.968017578125,3780.0,3780.0,3700.0,3710.0,45179400,TLKM.JK
2022-12-26,2906.714599609375,3750.0,3800.0,3730.0,3780.0,19216700,TLKM.JK
2022-12-27,2953.22216796875,3810.0,3840.0,3750.0,3770.0,49816500,TLKM.JK
2022-12-28,2891.2119140625,3730.0,3810.0,3710.0,3800.0,65006300,TLKM.JK
2022-12-29,2929.968017578125,3780.0,3790.0,3710.0,3720.0,51703500,TLKM.JK
2022-12-30,2906.714599609375,3750.0,3800.0,3750.0,3760.0,79677300,TLKM.JK
2023-01-02,2945.470703125,3800.0,3800.0,3750.0,3750.0,7959900,TLKM.JK
2023-01-03,2991.978271484375,3860.0,3890.0,3770.0,3790.0,64235000,TLKM.JK
2023-01-04,2960.97314453125,3820.0,3860.0,3810.0,3840.0,56785600,TLKM.JK
2023-01-05,2922.217041015625,3770.0,3820.0,3720.0,3800.0,135167000,TLKM.JK
2023-01-06,2875.70947265625,3710.0,3770.0,3710.0,3750.0,65207400,TLKM.JK
2023-01-09,2937.719482421875,3790.0,3790.0,3730.0,3730.0,46616400,TLKM.JK
2023-01-10,2968.724609375,3830.0,3850.0,3750.0,3810.0,80009900,TLKM.JK
2023-01-11,2999.7294921875,3870.0,3900.0,3790.0,3820.0,75139300,TLKM.JK
2023-01-12,2991.978271484375,3860.0,3900.0,3780.0,3790.0,105775500,TLKM.JK
2023-01-13,2929.968017578125,3780.0,3860.0,3770.0,3820.0,85780600,TLKM.JK
2023-01-16,2984.226806640625,3850.0,3850.0,3780.0,3780.0,58918700,TLKM.JK
2023-01-17,3061.7392578125,3950.0,3990.0,3860.0,3870.0,132256600,TLKM.JK
2023-01-18,3046.23681640625,3930.0,4010.0,3900.0,4010.0,94772000,TLKM.JK
2023-01-19,3015.23193359375,3890.0,3980.0,3880.0,3900.0,109555200,TLKM.JK
2023-01-20,2999.7294921875,3870.0,3920.0,3850.0,3910.0,88457800,TLKM.JK
2023-01-24,2984.226806640625,3850.0,3910.0,3850.0,3890.0,45504900,TLKM.JK
2023-01-25,2976.4755859375,3840.0,3880.0,3810.0,3850.0,80575100,TLKM.JK
2023-01-26,3077.241943359375,3970.0,4000.0,3850.0,3850.0,117238000,TLKM.JK
2023-01-27,3069.490478515625,3960.0,3990.0,3950.0,3970.0,100769500,TLKM.JK
2023-01-30,3069.490478515625,3960.0,3970.0,3910.0,3960.0,59425300,TLKM.JK
2023-01-31,2984.226806640625,3850.0,3950.0,3850.0,3940.0,179726700,TLKM.JK
2023-02-01,2999.7294921875,3870.0,3900.0,3840.0,3850.0,70997300,TLKM.JK
2023-02-02,3015.23193359375,3890.0,3900.0,3840.0,3850.0,78852300,TLKM.JK
2023-02-03,3007.480712890625,3880.0,3920.0,3870.0,3910.0,55154800,TLKM.JK
2023-02-06,3007.480712890625,3880.0,3910.0,3850.0,3860.0,58861300,TLKM.JK
2023-02-07,2945.470703125,3800.0,3880.0,3800.0,3880.0,76254900,TLKM.JK
2023-02-08,2976.4755859375,3840.0,3850.0,3790.0,3800.0,65856500,TLKM.JK
2023-02-09,2922.217041015625,3770.0,3840.0,3760.0,3840.0,91337300,TLKM.JK
2023-02-10,2945.470703125,3800.0,3800.0,3690.0,3750.0,88759600,TLKM.JK
2023-02-13,2937.719482421875,3790.0,3810.0,3750.0,3800.0,69004400,TLKM.JK
2023-02-14,2945.470703125,3800.0,3830.0,3760.0,3830.0,80331100,TLKM.JK
2023-02-15,2937.719482421875,3790.0,3820.0,3730.0,3810.0,59028200,TLKM.JK
2023-02-16,2922.217041015625,3770.0,3800.0,3750.0,3800.0,49869900,TLKM.JK
2023-02-17,2914.466064453125,3760.0,3770.0,3720.0,3770.0,50369000,TLKM.JK
2023-02-20,2960.97314453125,3820.0,3820.0,3760.0,3760.0,57438900,TLKM.JK
2023-02-21,2976.4755859375,3840.0,3870.0,3830.0,3850.0,63880300,TLKM.JK
2023-02-22,2991.978271484375,3860.0,3870.0,3800.0,3850.0,48505600,TLKM.JK
2023-02-23,3077.241943359375,3970.0,3970.0,3890.0,3950.0,109147100,TLKM.JK
2023-02-24,3131.50048828125,4040.0,4040.0,3950.0,4000.0,142165700,TLKM.JK
2023-02-27,3069.490478515625,3960.0,4000.0,3920.0,3990.0,66461600,TLKM.JK
2023-02-28,3007.480712890625,3880.0,3970.0,3880.0,3930.0,115766900,TLKM.JK
2023-03-01,3046.23681640625,3930.0,3990.0,3910.0,3930.0,47395200,TLKM.JK
2023-03-02,3007.480712890625,3880.0,3930.0,3880.0,3900.0,43208800,TLKM.JK
2023-03-03,3022.983154296875,3900.0,3920.0,3870.0,3880.0,49796000,TLKM.JK
2023-03-06,3007.480712890625,3880.0,3950.0,3870.0,3940.0,50103800,TLKM.JK
2023-03-07,3007.480712890625,3880.0,3910.0,3850.0,3890.0,59086800,TLKM.JK
2023-03-08,3053.98828125,3940.0,3940.0,3850.0,3850.0,78551000,TLKM.JK
2023-03-09,3077.241943359375,3970.0,4000.0,3960.0,3970.0,68725500,TLKM.JK
2023-03-10,3108.246826171875,4010.0,4020.0,3930.0,3960.0,76136200,TLKM.JK
2023-03-13,3154.754150390625,4070.0,4090.0,3980.0,4020.0,104663300,TLKM.JK
2023-03-14,3115.998046875,4020.0,4090.0,4000.0,4030.0,111430100,TLKM.JK
2023-03-15,3108.246826171875,4010.0,4050.0,3990.0,4050.0,65025400,TLKM.JK
2023-03-16,3139.251708984375,4050.0,4060.0,3980.0,4040.0,96707900,TLKM.JK
2023-03-17,3139.251708984375,4050.0,4100.0,4030.0,4090.0,232270900,TLKM.JK
2023-03-20,3092.744384765625,3990.0,4050.0,3940.0,4050.0,105982700,TLKM.JK
2023-03-21,3193.51025390625,4120.0,4120.0,4000.0,4000.0,88808200,TLKM.JK
2023-03-24,3154.754150390625,4070.0,4120.0,4060.0,4100.0,96214700,TLKM.JK
2023-03-27,3139.251708984375,4050.0,4120.0,4030.0,4100.0,71556400,TLKM.JK
2023-03-28,3139.251708984375,4050.0,4100.0,4030.0,4100.0,87955300,TLKM.JK
2023-03-29,3178.008056640625,4100.0,4120.0,4070.0,4090.0,113504700,TLKM.JK
2023-03-30,3170.2568359375,4090.0,4130.0,4040.0,4050.0,87690800,TLKM.JK
2023-03-31,3147.0029296875,4060.0,4120.0,4040.0,4110.0,93699000,TLKM.JK
2023-04-03,3162.505615234375,4080.0,4100.0,4070.0,4100.0,56896200,TLKM.JK
2023-04-04,3147.0029296875,4060.0,4100.0,4040.0,4080.0,82969200,TLKM.JK
2023-04-05,3216.764404296875,4150.0,4170.0,4080.0,4100.0,70419100,TLKM.JK
2023-04-06,3294.276611328125,4250.0,4270.0,4170.0,4200.0,125329700,TLKM.JK
2023-04-10,3333.032470703125,4300.0,4300.0,4190.0,4250.0,85757900,TLKM.JK
2023-04-11,3333.032470703125,4300.0,4300.0,4250.0,4290.0,84322900,TLKM.JK
2023-04-12,3340.783935546875,4310.0,4350.0,4260.0,4320.0,178923700,TLKM.JK
2023-04-13,3364.03759765625,4340.0,4350.0,4290.0,4340.0,119431600,TLKM.JK
2023-04-14,3364.03759765625,4340.0,4360.0,4320.0,4340.0,117305500,TLKM.JK
2023-04-17,3309.779052734375,4270.0,4340.0,4250.0,4340.0,59688000,TLKM.JK
2023-04-18,3309.779052734375,4270.0,4280.0,4230.0,4240.0,65644600,TLKM.JK
2023-04-26,3410.545166015625,4400.0,4500.0,4330.0,4480.0,198984100,TLKM.JK
2023-04-27,3348.53515625,4320.0,4450.0,4300.0,4450.0,58407000,TLKM.JK
2023-04-28,3294.276611328125,4250.0,4320.0,4220.0,4270.0,112116900,TLKM.JK
2023-05-02,3247.76904296875,4190.0,4220.0,4130.0,4210.0,117097400,TLKM.JK
2023-05-03,3216.764404296875,4150.0,4200.0,4080.0,4200.0,158597800,TLKM.JK
2023-05-04,3216.764404296875,4150.0,4190.0,4140.0,4170.0,98421300,TLKM.JK
2023-05-05,3232.2666015625,4170.0,4170.0,4080.0,4160.0,113408100,TLKM.JK
2023-05-08,3147.0029296875,4060.0,4180.0,4040.0,4170.0,121002600,TLKM.JK
2023-05-09,3154.754150390625,4070.0,4090.0,4030.0,4050.0,105907900,TLKM.JK
2023-05-10,3201.261474609375,4130.0,4130.0,4040.0,4050.0,84306600,TLKM.JK
2023-05-11,3170.2568359375,4090.0,4120.0,4060.0,4100.0,74171300,TLKM.JK
2023-05-12,3084.992919921875,3980.0,4050.0,3950.0,4050.0,236777600,TLKM.JK
2023-05-15,3084.992919921875,3980.0,3990.0,3930.0,3990.0,113329300,TLKM.JK
2023-05-16,3084.992919921875,3980.0,4020.0,3940.0,4020.0,68777200,TLKM.JK
2023-05-17,3092.744384765625,3990.0,4020.0,3960.0,3980.0,83183300,TLKM.JK
2023-05-19,3115.998046875,4020.0,4060.0,3970.0,3990.0,95986000,TLKM.JK
2023-05-22,3131.50048828125,4040.0,4080.0,3980.0,4000.0,115578100,TLKM.JK
2023-05-23,3131.50048828125,4040.0,4080.0,4030.0,4030.0,132751000,TLKM.JK
2023-05-24,3224.51513671875,4160.0,4200.0,4020.0,4020.0,194127500,TLKM.JK
2023-05-25,3193.51025390625,4120.0,4220.0,4120.0,4190.0,122121000,TLKM.JK
2023-05-26,3201.261474609375,4130.0,4160.0,4110.0,4140.0,62211800,TLKM.JK
2023-05-29,3255.5205078125,4200.0,4200.0,4090.0,4120.0,77540300,TLKM.JK
2023-05-30,3193.51025390625,4120.0,4190.0,4120.0,4140.0,78924700,TLKM.JK
2023-05-31,3131.50048828125,4040.0,4160.0,4040.0,4120.0,1155861400,TLKM.JK
2023-06-05,3162.505615234375,4080.0,4130.0,4020.0,4060.0,189129300,TLKM.JK
2023-06-06,3170.2568359375,4090.0,4130.0,4050.0,4090.0,95792700,TLKM.JK
2023-06-07,3216.764404296875,4150.0,4150.0,4080.0,4100.0,127707400,TLKM.JK
2023-06-08,3232.2666015625,4170.0,4180.0,4120.0,4160.0,78989700,TLKM.JK
2023-06-09,3216.764404296875,4150.0,4170.0,4140.0,4170.0,83014700,TLKM.JK
2023-06-12,3271.36669921875,4050.0,4050.0,4010.0,4040.0,94687300,TLKM.JK
2023-06-13,3255.211669921875,4030.0,4060.0,4030.0,4040.0,69609000,TLKM.JK
2023-06-14,3230.979248046875,4000.0,4040.0,3990.0,4020.0,110730800,TLKM.JK
2023-06-15,3247.13427734375,4020.0,4040.0,3980.0,3990.0,85391800,TLKM.JK
2023-06-16,3206.747314453125,3970.0,4030.0,3960.0,4020.0,160978900,TLKM.JK
2023-06-19,3198.66943359375,3960.0,3990.0,3950.0,3960.0,54934100,TLKM.JK
2023-06-20,3222.902099609375,3990.0,3990.0,3950.0,3980.0,55155600,TLKM.JK
2023-06-21,3214.824462890625,3980.0,3980.0,3950.0,3970.0,60191300,TLKM.JK
2023-06-22,3182.514892578125,3940.0,3990.0,3940.0,3980.0,56150900,TLKM.JK
2023-06-23,3190.592041015625,3950.0,3960.0,3940.0,3940.0,41812400,TLKM.JK
2023-06-26,3222.902099609375,3990.0,3990.0,3940.0,3940.0,36011500,TLKM.JK
2023-06-27,3230.979248046875,4000.0,4030.0,3990.0,4030.0,64879900,TLKM.JK
2023-07-03,3230.979248046875,4000.0,4030.0,3970.0,4030.0,75193200,TLKM.JK
2023-07-04,3206.747314453125,3970.0,4010.0,3970.0,4000.0,33974300,TLKM.JK
2023-07-05,3214.824462890625,3980.0,3980.0,3950.0,3970.0,43303000,TLKM.JK
2023-07-06,3198.66943359375,3960.0,3990.0,3960.0,3970.0,68088900,TLKM.JK
2023-07-07,3198.66943359375,3960.0,3980.0,3950.0,3960.0,50474800,TLKM.JK
2023-07-10,3190.592041015625,3950.0,3980.0,3940.0,3960.0,65643300,TLKM.JK
2023-07-11,3214.824462890625,3980.0,3990.0,3950.0,3950.0,89768500,TLKM.JK
2023-07-12,3214.824462890625,3980.0,4010.0,3970.0,3980.0,73770400,TLKM.JK
2023-07-13,3166.360107421875,3920.0,3970.0,3910.0,3960.0,83009900,TLKM.JK
2023-07-14,3174.437255859375,3930.0,3960.0,3920.0,3960.0,64886900,TLKM.JK
2023-07-17,3158.282470703125,3910.0,3970.0,3910.0,3950.0,81399700,TLKM.JK
2023-07-18,3109.817626953125,3850.0,3930.0,3820.0,3930.0,135860500,TLKM.JK
2023-07-20,3109.817626953125,3850.0,3860.0,3810.0,3820.0,88907600,TLKM.JK
2023-07-21,3117.895263671875,3860.0,3870.0,3840.0,3840.0,53955100,TLKM.JK
2023-07-24,3150.204833984375,3900.0,3930.0,3870.0,3880.0,80710100,TLKM.JK
2023-07-25,3134.050048828125,3880.0,3920.0,3880.0,3920.0,66434400,TLKM.JK
2023-07-26,3134.050048828125,3880.0,3900.0,3830.0,3890.0,86732900,TLKM.JK
2023-07-27,3004.810791015625,3720.0,3860.0,3720.0,3840.0,235026400,TLKM.JK
2023-07-28,3004.810791015625,3720.0,3750.0,3690.0,3710.0,181626700,TLKM.JK
2023-07-31,3004.810791015625,3720.0,3750.0,3670.0,3700.0,153583300,TLKM.JK
2023-08-01,3029.043212890625,3750.0,3780.0,3700.0,3700.0,97680500,TLKM.JK
2023-08-02,2980.57861328125,3690.0,3740.0,3680.0,3740.0,121333500,TLKM.JK
2023-08-03,3004.810791015625,3720.0,3760.0,3670.0,3670.0,82013300,TLKM.JK
2023-08-04,2980.57861328125,3690.0,3730.0,3690.0,3720.0,67746800,TLKM.JK
2023-08-07,2972.5009765625,3680.0,3720.0,3680.0,3700.0,94909700,TLKM.JK
2023-08-08,3012.88818359375,3730.0,3760.0,3680.0,3680.0,116329400,TLKM.JK
2023-08-09,3045.197998046875,3770.0,3800.0,3740.0,3750.0,129416100,TLKM.JK
2023-08-10,3069.430419921875,3800.0,3830.0,3800.0,3800.0,140158900,TLKM.JK
2023-08-11,3077.508056640625,3810.0,3840.0,3790.0,3830.0,109714400,TLKM.JK
2023-08-14,3093.662841796875,3830.0,3830.0,3760.0,3810.0,86871800,TLKM.JK
2023-08-15,3085.585205078125,3820.0,3830.0,3800.0,3800.0,80015200,TLKM.JK
2023-08-16,3093.662841796875,3830.0,3830.0,3750.0,3790.0,81507800,TLKM.JK
2023-08-18,3037.120849609375,3760.0,3800.0,3760.0,3790.0,108780100,TLKM.JK
2023-08-21,3020.9658203125,3740.0,3780.0,3720.0,3760.0,64449000,TLKM.JK
2023-08-22,3029.043212890625,3750.0,3780.0,3730.0,3740.0,98059600,TLKM.JK
2023-08-23,3020.9658203125,3740.0,3770.0,3730.0,3750.0,84842500,TLKM.JK
2023-08-24,3004.810791015625,3720.0,3770.0,3720.0,3730.0,82789700,TLKM.JK
2023-08-25,3004.810791015625,3720.0,3730.0,3700.0,3700.0,42049200,TLKM.JK
2023-08-28,2988.656005859375,3700.0,3740.0,3700.0,3730.0,37727500,TLKM.JK
2023-08-29,3004.810791015625,3720.0,3720.0,3700.0,3700.0,53453600,TLKM.JK
2023-08-30,3077.508056640625,3810.0,3850.0,3720.0,3730.0,130027200,TLKM.JK
2023-08-31,3012.88818359375,3730.0,3820.0,3700.0,3810.0,227635800,TLKM.JK
2023-09-01,3004.810791015625,3720.0,3740.0,3710.0,3710.0,82253200,TLKM.JK
2023-09-04,3012.88818359375,3730.0,3750.0,3710.0,3720.0,55881900,TLKM.JK
2023-09-05,3020.9658203125,3740.0,3750.0,3710.0,3730.0,62933300,TLKM.JK
2023-09-06,3061.35302734375,3790.0,3810.0,3740.0,3750.0,98673400,TLKM.JK
2023-09-07,3037.120849609375,3760.0,3790.0,3730.0,3780.0,63054500,TLKM.JK
2023-09-08,2980.57861328125,3690.0,3770.0,3670.0,3770.0,143090100,TLKM.JK
2023-09-11,2988.656005859375,3700.0,3710.0,3680.0,3710.0,76577500,TLKM.JK
2023-09-12,2996.7333984375,3710.0,3740.0,3700.0,3700.0,72170600,TLKM.JK
2023-09-13,2996.7333984375,3710.0,3720.0,3670.0,3720.0,82635900,TLKM.JK
2023-09-14,2972.5009765625,3680.0,3720.0,3680.0,3710.0,55532900,TLKM.JK
2023-09-15,3004.810791015625,3720.0,3780.0,3670.0,3680.0,147757300,TLKM.JK
2023-09-18,2972.5009765625,3680.0,3720.0,3680.0,3700.0,40645900,TLKM.JK
2023-09-19,3012.88818359375,3730.0,3740.0,3690.0,3690.0,38375000,TLKM.JK
2023-09-20,3077.508056640625,3810.0,3850.0,3740.0,3740.0,171751900,TLKM.JK
2023-09-21,3077.508056640625,3810.0,3840.0,3790.0,3810.0,94880700,TLKM.JK
2023-09-22,3117.895263671875,3860.0,3880.0,3810.0,3830.0,101185700,TLKM.JK
2023-09-25,3045.197998046875,3770.0,3830.0,3770.0,3810.0,125817700,TLKM.JK
2023-09-26,3037.120849609375,3760.0,3800.0,3750.0,3770.0,74734500,TLKM.JK
2023-09-27,3004.810791015625,3720.0,3780.0,3720.0,3750.0,83337700,TLKM.JK
2023-09-29,3029.043212890625,3750.0,3800.0,3730.0,3730.0,66219300,TLKM.JK
2023-10-02,3029.043212890625,3750.0,3780.0,3730.0,3750.0,71945000,TLKM.JK
2023-10-03,3045.197998046875,3770.0,3800.0,3740.0,3750.0,61155100,TLKM.JK
2023-10-04,3053.275390625,3780.0,3800.0,3740.0,3800.0,77527700,TLKM.JK
2023-10-05,3004.810791015625,3720.0,3800.0,3720.0,3790.0,81258900,TLKM.JK
2023-10-06,3053.275390625,3780.0,3800.0,3770.0,3780.0,60156100,TLKM.JK
2023-10-09,3037.120849609375,3760.0,3780.0,3750.0,3770.0,37711400,TLKM.JK
2023-10-10,3077.508056640625,3810.0,3820.0,3770.0,3780.0,51167900,TLKM.JK
2023-10-11,3053.275390625,3780.0,3810.0,3780.0,3780.0,83154300,TLKM.JK
2023-10-12,3093.662841796875,3830.0,3870.0,3800.0,3820.0,101645100,TLKM.JK
2023-10-13,3109.817626953125,3850.0,3850.0,3810.0,3820.0,48856500,TLKM.JK
2023-10-16,3037.120849609375,3760.0,3850.0,3740.0,3850.0,117472800,TLKM.JK
2023-10-17,3061.35302734375,3790.0,3810.0,3770.0,3780.0,57046900,TLKM.JK
2023-10-18,3029.043212890625,3750.0,3780.0,3730.0,3770.0,64910600,TLKM.JK
2023-10-19,3012.88818359375,3730.0,3760.0,3720.0,3730.0,62296900,TLKM.JK
2023-10-20,2988.656005859375,3700.0,3730.0,3690.0,3720.0,38978200,TLKM.JK
2023-10-23,2915.958984375,3610.0,3720.0,3610.0,3710.0,69428400,TLKM.JK
2023-10-24,2948.268798828125,3650.0,3670.0,3600.0,3640.0,67041700,TLKM.JK
2023-10-25,2907.881591796875,3600.0,3680.0,3580.0,3650.0,89567900,TLKM.JK
2023-10-26,2810.9521484375,3480.0,3610.0,3460.0,3600.0,141139700,TLKM.JK
2023-10-27,2827.10693359375,3500.0,3530.0,3440.0,3480.0,99607000,TLKM.JK
2023-10-30,2762.487548828125,3420.0,3500.0,3390.0,3500.0,82945500,TLKM.JK
2023-10-31,2819.029541015625,3490.0,3510.0,3400.0,3400.0,66801600,TLKM.JK
2023-11-01,2924.0361328125,3620.0,3700.0,3600.0,3600.0,154441100,TLKM.JK
2023-11-02,2924.0361328125,3620.0,3690.0,3620.0,3690.0,69582500,TLKM.JK
2023-11-03,2883.64892578125,3570.0,3630.0,3540.0,3590.0,85146800,TLKM.JK
2023-11-06,2948.268798828125,3650.0,3650.0,3600.0,3610.0,66902400,TLKM.JK
2023-11-07,2883.64892578125,3570.0,3610.0,3550.0,3600.0,103642200,TLKM.JK
2023-11-08,2843.261962890625,3520.0,3540.0,3500.0,3520.0,103415400,TLKM.JK
2023-11-09,2851.33935546875,3530.0,3570.0,3500.0,3500.0,96594900,TLKM.JK
2023-11-10,2867.494140625,3550.0,3550.0,3490.0,3520.0,48619500,TLKM.JK
2023-11-13,2843.261962890625,3520.0,3570.0,3510.0,3570.0,37975400,TLKM.JK
2023-11-14,2827.10693359375,3500.0,3540.0,3500.0,3500.0,45987000,TLKM.JK
2023-11-15,2867.494140625,3550.0,3570.0,3520.0,3520.0,114104500,TLKM.JK
2023-11-16,2859.416748046875,3540.0,3550.0,3510.0,3550.0,41789400,TLKM.JK
2023-11-17,2867.494140625,3550.0,3550.0,3480.0,3530.0,55585600,TLKM.JK
2023-11-20,2899.803955078125,3590.0,3600.0,3540.0,3560.0,39932700,TLKM.JK
2023-11-21,2924.0361328125,3620.0,3620.0,3580.0,3590.0,68255800,TLKM.JK
2023-11-22,2915.958984375,3610.0,3630.0,3590.0,3610.0,34555300,TLKM.JK
2023-11-23,2907.881591796875,3600.0,3630.0,3590.0,3610.0,57385100,TLKM.JK
2023-11-24,2924.0361328125,3620.0,3620.0,3570.0,3600.0,34583700,TLKM.JK
2023-11-27,2972.5009765625,3680.0,3730.0,3640.0,3640.0,73888700,TLKM.JK
2023-11-28,3045.197998046875,3770.0,3800.0,3680.0,3680.0,106829100,TLKM.JK
2023-11-29,3004.810791015625,3720.0,3770.0,3700.0,3750.0,56467400,TLKM.JK
2023-11-30,3037.120849609375,3760.0,3820.0,3740.0,3750.0,258522400,TLKM.JK
2023-12-01,3093.662841796875,3830.0,3840.0,3790.0,3790.0,81037200,TLKM.JK
2023-12-04,3077.508056640625,3810.0,3860.0,3780.0,3840.0,118483900,TLKM.JK
2023-12-05,3109.817626953125,3850.0,3850.0,3800.0,3830.0,74608900,TLKM.JK
2023-12-06,3166.360107421875,3920.0,3950.0,3870.0,3900.0,149345100,TLKM.JK
2023-12-07,3158.282470703125,3910.0,3950.0,3880.0,3950.0,91076200,TLKM.JK
2023-12-08,3182.514892578125,3940.0,3940.0,3900.0,3940.0,61476300,TLKM.JK
2023-12-11,3214.824462890625,3980.0,3980.0,3850.0,3870.0,99365500,TLKM.JK
2023-12-12,3158.282470703125,3910.0,3950.0,3890.0,3940.0,58707700,TLKM.JK
2023-12-13,3166.360107421875,3920.0,3920.0,3870.0,3870.0,54386800,TLKM.JK
2023-12-14,3182.514892578125,3940.0,3960.0,3880.0,3880.0,70705300,TLKM.JK
2023-12-15,3214.824462890625,3980.0,3980.0,3900.0,3940.0,109064200,TLKM.JK
2023-12-18,3206.747314453125,3970.0,3970.0,3930.0,3940.0,60940400,TLKM.JK
2023-12-19,3206.747314453125,3970.0,3970.0,3940.0,3950.0,32984500,TLKM.JK
2023-12-20,3198.66943359375,3960.0,3990.0,3960.0,3960.0,59574800,TLKM.JK
2023-12-21,3190.592041015625,3950.0,3970.0,3930.0,3960.0,48242100,TLKM.JK
2023-12-22,3198.66943359375,3960.0,3980.0,3950.0,3980.0,28222700,TLKM.JK
2023-12-27,3182.514892578125,3940.0,4000.0,3920.0,3990.0,73157200,TLKM.JK
2023-12-28,3198.66943359375,3960.0,3970.0,3940.0,3960.0,34024400,TLKM.JK
2023-12-29,3190.592041015625,3950.0,3980.0,3940.0,3960.0,27497600,TLKM.JK
2024-01-02,3222.902099609375,3990.0,3990.0,3940.0,3950.0,23774100,TLKM.JK
2024-01-03,3198.66943359375,3960.0,3990.0,3950.0,3990.0,22018500,TLKM.JK
2024-01-04,3206.747314453125,3970.0,3990.0,3960.0,3980.0,33922400,TLKM.JK
2024-01-05,3142.12744140625,3890.0,3970.0,3880.0,3950.0,69268000,TLKM.JK
2024-01-08,3142.12744140625,3890.0,3920.0,3860.0,3890.0,61064100,TLKM.JK
2024-01-09,3198.66943359375,3960.0,3980.0,3920.0,3930.0,64015400,TLKM.JK
2024-01-10,3230.979248046875,4000.0,4030.0,3980.0,4000.0,99083600,TLKM.JK
2024-01-11,3222.902099609375,3990.0,4040.0,3990.0,4040.0,36333300,TLKM.JK
2024-01-12,3239.056884765625,4010.0,4010.0,3970.0,3970.0,53685600,TLKM.JK
2024-01-15,3230.979248046875,4000.0,4040.0,3980.0,4040.0,38339500,TLKM.JK
2024-01-16,3239.056884765625,4010.0,4030.0,3980.0,4020.0,44782300,TLKM.JK
2024-01-17,3222.902099609375,3990.0,4010.0,3970.0,4000.0,62728400,TLKM.JK
2024-01-18,3190.592041015625,3950.0,4010.0,3930.0,3990.0,73029300,TLKM.JK
2024-01-19,3182.514892578125,3940.0,3960.0,3890.0,3950.0,67016100,TLKM.JK
2024-01-22,3214.824462890625,3980.0,4010.0,3960.0,3980.0,50643700,TLKM.JK
2024-01-23,3190.592041015625,3950.0,4010.0,3910.0,4000.0,72595400,TLKM.JK
2024-01-24,3206.747314453125,3970.0,3980.0,3930.0,3950.0,38732000,TLKM.JK
2024-01-25,3214.824462890625,3980.0,4000.0,3960.0,3980.0,58541300,TLKM.JK
2024-01-26,3214.824462890625,3980.0,3990.0,3930.0,3940.0,65272600,TLKM.JK
2024-01-29,3239.056884765625,4010.0,4010.0,3970.0,4000.0,59150000,TLKM.JK
2024-01-30,3230.979248046875,4000.0,4020.0,3980.0,4000.0,66906900,TLKM.JK
2024-01-31,3198.66943359375,3960.0,4020.0,3960.0,4000.0,100403700,TLKM.JK
2024-02-01,3263.289306640625,4040.0,4050.0,3970.0,3970.0,105414400,TLKM.JK
2024-02-02,3222.902099609375,3990.0,4030.0,3930.0,4030.0,96180000,TLKM.JK
2024-02-05,3214.824462890625,3980.0,4010.0,3970.0,4010.0,57789500,TLKM.JK
2024-02-06,3214.824462890625,3980.0,4000.0,3970.0,3970.0,65167500,TLKM.JK
2024-02-07,3214.824462890625,3980.0,4020.0,3980.0,4010.0,53084600,TLKM.JK
2024-02-12,3230.979248046875,4000.0,4020.0,3970.0,4000.0,85763200,TLKM.JK
2024-02-13,3214.824462890625,3980.0,4010.0,3980.0,4010.0,52020300,TLKM.JK
2024-02-15,3255.211669921875,4030.0,4080.0,3980.0,4040.0,129347900,TLKM.JK
2024-02-16,3360.218505859375,4160.0,4160.0,4050.0,4050.0,244064200,TLKM.JK
2024-02-19,3360.218505859375,4160.0,4170.0,4130.0,4130.0,82867500,TLKM.JK
2024-02-20,3400.605712890625,4210.0,4210.0,4160.0,4200.0,267636700,TLKM.JK
2024-02-21,3376.373291015625,4180.0,4240.0,4070.0,4190.0,152787100,TLKM.JK
2024-02-22,3303.676513671875,4090.0,4150.0,4070.0,4130.0,93555100,TLKM.JK
2024-02-23,3311.754150390625,4100.0,4100.0,4040.0,4070.0,87665800,TLKM.JK
2024-02-26,3303.676513671875,4090.0,4100.0,4050.0,4060.0,55761700,TLKM.JK
2024-02-27,3222.902099609375,3990.0,4060.0,3990.0,4050.0,119637000,TLKM.JK
2024-02-28,3222.902099609375,3990.0,4020.0,3950.0,3980.0,77255300,TLKM.JK
2024-02-29,3230.979248046875,4000.0,4040.0,3950.0,4020.0,157431900,TLKM.JK
2024-03-01,3166.360107421875,3920.0,3990.0,3860.0,3950.0,139582000,TLKM.JK
2024-03-04,3182.514892578125,3940.0,3960.0,3900.0,3960.0,81580800,TLKM.JK
2024-03-05,3125.97265625,3870.0,3900.0,3860.0,3880.0,100671500,TLKM.JK
2024-03-06,3150.204833984375,3900.0,3920.0,3860.0,3870.0,83251500,TLKM.JK
2024-03-07,3150.204833984375,3900.0,3930.0,3900.0,3900.0,86888100,TLKM.JK
2024-03-08,3117.895263671875,3860.0,3910.0,3840.0,3900.0,101556500,TLKM.JK
2024-03-13,3150.204833984375,3900.0,3910.0,3890.0,3910.0,106191400,TLKM.JK
2024-03-14,3198.66943359375,3960.0,3980.0,3920.0,3930.0,122570700,TLKM.JK
2024-03-15,3206.747314453125,3970.0,4000.0,3900.0,4000.0,184885900,TLKM.JK
2024-03-18,3166.360107421875,3920.0,3970.0,3920.0,3960.0,57508300,TLKM.JK
2024-03-19,3182.514892578125,3940.0,3980.0,3940.0,3980.0,51629700,TLKM.JK
2024-03-20,3174.437255859375,3930.0,3940.0,3910.0,3910.0,84777400,TLKM.JK
2024-03-21,3142.12744140625,3890.0,3960.0,3890.0,3930.0,81520900,TLKM.JK
2024-03-22,3150.204833984375,3900.0,3920.0,3890.0,3900.0,44501700,TLKM.JK
2024-03-25,3012.88818359375,3730.0,3890.0,3700.0,3890.0,313394400,TLKM.JK
2024-03-26,2924.0361328125,3620.0,3680.0,3610.0,3680.0,354086400,TLKM.JK
2024-03-27,2819.029541015625,3490.0,3630.0,3490.0,3610.0,496202800,TLKM.JK
2024-03-28,2802.874755859375,3470.0,3520.0,3430.0,3470.0,258985200,TLKM.JK
2024-04-01,2835.184326171875,3510.0,3520.0,3420.0,3480.0,248116300,TLKM.JK
2024-04-02,2819.029541015625,3490.0,3500.0,3410.0,3460.0,233017700,TLKM.JK
2024-04-03,2762.487548828125,3420.0,3490.0,3420.0,3450.0,150265700,TLKM.JK
2024-04-04,2786.7197265625,3450.0,3460.0,3410.0,3410.0,205184000,TLKM.JK
2024-04-05,2770.56494140625,3430.0,3450.0,3420.0,3440.0,116051700,TLKM.JK
2024-04-16,2600.9384765625,3220.0,3280.0,3150.0,3260.0,490658200,TLKM.JK
2024-04-17,2584.78369140625,3200.0,3240.0,3200.0,3220.0,187876400,TLKM.JK
2024-04-18,2625.1708984375,3250.0,3310.0,3110.0,3190.0,337490100,TLKM.JK
2024-04-19,2544.396240234375,3150.0,3230.0,3130.0,3230.0,149997000,TLKM.JK
2024-04-22,2560.55126953125,3170.0,3200.0,3130.0,3150.0,140971800,TLKM.JK
2024-04-23,2504.009033203125,3100.0,3190.0,3080.0,3180.0,312052300,TLKM.JK
2024-04-24,2455.54443359375,3040.0,3110.0,3040.0,3100.0,327330800,TLKM.JK
2024-04-25,2455.54443359375,3040.0,3060.0,2990.0,3010.0,369525200,TLKM.JK
2024-04-26,2447.466796875,3030.0,3060.0,2960.0,2980.0,442527900,TLKM.JK
2024-04-29,2487.854248046875,3080.0,3090.0,3010.0,3030.0,172773600,TLKM.JK
2024-04-30,2560.55126953125,3170.0,3200.0,3110.0,3120.0,273121800,TLKM.JK
2024-05-02,2520.163818359375,3120.0,3200.0,3120.0,3170.0,157637100,TLKM.JK
2024-05-03,2552.4736328125,3160.0,3180.0,3120.0,3180.0,127945300,TLKM.JK
2024-05-06,2463.62158203125,3050.0,3200.0,3040.0,3180.0,221330900,TLKM.JK
2024-05-07,2495.931640625,3090.0,3110.0,3060.0,3070.0,124914600,TLKM.JK
2024-05-08,2487.854248046875,3080.0,3150.0,3050.0,3130.0,120622600,TLKM.JK
2024-05-13,2495.931640625,3090.0,3100.0,3040.0,3070.0,133048300,TLKM.JK
2024-05-14,2520.163818359375,3120.0,3120.0,3080.0,3100.0,104126800,TLKM.JK
2024-05-15,2504.009033203125,3100.0,3130.0,3070.0,3120.0,149143600,TLKM.JK
2024-05-16,2579.86572265625,3010.0,3050.0,2960.0,2960.0,196239200,TLKM.JK
2024-05-17,2562.72412109375,2990.0,3050.0,2980.0,3050.0,120345300,TLKM.JK
2024-05-20,2562.72412109375,2990.0,3000.0,2950.0,2950.0,215877500,TLKM.JK
2024-05-21,2528.43994140625,2950.0,2990.0,2920.0,2990.0,138864400,TLKM.JK
2024-05-22,2519.869140625,2940.0,2980.0,2910.0,2980.0,145109200,TLKM.JK
2024-05-27,2408.4462890625,2810.0,2920.0,2780.0,2900.0,246979600,TLKM.JK
2024-05-28,2451.301025390625,2860.0,2880.0,2810.0,2810.0,113093300,TLKM.JK
2024-05-29,2408.4462890625,2810.0,2860.0,2810.0,2850.0,148952900,TLKM.JK
2024-05-30,2408.4462890625,2810.0,2870.0,2720.0,2810.0,253471800,TLKM.JK
2024-05-31,2485.585205078125,2900.0,2920.0,2810.0,2840.0,411324600,TLKM.JK
2024-06-03,2511.298095703125,2930.0,2970.0,2900.0,2930.0,124570400,TLKM.JK
2024-06-04,2571.294921875,3000.0,3060.0,2940.0,2980.0,130203100,TLKM.JK
2024-06-05,2622.720703125,3060.0,3080.0,3000.0,3000.0,141157300,TLKM.JK
2024-06-06,2614.14990234375,3050.0,3100.0,3030.0,3100.0,107996900,TLKM.JK
2024-06-07,2614.14990234375,3050.0,3090.0,3050.0,3050.0,67191100,TLKM.JK
2024-06-10,2579.86572265625,3010.0,3050.0,2980.0,3050.0,66983900,TLKM.JK
2024-06-11,2468.443115234375,2880.0,2980.0,2880.0,2960.0,172688100,TLKM.JK
2024-06-12,2502.72705078125,2920.0,2970.0,2890.0,2890.0,91584500,TLKM.JK
2024-06-13,2434.159423828125,2840.0,2940.0,2830.0,2940.0,95740000,TLKM.JK
2024-06-14,2331.307373046875,2720.0,2830.0,2700.0,2820.0,202750500,TLKM.JK
2024-06-19,2425.588134765625,2830.0,2850.0,2760.0,2780.0,128843500,TLKM.JK
2024-06-20,2434.159423828125,2840.0,2850.0,2800.0,2850.0,55434800,TLKM.JK
2024-06-21,2528.43994140625,2950.0,2960.0,2840.0,2850.0,184918000,TLKM.JK
2024-06-24,2528.43994140625,2950.0,2980.0,2910.0,2930.0,111618800,TLKM.JK
2024-06-25,2562.72412109375,2990.0,2990.0,2930.0,2950.0,89913400,TLKM.JK
2024-06-26,2571.294921875,3000.0,3020.0,2980.0,2990.0,73994000,TLKM.JK
2024-06-27,2597.0078125,3030.0,3030.0,2990.0,3030.0,70154600,TLKM.JK
2024-06-28,2682.717529296875,3130.0,3140.0,3030.0,3030.0,213539300,TLKM.JK
2024-07-01,2648.433837890625,3090.0,3130.0,3080.0,3130.0,134082800,TLKM.JK
2024-07-02,2605.578857421875,3040.0,3090.0,3030.0,3070.0,79024200,TLKM.JK
2024-07-03,2597.0078125,3030.0,3050.0,3020.0,3040.0,51977100,TLKM.JK
2024-07-04,2537.010986328125,2960.0,3050.0,2960.0,3000.0,93100500,TLKM.JK
2024-07-05,2588.43701171875,3020.0,3020.0,2960.0,2970.0,69339200,TLKM.JK
2024-07-08,2639.86279296875,3080.0,3090.0,3000.0,3040.0,125004600,TLKM.JK
2024-07-09,2639.86279296875,3080.0,3120.0,3040.0,3050.0,118245600,TLKM.JK
2024-07-10,2708.4306640625,3160.0,3180.0,3090.0,3090.0,120007400,TLKM.JK
2024-07-11,2725.572509765625,3180.0,3200.0,3160.0,3200.0,126490000,TLKM.JK
2024-07-12,2759.8564453125,3220.0,3270.0,3210.0,3230.0,135830300,TLKM.JK
2024-07-15,2708.4306640625,3160.0,3220.0,3130.0,3220.0,100918500,TLKM.JK
2024-07-16,2657.004638671875,3100.0,3180.0,3090.0,3180.0,78769700,TLKM.JK
2024-07-17,2785.569580078125,3250.0,3270.0,3160.0,3190.0,167149300,TLKM.JK
2024-07-18,2751.28564453125,3210.0,3280.0,3190.0,3260.0,98903500,TLKM.JK
2024-07-19,2691.288818359375,3140.0,3210.0,3120.0,3200.0,138117200,TLKM.JK
2024-07-22,2657.004638671875,3100.0,3210.0,3090.0,3180.0,139383000,TLKM.JK
2024-07-23,2708.4306640625,3160.0,3160.0,3100.0,3140.0,74338000,TLKM.JK
2024-07-24,2622.720703125,3060.0,3150.0,3040.0,3140.0,98752100,TLKM.JK
2024-07-25,2648.433837890625,3090.0,3090.0,3030.0,3080.0,67060000,TLKM.JK
2024-07-26,2657.004638671875,3100.0,3110.0,3060.0,3110.0,94900300,TLKM.JK
2024-07-29,2614.14990234375,3050.0,3120.0,3040.0,3090.0,90885600,TLKM.JK
2024-07-30,2468.443115234375,2880.0,3000.0,2880.0,3000.0,321472800,TLKM.JK
2024-07-31,2468.443115234375,2880.0,2920.0,2840.0,2880.0,207440800,TLKM.JK
2024-08-01,2468.443115234375,2880.0,2930.0,2880.0,2890.0,121021800,TLKM.JK
2024-08-02,2442.730224609375,2850.0,2880.0,2820.0,2880.0,105816800,TLKM.JK
2024-08-05,2391.30419921875,2790.0,2830.0,2760.0,2820.0,105246400,TLKM.JK
2024-08-06,2391.30419921875,2790.0,2840.0,2790.0,2800.0,98524200,TLKM.JK
2024-08-07,2417.017333984375,2820.0,2840.0,2790.0,2800.0,77263000,TLKM.JK
2024-08-08,2442.730224609375,2850.0,2880.0,2800.0,2800.0,99533000,TLKM.JK
2024-08-09,2425.588134765625,2830.0,2880.0,2830.0,2860.0,80800300,TLKM.JK
2024-08-12,2459.872314453125,2870.0,2910.0,2840.0,2850.0,62746600,TLKM.JK
2024-08-13,2442.730224609375,2850.0,2900.0,2840.0,2900.0,82063600,TLKM.JK
2024-08-14,2451.301025390625,2860.0,2890.0,2850.0,2850.0,70188800,TLKM.JK
2024-08-15,2459.872314453125,2870.0,2880.0,2820.0,2870.0,79724100,TLKM.JK
2024-08-16,2537.010986328125,2960.0,2990.0,2900.0,2910.0,207060000,TLKM.JK
2024-08-19,2511.298095703125,2930.0,2970.0,2910.0,2960.0,68692700,TLKM.JK
2024-08-20,2554.15283203125,2980.0,3000.0,2960.0,2990.0,100434600,TLKM.JK
2024-08-21,2545.58203125,2970.0,3010.0,2960.0,2980.0,111842200,TLKM.JK
2024-08-22,2502.72705078125,2920.0,2970.0,2920.0,2940.0,90336300,TLKM.JK
2024-08-23,2528.43994140625,2950.0,3010.0,2950.0,2970.0,86092500,TLKM.JK
2024-08-26,2554.15283203125,2980.0,2990.0,2930.0,2940.0,88941900,TLKM.JK
2024-08-27,2562.72412109375,2990.0,3000.0,2950.0,2990.0,71223800,TLKM.JK
2024-08-28,2554.15283203125,2980.0,3000.0,2960.0,3000.0,68736300,TLKM.JK
2024-08-29,2597.0078125,3030.0,3080.0,2980.0,2980.0,160714800,TLKM.JK
2024-08-30,2622.720703125,3060.0,3070.0,3010.0,3030.0,195809000,TLKM.JK
2024-09-02,2691.288818359375,3140.0,3150.0,3080.0,3090.0,118928500,TLKM.JK
2024-09-03,2639.86279296875,3080.0,3150.0,3080.0,3140.0,82172000,TLKM.JK
2024-09-04,2639.86279296875,3080.0,3100.0,3040.0,3060.0,81041700,TLKM.JK
2024-09-05,2588.43701171875,3020.0,3090.0,3020.0,3080.0,78989400,TLKM.JK
2024-09-06,2605.578857421875,3040.0,3050.0,3010.0,3010.0,82391200,TLKM.JK
2024-09-09,2597.0078125,3030.0,3080.0,3000.0,3050.0,69264400,TLKM.JK
2024-09-10,2597.0078125,3030.0,3060.0,3020.0,3060.0,46436100,TLKM.JK
2024-09-11,2605.578857421875,3040.0,3050.0,3020.0,3030.0,62899600,TLKM.JK
2024-09-12,2614.14990234375,3050.0,3070.0,3050.0,3060.0,85785000,TLKM.JK
2024-09-13,2665.57568359375,3110.0,3120.0,3070.0,3080.0,125032200,TLKM.JK
2024-09-17,2648.433837890625,3090.0,3130.0,3080.0,3120.0,56181000,TLKM.JK
2024-09-18,2674.146728515625,3120.0,3130.0,3100.0,3120.0,87120700,TLKM.JK
2024-09-19,2691.288818359375,3140.0,3150.0,3120.0,3140.0,130418300,TLKM.JK
2024-09-20,2699.859619140625,3150.0,3170.0,3120.0,3150.0,152477400,TLKM.JK
2024-09-23,2717.001708984375,3170.0,3180.0,3130.0,3150.0,82274400,TLKM.JK
2024-09-24,2708.4306640625,3160.0,3180.0,3150.0,3180.0,92256900,TLKM.JK
2024-09-25,2734.1435546875,3190.0,3190.0,3060.0,3100.0,215241700,TLKM.JK
2024-09-26,2717.001708984375,3170.0,3180.0,3120.0,3170.0,120042500,TLKM.JK
2024-09-27,2614.14990234375,3050.0,3140.0,3010.0,3130.0,291217300,TLKM.JK
2024-09-30,2562.72412109375,2990.0,3030.0,2990.0,3030.0,150844800,TLKM.JK
2024-10-01,2588.43701171875,3020.0,3040.0,2990.0,2990.0,77208500,TLKM.JK
2024-10-02,2502.72705078125,2920.0,2980.0,2920.0,2950.0,124629400,TLKM.JK
2024-10-03,2477.01416015625,2890.0,2950.0,2890.0,2950.0,92510900,TLKM.JK
2024-10-04,2468.443115234375,2880.0,2930.0,2860.0,2900.0,76757200,TLKM.JK
2024-10-07,2485.585205078125,2900.0,2910.0,2870.0,2910.0,84507100,TLKM.JK
2024-10-08,2562.72412109375,2990.0,2990.0,2870.0,2890.0,135357200,TLKM.JK
2024-10-09,2537.010986328125,2960.0,3010.0,2960.0,2980.0,69435900,TLKM.JK
2024-10-10,2528.43994140625,2950.0,2980.0,2940.0,2960.0,57867000,TLKM.JK
2024-10-11,2519.869140625,2940.0,3000.0,2920.0,3000.0,40454300,TLKM.JK
2024-10-14,2485.585205078125,2900.0,2970.0,2900.0,2930.0,66631500,TLKM.JK
2024-10-15,2519.869140625,2940.0,2970.0,2910.0,2920.0,74529600,TLKM.JK
2024-10-16,2571.294921875,3000.0,3000.0,2930.0,2970.0,163988000,TLKM.JK
2024-10-17,2605.578857421875,3040.0,3060.0,2980.0,3000.0,107040100,TLKM.JK
2024-10-18,2657.004638671875,3100.0,3130.0,3040.0,3050.0,138783600,TLKM.JK
2024-10-21,2657.004638671875,3100.0,3130.0,3060.0,3100.0,92240300,TLKM.JK
2024-10-22,2579.86572265625,3010.0,3070.0,3010.0,3060.0,93662500,TLKM.JK
2024-10-23,2519.869140625,2940.0,2980.0,2930.0,2940.0,99423700,TLKM.JK
2024-10-24,2485.585205078125,2900.0,2960.0,2900.0,2940.0,72559000,TLKM.JK
2024-10-25,2494.156005859375,2910.0,2950.0,2900.0,2900.0,50694200,TLKM.JK
2024-10-28,2502.72705078125,2920.0,2940.0,2900.0,2920.0,38720700,TLKM.JK
2024-10-29,2485.585205078125,2900.0,2930.0,2880.0,2910.0,67727500,TLKM.JK
2024-10-30,2485.585205078125,2900.0,2900.0,2850.0,2880.0,123573100,TLKM.JK
2024-10-31,2417.017333984375,2820.0,2870.0,2820.0,2860.0,139590300,TLKM.JK
2024-11-01,2382.7333984375,2780.0,2840.0,2760.0,2820.0,99364500,TLKM.JK
2024-11-04,2399.875244140625,2800.0,2810.0,2750.0,2780.0,63112300,TLKM.JK
2024-11-05,2374.162353515625,2770.0,2810.0,2730.0,2800.0,96721100,TLKM.JK
2024-11-06,2348.44921875,2740.0,2800.0,2740.0,2780.0,66808900,TLKM.JK
2024-11-07,2365.59130859375,2760.0,2790.0,2740.0,2760.0,79485800,TLKM.JK
2024-11-08,2357.020263671875,2750.0,2780.0,2750.0,2760.0,66113200,TLKM.JK
2024-11-11,2305.59423828125,2690.0,2730.0,2650.0,2720.0,108153500,TLKM.JK
2024-11-12,2228.45556640625,2600.0,2670.0,2600.0,2660.0,215910600,TLKM.JK
2024-11-13,2211.313720703125,2580.0,2630.0,2570.0,2610.0,142812600,TLKM.JK
2024-11-14,2168.458740234375,2530.0,2590.0,2530.0,2550.0,185269500,TLKM.JK
2024-11-15,2177.029541015625,2540.0,2580.0,2500.0,2500.0,103680400,TLKM.JK
2024-11-18,2219.884521484375,2590.0,2610.0,2520.0,2540.0,119481300,TLKM.JK
2024-11-19,2382.7333984375,2780.0,2850.0,2590.0,2610.0,275670300,TLKM.JK
2024-11-20,2297.0234375,2680.0,2750.0,2640.0,2740.0,150242900,TLKM.JK
2024-11-21,2374.162353515625,2770.0,2810.0,2680.0,2680.0,128294600,TLKM.JK
2024-11-22,2357.020263671875,2750.0,2790.0,2720.0,2750.0,135265300,TLKM.JK
2024-11-25,2348.44921875,2740.0,2780.0,2720.0,2740.0,358617100,TLKM.JK
2024-11-26,2322.736328125,2710.0,2800.0,2680.0,2770.0,106721000,TLKM.JK
2024-11-28,2331.307373046875,2720.0,2750.0,2680.0,2680.0,102808400,TLKM.JK
2024-11-29,2322.736328125,2710.0,2760.0,2700.0,2700.0,103162000,TLKM.JK
2024-12-02,2297.0234375,2680.0,2730.0,2680.0,2720.0,66025900,TLKM.JK
2024-12-03,2417.017333984375,2820.0,2830.0,2710.0,2760.0,167603900,TLKM.JK
2024-12-04,2434.159423828125,2840.0,2850.0,2800.0,2820.0,83412800,TLKM.JK
2024-12-05,2374.162353515625,2770.0,2840.0,2730.0,2840.0,96025400,TLKM.JK
2024-12-06,2365.59130859375,2760.0,2780.0,2740.0,2740.0,48179800,TLKM.JK
2024-12-09,2348.44921875,2740.0,2770.0,2730.0,2760.0,63671900,TLKM.JK
2024-12-10,2374.162353515625,2770.0,2830.0,2750.0,2770.0,124138200,TLKM.JK
2024-12-11,2451.301025390625,2860.0,2880.0,2770.0,2770.0,140611400,TLKM.JK
2024-12-12,2417.017333984375,2820.0,2850.0,2780.0,2830.0,66977700,TLKM.JK
2024-12-13,2391.30419921875,2790.0,2790.0,2750.0,2770.0,77540100,TLKM.JK
2024-12-16,2279.88134765625,2660.0,2760.0,2650.0,2760.0,147655600,TLKM.JK
2024-12-17,2245.59765625,2620.0,2650.0,2600.0,2630.0,113785500,TLKM.JK
2024-12-18,2202.74267578125,2570.0,2660.0,2570.0,2620.0,79565300,TLKM.JK
2024-12-19,2168.458740234375,2530.0,2560.0,2500.0,2510.0,123504200,TLKM.JK
2024-12-20,2185.600830078125,2550.0,2570.0,2520.0,2530.0,110308800,TLKM.JK
2024-12-23,2271.310546875,2650.0,2670.0,2580.0,2580.0,72113700,TLKM.JK
2024-12-24,2348.44921875,2740.0,2750.0,2620.0,2680.0,117582400,TLKM.JK
2024-12-27,2357.020263671875,2750.0,2800.0,2710.0,2770.0,92727600,TLKM.JK
2024-12-30,2322.736328125,2710.0,2760.0,2700.0,2720.0,74279200,TLKM.JK
2025-01-02,2314.16552734375,2700.0,2740.0,2680.0,2710.0,38776700,TLKM.JK
2025-01-03,2357.020263671875,2750.0,2770.0,2730.0,2740.0,49907500,TLKM.JK
2025-01-06,2305.59423828125,2690.0,2770.0,2660.0,2760.0,54087800,TLKM.JK
2025-01-07,2202.74267578125,2570.0,2680.0,2570.0,2670.0,109758000,TLKM.JK
2025-01-08,2271.310546875,2650.0,2700.0,2590.0,2590.0,100688500,TLKM.JK
2025-01-09,2245.59765625,2620.0,2700.0,2620.0,2690.0,55206700,TLKM.JK
2025-01-10,2297.0234375,2680.0,2690.0,2630.0,2640.0,54496800,TLKM.JK
2025-01-13,2288.45263671875,2670.0,2740.0,2650.0,2670.0,90816500,TLKM.JK
2025-01-14,2245.59765625,2620.0,2690.0,2610.0,2670.0,53116800,TLKM.JK
2025-01-15,2254.16845703125,2630.0,2670.0,2620.0,2640.0,52867900,TLKM.JK
2025-01-16,2219.884521484375,2590.0,2660.0,2590.0,2660.0,118890200,TLKM.JK
2025-01-17,2279.88134765625,2660.0,2680.0,2610.0,2630.0,107245400,TLKM.JK
2025-01-20,2237.026611328125,2610.0,2690.0,2610.0,2670.0,49752300,TLKM.JK
2025-01-21,2254.16845703125,2630.0,2660.0,2600.0,2630.0,86549000,TLKM.JK
2025-01-22,2339.87841796875,2730.0,2750.0,2650.0,2680.0,128617700,TLKM.JK
2025-01-23,2322.736328125,2710.0,2750.0,2710.0,2730.0,63216100,TLKM.JK
2025-01-24,2305.59423828125,2690.0,2750.0,2690.0,2740.0,49844700,TLKM.JK
2025-01-30,2262.739501953125,2640.0,2710.0,2610.0,2690.0,89736900,TLKM.JK
2025-01-31,2279.88134765625,2660.0,2710.0,2660.0,2660.0,83736900,TLKM.JK
2025-02-03,2254.16845703125,2630.0,2630.0,2560.0,2620.0,91801900,TLKM.JK
2025-02-04,2262.739501953125,2640.0,2660.0,2590.0,2640.0,95311100,TLKM.JK
2025-02-05,2245.59765625,2620.0,2640.0,2590.0,2600.0,110400300,TLKM.JK
2025-02-06,2194.171630859375,2560.0,2630.0,2520.0,2630.0,90471900,TLKM.JK
2025-02-07,2219.884521484375,2590.0,2590.0,2510.0,2550.0,105020200,TLKM.JK
2025-02-10,2091.31982421875,2440.0,2550.0,2440.0,2520.0,153328500,TLKM.JK
2025-02-11,1988.468017578125,2320.0,2450.0,2300.0,2430.0,254907800,TLKM.JK
2025-02-12,2125.603759765625,2480.0,2480.0,2350.0,2360.0,173407600,TLKM.JK
2025-02-13,2074.177734375,2420.0,2420.0,2310.0,2370.0,219425500,TLKM.JK
2025-02-14,2168.458740234375,2530.0,2530.0,2440.0,2460.0,156474300,TLKM.JK
2025-02-17,2271.310546875,2650.0,2650.0,2530.0,2570.0,113998200,TLKM.JK
2025-02-18,2297.0234375,2680.0,2710.0,2630.0,2660.0,115881200,TLKM.JK
2025-02-19,2288.45263671875,2670.0,2690.0,2600.0,2680.0,119388200,TLKM.JK
2025-02-20,2288.45263671875,2670.0,2680.0,2620.0,2650.0,90411700,TLKM.JK
2025-02-21,2271.310546875,2650.0,2680.0,2630.0,2670.0,75110600,TLKM.JK
2025-02-24,2228.45556640625,2600.0,2640.0,2570.0,2630.0,42327600,TLKM.JK
2025-02-25,2108.4619140625,2460.0,2580.0,2460.0,2560.0,111687700,TLKM.JK
2025-02-26,2159.8876953125,2520.0,2520.0,2460.0,2500.0,65752000,TLKM.JK
2025-02-27,2134.1748046875,2490.0,2560.0,2430.0,2520.0,88741400,TLKM.JK
2025-02-28,2014.18115234375,2350.0,2470.0,2350.0,2470.0,249795300,TLKM.JK
2025-03-03,2057.0361328125,2400.0,2420.0,2370.0,2400.0,178833400,TLKM.JK
2025-03-04,2039.89404296875,2380.0,2440.0,2350.0,2400.0,131347800,TLKM.JK
2025-03-05,2099.890869140625,2450.0,2470.0,2410.0,2420.0,167407400,TLKM.JK
2025-03-06,2057.0361328125,2400.0,2510.0,2400.0,2490.0,131136100,TLKM.JK
2025-03-07,2065.60693359375,2410.0,2470.0,2350.0,2430.0,182407000,TLKM.JK
2025-03-10,2048.46484375,2390.0,2430.0,2370.0,2430.0,88949400,TLKM.JK
2025-03-11,2031.3228759765625,2370.0,2390.0,2350.0,2380.0,102235600,TLKM.JK
2025-03-12,2099.890869140625,2450.0,2490.0,2400.0,2410.0,98938700,TLKM.JK
2025-03-13,2082.7490234375,2430.0,2490.0,2420.0,2470.0,66706500,TLKM.JK
2025-03-14,2074.177734375,2420.0,2480.0,2410.0,2450.0,107627100,TLKM.JK
2025-03-17,2074.177734375,2420.0,2450.0,2410.0,2420.0,58129400,TLKM.JK
2025-03-18,2074.177734375,2420.0,2470.0,2300.0,2450.0,139758600,TLKM.JK
2025-03-19,2082.7490234375,2430.0,2440.0,2380.0,2420.0,96825800,TLKM.JK
2025-03-20,2048.46484375,2390.0,2440.0,2350.0,2440.0,94823100,TLKM.JK
2025-03-21,1979.8970947265625,2310.0,2380.0,2300.0,2370.0,204534000,TLKM.JK
2025-03-24,1997.0390625,2330.0,2360.0,2240.0,2320.0,105865000,TLKM.JK
2025-03-25,2005.6099853515625,2340.0,2360.0,2300.0,2340.0,107964200,TLKM.JK
2025-03-26,2091.31982421875,2440.0,2460.0,2350.0,2360.0,215856700,TLKM.JK
2025-03-27,2065.60693359375,2410.0,2430.0,2390.0,2430.0,120411200,TLKM.JK
2025-04-08,1962.755126953125,2290.0,2300.0,2050.0,2050.0,409973200,TLKM.JK
2025-04-09,1988.468017578125,2320.0,2440.0,2300.0,2440.0,120363300,TLKM.JK
2025-04-10,2014.18115234375,2350.0,2470.0,2320.0,2450.0,139327100,TLKM.JK
2025-04-11,1997.0390625,2330.0,2350.0,2300.0,2320.0,60214100,TLKM.JK
2025-04-14,2082.7490234375,2430.0,2430.0,2310.0,2320.0,116968600,TLKM.JK
2025-04-15,2099.890869140625,2450.0,2470.0,2420.0,2460.0,99064500,TLKM.JK
2025-04-16,2125.603759765625,2480.0,2510.0,2450.0,2490.0,121853000,TLKM.JK
2025-04-17,2185.600830078125,2550.0,2660.0,2490.0,2500.0,195577900,TLKM.JK
2025-04-21,2202.74267578125,2570.0,2610.0,2510.0,2600.0,84209300,TLKM.JK
2025-04-22,2185.600830078125,2550.0,2570.0,2520.0,2570.0,44958000,TLKM.JK
2025-04-23,2254.16845703125,2630.0,2640.0,2570.0,2580.0,128704200,TLKM.JK
2025-04-24,2254.16845703125,2630.0,2650.0,2600.0,2630.0,75733400,TLKM.JK
2025-04-25,2228.45556640625,2600.0,2650.0,2570.0,2630.0,93439600,TLKM.JK
2025-04-28,2194.171630859375,2560.0,2610.0,2560.0,2600.0,51086400,TLKM.JK
2025-04-29,2219.884521484375,2590.0,2600.0,2560.0,2570.0,56546100,TLKM.JK
2025-04-30,2262.739501953125,2640.0,2640.0,2600.0,2600.0,96333300,TLKM.JK
2025-05-02,2297.0234375,2680.0,2720.0,2620.0,2640.0,132357600,TLKM.JK
2025-05-05,2314.16552734375,2700.0,2710.0,2670.0,2710.0,85592500,TLKM.JK
2025-05-06,2297.0234375,2680.0,2730.0,2680.0,2720.0,76948300,TLKM.JK
2025-05-07,2245.59765625,2620.0,2690.0,2620.0,2680.0,100293700,TLKM.JK
2025-05-08,2202.74267578125,2570.0,2640.0,2570.0,2630.0,122965300,TLKM.JK
2025-05-09,2228.45556640625,2600.0,2630.0,2570.0,2570.0,59433500,TLKM.JK
2025-05-14,2219.884521484375,2590.0,2620.0,2530.0,2530.0,132760900,TLKM.JK
2025-05-15,2279.88134765625,2660.0,2690.0,2580.0,2580.0,120039700,TLKM.JK
2025-05-16,2348.44921875,2740.0,2750.0,2680.0,2710.0,101569600,TLKM.JK
2025-05-19,2417.017333984375,2820.0,2860.0,2740.0,2760.0,164194700,TLKM.JK
2025-05-20,2348.44921875,2740.0,2840.0,2740.0,2830.0,129805200,TLKM.JK
2025-05-21,2357.020263671875,2750.0,2780.0,2690.0,2710.0,120242100,TLKM.JK
2025-05-22,2399.875244140625,2800.0,2850.0,2750.0,2750.0,131277300,TLKM.JK
2025-05-23,2305.59423828125,2690.0,2720.0,2690.0,2710.0,141199500,TLKM.JK
2025-05-26,2399.875244140625,2800.0,2820.0,2700.0,2720.0,186806300,TLKM.JK
2025-05-27,2425.588134765625,2830.0,2880.0,2790.0,2840.0,279180500,TLKM.JK
2025-05-28,2417.017333984375,2820.0,2870.0,2800.0,2860.0,531309500,TLKM.JK
2025-06-02,2382.7333984375,2780.0,2820.0,2750.0,2780.0,211393400,TLKM.JK
2025-06-03,2399.875244140625,2800.0,2830.0,2730.0,2780.0,142896600,TLKM.JK
2025-06-04,2417.017333984375,2820.0,2860.0,2810.0,2810.0,125006700,TLKM.JK
2025-06-05,2434.159423828125,2840.0,2850.0,2820.0,2850.0,95008500,TLKM.JK
2025-06-10,2494.156005859375,2910.0,2920.0,2880.0,2920.0,213564000,TLKM.JK
2025-06-11,2588.897216796875,2800.0,2810.0,2730.0,2750.0,200609800,TLKM.JK
2025-06-12,2570.405029296875,2780.0,2830.0,2750.0,2830.0,97099100,TLKM.JK
2025-06-13,2533.4208984375,2740.0,2770.0,2720.0,2770.0,81111300,TLKM.JK
2025-06-16,2533.4208984375,2740.0,2770.0,2730.0,2740.0,46641000,TLKM.JK
2025-06-17,2551.912841796875,2760.0,2800.0,2760.0,2800.0,59643500,TLKM.JK
2025-06-18,2561.158935546875,2770.0,2800.0,2760.0,2770.0,70757600,TLKM.JK
2025-06-19,2487.1904296875,2690.0,2780.0,2630.0,2740.0,98911200,TLKM.JK
2025-06-20,2440.960205078125,2640.0,2710.0,2640.0,2700.0,243027500,TLKM.JK
2025-06-23,2385.48388671875,2580.0,2610.0,2560.0,2610.0,73554200,TLKM.JK
2025-06-24,2394.72998046875,2590.0,2670.0,2580.0,2600.0,107300200,TLKM.JK
2025-06-25,2422.468017578125,2620.0,2650.0,2560.0,2650.0,79958900,TLKM.JK
2025-06-26,2505.6826171875,2710.0,2710.0,2590.0,2620.0,132868200,TLKM.JK
2025-06-30,2570.405029296875,2780.0,2790.0,2730.0,2780.0,124299500,TLKM.JK
2025-07-01,2598.143310546875,2810.0,2810.0,2760.0,2800.0,73006700,TLKM.JK
2025-07-02,2570.405029296875,2780.0,2820.0,2730.0,2820.0,92321600,TLKM.JK
2025-07-03,2505.6826171875,2710.0,2810.0,2690.0,2780.0,69094400,TLKM.JK
2025-07-04,2431.714111328125,2630.0,2720.0,2620.0,2710.0,53587300,TLKM.JK
2025-07-07,2496.4365234375,2700.0,2700.0,2610.0,2630.0,33446600,TLKM.JK
2025-07-08,2450.206298828125,2650.0,2700.0,2640.0,2680.0,45926000,TLKM.JK
2025-07-09,2468.698486328125,2670.0,2680.0,2640.0,2650.0,44897100,TLKM.JK
2025-07-10,2487.1904296875,2690.0,2710.0,2650.0,2690.0,41108700,TLKM.JK
2025-07-11,2524.1748046875,2730.0,2730.0,2690.0,2710.0,47851300,TLKM.JK
2025-07-14,2487.1904296875,2690.0,2710.0,2640.0,2700.0,60458400,TLKM.JK
2025-07-15,2440.960205078125,2640.0,2690.0,2640.0,2690.0,35309100,TLKM.JK
2025-07-16,2450.206298828125,2650.0,2680.0,2650.0,2660.0,43385900,TLKM.JK
2025-07-17,2561.158935546875,2770.0,2770.0,2660.0,2700.0,102642100,TLKM.JK
2025-07-18,2561.158935546875,2770.0,2800.0,2750.0,2800.0,83762800,TLKM.JK
2025-07-21,2588.897216796875,2800.0,2800.0,2750.0,2800.0,52553200,TLKM.JK
2025-07-22,2635.12744140625,2850.0,2850.0,2800.0,2800.0,108243300,TLKM.JK
2025-07-23,2635.12744140625,2850.0,2870.0,2840.0,2870.0,86077600,TLKM.JK
2025-07-24,2625.88134765625,2840.0,2870.0,2800.0,2860.0,74224200,TLKM.JK
2025-07-25,2607.389404296875,2820.0,2830.0,2780.0,2810.0,41296200,TLKM.JK
2025-07-28,2644.37353515625,2860.0,2870.0,2830.0,2870.0,40193800,TLKM.JK
2025-07-29,2662.86572265625,2880.0,2880.0,2840.0,2870.0,46357400,TLKM.JK
2025-07-30,2662.86572265625,2880.0,2890.0,2850.0,2890.0,99062400,TLKM.JK
2025-07-31,2662.86572265625,2880.0,2930.0,2860.0,2890.0,201065700,TLKM.JK
2025-08-01,2755.326416015625,2980.0,2990.0,2910.0,2960.0,130977000,TLKM.JK
2025-08-04,2801.556640625,3030.0,3030.0,2990.0,3000.0,96385300,TLKM.JK
2025-08-05,2801.556640625,3030.0,3050.0,2990.0,3050.0,99396900,TLKM.JK
2025-08-06,2764.572265625,2990.0,3010.0,2960.0,3000.0,86215200,TLKM.JK
2025-08-07,2727.588134765625,2950.0,2990.0,2930.0,2990.0,46506200,TLKM.JK
2025-08-08,2718.342041015625,2940.0,2960.0,2930.0,2950.0,46945800,TLKM.JK
2025-08-11,2764.572265625,2990.0,3010.0,2970.0,2990.0,74978300,TLKM.JK
2025-08-12,2940.24755859375,3180.0,3200.0,3010.0,3050.0,217607800,TLKM.JK
2025-08-13,3106.6767578125,3360.0,3420.0,3210.0,3220.0,465722400,TLKM.JK
2025-08-14,3162.153076171875,3420.0,3490.0,3370.0,3370.0,232557200,TLKM.JK
2025-08-15,3060.4462890625,3310.0,3410.0,3310.0,3360.0,182893900,TLKM.JK
2025-08-19,3004.969970703125,3250.0,3330.0,3240.0,3260.0,164921000,TLKM.JK
2025-08-20,2977.231689453125,3220.0,3290.0,3220.0,3220.0,80084600,TLKM.JK
2025-08-21,3004.969970703125,3250.0,3270.0,3210.0,3210.0,63861900,TLKM.JK
2025-08-22,2995.723876953125,3240.0,3290.0,3220.0,3270.0,61351700,TLKM.JK
2025-08-25,3060.4462890625,3310.0,3350.0,3250.0,3280.0,93221500,TLKM.JK
2025-08-26,3014.216064453125,3260.0,3320.0,3230.0,3310.0,227364800,TLKM.JK
2025-08-27,2931.00146484375,3170.0,3250.0,3100.0,3200.0,118158900,TLKM.JK
2025-08-28,2940.24755859375,3180.0,3220.0,3150.0,3160.0,55940600,TLKM.JK
2025-08-29,2894.017333984375,3130.0,3210.0,3100.0,3180.0,72585500,TLKM.JK
2025-09-01,2875.525146484375,3110.0,3110.0,2960.0,3080.0,130027900,TLKM.JK
2025-09-02,2838.540771484375,3070.0,3140.0,3050.0,3120.0,64402900,TLKM.JK
2025-09-03,2875.525146484375,3110.0,3170.0,3070.0,3080.0,113875700,TLKM.JK
2025-09-04,2912.50927734375,3150.0,3170.0,3090.0,3090.0,37223800,TLKM.JK
2025-09-08,2857.032958984375,3090.0,3300.0,3090.0,3300.0,93725000,TLKM.JK
2025-09-09,2820.048828125,3050.0,3130.0,3000.0,3100.0,104463400,TLKM.JK
2025-09-10,2912.50927734375,3150.0,3180.0,3050.0,3070.0,49840200,TLKM.JK
2025-09-11,2847.786865234375,3080.0,3190.0,3070.0,3180.0,71919900,TLKM.JK
2025-09-12,2866.279052734375,3100.0,3110.0,3050.0,3090.0,61521400,TLKM.JK
2025-09-15,3014.216064453125,3260.0,3260.0,3130.0,3150.0,115361300,TLKM.JK
2025-09-16,3051.2001953125,3300.0,3300.0,3260.0,3300.0,80642900,TLKM.JK
2025-09-17,3088.1845703125,3340.0,3340.0,3210.0,3300.0,73539700,TLKM.JK
2025-09-18,3004.969970703125,3250.0,3400.0,3230.0,3400.0,99501600,TLKM.JK
2025-09-19,2986.477783203125,3230.0,3300.0,3160.0,3210.0,113834400,TLKM.JK
2025-09-22,2977.231689453125,3220.0,3300.0,3190.0,3300.0,53704700,TLKM.JK
2025-09-23,2949.49365234375,3190.0,3260.0,3130.0,3240.0,40100300,TLKM.JK
2025-09-24,2921.75537109375,3160.0,3190.0,3150.0,3190.0,37086500,TLKM.JK
2025-09-25,2884.771240234375,3120.0,3200.0,3110.0,3160.0,37627500,TLKM.JK
2025-09-26,2875.525146484375,3110.0,3160.0,3090.0,3100.0,66789300,TLKM.JK
2025-09-29,2847.786865234375,3080.0,3130.0,3050.0,3110.0,85911300,TLKM.JK
2025-09-30,2829.294921875,3060.0,3140.0,3060.0,3090.0,117025800,TLKM.JK
2025-10-01,2829.294921875,3060.0,3100.0,3060.0,3060.0,59779700,TLKM.JK
2025-10-02,2894.017333984375,3130.0,3200.0,3060.0,3070.0,113431700,TLKM.JK
2025-10-03,2838.540771484375,3070.0,3130.0,3050.0,3110.0,59116700,TLKM.JK
2025-10-06,2783.064453125,3010.0,3090.0,2960.0,3080.0,59707600,TLKM.JK
2025-10-07,2783.064453125,3010.0,3050.0,3000.0,3030.0,30353000,TLKM.JK
2025-10-08,2764.572265625,2990.0,3040.0,2940.0,3030.0,66090700,TLKM.JK
2025-10-09,2783.064453125,3010.0,3020.0,2950.0,2950.0,54769300,TLKM.JK
2025-10-10,2810.802734375,3040.0,3080.0,3000.0,3030.0,62254500,TLKM.JK
2025-10-13,2792.310546875,3020.0,3070.0,2980.0,3020.0,46978500,TLKM.JK
2025-10-14,2736.834228515625,2960.0,3070.0,2960.0,3050.0,38518800,TLKM.JK
2025-10-15,2847.786865234375,3080.0,3090.0,2950.0,3000.0,67503700,TLKM.JK
2025-10-16,2727.588134765625,2950.0,3020.0,2900.0,2970.0,103687000,TLKM.JK
2025-10-17,2662.86572265625,2880.0,2960.0,2850.0,2950.0,82482200,TLKM.JK
2025-10-20,2718.342041015625,2940.0,2970.0,2900.0,2930.0,96029300,TLKM.JK
2025-10-21,3032.708251953125,3280.0,3290.0,2970.0,2970.0,223104600,TLKM.JK
2025-10-22,2912.50927734375,3150.0,3220.0,3120.0,3220.0,128796800,TLKM.JK
2025-10-23,3106.6767578125,3360.0,3400.0,3170.0,3180.0,218967200,TLKM.JK
2025-10-24,3041.9541015625,3290.0,3440.0,3290.0,3370.0,115104000,TLKM.JK
2025-10-27,3078.9384765625,3330.0,3360.0,3280.0,3320.0,105683900,TLKM.JK
2025-10-28,3143.660888671875,3400.0,3480.0,3270.0,3330.0,143082100,TLKM.JK
2025-10-29,3041.9541015625,3290.0,3390.0,3270.0,3390.0,93073800,TLKM.JK
2025-10-30,3004.969970703125,3250.0,3310.0,3200.0,3290.0,83523100,TLKM.JK
2025-10-31,2967.98583984375,3210.0,3250.0,3150.0,3200.0,126790400,TLKM.JK
2025-11-03,3097.4306640625,3350.0,3380.0,3210.0,3210.0,107151300,TLKM.JK
2025-11-04,3236.12158203125,3500.0,3590.0,3360.0,3360.0,227450800,TLKM.JK
2025-11-05,3273.105712890625,3540.0,3630.0,3510.0,3600.0,182624300,TLKM.JK
2025-11-06,3217.62939453125,3480.0,3550.0,3470.0,3540.0,71766000,TLKM.JK
2025-11-07,3208.38330078125,3470.0,3490.0,3420.0,3460.0,58917900,TLKM.JK
2025-11-10,3180.64501953125,3440.0,3550.0,3440.0,3490.0,88941900,TLKM.JK
2025-11-11,3254.613525390625,3520.0,3530.0,3470.0,3500.0,63130300,TLKM.JK
2025-11-12,3291.597900390625,3560.0,3590.0,3510.0,3540.0,61339600,TLKM.JK
2025-11-13,3236.12158203125,3500.0,3570.0,3480.0,3570.0,57467900,TLKM.JK
2025-11-14,3282.351806640625,3550.0,3560.0,3510.0,3530.0,55079600,TLKM.JK
2025-11-17,3337.828125,3610.0,3630.0,3560.0,3570.0,76833800,TLKM.JK
2025-11-18,3347.07421875,3620.0,3630.0,3540.0,3610.0,97747000,TLKM.JK
2025-11-19,3374.8125,3650.0,3690.0,3620.0,3620.0,109911100,TLKM.JK
2025-11-20,3365.56640625,3640.0,3660.0,3620.0,3650.0,52200700,TLKM.JK
2025-11-21,3236.12158203125,3500.0,3610.0,3460.0,3590.0,93181600,TLKM.JK
2025-11-24,3421.042724609375,3700.0,3700.0,3540.0,3560.0,241304000,TLKM.JK
2025-11-25,3374.8125,3650.0,3690.0,3560.0,3690.0,84816600,TLKM.JK
2025-11-26,3439.534912109375,3720.0,3720.0,3600.0,3600.0,111114600,TLKM.JK
2025-11-27,3300.843994140625,3570.0,3700.0,3560.0,3700.0,48436500,TLKM.JK
2025-11-28,3245.36767578125,3510.0,3630.0,3500.0,3600.0,70943000,TLKM.JK
2025-12-01,3374.8125,3650.0,3650.0,3520.0,3530.0,89045500,TLKM.JK
2025-12-02,3291.597900390625,3560.0,3670.0,3560.0,3660.0,62155900,TLKM.JK
2025-12-03,3310.090087890625,3580.0,3650.0,3580.0,3590.0,60429900,TLKM.JK
2025-12-04,3356.3203125,3630.0,3660.0,3580.0,3660.0,38947500,TLKM.JK
2025-12-05,3421.042724609375,3700.0,3700.0,3610.0,3630.0,50641400,TLKM.JK
2025-12-08,3356.3203125,3630.0,3700.0,3600.0,3700.0,64911000,TLKM.JK
2025-12-09,3300.843994140625,3570.0,3650.0,3520.0,3650.0,94381800,TLKM.JK
2025-12-10,3365.56640625,3640.0,3700.0,3590.0,3620.0,68644900,TLKM.JK
2025-12-11,3300.843994140625,3570.0,3690.0,3500.0,3670.0,84823100,TLKM.JK
2025-12-12,3282.351806640625,3550.0,3630.0,3500.0,3630.0,67076200,TLKM.JK
2025-12-15,3208.38330078125,3470.0,3560.0,3460.0,3550.0,121707400,TLKM.JK
2025-12-16,3254.613525390625,3520.0,3550.0,3470.0,3490.0,120576700,TLKM.JK
2025-12-17,3236.12158203125,3500.0,3590.0,3490.0,3540.0,118452300,TLKM.JK
2025-12-18,3199.13720703125,3460.0,3580.0,3460.0,3540.0,111042200,TLKM.JK
2025-12-19,3152.906982421875,3410.0,3520.0,3390.0,3520.0,236770700,TLKM.JK
2025-12-22,3208.38330078125,3470.0,3490.0,3420.0,3440.0,113720300,TLKM.JK
2025-12-23,3208.38330078125,3470.0,3470.0,3420.0,3470.0,39083700,TLKM.JK
2025-12-24,3199.13720703125,3460.0,3500.0,3440.0,3480.0,30919800,TLKM.JK
2025-12-29,3226.87548828125,3490.0,3530.0,3460.0,3480.0,53079900,TLKM.JK
2025-12-30,3217.62939453125,3480.0,3510.0,3480.0,3490.0,48019100,TLKM.JK
2026-01-02,3208.38330078125,3470.0,3510.0,3450.0,3510.0,34812500,TLKM.JK
2026-01-05,3310.090087890625,3580.0,3590.0,3480.0,3490.0,77224000,TLKM.JK
2026-01-06,3254.613525390625,3520.0,3600.0,3490.0,3600.0,77477100,TLKM.JK
2026-01-07,3273.105712890625,3540.0,3550.0,3500.0,3540.0,60466200,TLKM.JK
2026-01-08,3263.859619140625,3530.0,3580.0,3520.0,3540.0,61219400,TLKM.JK
2026-01-09,3189.89111328125,3450.0,3560.0,3450.0,3550.0,82708700,TLKM.JK
2026-01-12,3254.613525390625,3520.0,3530.0,3460.0,3470.0,89165400,TLKM.JK
2026-01-13,3347.07421875,3620.0,3660.0,3550.0,3600.0,129812000,TLKM.JK
2026-01-14,3374.8125,3650.0,3700.0,3610.0,3690.0,98179400,TLKM.JK
2026-01-15,3384.05859375,3660.0,3680.0,3610.0,3650.0,83981800,TLKM.JK
2026-01-19,3347.07421875,3620.0,3630.0,3490.0,3590.0,147127900,TLKM.JK
2026-01-20,3328.58203125,3600.0,3680.0,3550.0,3550.0,89987800,TLKM.JK
2026-01-21,3328.58203125,3600.0,3700.0,3570.0,3670.0,104120400,TLKM.JK
2026-01-22,3458.027099609375,3740.0,3790.0,3660.0,3670.0,149259700,TLKM.JK
2026-01-23,3485.76513671875,3770.0,3800.0,3730.0,3790.0,109079700,TLKM.JK
2026-01-26,3559.733642578125,3850.0,3850.0,3750.0,3780.0,91258600,TLKM.JK
2026-01-27,3642.9482421875,3940.0,3990.0,3730.0,3850.0,161704800,TLKM.JK
2026-01-28,3208.38330078125,3470.0,3800.0,3390.0,3800.0,439277400,TLKM.JK
2026-01-29,3189.89111328125,3450.0,3500.0,3100.0,3420.0,582049700,TLKM.JK
2026-01-30,3328.58203125,3600.0,3740.0,3540.0,3550.0,332372800,TLKM.JK
2026-02-02,3236.12158203125,3500.0,3700.0,3430.0,3670.0,157041400,TLKM.JK
2026-02-03,3189.89111328125,3450.0,3550.0,3420.0,3540.0,155611200,TLKM.JK
2026-02-04,3078.9384765625,3330.0,3440.0,3260.0,3420.0,215692700,TLKM.JK
2026-02-05,3041.9541015625,3290.0,3360.0,3260.0,3350.0,148908600,TLKM.JK
2026-02-06,3125.168701171875,3380.0,3390.0,3270.0,3310.0,137552600,TLKM.JK
2026-02-09,3097.4306640625,3350.0,3430.0,3340.0,3430.0,109053400,TLKM.JK
2026-02-10,3143.660888671875,3400.0,3430.0,3360.0,3380.0,129254100,TLKM.JK
2026-02-11,3263.859619140625,3530.0,3530.0,3420.0,3430.0,151785400,TLKM.JK
2026-02-12,3291.597900390625,3560.0,3560.0,3470.0,3500.0,114656400,TLKM.JK
2026-02-13,3189.89111328125,3450.0,3550.0,3440.0,3540.0,102244000,TLKM.JK
2026-02-18,3226.87548828125,3490.0,3510.0,3460.0,3470.0,82797000,TLKM.JK
2026-02-19,3217.62939453125,3480.0,3500.0,3460.0,3500.0,70690600,TLKM.JK
2026-02-20,3217.62939453125,3480.0,3510.0,3430.0,3490.0,75231500,TLKM.JK
2026-02-23,3282.351806640625,3550.0,3550.0,3480.0,3480.0,59621900,TLKM.JK
2026-02-24,3310.090087890625,3580.0,3600.0,3510.0,3600.0,119024300,TLKM.JK
2026-02-25,3328.58203125,3600.0,3660.0,3580.0,3580.0,66237300,TLKM.JK
2026-02-26,3374.8125,3650.0,3650.0,3510.0,3560.0,111136200,TLKM.JK
2026-02-27,3273.105712890625,3540.0,3630.0,3530.0,3630.0,140862100,TLKM.JK
2026-03-02,3189.89111328125,3450.0,3490.0,3410.0,3440.0,80022100,TLKM.JK
2026-03-03,3189.89111328125,3450.0,3530.0,3440.0,3520.0,125403800,TLKM.JK
2026-03-04,2958.73974609375,3200.0,3450.0,3110.0,3430.0,206478300,TLKM.JK
2026-03-05,3014.216064453125,3260.0,3350.0,3210.0,3300.0,137853600,TLKM.JK
2026-03-06,2949.49365234375,3190.0,3290.0,3180.0,3270.0,84932600,TLKM.JK
2026-03-09,2866.279052734375,3100.0,3160.0,3000.0,3160.0,126776600,TLKM.JK
2026-03-10,2736.834228515625,2960.0,3150.0,2930.0,3120.0,288339600,TLKM.JK
2026-03-11,2773.818359375,3000.0,3020.0,2930.0,3000.0,209073500,TLKM.JK
2026-03-12,2792.310546875,3020.0,3060.0,2980.0,3020.0,100856000,TLKM.JK
2026-03-13,2746.080322265625,2970.0,3050.0,2920.0,3030.0,102546800,TLKM.JK
2026-03-16,2736.834228515625,2960.0,2980.0,2830.0,2970.0,95426400,TLKM.JK
2026-03-17,2820.048828125,3050.0,3050.0,2960.0,3050.0,164842700,TLKM.JK
2026-03-25,3051.2001953125,3300.0,3300.0,3130.0,3140.0,228354400,TLKM.JK
2026-03-26,2931.00146484375,3170.0,3260.0,3130.0,3240.0,130477500,TLKM.JK
2026-03-27,2820.048828125,3050.0,3160.0,3050.0,3150.0,72337500,TLKM.JK
2026-03-30,2810.802734375,3040.0,3110.0,3030.0,3050.0,115529200,TLKM.JK
2026-03-31,2829.294921875,3060.0,3130.0,3040.0,3130.0,95463800,TLKM.JK
2026-04-01,2912.50927734375,3150.0,3150.0,3100.0,3150.0,68303100,TLKM.JK
2026-04-02,2894.017333984375,3130.0,3160.0,3080.0,3150.0,56283200,TLKM.JK
2026-04-06,2921.75537109375,3160.0,3200.0,3100.0,3200.0,37192400,TLKM.JK
2026-04-07,2866.279052734375,3100.0,3160.0,3060.0,3150.0,49528200,TLKM.JK
2026-04-08,2921.75537109375,3160.0,3180.0,3110.0,3150.0,78411200,TLKM.JK
2026-04-09,2949.49365234375,3190.0,3190.0,3120.0,3170.0,58857300,TLKM.JK
2026-04-10,2967.98583984375,3210.0,3220.0,3170.0,3190.0,70335700,TLKM.JK
2026-04-13,2949.49365234375,3190.0,3200.0,3130.0,3130.0,77410000,TLKM.JK
2026-04-14,2884.771240234375,3120.0,3200.0,3110.0,3190.0,92852900,TLKM.JK
2026-04-15,2857.032958984375,3090.0,3150.0,3060.0,3120.0,89181500,TLKM.JK
2026-04-16,2884.771240234375,3120.0,3150.0,3100.0,3100.0,57013000,TLKM.JK
2026-04-17,2866.279052734375,3100.0,3150.0,3080.0,3120.0,96349500,TLKM.JK
2026-04-20,2866.279052734375,3100.0,3160.0,3050.0,3130.0,142308900,TLKM.JK
2026-04-21,2783.064453125,3010.0,3070.0,2980.0,3050.0,137586500,TLKM.JK
2026-04-22,2773.818359375,3000.0,3030.0,2990.0,3010.0,57088500,TLKM.JK
2026-04-23,2662.86572265625,2880.0,3020.0,2880.0,3010.0,164145000,TLKM.JK
2026-04-24,2598.143310546875,2810.0,2940.0,2750.0,2880.0,254588000,TLKM.JK
2026-04-27,2616.635498046875,2830.0,2850.0,2810.0,2850.0,77838700,TLKM.JK
2026-04-28,2607.389404296875,2820.0,2820.0,2750.0,2790.0,146311100,TLKM.JK
2026-04-29,2653.61962890625,2870.0,2880.0,2800.0,2820.0,144598700,TLKM.JK
2026-04-30,2598.143310546875,2810.0,2870.0,2810.0,2860.0,134260800,TLKM.JK
2026-05-04,2672.11181640625,2890.0,2890.0,2840.0,2840.0,81120300,TLKM.JK
2026-05-05,2662.86572265625,2880.0,2940.0,2870.0,2910.0,71127200,TLKM.JK
2026-05-06,2681.35791015625,2900.0,2910.0,2870.0,2890.0,82205900,TLKM.JK
2026-05-07,2709.095947265625,2930.0,2980.0,2920.0,2950.0,102205600,TLKM.JK
2026-05-08,2736.834228515625,2960.0,3000.0,2900.0,2930.0,102107300,TLKM.JK
2026-05-11,2736.834228515625,2960.0,3010.0,2920.0,2990.0,58491000,TLKM.JK
2026-05-12,2727.588134765625,2950.0,3000.0,2860.0,3000.0,91619700,TLKM.JK
2026-05-13,2736.834228515625,2960.0,2970.0,2920.0,2950.0,62623700,TLKM.JK
2026-05-14,2736.834228515625,2960.0,2960.0,2960.0,2960.0,0,TLKM.JK
2026-05-15,2736.834228515625,2960.0,2960.0,2960.0,2960.0,0,TLKM.JK
2026-05-18,2847.786865234375,3080.0,3080.0,2860.0,2910.0,148994300,TLKM.JK
2026-05-19,2847.786865234375,3080.0,3130.0,3030.0,3080.0,147808100,TLKM.JK
2026-05-20,2866.279052734375,3100.0,3190.0,3100.0,3130.0,191400600,TLKM.JK
2026-05-21,2773.818359375,3000.0,3120.0,2950.0,3100.0,141907000,TLKM.JK
2026-05-22,2699.849853515625,2920.0,3010.0,2850.0,3000.0,138085300,TLKM.JK
2026-05-25,2709.095947265625,2930.0,2960.0,2870.0,2880.0,88999600,TLKM.JK
2026-05-26,2857.032958984375,3090.0,3100.0,2940.0,2950.0,136083800,TLKM.JK
2026-05-27,2857.032958984375,3090.0,3090.0,3090.0,3090.0,0,TLKM.JK
2026-05-28,2857.032958984375,3090.0,3090.0,3090.0,3090.0,0,TLKM.JK
2026-05-29,2801.556640625,3030.0,3170.0,2900.0,2900.0,835364400,TLKM.JK
2026-06-02,2727.588134765625,2950.0,3020.0,2910.0,2990.0,242446000,TLKM.JK
2026-06-03,2635.12744140625,2850.0,2950.0,2850.0,2900.0,168085400,TLKM.JK
2026-06-04,2681.35791015625,2900.0,2950.0,2680.0,2900.0,197151900,TLKM.JK
2026-06-05,2551.912841796875,2760.0,2930.0,2760.0,2900.0,105040300,TLKM.JK
2026-06-08,2172.824462890625,2350.0,2650.0,2350.0,2620.0,331947700,TLKM.JK
2026-06-09,2422.468017578125,2620.0,2620.0,2510.0,2510.0,371055600,TLKM.JK
2026-06-10,2598.143310546875,2810.0,2810.0,2500.0,2500.0,391732600,TLKM.JK
2026-06-11,2653.61962890625,2870.0,2970.0,2810.0,2870.0,274793100,TLKM.JK
2026-06-12,2644.37353515625,2860.0,2980.0,2860.0,2910.0,181531900,TLKM.JK
2026-06-15,2709.095947265625,2930.0,2970.0,2890.0,2900.0,156789000,TLKM.JK
2026-06-17,2736.834228515625,2960.0,3030.0,2940.0,2950.0,200799700,TLKM.JK
2026-06-18,2780.0,2780.0,2800.0,2670.0,2800.0,210813900,TLKM.JK
2026-06-19,2580.0,2580.0,2710.0,2580.0,2700.0,374544500,TLKM.JK
2026-06-22,2510.0,2510.0,2590.0,2500.0,2580.0,194270900,TLKM.JK
2026-06-23,2540.0,2540.0,2610.0,2500.0,2500.0,173184800,TLKM.JK
2026-06-24,2500.0,2500.0,2590.0,2480.0,2570.0,173348900,TLKM.JK
2026-06-25,2500.0,2500.0,2540.0,2500.0,2530.0,94937900,TLKM.JK
2026-06-26,2480.0,2480.0,2480.0,2370.0,2420.0,220918000,TLKM.JK
2026-06-29,2410.0,2410.0,2470.0,2410.0,2470.0,124858100,TLKM.JK
2026-06-30,2350.0,2350.0,2400.0,2350.0,2390.0,318664200,TLKM.JK
2026-07-01,2440.0,2440.0,2450.0,2350.0,2380.0,111997100,TLKM.JK
2026-07-02,2450.0,2450.0,2490.0,2420.0,2470.0,112046100,TLKM.JK
2026-07-03,2520.0,2520.0,2540.0,2470.0,2480.0,83587600,TLKM.JK
2026-07-06,2480.0,2480.0,2530.0,2470.0,2520.0,48614200,TLKM.JK
2026-07-07,2480.0,2480.0,2480.0,2420.0,2460.0,119404100,TLKM.JK
2026-07-08,2510.0,2510.0,2540.0,2470.0,2480.0,98228500,TLKM.JK
2026-07-09,2510.0,2510.0,2510.0,2450.0,2500.0,68742100,TLKM.JK
2026-07-10,2480.0,2480.0,2500.0,2440.0,2480.0,129033800,TLKM.JK
2026-07-13,2510.0,2510.0,2520.0,2460.0,2480.0,80358400,TLKM.JK
2026-07-14,2560.0,2560.0,2600.0,2490.0,2500.0,118565500,TLKM.JK
2026-07-15,2520.0,2520.0,2570.0,2490.0,2560.0,142706600,TLKM.JK
2026-07-16,2530.0,2530.0,2560.0,2510.0,2520.0,56858100,TLKM.JK
2026-07-17,2660.0,2660.0,2670.0,2540.0,2550.0,143963900,TLKM.JK
2026-07-20,2710.0,2710.0,2750.0,2660.0,2670.0,146905500,TLKM.JK
2026-07-21,2750.0,2750.0,2770.0,2700.0,2770.0,140279600,TLKM.JK
2026-07-22,2700.0,2700.0,2730.0,2670.0,2730.0,122114100,TLKM.JK
2026-07-23,2650.0,2650.0,2710.0,2650.0,2710.0,91296700,TLKM.JK
2026-07-24,2630.0,2630.0,2630.0,2580.0,2600.0,92442500,TLKM.JK
2026-07-27,2590.0,2590.0,2670.0,2560.0,2670.0,60467000,TLKM.JK
2026-07-28,2560.0,2560.0,2620.0,2560.0,2580.0,69694800,TLKM.JK
2026-07-29,2560.0,2560.0,2610.0,2540.0,2560.0,76414900,TLKM.JK
2026-07-30,2670.0,2670.0,2670.0,2590.0,2600.0,103302600,TLKM.JK
2026-07-31,2630.0,2630.0,2680.0,2600.0,2670.0,91987400,TLKM.JK
2026-08-03,2740.0,2740.0,2740.0,2600.0,2600.0,112278700,TLKM.JK
2026-08-04,2790.0,2790.0,2790.0,2710.0,2740.0,90753600,TLKM.JK
2026-08-05,2710.0,2710.0,2780.0,2700.0,2780.0,109494500,TLKM.JK
2026-08-06,2650.0,2650.0,2720.0,2650.0,2710.0,138223900,TLKM.JK
2026-08-07,2710.0,2710.0,2720.0,2650.0,2650.0,66412400,TLKM.JK
2026-08-10,2620.0,2620.0,2730.0,2620.0,2720.0,93974000,TLKM.JK
2026-08-11,2610.0,2610.0,2650.0,2570.0,2640.0,84124100,TLKM.JK
2026-08-12,2590.0,2590.0,2620.0,2570.0,2610.0,120373100,TLKM.JK
2026-08-13,2590.0,2590.0,2610.0,2570.0,2600.0,76115000,TLKM.JK
2026-08-14,2620.0,2620.0,2630.0,2590.0,2600.0,80799200,TLKM.JK
2026-08-18,2600.0,2600.0,2640.0,2600.0,2640.0,80089000,TLKM.JK
2026-08-19,2600.0,2600.0,2610.0,2580.0,2600.0,45580300,TLKM.JK
2026-08-20,2610.0,2610.0,2620.0,2590.0,2610.0,86747700,TLKM.JK
2026-08-21,2610.0,2610.0,2640.0,2610.0,2610.0,72276500,TLKM.JK
2026-08-24,2620.0,2620.0,2640.0,2600.0,2620.0,46321100,TLKM.JK
2026-08-26,2600.0,2600.0,2630.0,2590.0,2630.0,82579200,TLKM.JK
2026-08-27,2610.0,2610.0,2610.0,2550.0,2590.0,115845900,TLKM.JK
2026-08-28,2570.0,2570.0,2620.0,2570.0,2620.0,78958600,TLKM.JK
2026-08-31,2600.0,2600.0,2600.0,2560.0,2570.0,204591800,TLKM.JK
2026-09-01,2610.0,2610.0,2630.0,2590.0,2600.0,82430900,TLKM.JK
